"Species","Model","Route","Point","CrI_lower","CrI_upper","PI_lower","PI_upper","Status"
"Erpetoichthys_calabaricus","Null","binary",0.759547631181627,0.690941000514944,0.82386621547085,NA,NA,"supported"
"Polypterus_senegalus","Null","binary",0.759547631181627,0.690941000514944,0.82386621547085,NA,NA,"supported"
"Acipenser_oxyrinchus","Null","binary",0.759547631181627,0.690941000514944,0.82386621547085,NA,NA,"supported"
"Acipenser_ruthenus","Null","binary",0.759547631181627,0.690941000514944,0.82386621547085,NA,NA,"supported"
"Acipenser_sinensis","Null","binary",0.759547631181627,0.690941000514944,0.82386621547085,NA,NA,"supported"
"Huso_huso","Null","binary",0.759547631181627,0.690941000514944,0.82386621547085,NA,NA,"supported"
"Polyodon_spathula","Null","binary",0.759547631181627,0.690941000514944,0.82386621547085,NA,NA,"supported"
"Amia_ocellicauda","Null","binary",0.759547631181627,0.690941000514944,0.82386621547085,NA,NA,"supported"
"Atractosteus_spatula","Null","binary",0.759547631181627,0.690941000514944,0.82386621547085,NA,NA,"supported"
"Lepisosteus_oculatus","Null","binary",0.759547631181627,0.690941000514944,0.82386621547085,NA,NA,"supported"
"Megalops_atlanticus","Null","binary",0.759547631181627,0.690941000514944,0.82386621547085,NA,NA,"supported"
"Megalops_cyprinoides","Null","binary",0.759547631181627,0.690941000514944,0.82386621547085,NA,NA,"supported"
"Albula_glossodonta","Null","binary",0.759547631181627,0.690941000514944,0.82386621547085,NA,NA,"supported"
"Albula_goreensis","Null","binary",0.759547631181627,0.690941000514944,0.82386621547085,NA,NA,"supported"
"Aldrovandia_affinis","Null","binary",0.759547631181627,0.690941000514944,0.82386621547085,NA,NA,"supported"
"Anguilla_anguilla","Null","binary",0.759547631181627,0.690941000514944,0.82386621547085,NA,NA,"supported"
"Anguilla_japonica","Null","binary",0.759547631181627,0.690941000514944,0.82386621547085,NA,NA,"supported"
"Anguilla_rostrata","Null","binary",0.759547631181627,0.690941000514944,0.82386621547085,NA,NA,"supported"
"Conger_conger","Null","binary",0.759547631181627,0.690941000514944,0.82386621547085,NA,NA,"supported"
"Gymnothorax_javanicus","Null","binary",0.759547631181627,0.690941000514944,0.82386621547085,NA,NA,"supported"
"Synaphobranchus_kaupii","Null","binary",0.759547631181627,0.690941000514944,0.82386621547085,NA,NA,"supported"
"Arapaima_gigas","Null","binary",0.759547631181627,0.690941000514944,0.82386621547085,NA,NA,"supported"
"Brienomyrus_brachyistius","Null","binary",0.759547631181627,0.690941000514944,0.82386621547085,NA,NA,"supported"
"Paramormyrops_kingsleyae","Null","binary",0.759547631181627,0.690941000514944,0.82386621547085,NA,NA,"supported"
"Scleropages_formosus","Null","binary",0.759547631181627,0.690941000514944,0.82386621547085,NA,NA,"supported"
"Hiodon_alosoides","Null","binary",0.759547631181627,0.690941000514944,0.82386621547085,NA,NA,"supported"
"Alosa_alosa","Null","binary",0.759547631181627,0.690941000514944,0.82386621547085,NA,NA,"supported"
"Alosa_pseudoharengus","Null","binary",0.759547631181627,0.690941000514944,0.82386621547085,NA,NA,"supported"
"Alosa_sapidissima","Null","binary",0.759547631181627,0.690941000514944,0.82386621547085,NA,NA,"supported"
"Sardina_pilchardus","Null","binary",0.759547631181627,0.690941000514944,0.82386621547085,NA,NA,"supported"
"Clupea_harengus","Null","binary",0.759547631181627,0.690941000514944,0.82386621547085,NA,NA,"supported"
"Sprattus_sprattus","Null","binary",0.759547631181627,0.690941000514944,0.82386621547085,NA,NA,"supported"
"Denticeps_clupeoides","Null","binary",0.759547631181627,0.690941000514944,0.82386621547085,NA,NA,"supported"
"Coilia_grayii","Null","binary",0.759547631181627,0.690941000514944,0.82386621547085,NA,NA,"supported"
"Coilia_mystus","Null","binary",0.759547631181627,0.690941000514944,0.82386621547085,NA,NA,"supported"
"Engraulis_encrasicolus","Null","binary",0.759547631181627,0.690941000514944,0.82386621547085,NA,NA,"supported"
"Chanos_chanos","Null","binary",0.759547631181627,0.690941000514944,0.82386621547085,NA,NA,"supported"
"Myxocyprinus_asiaticus","Null","binary",0.759547631181627,0.690941000514944,0.82386621547085,NA,NA,"supported"
"Xyrauchen_texanus","Null","binary",0.759547631181627,0.690941000514944,0.82386621547085,NA,NA,"supported"
"Misgurnus_anguillicaudatus","Null","binary",0.759547631181627,0.690941000514944,0.82386621547085,NA,NA,"supported"
"Paramisgurnus_dabryanus","Null","binary",0.759547631181627,0.690941000514944,0.82386621547085,NA,NA,"supported"
"Abramis_brama","Null","binary",0.759547631181627,0.690941000514944,0.82386621547085,NA,NA,"supported"
"Barbus_barbus","Null","binary",0.759547631181627,0.690941000514944,0.82386621547085,NA,NA,"supported"
"Carassius_auratus","Null","binary",0.759547631181627,0.690941000514944,0.82386621547085,NA,NA,"supported"
"Carassius_carassius","Null","binary",0.759547631181627,0.690941000514944,0.82386621547085,NA,NA,"supported"
"Carassius_gibelio","Null","binary",0.759547631181627,0.690941000514944,0.82386621547085,NA,NA,"supported"
"Chanodichthys_erythropterus","Null","binary",0.759547631181627,0.690941000514944,0.82386621547085,NA,NA,"supported"
"Cirrhinus_molitorella","Null","binary",0.759547631181627,0.690941000514944,0.82386621547085,NA,NA,"supported"
"Ctenopharyngodon_idella","Null","binary",0.759547631181627,0.690941000514944,0.82386621547085,NA,NA,"supported"
"Culter_alburnus","Null","binary",0.759547631181627,0.690941000514944,0.82386621547085,NA,NA,"supported"
"Cyprinella_venusta","Null","binary",0.759547631181627,0.690941000514944,0.82386621547085,NA,NA,"supported"
"Cyprinus_carpio","Null","binary",0.759547631181627,0.690941000514944,0.82386621547085,NA,NA,"supported"
"Danio_aesculapii","Null","binary",0.759547631181627,0.690941000514944,0.82386621547085,NA,NA,"supported"
"Danio_rerio","Null","binary",0.759547631181627,0.690941000514944,0.82386621547085,NA,NA,"supported"
"Garra_rufa","Null","binary",0.759547631181627,0.690941000514944,0.82386621547085,NA,NA,"supported"
"Hemiculter_leucisculus","Null","binary",0.759547631181627,0.690941000514944,0.82386621547085,NA,NA,"supported"
"Labeo_rohita","Null","binary",0.759547631181627,0.690941000514944,0.82386621547085,NA,NA,"supported"
"Leuciscus_chuanchicus","Null","binary",0.759547631181627,0.690941000514944,0.82386621547085,NA,NA,"supported"
"Leuciscus_leuciscus","Null","binary",0.759547631181627,0.690941000514944,0.82386621547085,NA,NA,"supported"
"Leuciscus_waleckii","Null","binary",0.759547631181627,0.690941000514944,0.82386621547085,NA,NA,"supported"
"Megalobrama_amblycephala","Null","binary",0.759547631181627,0.690941000514944,0.82386621547085,NA,NA,"supported"
"Mylopharyngodon_piceus","Null","binary",0.759547631181627,0.690941000514944,0.82386621547085,NA,NA,"supported"
"Onychostoma_macrolepis","Null","binary",0.759547631181627,0.690941000514944,0.82386621547085,NA,NA,"supported"
"Phoxinus_phoxinus","Null","binary",0.759547631181627,0.690941000514944,0.82386621547085,NA,NA,"supported"
"Pimephales_promelas","Null","binary",0.759547631181627,0.690941000514944,0.82386621547085,NA,NA,"supported"
"Pseudorasbora_parva","Null","binary",0.759547631181627,0.690941000514944,0.82386621547085,NA,NA,"supported"
"Puntigrus_tetrazona","Null","binary",0.759547631181627,0.690941000514944,0.82386621547085,NA,NA,"supported"
"Rutilus_rutilus","Null","binary",0.759547631181627,0.690941000514944,0.82386621547085,NA,NA,"supported"
"Scardinius_erythrophthalmus","Null","binary",0.759547631181627,0.690941000514944,0.82386621547085,NA,NA,"supported"
"Sinocyclocheilus_anshuiensis","Null","binary",0.759547631181627,0.690941000514944,0.82386621547085,NA,NA,"supported"
"Sinocyclocheilus_grahami","Null","binary",0.759547631181627,0.690941000514944,0.82386621547085,NA,NA,"supported"
"Sinocyclocheilus_rhinocerous","Null","binary",0.759547631181627,0.690941000514944,0.82386621547085,NA,NA,"supported"
"Siphateles_boraxobius","Null","binary",0.759547631181627,0.690941000514944,0.82386621547085,NA,NA,"supported"
"Squalius_cephalus","Null","binary",0.759547631181627,0.690941000514944,0.82386621547085,NA,NA,"supported"
"Gobio_gobio","Null","binary",0.759547631181627,0.690941000514944,0.82386621547085,NA,NA,"supported"
"Rhinichthys_klamathensis","Null","binary",0.759547631181627,0.690941000514944,0.82386621547085,NA,NA,"supported"
"Barbatula_barbatula","Null","binary",0.759547631181627,0.690941000514944,0.82386621547085,NA,NA,"supported"
"Triplophysa_dalaica","Null","binary",0.759547631181627,0.690941000514944,0.82386621547085,NA,NA,"supported"
"Triplophysa_rosa","Null","binary",0.759547631181627,0.690941000514944,0.82386621547085,NA,NA,"supported"
"Astyanax_lacustris","Null","binary",0.759547631181627,0.690941000514944,0.82386621547085,NA,NA,"supported"
"Astyanax_mexicanus","Null","binary",0.759547631181627,0.690941000514944,0.82386621547085,NA,NA,"supported"
"Salminus_brasiliensis","Null","binary",0.759547631181627,0.690941000514944,0.82386621547085,NA,NA,"supported"
"Hoplias_malabaricus","Null","binary",0.759547631181627,0.690941000514944,0.82386621547085,NA,NA,"supported"
"Prochilodus_magdalenae","Null","binary",0.759547631181627,0.690941000514944,0.82386621547085,NA,NA,"supported"
"Acnodon_oligacanthus","Null","binary",0.759547631181627,0.690941000514944,0.82386621547085,NA,NA,"supported"
"Colossoma_macropomum","Null","binary",0.759547631181627,0.690941000514944,0.82386621547085,NA,NA,"supported"
"Metynnis_hypsauchen","Null","binary",0.759547631181627,0.690941000514944,0.82386621547085,NA,NA,"supported"
"Pygocentrus_nattereri","Null","binary",0.759547631181627,0.690941000514944,0.82386621547085,NA,NA,"supported"
"Serrasalmus_rhombeus","Null","binary",0.759547631181627,0.690941000514944,0.82386621547085,NA,NA,"supported"
"Electrophorus_electricus","Null","binary",0.759547631181627,0.690941000514944,0.82386621547085,NA,NA,"supported"
"Electrophorus_voltai","Null","binary",0.759547631181627,0.690941000514944,0.82386621547085,NA,NA,"supported"
"Brachyhypopomus_gauderio","Null","binary",0.759547631181627,0.690941000514944,0.82386621547085,NA,NA,"supported"
"Neoarius_graeffei","Null","binary",0.759547631181627,0.690941000514944,0.82386621547085,NA,NA,"supported"
"Hemibagrus_guttatus","Null","binary",0.759547631181627,0.690941000514944,0.82386621547085,NA,NA,"supported"
"Hemibagrus_wyckioides","Null","binary",0.759547631181627,0.690941000514944,0.82386621547085,NA,NA,"supported"
"Tachysurus_fulvidraco","Null","binary",0.759547631181627,0.690941000514944,0.82386621547085,NA,NA,"supported"
"Tachysurus_vachellii","Null","binary",0.759547631181627,0.690941000514944,0.82386621547085,NA,NA,"supported"
"Clarias_gariepinus","Null","binary",0.759547631181627,0.690941000514944,0.82386621547085,NA,NA,"supported"
"Clarias_magur","Null","binary",0.759547631181627,0.690941000514944,0.82386621547085,NA,NA,"supported"
"Ictalurus_furcatus","Null","binary",0.759547631181627,0.690941000514944,0.82386621547085,NA,NA,"supported"
"Ictalurus_punctatus","Null","binary",0.759547631181627,0.690941000514944,0.82386621547085,NA,NA,"supported"
"Pangasianodon_gigas","Null","binary",0.759547631181627,0.690941000514944,0.82386621547085,NA,NA,"supported"
"Pangasianodon_hypophthalmus","Null","binary",0.759547631181627,0.690941000514944,0.82386621547085,NA,NA,"supported"
"Silurus_aristotelis","Null","binary",0.759547631181627,0.690941000514944,0.82386621547085,NA,NA,"supported"
"Silurus_asotus","Null","binary",0.759547631181627,0.690941000514944,0.82386621547085,NA,NA,"supported"
"Silurus_meridionalis","Null","binary",0.759547631181627,0.690941000514944,0.82386621547085,NA,NA,"supported"
"Trichomycterus_rosablanca","Null","binary",0.759547631181627,0.690941000514944,0.82386621547085,NA,NA,"supported"
"Nansenia_antarctica","Null","binary",0.759547631181627,0.690941000514944,0.82386621547085,NA,NA,"supported"
"Galaxias_brevipinnis","Null","binary",0.759547631181627,0.690941000514944,0.82386621547085,NA,NA,"supported"
"Coregonus_albula","Null","binary",0.759547631181627,0.690941000514944,0.82386621547085,NA,NA,"supported"
"Coregonus_clupeaformis","Null","binary",0.759547631181627,0.690941000514944,0.82386621547085,NA,NA,"supported"
"Coregonus_lavaretus","Null","binary",0.759547631181627,0.690941000514944,0.82386621547085,NA,NA,"supported"
"Coregonus_suidteri","Null","binary",0.759547631181627,0.690941000514944,0.82386621547085,NA,NA,"supported"
"Oncorhynchus_clarkii","Null","binary",0.759547631181627,0.690941000514944,0.82386621547085,NA,NA,"supported"
"Oncorhynchus_gorbuscha","Null","binary",0.759547631181627,0.690941000514944,0.82386621547085,NA,NA,"supported"
"Oncorhynchus_keta","Null","binary",0.759547631181627,0.690941000514944,0.82386621547085,NA,NA,"supported"
"Oncorhynchus_kisutch","Null","binary",0.759547631181627,0.690941000514944,0.82386621547085,NA,NA,"supported"
"Oncorhynchus_masou","Null","binary",0.759547631181627,0.690941000514944,0.82386621547085,NA,NA,"supported"
"Oncorhynchus_mykiss","Null","binary",0.759547631181627,0.690941000514944,0.82386621547085,NA,NA,"supported"
"Oncorhynchus_nerka","Null","binary",0.759547631181627,0.690941000514944,0.82386621547085,NA,NA,"supported"
"Oncorhynchus_tshawytscha","Null","binary",0.759547631181627,0.690941000514944,0.82386621547085,NA,NA,"supported"
"Salmo_salar","Null","binary",0.759547631181627,0.690941000514944,0.82386621547085,NA,NA,"supported"
"Salmo_trutta","Null","binary",0.759547631181627,0.690941000514944,0.82386621547085,NA,NA,"supported"
"Salvelinus_alpinus","Null","binary",0.759547631181627,0.690941000514944,0.82386621547085,NA,NA,"supported"
"Salvelinus_fontinalis","Null","binary",0.759547631181627,0.690941000514944,0.82386621547085,NA,NA,"supported"
"Salvelinus_namaycush","Null","binary",0.759547631181627,0.690941000514944,0.82386621547085,NA,NA,"supported"
"Dallia_pectoralis","Null","binary",0.759547631181627,0.690941000514944,0.82386621547085,NA,NA,"supported"
"Esox_lucius","Null","binary",0.759547631181627,0.690941000514944,0.82386621547085,NA,NA,"supported"
"Umbra_pygmaea","Null","binary",0.759547631181627,0.690941000514944,0.82386621547085,NA,NA,"supported"
"Hypomesus_nipponensis","Null","binary",0.759547631181627,0.690941000514944,0.82386621547085,NA,NA,"supported"
"Hypomesus_transpacificus","Null","binary",0.759547631181627,0.690941000514944,0.82386621547085,NA,NA,"supported"
"Osmerus_eperlanus","Null","binary",0.759547631181627,0.690941000514944,0.82386621547085,NA,NA,"supported"
"Osmerus_mordax","Null","binary",0.759547631181627,0.690941000514944,0.82386621547085,NA,NA,"supported"
"Benthosema_glaciale","Null","binary",0.759547631181627,0.690941000514944,0.82386621547085,NA,NA,"supported"
"Electrona_antarctica","Null","binary",0.759547631181627,0.690941000514944,0.82386621547085,NA,NA,"supported"
"Gymnoscopelus_braueri","Null","binary",0.759547631181627,0.690941000514944,0.82386621547085,NA,NA,"supported"
"Gymnoscopelus_microlampas","Null","binary",0.759547631181627,0.690941000514944,0.82386621547085,NA,NA,"supported"
"Nannobrachium_achirus","Null","binary",0.759547631181627,0.690941000514944,0.82386621547085,NA,NA,"supported"
"Protomyctophum_bolini","Null","binary",0.759547631181627,0.690941000514944,0.82386621547085,NA,NA,"supported"
"Protomyctophum_parallelum","Null","binary",0.759547631181627,0.690941000514944,0.82386621547085,NA,NA,"supported"
"Polymixia_hollisterae","Null","binary",0.759547631181627,0.690941000514944,0.82386621547085,NA,NA,"supported"
"Polymixia_lowei","Null","binary",0.759547631181627,0.690941000514944,0.82386621547085,NA,NA,"supported"
"Centroberyx_affinis","Null","binary",0.759547631181627,0.690941000514944,0.82386621547085,NA,NA,"supported"
"Centroberyx_gerrardi","Null","binary",0.759547631181627,0.690941000514944,0.82386621547085,NA,NA,"supported"
"Poromitra_crassiceps","Null","binary",0.759547631181627,0.690941000514944,0.82386621547085,NA,NA,"supported"
"Myripristis_murdjan","Null","binary",0.759547631181627,0.690941000514944,0.82386621547085,NA,NA,"supported"
"Lucifuga_dentata","Null","binary",0.759547631181627,0.690941000514944,0.82386621547085,NA,NA,"supported"
"Genypterus_blacodes","Null","binary",0.759547631181627,0.690941000514944,0.82386621547085,NA,NA,"supported"
"Arripis_georgiana","Null","binary",0.759547631181627,0.690941000514944,0.82386621547085,NA,NA,"supported"
"Katsuwonus_pelamis","Null","binary",0.759547631181627,0.690941000514944,0.82386621547085,NA,NA,"supported"
"Sarda_sarda","Null","binary",0.759547631181627,0.690941000514944,0.82386621547085,NA,NA,"supported"
"Scomber_japonicus","Null","binary",0.759547631181627,0.690941000514944,0.82386621547085,NA,NA,"supported"
"Scomber_scombrus","Null","binary",0.759547631181627,0.690941000514944,0.82386621547085,NA,NA,"supported"
"Thunnus_alalunga","Null","binary",0.759547631181627,0.690941000514944,0.82386621547085,NA,NA,"supported"
"Thunnus_albacares","Null","binary",0.759547631181627,0.690941000514944,0.82386621547085,NA,NA,"supported"
"Thunnus_atlanticus","Null","binary",0.759547631181627,0.690941000514944,0.82386621547085,NA,NA,"supported"
"Thunnus_maccoyii","Null","binary",0.759547631181627,0.690941000514944,0.82386621547085,NA,NA,"supported"
"Thunnus_obesus","Null","binary",0.759547631181627,0.690941000514944,0.82386621547085,NA,NA,"supported"
"Thunnus_orientalis","Null","binary",0.759547631181627,0.690941000514944,0.82386621547085,NA,NA,"supported"
"Thunnus_thynnus","Null","binary",0.759547631181627,0.690941000514944,0.82386621547085,NA,NA,"supported"
"Thunnus_tonggol","Null","binary",0.759547631181627,0.690941000514944,0.82386621547085,NA,NA,"supported"
"Pampus_argenteus","Null","binary",0.759547631181627,0.690941000514944,0.82386621547085,NA,NA,"supported"
"Pampus_punctatissimus","Null","binary",0.759547631181627,0.690941000514944,0.82386621547085,NA,NA,"supported"
"Aulostomus_chinensis","Null","binary",0.759547631181627,0.690941000514944,0.82386621547085,NA,NA,"supported"
"Fistularia_commersonii","Null","binary",0.759547631181627,0.690941000514944,0.82386621547085,NA,NA,"supported"
"Pterapogon_kauderni","Null","binary",0.759547631181627,0.690941000514944,0.82386621547085,NA,NA,"supported"
"Sphaeramia_orbicularis","Null","binary",0.759547631181627,0.690941000514944,0.82386621547085,NA,NA,"supported"
"Oxyeleotris_marmorata","Null","binary",0.759547631181627,0.690941000514944,0.82386621547085,NA,NA,"supported"
"Boleophthalmus_pectinirostris","Null","binary",0.759547631181627,0.690941000514944,0.82386621547085,NA,NA,"supported"
"Eucyclogobius_newberryi","Null","binary",0.759547631181627,0.690941000514944,0.82386621547085,NA,NA,"supported"
"Gobius_niger","Null","binary",0.759547631181627,0.690941000514944,0.82386621547085,NA,NA,"supported"
"Knipowitschia_caucasica","Null","binary",0.759547631181627,0.690941000514944,0.82386621547085,NA,NA,"supported"
"Mugilogobius_chulae","Null","binary",0.759547631181627,0.690941000514944,0.82386621547085,NA,NA,"supported"
"Periophthalmus_magnuspinnatus","Null","binary",0.759547631181627,0.690941000514944,0.82386621547085,NA,NA,"supported"
"Mastacembelus_armatus","Null","binary",0.759547631181627,0.690941000514944,0.82386621547085,NA,NA,"supported"
"Monopterus_albus","Null","binary",0.759547631181627,0.690941000514944,0.82386621547085,NA,NA,"supported"
"Anabas_testudineus","Null","binary",0.759547631181627,0.690941000514944,0.82386621547085,NA,NA,"supported"
"Channa_argus","Null","binary",0.759547631181627,0.690941000514944,0.82386621547085,NA,NA,"supported"
"Channa_striata","Null","binary",0.759547631181627,0.690941000514944,0.82386621547085,NA,NA,"supported"
"Betta_splendens","Null","binary",0.759547631181627,0.690941000514944,0.82386621547085,NA,NA,"supported"
"Trichopodus_trichopterus","Null","binary",0.759547631181627,0.690941000514944,0.82386621547085,NA,NA,"supported"
"Lates_calcarifer","Null","binary",0.759547631181627,0.690941000514944,0.82386621547085,NA,NA,"supported"
"Lates_japonicus","Null","binary",0.759547631181627,0.690941000514944,0.82386621547085,NA,NA,"supported"
"Eleutheronema_tetradactylum","Null","binary",0.759547631181627,0.690941000514944,0.82386621547085,NA,NA,"supported"
"Toxotes_jaculatrix","Null","binary",0.759547631181627,0.690941000514944,0.82386621547085,NA,NA,"supported"
"Xiphias_gladius","Null","binary",0.759547631181627,0.690941000514944,0.82386621547085,NA,NA,"supported"
"Caranx_melampygus","Null","binary",0.759547631181627,0.690941000514944,0.82386621547085,NA,NA,"supported"
"Seriola_dumerili","Null","binary",0.759547631181627,0.690941000514944,0.82386621547085,NA,NA,"supported"
"Seriola_lalandi","Null","binary",0.759547631181627,0.690941000514944,0.82386621547085,NA,NA,"supported"
"Trachinotus_anak","Null","binary",0.759547631181627,0.690941000514944,0.82386621547085,NA,NA,"supported"
"Trachurus_japonicus","Null","binary",0.759547631181627,0.690941000514944,0.82386621547085,NA,NA,"supported"
"Trachurus_trachurus","Null","binary",0.759547631181627,0.690941000514944,0.82386621547085,NA,NA,"supported"
"Echeneis_naucrates","Null","binary",0.759547631181627,0.690941000514944,0.82386621547085,NA,NA,"supported"
"Paralichthys_olivaceus","Null","binary",0.759547631181627,0.690941000514944,0.82386621547085,NA,NA,"supported"
"Hippoglossus_hippoglossus","Null","binary",0.759547631181627,0.690941000514944,0.82386621547085,NA,NA,"supported"
"Hippoglossus_stenolepis","Null","binary",0.759547631181627,0.690941000514944,0.82386621547085,NA,NA,"supported"
"Limanda_limanda","Null","binary",0.759547631181627,0.690941000514944,0.82386621547085,NA,NA,"supported"
"Platichthys_flesus","Null","binary",0.759547631181627,0.690941000514944,0.82386621547085,NA,NA,"supported"
"Platichthys_stellatus","Null","binary",0.759547631181627,0.690941000514944,0.82386621547085,NA,NA,"supported"
"Pleuronectes_platessa","Null","binary",0.759547631181627,0.690941000514944,0.82386621547085,NA,NA,"supported"
"Scophthalmus_maximus","Null","binary",0.759547631181627,0.690941000514944,0.82386621547085,NA,NA,"supported"
"Microchirus_variegatus","Null","binary",0.759547631181627,0.690941000514944,0.82386621547085,NA,NA,"supported"
"Solea_senegalensis","Null","binary",0.759547631181627,0.690941000514944,0.82386621547085,NA,NA,"supported"
"Solea_solea","Null","binary",0.759547631181627,0.690941000514944,0.82386621547085,NA,NA,"supported"
"Parambassis_ranga","Null","binary",0.759547631181627,0.690941000514944,0.82386621547085,NA,NA,"supported"
"Brachyistius_frenatus","Null","binary",0.759547631181627,0.690941000514944,0.82386621547085,NA,NA,"supported"
"Embiotoca_jacksoni","Null","binary",0.759547631181627,0.690941000514944,0.82386621547085,NA,NA,"supported"
"Acanthochromis_polyacanthus","Null","binary",0.759547631181627,0.690941000514944,0.82386621547085,NA,NA,"supported"
"Amphiprion_ocellaris","Null","binary",0.759547631181627,0.690941000514944,0.82386621547085,NA,NA,"supported"
"Stegastes_partitus","Null","binary",0.759547631181627,0.690941000514944,0.82386621547085,NA,NA,"supported"
"Andinoacara_rivulatus","Null","binary",0.759547631181627,0.690941000514944,0.82386621547085,NA,NA,"supported"
"Archocentrus_centrarchus","Null","binary",0.759547631181627,0.690941000514944,0.82386621547085,NA,NA,"supported"
"Astatotilapia_burtoni","Null","binary",0.759547631181627,0.690941000514944,0.82386621547085,NA,NA,"supported"
"Astatotilapia_calliptera","Null","binary",0.759547631181627,0.690941000514944,0.82386621547085,NA,NA,"supported"
"Astronotus_ocellatus","Null","binary",0.759547631181627,0.690941000514944,0.82386621547085,NA,NA,"supported"
"Aulonocara_stuartgranti","Null","binary",0.759547631181627,0.690941000514944,0.82386621547085,NA,NA,"supported"
"Copadichromis_virginalis","Null","binary",0.759547631181627,0.690941000514944,0.82386621547085,NA,NA,"supported"
"Diplotaxodon_limnothrissa","Null","binary",0.759547631181627,0.690941000514944,0.82386621547085,NA,NA,"supported"
"Haplochromis_nyererei","Null","binary",0.759547631181627,0.690941000514944,0.82386621547085,NA,NA,"supported"
"Maylandia_zebra","Null","binary",0.759547631181627,0.690941000514944,0.82386621547085,NA,NA,"supported"
"Mchenga_conophoros","Null","binary",0.759547631181627,0.690941000514944,0.82386621547085,NA,NA,"supported"
"Neolamprologus_brichardi","Null","binary",0.759547631181627,0.690941000514944,0.82386621547085,NA,NA,"supported"
"Neolamprologus_multifasciatus","Null","binary",0.759547631181627,0.690941000514944,0.82386621547085,NA,NA,"supported"
"Oreochromis_aureus","Null","binary",0.759547631181627,0.690941000514944,0.82386621547085,NA,NA,"supported"
"Oreochromis_niloticus","Null","binary",0.759547631181627,0.690941000514944,0.82386621547085,NA,NA,"supported"
"Pelmatolapia_mariae","Null","binary",0.759547631181627,0.690941000514944,0.82386621547085,NA,NA,"supported"
"Perissodus_microlepis","Null","binary",0.759547631181627,0.690941000514944,0.82386621547085,NA,NA,"supported"
"Pterophyllum_scalare","Null","binary",0.759547631181627,0.690941000514944,0.82386621547085,NA,NA,"supported"
"Rhamphochromis_longiceps","Null","binary",0.759547631181627,0.690941000514944,0.82386621547085,NA,NA,"supported"
"Sarotherodon_galilaeus","Null","binary",0.759547631181627,0.690941000514944,0.82386621547085,NA,NA,"supported"
"Simochromis_diagramma","Null","binary",0.759547631181627,0.690941000514944,0.82386621547085,NA,NA,"supported"
"Leuresthes_tenuis","Null","binary",0.759547631181627,0.690941000514944,0.82386621547085,NA,NA,"supported"
"Menidia_menidia","Null","binary",0.759547631181627,0.690941000514944,0.82386621547085,NA,NA,"supported"
"Odontesthes_bonariensis","Null","binary",0.759547631181627,0.690941000514944,0.82386621547085,NA,NA,"supported"
"Melanotaenia_boesemani","Null","binary",0.759547631181627,0.690941000514944,0.82386621547085,NA,NA,"supported"
"Telmatherina_bonti","Null","binary",0.759547631181627,0.690941000514944,0.82386621547085,NA,NA,"supported"
"Oryzias_javanicus","Null","binary",0.759547631181627,0.690941000514944,0.82386621547085,NA,NA,"supported"
"Oryzias_latipes","Null","binary",0.759547631181627,0.690941000514944,0.82386621547085,NA,NA,"supported"
"Oryzias_melastigma","Null","binary",0.759547631181627,0.690941000514944,0.82386621547085,NA,NA,"supported"
"Xenentodon_cancila","Null","binary",0.759547631181627,0.690941000514944,0.82386621547085,NA,NA,"supported"
"Cololabis_saira","Null","binary",0.759547631181627,0.690941000514944,0.82386621547085,NA,NA,"supported"
"Anableps_anableps","Null","binary",0.759547631181627,0.690941000514944,0.82386621547085,NA,NA,"supported"
"Cyprinodon_tularosa","Null","binary",0.759547631181627,0.690941000514944,0.82386621547085,NA,NA,"supported"
"Cyprinodon_variegatus","Null","binary",0.759547631181627,0.690941000514944,0.82386621547085,NA,NA,"supported"
"Fundulus_diaphanus","Null","binary",0.759547631181627,0.690941000514944,0.82386621547085,NA,NA,"supported"
"Fundulus_heteroclitus","Null","binary",0.759547631181627,0.690941000514944,0.82386621547085,NA,NA,"supported"
"Ameca_splendens","Null","binary",0.759547631181627,0.690941000514944,0.82386621547085,NA,NA,"supported"
"Crenichthys_baileyi","Null","binary",0.759547631181627,0.690941000514944,0.82386621547085,NA,NA,"supported"
"Girardinichthys_multiradiatus","Null","binary",0.759547631181627,0.690941000514944,0.82386621547085,NA,NA,"supported"
"Nothobranchius_furzeri","Null","binary",0.759547631181627,0.690941000514944,0.82386621547085,NA,NA,"supported"
"Nothobranchius_kadleci","Null","binary",0.759547631181627,0.690941000514944,0.82386621547085,NA,NA,"supported"
"Nothobranchius_pienaari","Null","binary",0.759547631181627,0.690941000514944,0.82386621547085,NA,NA,"supported"
"Nothobranchius_rachovii","Null","binary",0.759547631181627,0.690941000514944,0.82386621547085,NA,NA,"supported"
"Gambusia_affinis","Null","binary",0.759547631181627,0.690941000514944,0.82386621547085,NA,NA,"supported"
"Gambusia_holbrooki","Null","binary",0.759547631181627,0.690941000514944,0.82386621547085,NA,NA,"supported"
"Poecilia_formosa","Null","binary",0.759547631181627,0.690941000514944,0.82386621547085,NA,NA,"supported"
"Poecilia_latipinna","Null","binary",0.759547631181627,0.690941000514944,0.82386621547085,NA,NA,"supported"
"Poecilia_mexicana","Null","binary",0.759547631181627,0.690941000514944,0.82386621547085,NA,NA,"supported"
"Poecilia_reticulata","Null","binary",0.759547631181627,0.690941000514944,0.82386621547085,NA,NA,"supported"
"Poeciliopsis_prolifica","Null","binary",0.759547631181627,0.690941000514944,0.82386621547085,NA,NA,"supported"
"Poropanchax_normani","Null","binary",0.759547631181627,0.690941000514944,0.82386621547085,NA,NA,"supported"
"Xiphophorus_couchianus","Null","binary",0.759547631181627,0.690941000514944,0.82386621547085,NA,NA,"supported"
"Xiphophorus_hellerii","Null","binary",0.759547631181627,0.690941000514944,0.82386621547085,NA,NA,"supported"
"Xiphophorus_maculatus","Null","binary",0.759547631181627,0.690941000514944,0.82386621547085,NA,NA,"supported"
"Austrofundulus_limnaeus","Null","binary",0.759547631181627,0.690941000514944,0.82386621547085,NA,NA,"supported"
"Kryptolebias_marmoratus","Null","binary",0.759547631181627,0.690941000514944,0.82386621547085,NA,NA,"supported"
"Nematolebias_whitei","Null","binary",0.759547631181627,0.690941000514944,0.82386621547085,NA,NA,"supported"
"Chelon_labrosus","Null","binary",0.759547631181627,0.690941000514944,0.82386621547085,NA,NA,"supported"
"Mugil_cephalus","Null","binary",0.759547631181627,0.690941000514944,0.82386621547085,NA,NA,"supported"
"Planiliza_haematocheilus","Null","binary",0.759547631181627,0.690941000514944,0.82386621547085,NA,NA,"supported"
"Gouania_willdenowi","Null","binary",0.759547631181627,0.690941000514944,0.82386621547085,NA,NA,"supported"
"Blennius_ocellaris","Null","binary",0.759547631181627,0.690941000514944,0.82386621547085,NA,NA,"supported"
"Lipophrys_pholis","Null","binary",0.759547631181627,0.690941000514944,0.82386621547085,NA,NA,"supported"
"Ophioblennius_macclurei","Null","binary",0.759547631181627,0.690941000514944,0.82386621547085,NA,NA,"supported"
"Salarias_fasciatus","Null","binary",0.759547631181627,0.690941000514944,0.82386621547085,NA,NA,"supported"
"Cristiceps_australis","Null","binary",0.759547631181627,0.690941000514944,0.82386621547085,NA,NA,"supported"
"Dicentrarchus_labrax","Null","binary",0.759547631181627,0.690941000514944,0.82386621547085,NA,NA,"supported"
"Morone_saxatilis","Null","binary",0.759547631181627,0.690941000514944,0.82386621547085,NA,NA,"supported"
"Scatophagus_argus","Null","binary",0.759547631181627,0.690941000514944,0.82386621547085,NA,NA,"supported"
"Collichthys_lucidus","Null","binary",0.759547631181627,0.690941000514944,0.82386621547085,NA,NA,"supported"
"Larimichthys_crocea","Null","binary",0.759547631181627,0.690941000514944,0.82386621547085,NA,NA,"supported"
"Nibea_albiflora","Null","binary",0.759547631181627,0.690941000514944,0.82386621547085,NA,NA,"supported"
"Sciaenops_ocellatus","Null","binary",0.759547631181627,0.690941000514944,0.82386621547085,NA,NA,"supported"
"Siganus_canaliculatus","Null","binary",0.759547631181627,0.690941000514944,0.82386621547085,NA,NA,"supported"
"Ammodytes_marinus","Null","binary",0.759547631181627,0.690941000514944,0.82386621547085,NA,NA,"supported"
"Cheilinus_undulatus","Null","binary",0.759547631181627,0.690941000514944,0.82386621547085,NA,NA,"supported"
"Halichoeres_trimaculatus","Null","binary",0.759547631181627,0.690941000514944,0.82386621547085,NA,NA,"supported"
"Notolabrus_celidotus","Null","binary",0.759547631181627,0.690941000514944,0.82386621547085,NA,NA,"supported"
"Semicossyphus_pulcher","Null","binary",0.759547631181627,0.690941000514944,0.82386621547085,NA,NA,"supported"
"Thalassoma_bifasciatum","Null","binary",0.759547631181627,0.690941000514944,0.82386621547085,NA,NA,"supported"
"Xyrichtys_novacula","Null","binary",0.759547631181627,0.690941000514944,0.82386621547085,NA,NA,"supported"
"Platax_orbicularis","Null","binary",0.759547631181627,0.690941000514944,0.82386621547085,NA,NA,"supported"
"Chaetodon_auriga","Null","binary",0.759547631181627,0.690941000514944,0.82386621547085,NA,NA,"supported"
"Chaetodon_trifascialis","Null","binary",0.759547631181627,0.690941000514944,0.82386621547085,NA,NA,"supported"
"Chelmon_rostratus","Null","binary",0.759547631181627,0.690941000514944,0.82386621547085,NA,NA,"supported"
"Caesio_teres","Null","binary",0.759547631181627,0.690941000514944,0.82386621547085,NA,NA,"supported"
"Lutjanus_erythropterus","Null","binary",0.759547631181627,0.690941000514944,0.82386621547085,NA,NA,"supported"
"Pristipomoides_typus","Null","binary",0.759547631181627,0.690941000514944,0.82386621547085,NA,NA,"supported"
"Symphorus_nematophorus","Null","binary",0.759547631181627,0.690941000514944,0.82386621547085,NA,NA,"supported"
"Lethrinus_nebulosus","Null","binary",0.759547631181627,0.690941000514944,0.82386621547085,NA,NA,"supported"
"Acanthopagrus_latus","Null","binary",0.759547631181627,0.690941000514944,0.82386621547085,NA,NA,"supported"
"Acanthopagrus_schlegelii","Null","binary",0.759547631181627,0.690941000514944,0.82386621547085,NA,NA,"supported"
"Pagrus_major","Null","binary",0.759547631181627,0.690941000514944,0.82386621547085,NA,NA,"supported"
"Pagrus_pagrus","Null","binary",0.759547631181627,0.690941000514944,0.82386621547085,NA,NA,"supported"
"Rhabdosargus_sarba","Null","binary",0.759547631181627,0.690941000514944,0.82386621547085,NA,NA,"supported"
"Sparus_aurata","Null","binary",0.759547631181627,0.690941000514944,0.82386621547085,NA,NA,"supported"
"Nelusetta_ayraud","Null","binary",0.759547631181627,0.690941000514944,0.82386621547085,NA,NA,"supported"
"Lateolabrax_japonicus","Null","binary",0.759547631181627,0.690941000514944,0.82386621547085,NA,NA,"supported"
"Lateolabrax_maculatus","Null","binary",0.759547631181627,0.690941000514944,0.82386621547085,NA,NA,"supported"
"Pempheris_klunzingeri","Null","binary",0.759547631181627,0.690941000514944,0.82386621547085,NA,NA,"supported"
"Micropterus_dolomieu","Null","binary",0.759547631181627,0.690941000514944,0.82386621547085,NA,NA,"supported"
"Micropterus_salmoides","Null","binary",0.759547631181627,0.690941000514944,0.82386621547085,NA,NA,"supported"
"Enoplosus_armatus","Null","binary",0.759547631181627,0.690941000514944,0.82386621547085,NA,NA,"supported"
"Oplegnathus_fasciatus","Null","binary",0.759547631181627,0.690941000514944,0.82386621547085,NA,NA,"supported"
"Oplegnathus_punctatus","Null","binary",0.759547631181627,0.690941000514944,0.82386621547085,NA,NA,"supported"
"Maccullochella_peelii","Null","binary",0.759547631181627,0.690941000514944,0.82386621547085,NA,NA,"supported"
"Siniperca_chuatsi","Null","binary",0.759547631181627,0.690941000514944,0.82386621547085,NA,NA,"supported"
"Siniperca_scherzeri","Null","binary",0.759547631181627,0.690941000514944,0.82386621547085,NA,NA,"supported"
"Scortum_barcoo","Null","binary",0.759547631181627,0.690941000514944,0.82386621547085,NA,NA,"supported"
"Anarhichas_minor","Null","binary",0.759547631181627,0.690941000514944,0.82386621547085,NA,NA,"supported"
"Anarrhichthys_ocellatus","Null","binary",0.759547631181627,0.690941000514944,0.82386621547085,NA,NA,"supported"
"Anoplopoma_fimbria","Null","binary",0.759547631181627,0.690941000514944,0.82386621547085,NA,NA,"supported"
"Pogonophryne_albipinna","Null","binary",0.759547631181627,0.690941000514944,0.82386621547085,NA,NA,"supported"
"Gymnodraco_acuticeps","Null","binary",0.759547631181627,0.690941000514944,0.82386621547085,NA,NA,"supported"
"Cottoperca_gobio","Null","binary",0.759547631181627,0.690941000514944,0.82386621547085,NA,NA,"supported"
"Cebidichthys_violaceus","Null","binary",0.759547631181627,0.690941000514944,0.82386621547085,NA,NA,"supported"
"Chaenocephalus_aceratus","Null","binary",0.759547631181627,0.690941000514944,0.82386621547085,NA,NA,"supported"
"Champsocephalus_esox","Null","binary",0.759547631181627,0.690941000514944,0.82386621547085,NA,NA,"supported"
"Champsocephalus_gunnari","Null","binary",0.759547631181627,0.690941000514944,0.82386621547085,NA,NA,"supported"
"Pseudochaenichthys_georgianus","Null","binary",0.759547631181627,0.690941000514944,0.82386621547085,NA,NA,"supported"
"Clinocottus_analis","Null","binary",0.759547631181627,0.690941000514944,0.82386621547085,NA,NA,"supported"
"Taurulus_bubalis","Null","binary",0.759547631181627,0.690941000514944,0.82386621547085,NA,NA,"supported"
"Cyclopterus_lumpus","Null","binary",0.759547631181627,0.690941000514944,0.82386621547085,NA,NA,"supported"
"Eleginops_maclovinus","Null","binary",0.759547631181627,0.690941000514944,0.82386621547085,NA,NA,"supported"
"Cromileptes_altivelis","Null","binary",0.759547631181627,0.690941000514944,0.82386621547085,NA,NA,"supported"
"Epinephelus_bruneus","Null","binary",0.759547631181627,0.690941000514944,0.82386621547085,NA,NA,"supported"
"Epinephelus_coioides","Null","binary",0.759547631181627,0.690941000514944,0.82386621547085,NA,NA,"supported"
"Epinephelus_fuscoguttatus","Null","binary",0.759547631181627,0.690941000514944,0.82386621547085,NA,NA,"supported"
"Epinephelus_lanceolatus","Null","binary",0.759547631181627,0.690941000514944,0.82386621547085,NA,NA,"supported"
"Epinephelus_malabaricus","Null","binary",0.759547631181627,0.690941000514944,0.82386621547085,NA,NA,"supported"
"Epinephelus_multinotatus","Null","binary",0.759547631181627,0.690941000514944,0.82386621547085,NA,NA,"supported"
"Plectropomus_leopardus","Null","binary",0.759547631181627,0.690941000514944,0.82386621547085,NA,NA,"supported"
"Gasterosteus_aculeatus","Null","binary",0.759547631181627,0.690941000514944,0.82386621547085,NA,NA,"supported"
"Pungitius_pungitius","Null","binary",0.759547631181627,0.690941000514944,0.82386621547085,NA,NA,"supported"
"Pungitius_sinensis","Null","binary",0.759547631181627,0.690941000514944,0.82386621547085,NA,NA,"supported"
"Dissostichus_eleginoides","Null","binary",0.759547631181627,0.690941000514944,0.82386621547085,NA,NA,"supported"
"Dissostichus_mawsoni","Null","binary",0.759547631181627,0.690941000514944,0.82386621547085,NA,NA,"supported"
"Notothenia_rossii","Null","binary",0.759547631181627,0.690941000514944,0.82386621547085,NA,NA,"supported"
"Pagothenia_borchgrevinki","Null","binary",0.759547631181627,0.690941000514944,0.82386621547085,NA,NA,"supported"
"Trematomus_bernacchii","Null","binary",0.759547631181627,0.690941000514944,0.82386621547085,NA,NA,"supported"
"Etheostoma_cragini","Null","binary",0.759547631181627,0.690941000514944,0.82386621547085,NA,NA,"supported"
"Perca_flavescens","Null","binary",0.759547631181627,0.690941000514944,0.82386621547085,NA,NA,"supported"
"Perca_fluviatilis","Null","binary",0.759547631181627,0.690941000514944,0.82386621547085,NA,NA,"supported"
"Sander_lucioperca","Null","binary",0.759547631181627,0.690941000514944,0.82386621547085,NA,NA,"supported"
"Sander_vitreus","Null","binary",0.759547631181627,0.690941000514944,0.82386621547085,NA,NA,"supported"
"Pholis_gunnellus","Null","binary",0.759547631181627,0.690941000514944,0.82386621547085,NA,NA,"supported"
"Sebastes_fasciatus","Null","binary",0.759547631181627,0.690941000514944,0.82386621547085,NA,NA,"supported"
"Sebastes_schlegelii","Null","binary",0.759547631181627,0.690941000514944,0.82386621547085,NA,NA,"supported"
"Sebastes_umbrosus","Null","binary",0.759547631181627,0.690941000514944,0.82386621547085,NA,NA,"supported"
"Centropristis_striata","Null","binary",0.759547631181627,0.690941000514944,0.82386621547085,NA,NA,"supported"
"Echiichthys_vipera","Null","binary",0.759547631181627,0.690941000514944,0.82386621547085,NA,NA,"supported"
"Eutrigla_gurnardus","Null","binary",0.759547631181627,0.690941000514944,0.82386621547085,NA,NA,"supported"
"Lycodes_pacificus","Null","binary",0.759547631181627,0.690941000514944,0.82386621547085,NA,NA,"supported"
"Melanostigma_gelatinosum","Null","binary",0.759547631181627,0.690941000514944,0.82386621547085,NA,NA,"supported"
"Zoarces_viviparus","Null","binary",0.759547631181627,0.690941000514944,0.82386621547085,NA,NA,"supported"
"Erpetoichthys_calabaricus","Null","joint_bb",0.731357033218149,0.686111881154287,0.773956292454146,0.274063759839245,1,"supported"
"Polypterus_senegalus","Null","joint_bb",0.731357033218149,0.686111881154287,0.773956292454146,0.280874150188623,1,"supported"
"Acipenser_oxyrinchus","Null","joint_bb",0.731357033218149,0.686111881154287,0.773956292454146,0.283009397860327,1,"supported"
"Acipenser_ruthenus","Null","joint_bb",0.731357033218149,0.686111881154287,0.773956292454146,0.262056326839942,1,"supported"
"Acipenser_sinensis","Null","joint_bb",0.731357033218149,0.686111881154287,0.773956292454146,0.283560033731972,1,"supported"
"Huso_huso","Null","joint_bb",0.731357033218149,0.686111881154287,0.773956292454146,0.276152448903662,1,"supported"
"Polyodon_spathula","Null","joint_bb",0.731357033218149,0.686111881154287,0.773956292454146,0.278789757550124,1,"supported"
"Amia_ocellicauda","Null","joint_bb",0.731357033218149,0.686111881154287,0.773956292454146,0.274974571154712,1,"supported"
"Atractosteus_spatula","Null","joint_bb",0.731357033218149,0.686111881154287,0.773956292454146,0.263592176464069,1,"supported"
"Lepisosteus_oculatus","Null","joint_bb",0.731357033218149,0.686111881154287,0.773956292454146,0.273493255549193,1,"supported"
"Megalops_atlanticus","Null","joint_bb",0.731357033218149,0.686111881154287,0.773956292454146,0.280582412374745,1,"supported"
"Megalops_cyprinoides","Null","joint_bb",0.731357033218149,0.686111881154287,0.773956292454146,0.280329396655712,1,"supported"
"Albula_glossodonta","Null","joint_bb",0.731357033218149,0.686111881154287,0.773956292454146,0.2752571141832,1,"supported"
"Albula_goreensis","Null","joint_bb",0.731357033218149,0.686111881154287,0.773956292454146,0.272870740873957,1,"supported"
"Aldrovandia_affinis","Null","joint_bb",0.731357033218149,0.686111881154287,0.773956292454146,0.279298329677774,1,"supported"
"Anguilla_anguilla","Null","joint_bb",0.731357033218149,0.686111881154287,0.773956292454146,0.283450449805846,1,"supported"
"Anguilla_japonica","Null","joint_bb",0.731357033218149,0.686111881154287,0.773956292454146,0.280536389136011,1,"supported"
"Anguilla_rostrata","Null","joint_bb",0.731357033218149,0.686111881154287,0.773956292454146,0.273303960936546,1,"supported"
"Conger_conger","Null","joint_bb",0.731357033218149,0.686111881154287,0.773956292454146,0.271310337974125,1,"supported"
"Gymnothorax_javanicus","Null","joint_bb",0.731357033218149,0.686111881154287,0.773956292454146,0.269491241072392,1,"supported"
"Synaphobranchus_kaupii","Null","joint_bb",0.731357033218149,0.686111881154287,0.773956292454146,0.272493674377981,1,"supported"
"Arapaima_gigas","Null","joint_bb",0.731357033218149,0.686111881154287,0.773956292454146,0.278259356482424,1,"supported"
"Brienomyrus_brachyistius","Null","joint_bb",0.731357033218149,0.686111881154287,0.773956292454146,0.275339301691268,1,"supported"
"Paramormyrops_kingsleyae","Null","joint_bb",0.731357033218149,0.686111881154287,0.773956292454146,0.284741015321921,1,"supported"
"Scleropages_formosus","Null","joint_bb",0.731357033218149,0.686111881154287,0.773956292454146,0.28167332519024,1,"supported"
"Hiodon_alosoides","Null","joint_bb",0.731357033218149,0.686111881154287,0.773956292454146,0.275435814694712,1,"supported"
"Alosa_alosa","Null","joint_bb",0.731357033218149,0.686111881154287,0.773956292454146,0.281326509535116,1,"supported"
"Alosa_pseudoharengus","Null","joint_bb",0.731357033218149,0.686111881154287,0.773956292454146,0.276068651965192,1,"supported"
"Alosa_sapidissima","Null","joint_bb",0.731357033218149,0.686111881154287,0.773956292454146,0.276701870239378,1,"supported"
"Sardina_pilchardus","Null","joint_bb",0.731357033218149,0.686111881154287,0.773956292454146,0.279784486099601,1,"supported"
"Clupea_harengus","Null","joint_bb",0.731357033218149,0.686111881154287,0.773956292454146,0.265651339745606,1,"supported"
"Sprattus_sprattus","Null","joint_bb",0.731357033218149,0.686111881154287,0.773956292454146,0.280160292901085,1,"supported"
"Denticeps_clupeoides","Null","joint_bb",0.731357033218149,0.686111881154287,0.773956292454146,0.275876394987529,1,"supported"
"Coilia_grayii","Null","joint_bb",0.731357033218149,0.686111881154287,0.773956292454146,0.280732517777309,1,"supported"
"Coilia_mystus","Null","joint_bb",0.731357033218149,0.686111881154287,0.773956292454146,0.271059548312816,1,"supported"
"Engraulis_encrasicolus","Null","joint_bb",0.731357033218149,0.686111881154287,0.773956292454146,0.290636779565741,1,"supported"
"Chanos_chanos","Null","joint_bb",0.731357033218149,0.686111881154287,0.773956292454146,0.283620120151025,1,"supported"
"Myxocyprinus_asiaticus","Null","joint_bb",0.731357033218149,0.686111881154287,0.773956292454146,0.280367407877612,1,"supported"
"Xyrauchen_texanus","Null","joint_bb",0.731357033218149,0.686111881154287,0.773956292454146,0.283155443952094,1,"supported"
"Misgurnus_anguillicaudatus","Null","joint_bb",0.731357033218149,0.686111881154287,0.773956292454146,0.271357191361502,1,"supported"
"Paramisgurnus_dabryanus","Null","joint_bb",0.731357033218149,0.686111881154287,0.773956292454146,0.268617715348686,1,"supported"
"Abramis_brama","Null","joint_bb",0.731357033218149,0.686111881154287,0.773956292454146,0.289401570605419,1,"supported"
"Barbus_barbus","Null","joint_bb",0.731357033218149,0.686111881154287,0.773956292454146,0.281806465472927,1,"supported"
"Carassius_auratus","Null","joint_bb",0.731357033218149,0.686111881154287,0.773956292454146,0.275085369458604,1,"supported"
"Carassius_carassius","Null","joint_bb",0.731357033218149,0.686111881154287,0.773956292454146,0.290989245496143,1,"supported"
"Carassius_gibelio","Null","joint_bb",0.731357033218149,0.686111881154287,0.773956292454146,0.283979014028324,1,"supported"
"Chanodichthys_erythropterus","Null","joint_bb",0.731357033218149,0.686111881154287,0.773956292454146,0.282691091188619,1,"supported"
"Cirrhinus_molitorella","Null","joint_bb",0.731357033218149,0.686111881154287,0.773956292454146,0.279778732732087,1,"supported"
"Ctenopharyngodon_idella","Null","joint_bb",0.731357033218149,0.686111881154287,0.773956292454146,0.281148658338102,1,"supported"
"Culter_alburnus","Null","joint_bb",0.731357033218149,0.686111881154287,0.773956292454146,0.284184581261657,1,"supported"
"Cyprinella_venusta","Null","joint_bb",0.731357033218149,0.686111881154287,0.773956292454146,0.27638240766069,1,"supported"
"Cyprinus_carpio","Null","joint_bb",0.731357033218149,0.686111881154287,0.773956292454146,0.2736958701498,1,"supported"
"Danio_aesculapii","Null","joint_bb",0.731357033218149,0.686111881154287,0.773956292454146,0.285237724875251,1,"supported"
"Danio_rerio","Null","joint_bb",0.731357033218149,0.686111881154287,0.773956292454146,0.280242319430034,1,"supported"
"Garra_rufa","Null","joint_bb",0.731357033218149,0.686111881154287,0.773956292454146,0.284416786865885,1,"supported"
"Hemiculter_leucisculus","Null","joint_bb",0.731357033218149,0.686111881154287,0.773956292454146,0.278077435959795,1,"supported"
"Labeo_rohita","Null","joint_bb",0.731357033218149,0.686111881154287,0.773956292454146,0.285123643745103,1,"supported"
"Leuciscus_chuanchicus","Null","joint_bb",0.731357033218149,0.686111881154287,0.773956292454146,0.274175626049678,1,"supported"
"Leuciscus_leuciscus","Null","joint_bb",0.731357033218149,0.686111881154287,0.773956292454146,0.284349963816955,1,"supported"
"Leuciscus_waleckii","Null","joint_bb",0.731357033218149,0.686111881154287,0.773956292454146,0.276466101729912,1,"supported"
"Megalobrama_amblycephala","Null","joint_bb",0.731357033218149,0.686111881154287,0.773956292454146,0.270709196881264,1,"supported"
"Mylopharyngodon_piceus","Null","joint_bb",0.731357033218149,0.686111881154287,0.773956292454146,0.276742440023577,1,"supported"
"Onychostoma_macrolepis","Null","joint_bb",0.731357033218149,0.686111881154287,0.773956292454146,0.290213575726904,1,"supported"
"Phoxinus_phoxinus","Null","joint_bb",0.731357033218149,0.686111881154287,0.773956292454146,0.294172852360778,1,"supported"
"Pimephales_promelas","Null","joint_bb",0.731357033218149,0.686111881154287,0.773956292454146,0.286336087610918,1,"supported"
"Pseudorasbora_parva","Null","joint_bb",0.731357033218149,0.686111881154287,0.773956292454146,0.289691946786772,1,"supported"
"Puntigrus_tetrazona","Null","joint_bb",0.731357033218149,0.686111881154287,0.773956292454146,0.281999411543004,1,"supported"
"Rutilus_rutilus","Null","joint_bb",0.731357033218149,0.686111881154287,0.773956292454146,0.27298318201561,1,"supported"
"Scardinius_erythrophthalmus","Null","joint_bb",0.731357033218149,0.686111881154287,0.773956292454146,0.277655937396301,1,"supported"
"Sinocyclocheilus_anshuiensis","Null","joint_bb",0.731357033218149,0.686111881154287,0.773956292454146,0.281918554313026,1,"supported"
"Sinocyclocheilus_grahami","Null","joint_bb",0.731357033218149,0.686111881154287,0.773956292454146,0.281361407259374,1,"supported"
"Sinocyclocheilus_rhinocerous","Null","joint_bb",0.731357033218149,0.686111881154287,0.773956292454146,0.290630911199251,1,"supported"
"Siphateles_boraxobius","Null","joint_bb",0.731357033218149,0.686111881154287,0.773956292454146,0.285992658398612,1,"supported"
"Squalius_cephalus","Null","joint_bb",0.731357033218149,0.686111881154287,0.773956292454146,0.277240522238452,1,"supported"
"Gobio_gobio","Null","joint_bb",0.731357033218149,0.686111881154287,0.773956292454146,0.271206549805932,1,"supported"
"Rhinichthys_klamathensis","Null","joint_bb",0.731357033218149,0.686111881154287,0.773956292454146,0.287662810673813,1,"supported"
"Barbatula_barbatula","Null","joint_bb",0.731357033218149,0.686111881154287,0.773956292454146,0.273611849187629,1,"supported"
"Triplophysa_dalaica","Null","joint_bb",0.731357033218149,0.686111881154287,0.773956292454146,0.288609224832165,1,"supported"
"Triplophysa_rosa","Null","joint_bb",0.731357033218149,0.686111881154287,0.773956292454146,0.27499696866772,1,"supported"
"Astyanax_lacustris","Null","joint_bb",0.731357033218149,0.686111881154287,0.773956292454146,0.262932059518603,1,"supported"
"Astyanax_mexicanus","Null","joint_bb",0.731357033218149,0.686111881154287,0.773956292454146,0.275305336967327,1,"supported"
"Salminus_brasiliensis","Null","joint_bb",0.731357033218149,0.686111881154287,0.773956292454146,0.270351378286358,1,"supported"
"Hoplias_malabaricus","Null","joint_bb",0.731357033218149,0.686111881154287,0.773956292454146,0.287782235035163,1,"supported"
"Prochilodus_magdalenae","Null","joint_bb",0.731357033218149,0.686111881154287,0.773956292454146,0.281043358139204,1,"supported"
"Acnodon_oligacanthus","Null","joint_bb",0.731357033218149,0.686111881154287,0.773956292454146,0.273106049535548,1,"supported"
"Colossoma_macropomum","Null","joint_bb",0.731357033218149,0.686111881154287,0.773956292454146,0.281440067364802,1,"supported"
"Metynnis_hypsauchen","Null","joint_bb",0.731357033218149,0.686111881154287,0.773956292454146,0.272656968744698,1,"supported"
"Pygocentrus_nattereri","Null","joint_bb",0.731357033218149,0.686111881154287,0.773956292454146,0.282409268022671,1,"supported"
"Serrasalmus_rhombeus","Null","joint_bb",0.731357033218149,0.686111881154287,0.773956292454146,0.280731902327267,1,"supported"
"Electrophorus_electricus","Null","joint_bb",0.731357033218149,0.686111881154287,0.773956292454146,0.279533934014518,1,"supported"
"Electrophorus_voltai","Null","joint_bb",0.731357033218149,0.686111881154287,0.773956292454146,0.272991838781973,1,"supported"
"Brachyhypopomus_gauderio","Null","joint_bb",0.731357033218149,0.686111881154287,0.773956292454146,0.280977477927701,1,"supported"
"Neoarius_graeffei","Null","joint_bb",0.731357033218149,0.686111881154287,0.773956292454146,0.286806894897743,1,"supported"
"Hemibagrus_guttatus","Null","joint_bb",0.731357033218149,0.686111881154287,0.773956292454146,0.281041346128863,1,"supported"
"Hemibagrus_wyckioides","Null","joint_bb",0.731357033218149,0.686111881154287,0.773956292454146,0.277467442753887,1,"supported"
"Tachysurus_fulvidraco","Null","joint_bb",0.731357033218149,0.686111881154287,0.773956292454146,0.27846888560055,1,"supported"
"Tachysurus_vachellii","Null","joint_bb",0.731357033218149,0.686111881154287,0.773956292454146,0.28956836447013,1,"supported"
"Clarias_gariepinus","Null","joint_bb",0.731357033218149,0.686111881154287,0.773956292454146,0.273405409122445,1,"supported"
"Clarias_magur","Null","joint_bb",0.731357033218149,0.686111881154287,0.773956292454146,0.282448236155969,1,"supported"
"Ictalurus_furcatus","Null","joint_bb",0.731357033218149,0.686111881154287,0.773956292454146,0.275666865915568,1,"supported"
"Ictalurus_punctatus","Null","joint_bb",0.731357033218149,0.686111881154287,0.773956292454146,0.271249004523809,1,"supported"
"Pangasianodon_gigas","Null","joint_bb",0.731357033218149,0.686111881154287,0.773956292454146,0.28512889042944,1,"supported"
"Pangasianodon_hypophthalmus","Null","joint_bb",0.731357033218149,0.686111881154287,0.773956292454146,0.276105968927187,1,"supported"
"Silurus_aristotelis","Null","joint_bb",0.731357033218149,0.686111881154287,0.773956292454146,0.270925347891098,1,"supported"
"Silurus_asotus","Null","joint_bb",0.731357033218149,0.686111881154287,0.773956292454146,0.285111146075178,1,"supported"
"Silurus_meridionalis","Null","joint_bb",0.731357033218149,0.686111881154287,0.773956292454146,0.266753211456463,1,"supported"
"Trichomycterus_rosablanca","Null","joint_bb",0.731357033218149,0.686111881154287,0.773956292454146,0.291767159628434,1,"supported"
"Nansenia_antarctica","Null","joint_bb",0.731357033218149,0.686111881154287,0.773956292454146,0.269648259498535,1,"supported"
"Galaxias_brevipinnis","Null","joint_bb",0.731357033218149,0.686111881154287,0.773956292454146,0.270320812433529,1,"supported"
"Coregonus_albula","Null","joint_bb",0.731357033218149,0.686111881154287,0.773956292454146,0.270617979222769,1,"supported"
"Coregonus_clupeaformis","Null","joint_bb",0.731357033218149,0.686111881154287,0.773956292454146,0.283669874229963,1,"supported"
"Coregonus_lavaretus","Null","joint_bb",0.731357033218149,0.686111881154287,0.773956292454146,0.289310405729277,1,"supported"
"Coregonus_suidteri","Null","joint_bb",0.731357033218149,0.686111881154287,0.773956292454146,0.281428417823877,1,"supported"
"Oncorhynchus_clarkii","Null","joint_bb",0.731357033218149,0.686111881154287,0.773956292454146,0.271378077942852,1,"supported"
"Oncorhynchus_gorbuscha","Null","joint_bb",0.731357033218149,0.686111881154287,0.773956292454146,0.288592919952786,1,"supported"
"Oncorhynchus_keta","Null","joint_bb",0.731357033218149,0.686111881154287,0.773956292454146,0.282140013154135,1,"supported"
"Oncorhynchus_kisutch","Null","joint_bb",0.731357033218149,0.686111881154287,0.773956292454146,0.276242027163616,1,"supported"
"Oncorhynchus_masou","Null","joint_bb",0.731357033218149,0.686111881154287,0.773956292454146,0.282329170461121,1,"supported"
"Oncorhynchus_mykiss","Null","joint_bb",0.731357033218149,0.686111881154287,0.773956292454146,0.290542468672129,1,"supported"
"Oncorhynchus_nerka","Null","joint_bb",0.731357033218149,0.686111881154287,0.773956292454146,0.280760377900218,1,"supported"
"Oncorhynchus_tshawytscha","Null","joint_bb",0.731357033218149,0.686111881154287,0.773956292454146,0.281191816802525,1,"supported"
"Salmo_salar","Null","joint_bb",0.731357033218149,0.686111881154287,0.773956292454146,0.283387229653632,1,"supported"
"Salmo_trutta","Null","joint_bb",0.731357033218149,0.686111881154287,0.773956292454146,0.280928563084158,1,"supported"
"Salvelinus_alpinus","Null","joint_bb",0.731357033218149,0.686111881154287,0.773956292454146,0.27349301657069,1,"supported"
"Salvelinus_fontinalis","Null","joint_bb",0.731357033218149,0.686111881154287,0.773956292454146,0.270490905692325,1,"supported"
"Salvelinus_namaycush","Null","joint_bb",0.731357033218149,0.686111881154287,0.773956292454146,0.281348417792806,1,"supported"
"Dallia_pectoralis","Null","joint_bb",0.731357033218149,0.686111881154287,0.773956292454146,0.281942745701303,1,"supported"
"Esox_lucius","Null","joint_bb",0.731357033218149,0.686111881154287,0.773956292454146,0.285114242141779,1,"supported"
"Umbra_pygmaea","Null","joint_bb",0.731357033218149,0.686111881154287,0.773956292454146,0.277267890838275,1,"supported"
"Hypomesus_nipponensis","Null","joint_bb",0.731357033218149,0.686111881154287,0.773956292454146,0.280449205219097,1,"supported"
"Hypomesus_transpacificus","Null","joint_bb",0.731357033218149,0.686111881154287,0.773956292454146,0.273665487102177,1,"supported"
"Osmerus_eperlanus","Null","joint_bb",0.731357033218149,0.686111881154287,0.773956292454146,0.275933552424737,1,"supported"
"Osmerus_mordax","Null","joint_bb",0.731357033218149,0.686111881154287,0.773956292454146,0.286286176366458,1,"supported"
"Benthosema_glaciale","Null","joint_bb",0.731357033218149,0.686111881154287,0.773956292454146,0.280841717544581,1,"supported"
"Electrona_antarctica","Null","joint_bb",0.731357033218149,0.686111881154287,0.773956292454146,0.273384786824526,1,"supported"
"Gymnoscopelus_braueri","Null","joint_bb",0.731357033218149,0.686111881154287,0.773956292454146,0.287085029761271,1,"supported"
"Gymnoscopelus_microlampas","Null","joint_bb",0.731357033218149,0.686111881154287,0.773956292454146,0.281821539675943,1,"supported"
"Nannobrachium_achirus","Null","joint_bb",0.731357033218149,0.686111881154287,0.773956292454146,0.280898957787398,1,"supported"
"Protomyctophum_bolini","Null","joint_bb",0.731357033218149,0.686111881154287,0.773956292454146,0.268339927456709,1,"supported"
"Protomyctophum_parallelum","Null","joint_bb",0.731357033218149,0.686111881154287,0.773956292454146,0.277566981426151,1,"supported"
"Polymixia_hollisterae","Null","joint_bb",0.731357033218149,0.686111881154287,0.773956292454146,0.273170717273228,1,"supported"
"Polymixia_lowei","Null","joint_bb",0.731357033218149,0.686111881154287,0.773956292454146,0.275462127027526,1,"supported"
"Centroberyx_affinis","Null","joint_bb",0.731357033218149,0.686111881154287,0.773956292454146,0.278217334395752,1,"supported"
"Centroberyx_gerrardi","Null","joint_bb",0.731357033218149,0.686111881154287,0.773956292454146,0.273486625742385,1,"supported"
"Poromitra_crassiceps","Null","joint_bb",0.731357033218149,0.686111881154287,0.773956292454146,0.272401592477058,1,"supported"
"Myripristis_murdjan","Null","joint_bb",0.731357033218149,0.686111881154287,0.773956292454146,0.278509755453889,1,"supported"
"Lucifuga_dentata","Null","joint_bb",0.731357033218149,0.686111881154287,0.773956292454146,0.279752984254604,1,"supported"
"Genypterus_blacodes","Null","joint_bb",0.731357033218149,0.686111881154287,0.773956292454146,0.287394735650197,1,"supported"
"Arripis_georgiana","Null","joint_bb",0.731357033218149,0.686111881154287,0.773956292454146,0.276076082785679,1,"supported"
"Katsuwonus_pelamis","Null","joint_bb",0.731357033218149,0.686111881154287,0.773956292454146,0.278685302030367,1,"supported"
"Sarda_sarda","Null","joint_bb",0.731357033218149,0.686111881154287,0.773956292454146,0.28554998661359,1,"supported"
"Scomber_japonicus","Null","joint_bb",0.731357033218149,0.686111881154287,0.773956292454146,0.264348099874221,1,"supported"
"Scomber_scombrus","Null","joint_bb",0.731357033218149,0.686111881154287,0.773956292454146,0.283840778571191,1,"supported"
"Thunnus_alalunga","Null","joint_bb",0.731357033218149,0.686111881154287,0.773956292454146,0.277635908557226,1,"supported"
"Thunnus_albacares","Null","joint_bb",0.731357033218149,0.686111881154287,0.773956292454146,0.27335002279398,1,"supported"
"Thunnus_atlanticus","Null","joint_bb",0.731357033218149,0.686111881154287,0.773956292454146,0.274443019796651,1,"supported"
"Thunnus_maccoyii","Null","joint_bb",0.731357033218149,0.686111881154287,0.773956292454146,0.282104703607313,1,"supported"
"Thunnus_obesus","Null","joint_bb",0.731357033218149,0.686111881154287,0.773956292454146,0.29087813152356,1,"supported"
"Thunnus_orientalis","Null","joint_bb",0.731357033218149,0.686111881154287,0.773956292454146,0.276501275351327,1,"supported"
"Thunnus_thynnus","Null","joint_bb",0.731357033218149,0.686111881154287,0.773956292454146,0.278486500239604,1,"supported"
"Thunnus_tonggol","Null","joint_bb",0.731357033218149,0.686111881154287,0.773956292454146,0.282954453993449,1,"supported"
"Pampus_argenteus","Null","joint_bb",0.731357033218149,0.686111881154287,0.773956292454146,0.289383509506269,1,"supported"
"Pampus_punctatissimus","Null","joint_bb",0.731357033218149,0.686111881154287,0.773956292454146,0.26971615980713,1,"supported"
"Aulostomus_chinensis","Null","joint_bb",0.731357033218149,0.686111881154287,0.773956292454146,0.281520915715901,1,"supported"
"Fistularia_commersonii","Null","joint_bb",0.731357033218149,0.686111881154287,0.773956292454146,0.277619688246497,1,"supported"
"Pterapogon_kauderni","Null","joint_bb",0.731357033218149,0.686111881154287,0.773956292454146,0.271742632476893,1,"supported"
"Sphaeramia_orbicularis","Null","joint_bb",0.731357033218149,0.686111881154287,0.773956292454146,0.277392568802533,1,"supported"
"Oxyeleotris_marmorata","Null","joint_bb",0.731357033218149,0.686111881154287,0.773956292454146,0.287282163455105,1,"supported"
"Boleophthalmus_pectinirostris","Null","joint_bb",0.731357033218149,0.686111881154287,0.773956292454146,0.283024817571837,1,"supported"
"Eucyclogobius_newberryi","Null","joint_bb",0.731357033218149,0.686111881154287,0.773956292454146,0.287366427750942,1,"supported"
"Gobius_niger","Null","joint_bb",0.731357033218149,0.686111881154287,0.773956292454146,0.259927405882162,1,"supported"
"Knipowitschia_caucasica","Null","joint_bb",0.731357033218149,0.686111881154287,0.773956292454146,0.276582716662069,1,"supported"
"Mugilogobius_chulae","Null","joint_bb",0.731357033218149,0.686111881154287,0.773956292454146,0.283230119564597,1,"supported"
"Periophthalmus_magnuspinnatus","Null","joint_bb",0.731357033218149,0.686111881154287,0.773956292454146,0.280965864611538,1,"supported"
"Mastacembelus_armatus","Null","joint_bb",0.731357033218149,0.686111881154287,0.773956292454146,0.273454018905402,1,"supported"
"Monopterus_albus","Null","joint_bb",0.731357033218149,0.686111881154287,0.773956292454146,0.276792106135916,1,"supported"
"Anabas_testudineus","Null","joint_bb",0.731357033218149,0.686111881154287,0.773956292454146,0.282322422707431,1,"supported"
"Channa_argus","Null","joint_bb",0.731357033218149,0.686111881154287,0.773956292454146,0.286518375639904,1,"supported"
"Channa_striata","Null","joint_bb",0.731357033218149,0.686111881154287,0.773956292454146,0.282960610095462,1,"supported"
"Betta_splendens","Null","joint_bb",0.731357033218149,0.686111881154287,0.773956292454146,0.277911077185861,1,"supported"
"Trichopodus_trichopterus","Null","joint_bb",0.731357033218149,0.686111881154287,0.773956292454146,0.276781980055078,1,"supported"
"Lates_calcarifer","Null","joint_bb",0.731357033218149,0.686111881154287,0.773956292454146,0.287557928100261,1,"supported"
"Lates_japonicus","Null","joint_bb",0.731357033218149,0.686111881154287,0.773956292454146,0.273179922492375,1,"supported"
"Eleutheronema_tetradactylum","Null","joint_bb",0.731357033218149,0.686111881154287,0.773956292454146,0.275211635357939,1,"supported"
"Toxotes_jaculatrix","Null","joint_bb",0.731357033218149,0.686111881154287,0.773956292454146,0.27677360120274,1,"supported"
"Xiphias_gladius","Null","joint_bb",0.731357033218149,0.686111881154287,0.773956292454146,0.27753079528402,1,"supported"
"Caranx_melampygus","Null","joint_bb",0.731357033218149,0.686111881154287,0.773956292454146,0.282268478348081,1,"supported"
"Seriola_dumerili","Null","joint_bb",0.731357033218149,0.686111881154287,0.773956292454146,0.283447534533084,1,"supported"
"Seriola_lalandi","Null","joint_bb",0.731357033218149,0.686111881154287,0.773956292454146,0.284086606031665,1,"supported"
"Trachinotus_anak","Null","joint_bb",0.731357033218149,0.686111881154287,0.773956292454146,0.29099405907455,1,"supported"
"Trachurus_japonicus","Null","joint_bb",0.731357033218149,0.686111881154287,0.773956292454146,0.276598219575471,1,"supported"
"Trachurus_trachurus","Null","joint_bb",0.731357033218149,0.686111881154287,0.773956292454146,0.263902221377679,1,"supported"
"Echeneis_naucrates","Null","joint_bb",0.731357033218149,0.686111881154287,0.773956292454146,0.283885565339998,1,"supported"
"Paralichthys_olivaceus","Null","joint_bb",0.731357033218149,0.686111881154287,0.773956292454146,0.285078892929367,1,"supported"
"Hippoglossus_hippoglossus","Null","joint_bb",0.731357033218149,0.686111881154287,0.773956292454146,0.272727129811465,1,"supported"
"Hippoglossus_stenolepis","Null","joint_bb",0.731357033218149,0.686111881154287,0.773956292454146,0.27148364328666,1,"supported"
"Limanda_limanda","Null","joint_bb",0.731357033218149,0.686111881154287,0.773956292454146,0.276709012945594,1,"supported"
"Platichthys_flesus","Null","joint_bb",0.731357033218149,0.686111881154287,0.773956292454146,0.285137299747938,1,"supported"
"Platichthys_stellatus","Null","joint_bb",0.731357033218149,0.686111881154287,0.773956292454146,0.268157183446446,1,"supported"
"Pleuronectes_platessa","Null","joint_bb",0.731357033218149,0.686111881154287,0.773956292454146,0.276681619071613,1,"supported"
"Scophthalmus_maximus","Null","joint_bb",0.731357033218149,0.686111881154287,0.773956292454146,0.27546921480959,1,"supported"
"Microchirus_variegatus","Null","joint_bb",0.731357033218149,0.686111881154287,0.773956292454146,0.281802690882343,1,"supported"
"Solea_senegalensis","Null","joint_bb",0.731357033218149,0.686111881154287,0.773956292454146,0.287240734108026,1,"supported"
"Solea_solea","Null","joint_bb",0.731357033218149,0.686111881154287,0.773956292454146,0.282919125288454,1,"supported"
"Parambassis_ranga","Null","joint_bb",0.731357033218149,0.686111881154287,0.773956292454146,0.27795187699634,1,"supported"
"Brachyistius_frenatus","Null","joint_bb",0.731357033218149,0.686111881154287,0.773956292454146,0.283315608108815,1,"supported"
"Embiotoca_jacksoni","Null","joint_bb",0.731357033218149,0.686111881154287,0.773956292454146,0.268011675567949,1,"supported"
"Acanthochromis_polyacanthus","Null","joint_bb",0.731357033218149,0.686111881154287,0.773956292454146,0.285690414758868,1,"supported"
"Amphiprion_ocellaris","Null","joint_bb",0.731357033218149,0.686111881154287,0.773956292454146,0.276305593850661,1,"supported"
"Stegastes_partitus","Null","joint_bb",0.731357033218149,0.686111881154287,0.773956292454146,0.282591076376502,1,"supported"
"Andinoacara_rivulatus","Null","joint_bb",0.731357033218149,0.686111881154287,0.773956292454146,0.281230594722109,1,"supported"
"Archocentrus_centrarchus","Null","joint_bb",0.731357033218149,0.686111881154287,0.773956292454146,0.269125594111206,1,"supported"
"Astatotilapia_burtoni","Null","joint_bb",0.731357033218149,0.686111881154287,0.773956292454146,0.274858926085516,1,"supported"
"Astatotilapia_calliptera","Null","joint_bb",0.731357033218149,0.686111881154287,0.773956292454146,0.279921745589264,1,"supported"
"Astronotus_ocellatus","Null","joint_bb",0.731357033218149,0.686111881154287,0.773956292454146,0.268875573756451,1,"supported"
"Aulonocara_stuartgranti","Null","joint_bb",0.731357033218149,0.686111881154287,0.773956292454146,0.279864034874392,1,"supported"
"Copadichromis_virginalis","Null","joint_bb",0.731357033218149,0.686111881154287,0.773956292454146,0.277242425261635,1,"supported"
"Diplotaxodon_limnothrissa","Null","joint_bb",0.731357033218149,0.686111881154287,0.773956292454146,0.287688150892005,1,"supported"
"Haplochromis_nyererei","Null","joint_bb",0.731357033218149,0.686111881154287,0.773956292454146,0.284659800574671,1,"supported"
"Maylandia_zebra","Null","joint_bb",0.731357033218149,0.686111881154287,0.773956292454146,0.270104556264532,1,"supported"
"Mchenga_conophoros","Null","joint_bb",0.731357033218149,0.686111881154287,0.773956292454146,0.279872155859416,1,"supported"
"Neolamprologus_brichardi","Null","joint_bb",0.731357033218149,0.686111881154287,0.773956292454146,0.290577621088269,1,"supported"
"Neolamprologus_multifasciatus","Null","joint_bb",0.731357033218149,0.686111881154287,0.773956292454146,0.280272297523987,1,"supported"
"Oreochromis_aureus","Null","joint_bb",0.731357033218149,0.686111881154287,0.773956292454146,0.289376230894672,1,"supported"
"Oreochromis_niloticus","Null","joint_bb",0.731357033218149,0.686111881154287,0.773956292454146,0.281931441994711,1,"supported"
"Pelmatolapia_mariae","Null","joint_bb",0.731357033218149,0.686111881154287,0.773956292454146,0.274766005694726,1,"supported"
"Perissodus_microlepis","Null","joint_bb",0.731357033218149,0.686111881154287,0.773956292454146,0.285869505614318,1,"supported"
"Pterophyllum_scalare","Null","joint_bb",0.731357033218149,0.686111881154287,0.773956292454146,0.28823455924166,1,"supported"
"Rhamphochromis_longiceps","Null","joint_bb",0.731357033218149,0.686111881154287,0.773956292454146,0.285406952101453,1,"supported"
"Sarotherodon_galilaeus","Null","joint_bb",0.731357033218149,0.686111881154287,0.773956292454146,0.286825342048145,1,"supported"
"Simochromis_diagramma","Null","joint_bb",0.731357033218149,0.686111881154287,0.773956292454146,0.276809342574474,1,"supported"
"Leuresthes_tenuis","Null","joint_bb",0.731357033218149,0.686111881154287,0.773956292454146,0.269429296630458,1,"supported"
"Menidia_menidia","Null","joint_bb",0.731357033218149,0.686111881154287,0.773956292454146,0.271062664196043,1,"supported"
"Odontesthes_bonariensis","Null","joint_bb",0.731357033218149,0.686111881154287,0.773956292454146,0.286404882089938,1,"supported"
"Melanotaenia_boesemani","Null","joint_bb",0.731357033218149,0.686111881154287,0.773956292454146,0.282006848712898,1,"supported"
"Telmatherina_bonti","Null","joint_bb",0.731357033218149,0.686111881154287,0.773956292454146,0.267162483021374,1,"supported"
"Oryzias_javanicus","Null","joint_bb",0.731357033218149,0.686111881154287,0.773956292454146,0.278370408889367,1,"supported"
"Oryzias_latipes","Null","joint_bb",0.731357033218149,0.686111881154287,0.773956292454146,0.27173797949487,1,"supported"
"Oryzias_melastigma","Null","joint_bb",0.731357033218149,0.686111881154287,0.773956292454146,0.265769518003376,1,"supported"
"Xenentodon_cancila","Null","joint_bb",0.731357033218149,0.686111881154287,0.773956292454146,0.285555743312716,1,"supported"
"Cololabis_saira","Null","joint_bb",0.731357033218149,0.686111881154287,0.773956292454146,0.269887897481553,1,"supported"
"Anableps_anableps","Null","joint_bb",0.731357033218149,0.686111881154287,0.773956292454146,0.278922530930031,1,"supported"
"Cyprinodon_tularosa","Null","joint_bb",0.731357033218149,0.686111881154287,0.773956292454146,0.281222505056645,1,"supported"
"Cyprinodon_variegatus","Null","joint_bb",0.731357033218149,0.686111881154287,0.773956292454146,0.27392066983725,1,"supported"
"Fundulus_diaphanus","Null","joint_bb",0.731357033218149,0.686111881154287,0.773956292454146,0.280426311680052,1,"supported"
"Fundulus_heteroclitus","Null","joint_bb",0.731357033218149,0.686111881154287,0.773956292454146,0.274949680416638,1,"supported"
"Ameca_splendens","Null","joint_bb",0.731357033218149,0.686111881154287,0.773956292454146,0.288616546197844,1,"supported"
"Crenichthys_baileyi","Null","joint_bb",0.731357033218149,0.686111881154287,0.773956292454146,0.290084845810652,1,"supported"
"Girardinichthys_multiradiatus","Null","joint_bb",0.731357033218149,0.686111881154287,0.773956292454146,0.265803660669842,1,"supported"
"Nothobranchius_furzeri","Null","joint_bb",0.731357033218149,0.686111881154287,0.773956292454146,0.277709740030098,1,"supported"
"Nothobranchius_kadleci","Null","joint_bb",0.731357033218149,0.686111881154287,0.773956292454146,0.281257096772118,1,"supported"
"Nothobranchius_pienaari","Null","joint_bb",0.731357033218149,0.686111881154287,0.773956292454146,0.284899625841028,1,"supported"
"Nothobranchius_rachovii","Null","joint_bb",0.731357033218149,0.686111881154287,0.773956292454146,0.273471473879395,1,"supported"
"Gambusia_affinis","Null","joint_bb",0.731357033218149,0.686111881154287,0.773956292454146,0.28172432928388,1,"supported"
"Gambusia_holbrooki","Null","joint_bb",0.731357033218149,0.686111881154287,0.773956292454146,0.278592914002156,1,"supported"
"Poecilia_formosa","Null","joint_bb",0.731357033218149,0.686111881154287,0.773956292454146,0.285952071891354,1,"supported"
"Poecilia_latipinna","Null","joint_bb",0.731357033218149,0.686111881154287,0.773956292454146,0.275096321415275,1,"supported"
"Poecilia_mexicana","Null","joint_bb",0.731357033218149,0.686111881154287,0.773956292454146,0.279103882368454,1,"supported"
"Poecilia_reticulata","Null","joint_bb",0.731357033218149,0.686111881154287,0.773956292454146,0.289731142180973,1,"supported"
"Poeciliopsis_prolifica","Null","joint_bb",0.731357033218149,0.686111881154287,0.773956292454146,0.288035295420815,1,"supported"
"Poropanchax_normani","Null","joint_bb",0.731357033218149,0.686111881154287,0.773956292454146,0.270622335671995,1,"supported"
"Xiphophorus_couchianus","Null","joint_bb",0.731357033218149,0.686111881154287,0.773956292454146,0.270257558949262,1,"supported"
"Xiphophorus_hellerii","Null","joint_bb",0.731357033218149,0.686111881154287,0.773956292454146,0.268997297381541,1,"supported"
"Xiphophorus_maculatus","Null","joint_bb",0.731357033218149,0.686111881154287,0.773956292454146,0.284493601746615,1,"supported"
"Austrofundulus_limnaeus","Null","joint_bb",0.731357033218149,0.686111881154287,0.773956292454146,0.279339383371197,1,"supported"
"Kryptolebias_marmoratus","Null","joint_bb",0.731357033218149,0.686111881154287,0.773956292454146,0.276865285829876,1,"supported"
"Nematolebias_whitei","Null","joint_bb",0.731357033218149,0.686111881154287,0.773956292454146,0.279217666328241,1,"supported"
"Chelon_labrosus","Null","joint_bb",0.731357033218149,0.686111881154287,0.773956292454146,0.27299388043865,1,"supported"
"Mugil_cephalus","Null","joint_bb",0.731357033218149,0.686111881154287,0.773956292454146,0.285738391688147,1,"supported"
"Planiliza_haematocheilus","Null","joint_bb",0.731357033218149,0.686111881154287,0.773956292454146,0.280193143351058,1,"supported"
"Gouania_willdenowi","Null","joint_bb",0.731357033218149,0.686111881154287,0.773956292454146,0.279758839092831,1,"supported"
"Blennius_ocellaris","Null","joint_bb",0.731357033218149,0.686111881154287,0.773956292454146,0.284306531107352,1,"supported"
"Lipophrys_pholis","Null","joint_bb",0.731357033218149,0.686111881154287,0.773956292454146,0.281380308335308,1,"supported"
"Ophioblennius_macclurei","Null","joint_bb",0.731357033218149,0.686111881154287,0.773956292454146,0.277338527338626,1,"supported"
"Salarias_fasciatus","Null","joint_bb",0.731357033218149,0.686111881154287,0.773956292454146,0.268105008850717,1,"supported"
"Cristiceps_australis","Null","joint_bb",0.731357033218149,0.686111881154287,0.773956292454146,0.280649297323267,1,"supported"
"Dicentrarchus_labrax","Null","joint_bb",0.731357033218149,0.686111881154287,0.773956292454146,0.291566772922685,1,"supported"
"Morone_saxatilis","Null","joint_bb",0.731357033218149,0.686111881154287,0.773956292454146,0.273538415124318,1,"supported"
"Scatophagus_argus","Null","joint_bb",0.731357033218149,0.686111881154287,0.773956292454146,0.27717158802884,1,"supported"
"Collichthys_lucidus","Null","joint_bb",0.731357033218149,0.686111881154287,0.773956292454146,0.285463058047917,1,"supported"
"Larimichthys_crocea","Null","joint_bb",0.731357033218149,0.686111881154287,0.773956292454146,0.283958656387995,1,"supported"
"Nibea_albiflora","Null","joint_bb",0.731357033218149,0.686111881154287,0.773956292454146,0.287839534273182,1,"supported"
"Sciaenops_ocellatus","Null","joint_bb",0.731357033218149,0.686111881154287,0.773956292454146,0.278004780509822,1,"supported"
"Siganus_canaliculatus","Null","joint_bb",0.731357033218149,0.686111881154287,0.773956292454146,0.279066543413632,1,"supported"
"Ammodytes_marinus","Null","joint_bb",0.731357033218149,0.686111881154287,0.773956292454146,0.277503056002095,1,"supported"
"Cheilinus_undulatus","Null","joint_bb",0.731357033218149,0.686111881154287,0.773956292454146,0.271705351062032,1,"supported"
"Halichoeres_trimaculatus","Null","joint_bb",0.731357033218149,0.686111881154287,0.773956292454146,0.285863046460997,1,"supported"
"Notolabrus_celidotus","Null","joint_bb",0.731357033218149,0.686111881154287,0.773956292454146,0.280346355202105,1,"supported"
"Semicossyphus_pulcher","Null","joint_bb",0.731357033218149,0.686111881154287,0.773956292454146,0.277937536984174,1,"supported"
"Thalassoma_bifasciatum","Null","joint_bb",0.731357033218149,0.686111881154287,0.773956292454146,0.272177701154419,1,"supported"
"Xyrichtys_novacula","Null","joint_bb",0.731357033218149,0.686111881154287,0.773956292454146,0.270380476732548,1,"supported"
"Platax_orbicularis","Null","joint_bb",0.731357033218149,0.686111881154287,0.773956292454146,0.264882634409125,1,"supported"
"Chaetodon_auriga","Null","joint_bb",0.731357033218149,0.686111881154287,0.773956292454146,0.278541872494878,1,"supported"
"Chaetodon_trifascialis","Null","joint_bb",0.731357033218149,0.686111881154287,0.773956292454146,0.28969033504497,1,"supported"
"Chelmon_rostratus","Null","joint_bb",0.731357033218149,0.686111881154287,0.773956292454146,0.272160343068566,1,"supported"
"Caesio_teres","Null","joint_bb",0.731357033218149,0.686111881154287,0.773956292454146,0.272812735193335,1,"supported"
"Lutjanus_erythropterus","Null","joint_bb",0.731357033218149,0.686111881154287,0.773956292454146,0.281588082546516,1,"supported"
"Pristipomoides_typus","Null","joint_bb",0.731357033218149,0.686111881154287,0.773956292454146,0.280290470540958,1,"supported"
"Symphorus_nematophorus","Null","joint_bb",0.731357033218149,0.686111881154287,0.773956292454146,0.288714098302401,1,"supported"
"Lethrinus_nebulosus","Null","joint_bb",0.731357033218149,0.686111881154287,0.773956292454146,0.272444853001099,1,"supported"
"Acanthopagrus_latus","Null","joint_bb",0.731357033218149,0.686111881154287,0.773956292454146,0.277216199118659,1,"supported"
"Acanthopagrus_schlegelii","Null","joint_bb",0.731357033218149,0.686111881154287,0.773956292454146,0.285805677666181,1,"supported"
"Pagrus_major","Null","joint_bb",0.731357033218149,0.686111881154287,0.773956292454146,0.278793651046776,1,"supported"
"Pagrus_pagrus","Null","joint_bb",0.731357033218149,0.686111881154287,0.773956292454146,0.272555410122919,1,"supported"
"Rhabdosargus_sarba","Null","joint_bb",0.731357033218149,0.686111881154287,0.773956292454146,0.28589141848371,1,"supported"
"Sparus_aurata","Null","joint_bb",0.731357033218149,0.686111881154287,0.773956292454146,0.289052653589204,1,"supported"
"Nelusetta_ayraud","Null","joint_bb",0.731357033218149,0.686111881154287,0.773956292454146,0.285400065961546,1,"supported"
"Lateolabrax_japonicus","Null","joint_bb",0.731357033218149,0.686111881154287,0.773956292454146,0.29057959546406,1,"supported"
"Lateolabrax_maculatus","Null","joint_bb",0.731357033218149,0.686111881154287,0.773956292454146,0.284181443594926,1,"supported"
"Pempheris_klunzingeri","Null","joint_bb",0.731357033218149,0.686111881154287,0.773956292454146,0.286560235851073,1,"supported"
"Micropterus_dolomieu","Null","joint_bb",0.731357033218149,0.686111881154287,0.773956292454146,0.282075051167264,1,"supported"
"Micropterus_salmoides","Null","joint_bb",0.731357033218149,0.686111881154287,0.773956292454146,0.284765715075615,1,"supported"
"Enoplosus_armatus","Null","joint_bb",0.731357033218149,0.686111881154287,0.773956292454146,0.272788757222449,1,"supported"
"Oplegnathus_fasciatus","Null","joint_bb",0.731357033218149,0.686111881154287,0.773956292454146,0.27558642312276,1,"supported"
"Oplegnathus_punctatus","Null","joint_bb",0.731357033218149,0.686111881154287,0.773956292454146,0.283849870414653,1,"supported"
"Maccullochella_peelii","Null","joint_bb",0.731357033218149,0.686111881154287,0.773956292454146,0.294394015580919,1,"supported"
"Siniperca_chuatsi","Null","joint_bb",0.731357033218149,0.686111881154287,0.773956292454146,0.290516455120332,1,"supported"
"Siniperca_scherzeri","Null","joint_bb",0.731357033218149,0.686111881154287,0.773956292454146,0.280001103734437,1,"supported"
"Scortum_barcoo","Null","joint_bb",0.731357033218149,0.686111881154287,0.773956292454146,0.280279829008476,1,"supported"
"Anarhichas_minor","Null","joint_bb",0.731357033218149,0.686111881154287,0.773956292454146,0.281187987059757,1,"supported"
"Anarrhichthys_ocellatus","Null","joint_bb",0.731357033218149,0.686111881154287,0.773956292454146,0.281964144164026,1,"supported"
"Anoplopoma_fimbria","Null","joint_bb",0.731357033218149,0.686111881154287,0.773956292454146,0.278751193371333,1,"supported"
"Pogonophryne_albipinna","Null","joint_bb",0.731357033218149,0.686111881154287,0.773956292454146,0.264176448229181,1,"supported"
"Gymnodraco_acuticeps","Null","joint_bb",0.731357033218149,0.686111881154287,0.773956292454146,0.284496057724535,1,"supported"
"Cottoperca_gobio","Null","joint_bb",0.731357033218149,0.686111881154287,0.773956292454146,0.277020434404778,1,"supported"
"Cebidichthys_violaceus","Null","joint_bb",0.731357033218149,0.686111881154287,0.773956292454146,0.274935121339953,1,"supported"
"Chaenocephalus_aceratus","Null","joint_bb",0.731357033218149,0.686111881154287,0.773956292454146,0.290367322680035,1,"supported"
"Champsocephalus_esox","Null","joint_bb",0.731357033218149,0.686111881154287,0.773956292454146,0.269890924300971,1,"supported"
"Champsocephalus_gunnari","Null","joint_bb",0.731357033218149,0.686111881154287,0.773956292454146,0.287207316807614,1,"supported"
"Pseudochaenichthys_georgianus","Null","joint_bb",0.731357033218149,0.686111881154287,0.773956292454146,0.277184625442648,1,"supported"
"Clinocottus_analis","Null","joint_bb",0.731357033218149,0.686111881154287,0.773956292454146,0.281498143134593,1,"supported"
"Taurulus_bubalis","Null","joint_bb",0.731357033218149,0.686111881154287,0.773956292454146,0.287782090292117,1,"supported"
"Cyclopterus_lumpus","Null","joint_bb",0.731357033218149,0.686111881154287,0.773956292454146,0.276413113748641,1,"supported"
"Eleginops_maclovinus","Null","joint_bb",0.731357033218149,0.686111881154287,0.773956292454146,0.28344849997616,1,"supported"
"Cromileptes_altivelis","Null","joint_bb",0.731357033218149,0.686111881154287,0.773956292454146,0.277653632293765,1,"supported"
"Epinephelus_bruneus","Null","joint_bb",0.731357033218149,0.686111881154287,0.773956292454146,0.27389425160665,1,"supported"
"Epinephelus_coioides","Null","joint_bb",0.731357033218149,0.686111881154287,0.773956292454146,0.279823588543146,1,"supported"
"Epinephelus_fuscoguttatus","Null","joint_bb",0.731357033218149,0.686111881154287,0.773956292454146,0.270610402275164,1,"supported"
"Epinephelus_lanceolatus","Null","joint_bb",0.731357033218149,0.686111881154287,0.773956292454146,0.277610059143353,1,"supported"
"Epinephelus_malabaricus","Null","joint_bb",0.731357033218149,0.686111881154287,0.773956292454146,0.280910305740997,1,"supported"
"Epinephelus_multinotatus","Null","joint_bb",0.731357033218149,0.686111881154287,0.773956292454146,0.28514808276344,1,"supported"
"Plectropomus_leopardus","Null","joint_bb",0.731357033218149,0.686111881154287,0.773956292454146,0.283393999409035,1,"supported"
"Gasterosteus_aculeatus","Null","joint_bb",0.731357033218149,0.686111881154287,0.773956292454146,0.274207574825432,1,"supported"
"Pungitius_pungitius","Null","joint_bb",0.731357033218149,0.686111881154287,0.773956292454146,0.277419477287889,1,"supported"
"Pungitius_sinensis","Null","joint_bb",0.731357033218149,0.686111881154287,0.773956292454146,0.272392595597915,1,"supported"
"Dissostichus_eleginoides","Null","joint_bb",0.731357033218149,0.686111881154287,0.773956292454146,0.281030779121821,1,"supported"
"Dissostichus_mawsoni","Null","joint_bb",0.731357033218149,0.686111881154287,0.773956292454146,0.272254172238157,1,"supported"
"Notothenia_rossii","Null","joint_bb",0.731357033218149,0.686111881154287,0.773956292454146,0.27395416496054,1,"supported"
"Pagothenia_borchgrevinki","Null","joint_bb",0.731357033218149,0.686111881154287,0.773956292454146,0.283198890991983,1,"supported"
"Trematomus_bernacchii","Null","joint_bb",0.731357033218149,0.686111881154287,0.773956292454146,0.28793313671751,1,"supported"
"Etheostoma_cragini","Null","joint_bb",0.731357033218149,0.686111881154287,0.773956292454146,0.280099686481886,1,"supported"
"Perca_flavescens","Null","joint_bb",0.731357033218149,0.686111881154287,0.773956292454146,0.277319453890125,1,"supported"
"Perca_fluviatilis","Null","joint_bb",0.731357033218149,0.686111881154287,0.773956292454146,0.294561400870504,1,"supported"
"Sander_lucioperca","Null","joint_bb",0.731357033218149,0.686111881154287,0.773956292454146,0.285579877806662,1,"supported"
"Sander_vitreus","Null","joint_bb",0.731357033218149,0.686111881154287,0.773956292454146,0.277734165513173,1,"supported"
"Pholis_gunnellus","Null","joint_bb",0.731357033218149,0.686111881154287,0.773956292454146,0.272454928822004,1,"supported"
"Sebastes_fasciatus","Null","joint_bb",0.731357033218149,0.686111881154287,0.773956292454146,0.286276513759543,1,"supported"
"Sebastes_schlegelii","Null","joint_bb",0.731357033218149,0.686111881154287,0.773956292454146,0.264682178598569,1,"supported"
"Sebastes_umbrosus","Null","joint_bb",0.731357033218149,0.686111881154287,0.773956292454146,0.284966598541589,1,"supported"
"Centropristis_striata","Null","joint_bb",0.731357033218149,0.686111881154287,0.773956292454146,0.284873173297224,1,"supported"
"Echiichthys_vipera","Null","joint_bb",0.731357033218149,0.686111881154287,0.773956292454146,0.271779961618998,1,"supported"
"Eutrigla_gurnardus","Null","joint_bb",0.731357033218149,0.686111881154287,0.773956292454146,0.276276465128178,1,"supported"
"Lycodes_pacificus","Null","joint_bb",0.731357033218149,0.686111881154287,0.773956292454146,0.279786944931254,1,"supported"
"Melanostigma_gelatinosum","Null","joint_bb",0.731357033218149,0.686111881154287,0.773956292454146,0.273000241211931,1,"supported"
"Zoarces_viviparus","Null","joint_bb",0.731357033218149,0.686111881154287,0.773956292454146,0.27847688673696,1,"supported"
"Erpetoichthys_calabaricus","Null","schemeA_tobit",0.711857186207603,0.654006738924716,0.764951540517791,0,1,"supported"
"Polypterus_senegalus","Null","schemeA_tobit",0.711857186207603,0.654006738924716,0.764951540517791,0,1,"supported"
"Acipenser_oxyrinchus","Null","schemeA_tobit",0.711857186207603,0.654006738924716,0.764951540517791,0,1,"supported"
"Acipenser_ruthenus","Null","schemeA_tobit",0.711857186207603,0.654006738924716,0.764951540517791,0,1,"supported"
"Acipenser_sinensis","Null","schemeA_tobit",0.711857186207603,0.654006738924716,0.764951540517791,0,1,"supported"
"Huso_huso","Null","schemeA_tobit",0.711857186207603,0.654006738924716,0.764951540517791,0,1,"supported"
"Polyodon_spathula","Null","schemeA_tobit",0.711857186207603,0.654006738924716,0.764951540517791,0,1,"supported"
"Amia_ocellicauda","Null","schemeA_tobit",0.711857186207603,0.654006738924716,0.764951540517791,0,1,"supported"
"Atractosteus_spatula","Null","schemeA_tobit",0.711857186207603,0.654006738924716,0.764951540517791,0,1,"supported"
"Lepisosteus_oculatus","Null","schemeA_tobit",0.711857186207603,0.654006738924716,0.764951540517791,0,1,"supported"
"Megalops_atlanticus","Null","schemeA_tobit",0.711857186207603,0.654006738924716,0.764951540517791,0,1,"supported"
"Megalops_cyprinoides","Null","schemeA_tobit",0.711857186207603,0.654006738924716,0.764951540517791,0,1,"supported"
"Albula_glossodonta","Null","schemeA_tobit",0.711857186207603,0.654006738924716,0.764951540517791,0,1,"supported"
"Albula_goreensis","Null","schemeA_tobit",0.711857186207603,0.654006738924716,0.764951540517791,0,1,"supported"
"Aldrovandia_affinis","Null","schemeA_tobit",0.711857186207603,0.654006738924716,0.764951540517791,0,1,"supported"
"Anguilla_anguilla","Null","schemeA_tobit",0.711857186207603,0.654006738924716,0.764951540517791,0,1,"supported"
"Anguilla_japonica","Null","schemeA_tobit",0.711857186207603,0.654006738924716,0.764951540517791,0,1,"supported"
"Anguilla_rostrata","Null","schemeA_tobit",0.711857186207603,0.654006738924716,0.764951540517791,0,1,"supported"
"Conger_conger","Null","schemeA_tobit",0.711857186207603,0.654006738924716,0.764951540517791,0,1,"supported"
"Gymnothorax_javanicus","Null","schemeA_tobit",0.711857186207603,0.654006738924716,0.764951540517791,0,1,"supported"
"Synaphobranchus_kaupii","Null","schemeA_tobit",0.711857186207603,0.654006738924716,0.764951540517791,0,1,"supported"
"Arapaima_gigas","Null","schemeA_tobit",0.711857186207603,0.654006738924716,0.764951540517791,0,1,"supported"
"Brienomyrus_brachyistius","Null","schemeA_tobit",0.711857186207603,0.654006738924716,0.764951540517791,0,1,"supported"
"Paramormyrops_kingsleyae","Null","schemeA_tobit",0.711857186207603,0.654006738924716,0.764951540517791,0,1,"supported"
"Scleropages_formosus","Null","schemeA_tobit",0.711857186207603,0.654006738924716,0.764951540517791,0,1,"supported"
"Hiodon_alosoides","Null","schemeA_tobit",0.711857186207603,0.654006738924716,0.764951540517791,0,1,"supported"
"Alosa_alosa","Null","schemeA_tobit",0.711857186207603,0.654006738924716,0.764951540517791,0,1,"supported"
"Alosa_pseudoharengus","Null","schemeA_tobit",0.711857186207603,0.654006738924716,0.764951540517791,0,1,"supported"
"Alosa_sapidissima","Null","schemeA_tobit",0.711857186207603,0.654006738924716,0.764951540517791,0,1,"supported"
"Sardina_pilchardus","Null","schemeA_tobit",0.711857186207603,0.654006738924716,0.764951540517791,0,1,"supported"
"Clupea_harengus","Null","schemeA_tobit",0.711857186207603,0.654006738924716,0.764951540517791,0,1,"supported"
"Sprattus_sprattus","Null","schemeA_tobit",0.711857186207603,0.654006738924716,0.764951540517791,0,1,"supported"
"Denticeps_clupeoides","Null","schemeA_tobit",0.711857186207603,0.654006738924716,0.764951540517791,0,1,"supported"
"Coilia_grayii","Null","schemeA_tobit",0.711857186207603,0.654006738924716,0.764951540517791,0,1,"supported"
"Coilia_mystus","Null","schemeA_tobit",0.711857186207603,0.654006738924716,0.764951540517791,0,1,"supported"
"Engraulis_encrasicolus","Null","schemeA_tobit",0.711857186207603,0.654006738924716,0.764951540517791,0,1,"supported"
"Chanos_chanos","Null","schemeA_tobit",0.711857186207603,0.654006738924716,0.764951540517791,0,1,"supported"
"Myxocyprinus_asiaticus","Null","schemeA_tobit",0.711857186207603,0.654006738924716,0.764951540517791,0,1,"supported"
"Xyrauchen_texanus","Null","schemeA_tobit",0.711857186207603,0.654006738924716,0.764951540517791,0,1,"supported"
"Misgurnus_anguillicaudatus","Null","schemeA_tobit",0.711857186207603,0.654006738924716,0.764951540517791,0,1,"supported"
"Paramisgurnus_dabryanus","Null","schemeA_tobit",0.711857186207603,0.654006738924716,0.764951540517791,0,1,"supported"
"Abramis_brama","Null","schemeA_tobit",0.711857186207603,0.654006738924716,0.764951540517791,0,1,"supported"
"Barbus_barbus","Null","schemeA_tobit",0.711857186207603,0.654006738924716,0.764951540517791,0,1,"supported"
"Carassius_auratus","Null","schemeA_tobit",0.711857186207603,0.654006738924716,0.764951540517791,0,1,"supported"
"Carassius_carassius","Null","schemeA_tobit",0.711857186207603,0.654006738924716,0.764951540517791,0,1,"supported"
"Carassius_gibelio","Null","schemeA_tobit",0.711857186207603,0.654006738924716,0.764951540517791,0,1,"supported"
"Chanodichthys_erythropterus","Null","schemeA_tobit",0.711857186207603,0.654006738924716,0.764951540517791,0,1,"supported"
"Cirrhinus_molitorella","Null","schemeA_tobit",0.711857186207603,0.654006738924716,0.764951540517791,0,1,"supported"
"Ctenopharyngodon_idella","Null","schemeA_tobit",0.711857186207603,0.654006738924716,0.764951540517791,0,1,"supported"
"Culter_alburnus","Null","schemeA_tobit",0.711857186207603,0.654006738924716,0.764951540517791,0,1,"supported"
"Cyprinella_venusta","Null","schemeA_tobit",0.711857186207603,0.654006738924716,0.764951540517791,0,1,"supported"
"Cyprinus_carpio","Null","schemeA_tobit",0.711857186207603,0.654006738924716,0.764951540517791,0,1,"supported"
"Danio_aesculapii","Null","schemeA_tobit",0.711857186207603,0.654006738924716,0.764951540517791,0,1,"supported"
"Danio_rerio","Null","schemeA_tobit",0.711857186207603,0.654006738924716,0.764951540517791,0,1,"supported"
"Garra_rufa","Null","schemeA_tobit",0.711857186207603,0.654006738924716,0.764951540517791,0,1,"supported"
"Hemiculter_leucisculus","Null","schemeA_tobit",0.711857186207603,0.654006738924716,0.764951540517791,0,1,"supported"
"Labeo_rohita","Null","schemeA_tobit",0.711857186207603,0.654006738924716,0.764951540517791,0,1,"supported"
"Leuciscus_chuanchicus","Null","schemeA_tobit",0.711857186207603,0.654006738924716,0.764951540517791,0,1,"supported"
"Leuciscus_leuciscus","Null","schemeA_tobit",0.711857186207603,0.654006738924716,0.764951540517791,0,1,"supported"
"Leuciscus_waleckii","Null","schemeA_tobit",0.711857186207603,0.654006738924716,0.764951540517791,0,1,"supported"
"Megalobrama_amblycephala","Null","schemeA_tobit",0.711857186207603,0.654006738924716,0.764951540517791,0,1,"supported"
"Mylopharyngodon_piceus","Null","schemeA_tobit",0.711857186207603,0.654006738924716,0.764951540517791,0,1,"supported"
"Onychostoma_macrolepis","Null","schemeA_tobit",0.711857186207603,0.654006738924716,0.764951540517791,0,1,"supported"
"Phoxinus_phoxinus","Null","schemeA_tobit",0.711857186207603,0.654006738924716,0.764951540517791,0,1,"supported"
"Pimephales_promelas","Null","schemeA_tobit",0.711857186207603,0.654006738924716,0.764951540517791,0,1,"supported"
"Pseudorasbora_parva","Null","schemeA_tobit",0.711857186207603,0.654006738924716,0.764951540517791,0,1,"supported"
"Puntigrus_tetrazona","Null","schemeA_tobit",0.711857186207603,0.654006738924716,0.764951540517791,0,1,"supported"
"Rutilus_rutilus","Null","schemeA_tobit",0.711857186207603,0.654006738924716,0.764951540517791,0,1,"supported"
"Scardinius_erythrophthalmus","Null","schemeA_tobit",0.711857186207603,0.654006738924716,0.764951540517791,0,1,"supported"
"Sinocyclocheilus_anshuiensis","Null","schemeA_tobit",0.711857186207603,0.654006738924716,0.764951540517791,0,1,"supported"
"Sinocyclocheilus_grahami","Null","schemeA_tobit",0.711857186207603,0.654006738924716,0.764951540517791,0,1,"supported"
"Sinocyclocheilus_rhinocerous","Null","schemeA_tobit",0.711857186207603,0.654006738924716,0.764951540517791,0,1,"supported"
"Siphateles_boraxobius","Null","schemeA_tobit",0.711857186207603,0.654006738924716,0.764951540517791,0,1,"supported"
"Squalius_cephalus","Null","schemeA_tobit",0.711857186207603,0.654006738924716,0.764951540517791,0,1,"supported"
"Gobio_gobio","Null","schemeA_tobit",0.711857186207603,0.654006738924716,0.764951540517791,0,1,"supported"
"Rhinichthys_klamathensis","Null","schemeA_tobit",0.711857186207603,0.654006738924716,0.764951540517791,0,1,"supported"
"Barbatula_barbatula","Null","schemeA_tobit",0.711857186207603,0.654006738924716,0.764951540517791,0,1,"supported"
"Triplophysa_dalaica","Null","schemeA_tobit",0.711857186207603,0.654006738924716,0.764951540517791,0,1,"supported"
"Triplophysa_rosa","Null","schemeA_tobit",0.711857186207603,0.654006738924716,0.764951540517791,0,1,"supported"
"Astyanax_lacustris","Null","schemeA_tobit",0.711857186207603,0.654006738924716,0.764951540517791,0,1,"supported"
"Astyanax_mexicanus","Null","schemeA_tobit",0.711857186207603,0.654006738924716,0.764951540517791,0,1,"supported"
"Salminus_brasiliensis","Null","schemeA_tobit",0.711857186207603,0.654006738924716,0.764951540517791,0,1,"supported"
"Hoplias_malabaricus","Null","schemeA_tobit",0.711857186207603,0.654006738924716,0.764951540517791,0,1,"supported"
"Prochilodus_magdalenae","Null","schemeA_tobit",0.711857186207603,0.654006738924716,0.764951540517791,0,1,"supported"
"Acnodon_oligacanthus","Null","schemeA_tobit",0.711857186207603,0.654006738924716,0.764951540517791,0,1,"supported"
"Colossoma_macropomum","Null","schemeA_tobit",0.711857186207603,0.654006738924716,0.764951540517791,0,1,"supported"
"Metynnis_hypsauchen","Null","schemeA_tobit",0.711857186207603,0.654006738924716,0.764951540517791,0,1,"supported"
"Pygocentrus_nattereri","Null","schemeA_tobit",0.711857186207603,0.654006738924716,0.764951540517791,0,1,"supported"
"Serrasalmus_rhombeus","Null","schemeA_tobit",0.711857186207603,0.654006738924716,0.764951540517791,0,1,"supported"
"Electrophorus_electricus","Null","schemeA_tobit",0.711857186207603,0.654006738924716,0.764951540517791,0,1,"supported"
"Electrophorus_voltai","Null","schemeA_tobit",0.711857186207603,0.654006738924716,0.764951540517791,0,1,"supported"
"Brachyhypopomus_gauderio","Null","schemeA_tobit",0.711857186207603,0.654006738924716,0.764951540517791,0,1,"supported"
"Neoarius_graeffei","Null","schemeA_tobit",0.711857186207603,0.654006738924716,0.764951540517791,0,1,"supported"
"Hemibagrus_guttatus","Null","schemeA_tobit",0.711857186207603,0.654006738924716,0.764951540517791,0,1,"supported"
"Hemibagrus_wyckioides","Null","schemeA_tobit",0.711857186207603,0.654006738924716,0.764951540517791,0,1,"supported"
"Tachysurus_fulvidraco","Null","schemeA_tobit",0.711857186207603,0.654006738924716,0.764951540517791,0,1,"supported"
"Tachysurus_vachellii","Null","schemeA_tobit",0.711857186207603,0.654006738924716,0.764951540517791,0,1,"supported"
"Clarias_gariepinus","Null","schemeA_tobit",0.711857186207603,0.654006738924716,0.764951540517791,0,1,"supported"
"Clarias_magur","Null","schemeA_tobit",0.711857186207603,0.654006738924716,0.764951540517791,0,1,"supported"
"Ictalurus_furcatus","Null","schemeA_tobit",0.711857186207603,0.654006738924716,0.764951540517791,0,1,"supported"
"Ictalurus_punctatus","Null","schemeA_tobit",0.711857186207603,0.654006738924716,0.764951540517791,0,1,"supported"
"Pangasianodon_gigas","Null","schemeA_tobit",0.711857186207603,0.654006738924716,0.764951540517791,0,1,"supported"
"Pangasianodon_hypophthalmus","Null","schemeA_tobit",0.711857186207603,0.654006738924716,0.764951540517791,0,1,"supported"
"Silurus_aristotelis","Null","schemeA_tobit",0.711857186207603,0.654006738924716,0.764951540517791,0,1,"supported"
"Silurus_asotus","Null","schemeA_tobit",0.711857186207603,0.654006738924716,0.764951540517791,0,1,"supported"
"Silurus_meridionalis","Null","schemeA_tobit",0.711857186207603,0.654006738924716,0.764951540517791,0,1,"supported"
"Trichomycterus_rosablanca","Null","schemeA_tobit",0.711857186207603,0.654006738924716,0.764951540517791,0,1,"supported"
"Nansenia_antarctica","Null","schemeA_tobit",0.711857186207603,0.654006738924716,0.764951540517791,0,1,"supported"
"Galaxias_brevipinnis","Null","schemeA_tobit",0.711857186207603,0.654006738924716,0.764951540517791,0,1,"supported"
"Coregonus_albula","Null","schemeA_tobit",0.711857186207603,0.654006738924716,0.764951540517791,0,1,"supported"
"Coregonus_clupeaformis","Null","schemeA_tobit",0.711857186207603,0.654006738924716,0.764951540517791,0,1,"supported"
"Coregonus_lavaretus","Null","schemeA_tobit",0.711857186207603,0.654006738924716,0.764951540517791,0,1,"supported"
"Coregonus_suidteri","Null","schemeA_tobit",0.711857186207603,0.654006738924716,0.764951540517791,0,1,"supported"
"Oncorhynchus_clarkii","Null","schemeA_tobit",0.711857186207603,0.654006738924716,0.764951540517791,0,1,"supported"
"Oncorhynchus_gorbuscha","Null","schemeA_tobit",0.711857186207603,0.654006738924716,0.764951540517791,0,1,"supported"
"Oncorhynchus_keta","Null","schemeA_tobit",0.711857186207603,0.654006738924716,0.764951540517791,0,1,"supported"
"Oncorhynchus_kisutch","Null","schemeA_tobit",0.711857186207603,0.654006738924716,0.764951540517791,0,1,"supported"
"Oncorhynchus_masou","Null","schemeA_tobit",0.711857186207603,0.654006738924716,0.764951540517791,0,1,"supported"
"Oncorhynchus_mykiss","Null","schemeA_tobit",0.711857186207603,0.654006738924716,0.764951540517791,0,1,"supported"
"Oncorhynchus_nerka","Null","schemeA_tobit",0.711857186207603,0.654006738924716,0.764951540517791,0,1,"supported"
"Oncorhynchus_tshawytscha","Null","schemeA_tobit",0.711857186207603,0.654006738924716,0.764951540517791,0,1,"supported"
"Salmo_salar","Null","schemeA_tobit",0.711857186207603,0.654006738924716,0.764951540517791,0,1,"supported"
"Salmo_trutta","Null","schemeA_tobit",0.711857186207603,0.654006738924716,0.764951540517791,0,1,"supported"
"Salvelinus_alpinus","Null","schemeA_tobit",0.711857186207603,0.654006738924716,0.764951540517791,0,1,"supported"
"Salvelinus_fontinalis","Null","schemeA_tobit",0.711857186207603,0.654006738924716,0.764951540517791,0,1,"supported"
"Salvelinus_namaycush","Null","schemeA_tobit",0.711857186207603,0.654006738924716,0.764951540517791,0,1,"supported"
"Dallia_pectoralis","Null","schemeA_tobit",0.711857186207603,0.654006738924716,0.764951540517791,0,1,"supported"
"Esox_lucius","Null","schemeA_tobit",0.711857186207603,0.654006738924716,0.764951540517791,0,1,"supported"
"Umbra_pygmaea","Null","schemeA_tobit",0.711857186207603,0.654006738924716,0.764951540517791,0,1,"supported"
"Hypomesus_nipponensis","Null","schemeA_tobit",0.711857186207603,0.654006738924716,0.764951540517791,0,1,"supported"
"Hypomesus_transpacificus","Null","schemeA_tobit",0.711857186207603,0.654006738924716,0.764951540517791,0,1,"supported"
"Osmerus_eperlanus","Null","schemeA_tobit",0.711857186207603,0.654006738924716,0.764951540517791,0,1,"supported"
"Osmerus_mordax","Null","schemeA_tobit",0.711857186207603,0.654006738924716,0.764951540517791,0,1,"supported"
"Benthosema_glaciale","Null","schemeA_tobit",0.711857186207603,0.654006738924716,0.764951540517791,0,1,"supported"
"Electrona_antarctica","Null","schemeA_tobit",0.711857186207603,0.654006738924716,0.764951540517791,0,1,"supported"
"Gymnoscopelus_braueri","Null","schemeA_tobit",0.711857186207603,0.654006738924716,0.764951540517791,0,1,"supported"
"Gymnoscopelus_microlampas","Null","schemeA_tobit",0.711857186207603,0.654006738924716,0.764951540517791,0,1,"supported"
"Nannobrachium_achirus","Null","schemeA_tobit",0.711857186207603,0.654006738924716,0.764951540517791,0,1,"supported"
"Protomyctophum_bolini","Null","schemeA_tobit",0.711857186207603,0.654006738924716,0.764951540517791,0,1,"supported"
"Protomyctophum_parallelum","Null","schemeA_tobit",0.711857186207603,0.654006738924716,0.764951540517791,0,1,"supported"
"Polymixia_hollisterae","Null","schemeA_tobit",0.711857186207603,0.654006738924716,0.764951540517791,0,1,"supported"
"Polymixia_lowei","Null","schemeA_tobit",0.711857186207603,0.654006738924716,0.764951540517791,0,1,"supported"
"Centroberyx_affinis","Null","schemeA_tobit",0.711857186207603,0.654006738924716,0.764951540517791,0,1,"supported"
"Centroberyx_gerrardi","Null","schemeA_tobit",0.711857186207603,0.654006738924716,0.764951540517791,0,1,"supported"
"Poromitra_crassiceps","Null","schemeA_tobit",0.711857186207603,0.654006738924716,0.764951540517791,0,1,"supported"
"Myripristis_murdjan","Null","schemeA_tobit",0.711857186207603,0.654006738924716,0.764951540517791,0,1,"supported"
"Lucifuga_dentata","Null","schemeA_tobit",0.711857186207603,0.654006738924716,0.764951540517791,0,1,"supported"
"Genypterus_blacodes","Null","schemeA_tobit",0.711857186207603,0.654006738924716,0.764951540517791,0,1,"supported"
"Arripis_georgiana","Null","schemeA_tobit",0.711857186207603,0.654006738924716,0.764951540517791,0,1,"supported"
"Katsuwonus_pelamis","Null","schemeA_tobit",0.711857186207603,0.654006738924716,0.764951540517791,0,1,"supported"
"Sarda_sarda","Null","schemeA_tobit",0.711857186207603,0.654006738924716,0.764951540517791,0,1,"supported"
"Scomber_japonicus","Null","schemeA_tobit",0.711857186207603,0.654006738924716,0.764951540517791,0,1,"supported"
"Scomber_scombrus","Null","schemeA_tobit",0.711857186207603,0.654006738924716,0.764951540517791,0,1,"supported"
"Thunnus_alalunga","Null","schemeA_tobit",0.711857186207603,0.654006738924716,0.764951540517791,0,1,"supported"
"Thunnus_albacares","Null","schemeA_tobit",0.711857186207603,0.654006738924716,0.764951540517791,0,1,"supported"
"Thunnus_atlanticus","Null","schemeA_tobit",0.711857186207603,0.654006738924716,0.764951540517791,0,1,"supported"
"Thunnus_maccoyii","Null","schemeA_tobit",0.711857186207603,0.654006738924716,0.764951540517791,0,1,"supported"
"Thunnus_obesus","Null","schemeA_tobit",0.711857186207603,0.654006738924716,0.764951540517791,0,1,"supported"
"Thunnus_orientalis","Null","schemeA_tobit",0.711857186207603,0.654006738924716,0.764951540517791,0,1,"supported"
"Thunnus_thynnus","Null","schemeA_tobit",0.711857186207603,0.654006738924716,0.764951540517791,0,1,"supported"
"Thunnus_tonggol","Null","schemeA_tobit",0.711857186207603,0.654006738924716,0.764951540517791,0,1,"supported"
"Pampus_argenteus","Null","schemeA_tobit",0.711857186207603,0.654006738924716,0.764951540517791,0,1,"supported"
"Pampus_punctatissimus","Null","schemeA_tobit",0.711857186207603,0.654006738924716,0.764951540517791,0,1,"supported"
"Aulostomus_chinensis","Null","schemeA_tobit",0.711857186207603,0.654006738924716,0.764951540517791,0,1,"supported"
"Fistularia_commersonii","Null","schemeA_tobit",0.711857186207603,0.654006738924716,0.764951540517791,0,1,"supported"
"Pterapogon_kauderni","Null","schemeA_tobit",0.711857186207603,0.654006738924716,0.764951540517791,0,1,"supported"
"Sphaeramia_orbicularis","Null","schemeA_tobit",0.711857186207603,0.654006738924716,0.764951540517791,0,1,"supported"
"Oxyeleotris_marmorata","Null","schemeA_tobit",0.711857186207603,0.654006738924716,0.764951540517791,0,1,"supported"
"Boleophthalmus_pectinirostris","Null","schemeA_tobit",0.711857186207603,0.654006738924716,0.764951540517791,0,1,"supported"
"Eucyclogobius_newberryi","Null","schemeA_tobit",0.711857186207603,0.654006738924716,0.764951540517791,0,1,"supported"
"Gobius_niger","Null","schemeA_tobit",0.711857186207603,0.654006738924716,0.764951540517791,0,1,"supported"
"Knipowitschia_caucasica","Null","schemeA_tobit",0.711857186207603,0.654006738924716,0.764951540517791,0,1,"supported"
"Mugilogobius_chulae","Null","schemeA_tobit",0.711857186207603,0.654006738924716,0.764951540517791,0,1,"supported"
"Periophthalmus_magnuspinnatus","Null","schemeA_tobit",0.711857186207603,0.654006738924716,0.764951540517791,0,1,"supported"
"Mastacembelus_armatus","Null","schemeA_tobit",0.711857186207603,0.654006738924716,0.764951540517791,0,1,"supported"
"Monopterus_albus","Null","schemeA_tobit",0.711857186207603,0.654006738924716,0.764951540517791,0,1,"supported"
"Anabas_testudineus","Null","schemeA_tobit",0.711857186207603,0.654006738924716,0.764951540517791,0,1,"supported"
"Channa_argus","Null","schemeA_tobit",0.711857186207603,0.654006738924716,0.764951540517791,0,1,"supported"
"Channa_striata","Null","schemeA_tobit",0.711857186207603,0.654006738924716,0.764951540517791,0,1,"supported"
"Betta_splendens","Null","schemeA_tobit",0.711857186207603,0.654006738924716,0.764951540517791,0,1,"supported"
"Trichopodus_trichopterus","Null","schemeA_tobit",0.711857186207603,0.654006738924716,0.764951540517791,0,1,"supported"
"Lates_calcarifer","Null","schemeA_tobit",0.711857186207603,0.654006738924716,0.764951540517791,0,1,"supported"
"Lates_japonicus","Null","schemeA_tobit",0.711857186207603,0.654006738924716,0.764951540517791,0,1,"supported"
"Eleutheronema_tetradactylum","Null","schemeA_tobit",0.711857186207603,0.654006738924716,0.764951540517791,0,1,"supported"
"Toxotes_jaculatrix","Null","schemeA_tobit",0.711857186207603,0.654006738924716,0.764951540517791,0,1,"supported"
"Xiphias_gladius","Null","schemeA_tobit",0.711857186207603,0.654006738924716,0.764951540517791,0,1,"supported"
"Caranx_melampygus","Null","schemeA_tobit",0.711857186207603,0.654006738924716,0.764951540517791,0,1,"supported"
"Seriola_dumerili","Null","schemeA_tobit",0.711857186207603,0.654006738924716,0.764951540517791,0,1,"supported"
"Seriola_lalandi","Null","schemeA_tobit",0.711857186207603,0.654006738924716,0.764951540517791,0,1,"supported"
"Trachinotus_anak","Null","schemeA_tobit",0.711857186207603,0.654006738924716,0.764951540517791,0,1,"supported"
"Trachurus_japonicus","Null","schemeA_tobit",0.711857186207603,0.654006738924716,0.764951540517791,0,1,"supported"
"Trachurus_trachurus","Null","schemeA_tobit",0.711857186207603,0.654006738924716,0.764951540517791,0,1,"supported"
"Echeneis_naucrates","Null","schemeA_tobit",0.711857186207603,0.654006738924716,0.764951540517791,0,1,"supported"
"Paralichthys_olivaceus","Null","schemeA_tobit",0.711857186207603,0.654006738924716,0.764951540517791,0,1,"supported"
"Hippoglossus_hippoglossus","Null","schemeA_tobit",0.711857186207603,0.654006738924716,0.764951540517791,0,1,"supported"
"Hippoglossus_stenolepis","Null","schemeA_tobit",0.711857186207603,0.654006738924716,0.764951540517791,0,1,"supported"
"Limanda_limanda","Null","schemeA_tobit",0.711857186207603,0.654006738924716,0.764951540517791,0,1,"supported"
"Platichthys_flesus","Null","schemeA_tobit",0.711857186207603,0.654006738924716,0.764951540517791,0,1,"supported"
"Platichthys_stellatus","Null","schemeA_tobit",0.711857186207603,0.654006738924716,0.764951540517791,0,1,"supported"
"Pleuronectes_platessa","Null","schemeA_tobit",0.711857186207603,0.654006738924716,0.764951540517791,0,1,"supported"
"Scophthalmus_maximus","Null","schemeA_tobit",0.711857186207603,0.654006738924716,0.764951540517791,0,1,"supported"
"Microchirus_variegatus","Null","schemeA_tobit",0.711857186207603,0.654006738924716,0.764951540517791,0,1,"supported"
"Solea_senegalensis","Null","schemeA_tobit",0.711857186207603,0.654006738924716,0.764951540517791,0,1,"supported"
"Solea_solea","Null","schemeA_tobit",0.711857186207603,0.654006738924716,0.764951540517791,0,1,"supported"
"Parambassis_ranga","Null","schemeA_tobit",0.711857186207603,0.654006738924716,0.764951540517791,0,1,"supported"
"Brachyistius_frenatus","Null","schemeA_tobit",0.711857186207603,0.654006738924716,0.764951540517791,0,1,"supported"
"Embiotoca_jacksoni","Null","schemeA_tobit",0.711857186207603,0.654006738924716,0.764951540517791,0,1,"supported"
"Acanthochromis_polyacanthus","Null","schemeA_tobit",0.711857186207603,0.654006738924716,0.764951540517791,0,1,"supported"
"Amphiprion_ocellaris","Null","schemeA_tobit",0.711857186207603,0.654006738924716,0.764951540517791,0,1,"supported"
"Stegastes_partitus","Null","schemeA_tobit",0.711857186207603,0.654006738924716,0.764951540517791,0,1,"supported"
"Andinoacara_rivulatus","Null","schemeA_tobit",0.711857186207603,0.654006738924716,0.764951540517791,0,1,"supported"
"Archocentrus_centrarchus","Null","schemeA_tobit",0.711857186207603,0.654006738924716,0.764951540517791,0,1,"supported"
"Astatotilapia_burtoni","Null","schemeA_tobit",0.711857186207603,0.654006738924716,0.764951540517791,0,1,"supported"
"Astatotilapia_calliptera","Null","schemeA_tobit",0.711857186207603,0.654006738924716,0.764951540517791,0,1,"supported"
"Astronotus_ocellatus","Null","schemeA_tobit",0.711857186207603,0.654006738924716,0.764951540517791,0,1,"supported"
"Aulonocara_stuartgranti","Null","schemeA_tobit",0.711857186207603,0.654006738924716,0.764951540517791,0,1,"supported"
"Copadichromis_virginalis","Null","schemeA_tobit",0.711857186207603,0.654006738924716,0.764951540517791,0,1,"supported"
"Diplotaxodon_limnothrissa","Null","schemeA_tobit",0.711857186207603,0.654006738924716,0.764951540517791,0,1,"supported"
"Haplochromis_nyererei","Null","schemeA_tobit",0.711857186207603,0.654006738924716,0.764951540517791,0,1,"supported"
"Maylandia_zebra","Null","schemeA_tobit",0.711857186207603,0.654006738924716,0.764951540517791,0,1,"supported"
"Mchenga_conophoros","Null","schemeA_tobit",0.711857186207603,0.654006738924716,0.764951540517791,0,1,"supported"
"Neolamprologus_brichardi","Null","schemeA_tobit",0.711857186207603,0.654006738924716,0.764951540517791,0,1,"supported"
"Neolamprologus_multifasciatus","Null","schemeA_tobit",0.711857186207603,0.654006738924716,0.764951540517791,0,1,"supported"
"Oreochromis_aureus","Null","schemeA_tobit",0.711857186207603,0.654006738924716,0.764951540517791,0,1,"supported"
"Oreochromis_niloticus","Null","schemeA_tobit",0.711857186207603,0.654006738924716,0.764951540517791,0,1,"supported"
"Pelmatolapia_mariae","Null","schemeA_tobit",0.711857186207603,0.654006738924716,0.764951540517791,0,1,"supported"
"Perissodus_microlepis","Null","schemeA_tobit",0.711857186207603,0.654006738924716,0.764951540517791,0,1,"supported"
"Pterophyllum_scalare","Null","schemeA_tobit",0.711857186207603,0.654006738924716,0.764951540517791,0,1,"supported"
"Rhamphochromis_longiceps","Null","schemeA_tobit",0.711857186207603,0.654006738924716,0.764951540517791,0,1,"supported"
"Sarotherodon_galilaeus","Null","schemeA_tobit",0.711857186207603,0.654006738924716,0.764951540517791,0,1,"supported"
"Simochromis_diagramma","Null","schemeA_tobit",0.711857186207603,0.654006738924716,0.764951540517791,0,1,"supported"
"Leuresthes_tenuis","Null","schemeA_tobit",0.711857186207603,0.654006738924716,0.764951540517791,0,1,"supported"
"Menidia_menidia","Null","schemeA_tobit",0.711857186207603,0.654006738924716,0.764951540517791,0,1,"supported"
"Odontesthes_bonariensis","Null","schemeA_tobit",0.711857186207603,0.654006738924716,0.764951540517791,0,1,"supported"
"Melanotaenia_boesemani","Null","schemeA_tobit",0.711857186207603,0.654006738924716,0.764951540517791,0,1,"supported"
"Telmatherina_bonti","Null","schemeA_tobit",0.711857186207603,0.654006738924716,0.764951540517791,0,1,"supported"
"Oryzias_javanicus","Null","schemeA_tobit",0.711857186207603,0.654006738924716,0.764951540517791,0,1,"supported"
"Oryzias_latipes","Null","schemeA_tobit",0.711857186207603,0.654006738924716,0.764951540517791,0,1,"supported"
"Oryzias_melastigma","Null","schemeA_tobit",0.711857186207603,0.654006738924716,0.764951540517791,0,1,"supported"
"Xenentodon_cancila","Null","schemeA_tobit",0.711857186207603,0.654006738924716,0.764951540517791,0,1,"supported"
"Cololabis_saira","Null","schemeA_tobit",0.711857186207603,0.654006738924716,0.764951540517791,0,1,"supported"
"Anableps_anableps","Null","schemeA_tobit",0.711857186207603,0.654006738924716,0.764951540517791,0,1,"supported"
"Cyprinodon_tularosa","Null","schemeA_tobit",0.711857186207603,0.654006738924716,0.764951540517791,0,1,"supported"
"Cyprinodon_variegatus","Null","schemeA_tobit",0.711857186207603,0.654006738924716,0.764951540517791,0,1,"supported"
"Fundulus_diaphanus","Null","schemeA_tobit",0.711857186207603,0.654006738924716,0.764951540517791,0,1,"supported"
"Fundulus_heteroclitus","Null","schemeA_tobit",0.711857186207603,0.654006738924716,0.764951540517791,0,1,"supported"
"Ameca_splendens","Null","schemeA_tobit",0.711857186207603,0.654006738924716,0.764951540517791,0,1,"supported"
"Crenichthys_baileyi","Null","schemeA_tobit",0.711857186207603,0.654006738924716,0.764951540517791,0,1,"supported"
"Girardinichthys_multiradiatus","Null","schemeA_tobit",0.711857186207603,0.654006738924716,0.764951540517791,0,1,"supported"
"Nothobranchius_furzeri","Null","schemeA_tobit",0.711857186207603,0.654006738924716,0.764951540517791,0,1,"supported"
"Nothobranchius_kadleci","Null","schemeA_tobit",0.711857186207603,0.654006738924716,0.764951540517791,0,1,"supported"
"Nothobranchius_pienaari","Null","schemeA_tobit",0.711857186207603,0.654006738924716,0.764951540517791,0,1,"supported"
"Nothobranchius_rachovii","Null","schemeA_tobit",0.711857186207603,0.654006738924716,0.764951540517791,0,1,"supported"
"Gambusia_affinis","Null","schemeA_tobit",0.711857186207603,0.654006738924716,0.764951540517791,0,1,"supported"
"Gambusia_holbrooki","Null","schemeA_tobit",0.711857186207603,0.654006738924716,0.764951540517791,0,1,"supported"
"Poecilia_formosa","Null","schemeA_tobit",0.711857186207603,0.654006738924716,0.764951540517791,0,1,"supported"
"Poecilia_latipinna","Null","schemeA_tobit",0.711857186207603,0.654006738924716,0.764951540517791,0,1,"supported"
"Poecilia_mexicana","Null","schemeA_tobit",0.711857186207603,0.654006738924716,0.764951540517791,0,1,"supported"
"Poecilia_reticulata","Null","schemeA_tobit",0.711857186207603,0.654006738924716,0.764951540517791,0,1,"supported"
"Poeciliopsis_prolifica","Null","schemeA_tobit",0.711857186207603,0.654006738924716,0.764951540517791,0,1,"supported"
"Poropanchax_normani","Null","schemeA_tobit",0.711857186207603,0.654006738924716,0.764951540517791,0,1,"supported"
"Xiphophorus_couchianus","Null","schemeA_tobit",0.711857186207603,0.654006738924716,0.764951540517791,0,1,"supported"
"Xiphophorus_hellerii","Null","schemeA_tobit",0.711857186207603,0.654006738924716,0.764951540517791,0,1,"supported"
"Xiphophorus_maculatus","Null","schemeA_tobit",0.711857186207603,0.654006738924716,0.764951540517791,0,1,"supported"
"Austrofundulus_limnaeus","Null","schemeA_tobit",0.711857186207603,0.654006738924716,0.764951540517791,0,1,"supported"
"Kryptolebias_marmoratus","Null","schemeA_tobit",0.711857186207603,0.654006738924716,0.764951540517791,0,1,"supported"
"Nematolebias_whitei","Null","schemeA_tobit",0.711857186207603,0.654006738924716,0.764951540517791,0,1,"supported"
"Chelon_labrosus","Null","schemeA_tobit",0.711857186207603,0.654006738924716,0.764951540517791,0,1,"supported"
"Mugil_cephalus","Null","schemeA_tobit",0.711857186207603,0.654006738924716,0.764951540517791,0,1,"supported"
"Planiliza_haematocheilus","Null","schemeA_tobit",0.711857186207603,0.654006738924716,0.764951540517791,0,1,"supported"
"Gouania_willdenowi","Null","schemeA_tobit",0.711857186207603,0.654006738924716,0.764951540517791,0,1,"supported"
"Blennius_ocellaris","Null","schemeA_tobit",0.711857186207603,0.654006738924716,0.764951540517791,0,1,"supported"
"Lipophrys_pholis","Null","schemeA_tobit",0.711857186207603,0.654006738924716,0.764951540517791,0,1,"supported"
"Ophioblennius_macclurei","Null","schemeA_tobit",0.711857186207603,0.654006738924716,0.764951540517791,0,1,"supported"
"Salarias_fasciatus","Null","schemeA_tobit",0.711857186207603,0.654006738924716,0.764951540517791,0,1,"supported"
"Cristiceps_australis","Null","schemeA_tobit",0.711857186207603,0.654006738924716,0.764951540517791,0,1,"supported"
"Dicentrarchus_labrax","Null","schemeA_tobit",0.711857186207603,0.654006738924716,0.764951540517791,0,1,"supported"
"Morone_saxatilis","Null","schemeA_tobit",0.711857186207603,0.654006738924716,0.764951540517791,0,1,"supported"
"Scatophagus_argus","Null","schemeA_tobit",0.711857186207603,0.654006738924716,0.764951540517791,0,1,"supported"
"Collichthys_lucidus","Null","schemeA_tobit",0.711857186207603,0.654006738924716,0.764951540517791,0,1,"supported"
"Larimichthys_crocea","Null","schemeA_tobit",0.711857186207603,0.654006738924716,0.764951540517791,0,1,"supported"
"Nibea_albiflora","Null","schemeA_tobit",0.711857186207603,0.654006738924716,0.764951540517791,0,1,"supported"
"Sciaenops_ocellatus","Null","schemeA_tobit",0.711857186207603,0.654006738924716,0.764951540517791,0,1,"supported"
"Siganus_canaliculatus","Null","schemeA_tobit",0.711857186207603,0.654006738924716,0.764951540517791,0,1,"supported"
"Ammodytes_marinus","Null","schemeA_tobit",0.711857186207603,0.654006738924716,0.764951540517791,0,1,"supported"
"Cheilinus_undulatus","Null","schemeA_tobit",0.711857186207603,0.654006738924716,0.764951540517791,0,1,"supported"
"Halichoeres_trimaculatus","Null","schemeA_tobit",0.711857186207603,0.654006738924716,0.764951540517791,0,1,"supported"
"Notolabrus_celidotus","Null","schemeA_tobit",0.711857186207603,0.654006738924716,0.764951540517791,0,1,"supported"
"Semicossyphus_pulcher","Null","schemeA_tobit",0.711857186207603,0.654006738924716,0.764951540517791,0,1,"supported"
"Thalassoma_bifasciatum","Null","schemeA_tobit",0.711857186207603,0.654006738924716,0.764951540517791,0,1,"supported"
"Xyrichtys_novacula","Null","schemeA_tobit",0.711857186207603,0.654006738924716,0.764951540517791,0,1,"supported"
"Platax_orbicularis","Null","schemeA_tobit",0.711857186207603,0.654006738924716,0.764951540517791,0,1,"supported"
"Chaetodon_auriga","Null","schemeA_tobit",0.711857186207603,0.654006738924716,0.764951540517791,0,1,"supported"
"Chaetodon_trifascialis","Null","schemeA_tobit",0.711857186207603,0.654006738924716,0.764951540517791,0,1,"supported"
"Chelmon_rostratus","Null","schemeA_tobit",0.711857186207603,0.654006738924716,0.764951540517791,0,1,"supported"
"Caesio_teres","Null","schemeA_tobit",0.711857186207603,0.654006738924716,0.764951540517791,0,1,"supported"
"Lutjanus_erythropterus","Null","schemeA_tobit",0.711857186207603,0.654006738924716,0.764951540517791,0,1,"supported"
"Pristipomoides_typus","Null","schemeA_tobit",0.711857186207603,0.654006738924716,0.764951540517791,0,1,"supported"
"Symphorus_nematophorus","Null","schemeA_tobit",0.711857186207603,0.654006738924716,0.764951540517791,0,1,"supported"
"Lethrinus_nebulosus","Null","schemeA_tobit",0.711857186207603,0.654006738924716,0.764951540517791,0,1,"supported"
"Acanthopagrus_latus","Null","schemeA_tobit",0.711857186207603,0.654006738924716,0.764951540517791,0,1,"supported"
"Acanthopagrus_schlegelii","Null","schemeA_tobit",0.711857186207603,0.654006738924716,0.764951540517791,0,1,"supported"
"Pagrus_major","Null","schemeA_tobit",0.711857186207603,0.654006738924716,0.764951540517791,0,1,"supported"
"Pagrus_pagrus","Null","schemeA_tobit",0.711857186207603,0.654006738924716,0.764951540517791,0,1,"supported"
"Rhabdosargus_sarba","Null","schemeA_tobit",0.711857186207603,0.654006738924716,0.764951540517791,0,1,"supported"
"Sparus_aurata","Null","schemeA_tobit",0.711857186207603,0.654006738924716,0.764951540517791,0,1,"supported"
"Nelusetta_ayraud","Null","schemeA_tobit",0.711857186207603,0.654006738924716,0.764951540517791,0,1,"supported"
"Lateolabrax_japonicus","Null","schemeA_tobit",0.711857186207603,0.654006738924716,0.764951540517791,0,1,"supported"
"Lateolabrax_maculatus","Null","schemeA_tobit",0.711857186207603,0.654006738924716,0.764951540517791,0,1,"supported"
"Pempheris_klunzingeri","Null","schemeA_tobit",0.711857186207603,0.654006738924716,0.764951540517791,0,1,"supported"
"Micropterus_dolomieu","Null","schemeA_tobit",0.711857186207603,0.654006738924716,0.764951540517791,0,1,"supported"
"Micropterus_salmoides","Null","schemeA_tobit",0.711857186207603,0.654006738924716,0.764951540517791,0,1,"supported"
"Enoplosus_armatus","Null","schemeA_tobit",0.711857186207603,0.654006738924716,0.764951540517791,0,1,"supported"
"Oplegnathus_fasciatus","Null","schemeA_tobit",0.711857186207603,0.654006738924716,0.764951540517791,0,1,"supported"
"Oplegnathus_punctatus","Null","schemeA_tobit",0.711857186207603,0.654006738924716,0.764951540517791,0,1,"supported"
"Maccullochella_peelii","Null","schemeA_tobit",0.711857186207603,0.654006738924716,0.764951540517791,0,1,"supported"
"Siniperca_chuatsi","Null","schemeA_tobit",0.711857186207603,0.654006738924716,0.764951540517791,0,1,"supported"
"Siniperca_scherzeri","Null","schemeA_tobit",0.711857186207603,0.654006738924716,0.764951540517791,0,1,"supported"
"Scortum_barcoo","Null","schemeA_tobit",0.711857186207603,0.654006738924716,0.764951540517791,0,1,"supported"
"Anarhichas_minor","Null","schemeA_tobit",0.711857186207603,0.654006738924716,0.764951540517791,0,1,"supported"
"Anarrhichthys_ocellatus","Null","schemeA_tobit",0.711857186207603,0.654006738924716,0.764951540517791,0,1,"supported"
"Anoplopoma_fimbria","Null","schemeA_tobit",0.711857186207603,0.654006738924716,0.764951540517791,0,1,"supported"
"Pogonophryne_albipinna","Null","schemeA_tobit",0.711857186207603,0.654006738924716,0.764951540517791,0,1,"supported"
"Gymnodraco_acuticeps","Null","schemeA_tobit",0.711857186207603,0.654006738924716,0.764951540517791,0,1,"supported"
"Cottoperca_gobio","Null","schemeA_tobit",0.711857186207603,0.654006738924716,0.764951540517791,0,1,"supported"
"Cebidichthys_violaceus","Null","schemeA_tobit",0.711857186207603,0.654006738924716,0.764951540517791,0,1,"supported"
"Chaenocephalus_aceratus","Null","schemeA_tobit",0.711857186207603,0.654006738924716,0.764951540517791,0,1,"supported"
"Champsocephalus_esox","Null","schemeA_tobit",0.711857186207603,0.654006738924716,0.764951540517791,0,1,"supported"
"Champsocephalus_gunnari","Null","schemeA_tobit",0.711857186207603,0.654006738924716,0.764951540517791,0,1,"supported"
"Pseudochaenichthys_georgianus","Null","schemeA_tobit",0.711857186207603,0.654006738924716,0.764951540517791,0,1,"supported"
"Clinocottus_analis","Null","schemeA_tobit",0.711857186207603,0.654006738924716,0.764951540517791,0,1,"supported"
"Taurulus_bubalis","Null","schemeA_tobit",0.711857186207603,0.654006738924716,0.764951540517791,0,1,"supported"
"Cyclopterus_lumpus","Null","schemeA_tobit",0.711857186207603,0.654006738924716,0.764951540517791,0,1,"supported"
"Eleginops_maclovinus","Null","schemeA_tobit",0.711857186207603,0.654006738924716,0.764951540517791,0,1,"supported"
"Cromileptes_altivelis","Null","schemeA_tobit",0.711857186207603,0.654006738924716,0.764951540517791,0,1,"supported"
"Epinephelus_bruneus","Null","schemeA_tobit",0.711857186207603,0.654006738924716,0.764951540517791,0,1,"supported"
"Epinephelus_coioides","Null","schemeA_tobit",0.711857186207603,0.654006738924716,0.764951540517791,0,1,"supported"
"Epinephelus_fuscoguttatus","Null","schemeA_tobit",0.711857186207603,0.654006738924716,0.764951540517791,0,1,"supported"
"Epinephelus_lanceolatus","Null","schemeA_tobit",0.711857186207603,0.654006738924716,0.764951540517791,0,1,"supported"
"Epinephelus_malabaricus","Null","schemeA_tobit",0.711857186207603,0.654006738924716,0.764951540517791,0,1,"supported"
"Epinephelus_multinotatus","Null","schemeA_tobit",0.711857186207603,0.654006738924716,0.764951540517791,0,1,"supported"
"Plectropomus_leopardus","Null","schemeA_tobit",0.711857186207603,0.654006738924716,0.764951540517791,0,1,"supported"
"Gasterosteus_aculeatus","Null","schemeA_tobit",0.711857186207603,0.654006738924716,0.764951540517791,0,1,"supported"
"Pungitius_pungitius","Null","schemeA_tobit",0.711857186207603,0.654006738924716,0.764951540517791,0,1,"supported"
"Pungitius_sinensis","Null","schemeA_tobit",0.711857186207603,0.654006738924716,0.764951540517791,0,1,"supported"
"Dissostichus_eleginoides","Null","schemeA_tobit",0.711857186207603,0.654006738924716,0.764951540517791,0,1,"supported"
"Dissostichus_mawsoni","Null","schemeA_tobit",0.711857186207603,0.654006738924716,0.764951540517791,0,1,"supported"
"Notothenia_rossii","Null","schemeA_tobit",0.711857186207603,0.654006738924716,0.764951540517791,0,1,"supported"
"Pagothenia_borchgrevinki","Null","schemeA_tobit",0.711857186207603,0.654006738924716,0.764951540517791,0,1,"supported"
"Trematomus_bernacchii","Null","schemeA_tobit",0.711857186207603,0.654006738924716,0.764951540517791,0,1,"supported"
"Etheostoma_cragini","Null","schemeA_tobit",0.711857186207603,0.654006738924716,0.764951540517791,0,1,"supported"
"Perca_flavescens","Null","schemeA_tobit",0.711857186207603,0.654006738924716,0.764951540517791,0,1,"supported"
"Perca_fluviatilis","Null","schemeA_tobit",0.711857186207603,0.654006738924716,0.764951540517791,0,1,"supported"
"Sander_lucioperca","Null","schemeA_tobit",0.711857186207603,0.654006738924716,0.764951540517791,0,1,"supported"
"Sander_vitreus","Null","schemeA_tobit",0.711857186207603,0.654006738924716,0.764951540517791,0,1,"supported"
"Pholis_gunnellus","Null","schemeA_tobit",0.711857186207603,0.654006738924716,0.764951540517791,0,1,"supported"
"Sebastes_fasciatus","Null","schemeA_tobit",0.711857186207603,0.654006738924716,0.764951540517791,0,1,"supported"
"Sebastes_schlegelii","Null","schemeA_tobit",0.711857186207603,0.654006738924716,0.764951540517791,0,1,"supported"
"Sebastes_umbrosus","Null","schemeA_tobit",0.711857186207603,0.654006738924716,0.764951540517791,0,1,"supported"
"Centropristis_striata","Null","schemeA_tobit",0.711857186207603,0.654006738924716,0.764951540517791,0,1,"supported"
"Echiichthys_vipera","Null","schemeA_tobit",0.711857186207603,0.654006738924716,0.764951540517791,0,1,"supported"
"Eutrigla_gurnardus","Null","schemeA_tobit",0.711857186207603,0.654006738924716,0.764951540517791,0,1,"supported"
"Lycodes_pacificus","Null","schemeA_tobit",0.711857186207603,0.654006738924716,0.764951540517791,0,1,"supported"
"Melanostigma_gelatinosum","Null","schemeA_tobit",0.711857186207603,0.654006738924716,0.764951540517791,0,1,"supported"
"Zoarces_viviparus","Null","schemeA_tobit",0.711857186207603,0.654006738924716,0.764951540517791,0,1,"supported"
"Erpetoichthys_calabaricus","Site315","binary",0.490295961932865,0.339839203527922,0.642955480059794,NA,NA,"supported"
"Polypterus_senegalus","Site315","binary",0.490295961932865,0.339839203527922,0.642955480059794,NA,NA,"supported"
"Acipenser_oxyrinchus","Site315","binary",0.490295961932865,0.339839203527922,0.642955480059794,NA,NA,"supported"
"Acipenser_ruthenus","Site315","binary",0.490295961932865,0.339839203527922,0.642955480059794,NA,NA,"supported"
"Acipenser_sinensis","Site315","binary",0.490295961932865,0.339839203527922,0.642955480059794,NA,NA,"supported"
"Huso_huso","Site315","binary",0.490295961932865,0.339839203527922,0.642955480059794,NA,NA,"supported"
"Polyodon_spathula","Site315","binary",0.490295961932865,0.339839203527922,0.642955480059794,NA,NA,"supported"
"Amia_ocellicauda","Site315","binary",0.490295961932865,0.339839203527922,0.642955480059794,NA,NA,"supported"
"Atractosteus_spatula","Site315","binary",0.490295961932865,0.339839203527922,0.642955480059794,NA,NA,"supported"
"Lepisosteus_oculatus","Site315","binary",0.490295961932865,0.339839203527922,0.642955480059794,NA,NA,"supported"
"Megalops_atlanticus","Site315","binary",0.490295961932865,0.339839203527922,0.642955480059794,NA,NA,"supported"
"Megalops_cyprinoides","Site315","binary",0.490295961932865,0.339839203527922,0.642955480059794,NA,NA,"supported"
"Albula_glossodonta","Site315","binary",0.490295961932865,0.339839203527922,0.642955480059794,NA,NA,"supported"
"Albula_goreensis","Site315","binary",0.490295961932865,0.339839203527922,0.642955480059794,NA,NA,"supported"
"Aldrovandia_affinis","Site315","binary",0.490295961932865,0.339839203527922,0.642955480059794,NA,NA,"supported"
"Anguilla_anguilla","Site315","binary",0.490295961932865,0.339839203527922,0.642955480059794,NA,NA,"supported"
"Anguilla_japonica","Site315","binary",0.490295961932865,0.339839203527922,0.642955480059794,NA,NA,"supported"
"Anguilla_rostrata","Site315","binary",0.490295961932865,0.339839203527922,0.642955480059794,NA,NA,"supported"
"Conger_conger","Site315","binary",0.490295961932865,0.339839203527922,0.642955480059794,NA,NA,"supported"
"Gymnothorax_javanicus","Site315","binary",0.490295961932865,0.339839203527922,0.642955480059794,NA,NA,"supported"
"Synaphobranchus_kaupii","Site315","binary",0.490295961932865,0.339839203527922,0.642955480059794,NA,NA,"supported"
"Arapaima_gigas","Site315","binary",0.490295961932865,0.339839203527922,0.642955480059794,NA,NA,"supported"
"Brienomyrus_brachyistius","Site315","binary",0.490295961932865,0.339839203527922,0.642955480059794,NA,NA,"supported"
"Paramormyrops_kingsleyae","Site315","binary",0.490295961932865,0.339839203527922,0.642955480059794,NA,NA,"supported"
"Scleropages_formosus","Site315","binary",0.490295961932865,0.339839203527922,0.642955480059794,NA,NA,"supported"
"Hiodon_alosoides","Site315","binary",0.490295961932865,0.339839203527922,0.642955480059794,NA,NA,"supported"
"Alosa_alosa","Site315","binary",0.490295961932865,0.339839203527922,0.642955480059794,NA,NA,"supported"
"Alosa_pseudoharengus","Site315","binary",0.490295961932865,0.339839203527922,0.642955480059794,NA,NA,"supported"
"Alosa_sapidissima","Site315","binary",0.490295961932865,0.339839203527922,0.642955480059794,NA,NA,"supported"
"Sardina_pilchardus","Site315","binary",0.490295961932865,0.339839203527922,0.642955480059794,NA,NA,"supported"
"Clupea_harengus","Site315","binary",0.490295961932865,0.339839203527922,0.642955480059794,NA,NA,"supported"
"Sprattus_sprattus","Site315","binary",0.490295961932865,0.339839203527922,0.642955480059794,NA,NA,"supported"
"Denticeps_clupeoides","Site315","binary",0.490295961932865,0.339839203527922,0.642955480059794,NA,NA,"supported"
"Coilia_grayii","Site315","binary",0.490295961932865,0.339839203527922,0.642955480059794,NA,NA,"supported"
"Coilia_mystus","Site315","binary",0.490295961932865,0.339839203527922,0.642955480059794,NA,NA,"supported"
"Engraulis_encrasicolus","Site315","binary",0.490295961932865,0.339839203527922,0.642955480059794,NA,NA,"supported"
"Chanos_chanos","Site315","binary",0.490295961932865,0.339839203527922,0.642955480059794,NA,NA,"supported"
"Myxocyprinus_asiaticus","Site315","binary",0.490295961932865,0.339839203527922,0.642955480059794,NA,NA,"supported"
"Xyrauchen_texanus","Site315","binary",0.490295961932865,0.339839203527922,0.642955480059794,NA,NA,"supported"
"Misgurnus_anguillicaudatus","Site315","binary",0.490295961932865,0.339839203527922,0.642955480059794,NA,NA,"supported"
"Paramisgurnus_dabryanus","Site315","binary",0.490295961932865,0.339839203527922,0.642955480059794,NA,NA,"supported"
"Abramis_brama","Site315","binary",0.490295961932865,0.339839203527922,0.642955480059794,NA,NA,"supported"
"Barbus_barbus","Site315","binary",0.490295961932865,0.339839203527922,0.642955480059794,NA,NA,"supported"
"Carassius_auratus","Site315","binary",0.490295961932865,0.339839203527922,0.642955480059794,NA,NA,"supported"
"Carassius_carassius","Site315","binary",0.490295961932865,0.339839203527922,0.642955480059794,NA,NA,"supported"
"Carassius_gibelio","Site315","binary",0.490295961932865,0.339839203527922,0.642955480059794,NA,NA,"supported"
"Chanodichthys_erythropterus","Site315","binary",0.490295961932865,0.339839203527922,0.642955480059794,NA,NA,"supported"
"Cirrhinus_molitorella","Site315","binary",0.490295961932865,0.339839203527922,0.642955480059794,NA,NA,"supported"
"Ctenopharyngodon_idella","Site315","binary",0.490295961932865,0.339839203527922,0.642955480059794,NA,NA,"supported"
"Culter_alburnus","Site315","binary",0.490295961932865,0.339839203527922,0.642955480059794,NA,NA,"supported"
"Cyprinella_venusta","Site315","binary",0.490295961932865,0.339839203527922,0.642955480059794,NA,NA,"supported"
"Cyprinus_carpio","Site315","binary",0.490295961932865,0.339839203527922,0.642955480059794,NA,NA,"supported"
"Danio_aesculapii","Site315","binary",0.490295961932865,0.339839203527922,0.642955480059794,NA,NA,"supported"
"Danio_rerio","Site315","binary",0.490295961932865,0.339839203527922,0.642955480059794,NA,NA,"supported"
"Garra_rufa","Site315","binary",0.490295961932865,0.339839203527922,0.642955480059794,NA,NA,"supported"
"Hemiculter_leucisculus","Site315","binary",0.490295961932865,0.339839203527922,0.642955480059794,NA,NA,"supported"
"Labeo_rohita","Site315","binary",0.490295961932865,0.339839203527922,0.642955480059794,NA,NA,"supported"
"Leuciscus_chuanchicus","Site315","binary",0.490295961932865,0.339839203527922,0.642955480059794,NA,NA,"supported"
"Leuciscus_leuciscus","Site315","binary",0.490295961932865,0.339839203527922,0.642955480059794,NA,NA,"supported"
"Leuciscus_waleckii","Site315","binary",0.490295961932865,0.339839203527922,0.642955480059794,NA,NA,"supported"
"Megalobrama_amblycephala","Site315","binary",0.490295961932865,0.339839203527922,0.642955480059794,NA,NA,"supported"
"Mylopharyngodon_piceus","Site315","binary",0.490295961932865,0.339839203527922,0.642955480059794,NA,NA,"supported"
"Onychostoma_macrolepis","Site315","binary",0.490295961932865,0.339839203527922,0.642955480059794,NA,NA,"supported"
"Phoxinus_phoxinus","Site315","binary",0.490295961932865,0.339839203527922,0.642955480059794,NA,NA,"supported"
"Pimephales_promelas","Site315","binary",0.490295961932865,0.339839203527922,0.642955480059794,NA,NA,"supported"
"Pseudorasbora_parva","Site315","binary",0.490295961932865,0.339839203527922,0.642955480059794,NA,NA,"supported"
"Puntigrus_tetrazona","Site315","binary",0.490295961932865,0.339839203527922,0.642955480059794,NA,NA,"supported"
"Rutilus_rutilus","Site315","binary",0.490295961932865,0.339839203527922,0.642955480059794,NA,NA,"supported"
"Scardinius_erythrophthalmus","Site315","binary",0.490295961932865,0.339839203527922,0.642955480059794,NA,NA,"supported"
"Sinocyclocheilus_anshuiensis","Site315","binary",0.490295961932865,0.339839203527922,0.642955480059794,NA,NA,"supported"
"Sinocyclocheilus_grahami","Site315","binary",0.490295961932865,0.339839203527922,0.642955480059794,NA,NA,"supported"
"Sinocyclocheilus_rhinocerous","Site315","binary",0.490295961932865,0.339839203527922,0.642955480059794,NA,NA,"supported"
"Siphateles_boraxobius","Site315","binary",0.490295961932865,0.339839203527922,0.642955480059794,NA,NA,"supported"
"Squalius_cephalus","Site315","binary",0.490295961932865,0.339839203527922,0.642955480059794,NA,NA,"supported"
"Gobio_gobio","Site315","binary",0.490295961932865,0.339839203527922,0.642955480059794,NA,NA,"supported"
"Rhinichthys_klamathensis","Site315","binary",0.490295961932865,0.339839203527922,0.642955480059794,NA,NA,"supported"
"Barbatula_barbatula","Site315","binary",0.490295961932865,0.339839203527922,0.642955480059794,NA,NA,"supported"
"Triplophysa_dalaica","Site315","binary",0.490295961932865,0.339839203527922,0.642955480059794,NA,NA,"supported"
"Triplophysa_rosa","Site315","binary",0.490295961932865,0.339839203527922,0.642955480059794,NA,NA,"supported"
"Astyanax_lacustris","Site315","binary",0.490295961932865,0.339839203527922,0.642955480059794,NA,NA,"supported"
"Astyanax_mexicanus","Site315","binary",0.490295961932865,0.339839203527922,0.642955480059794,NA,NA,"supported"
"Salminus_brasiliensis","Site315","binary",0.490295961932865,0.339839203527922,0.642955480059794,NA,NA,"supported"
"Hoplias_malabaricus","Site315","binary",0.490295961932865,0.339839203527922,0.642955480059794,NA,NA,"supported"
"Prochilodus_magdalenae","Site315","binary",0.490295961932865,0.339839203527922,0.642955480059794,NA,NA,"supported"
"Acnodon_oligacanthus","Site315","binary",0.490295961932865,0.339839203527922,0.642955480059794,NA,NA,"supported"
"Colossoma_macropomum","Site315","binary",0.490295961932865,0.339839203527922,0.642955480059794,NA,NA,"supported"
"Metynnis_hypsauchen","Site315","binary",0.490295961932865,0.339839203527922,0.642955480059794,NA,NA,"supported"
"Pygocentrus_nattereri","Site315","binary",0.490295961932865,0.339839203527922,0.642955480059794,NA,NA,"supported"
"Serrasalmus_rhombeus","Site315","binary",0.490295961932865,0.339839203527922,0.642955480059794,NA,NA,"supported"
"Electrophorus_electricus","Site315","binary",0.490295961932865,0.339839203527922,0.642955480059794,NA,NA,"supported"
"Electrophorus_voltai","Site315","binary",0.490295961932865,0.339839203527922,0.642955480059794,NA,NA,"supported"
"Brachyhypopomus_gauderio","Site315","binary",0.490295961932865,0.339839203527922,0.642955480059794,NA,NA,"supported"
"Neoarius_graeffei","Site315","binary",0.490295961932865,0.339839203527922,0.642955480059794,NA,NA,"supported"
"Hemibagrus_guttatus","Site315","binary",0.490295961932865,0.339839203527922,0.642955480059794,NA,NA,"supported"
"Hemibagrus_wyckioides","Site315","binary",0.490295961932865,0.339839203527922,0.642955480059794,NA,NA,"supported"
"Tachysurus_fulvidraco","Site315","binary",0.490295961932865,0.339839203527922,0.642955480059794,NA,NA,"supported"
"Tachysurus_vachellii","Site315","binary",0.490295961932865,0.339839203527922,0.642955480059794,NA,NA,"supported"
"Clarias_gariepinus","Site315","binary",0.490295961932865,0.339839203527922,0.642955480059794,NA,NA,"supported"
"Clarias_magur","Site315","binary",0.490295961932865,0.339839203527922,0.642955480059794,NA,NA,"supported"
"Ictalurus_furcatus","Site315","binary",0.490295961932865,0.339839203527922,0.642955480059794,NA,NA,"supported"
"Ictalurus_punctatus","Site315","binary",0.490295961932865,0.339839203527922,0.642955480059794,NA,NA,"supported"
"Pangasianodon_gigas","Site315","binary",0.490295961932865,0.339839203527922,0.642955480059794,NA,NA,"supported"
"Pangasianodon_hypophthalmus","Site315","binary",0.490295961932865,0.339839203527922,0.642955480059794,NA,NA,"supported"
"Silurus_aristotelis","Site315","binary",0.490295961932865,0.339839203527922,0.642955480059794,NA,NA,"supported"
"Silurus_asotus","Site315","binary",0.490295961932865,0.339839203527922,0.642955480059794,NA,NA,"supported"
"Silurus_meridionalis","Site315","binary",0.490295961932865,0.339839203527922,0.642955480059794,NA,NA,"supported"
"Trichomycterus_rosablanca","Site315","binary",0.490295961932865,0.339839203527922,0.642955480059794,NA,NA,"supported"
"Nansenia_antarctica","Site315","binary",0.490295961932865,0.339839203527922,0.642955480059794,NA,NA,"supported"
"Galaxias_brevipinnis","Site315","binary",0.816649113124356,0.750267578109626,0.87421275234116,NA,NA,"supported"
"Coregonus_albula","Site315","binary",0.490295961932865,0.339839203527922,0.642955480059794,NA,NA,"supported"
"Coregonus_clupeaformis","Site315","binary",0.490295961932865,0.339839203527922,0.642955480059794,NA,NA,"supported"
"Coregonus_lavaretus","Site315","binary",0.490295961932865,0.339839203527922,0.642955480059794,NA,NA,"supported"
"Coregonus_suidteri","Site315","binary",0.490295961932865,0.339839203527922,0.642955480059794,NA,NA,"supported"
"Oncorhynchus_clarkii","Site315","binary",0.490295961932865,0.339839203527922,0.642955480059794,NA,NA,"supported"
"Oncorhynchus_gorbuscha","Site315","binary",0.490295961932865,0.339839203527922,0.642955480059794,NA,NA,"supported"
"Oncorhynchus_keta","Site315","binary",0.490295961932865,0.339839203527922,0.642955480059794,NA,NA,"supported"
"Oncorhynchus_kisutch","Site315","binary",0.490295961932865,0.339839203527922,0.642955480059794,NA,NA,"supported"
"Oncorhynchus_masou","Site315","binary",0.490295961932865,0.339839203527922,0.642955480059794,NA,NA,"supported"
"Oncorhynchus_mykiss","Site315","binary",0.490295961932865,0.339839203527922,0.642955480059794,NA,NA,"supported"
"Oncorhynchus_nerka","Site315","binary",0.490295961932865,0.339839203527922,0.642955480059794,NA,NA,"supported"
"Oncorhynchus_tshawytscha","Site315","binary",0.490295961932865,0.339839203527922,0.642955480059794,NA,NA,"supported"
"Salmo_salar","Site315","binary",0.490295961932865,0.339839203527922,0.642955480059794,NA,NA,"supported"
"Salmo_trutta","Site315","binary",0.490295961932865,0.339839203527922,0.642955480059794,NA,NA,"supported"
"Salvelinus_alpinus","Site315","binary",0.490295961932865,0.339839203527922,0.642955480059794,NA,NA,"supported"
"Salvelinus_fontinalis","Site315","binary",0.490295961932865,0.339839203527922,0.642955480059794,NA,NA,"supported"
"Salvelinus_namaycush","Site315","binary",0.490295961932865,0.339839203527922,0.642955480059794,NA,NA,"supported"
"Dallia_pectoralis","Site315","binary",0.490295961932865,0.339839203527922,0.642955480059794,NA,NA,"supported"
"Esox_lucius","Site315","binary",0.490295961932865,0.339839203527922,0.642955480059794,NA,NA,"supported"
"Umbra_pygmaea","Site315","binary",0.490295961932865,0.339839203527922,0.642955480059794,NA,NA,"supported"
"Hypomesus_nipponensis","Site315","binary",0.816649113124356,0.750267578109626,0.87421275234116,NA,NA,"supported"
"Hypomesus_transpacificus","Site315","binary",0.816649113124356,0.750267578109626,0.87421275234116,NA,NA,"supported"
"Osmerus_eperlanus","Site315","binary",0.816649113124356,0.750267578109626,0.87421275234116,NA,NA,"supported"
"Osmerus_mordax","Site315","binary",0.816649113124356,0.750267578109626,0.87421275234116,NA,NA,"supported"
"Benthosema_glaciale","Site315","binary",0.490295961932865,0.339839203527922,0.642955480059794,NA,NA,"supported"
"Electrona_antarctica","Site315","binary",0.490295961932865,0.339839203527922,0.642955480059794,NA,NA,"supported"
"Gymnoscopelus_braueri","Site315","binary",0.490295961932865,0.339839203527922,0.642955480059794,NA,NA,"supported"
"Gymnoscopelus_microlampas","Site315","binary",0.490295961932865,0.339839203527922,0.642955480059794,NA,NA,"supported"
"Nannobrachium_achirus","Site315","binary",0.490295961932865,0.339839203527922,0.642955480059794,NA,NA,"supported"
"Protomyctophum_bolini","Site315","binary",0.490295961932865,0.339839203527922,0.642955480059794,NA,NA,"supported"
"Protomyctophum_parallelum","Site315","binary",0.490295961932865,0.339839203527922,0.642955480059794,NA,NA,"supported"
"Polymixia_hollisterae","Site315","binary",0.490295961932865,0.339839203527922,0.642955480059794,NA,NA,"supported"
"Polymixia_lowei","Site315","binary",0.490295961932865,0.339839203527922,0.642955480059794,NA,NA,"supported"
"Centroberyx_affinis","Site315","binary",0.490295961932865,0.339839203527922,0.642955480059794,NA,NA,"supported"
"Centroberyx_gerrardi","Site315","binary",0.490295961932865,0.339839203527922,0.642955480059794,NA,NA,"supported"
"Poromitra_crassiceps","Site315","binary",0.490295961932865,0.339839203527922,0.642955480059794,NA,NA,"supported"
"Myripristis_murdjan","Site315","binary",0.490295961932865,0.339839203527922,0.642955480059794,NA,NA,"supported"
"Lucifuga_dentata","Site315","binary",0.490295961932865,0.339839203527922,0.642955480059794,NA,NA,"supported"
"Genypterus_blacodes","Site315","binary",0.490295961932865,0.339839203527922,0.642955480059794,NA,NA,"supported"
"Arripis_georgiana","Site315","binary",0.816649113124356,0.750267578109626,0.87421275234116,NA,NA,"supported"
"Katsuwonus_pelamis","Site315","binary",0.816649113124356,0.750267578109626,0.87421275234116,NA,NA,"supported"
"Sarda_sarda","Site315","binary",0.816649113124356,0.750267578109626,0.87421275234116,NA,NA,"supported"
"Scomber_japonicus","Site315","binary",0.816649113124356,0.750267578109626,0.87421275234116,NA,NA,"supported"
"Scomber_scombrus","Site315","binary",0.816649113124356,0.750267578109626,0.87421275234116,NA,NA,"supported"
"Thunnus_alalunga","Site315","binary",0.816649113124356,0.750267578109626,0.87421275234116,NA,NA,"supported"
"Thunnus_albacares","Site315","binary",0.816649113124356,0.750267578109626,0.87421275234116,NA,NA,"supported"
"Thunnus_atlanticus","Site315","binary",0.816649113124356,0.750267578109626,0.87421275234116,NA,NA,"supported"
"Thunnus_maccoyii","Site315","binary",0.816649113124356,0.750267578109626,0.87421275234116,NA,NA,"supported"
"Thunnus_obesus","Site315","binary",0.816649113124356,0.750267578109626,0.87421275234116,NA,NA,"supported"
"Thunnus_orientalis","Site315","binary",0.816649113124356,0.750267578109626,0.87421275234116,NA,NA,"supported"
"Thunnus_thynnus","Site315","binary",0.816649113124356,0.750267578109626,0.87421275234116,NA,NA,"supported"
"Thunnus_tonggol","Site315","binary",0.816649113124356,0.750267578109626,0.87421275234116,NA,NA,"supported"
"Pampus_argenteus","Site315","binary",0.816649113124356,0.750267578109626,0.87421275234116,NA,NA,"supported"
"Pampus_punctatissimus","Site315","binary",0.816649113124356,0.750267578109626,0.87421275234116,NA,NA,"supported"
"Aulostomus_chinensis","Site315","binary",0.490295961932865,0.339839203527922,0.642955480059794,NA,NA,"supported"
"Fistularia_commersonii","Site315","binary",0.816649113124356,0.750267578109626,0.87421275234116,NA,NA,"supported"
"Pterapogon_kauderni","Site315","binary",0.490295961932865,0.339839203527922,0.642955480059794,NA,NA,"supported"
"Sphaeramia_orbicularis","Site315","binary",0.816649113124356,0.750267578109626,0.87421275234116,NA,NA,"supported"
"Oxyeleotris_marmorata","Site315","binary",0.816649113124356,0.750267578109626,0.87421275234116,NA,NA,"supported"
"Boleophthalmus_pectinirostris","Site315","binary",0.816649113124356,0.750267578109626,0.87421275234116,NA,NA,"supported"
"Eucyclogobius_newberryi","Site315","binary",0.816649113124356,0.750267578109626,0.87421275234116,NA,NA,"supported"
"Gobius_niger","Site315","binary",0.816649113124356,0.750267578109626,0.87421275234116,NA,NA,"supported"
"Knipowitschia_caucasica","Site315","binary",0.816649113124356,0.750267578109626,0.87421275234116,NA,NA,"supported"
"Mugilogobius_chulae","Site315","binary",0.816649113124356,0.750267578109626,0.87421275234116,NA,NA,"supported"
"Periophthalmus_magnuspinnatus","Site315","binary",0.816649113124356,0.750267578109626,0.87421275234116,NA,NA,"supported"
"Mastacembelus_armatus","Site315","binary",0.816649113124356,0.750267578109626,0.87421275234116,NA,NA,"supported"
"Monopterus_albus","Site315","binary",0.816649113124356,0.750267578109626,0.87421275234116,NA,NA,"supported"
"Anabas_testudineus","Site315","binary",0.490295961932865,0.339839203527922,0.642955480059794,NA,NA,"supported"
"Channa_argus","Site315","binary",0.490295961932865,0.339839203527922,0.642955480059794,NA,NA,"supported"
"Channa_striata","Site315","binary",0.490295961932865,0.339839203527922,0.642955480059794,NA,NA,"supported"
"Betta_splendens","Site315","binary",0.490295961932865,0.339839203527922,0.642955480059794,NA,NA,"supported"
"Trichopodus_trichopterus","Site315","binary",0.490295961932865,0.339839203527922,0.642955480059794,NA,NA,"supported"
"Lates_calcarifer","Site315","binary",0.816649113124356,0.750267578109626,0.87421275234116,NA,NA,"supported"
"Lates_japonicus","Site315","binary",0.816649113124356,0.750267578109626,0.87421275234116,NA,NA,"supported"
"Eleutheronema_tetradactylum","Site315","binary",0.816649113124356,0.750267578109626,0.87421275234116,NA,NA,"supported"
"Toxotes_jaculatrix","Site315","binary",0.816649113124356,0.750267578109626,0.87421275234116,NA,NA,"supported"
"Xiphias_gladius","Site315","binary",0.816649113124356,0.750267578109626,0.87421275234116,NA,NA,"supported"
"Caranx_melampygus","Site315","binary",0.816649113124356,0.750267578109626,0.87421275234116,NA,NA,"supported"
"Seriola_dumerili","Site315","binary",0.816649113124356,0.750267578109626,0.87421275234116,NA,NA,"supported"
"Seriola_lalandi","Site315","binary",0.816649113124356,0.750267578109626,0.87421275234116,NA,NA,"supported"
"Trachinotus_anak","Site315","binary",0.816649113124356,0.750267578109626,0.87421275234116,NA,NA,"supported"
"Trachurus_japonicus","Site315","binary",0.816649113124356,0.750267578109626,0.87421275234116,NA,NA,"supported"
"Trachurus_trachurus","Site315","binary",0.816649113124356,0.750267578109626,0.87421275234116,NA,NA,"supported"
"Echeneis_naucrates","Site315","binary",0.816649113124356,0.750267578109626,0.87421275234116,NA,NA,"supported"
"Paralichthys_olivaceus","Site315","binary",0.816649113124356,0.750267578109626,0.87421275234116,NA,NA,"supported"
"Hippoglossus_hippoglossus","Site315","binary",0.816649113124356,0.750267578109626,0.87421275234116,NA,NA,"supported"
"Hippoglossus_stenolepis","Site315","binary",0.816649113124356,0.750267578109626,0.87421275234116,NA,NA,"supported"
"Limanda_limanda","Site315","binary",0.816649113124356,0.750267578109626,0.87421275234116,NA,NA,"supported"
"Platichthys_flesus","Site315","binary",0.816649113124356,0.750267578109626,0.87421275234116,NA,NA,"supported"
"Platichthys_stellatus","Site315","binary",0.816649113124356,0.750267578109626,0.87421275234116,NA,NA,"supported"
"Pleuronectes_platessa","Site315","binary",0.816649113124356,0.750267578109626,0.87421275234116,NA,NA,"supported"
"Scophthalmus_maximus","Site315","binary",0.816649113124356,0.750267578109626,0.87421275234116,NA,NA,"supported"
"Microchirus_variegatus","Site315","binary",0.490295961932865,0.339839203527922,0.642955480059794,NA,NA,"supported"
"Solea_senegalensis","Site315","binary",0.490295961932865,0.339839203527922,0.642955480059794,NA,NA,"supported"
"Solea_solea","Site315","binary",0.490295961932865,0.339839203527922,0.642955480059794,NA,NA,"supported"
"Parambassis_ranga","Site315","binary",0.816649113124356,0.750267578109626,0.87421275234116,NA,NA,"supported"
"Brachyistius_frenatus","Site315","binary",0.816649113124356,0.750267578109626,0.87421275234116,NA,NA,"supported"
"Embiotoca_jacksoni","Site315","binary",0.816649113124356,0.750267578109626,0.87421275234116,NA,NA,"supported"
"Acanthochromis_polyacanthus","Site315","binary",0.816649113124356,0.750267578109626,0.87421275234116,NA,NA,"supported"
"Amphiprion_ocellaris","Site315","binary",0.816649113124356,0.750267578109626,0.87421275234116,NA,NA,"supported"
"Stegastes_partitus","Site315","binary",0.816649113124356,0.750267578109626,0.87421275234116,NA,NA,"supported"
"Andinoacara_rivulatus","Site315","binary",0.816649113124356,0.750267578109626,0.87421275234116,NA,NA,"supported"
"Archocentrus_centrarchus","Site315","binary",0.816649113124356,0.750267578109626,0.87421275234116,NA,NA,"supported"
"Astatotilapia_burtoni","Site315","binary",0.816649113124356,0.750267578109626,0.87421275234116,NA,NA,"supported"
"Astatotilapia_calliptera","Site315","binary",0.816649113124356,0.750267578109626,0.87421275234116,NA,NA,"supported"
"Astronotus_ocellatus","Site315","binary",0.816649113124356,0.750267578109626,0.87421275234116,NA,NA,"supported"
"Aulonocara_stuartgranti","Site315","binary",0.816649113124356,0.750267578109626,0.87421275234116,NA,NA,"supported"
"Copadichromis_virginalis","Site315","binary",0.816649113124356,0.750267578109626,0.87421275234116,NA,NA,"supported"
"Diplotaxodon_limnothrissa","Site315","binary",0.816649113124356,0.750267578109626,0.87421275234116,NA,NA,"supported"
"Haplochromis_nyererei","Site315","binary",0.816649113124356,0.750267578109626,0.87421275234116,NA,NA,"supported"
"Maylandia_zebra","Site315","binary",0.816649113124356,0.750267578109626,0.87421275234116,NA,NA,"supported"
"Mchenga_conophoros","Site315","binary",0.816649113124356,0.750267578109626,0.87421275234116,NA,NA,"supported"
"Neolamprologus_brichardi","Site315","binary",0.816649113124356,0.750267578109626,0.87421275234116,NA,NA,"supported"
"Neolamprologus_multifasciatus","Site315","binary",0.816649113124356,0.750267578109626,0.87421275234116,NA,NA,"supported"
"Oreochromis_aureus","Site315","binary",0.816649113124356,0.750267578109626,0.87421275234116,NA,NA,"supported"
"Oreochromis_niloticus","Site315","binary",0.816649113124356,0.750267578109626,0.87421275234116,NA,NA,"supported"
"Pelmatolapia_mariae","Site315","binary",0.816649113124356,0.750267578109626,0.87421275234116,NA,NA,"supported"
"Perissodus_microlepis","Site315","binary",0.816649113124356,0.750267578109626,0.87421275234116,NA,NA,"supported"
"Pterophyllum_scalare","Site315","binary",0.816649113124356,0.750267578109626,0.87421275234116,NA,NA,"supported"
"Rhamphochromis_longiceps","Site315","binary",0.816649113124356,0.750267578109626,0.87421275234116,NA,NA,"supported"
"Sarotherodon_galilaeus","Site315","binary",0.816649113124356,0.750267578109626,0.87421275234116,NA,NA,"supported"
"Simochromis_diagramma","Site315","binary",0.816649113124356,0.750267578109626,0.87421275234116,NA,NA,"supported"
"Leuresthes_tenuis","Site315","binary",0.816649113124356,0.750267578109626,0.87421275234116,NA,NA,"supported"
"Menidia_menidia","Site315","binary",0.490295961932865,0.339839203527922,0.642955480059794,NA,NA,"supported"
"Odontesthes_bonariensis","Site315","binary",0.490295961932865,0.339839203527922,0.642955480059794,NA,NA,"supported"
"Melanotaenia_boesemani","Site315","binary",0.490295961932865,0.339839203527922,0.642955480059794,NA,NA,"supported"
"Telmatherina_bonti","Site315","binary",0.490295961932865,0.339839203527922,0.642955480059794,NA,NA,"supported"
"Oryzias_javanicus","Site315","binary",0.490295961932865,0.339839203527922,0.642955480059794,NA,NA,"supported"
"Oryzias_latipes","Site315","binary",0.490295961932865,0.339839203527922,0.642955480059794,NA,NA,"supported"
"Oryzias_melastigma","Site315","binary",0.490295961932865,0.339839203527922,0.642955480059794,NA,NA,"supported"
"Xenentodon_cancila","Site315","binary",0.816649113124356,0.750267578109626,0.87421275234116,NA,NA,"supported"
"Cololabis_saira","Site315","binary",0.816649113124356,0.750267578109626,0.87421275234116,NA,NA,"supported"
"Anableps_anableps","Site315","binary",0.490295961932865,0.339839203527922,0.642955480059794,NA,NA,"supported"
"Cyprinodon_tularosa","Site315","binary",0.490295961932865,0.339839203527922,0.642955480059794,NA,NA,"supported"
"Cyprinodon_variegatus","Site315","binary",0.490295961932865,0.339839203527922,0.642955480059794,NA,NA,"supported"
"Fundulus_diaphanus","Site315","binary",0.490295961932865,0.339839203527922,0.642955480059794,NA,NA,"supported"
"Fundulus_heteroclitus","Site315","binary",0.490295961932865,0.339839203527922,0.642955480059794,NA,NA,"supported"
"Ameca_splendens","Site315","binary",0.490295961932865,0.339839203527922,0.642955480059794,NA,NA,"supported"
"Crenichthys_baileyi","Site315","binary",0.490295961932865,0.339839203527922,0.642955480059794,NA,NA,"supported"
"Girardinichthys_multiradiatus","Site315","binary",0.816649113124356,0.750267578109626,0.87421275234116,NA,NA,"supported"
"Nothobranchius_furzeri","Site315","binary",0.816649113124356,0.750267578109626,0.87421275234116,NA,NA,"supported"
"Nothobranchius_kadleci","Site315","binary",0.816649113124356,0.750267578109626,0.87421275234116,NA,NA,"supported"
"Nothobranchius_pienaari","Site315","binary",0.816649113124356,0.750267578109626,0.87421275234116,NA,NA,"supported"
"Nothobranchius_rachovii","Site315","binary",0.816649113124356,0.750267578109626,0.87421275234116,NA,NA,"supported"
"Gambusia_affinis","Site315","binary",0.490295961932865,0.339839203527922,0.642955480059794,NA,NA,"supported"
"Gambusia_holbrooki","Site315","binary",0.490295961932865,0.339839203527922,0.642955480059794,NA,NA,"supported"
"Poecilia_formosa","Site315","binary",0.490295961932865,0.339839203527922,0.642955480059794,NA,NA,"supported"
"Poecilia_latipinna","Site315","binary",0.490295961932865,0.339839203527922,0.642955480059794,NA,NA,"supported"
"Poecilia_mexicana","Site315","binary",0.490295961932865,0.339839203527922,0.642955480059794,NA,NA,"supported"
"Poecilia_reticulata","Site315","binary",0.490295961932865,0.339839203527922,0.642955480059794,NA,NA,"supported"
"Poeciliopsis_prolifica","Site315","binary",0.490295961932865,0.339839203527922,0.642955480059794,NA,NA,"supported"
"Poropanchax_normani","Site315","binary",0.490295961932865,0.339839203527922,0.642955480059794,NA,NA,"supported"
"Xiphophorus_couchianus","Site315","binary",0.490295961932865,0.339839203527922,0.642955480059794,NA,NA,"supported"
"Xiphophorus_hellerii","Site315","binary",0.490295961932865,0.339839203527922,0.642955480059794,NA,NA,"supported"
"Xiphophorus_maculatus","Site315","binary",0.490295961932865,0.339839203527922,0.642955480059794,NA,NA,"supported"
"Austrofundulus_limnaeus","Site315","binary",0.816649113124356,0.750267578109626,0.87421275234116,NA,NA,"supported"
"Kryptolebias_marmoratus","Site315","binary",0.816649113124356,0.750267578109626,0.87421275234116,NA,NA,"supported"
"Nematolebias_whitei","Site315","binary",0.490295961932865,0.339839203527922,0.642955480059794,NA,NA,"supported"
"Chelon_labrosus","Site315","binary",0.816649113124356,0.750267578109626,0.87421275234116,NA,NA,"supported"
"Mugil_cephalus","Site315","binary",0.816649113124356,0.750267578109626,0.87421275234116,NA,NA,"supported"
"Planiliza_haematocheilus","Site315","binary",0.816649113124356,0.750267578109626,0.87421275234116,NA,NA,"supported"
"Gouania_willdenowi","Site315","binary",0.816649113124356,0.750267578109626,0.87421275234116,NA,NA,"supported"
"Blennius_ocellaris","Site315","binary",0.816649113124356,0.750267578109626,0.87421275234116,NA,NA,"supported"
"Lipophrys_pholis","Site315","binary",0.816649113124356,0.750267578109626,0.87421275234116,NA,NA,"supported"
"Ophioblennius_macclurei","Site315","binary",0.816649113124356,0.750267578109626,0.87421275234116,NA,NA,"supported"
"Salarias_fasciatus","Site315","binary",0.816649113124356,0.750267578109626,0.87421275234116,NA,NA,"supported"
"Cristiceps_australis","Site315","binary",0.816649113124356,0.750267578109626,0.87421275234116,NA,NA,"supported"
"Dicentrarchus_labrax","Site315","binary",0.490295961932865,0.339839203527922,0.642955480059794,NA,NA,"supported"
"Morone_saxatilis","Site315","binary",0.490295961932865,0.339839203527922,0.642955480059794,NA,NA,"supported"
"Scatophagus_argus","Site315","binary",0.816649113124356,0.750267578109626,0.87421275234116,NA,NA,"supported"
"Collichthys_lucidus","Site315","binary",0.816649113124356,0.750267578109626,0.87421275234116,NA,NA,"supported"
"Larimichthys_crocea","Site315","binary",0.816649113124356,0.750267578109626,0.87421275234116,NA,NA,"supported"
"Nibea_albiflora","Site315","binary",0.816649113124356,0.750267578109626,0.87421275234116,NA,NA,"supported"
"Sciaenops_ocellatus","Site315","binary",0.816649113124356,0.750267578109626,0.87421275234116,NA,NA,"supported"
"Siganus_canaliculatus","Site315","binary",0.490295961932865,0.339839203527922,0.642955480059794,NA,NA,"supported"
"Ammodytes_marinus","Site315","binary",0.816649113124356,0.750267578109626,0.87421275234116,NA,NA,"supported"
"Cheilinus_undulatus","Site315","binary",0.490295961932865,0.339839203527922,0.642955480059794,NA,NA,"supported"
"Halichoeres_trimaculatus","Site315","binary",0.816649113124356,0.750267578109626,0.87421275234116,NA,NA,"supported"
"Notolabrus_celidotus","Site315","binary",0.816649113124356,0.750267578109626,0.87421275234116,NA,NA,"supported"
"Semicossyphus_pulcher","Site315","binary",0.816649113124356,0.750267578109626,0.87421275234116,NA,NA,"supported"
"Thalassoma_bifasciatum","Site315","binary",0.816649113124356,0.750267578109626,0.87421275234116,NA,NA,"supported"
"Xyrichtys_novacula","Site315","binary",0.816649113124356,0.750267578109626,0.87421275234116,NA,NA,"supported"
"Platax_orbicularis","Site315","binary",0.816649113124356,0.750267578109626,0.87421275234116,NA,NA,"supported"
"Chaetodon_auriga","Site315","binary",0.490295961932865,0.339839203527922,0.642955480059794,NA,NA,"supported"
"Chaetodon_trifascialis","Site315","binary",0.816649113124356,0.750267578109626,0.87421275234116,NA,NA,"supported"
"Chelmon_rostratus","Site315","binary",0.816649113124356,0.750267578109626,0.87421275234116,NA,NA,"supported"
"Caesio_teres","Site315","binary",0.816649113124356,0.750267578109626,0.87421275234116,NA,NA,"supported"
"Lutjanus_erythropterus","Site315","binary",0.816649113124356,0.750267578109626,0.87421275234116,NA,NA,"supported"
"Pristipomoides_typus","Site315","binary",0.816649113124356,0.750267578109626,0.87421275234116,NA,NA,"supported"
"Symphorus_nematophorus","Site315","binary",0.816649113124356,0.750267578109626,0.87421275234116,NA,NA,"supported"
"Lethrinus_nebulosus","Site315","binary",0.816649113124356,0.750267578109626,0.87421275234116,NA,NA,"supported"
"Acanthopagrus_latus","Site315","binary",0.816649113124356,0.750267578109626,0.87421275234116,NA,NA,"supported"
"Acanthopagrus_schlegelii","Site315","binary",0.816649113124356,0.750267578109626,0.87421275234116,NA,NA,"supported"
"Pagrus_major","Site315","binary",0.816649113124356,0.750267578109626,0.87421275234116,NA,NA,"supported"
"Pagrus_pagrus","Site315","binary",0.816649113124356,0.750267578109626,0.87421275234116,NA,NA,"supported"
"Rhabdosargus_sarba","Site315","binary",0.816649113124356,0.750267578109626,0.87421275234116,NA,NA,"supported"
"Sparus_aurata","Site315","binary",0.816649113124356,0.750267578109626,0.87421275234116,NA,NA,"supported"
"Nelusetta_ayraud","Site315","binary",0.816649113124356,0.750267578109626,0.87421275234116,NA,NA,"supported"
"Lateolabrax_japonicus","Site315","binary",0.816649113124356,0.750267578109626,0.87421275234116,NA,NA,"supported"
"Lateolabrax_maculatus","Site315","binary",0.816649113124356,0.750267578109626,0.87421275234116,NA,NA,"supported"
"Pempheris_klunzingeri","Site315","binary",0.816649113124356,0.750267578109626,0.87421275234116,NA,NA,"supported"
"Micropterus_dolomieu","Site315","binary",0.816649113124356,0.750267578109626,0.87421275234116,NA,NA,"supported"
"Micropterus_salmoides","Site315","binary",0.816649113124356,0.750267578109626,0.87421275234116,NA,NA,"supported"
"Enoplosus_armatus","Site315","binary",0.816649113124356,0.750267578109626,0.87421275234116,NA,NA,"supported"
"Oplegnathus_fasciatus","Site315","binary",0.816649113124356,0.750267578109626,0.87421275234116,NA,NA,"supported"
"Oplegnathus_punctatus","Site315","binary",0.816649113124356,0.750267578109626,0.87421275234116,NA,NA,"supported"
"Maccullochella_peelii","Site315","binary",0.816649113124356,0.750267578109626,0.87421275234116,NA,NA,"supported"
"Siniperca_chuatsi","Site315","binary",0.816649113124356,0.750267578109626,0.87421275234116,NA,NA,"supported"
"Siniperca_scherzeri","Site315","binary",0.816649113124356,0.750267578109626,0.87421275234116,NA,NA,"supported"
"Scortum_barcoo","Site315","binary",0.816649113124356,0.750267578109626,0.87421275234116,NA,NA,"supported"
"Anarhichas_minor","Site315","binary",0.816649113124356,0.750267578109626,0.87421275234116,NA,NA,"supported"
"Anarrhichthys_ocellatus","Site315","binary",0.816649113124356,0.750267578109626,0.87421275234116,NA,NA,"supported"
"Anoplopoma_fimbria","Site315","binary",0.816649113124356,0.750267578109626,0.87421275234116,NA,NA,"supported"
"Pogonophryne_albipinna","Site315","binary",0.816649113124356,0.750267578109626,0.87421275234116,NA,NA,"supported"
"Gymnodraco_acuticeps","Site315","binary",0.816649113124356,0.750267578109626,0.87421275234116,NA,NA,"supported"
"Cottoperca_gobio","Site315","binary",0.816649113124356,0.750267578109626,0.87421275234116,NA,NA,"supported"
"Cebidichthys_violaceus","Site315","binary",0.816649113124356,0.750267578109626,0.87421275234116,NA,NA,"supported"
"Chaenocephalus_aceratus","Site315","binary",0.816649113124356,0.750267578109626,0.87421275234116,NA,NA,"supported"
"Champsocephalus_esox","Site315","binary",0.816649113124356,0.750267578109626,0.87421275234116,NA,NA,"supported"
"Champsocephalus_gunnari","Site315","binary",0.816649113124356,0.750267578109626,0.87421275234116,NA,NA,"supported"
"Pseudochaenichthys_georgianus","Site315","binary",0.816649113124356,0.750267578109626,0.87421275234116,NA,NA,"supported"
"Clinocottus_analis","Site315","binary",0.816649113124356,0.750267578109626,0.87421275234116,NA,NA,"supported"
"Taurulus_bubalis","Site315","binary",0.816649113124356,0.750267578109626,0.87421275234116,NA,NA,"supported"
"Cyclopterus_lumpus","Site315","binary",0.816649113124356,0.750267578109626,0.87421275234116,NA,NA,"supported"
"Eleginops_maclovinus","Site315","binary",0.816649113124356,0.750267578109626,0.87421275234116,NA,NA,"supported"
"Cromileptes_altivelis","Site315","binary",0.816649113124356,0.750267578109626,0.87421275234116,NA,NA,"supported"
"Epinephelus_bruneus","Site315","binary",0.816649113124356,0.750267578109626,0.87421275234116,NA,NA,"supported"
"Epinephelus_coioides","Site315","binary",0.816649113124356,0.750267578109626,0.87421275234116,NA,NA,"supported"
"Epinephelus_fuscoguttatus","Site315","binary",0.816649113124356,0.750267578109626,0.87421275234116,NA,NA,"supported"
"Epinephelus_lanceolatus","Site315","binary",0.816649113124356,0.750267578109626,0.87421275234116,NA,NA,"supported"
"Epinephelus_malabaricus","Site315","binary",0.816649113124356,0.750267578109626,0.87421275234116,NA,NA,"supported"
"Epinephelus_multinotatus","Site315","binary",0.816649113124356,0.750267578109626,0.87421275234116,NA,NA,"supported"
"Plectropomus_leopardus","Site315","binary",0.816649113124356,0.750267578109626,0.87421275234116,NA,NA,"supported"
"Gasterosteus_aculeatus","Site315","binary",0.490295961932865,0.339839203527922,0.642955480059794,NA,NA,"supported"
"Pungitius_pungitius","Site315","binary",0.490295961932865,0.339839203527922,0.642955480059794,NA,NA,"supported"
"Pungitius_sinensis","Site315","binary",0.490295961932865,0.339839203527922,0.642955480059794,NA,NA,"supported"
"Dissostichus_eleginoides","Site315","binary",0.816649113124356,0.750267578109626,0.87421275234116,NA,NA,"supported"
"Dissostichus_mawsoni","Site315","binary",0.816649113124356,0.750267578109626,0.87421275234116,NA,NA,"supported"
"Notothenia_rossii","Site315","binary",0.816649113124356,0.750267578109626,0.87421275234116,NA,NA,"supported"
"Pagothenia_borchgrevinki","Site315","binary",0.816649113124356,0.750267578109626,0.87421275234116,NA,NA,"supported"
"Trematomus_bernacchii","Site315","binary",0.816649113124356,0.750267578109626,0.87421275234116,NA,NA,"supported"
"Etheostoma_cragini","Site315","binary",0.490295961932865,0.339839203527922,0.642955480059794,NA,NA,"supported"
"Perca_flavescens","Site315","binary",0.816649113124356,0.750267578109626,0.87421275234116,NA,NA,"supported"
"Perca_fluviatilis","Site315","binary",0.816649113124356,0.750267578109626,0.87421275234116,NA,NA,"supported"
"Sander_lucioperca","Site315","binary",0.816649113124356,0.750267578109626,0.87421275234116,NA,NA,"supported"
"Sander_vitreus","Site315","binary",0.816649113124356,0.750267578109626,0.87421275234116,NA,NA,"supported"
"Pholis_gunnellus","Site315","binary",0.816649113124356,0.750267578109626,0.87421275234116,NA,NA,"supported"
"Sebastes_fasciatus","Site315","binary",0.816649113124356,0.750267578109626,0.87421275234116,NA,NA,"supported"
"Sebastes_schlegelii","Site315","binary",0.816649113124356,0.750267578109626,0.87421275234116,NA,NA,"supported"
"Sebastes_umbrosus","Site315","binary",0.816649113124356,0.750267578109626,0.87421275234116,NA,NA,"supported"
"Centropristis_striata","Site315","binary",0.816649113124356,0.750267578109626,0.87421275234116,NA,NA,"supported"
"Echiichthys_vipera","Site315","binary",0.816649113124356,0.750267578109626,0.87421275234116,NA,NA,"supported"
"Eutrigla_gurnardus","Site315","binary",0.816649113124356,0.750267578109626,0.87421275234116,NA,NA,"supported"
"Lycodes_pacificus","Site315","binary",0.816649113124356,0.750267578109626,0.87421275234116,NA,NA,"supported"
"Melanostigma_gelatinosum","Site315","binary",0.816649113124356,0.750267578109626,0.87421275234116,NA,NA,"supported"
"Zoarces_viviparus","Site315","binary",0.816649113124356,0.750267578109626,0.87421275234116,NA,NA,"supported"
"Erpetoichthys_calabaricus","Site315","joint_bb",0.518085861103752,0.40669708202202,0.625586527713903,0.105065921969645,1,"supported"
"Polypterus_senegalus","Site315","joint_bb",0.518085861103752,0.40669708202202,0.625586527713903,0.104758640391035,1,"supported"
"Acipenser_oxyrinchus","Site315","joint_bb",0.518085861103752,0.40669708202202,0.625586527713903,0.108453967700538,1,"supported"
"Acipenser_ruthenus","Site315","joint_bb",0.518085861103752,0.40669708202202,0.625586527713903,0.102246799093823,1,"supported"
"Acipenser_sinensis","Site315","joint_bb",0.518085861103752,0.40669708202202,0.625586527713903,0.101304412130246,1,"supported"
"Huso_huso","Site315","joint_bb",0.518085861103752,0.40669708202202,0.625586527713903,0.106951668633091,1,"supported"
"Polyodon_spathula","Site315","joint_bb",0.518085861103752,0.40669708202202,0.625586527713903,0.109388775461933,1,"supported"
"Amia_ocellicauda","Site315","joint_bb",0.518085861103752,0.40669708202202,0.625586527713903,0.104687816114727,1,"supported"
"Atractosteus_spatula","Site315","joint_bb",0.518085861103752,0.40669708202202,0.625586527713903,0.106025033845411,1,"supported"
"Lepisosteus_oculatus","Site315","joint_bb",0.518085861103752,0.40669708202202,0.625586527713903,0.106452072273698,1,"supported"
"Megalops_atlanticus","Site315","joint_bb",0.518085861103752,0.40669708202202,0.625586527713903,0.101069807433515,1,"supported"
"Megalops_cyprinoides","Site315","joint_bb",0.518085861103752,0.40669708202202,0.625586527713903,0.100581396346163,1,"supported"
"Albula_glossodonta","Site315","joint_bb",0.518085861103752,0.40669708202202,0.625586527713903,0.106102566165242,1,"supported"
"Albula_goreensis","Site315","joint_bb",0.518085861103752,0.40669708202202,0.625586527713903,0.109423563733069,1,"supported"
"Aldrovandia_affinis","Site315","joint_bb",0.518085861103752,0.40669708202202,0.625586527713903,0.111210682069155,1,"supported"
"Anguilla_anguilla","Site315","joint_bb",0.518085861103752,0.40669708202202,0.625586527713903,0.108358557627223,1,"supported"
"Anguilla_japonica","Site315","joint_bb",0.518085861103752,0.40669708202202,0.625586527713903,0.10890114498548,1,"supported"
"Anguilla_rostrata","Site315","joint_bb",0.518085861103752,0.40669708202202,0.625586527713903,0.106617470173878,1,"supported"
"Conger_conger","Site315","joint_bb",0.518085861103752,0.40669708202202,0.625586527713903,0.100918296279194,1,"supported"
"Gymnothorax_javanicus","Site315","joint_bb",0.518085861103752,0.40669708202202,0.625586527713903,0.114647082608358,1,"supported"
"Synaphobranchus_kaupii","Site315","joint_bb",0.518085861103752,0.40669708202202,0.625586527713903,0.103628480539694,1,"supported"
"Arapaima_gigas","Site315","joint_bb",0.518085861103752,0.40669708202202,0.625586527713903,0.101037571009396,1,"supported"
"Brienomyrus_brachyistius","Site315","joint_bb",0.518085861103752,0.40669708202202,0.625586527713903,0.105010673229087,1,"supported"
"Paramormyrops_kingsleyae","Site315","joint_bb",0.518085861103752,0.40669708202202,0.625586527713903,0.105207035597283,1,"supported"
"Scleropages_formosus","Site315","joint_bb",0.518085861103752,0.40669708202202,0.625586527713903,0.104078054812538,1,"supported"
"Hiodon_alosoides","Site315","joint_bb",0.518085861103752,0.40669708202202,0.625586527713903,0.107658618136907,1,"supported"
"Alosa_alosa","Site315","joint_bb",0.518085861103752,0.40669708202202,0.625586527713903,0.10584657312852,1,"supported"
"Alosa_pseudoharengus","Site315","joint_bb",0.518085861103752,0.40669708202202,0.625586527713903,0.105828399318409,1,"supported"
"Alosa_sapidissima","Site315","joint_bb",0.518085861103752,0.40669708202202,0.625586527713903,0.104505290625122,1,"supported"
"Sardina_pilchardus","Site315","joint_bb",0.518085861103752,0.40669708202202,0.625586527713903,0.103672224233322,1,"supported"
"Clupea_harengus","Site315","joint_bb",0.518085861103752,0.40669708202202,0.625586527713903,0.104488458457016,1,"supported"
"Sprattus_sprattus","Site315","joint_bb",0.518085861103752,0.40669708202202,0.625586527713903,0.107267072966141,1,"supported"
"Denticeps_clupeoides","Site315","joint_bb",0.518085861103752,0.40669708202202,0.625586527713903,0.103276213616247,1,"supported"
"Coilia_grayii","Site315","joint_bb",0.518085861103752,0.40669708202202,0.625586527713903,0.106488159606983,1,"supported"
"Coilia_mystus","Site315","joint_bb",0.518085861103752,0.40669708202202,0.625586527713903,0.104411594661771,1,"supported"
"Engraulis_encrasicolus","Site315","joint_bb",0.518085861103752,0.40669708202202,0.625586527713903,0.102888995069722,1,"supported"
"Chanos_chanos","Site315","joint_bb",0.518085861103752,0.40669708202202,0.625586527713903,0.11191663618036,1,"supported"
"Myxocyprinus_asiaticus","Site315","joint_bb",0.518085861103752,0.40669708202202,0.625586527713903,0.103797871537092,1,"supported"
"Xyrauchen_texanus","Site315","joint_bb",0.518085861103752,0.40669708202202,0.625586527713903,0.103608744214696,1,"supported"
"Misgurnus_anguillicaudatus","Site315","joint_bb",0.518085861103752,0.40669708202202,0.625586527713903,0.102511463240557,1,"supported"
"Paramisgurnus_dabryanus","Site315","joint_bb",0.518085861103752,0.40669708202202,0.625586527713903,0.105858404482027,1,"supported"
"Abramis_brama","Site315","joint_bb",0.518085861103752,0.40669708202202,0.625586527713903,0.0989911332807027,1,"supported"
"Barbus_barbus","Site315","joint_bb",0.518085861103752,0.40669708202202,0.625586527713903,0.105814904632121,1,"supported"
"Carassius_auratus","Site315","joint_bb",0.518085861103752,0.40669708202202,0.625586527713903,0.104752811511207,1,"supported"
"Carassius_carassius","Site315","joint_bb",0.518085861103752,0.40669708202202,0.625586527713903,0.105183475104474,1,"supported"
"Carassius_gibelio","Site315","joint_bb",0.518085861103752,0.40669708202202,0.625586527713903,0.103916149681251,1,"supported"
"Chanodichthys_erythropterus","Site315","joint_bb",0.518085861103752,0.40669708202202,0.625586527713903,0.104247676760857,1,"supported"
"Cirrhinus_molitorella","Site315","joint_bb",0.518085861103752,0.40669708202202,0.625586527713903,0.111307906712359,1,"supported"
"Ctenopharyngodon_idella","Site315","joint_bb",0.518085861103752,0.40669708202202,0.625586527713903,0.104883902899472,1,"supported"
"Culter_alburnus","Site315","joint_bb",0.518085861103752,0.40669708202202,0.625586527713903,0.0995619064225951,1,"supported"
"Cyprinella_venusta","Site315","joint_bb",0.518085861103752,0.40669708202202,0.625586527713903,0.110328967310204,1,"supported"
"Cyprinus_carpio","Site315","joint_bb",0.518085861103752,0.40669708202202,0.625586527713903,0.1053375318647,1,"supported"
"Danio_aesculapii","Site315","joint_bb",0.518085861103752,0.40669708202202,0.625586527713903,0.107108351109657,1,"supported"
"Danio_rerio","Site315","joint_bb",0.518085861103752,0.40669708202202,0.625586527713903,0.0993815713959218,1,"supported"
"Garra_rufa","Site315","joint_bb",0.518085861103752,0.40669708202202,0.625586527713903,0.101508989757953,1,"supported"
"Hemiculter_leucisculus","Site315","joint_bb",0.518085861103752,0.40669708202202,0.625586527713903,0.101659199621429,1,"supported"
"Labeo_rohita","Site315","joint_bb",0.518085861103752,0.40669708202202,0.625586527713903,0.103636045310228,1,"supported"
"Leuciscus_chuanchicus","Site315","joint_bb",0.518085861103752,0.40669708202202,0.625586527713903,0.100050691113394,1,"supported"
"Leuciscus_leuciscus","Site315","joint_bb",0.518085861103752,0.40669708202202,0.625586527713903,0.104510801872137,1,"supported"
"Leuciscus_waleckii","Site315","joint_bb",0.518085861103752,0.40669708202202,0.625586527713903,0.104138561001417,1,"supported"
"Megalobrama_amblycephala","Site315","joint_bb",0.518085861103752,0.40669708202202,0.625586527713903,0.105752713451321,1,"supported"
"Mylopharyngodon_piceus","Site315","joint_bb",0.518085861103752,0.40669708202202,0.625586527713903,0.104293705726023,1,"supported"
"Onychostoma_macrolepis","Site315","joint_bb",0.518085861103752,0.40669708202202,0.625586527713903,0.107389328781173,1,"supported"
"Phoxinus_phoxinus","Site315","joint_bb",0.518085861103752,0.40669708202202,0.625586527713903,0.106855546451158,1,"supported"
"Pimephales_promelas","Site315","joint_bb",0.518085861103752,0.40669708202202,0.625586527713903,0.103408464801581,1,"supported"
"Pseudorasbora_parva","Site315","joint_bb",0.518085861103752,0.40669708202202,0.625586527713903,0.107384704445742,1,"supported"
"Puntigrus_tetrazona","Site315","joint_bb",0.518085861103752,0.40669708202202,0.625586527713903,0.106249411480347,1,"supported"
"Rutilus_rutilus","Site315","joint_bb",0.518085861103752,0.40669708202202,0.625586527713903,0.107867452587333,1,"supported"
"Scardinius_erythrophthalmus","Site315","joint_bb",0.518085861103752,0.40669708202202,0.625586527713903,0.104392927480485,1,"supported"
"Sinocyclocheilus_anshuiensis","Site315","joint_bb",0.518085861103752,0.40669708202202,0.625586527713903,0.104399753744429,1,"supported"
"Sinocyclocheilus_grahami","Site315","joint_bb",0.518085861103752,0.40669708202202,0.625586527713903,0.103253737960012,1,"supported"
"Sinocyclocheilus_rhinocerous","Site315","joint_bb",0.518085861103752,0.40669708202202,0.625586527713903,0.104726843109007,1,"supported"
"Siphateles_boraxobius","Site315","joint_bb",0.518085861103752,0.40669708202202,0.625586527713903,0.108720789115037,1,"supported"
"Squalius_cephalus","Site315","joint_bb",0.518085861103752,0.40669708202202,0.625586527713903,0.109329827941867,1,"supported"
"Gobio_gobio","Site315","joint_bb",0.518085861103752,0.40669708202202,0.625586527713903,0.107163293761865,1,"supported"
"Rhinichthys_klamathensis","Site315","joint_bb",0.518085861103752,0.40669708202202,0.625586527713903,0.106512754708064,1,"supported"
"Barbatula_barbatula","Site315","joint_bb",0.518085861103752,0.40669708202202,0.625586527713903,0.107360566082699,1,"supported"
"Triplophysa_dalaica","Site315","joint_bb",0.518085861103752,0.40669708202202,0.625586527713903,0.103635718894698,1,"supported"
"Triplophysa_rosa","Site315","joint_bb",0.518085861103752,0.40669708202202,0.625586527713903,0.107248181124676,1,"supported"
"Astyanax_lacustris","Site315","joint_bb",0.518085861103752,0.40669708202202,0.625586527713903,0.104002148721571,1,"supported"
"Astyanax_mexicanus","Site315","joint_bb",0.518085861103752,0.40669708202202,0.625586527713903,0.10895987162612,1,"supported"
"Salminus_brasiliensis","Site315","joint_bb",0.518085861103752,0.40669708202202,0.625586527713903,0.111429459356599,1,"supported"
"Hoplias_malabaricus","Site315","joint_bb",0.518085861103752,0.40669708202202,0.625586527713903,0.106878582688934,1,"supported"
"Prochilodus_magdalenae","Site315","joint_bb",0.518085861103752,0.40669708202202,0.625586527713903,0.100117051758015,1,"supported"
"Acnodon_oligacanthus","Site315","joint_bb",0.518085861103752,0.40669708202202,0.625586527713903,0.109430887500034,1,"supported"
"Colossoma_macropomum","Site315","joint_bb",0.518085861103752,0.40669708202202,0.625586527713903,0.105755588887875,1,"supported"
"Metynnis_hypsauchen","Site315","joint_bb",0.518085861103752,0.40669708202202,0.625586527713903,0.0993914971347245,1,"supported"
"Pygocentrus_nattereri","Site315","joint_bb",0.518085861103752,0.40669708202202,0.625586527713903,0.106573817199553,1,"supported"
"Serrasalmus_rhombeus","Site315","joint_bb",0.518085861103752,0.40669708202202,0.625586527713903,0.103915585599735,1,"supported"
"Electrophorus_electricus","Site315","joint_bb",0.518085861103752,0.40669708202202,0.625586527713903,0.105793714588915,1,"supported"
"Electrophorus_voltai","Site315","joint_bb",0.518085861103752,0.40669708202202,0.625586527713903,0.108604505716124,1,"supported"
"Brachyhypopomus_gauderio","Site315","joint_bb",0.518085861103752,0.40669708202202,0.625586527713903,0.104027419462925,1,"supported"
"Neoarius_graeffei","Site315","joint_bb",0.518085861103752,0.40669708202202,0.625586527713903,0.102578246800489,1,"supported"
"Hemibagrus_guttatus","Site315","joint_bb",0.518085861103752,0.40669708202202,0.625586527713903,0.10455901135183,1,"supported"
"Hemibagrus_wyckioides","Site315","joint_bb",0.518085861103752,0.40669708202202,0.625586527713903,0.10991917623028,1,"supported"
"Tachysurus_fulvidraco","Site315","joint_bb",0.518085861103752,0.40669708202202,0.625586527713903,0.101230915327592,1,"supported"
"Tachysurus_vachellii","Site315","joint_bb",0.518085861103752,0.40669708202202,0.625586527713903,0.11155587840675,1,"supported"
"Clarias_gariepinus","Site315","joint_bb",0.518085861103752,0.40669708202202,0.625586527713903,0.105547201632318,1,"supported"
"Clarias_magur","Site315","joint_bb",0.518085861103752,0.40669708202202,0.625586527713903,0.10879257347592,1,"supported"
"Ictalurus_furcatus","Site315","joint_bb",0.518085861103752,0.40669708202202,0.625586527713903,0.104711341264265,1,"supported"
"Ictalurus_punctatus","Site315","joint_bb",0.518085861103752,0.40669708202202,0.625586527713903,0.10312002449845,1,"supported"
"Pangasianodon_gigas","Site315","joint_bb",0.518085861103752,0.40669708202202,0.625586527713903,0.104976981051786,1,"supported"
"Pangasianodon_hypophthalmus","Site315","joint_bb",0.518085861103752,0.40669708202202,0.625586527713903,0.106779686621999,1,"supported"
"Silurus_aristotelis","Site315","joint_bb",0.518085861103752,0.40669708202202,0.625586527713903,0.111577522000123,1,"supported"
"Silurus_asotus","Site315","joint_bb",0.518085861103752,0.40669708202202,0.625586527713903,0.106047506224026,1,"supported"
"Silurus_meridionalis","Site315","joint_bb",0.518085861103752,0.40669708202202,0.625586527713903,0.100179224629782,1,"supported"
"Trichomycterus_rosablanca","Site315","joint_bb",0.518085861103752,0.40669708202202,0.625586527713903,0.10356599115723,1,"supported"
"Nansenia_antarctica","Site315","joint_bb",0.518085861103752,0.40669708202202,0.625586527713903,0.103647219270418,1,"supported"
"Galaxias_brevipinnis","Site315","joint_bb",0.767345538740961,0.72196994506322,0.808815781798622,0.335738057959864,1,"supported"
"Coregonus_albula","Site315","joint_bb",0.518085861103752,0.40669708202202,0.625586527713903,0.106059106800322,1,"supported"
"Coregonus_clupeaformis","Site315","joint_bb",0.518085861103752,0.40669708202202,0.625586527713903,0.104942554887294,1,"supported"
"Coregonus_lavaretus","Site315","joint_bb",0.518085861103752,0.40669708202202,0.625586527713903,0.105818408202124,1,"supported"
"Coregonus_suidteri","Site315","joint_bb",0.518085861103752,0.40669708202202,0.625586527713903,0.109463373373418,1,"supported"
"Oncorhynchus_clarkii","Site315","joint_bb",0.518085861103752,0.40669708202202,0.625586527713903,0.107257299075724,1,"supported"
"Oncorhynchus_gorbuscha","Site315","joint_bb",0.518085861103752,0.40669708202202,0.625586527713903,0.105559301292384,1,"supported"
"Oncorhynchus_keta","Site315","joint_bb",0.518085861103752,0.40669708202202,0.625586527713903,0.107257734214552,1,"supported"
"Oncorhynchus_kisutch","Site315","joint_bb",0.518085861103752,0.40669708202202,0.625586527713903,0.107258116391638,1,"supported"
"Oncorhynchus_masou","Site315","joint_bb",0.518085861103752,0.40669708202202,0.625586527713903,0.103790402598906,1,"supported"
"Oncorhynchus_mykiss","Site315","joint_bb",0.518085861103752,0.40669708202202,0.625586527713903,0.101826206063505,1,"supported"
"Oncorhynchus_nerka","Site315","joint_bb",0.518085861103752,0.40669708202202,0.625586527713903,0.105649676379748,1,"supported"
"Oncorhynchus_tshawytscha","Site315","joint_bb",0.518085861103752,0.40669708202202,0.625586527713903,0.102411557855756,1,"supported"
"Salmo_salar","Site315","joint_bb",0.518085861103752,0.40669708202202,0.625586527713903,0.101166179838966,1,"supported"
"Salmo_trutta","Site315","joint_bb",0.518085861103752,0.40669708202202,0.625586527713903,0.10720774675013,1,"supported"
"Salvelinus_alpinus","Site315","joint_bb",0.518085861103752,0.40669708202202,0.625586527713903,0.103347631077923,1,"supported"
"Salvelinus_fontinalis","Site315","joint_bb",0.518085861103752,0.40669708202202,0.625586527713903,0.109776761514428,1,"supported"
"Salvelinus_namaycush","Site315","joint_bb",0.518085861103752,0.40669708202202,0.625586527713903,0.095914813546075,1,"supported"
"Dallia_pectoralis","Site315","joint_bb",0.518085861103752,0.40669708202202,0.625586527713903,0.106554265116314,1,"supported"
"Esox_lucius","Site315","joint_bb",0.518085861103752,0.40669708202202,0.625586527713903,0.105793867718421,1,"supported"
"Umbra_pygmaea","Site315","joint_bb",0.518085861103752,0.40669708202202,0.625586527713903,0.10578737884275,1,"supported"
"Hypomesus_nipponensis","Site315","joint_bb",0.767345538740961,0.72196994506322,0.808815781798622,0.33565166141058,1,"supported"
"Hypomesus_transpacificus","Site315","joint_bb",0.767345538740961,0.72196994506322,0.808815781798622,0.348685182076796,1,"supported"
"Osmerus_eperlanus","Site315","joint_bb",0.767345538740961,0.72196994506322,0.808815781798622,0.350078453029725,1,"supported"
"Osmerus_mordax","Site315","joint_bb",0.767345538740961,0.72196994506322,0.808815781798622,0.333536531015131,1,"supported"
"Benthosema_glaciale","Site315","joint_bb",0.518085861103752,0.40669708202202,0.625586527713903,0.107138088785787,1,"supported"
"Electrona_antarctica","Site315","joint_bb",0.518085861103752,0.40669708202202,0.625586527713903,0.106282810533485,1,"supported"
"Gymnoscopelus_braueri","Site315","joint_bb",0.518085861103752,0.40669708202202,0.625586527713903,0.107431763975751,1,"supported"
"Gymnoscopelus_microlampas","Site315","joint_bb",0.518085861103752,0.40669708202202,0.625586527713903,0.102982812443869,1,"supported"
"Nannobrachium_achirus","Site315","joint_bb",0.518085861103752,0.40669708202202,0.625586527713903,0.10280699757919,1,"supported"
"Protomyctophum_bolini","Site315","joint_bb",0.518085861103752,0.40669708202202,0.625586527713903,0.111757701927143,1,"supported"
"Protomyctophum_parallelum","Site315","joint_bb",0.518085861103752,0.40669708202202,0.625586527713903,0.103290076015205,1,"supported"
"Polymixia_hollisterae","Site315","joint_bb",0.518085861103752,0.40669708202202,0.625586527713903,0.11069568495463,1,"supported"
"Polymixia_lowei","Site315","joint_bb",0.518085861103752,0.40669708202202,0.625586527713903,0.102103032256258,1,"supported"
"Centroberyx_affinis","Site315","joint_bb",0.518085861103752,0.40669708202202,0.625586527713903,0.107013223048768,1,"supported"
"Centroberyx_gerrardi","Site315","joint_bb",0.518085861103752,0.40669708202202,0.625586527713903,0.103615908855529,1,"supported"
"Poromitra_crassiceps","Site315","joint_bb",0.518085861103752,0.40669708202202,0.625586527713903,0.104788875406717,1,"supported"
"Myripristis_murdjan","Site315","joint_bb",0.518085861103752,0.40669708202202,0.625586527713903,0.104857287320227,1,"supported"
"Lucifuga_dentata","Site315","joint_bb",0.518085861103752,0.40669708202202,0.625586527713903,0.102247094808244,1,"supported"
"Genypterus_blacodes","Site315","joint_bb",0.518085861103752,0.40669708202202,0.625586527713903,0.10563429662199,1,"supported"
"Arripis_georgiana","Site315","joint_bb",0.767345538740961,0.72196994506322,0.808815781798622,0.339127032426025,1,"supported"
"Katsuwonus_pelamis","Site315","joint_bb",0.767345538740961,0.72196994506322,0.808815781798622,0.349443598826643,1,"supported"
"Sarda_sarda","Site315","joint_bb",0.767345538740961,0.72196994506322,0.808815781798622,0.347895773848432,1,"supported"
"Scomber_japonicus","Site315","joint_bb",0.767345538740961,0.72196994506322,0.808815781798622,0.342677037376252,1,"supported"
"Scomber_scombrus","Site315","joint_bb",0.767345538740961,0.72196994506322,0.808815781798622,0.345098400008077,1,"supported"
"Thunnus_alalunga","Site315","joint_bb",0.767345538740961,0.72196994506322,0.808815781798622,0.35131755843242,1,"supported"
"Thunnus_albacares","Site315","joint_bb",0.767345538740961,0.72196994506322,0.808815781798622,0.344040321711381,1,"supported"
"Thunnus_atlanticus","Site315","joint_bb",0.767345538740961,0.72196994506322,0.808815781798622,0.338061621975307,1,"supported"
"Thunnus_maccoyii","Site315","joint_bb",0.767345538740961,0.72196994506322,0.808815781798622,0.348442581567655,1,"supported"
"Thunnus_obesus","Site315","joint_bb",0.767345538740961,0.72196994506322,0.808815781798622,0.342682757170935,1,"supported"
"Thunnus_orientalis","Site315","joint_bb",0.767345538740961,0.72196994506322,0.808815781798622,0.349301891202326,1,"supported"
"Thunnus_thynnus","Site315","joint_bb",0.767345538740961,0.72196994506322,0.808815781798622,0.33871144520687,1,"supported"
"Thunnus_tonggol","Site315","joint_bb",0.767345538740961,0.72196994506322,0.808815781798622,0.341080805499849,1,"supported"
"Pampus_argenteus","Site315","joint_bb",0.767345538740961,0.72196994506322,0.808815781798622,0.342622298524551,1,"supported"
"Pampus_punctatissimus","Site315","joint_bb",0.767345538740961,0.72196994506322,0.808815781798622,0.344493899588037,1,"supported"
"Aulostomus_chinensis","Site315","joint_bb",0.518085861103752,0.40669708202202,0.625586527713903,0.110565433881438,1,"supported"
"Fistularia_commersonii","Site315","joint_bb",0.767345538740961,0.72196994506322,0.808815781798622,0.338957543537126,1,"supported"
"Pterapogon_kauderni","Site315","joint_bb",0.518085861103752,0.40669708202202,0.625586527713903,0.107912055934932,1,"supported"
"Sphaeramia_orbicularis","Site315","joint_bb",0.767345538740961,0.72196994506322,0.808815781798622,0.34668388707761,1,"supported"
"Oxyeleotris_marmorata","Site315","joint_bb",0.767345538740961,0.72196994506322,0.808815781798622,0.342402991992651,1,"supported"
"Boleophthalmus_pectinirostris","Site315","joint_bb",0.767345538740961,0.72196994506322,0.808815781798622,0.344246198306071,1,"supported"
"Eucyclogobius_newberryi","Site315","joint_bb",0.767345538740961,0.72196994506322,0.808815781798622,0.332767185328513,1,"supported"
"Gobius_niger","Site315","joint_bb",0.767345538740961,0.72196994506322,0.808815781798622,0.358264304670071,1,"supported"
"Knipowitschia_caucasica","Site315","joint_bb",0.767345538740961,0.72196994506322,0.808815781798622,0.34046735511087,1,"supported"
"Mugilogobius_chulae","Site315","joint_bb",0.767345538740961,0.72196994506322,0.808815781798622,0.340929715521927,1,"supported"
"Periophthalmus_magnuspinnatus","Site315","joint_bb",0.767345538740961,0.72196994506322,0.808815781798622,0.343000997514857,1,"supported"
"Mastacembelus_armatus","Site315","joint_bb",0.767345538740961,0.72196994506322,0.808815781798622,0.348611676580398,1,"supported"
"Monopterus_albus","Site315","joint_bb",0.767345538740961,0.72196994506322,0.808815781798622,0.340767372587111,1,"supported"
"Anabas_testudineus","Site315","joint_bb",0.518085861103752,0.40669708202202,0.625586527713903,0.108011852800577,1,"supported"
"Channa_argus","Site315","joint_bb",0.518085861103752,0.40669708202202,0.625586527713903,0.111996556182036,1,"supported"
"Channa_striata","Site315","joint_bb",0.518085861103752,0.40669708202202,0.625586527713903,0.105994081023634,1,"supported"
"Betta_splendens","Site315","joint_bb",0.518085861103752,0.40669708202202,0.625586527713903,0.10300840394227,1,"supported"
"Trichopodus_trichopterus","Site315","joint_bb",0.518085861103752,0.40669708202202,0.625586527713903,0.104725021427537,1,"supported"
"Lates_calcarifer","Site315","joint_bb",0.767345538740961,0.72196994506322,0.808815781798622,0.331830154939682,1,"supported"
"Lates_japonicus","Site315","joint_bb",0.767345538740961,0.72196994506322,0.808815781798622,0.348019616742183,1,"supported"
"Eleutheronema_tetradactylum","Site315","joint_bb",0.767345538740961,0.72196994506322,0.808815781798622,0.31971958985172,1,"supported"
"Toxotes_jaculatrix","Site315","joint_bb",0.767345538740961,0.72196994506322,0.808815781798622,0.343478978966906,1,"supported"
"Xiphias_gladius","Site315","joint_bb",0.767345538740961,0.72196994506322,0.808815781798622,0.345269274102784,1,"supported"
"Caranx_melampygus","Site315","joint_bb",0.767345538740961,0.72196994506322,0.808815781798622,0.33626131984504,1,"supported"
"Seriola_dumerili","Site315","joint_bb",0.767345538740961,0.72196994506322,0.808815781798622,0.350036291346357,1,"supported"
"Seriola_lalandi","Site315","joint_bb",0.767345538740961,0.72196994506322,0.808815781798622,0.327784606385943,1,"supported"
"Trachinotus_anak","Site315","joint_bb",0.767345538740961,0.72196994506322,0.808815781798622,0.338631817528858,1,"supported"
"Trachurus_japonicus","Site315","joint_bb",0.767345538740961,0.72196994506322,0.808815781798622,0.346355019449319,1,"supported"
"Trachurus_trachurus","Site315","joint_bb",0.767345538740961,0.72196994506322,0.808815781798622,0.337670933427379,1,"supported"
"Echeneis_naucrates","Site315","joint_bb",0.767345538740961,0.72196994506322,0.808815781798622,0.348223018799154,1,"supported"
"Paralichthys_olivaceus","Site315","joint_bb",0.767345538740961,0.72196994506322,0.808815781798622,0.341624390170785,1,"supported"
"Hippoglossus_hippoglossus","Site315","joint_bb",0.767345538740961,0.72196994506322,0.808815781798622,0.34228681464489,1,"supported"
"Hippoglossus_stenolepis","Site315","joint_bb",0.767345538740961,0.72196994506322,0.808815781798622,0.340442125648804,1,"supported"
"Limanda_limanda","Site315","joint_bb",0.767345538740961,0.72196994506322,0.808815781798622,0.332250133674281,1,"supported"
"Platichthys_flesus","Site315","joint_bb",0.767345538740961,0.72196994506322,0.808815781798622,0.339315914789628,1,"supported"
"Platichthys_stellatus","Site315","joint_bb",0.767345538740961,0.72196994506322,0.808815781798622,0.334409455714244,1,"supported"
"Pleuronectes_platessa","Site315","joint_bb",0.767345538740961,0.72196994506322,0.808815781798622,0.344158771201963,1,"supported"
"Scophthalmus_maximus","Site315","joint_bb",0.767345538740961,0.72196994506322,0.808815781798622,0.339699090515909,1,"supported"
"Microchirus_variegatus","Site315","joint_bb",0.518085861103752,0.40669708202202,0.625586527713903,0.106724114361986,1,"supported"
"Solea_senegalensis","Site315","joint_bb",0.518085861103752,0.40669708202202,0.625586527713903,0.108714987267908,1,"supported"
"Solea_solea","Site315","joint_bb",0.518085861103752,0.40669708202202,0.625586527713903,0.104124087917239,1,"supported"
"Parambassis_ranga","Site315","joint_bb",0.767345538740961,0.72196994506322,0.808815781798622,0.336031774257386,1,"supported"
"Brachyistius_frenatus","Site315","joint_bb",0.767345538740961,0.72196994506322,0.808815781798622,0.348087906974077,1,"supported"
"Embiotoca_jacksoni","Site315","joint_bb",0.767345538740961,0.72196994506322,0.808815781798622,0.331926223377403,1,"supported"
"Acanthochromis_polyacanthus","Site315","joint_bb",0.767345538740961,0.72196994506322,0.808815781798622,0.34236065332367,1,"supported"
"Amphiprion_ocellaris","Site315","joint_bb",0.767345538740961,0.72196994506322,0.808815781798622,0.335574349074203,1,"supported"
"Stegastes_partitus","Site315","joint_bb",0.767345538740961,0.72196994506322,0.808815781798622,0.350570318789284,1,"supported"
"Andinoacara_rivulatus","Site315","joint_bb",0.767345538740961,0.72196994506322,0.808815781798622,0.346563028054281,1,"supported"
"Archocentrus_centrarchus","Site315","joint_bb",0.767345538740961,0.72196994506322,0.808815781798622,0.349826232153103,1,"supported"
"Astatotilapia_burtoni","Site315","joint_bb",0.767345538740961,0.72196994506322,0.808815781798622,0.34486828804358,1,"supported"
"Astatotilapia_calliptera","Site315","joint_bb",0.767345538740961,0.72196994506322,0.808815781798622,0.33438915748245,1,"supported"
"Astronotus_ocellatus","Site315","joint_bb",0.767345538740961,0.72196994506322,0.808815781798622,0.34111962347635,1,"supported"
"Aulonocara_stuartgranti","Site315","joint_bb",0.767345538740961,0.72196994506322,0.808815781798622,0.34530210709554,1,"supported"
"Copadichromis_virginalis","Site315","joint_bb",0.767345538740961,0.72196994506322,0.808815781798622,0.351445635065274,1,"supported"
"Diplotaxodon_limnothrissa","Site315","joint_bb",0.767345538740961,0.72196994506322,0.808815781798622,0.337763048480002,1,"supported"
"Haplochromis_nyererei","Site315","joint_bb",0.767345538740961,0.72196994506322,0.808815781798622,0.33869692924589,1,"supported"
"Maylandia_zebra","Site315","joint_bb",0.767345538740961,0.72196994506322,0.808815781798622,0.336598717579923,1,"supported"
"Mchenga_conophoros","Site315","joint_bb",0.767345538740961,0.72196994506322,0.808815781798622,0.34489837590599,1,"supported"
"Neolamprologus_brichardi","Site315","joint_bb",0.767345538740961,0.72196994506322,0.808815781798622,0.341703217686853,1,"supported"
"Neolamprologus_multifasciatus","Site315","joint_bb",0.767345538740961,0.72196994506322,0.808815781798622,0.336315802388422,1,"supported"
"Oreochromis_aureus","Site315","joint_bb",0.767345538740961,0.72196994506322,0.808815781798622,0.335370909895174,1,"supported"
"Oreochromis_niloticus","Site315","joint_bb",0.767345538740961,0.72196994506322,0.808815781798622,0.332510200661923,1,"supported"
"Pelmatolapia_mariae","Site315","joint_bb",0.767345538740961,0.72196994506322,0.808815781798622,0.340919851992562,1,"supported"
"Perissodus_microlepis","Site315","joint_bb",0.767345538740961,0.72196994506322,0.808815781798622,0.344214474056425,1,"supported"
"Pterophyllum_scalare","Site315","joint_bb",0.767345538740961,0.72196994506322,0.808815781798622,0.354448796315353,1,"supported"
"Rhamphochromis_longiceps","Site315","joint_bb",0.767345538740961,0.72196994506322,0.808815781798622,0.347094703461245,1,"supported"
"Sarotherodon_galilaeus","Site315","joint_bb",0.767345538740961,0.72196994506322,0.808815781798622,0.341697835916649,1,"supported"
"Simochromis_diagramma","Site315","joint_bb",0.767345538740961,0.72196994506322,0.808815781798622,0.34803432709525,1,"supported"
"Leuresthes_tenuis","Site315","joint_bb",0.767345538740961,0.72196994506322,0.808815781798622,0.33808375064826,1,"supported"
"Menidia_menidia","Site315","joint_bb",0.518085861103752,0.40669708202202,0.625586527713903,0.107137112810391,1,"supported"
"Odontesthes_bonariensis","Site315","joint_bb",0.518085861103752,0.40669708202202,0.625586527713903,0.103726962264702,1,"supported"
"Melanotaenia_boesemani","Site315","joint_bb",0.518085861103752,0.40669708202202,0.625586527713903,0.107318579799377,1,"supported"
"Telmatherina_bonti","Site315","joint_bb",0.518085861103752,0.40669708202202,0.625586527713903,0.105782861910001,1,"supported"
"Oryzias_javanicus","Site315","joint_bb",0.518085861103752,0.40669708202202,0.625586527713903,0.103191489743941,1,"supported"
"Oryzias_latipes","Site315","joint_bb",0.518085861103752,0.40669708202202,0.625586527713903,0.106848837043523,1,"supported"
"Oryzias_melastigma","Site315","joint_bb",0.518085861103752,0.40669708202202,0.625586527713903,0.104088793154857,1,"supported"
"Xenentodon_cancila","Site315","joint_bb",0.767345538740961,0.72196994506322,0.808815781798622,0.340986826552261,1,"supported"
"Cololabis_saira","Site315","joint_bb",0.767345538740961,0.72196994506322,0.808815781798622,0.347164399219261,1,"supported"
"Anableps_anableps","Site315","joint_bb",0.518085861103752,0.40669708202202,0.625586527713903,0.112188791586767,1,"supported"
"Cyprinodon_tularosa","Site315","joint_bb",0.518085861103752,0.40669708202202,0.625586527713903,0.110980656024031,1,"supported"
"Cyprinodon_variegatus","Site315","joint_bb",0.518085861103752,0.40669708202202,0.625586527713903,0.105857531828067,1,"supported"
"Fundulus_diaphanus","Site315","joint_bb",0.518085861103752,0.40669708202202,0.625586527713903,0.108008330953914,1,"supported"
"Fundulus_heteroclitus","Site315","joint_bb",0.518085861103752,0.40669708202202,0.625586527713903,0.103365649948503,1,"supported"
"Ameca_splendens","Site315","joint_bb",0.518085861103752,0.40669708202202,0.625586527713903,0.107655933832261,1,"supported"
"Crenichthys_baileyi","Site315","joint_bb",0.518085861103752,0.40669708202202,0.625586527713903,0.106614054912388,1,"supported"
"Girardinichthys_multiradiatus","Site315","joint_bb",0.767345538740961,0.72196994506322,0.808815781798622,0.350659986888606,1,"supported"
"Nothobranchius_furzeri","Site315","joint_bb",0.767345538740961,0.72196994506322,0.808815781798622,0.336852350937108,1,"supported"
"Nothobranchius_kadleci","Site315","joint_bb",0.767345538740961,0.72196994506322,0.808815781798622,0.341637736564785,1,"supported"
"Nothobranchius_pienaari","Site315","joint_bb",0.767345538740961,0.72196994506322,0.808815781798622,0.341707961468084,1,"supported"
"Nothobranchius_rachovii","Site315","joint_bb",0.767345538740961,0.72196994506322,0.808815781798622,0.328496951193683,1,"supported"
"Gambusia_affinis","Site315","joint_bb",0.518085861103752,0.40669708202202,0.625586527713903,0.103652086537806,1,"supported"
"Gambusia_holbrooki","Site315","joint_bb",0.518085861103752,0.40669708202202,0.625586527713903,0.106773246524279,1,"supported"
"Poecilia_formosa","Site315","joint_bb",0.518085861103752,0.40669708202202,0.625586527713903,0.106040295690312,1,"supported"
"Poecilia_latipinna","Site315","joint_bb",0.518085861103752,0.40669708202202,0.625586527713903,0.109403810628154,1,"supported"
"Poecilia_mexicana","Site315","joint_bb",0.518085861103752,0.40669708202202,0.625586527713903,0.103176698400289,1,"supported"
"Poecilia_reticulata","Site315","joint_bb",0.518085861103752,0.40669708202202,0.625586527713903,0.0992581682843202,1,"supported"
"Poeciliopsis_prolifica","Site315","joint_bb",0.518085861103752,0.40669708202202,0.625586527713903,0.107558024814079,1,"supported"
"Poropanchax_normani","Site315","joint_bb",0.518085861103752,0.40669708202202,0.625586527713903,0.110161464185257,1,"supported"
"Xiphophorus_couchianus","Site315","joint_bb",0.518085861103752,0.40669708202202,0.625586527713903,0.108613480081489,1,"supported"
"Xiphophorus_hellerii","Site315","joint_bb",0.518085861103752,0.40669708202202,0.625586527713903,0.0987158023517555,1,"supported"
"Xiphophorus_maculatus","Site315","joint_bb",0.518085861103752,0.40669708202202,0.625586527713903,0.115097289791835,1,"supported"
"Austrofundulus_limnaeus","Site315","joint_bb",0.767345538740961,0.72196994506322,0.808815781798622,0.337455216969546,1,"supported"
"Kryptolebias_marmoratus","Site315","joint_bb",0.767345538740961,0.72196994506322,0.808815781798622,0.342339377287805,1,"supported"
"Nematolebias_whitei","Site315","joint_bb",0.518085861103752,0.40669708202202,0.625586527713903,0.112951021978124,1,"supported"
"Chelon_labrosus","Site315","joint_bb",0.767345538740961,0.72196994506322,0.808815781798622,0.353151964437315,1,"supported"
"Mugil_cephalus","Site315","joint_bb",0.767345538740961,0.72196994506322,0.808815781798622,0.33999349664558,1,"supported"
"Planiliza_haematocheilus","Site315","joint_bb",0.767345538740961,0.72196994506322,0.808815781798622,0.332662240603283,1,"supported"
"Gouania_willdenowi","Site315","joint_bb",0.767345538740961,0.72196994506322,0.808815781798622,0.338829783488735,1,"supported"
"Blennius_ocellaris","Site315","joint_bb",0.767345538740961,0.72196994506322,0.808815781798622,0.342145433156428,1,"supported"
"Lipophrys_pholis","Site315","joint_bb",0.767345538740961,0.72196994506322,0.808815781798622,0.339050285155291,1,"supported"
"Ophioblennius_macclurei","Site315","joint_bb",0.767345538740961,0.72196994506322,0.808815781798622,0.343666893160426,1,"supported"
"Salarias_fasciatus","Site315","joint_bb",0.767345538740961,0.72196994506322,0.808815781798622,0.334856939498114,1,"supported"
"Cristiceps_australis","Site315","joint_bb",0.767345538740961,0.72196994506322,0.808815781798622,0.345020210891413,1,"supported"
"Dicentrarchus_labrax","Site315","joint_bb",0.518085861103752,0.40669708202202,0.625586527713903,0.107126857860189,1,"supported"
"Morone_saxatilis","Site315","joint_bb",0.518085861103752,0.40669708202202,0.625586527713903,0.105488600391268,1,"supported"
"Scatophagus_argus","Site315","joint_bb",0.767345538740961,0.72196994506322,0.808815781798622,0.334309911663843,1,"supported"
"Collichthys_lucidus","Site315","joint_bb",0.767345538740961,0.72196994506322,0.808815781798622,0.342414657856147,1,"supported"
"Larimichthys_crocea","Site315","joint_bb",0.767345538740961,0.72196994506322,0.808815781798622,0.348004061315627,1,"supported"
"Nibea_albiflora","Site315","joint_bb",0.767345538740961,0.72196994506322,0.808815781798622,0.344568104167563,1,"supported"
"Sciaenops_ocellatus","Site315","joint_bb",0.767345538740961,0.72196994506322,0.808815781798622,0.345489929144309,1,"supported"
"Siganus_canaliculatus","Site315","joint_bb",0.518085861103752,0.40669708202202,0.625586527713903,0.107938724815023,1,"supported"
"Ammodytes_marinus","Site315","joint_bb",0.767345538740961,0.72196994506322,0.808815781798622,0.334692114729621,1,"supported"
"Cheilinus_undulatus","Site315","joint_bb",0.518085861103752,0.40669708202202,0.625586527713903,0.108434089830841,1,"supported"
"Halichoeres_trimaculatus","Site315","joint_bb",0.767345538740961,0.72196994506322,0.808815781798622,0.346367369065892,1,"supported"
"Notolabrus_celidotus","Site315","joint_bb",0.767345538740961,0.72196994506322,0.808815781798622,0.335131107471902,1,"supported"
"Semicossyphus_pulcher","Site315","joint_bb",0.767345538740961,0.72196994506322,0.808815781798622,0.348693576508119,1,"supported"
"Thalassoma_bifasciatum","Site315","joint_bb",0.767345538740961,0.72196994506322,0.808815781798622,0.330953339078732,1,"supported"
"Xyrichtys_novacula","Site315","joint_bb",0.767345538740961,0.72196994506322,0.808815781798622,0.337844562850441,1,"supported"
"Platax_orbicularis","Site315","joint_bb",0.767345538740961,0.72196994506322,0.808815781798622,0.343056066135414,1,"supported"
"Chaetodon_auriga","Site315","joint_bb",0.518085861103752,0.40669708202202,0.625586527713903,0.113458209821307,1,"supported"
"Chaetodon_trifascialis","Site315","joint_bb",0.767345538740961,0.72196994506322,0.808815781798622,0.352963432292492,1,"supported"
"Chelmon_rostratus","Site315","joint_bb",0.767345538740961,0.72196994506322,0.808815781798622,0.341018175164938,1,"supported"
"Caesio_teres","Site315","joint_bb",0.767345538740961,0.72196994506322,0.808815781798622,0.330412647517011,1,"supported"
"Lutjanus_erythropterus","Site315","joint_bb",0.767345538740961,0.72196994506322,0.808815781798622,0.334529773079947,1,"supported"
"Pristipomoides_typus","Site315","joint_bb",0.767345538740961,0.72196994506322,0.808815781798622,0.329285947010197,1,"supported"
"Symphorus_nematophorus","Site315","joint_bb",0.767345538740961,0.72196994506322,0.808815781798622,0.338354170259338,1,"supported"
"Lethrinus_nebulosus","Site315","joint_bb",0.767345538740961,0.72196994506322,0.808815781798622,0.347636505515366,1,"supported"
"Acanthopagrus_latus","Site315","joint_bb",0.767345538740961,0.72196994506322,0.808815781798622,0.335068327044549,1,"supported"
"Acanthopagrus_schlegelii","Site315","joint_bb",0.767345538740961,0.72196994506322,0.808815781798622,0.342043680021504,1,"supported"
"Pagrus_major","Site315","joint_bb",0.767345538740961,0.72196994506322,0.808815781798622,0.33100611595099,1,"supported"
"Pagrus_pagrus","Site315","joint_bb",0.767345538740961,0.72196994506322,0.808815781798622,0.336647856260942,1,"supported"
"Rhabdosargus_sarba","Site315","joint_bb",0.767345538740961,0.72196994506322,0.808815781798622,0.35389852803118,1,"supported"
"Sparus_aurata","Site315","joint_bb",0.767345538740961,0.72196994506322,0.808815781798622,0.349837547680095,1,"supported"
"Nelusetta_ayraud","Site315","joint_bb",0.767345538740961,0.72196994506322,0.808815781798622,0.334169519245734,1,"supported"
"Lateolabrax_japonicus","Site315","joint_bb",0.767345538740961,0.72196994506322,0.808815781798622,0.343857425933379,1,"supported"
"Lateolabrax_maculatus","Site315","joint_bb",0.767345538740961,0.72196994506322,0.808815781798622,0.347250788237752,1,"supported"
"Pempheris_klunzingeri","Site315","joint_bb",0.767345538740961,0.72196994506322,0.808815781798622,0.350695918298602,1,"supported"
"Micropterus_dolomieu","Site315","joint_bb",0.767345538740961,0.72196994506322,0.808815781798622,0.334212666244488,1,"supported"
"Micropterus_salmoides","Site315","joint_bb",0.767345538740961,0.72196994506322,0.808815781798622,0.34135041430215,1,"supported"
"Enoplosus_armatus","Site315","joint_bb",0.767345538740961,0.72196994506322,0.808815781798622,0.335324249834723,1,"supported"
"Oplegnathus_fasciatus","Site315","joint_bb",0.767345538740961,0.72196994506322,0.808815781798622,0.343333407832456,1,"supported"
"Oplegnathus_punctatus","Site315","joint_bb",0.767345538740961,0.72196994506322,0.808815781798622,0.338019827016932,1,"supported"
"Maccullochella_peelii","Site315","joint_bb",0.767345538740961,0.72196994506322,0.808815781798622,0.333300716125786,1,"supported"
"Siniperca_chuatsi","Site315","joint_bb",0.767345538740961,0.72196994506322,0.808815781798622,0.334008851209595,1,"supported"
"Siniperca_scherzeri","Site315","joint_bb",0.767345538740961,0.72196994506322,0.808815781798622,0.341755790317929,1,"supported"
"Scortum_barcoo","Site315","joint_bb",0.767345538740961,0.72196994506322,0.808815781798622,0.336234897186958,1,"supported"
"Anarhichas_minor","Site315","joint_bb",0.767345538740961,0.72196994506322,0.808815781798622,0.352949685396085,1,"supported"
"Anarrhichthys_ocellatus","Site315","joint_bb",0.767345538740961,0.72196994506322,0.808815781798622,0.339116115913148,1,"supported"
"Anoplopoma_fimbria","Site315","joint_bb",0.767345538740961,0.72196994506322,0.808815781798622,0.339667962352982,1,"supported"
"Pogonophryne_albipinna","Site315","joint_bb",0.767345538740961,0.72196994506322,0.808815781798622,0.333281364968097,1,"supported"
"Gymnodraco_acuticeps","Site315","joint_bb",0.767345538740961,0.72196994506322,0.808815781798622,0.339374719962844,1,"supported"
"Cottoperca_gobio","Site315","joint_bb",0.767345538740961,0.72196994506322,0.808815781798622,0.343823597405547,1,"supported"
"Cebidichthys_violaceus","Site315","joint_bb",0.767345538740961,0.72196994506322,0.808815781798622,0.325531243609822,1,"supported"
"Chaenocephalus_aceratus","Site315","joint_bb",0.767345538740961,0.72196994506322,0.808815781798622,0.34451800949345,1,"supported"
"Champsocephalus_esox","Site315","joint_bb",0.767345538740961,0.72196994506322,0.808815781798622,0.340264883463298,1,"supported"
"Champsocephalus_gunnari","Site315","joint_bb",0.767345538740961,0.72196994506322,0.808815781798622,0.340369953631828,1,"supported"
"Pseudochaenichthys_georgianus","Site315","joint_bb",0.767345538740961,0.72196994506322,0.808815781798622,0.340720984146361,1,"supported"
"Clinocottus_analis","Site315","joint_bb",0.767345538740961,0.72196994506322,0.808815781798622,0.340180674960475,1,"supported"
"Taurulus_bubalis","Site315","joint_bb",0.767345538740961,0.72196994506322,0.808815781798622,0.347270373542494,1,"supported"
"Cyclopterus_lumpus","Site315","joint_bb",0.767345538740961,0.72196994506322,0.808815781798622,0.339244683698501,1,"supported"
"Eleginops_maclovinus","Site315","joint_bb",0.767345538740961,0.72196994506322,0.808815781798622,0.327910548959508,1,"supported"
"Cromileptes_altivelis","Site315","joint_bb",0.767345538740961,0.72196994506322,0.808815781798622,0.345577537698024,1,"supported"
"Epinephelus_bruneus","Site315","joint_bb",0.767345538740961,0.72196994506322,0.808815781798622,0.344096308406382,1,"supported"
"Epinephelus_coioides","Site315","joint_bb",0.767345538740961,0.72196994506322,0.808815781798622,0.349212208059181,1,"supported"
"Epinephelus_fuscoguttatus","Site315","joint_bb",0.767345538740961,0.72196994506322,0.808815781798622,0.344967392362386,1,"supported"
"Epinephelus_lanceolatus","Site315","joint_bb",0.767345538740961,0.72196994506322,0.808815781798622,0.346899332640466,1,"supported"
"Epinephelus_malabaricus","Site315","joint_bb",0.767345538740961,0.72196994506322,0.808815781798622,0.347335780590364,1,"supported"
"Epinephelus_multinotatus","Site315","joint_bb",0.767345538740961,0.72196994506322,0.808815781798622,0.345771117163201,1,"supported"
"Plectropomus_leopardus","Site315","joint_bb",0.767345538740961,0.72196994506322,0.808815781798622,0.3356275070404,1,"supported"
"Gasterosteus_aculeatus","Site315","joint_bb",0.518085861103752,0.40669708202202,0.625586527713903,0.110162565017685,1,"supported"
"Pungitius_pungitius","Site315","joint_bb",0.518085861103752,0.40669708202202,0.625586527713903,0.112595721845766,1,"supported"
"Pungitius_sinensis","Site315","joint_bb",0.518085861103752,0.40669708202202,0.625586527713903,0.10196390209747,1,"supported"
"Dissostichus_eleginoides","Site315","joint_bb",0.767345538740961,0.72196994506322,0.808815781798622,0.333109338811493,1,"supported"
"Dissostichus_mawsoni","Site315","joint_bb",0.767345538740961,0.72196994506322,0.808815781798622,0.341246989497496,1,"supported"
"Notothenia_rossii","Site315","joint_bb",0.767345538740961,0.72196994506322,0.808815781798622,0.338001058196133,1,"supported"
"Pagothenia_borchgrevinki","Site315","joint_bb",0.767345538740961,0.72196994506322,0.808815781798622,0.358406476150209,1,"supported"
"Trematomus_bernacchii","Site315","joint_bb",0.767345538740961,0.72196994506322,0.808815781798622,0.338543930542767,1,"supported"
"Etheostoma_cragini","Site315","joint_bb",0.518085861103752,0.40669708202202,0.625586527713903,0.102858100674519,1,"supported"
"Perca_flavescens","Site315","joint_bb",0.767345538740961,0.72196994506322,0.808815781798622,0.332299512723311,1,"supported"
"Perca_fluviatilis","Site315","joint_bb",0.767345538740961,0.72196994506322,0.808815781798622,0.34374396779511,1,"supported"
"Sander_lucioperca","Site315","joint_bb",0.767345538740961,0.72196994506322,0.808815781798622,0.34732344005677,1,"supported"
"Sander_vitreus","Site315","joint_bb",0.767345538740961,0.72196994506322,0.808815781798622,0.342635852898737,1,"supported"
"Pholis_gunnellus","Site315","joint_bb",0.767345538740961,0.72196994506322,0.808815781798622,0.33159843597413,1,"supported"
"Sebastes_fasciatus","Site315","joint_bb",0.767345538740961,0.72196994506322,0.808815781798622,0.336194090858432,1,"supported"
"Sebastes_schlegelii","Site315","joint_bb",0.767345538740961,0.72196994506322,0.808815781798622,0.351800377006529,1,"supported"
"Sebastes_umbrosus","Site315","joint_bb",0.767345538740961,0.72196994506322,0.808815781798622,0.343765290843778,1,"supported"
"Centropristis_striata","Site315","joint_bb",0.767345538740961,0.72196994506322,0.808815781798622,0.352427894331947,1,"supported"
"Echiichthys_vipera","Site315","joint_bb",0.767345538740961,0.72196994506322,0.808815781798622,0.354439775527933,1,"supported"
"Eutrigla_gurnardus","Site315","joint_bb",0.767345538740961,0.72196994506322,0.808815781798622,0.341340234307805,1,"supported"
"Lycodes_pacificus","Site315","joint_bb",0.767345538740961,0.72196994506322,0.808815781798622,0.344752115450004,1,"supported"
"Melanostigma_gelatinosum","Site315","joint_bb",0.767345538740961,0.72196994506322,0.808815781798622,0.335562665429101,1,"supported"
"Zoarces_viviparus","Site315","joint_bb",0.767345538740961,0.72196994506322,0.808815781798622,0.342361866599685,1,"supported"
"Erpetoichthys_calabaricus","Site315","schemeA_tobit",0.341172508769017,0.21935891264273,0.479206388454881,0,1,"supported"
"Polypterus_senegalus","Site315","schemeA_tobit",0.341172508769017,0.21935891264273,0.479206388454881,0,1,"supported"
"Acipenser_oxyrinchus","Site315","schemeA_tobit",0.341172508769017,0.21935891264273,0.479206388454881,0,1,"supported"
"Acipenser_ruthenus","Site315","schemeA_tobit",0.341172508769017,0.21935891264273,0.479206388454881,0,1,"supported"
"Acipenser_sinensis","Site315","schemeA_tobit",0.341172508769017,0.21935891264273,0.479206388454881,0,1,"supported"
"Huso_huso","Site315","schemeA_tobit",0.341172508769017,0.21935891264273,0.479206388454881,0,1,"supported"
"Polyodon_spathula","Site315","schemeA_tobit",0.341172508769017,0.21935891264273,0.479206388454881,0,1,"supported"
"Amia_ocellicauda","Site315","schemeA_tobit",0.341172508769017,0.21935891264273,0.479206388454881,0,1,"supported"
"Atractosteus_spatula","Site315","schemeA_tobit",0.341172508769017,0.21935891264273,0.479206388454881,0,1,"supported"
"Lepisosteus_oculatus","Site315","schemeA_tobit",0.341172508769017,0.21935891264273,0.479206388454881,0,1,"supported"
"Megalops_atlanticus","Site315","schemeA_tobit",0.341172508769017,0.21935891264273,0.479206388454881,0,1,"supported"
"Megalops_cyprinoides","Site315","schemeA_tobit",0.341172508769017,0.21935891264273,0.479206388454881,0,1,"supported"
"Albula_glossodonta","Site315","schemeA_tobit",0.341172508769017,0.21935891264273,0.479206388454881,0,1,"supported"
"Albula_goreensis","Site315","schemeA_tobit",0.341172508769017,0.21935891264273,0.479206388454881,0,1,"supported"
"Aldrovandia_affinis","Site315","schemeA_tobit",0.341172508769017,0.21935891264273,0.479206388454881,0,1,"supported"
"Anguilla_anguilla","Site315","schemeA_tobit",0.341172508769017,0.21935891264273,0.479206388454881,0,1,"supported"
"Anguilla_japonica","Site315","schemeA_tobit",0.341172508769017,0.21935891264273,0.479206388454881,0,1,"supported"
"Anguilla_rostrata","Site315","schemeA_tobit",0.341172508769017,0.21935891264273,0.479206388454881,0,1,"supported"
"Conger_conger","Site315","schemeA_tobit",0.341172508769017,0.21935891264273,0.479206388454881,0,1,"supported"
"Gymnothorax_javanicus","Site315","schemeA_tobit",0.341172508769017,0.21935891264273,0.479206388454881,0,1,"supported"
"Synaphobranchus_kaupii","Site315","schemeA_tobit",0.341172508769017,0.21935891264273,0.479206388454881,0,1,"supported"
"Arapaima_gigas","Site315","schemeA_tobit",0.341172508769017,0.21935891264273,0.479206388454881,0,1,"supported"
"Brienomyrus_brachyistius","Site315","schemeA_tobit",0.341172508769017,0.21935891264273,0.479206388454881,0,1,"supported"
"Paramormyrops_kingsleyae","Site315","schemeA_tobit",0.341172508769017,0.21935891264273,0.479206388454881,0,1,"supported"
"Scleropages_formosus","Site315","schemeA_tobit",0.341172508769017,0.21935891264273,0.479206388454881,0,1,"supported"
"Hiodon_alosoides","Site315","schemeA_tobit",0.341172508769017,0.21935891264273,0.479206388454881,0,1,"supported"
"Alosa_alosa","Site315","schemeA_tobit",0.341172508769017,0.21935891264273,0.479206388454881,0,1,"supported"
"Alosa_pseudoharengus","Site315","schemeA_tobit",0.341172508769017,0.21935891264273,0.479206388454881,0,1,"supported"
"Alosa_sapidissima","Site315","schemeA_tobit",0.341172508769017,0.21935891264273,0.479206388454881,0,1,"supported"
"Sardina_pilchardus","Site315","schemeA_tobit",0.341172508769017,0.21935891264273,0.479206388454881,0,1,"supported"
"Clupea_harengus","Site315","schemeA_tobit",0.341172508769017,0.21935891264273,0.479206388454881,0,1,"supported"
"Sprattus_sprattus","Site315","schemeA_tobit",0.341172508769017,0.21935891264273,0.479206388454881,0,1,"supported"
"Denticeps_clupeoides","Site315","schemeA_tobit",0.341172508769017,0.21935891264273,0.479206388454881,0,1,"supported"
"Coilia_grayii","Site315","schemeA_tobit",0.341172508769017,0.21935891264273,0.479206388454881,0,1,"supported"
"Coilia_mystus","Site315","schemeA_tobit",0.341172508769017,0.21935891264273,0.479206388454881,0,1,"supported"
"Engraulis_encrasicolus","Site315","schemeA_tobit",0.341172508769017,0.21935891264273,0.479206388454881,0,1,"supported"
"Chanos_chanos","Site315","schemeA_tobit",0.341172508769017,0.21935891264273,0.479206388454881,0,1,"supported"
"Myxocyprinus_asiaticus","Site315","schemeA_tobit",0.341172508769017,0.21935891264273,0.479206388454881,0,1,"supported"
"Xyrauchen_texanus","Site315","schemeA_tobit",0.341172508769017,0.21935891264273,0.479206388454881,0,1,"supported"
"Misgurnus_anguillicaudatus","Site315","schemeA_tobit",0.341172508769017,0.21935891264273,0.479206388454881,0,1,"supported"
"Paramisgurnus_dabryanus","Site315","schemeA_tobit",0.341172508769017,0.21935891264273,0.479206388454881,0,1,"supported"
"Abramis_brama","Site315","schemeA_tobit",0.341172508769017,0.21935891264273,0.479206388454881,0,1,"supported"
"Barbus_barbus","Site315","schemeA_tobit",0.341172508769017,0.21935891264273,0.479206388454881,0,1,"supported"
"Carassius_auratus","Site315","schemeA_tobit",0.341172508769017,0.21935891264273,0.479206388454881,0,1,"supported"
"Carassius_carassius","Site315","schemeA_tobit",0.341172508769017,0.21935891264273,0.479206388454881,0,1,"supported"
"Carassius_gibelio","Site315","schemeA_tobit",0.341172508769017,0.21935891264273,0.479206388454881,0,1,"supported"
"Chanodichthys_erythropterus","Site315","schemeA_tobit",0.341172508769017,0.21935891264273,0.479206388454881,0,1,"supported"
"Cirrhinus_molitorella","Site315","schemeA_tobit",0.341172508769017,0.21935891264273,0.479206388454881,0,1,"supported"
"Ctenopharyngodon_idella","Site315","schemeA_tobit",0.341172508769017,0.21935891264273,0.479206388454881,0,1,"supported"
"Culter_alburnus","Site315","schemeA_tobit",0.341172508769017,0.21935891264273,0.479206388454881,0,1,"supported"
"Cyprinella_venusta","Site315","schemeA_tobit",0.341172508769017,0.21935891264273,0.479206388454881,0,1,"supported"
"Cyprinus_carpio","Site315","schemeA_tobit",0.341172508769017,0.21935891264273,0.479206388454881,0,1,"supported"
"Danio_aesculapii","Site315","schemeA_tobit",0.341172508769017,0.21935891264273,0.479206388454881,0,1,"supported"
"Danio_rerio","Site315","schemeA_tobit",0.341172508769017,0.21935891264273,0.479206388454881,0,1,"supported"
"Garra_rufa","Site315","schemeA_tobit",0.341172508769017,0.21935891264273,0.479206388454881,0,1,"supported"
"Hemiculter_leucisculus","Site315","schemeA_tobit",0.341172508769017,0.21935891264273,0.479206388454881,0,1,"supported"
"Labeo_rohita","Site315","schemeA_tobit",0.341172508769017,0.21935891264273,0.479206388454881,0,1,"supported"
"Leuciscus_chuanchicus","Site315","schemeA_tobit",0.341172508769017,0.21935891264273,0.479206388454881,0,1,"supported"
"Leuciscus_leuciscus","Site315","schemeA_tobit",0.341172508769017,0.21935891264273,0.479206388454881,0,1,"supported"
"Leuciscus_waleckii","Site315","schemeA_tobit",0.341172508769017,0.21935891264273,0.479206388454881,0,1,"supported"
"Megalobrama_amblycephala","Site315","schemeA_tobit",0.341172508769017,0.21935891264273,0.479206388454881,0,1,"supported"
"Mylopharyngodon_piceus","Site315","schemeA_tobit",0.341172508769017,0.21935891264273,0.479206388454881,0,1,"supported"
"Onychostoma_macrolepis","Site315","schemeA_tobit",0.341172508769017,0.21935891264273,0.479206388454881,0,1,"supported"
"Phoxinus_phoxinus","Site315","schemeA_tobit",0.341172508769017,0.21935891264273,0.479206388454881,0,1,"supported"
"Pimephales_promelas","Site315","schemeA_tobit",0.341172508769017,0.21935891264273,0.479206388454881,0,1,"supported"
"Pseudorasbora_parva","Site315","schemeA_tobit",0.341172508769017,0.21935891264273,0.479206388454881,0,1,"supported"
"Puntigrus_tetrazona","Site315","schemeA_tobit",0.341172508769017,0.21935891264273,0.479206388454881,0,1,"supported"
"Rutilus_rutilus","Site315","schemeA_tobit",0.341172508769017,0.21935891264273,0.479206388454881,0,1,"supported"
"Scardinius_erythrophthalmus","Site315","schemeA_tobit",0.341172508769017,0.21935891264273,0.479206388454881,0,1,"supported"
"Sinocyclocheilus_anshuiensis","Site315","schemeA_tobit",0.341172508769017,0.21935891264273,0.479206388454881,0,1,"supported"
"Sinocyclocheilus_grahami","Site315","schemeA_tobit",0.341172508769017,0.21935891264273,0.479206388454881,0,1,"supported"
"Sinocyclocheilus_rhinocerous","Site315","schemeA_tobit",0.341172508769017,0.21935891264273,0.479206388454881,0,1,"supported"
"Siphateles_boraxobius","Site315","schemeA_tobit",0.341172508769017,0.21935891264273,0.479206388454881,0,1,"supported"
"Squalius_cephalus","Site315","schemeA_tobit",0.341172508769017,0.21935891264273,0.479206388454881,0,1,"supported"
"Gobio_gobio","Site315","schemeA_tobit",0.341172508769017,0.21935891264273,0.479206388454881,0,1,"supported"
"Rhinichthys_klamathensis","Site315","schemeA_tobit",0.341172508769017,0.21935891264273,0.479206388454881,0,1,"supported"
"Barbatula_barbatula","Site315","schemeA_tobit",0.341172508769017,0.21935891264273,0.479206388454881,0,1,"supported"
"Triplophysa_dalaica","Site315","schemeA_tobit",0.341172508769017,0.21935891264273,0.479206388454881,0,1,"supported"
"Triplophysa_rosa","Site315","schemeA_tobit",0.341172508769017,0.21935891264273,0.479206388454881,0,1,"supported"
"Astyanax_lacustris","Site315","schemeA_tobit",0.341172508769017,0.21935891264273,0.479206388454881,0,1,"supported"
"Astyanax_mexicanus","Site315","schemeA_tobit",0.341172508769017,0.21935891264273,0.479206388454881,0,1,"supported"
"Salminus_brasiliensis","Site315","schemeA_tobit",0.341172508769017,0.21935891264273,0.479206388454881,0,1,"supported"
"Hoplias_malabaricus","Site315","schemeA_tobit",0.341172508769017,0.21935891264273,0.479206388454881,0,1,"supported"
"Prochilodus_magdalenae","Site315","schemeA_tobit",0.341172508769017,0.21935891264273,0.479206388454881,0,1,"supported"
"Acnodon_oligacanthus","Site315","schemeA_tobit",0.341172508769017,0.21935891264273,0.479206388454881,0,1,"supported"
"Colossoma_macropomum","Site315","schemeA_tobit",0.341172508769017,0.21935891264273,0.479206388454881,0,1,"supported"
"Metynnis_hypsauchen","Site315","schemeA_tobit",0.341172508769017,0.21935891264273,0.479206388454881,0,1,"supported"
"Pygocentrus_nattereri","Site315","schemeA_tobit",0.341172508769017,0.21935891264273,0.479206388454881,0,1,"supported"
"Serrasalmus_rhombeus","Site315","schemeA_tobit",0.341172508769017,0.21935891264273,0.479206388454881,0,1,"supported"
"Electrophorus_electricus","Site315","schemeA_tobit",0.341172508769017,0.21935891264273,0.479206388454881,0,1,"supported"
"Electrophorus_voltai","Site315","schemeA_tobit",0.341172508769017,0.21935891264273,0.479206388454881,0,1,"supported"
"Brachyhypopomus_gauderio","Site315","schemeA_tobit",0.341172508769017,0.21935891264273,0.479206388454881,0,1,"supported"
"Neoarius_graeffei","Site315","schemeA_tobit",0.341172508769017,0.21935891264273,0.479206388454881,0,1,"supported"
"Hemibagrus_guttatus","Site315","schemeA_tobit",0.341172508769017,0.21935891264273,0.479206388454881,0,1,"supported"
"Hemibagrus_wyckioides","Site315","schemeA_tobit",0.341172508769017,0.21935891264273,0.479206388454881,0,1,"supported"
"Tachysurus_fulvidraco","Site315","schemeA_tobit",0.341172508769017,0.21935891264273,0.479206388454881,0,1,"supported"
"Tachysurus_vachellii","Site315","schemeA_tobit",0.341172508769017,0.21935891264273,0.479206388454881,0,1,"supported"
"Clarias_gariepinus","Site315","schemeA_tobit",0.341172508769017,0.21935891264273,0.479206388454881,0,1,"supported"
"Clarias_magur","Site315","schemeA_tobit",0.341172508769017,0.21935891264273,0.479206388454881,0,1,"supported"
"Ictalurus_furcatus","Site315","schemeA_tobit",0.341172508769017,0.21935891264273,0.479206388454881,0,1,"supported"
"Ictalurus_punctatus","Site315","schemeA_tobit",0.341172508769017,0.21935891264273,0.479206388454881,0,1,"supported"
"Pangasianodon_gigas","Site315","schemeA_tobit",0.341172508769017,0.21935891264273,0.479206388454881,0,1,"supported"
"Pangasianodon_hypophthalmus","Site315","schemeA_tobit",0.341172508769017,0.21935891264273,0.479206388454881,0,1,"supported"
"Silurus_aristotelis","Site315","schemeA_tobit",0.341172508769017,0.21935891264273,0.479206388454881,0,1,"supported"
"Silurus_asotus","Site315","schemeA_tobit",0.341172508769017,0.21935891264273,0.479206388454881,0,1,"supported"
"Silurus_meridionalis","Site315","schemeA_tobit",0.341172508769017,0.21935891264273,0.479206388454881,0,1,"supported"
"Trichomycterus_rosablanca","Site315","schemeA_tobit",0.341172508769017,0.21935891264273,0.479206388454881,0,1,"supported"
"Nansenia_antarctica","Site315","schemeA_tobit",0.341172508769017,0.21935891264273,0.479206388454881,0,1,"supported"
"Galaxias_brevipinnis","Site315","schemeA_tobit",0.794206226864662,0.739845299153956,0.842787375829561,0,1,"supported"
"Coregonus_albula","Site315","schemeA_tobit",0.341172508769017,0.21935891264273,0.479206388454881,0,1,"supported"
"Coregonus_clupeaformis","Site315","schemeA_tobit",0.341172508769017,0.21935891264273,0.479206388454881,0,1,"supported"
"Coregonus_lavaretus","Site315","schemeA_tobit",0.341172508769017,0.21935891264273,0.479206388454881,0,1,"supported"
"Coregonus_suidteri","Site315","schemeA_tobit",0.341172508769017,0.21935891264273,0.479206388454881,0,1,"supported"
"Oncorhynchus_clarkii","Site315","schemeA_tobit",0.341172508769017,0.21935891264273,0.479206388454881,0,1,"supported"
"Oncorhynchus_gorbuscha","Site315","schemeA_tobit",0.341172508769017,0.21935891264273,0.479206388454881,0,1,"supported"
"Oncorhynchus_keta","Site315","schemeA_tobit",0.341172508769017,0.21935891264273,0.479206388454881,0,1,"supported"
"Oncorhynchus_kisutch","Site315","schemeA_tobit",0.341172508769017,0.21935891264273,0.479206388454881,0,1,"supported"
"Oncorhynchus_masou","Site315","schemeA_tobit",0.341172508769017,0.21935891264273,0.479206388454881,0,1,"supported"
"Oncorhynchus_mykiss","Site315","schemeA_tobit",0.341172508769017,0.21935891264273,0.479206388454881,0,1,"supported"
"Oncorhynchus_nerka","Site315","schemeA_tobit",0.341172508769017,0.21935891264273,0.479206388454881,0,1,"supported"
"Oncorhynchus_tshawytscha","Site315","schemeA_tobit",0.341172508769017,0.21935891264273,0.479206388454881,0,1,"supported"
"Salmo_salar","Site315","schemeA_tobit",0.341172508769017,0.21935891264273,0.479206388454881,0,1,"supported"
"Salmo_trutta","Site315","schemeA_tobit",0.341172508769017,0.21935891264273,0.479206388454881,0,1,"supported"
"Salvelinus_alpinus","Site315","schemeA_tobit",0.341172508769017,0.21935891264273,0.479206388454881,0,1,"supported"
"Salvelinus_fontinalis","Site315","schemeA_tobit",0.341172508769017,0.21935891264273,0.479206388454881,0,1,"supported"
"Salvelinus_namaycush","Site315","schemeA_tobit",0.341172508769017,0.21935891264273,0.479206388454881,0,1,"supported"
"Dallia_pectoralis","Site315","schemeA_tobit",0.341172508769017,0.21935891264273,0.479206388454881,0,1,"supported"
"Esox_lucius","Site315","schemeA_tobit",0.341172508769017,0.21935891264273,0.479206388454881,0,1,"supported"
"Umbra_pygmaea","Site315","schemeA_tobit",0.341172508769017,0.21935891264273,0.479206388454881,0,1,"supported"
"Hypomesus_nipponensis","Site315","schemeA_tobit",0.794206226864662,0.739845299153956,0.842787375829561,0,1,"supported"
"Hypomesus_transpacificus","Site315","schemeA_tobit",0.794206226864662,0.739845299153956,0.842787375829561,0,1,"supported"
"Osmerus_eperlanus","Site315","schemeA_tobit",0.794206226864662,0.739845299153956,0.842787375829561,0,1,"supported"
"Osmerus_mordax","Site315","schemeA_tobit",0.794206226864662,0.739845299153956,0.842787375829561,0,1,"supported"
"Benthosema_glaciale","Site315","schemeA_tobit",0.341172508769017,0.21935891264273,0.479206388454881,0,1,"supported"
"Electrona_antarctica","Site315","schemeA_tobit",0.341172508769017,0.21935891264273,0.479206388454881,0,1,"supported"
"Gymnoscopelus_braueri","Site315","schemeA_tobit",0.341172508769017,0.21935891264273,0.479206388454881,0,1,"supported"
"Gymnoscopelus_microlampas","Site315","schemeA_tobit",0.341172508769017,0.21935891264273,0.479206388454881,0,1,"supported"
"Nannobrachium_achirus","Site315","schemeA_tobit",0.341172508769017,0.21935891264273,0.479206388454881,0,1,"supported"
"Protomyctophum_bolini","Site315","schemeA_tobit",0.341172508769017,0.21935891264273,0.479206388454881,0,1,"supported"
"Protomyctophum_parallelum","Site315","schemeA_tobit",0.341172508769017,0.21935891264273,0.479206388454881,0,1,"supported"
"Polymixia_hollisterae","Site315","schemeA_tobit",0.341172508769017,0.21935891264273,0.479206388454881,0,1,"supported"
"Polymixia_lowei","Site315","schemeA_tobit",0.341172508769017,0.21935891264273,0.479206388454881,0,1,"supported"
"Centroberyx_affinis","Site315","schemeA_tobit",0.341172508769017,0.21935891264273,0.479206388454881,0,1,"supported"
"Centroberyx_gerrardi","Site315","schemeA_tobit",0.341172508769017,0.21935891264273,0.479206388454881,0,1,"supported"
"Poromitra_crassiceps","Site315","schemeA_tobit",0.341172508769017,0.21935891264273,0.479206388454881,0,1,"supported"
"Myripristis_murdjan","Site315","schemeA_tobit",0.341172508769017,0.21935891264273,0.479206388454881,0,1,"supported"
"Lucifuga_dentata","Site315","schemeA_tobit",0.341172508769017,0.21935891264273,0.479206388454881,0,1,"supported"
"Genypterus_blacodes","Site315","schemeA_tobit",0.341172508769017,0.21935891264273,0.479206388454881,0,1,"supported"
"Arripis_georgiana","Site315","schemeA_tobit",0.794206226864662,0.739845299153956,0.842787375829561,0,1,"supported"
"Katsuwonus_pelamis","Site315","schemeA_tobit",0.794206226864662,0.739845299153956,0.842787375829561,0,1,"supported"
"Sarda_sarda","Site315","schemeA_tobit",0.794206226864662,0.739845299153956,0.842787375829561,0,1,"supported"
"Scomber_japonicus","Site315","schemeA_tobit",0.794206226864662,0.739845299153956,0.842787375829561,0,1,"supported"
"Scomber_scombrus","Site315","schemeA_tobit",0.794206226864662,0.739845299153956,0.842787375829561,0,1,"supported"
"Thunnus_alalunga","Site315","schemeA_tobit",0.794206226864662,0.739845299153956,0.842787375829561,0,1,"supported"
"Thunnus_albacares","Site315","schemeA_tobit",0.794206226864662,0.739845299153956,0.842787375829561,0,1,"supported"
"Thunnus_atlanticus","Site315","schemeA_tobit",0.794206226864662,0.739845299153956,0.842787375829561,0,1,"supported"
"Thunnus_maccoyii","Site315","schemeA_tobit",0.794206226864662,0.739845299153956,0.842787375829561,0,1,"supported"
"Thunnus_obesus","Site315","schemeA_tobit",0.794206226864662,0.739845299153956,0.842787375829561,0,1,"supported"
"Thunnus_orientalis","Site315","schemeA_tobit",0.794206226864662,0.739845299153956,0.842787375829561,0,1,"supported"
"Thunnus_thynnus","Site315","schemeA_tobit",0.794206226864662,0.739845299153956,0.842787375829561,0,1,"supported"
"Thunnus_tonggol","Site315","schemeA_tobit",0.794206226864662,0.739845299153956,0.842787375829561,0,1,"supported"
"Pampus_argenteus","Site315","schemeA_tobit",0.794206226864662,0.739845299153956,0.842787375829561,0,1,"supported"
"Pampus_punctatissimus","Site315","schemeA_tobit",0.794206226864662,0.739845299153956,0.842787375829561,0,1,"supported"
"Aulostomus_chinensis","Site315","schemeA_tobit",0.341172508769017,0.21935891264273,0.479206388454881,0,1,"supported"
"Fistularia_commersonii","Site315","schemeA_tobit",0.794206226864662,0.739845299153956,0.842787375829561,0,1,"supported"
"Pterapogon_kauderni","Site315","schemeA_tobit",0.341172508769017,0.21935891264273,0.479206388454881,0,1,"supported"
"Sphaeramia_orbicularis","Site315","schemeA_tobit",0.794206226864662,0.739845299153956,0.842787375829561,0,1,"supported"
"Oxyeleotris_marmorata","Site315","schemeA_tobit",0.794206226864662,0.739845299153956,0.842787375829561,0,1,"supported"
"Boleophthalmus_pectinirostris","Site315","schemeA_tobit",0.794206226864662,0.739845299153956,0.842787375829561,0,1,"supported"
"Eucyclogobius_newberryi","Site315","schemeA_tobit",0.794206226864662,0.739845299153956,0.842787375829561,0,1,"supported"
"Gobius_niger","Site315","schemeA_tobit",0.794206226864662,0.739845299153956,0.842787375829561,0,1,"supported"
"Knipowitschia_caucasica","Site315","schemeA_tobit",0.794206226864662,0.739845299153956,0.842787375829561,0,1,"supported"
"Mugilogobius_chulae","Site315","schemeA_tobit",0.794206226864662,0.739845299153956,0.842787375829561,0,1,"supported"
"Periophthalmus_magnuspinnatus","Site315","schemeA_tobit",0.794206226864662,0.739845299153956,0.842787375829561,0,1,"supported"
"Mastacembelus_armatus","Site315","schemeA_tobit",0.794206226864662,0.739845299153956,0.842787375829561,0,1,"supported"
"Monopterus_albus","Site315","schemeA_tobit",0.794206226864662,0.739845299153956,0.842787375829561,0,1,"supported"
"Anabas_testudineus","Site315","schemeA_tobit",0.341172508769017,0.21935891264273,0.479206388454881,0,1,"supported"
"Channa_argus","Site315","schemeA_tobit",0.341172508769017,0.21935891264273,0.479206388454881,0,1,"supported"
"Channa_striata","Site315","schemeA_tobit",0.341172508769017,0.21935891264273,0.479206388454881,0,1,"supported"
"Betta_splendens","Site315","schemeA_tobit",0.341172508769017,0.21935891264273,0.479206388454881,0,1,"supported"
"Trichopodus_trichopterus","Site315","schemeA_tobit",0.341172508769017,0.21935891264273,0.479206388454881,0,1,"supported"
"Lates_calcarifer","Site315","schemeA_tobit",0.794206226864662,0.739845299153956,0.842787375829561,0,1,"supported"
"Lates_japonicus","Site315","schemeA_tobit",0.794206226864662,0.739845299153956,0.842787375829561,0,1,"supported"
"Eleutheronema_tetradactylum","Site315","schemeA_tobit",0.794206226864662,0.739845299153956,0.842787375829561,0,1,"supported"
"Toxotes_jaculatrix","Site315","schemeA_tobit",0.794206226864662,0.739845299153956,0.842787375829561,0,1,"supported"
"Xiphias_gladius","Site315","schemeA_tobit",0.794206226864662,0.739845299153956,0.842787375829561,0,1,"supported"
"Caranx_melampygus","Site315","schemeA_tobit",0.794206226864662,0.739845299153956,0.842787375829561,0,1,"supported"
"Seriola_dumerili","Site315","schemeA_tobit",0.794206226864662,0.739845299153956,0.842787375829561,0,1,"supported"
"Seriola_lalandi","Site315","schemeA_tobit",0.794206226864662,0.739845299153956,0.842787375829561,0,1,"supported"
"Trachinotus_anak","Site315","schemeA_tobit",0.794206226864662,0.739845299153956,0.842787375829561,0,1,"supported"
"Trachurus_japonicus","Site315","schemeA_tobit",0.794206226864662,0.739845299153956,0.842787375829561,0,1,"supported"
"Trachurus_trachurus","Site315","schemeA_tobit",0.794206226864662,0.739845299153956,0.842787375829561,0,1,"supported"
"Echeneis_naucrates","Site315","schemeA_tobit",0.794206226864662,0.739845299153956,0.842787375829561,0,1,"supported"
"Paralichthys_olivaceus","Site315","schemeA_tobit",0.794206226864662,0.739845299153956,0.842787375829561,0,1,"supported"
"Hippoglossus_hippoglossus","Site315","schemeA_tobit",0.794206226864662,0.739845299153956,0.842787375829561,0,1,"supported"
"Hippoglossus_stenolepis","Site315","schemeA_tobit",0.794206226864662,0.739845299153956,0.842787375829561,0,1,"supported"
"Limanda_limanda","Site315","schemeA_tobit",0.794206226864662,0.739845299153956,0.842787375829561,0,1,"supported"
"Platichthys_flesus","Site315","schemeA_tobit",0.794206226864662,0.739845299153956,0.842787375829561,0,1,"supported"
"Platichthys_stellatus","Site315","schemeA_tobit",0.794206226864662,0.739845299153956,0.842787375829561,0,1,"supported"
"Pleuronectes_platessa","Site315","schemeA_tobit",0.794206226864662,0.739845299153956,0.842787375829561,0,1,"supported"
"Scophthalmus_maximus","Site315","schemeA_tobit",0.794206226864662,0.739845299153956,0.842787375829561,0,1,"supported"
"Microchirus_variegatus","Site315","schemeA_tobit",0.341172508769017,0.21935891264273,0.479206388454881,0,1,"supported"
"Solea_senegalensis","Site315","schemeA_tobit",0.341172508769017,0.21935891264273,0.479206388454881,0,1,"supported"
"Solea_solea","Site315","schemeA_tobit",0.341172508769017,0.21935891264273,0.479206388454881,0,1,"supported"
"Parambassis_ranga","Site315","schemeA_tobit",0.794206226864662,0.739845299153956,0.842787375829561,0,1,"supported"
"Brachyistius_frenatus","Site315","schemeA_tobit",0.794206226864662,0.739845299153956,0.842787375829561,0,1,"supported"
"Embiotoca_jacksoni","Site315","schemeA_tobit",0.794206226864662,0.739845299153956,0.842787375829561,0,1,"supported"
"Acanthochromis_polyacanthus","Site315","schemeA_tobit",0.794206226864662,0.739845299153956,0.842787375829561,0,1,"supported"
"Amphiprion_ocellaris","Site315","schemeA_tobit",0.794206226864662,0.739845299153956,0.842787375829561,0,1,"supported"
"Stegastes_partitus","Site315","schemeA_tobit",0.794206226864662,0.739845299153956,0.842787375829561,0,1,"supported"
"Andinoacara_rivulatus","Site315","schemeA_tobit",0.794206226864662,0.739845299153956,0.842787375829561,0,1,"supported"
"Archocentrus_centrarchus","Site315","schemeA_tobit",0.794206226864662,0.739845299153956,0.842787375829561,0,1,"supported"
"Astatotilapia_burtoni","Site315","schemeA_tobit",0.794206226864662,0.739845299153956,0.842787375829561,0,1,"supported"
"Astatotilapia_calliptera","Site315","schemeA_tobit",0.794206226864662,0.739845299153956,0.842787375829561,0,1,"supported"
"Astronotus_ocellatus","Site315","schemeA_tobit",0.794206226864662,0.739845299153956,0.842787375829561,0,1,"supported"
"Aulonocara_stuartgranti","Site315","schemeA_tobit",0.794206226864662,0.739845299153956,0.842787375829561,0,1,"supported"
"Copadichromis_virginalis","Site315","schemeA_tobit",0.794206226864662,0.739845299153956,0.842787375829561,0,1,"supported"
"Diplotaxodon_limnothrissa","Site315","schemeA_tobit",0.794206226864662,0.739845299153956,0.842787375829561,0,1,"supported"
"Haplochromis_nyererei","Site315","schemeA_tobit",0.794206226864662,0.739845299153956,0.842787375829561,0,1,"supported"
"Maylandia_zebra","Site315","schemeA_tobit",0.794206226864662,0.739845299153956,0.842787375829561,0,1,"supported"
"Mchenga_conophoros","Site315","schemeA_tobit",0.794206226864662,0.739845299153956,0.842787375829561,0,1,"supported"
"Neolamprologus_brichardi","Site315","schemeA_tobit",0.794206226864662,0.739845299153956,0.842787375829561,0,1,"supported"
"Neolamprologus_multifasciatus","Site315","schemeA_tobit",0.794206226864662,0.739845299153956,0.842787375829561,0,1,"supported"
"Oreochromis_aureus","Site315","schemeA_tobit",0.794206226864662,0.739845299153956,0.842787375829561,0,1,"supported"
"Oreochromis_niloticus","Site315","schemeA_tobit",0.794206226864662,0.739845299153956,0.842787375829561,0,1,"supported"
"Pelmatolapia_mariae","Site315","schemeA_tobit",0.794206226864662,0.739845299153956,0.842787375829561,0,1,"supported"
"Perissodus_microlepis","Site315","schemeA_tobit",0.794206226864662,0.739845299153956,0.842787375829561,0,1,"supported"
"Pterophyllum_scalare","Site315","schemeA_tobit",0.794206226864662,0.739845299153956,0.842787375829561,0,1,"supported"
"Rhamphochromis_longiceps","Site315","schemeA_tobit",0.794206226864662,0.739845299153956,0.842787375829561,0,1,"supported"
"Sarotherodon_galilaeus","Site315","schemeA_tobit",0.794206226864662,0.739845299153956,0.842787375829561,0,1,"supported"
"Simochromis_diagramma","Site315","schemeA_tobit",0.794206226864662,0.739845299153956,0.842787375829561,0,1,"supported"
"Leuresthes_tenuis","Site315","schemeA_tobit",0.794206226864662,0.739845299153956,0.842787375829561,0,1,"supported"
"Menidia_menidia","Site315","schemeA_tobit",0.341172508769017,0.21935891264273,0.479206388454881,0,1,"supported"
"Odontesthes_bonariensis","Site315","schemeA_tobit",0.341172508769017,0.21935891264273,0.479206388454881,0,1,"supported"
"Melanotaenia_boesemani","Site315","schemeA_tobit",0.341172508769017,0.21935891264273,0.479206388454881,0,1,"supported"
"Telmatherina_bonti","Site315","schemeA_tobit",0.341172508769017,0.21935891264273,0.479206388454881,0,1,"supported"
"Oryzias_javanicus","Site315","schemeA_tobit",0.341172508769017,0.21935891264273,0.479206388454881,0,1,"supported"
"Oryzias_latipes","Site315","schemeA_tobit",0.341172508769017,0.21935891264273,0.479206388454881,0,1,"supported"
"Oryzias_melastigma","Site315","schemeA_tobit",0.341172508769017,0.21935891264273,0.479206388454881,0,1,"supported"
"Xenentodon_cancila","Site315","schemeA_tobit",0.794206226864662,0.739845299153956,0.842787375829561,0,1,"supported"
"Cololabis_saira","Site315","schemeA_tobit",0.794206226864662,0.739845299153956,0.842787375829561,0,1,"supported"
"Anableps_anableps","Site315","schemeA_tobit",0.341172508769017,0.21935891264273,0.479206388454881,0,1,"supported"
"Cyprinodon_tularosa","Site315","schemeA_tobit",0.341172508769017,0.21935891264273,0.479206388454881,0,1,"supported"
"Cyprinodon_variegatus","Site315","schemeA_tobit",0.341172508769017,0.21935891264273,0.479206388454881,0,1,"supported"
"Fundulus_diaphanus","Site315","schemeA_tobit",0.341172508769017,0.21935891264273,0.479206388454881,0,1,"supported"
"Fundulus_heteroclitus","Site315","schemeA_tobit",0.341172508769017,0.21935891264273,0.479206388454881,0,1,"supported"
"Ameca_splendens","Site315","schemeA_tobit",0.341172508769017,0.21935891264273,0.479206388454881,0,1,"supported"
"Crenichthys_baileyi","Site315","schemeA_tobit",0.341172508769017,0.21935891264273,0.479206388454881,0,1,"supported"
"Girardinichthys_multiradiatus","Site315","schemeA_tobit",0.794206226864662,0.739845299153956,0.842787375829561,0,1,"supported"
"Nothobranchius_furzeri","Site315","schemeA_tobit",0.794206226864662,0.739845299153956,0.842787375829561,0,1,"supported"
"Nothobranchius_kadleci","Site315","schemeA_tobit",0.794206226864662,0.739845299153956,0.842787375829561,0,1,"supported"
"Nothobranchius_pienaari","Site315","schemeA_tobit",0.794206226864662,0.739845299153956,0.842787375829561,0,1,"supported"
"Nothobranchius_rachovii","Site315","schemeA_tobit",0.794206226864662,0.739845299153956,0.842787375829561,0,1,"supported"
"Gambusia_affinis","Site315","schemeA_tobit",0.341172508769017,0.21935891264273,0.479206388454881,0,1,"supported"
"Gambusia_holbrooki","Site315","schemeA_tobit",0.341172508769017,0.21935891264273,0.479206388454881,0,1,"supported"
"Poecilia_formosa","Site315","schemeA_tobit",0.341172508769017,0.21935891264273,0.479206388454881,0,1,"supported"
"Poecilia_latipinna","Site315","schemeA_tobit",0.341172508769017,0.21935891264273,0.479206388454881,0,1,"supported"
"Poecilia_mexicana","Site315","schemeA_tobit",0.341172508769017,0.21935891264273,0.479206388454881,0,1,"supported"
"Poecilia_reticulata","Site315","schemeA_tobit",0.341172508769017,0.21935891264273,0.479206388454881,0,1,"supported"
"Poeciliopsis_prolifica","Site315","schemeA_tobit",0.341172508769017,0.21935891264273,0.479206388454881,0,1,"supported"
"Poropanchax_normani","Site315","schemeA_tobit",0.341172508769017,0.21935891264273,0.479206388454881,0,1,"supported"
"Xiphophorus_couchianus","Site315","schemeA_tobit",0.341172508769017,0.21935891264273,0.479206388454881,0,1,"supported"
"Xiphophorus_hellerii","Site315","schemeA_tobit",0.341172508769017,0.21935891264273,0.479206388454881,0,1,"supported"
"Xiphophorus_maculatus","Site315","schemeA_tobit",0.341172508769017,0.21935891264273,0.479206388454881,0,1,"supported"
"Austrofundulus_limnaeus","Site315","schemeA_tobit",0.794206226864662,0.739845299153956,0.842787375829561,0,1,"supported"
"Kryptolebias_marmoratus","Site315","schemeA_tobit",0.794206226864662,0.739845299153956,0.842787375829561,0,1,"supported"
"Nematolebias_whitei","Site315","schemeA_tobit",0.341172508769017,0.21935891264273,0.479206388454881,0,1,"supported"
"Chelon_labrosus","Site315","schemeA_tobit",0.794206226864662,0.739845299153956,0.842787375829561,0,1,"supported"
"Mugil_cephalus","Site315","schemeA_tobit",0.794206226864662,0.739845299153956,0.842787375829561,0,1,"supported"
"Planiliza_haematocheilus","Site315","schemeA_tobit",0.794206226864662,0.739845299153956,0.842787375829561,0,1,"supported"
"Gouania_willdenowi","Site315","schemeA_tobit",0.794206226864662,0.739845299153956,0.842787375829561,0,1,"supported"
"Blennius_ocellaris","Site315","schemeA_tobit",0.794206226864662,0.739845299153956,0.842787375829561,0,1,"supported"
"Lipophrys_pholis","Site315","schemeA_tobit",0.794206226864662,0.739845299153956,0.842787375829561,0,1,"supported"
"Ophioblennius_macclurei","Site315","schemeA_tobit",0.794206226864662,0.739845299153956,0.842787375829561,0,1,"supported"
"Salarias_fasciatus","Site315","schemeA_tobit",0.794206226864662,0.739845299153956,0.842787375829561,0,1,"supported"
"Cristiceps_australis","Site315","schemeA_tobit",0.794206226864662,0.739845299153956,0.842787375829561,0,1,"supported"
"Dicentrarchus_labrax","Site315","schemeA_tobit",0.341172508769017,0.21935891264273,0.479206388454881,0,1,"supported"
"Morone_saxatilis","Site315","schemeA_tobit",0.341172508769017,0.21935891264273,0.479206388454881,0,1,"supported"
"Scatophagus_argus","Site315","schemeA_tobit",0.794206226864662,0.739845299153956,0.842787375829561,0,1,"supported"
"Collichthys_lucidus","Site315","schemeA_tobit",0.794206226864662,0.739845299153956,0.842787375829561,0,1,"supported"
"Larimichthys_crocea","Site315","schemeA_tobit",0.794206226864662,0.739845299153956,0.842787375829561,0,1,"supported"
"Nibea_albiflora","Site315","schemeA_tobit",0.794206226864662,0.739845299153956,0.842787375829561,0,1,"supported"
"Sciaenops_ocellatus","Site315","schemeA_tobit",0.794206226864662,0.739845299153956,0.842787375829561,0,1,"supported"
"Siganus_canaliculatus","Site315","schemeA_tobit",0.341172508769017,0.21935891264273,0.479206388454881,0,1,"supported"
"Ammodytes_marinus","Site315","schemeA_tobit",0.794206226864662,0.739845299153956,0.842787375829561,0,1,"supported"
"Cheilinus_undulatus","Site315","schemeA_tobit",0.341172508769017,0.21935891264273,0.479206388454881,0,1,"supported"
"Halichoeres_trimaculatus","Site315","schemeA_tobit",0.794206226864662,0.739845299153956,0.842787375829561,0,1,"supported"
"Notolabrus_celidotus","Site315","schemeA_tobit",0.794206226864662,0.739845299153956,0.842787375829561,0,1,"supported"
"Semicossyphus_pulcher","Site315","schemeA_tobit",0.794206226864662,0.739845299153956,0.842787375829561,0,1,"supported"
"Thalassoma_bifasciatum","Site315","schemeA_tobit",0.794206226864662,0.739845299153956,0.842787375829561,0,1,"supported"
"Xyrichtys_novacula","Site315","schemeA_tobit",0.794206226864662,0.739845299153956,0.842787375829561,0,1,"supported"
"Platax_orbicularis","Site315","schemeA_tobit",0.794206226864662,0.739845299153956,0.842787375829561,0,1,"supported"
"Chaetodon_auriga","Site315","schemeA_tobit",0.341172508769017,0.21935891264273,0.479206388454881,0,1,"supported"
"Chaetodon_trifascialis","Site315","schemeA_tobit",0.794206226864662,0.739845299153956,0.842787375829561,0,1,"supported"
"Chelmon_rostratus","Site315","schemeA_tobit",0.794206226864662,0.739845299153956,0.842787375829561,0,1,"supported"
"Caesio_teres","Site315","schemeA_tobit",0.794206226864662,0.739845299153956,0.842787375829561,0,1,"supported"
"Lutjanus_erythropterus","Site315","schemeA_tobit",0.794206226864662,0.739845299153956,0.842787375829561,0,1,"supported"
"Pristipomoides_typus","Site315","schemeA_tobit",0.794206226864662,0.739845299153956,0.842787375829561,0,1,"supported"
"Symphorus_nematophorus","Site315","schemeA_tobit",0.794206226864662,0.739845299153956,0.842787375829561,0,1,"supported"
"Lethrinus_nebulosus","Site315","schemeA_tobit",0.794206226864662,0.739845299153956,0.842787375829561,0,1,"supported"
"Acanthopagrus_latus","Site315","schemeA_tobit",0.794206226864662,0.739845299153956,0.842787375829561,0,1,"supported"
"Acanthopagrus_schlegelii","Site315","schemeA_tobit",0.794206226864662,0.739845299153956,0.842787375829561,0,1,"supported"
"Pagrus_major","Site315","schemeA_tobit",0.794206226864662,0.739845299153956,0.842787375829561,0,1,"supported"
"Pagrus_pagrus","Site315","schemeA_tobit",0.794206226864662,0.739845299153956,0.842787375829561,0,1,"supported"
"Rhabdosargus_sarba","Site315","schemeA_tobit",0.794206226864662,0.739845299153956,0.842787375829561,0,1,"supported"
"Sparus_aurata","Site315","schemeA_tobit",0.794206226864662,0.739845299153956,0.842787375829561,0,1,"supported"
"Nelusetta_ayraud","Site315","schemeA_tobit",0.794206226864662,0.739845299153956,0.842787375829561,0,1,"supported"
"Lateolabrax_japonicus","Site315","schemeA_tobit",0.794206226864662,0.739845299153956,0.842787375829561,0,1,"supported"
"Lateolabrax_maculatus","Site315","schemeA_tobit",0.794206226864662,0.739845299153956,0.842787375829561,0,1,"supported"
"Pempheris_klunzingeri","Site315","schemeA_tobit",0.794206226864662,0.739845299153956,0.842787375829561,0,1,"supported"
"Micropterus_dolomieu","Site315","schemeA_tobit",0.794206226864662,0.739845299153956,0.842787375829561,0,1,"supported"
"Micropterus_salmoides","Site315","schemeA_tobit",0.794206226864662,0.739845299153956,0.842787375829561,0,1,"supported"
"Enoplosus_armatus","Site315","schemeA_tobit",0.794206226864662,0.739845299153956,0.842787375829561,0,1,"supported"
"Oplegnathus_fasciatus","Site315","schemeA_tobit",0.794206226864662,0.739845299153956,0.842787375829561,0,1,"supported"
"Oplegnathus_punctatus","Site315","schemeA_tobit",0.794206226864662,0.739845299153956,0.842787375829561,0,1,"supported"
"Maccullochella_peelii","Site315","schemeA_tobit",0.794206226864662,0.739845299153956,0.842787375829561,0,1,"supported"
"Siniperca_chuatsi","Site315","schemeA_tobit",0.794206226864662,0.739845299153956,0.842787375829561,0,1,"supported"
"Siniperca_scherzeri","Site315","schemeA_tobit",0.794206226864662,0.739845299153956,0.842787375829561,0,1,"supported"
"Scortum_barcoo","Site315","schemeA_tobit",0.794206226864662,0.739845299153956,0.842787375829561,0,1,"supported"
"Anarhichas_minor","Site315","schemeA_tobit",0.794206226864662,0.739845299153956,0.842787375829561,0,1,"supported"
"Anarrhichthys_ocellatus","Site315","schemeA_tobit",0.794206226864662,0.739845299153956,0.842787375829561,0,1,"supported"
"Anoplopoma_fimbria","Site315","schemeA_tobit",0.794206226864662,0.739845299153956,0.842787375829561,0,1,"supported"
"Pogonophryne_albipinna","Site315","schemeA_tobit",0.794206226864662,0.739845299153956,0.842787375829561,0,1,"supported"
"Gymnodraco_acuticeps","Site315","schemeA_tobit",0.794206226864662,0.739845299153956,0.842787375829561,0,1,"supported"
"Cottoperca_gobio","Site315","schemeA_tobit",0.794206226864662,0.739845299153956,0.842787375829561,0,1,"supported"
"Cebidichthys_violaceus","Site315","schemeA_tobit",0.794206226864662,0.739845299153956,0.842787375829561,0,1,"supported"
"Chaenocephalus_aceratus","Site315","schemeA_tobit",0.794206226864662,0.739845299153956,0.842787375829561,0,1,"supported"
"Champsocephalus_esox","Site315","schemeA_tobit",0.794206226864662,0.739845299153956,0.842787375829561,0,1,"supported"
"Champsocephalus_gunnari","Site315","schemeA_tobit",0.794206226864662,0.739845299153956,0.842787375829561,0,1,"supported"
"Pseudochaenichthys_georgianus","Site315","schemeA_tobit",0.794206226864662,0.739845299153956,0.842787375829561,0,1,"supported"
"Clinocottus_analis","Site315","schemeA_tobit",0.794206226864662,0.739845299153956,0.842787375829561,0,1,"supported"
"Taurulus_bubalis","Site315","schemeA_tobit",0.794206226864662,0.739845299153956,0.842787375829561,0,1,"supported"
"Cyclopterus_lumpus","Site315","schemeA_tobit",0.794206226864662,0.739845299153956,0.842787375829561,0,1,"supported"
"Eleginops_maclovinus","Site315","schemeA_tobit",0.794206226864662,0.739845299153956,0.842787375829561,0,1,"supported"
"Cromileptes_altivelis","Site315","schemeA_tobit",0.794206226864662,0.739845299153956,0.842787375829561,0,1,"supported"
"Epinephelus_bruneus","Site315","schemeA_tobit",0.794206226864662,0.739845299153956,0.842787375829561,0,1,"supported"
"Epinephelus_coioides","Site315","schemeA_tobit",0.794206226864662,0.739845299153956,0.842787375829561,0,1,"supported"
"Epinephelus_fuscoguttatus","Site315","schemeA_tobit",0.794206226864662,0.739845299153956,0.842787375829561,0,1,"supported"
"Epinephelus_lanceolatus","Site315","schemeA_tobit",0.794206226864662,0.739845299153956,0.842787375829561,0,1,"supported"
"Epinephelus_malabaricus","Site315","schemeA_tobit",0.794206226864662,0.739845299153956,0.842787375829561,0,1,"supported"
"Epinephelus_multinotatus","Site315","schemeA_tobit",0.794206226864662,0.739845299153956,0.842787375829561,0,1,"supported"
"Plectropomus_leopardus","Site315","schemeA_tobit",0.794206226864662,0.739845299153956,0.842787375829561,0,1,"supported"
"Gasterosteus_aculeatus","Site315","schemeA_tobit",0.341172508769017,0.21935891264273,0.479206388454881,0,1,"supported"
"Pungitius_pungitius","Site315","schemeA_tobit",0.341172508769017,0.21935891264273,0.479206388454881,0,1,"supported"
"Pungitius_sinensis","Site315","schemeA_tobit",0.341172508769017,0.21935891264273,0.479206388454881,0,1,"supported"
"Dissostichus_eleginoides","Site315","schemeA_tobit",0.794206226864662,0.739845299153956,0.842787375829561,0,1,"supported"
"Dissostichus_mawsoni","Site315","schemeA_tobit",0.794206226864662,0.739845299153956,0.842787375829561,0,1,"supported"
"Notothenia_rossii","Site315","schemeA_tobit",0.794206226864662,0.739845299153956,0.842787375829561,0,1,"supported"
"Pagothenia_borchgrevinki","Site315","schemeA_tobit",0.794206226864662,0.739845299153956,0.842787375829561,0,1,"supported"
"Trematomus_bernacchii","Site315","schemeA_tobit",0.794206226864662,0.739845299153956,0.842787375829561,0,1,"supported"
"Etheostoma_cragini","Site315","schemeA_tobit",0.341172508769017,0.21935891264273,0.479206388454881,0,1,"supported"
"Perca_flavescens","Site315","schemeA_tobit",0.794206226864662,0.739845299153956,0.842787375829561,0,1,"supported"
"Perca_fluviatilis","Site315","schemeA_tobit",0.794206226864662,0.739845299153956,0.842787375829561,0,1,"supported"
"Sander_lucioperca","Site315","schemeA_tobit",0.794206226864662,0.739845299153956,0.842787375829561,0,1,"supported"
"Sander_vitreus","Site315","schemeA_tobit",0.794206226864662,0.739845299153956,0.842787375829561,0,1,"supported"
"Pholis_gunnellus","Site315","schemeA_tobit",0.794206226864662,0.739845299153956,0.842787375829561,0,1,"supported"
"Sebastes_fasciatus","Site315","schemeA_tobit",0.794206226864662,0.739845299153956,0.842787375829561,0,1,"supported"
"Sebastes_schlegelii","Site315","schemeA_tobit",0.794206226864662,0.739845299153956,0.842787375829561,0,1,"supported"
"Sebastes_umbrosus","Site315","schemeA_tobit",0.794206226864662,0.739845299153956,0.842787375829561,0,1,"supported"
"Centropristis_striata","Site315","schemeA_tobit",0.794206226864662,0.739845299153956,0.842787375829561,0,1,"supported"
"Echiichthys_vipera","Site315","schemeA_tobit",0.794206226864662,0.739845299153956,0.842787375829561,0,1,"supported"
"Eutrigla_gurnardus","Site315","schemeA_tobit",0.794206226864662,0.739845299153956,0.842787375829561,0,1,"supported"
"Lycodes_pacificus","Site315","schemeA_tobit",0.794206226864662,0.739845299153956,0.842787375829561,0,1,"supported"
"Melanostigma_gelatinosum","Site315","schemeA_tobit",0.794206226864662,0.739845299153956,0.842787375829561,0,1,"supported"
"Zoarces_viviparus","Site315","schemeA_tobit",0.794206226864662,0.739845299153956,0.842787375829561,0,1,"supported"
"Erpetoichthys_calabaricus","M1","binary",0.324772238391579,0.136493546148589,0.567201146232362,NA,NA,"missing_input_extrapolation"
"Polypterus_senegalus","M1","binary",0.324772238391579,0.136493546148589,0.567201146232362,NA,NA,"missing_input_extrapolation"
"Acipenser_oxyrinchus","M1","binary",0.244023807922052,0.0896365693377505,0.458977376700217,NA,NA,"missing_input_extrapolation"
"Acipenser_ruthenus","M1","binary",0.244023807922052,0.0896365693377505,0.458977376700217,NA,NA,"missing_input_extrapolation"
"Acipenser_sinensis","M1","binary",0.244023807922052,0.0896365693377505,0.458977376700217,NA,NA,"missing_input_extrapolation"
"Huso_huso","M1","binary",0.244023807922052,0.0896365693377505,0.458977376700217,NA,NA,"missing_input_extrapolation"
"Polyodon_spathula","M1","binary",0.244023807922052,0.0896365693377505,0.458977376700217,NA,NA,"missing_input_extrapolation"
"Amia_ocellicauda","M1","binary",0.244023807922052,0.0896365693377505,0.458977376700217,NA,NA,"missing_input_extrapolation"
"Atractosteus_spatula","M1","binary",0.244023807922052,0.0896365693377505,0.458977376700217,NA,NA,"missing_input_extrapolation"
"Lepisosteus_oculatus","M1","binary",0.244023807922052,0.0896365693377505,0.458977376700217,NA,NA,"missing_input_extrapolation"
"Megalops_atlanticus","M1","binary",0.385470487063033,0.168148513170107,0.631983023337901,NA,NA,"missing_input_extrapolation"
"Megalops_cyprinoides","M1","binary",0.385470487063033,0.168148513170107,0.631983023337901,NA,NA,"missing_input_extrapolation"
"Albula_glossodonta","M1","binary",0.244023807922052,0.0896365693377505,0.458977376700217,NA,NA,"missing_input_extrapolation"
"Albula_goreensis","M1","binary",0.244023807922052,0.0896365693377505,0.458977376700217,NA,NA,"missing_input_extrapolation"
"Aldrovandia_affinis","M1","binary",0.244023807922052,0.0896365693377505,0.458977376700217,NA,NA,"missing_input_extrapolation"
"Anguilla_anguilla","M1","binary",0.244023807922052,0.0896365693377505,0.458977376700217,NA,NA,"missing_input_extrapolation"
"Anguilla_japonica","M1","binary",0.244023807922052,0.0896365693377505,0.458977376700217,NA,NA,"missing_input_extrapolation"
"Anguilla_rostrata","M1","binary",0.244023807922052,0.0896365693377505,0.458977376700217,NA,NA,"missing_input_extrapolation"
"Conger_conger","M1","binary",0.244023807922052,0.0896365693377505,0.458977376700217,NA,NA,"missing_input_extrapolation"
"Gymnothorax_javanicus","M1","binary",0.244023807922052,0.0896365693377505,0.458977376700217,NA,NA,"missing_input_extrapolation"
"Synaphobranchus_kaupii","M1","binary",0.244023807922052,0.0896365693377505,0.458977376700217,NA,NA,"missing_input_extrapolation"
"Arapaima_gigas","M1","binary",0.244023807922052,0.0896365693377505,0.458977376700217,NA,NA,"missing_input_extrapolation"
"Brienomyrus_brachyistius","M1","binary",0.244023807922052,0.0896365693377505,0.458977376700217,NA,NA,"missing_input_extrapolation"
"Paramormyrops_kingsleyae","M1","binary",0.421252723376083,0.144920673597873,0.736119420555602,NA,NA,"missing_input_extrapolation"
"Scleropages_formosus","M1","binary",0.385470487063033,0.168148513170107,0.631983023337901,NA,NA,"missing_input_extrapolation"
"Hiodon_alosoides","M1","binary",0.244023807922052,0.0896365693377505,0.458977376700217,NA,NA,"missing_input_extrapolation"
"Alosa_alosa","M1","binary",0.244023807922052,0.0896365693377505,0.458977376700217,NA,NA,"missing_input_extrapolation"
"Alosa_pseudoharengus","M1","binary",0.244023807922052,0.0896365693377505,0.458977376700217,NA,NA,"missing_input_extrapolation"
"Alosa_sapidissima","M1","binary",0.244023807922052,0.0896365693377505,0.458977376700217,NA,NA,"missing_input_extrapolation"
"Sardina_pilchardus","M1","binary",0.244023807922052,0.0896365693377505,0.458977376700217,NA,NA,"missing_input_extrapolation"
"Clupea_harengus","M1","binary",0.244023807922052,0.0896365693377505,0.458977376700217,NA,NA,"missing_input_extrapolation"
"Sprattus_sprattus","M1","binary",0.244023807922052,0.0896365693377505,0.458977376700217,NA,NA,"missing_input_extrapolation"
"Denticeps_clupeoides","M1","binary",0.244023807922052,0.0896365693377505,0.458977376700217,NA,NA,"missing_input_extrapolation"
"Coilia_grayii","M1","binary",0.244023807922052,0.0896365693377505,0.458977376700217,NA,NA,"missing_input_extrapolation"
"Coilia_mystus","M1","binary",0.421252723376083,0.144920673597873,0.736119420555602,NA,NA,"missing_input_extrapolation"
"Engraulis_encrasicolus","M1","binary",0.244023807922052,0.0896365693377505,0.458977376700217,NA,NA,"missing_input_extrapolation"
"Chanos_chanos","M1","binary",0.244023807922052,0.0896365693377505,0.458977376700217,NA,NA,"missing_input_extrapolation"
"Myxocyprinus_asiaticus","M1","binary",0.244023807922052,0.0896365693377505,0.458977376700217,NA,NA,"missing_input_extrapolation"
"Xyrauchen_texanus","M1","binary",0.244023807922052,0.0896365693377505,0.458977376700217,NA,NA,"missing_input_extrapolation"
"Misgurnus_anguillicaudatus","M1","binary",0.244023807922052,0.0896365693377505,0.458977376700217,NA,NA,"missing_input_extrapolation"
"Paramisgurnus_dabryanus","M1","binary",0.244023807922052,0.0896365693377505,0.458977376700217,NA,NA,"missing_input_extrapolation"
"Abramis_brama","M1","binary",0.244023807922052,0.0896365693377505,0.458977376700217,NA,NA,"missing_input_extrapolation"
"Barbus_barbus","M1","binary",0.244023807922052,0.0896365693377505,0.458977376700217,NA,NA,"missing_input_extrapolation"
"Carassius_auratus","M1","binary",0.244023807922052,0.0896365693377505,0.458977376700217,NA,NA,"missing_input_extrapolation"
"Carassius_carassius","M1","binary",0.244023807922052,0.0896365693377505,0.458977376700217,NA,NA,"missing_input_extrapolation"
"Carassius_gibelio","M1","binary",0.244023807922052,0.0896365693377505,0.458977376700217,NA,NA,"missing_input_extrapolation"
"Chanodichthys_erythropterus","M1","binary",0.244023807922052,0.0896365693377505,0.458977376700217,NA,NA,"missing_input_extrapolation"
"Cirrhinus_molitorella","M1","binary",0.244023807922052,0.0896365693377505,0.458977376700217,NA,NA,"missing_input_extrapolation"
"Ctenopharyngodon_idella","M1","binary",0.244023807922052,0.0896365693377505,0.458977376700217,NA,NA,"missing_input_extrapolation"
"Culter_alburnus","M1","binary",0.244023807922052,0.0896365693377505,0.458977376700217,NA,NA,"missing_input_extrapolation"
"Cyprinella_venusta","M1","binary",0.324772238391579,0.136493546148589,0.567201146232362,NA,NA,"missing_input_extrapolation"
"Cyprinus_carpio","M1","binary",0.244023807922052,0.0896365693377505,0.458977376700217,NA,NA,"missing_input_extrapolation"
"Danio_aesculapii","M1","binary",0.244023807922052,0.0896365693377505,0.458977376700217,NA,NA,"missing_input_extrapolation"
"Danio_rerio","M1","binary",0.244023807922052,0.0896365693377505,0.458977376700217,NA,NA,"missing_input_extrapolation"
"Garra_rufa","M1","binary",0.244023807922052,0.0896365693377505,0.458977376700217,NA,NA,"missing_input_extrapolation"
"Hemiculter_leucisculus","M1","binary",0.244023807922052,0.0896365693377505,0.458977376700217,NA,NA,"missing_input_extrapolation"
"Labeo_rohita","M1","binary",0.421252723376083,0.144920673597873,0.736119420555602,NA,NA,"missing_input_extrapolation"
"Leuciscus_chuanchicus","M1","binary",0.244023807922052,0.0896365693377505,0.458977376700217,NA,NA,"missing_input_extrapolation"
"Leuciscus_leuciscus","M1","binary",0.244023807922052,0.0896365693377505,0.458977376700217,NA,NA,"missing_input_extrapolation"
"Leuciscus_waleckii","M1","binary",0.244023807922052,0.0896365693377505,0.458977376700217,NA,NA,"missing_input_extrapolation"
"Megalobrama_amblycephala","M1","binary",0.244023807922052,0.0896365693377505,0.458977376700217,NA,NA,"missing_input_extrapolation"
"Mylopharyngodon_piceus","M1","binary",0.244023807922052,0.0896365693377505,0.458977376700217,NA,NA,"missing_input_extrapolation"
"Onychostoma_macrolepis","M1","binary",0.244023807922052,0.0896365693377505,0.458977376700217,NA,NA,"missing_input_extrapolation"
"Phoxinus_phoxinus","M1","binary",0.244023807922052,0.0896365693377505,0.458977376700217,NA,NA,"missing_input_extrapolation"
"Pimephales_promelas","M1","binary",0.244023807922052,0.0896365693377505,0.458977376700217,NA,NA,"missing_input_extrapolation"
"Pseudorasbora_parva","M1","binary",0.244023807922052,0.0896365693377505,0.458977376700217,NA,NA,"missing_input_extrapolation"
"Puntigrus_tetrazona","M1","binary",0.244023807922052,0.0896365693377505,0.458977376700217,NA,NA,"missing_input_extrapolation"
"Rutilus_rutilus","M1","binary",0.244023807922052,0.0896365693377505,0.458977376700217,NA,NA,"missing_input_extrapolation"
"Scardinius_erythrophthalmus","M1","binary",0.244023807922052,0.0896365693377505,0.458977376700217,NA,NA,"missing_input_extrapolation"
"Sinocyclocheilus_anshuiensis","M1","binary",0.244023807922052,0.0896365693377505,0.458977376700217,NA,NA,"missing_input_extrapolation"
"Sinocyclocheilus_grahami","M1","binary",0.244023807922052,0.0896365693377505,0.458977376700217,NA,NA,"missing_input_extrapolation"
"Sinocyclocheilus_rhinocerous","M1","binary",0.244023807922052,0.0896365693377505,0.458977376700217,NA,NA,"missing_input_extrapolation"
"Siphateles_boraxobius","M1","binary",0.244023807922052,0.0896365693377505,0.458977376700217,NA,NA,"missing_input_extrapolation"
"Squalius_cephalus","M1","binary",0.244023807922052,0.0896365693377505,0.458977376700217,NA,NA,"missing_input_extrapolation"
"Gobio_gobio","M1","binary",0.244023807922052,0.0896365693377505,0.458977376700217,NA,NA,"missing_input_extrapolation"
"Rhinichthys_klamathensis","M1","binary",0.244023807922052,0.0896365693377505,0.458977376700217,NA,NA,"missing_input_extrapolation"
"Barbatula_barbatula","M1","binary",0.244023807922052,0.0896365693377505,0.458977376700217,NA,NA,"missing_input_extrapolation"
"Triplophysa_dalaica","M1","binary",0.244023807922052,0.0896365693377505,0.458977376700217,NA,NA,"missing_input_extrapolation"
"Triplophysa_rosa","M1","binary",0.421252723376083,0.144920673597873,0.736119420555602,NA,NA,"missing_input_extrapolation"
"Astyanax_lacustris","M1","binary",0.421252723376083,0.144920673597873,0.736119420555602,NA,NA,"missing_input_extrapolation"
"Astyanax_mexicanus","M1","binary",0.421252723376083,0.144920673597873,0.736119420555602,NA,NA,"missing_input_extrapolation"
"Salminus_brasiliensis","M1","binary",0.421252723376083,0.144920673597873,0.736119420555602,NA,NA,"missing_input_extrapolation"
"Hoplias_malabaricus","M1","binary",0.421252723376083,0.144920673597873,0.736119420555602,NA,NA,"missing_input_extrapolation"
"Prochilodus_magdalenae","M1","binary",0.244023807922052,0.0896365693377505,0.458977376700217,NA,NA,"missing_input_extrapolation"
"Acnodon_oligacanthus","M1","binary",0.421252723376083,0.144920673597873,0.736119420555602,NA,NA,"missing_input_extrapolation"
"Colossoma_macropomum","M1","binary",0.421252723376083,0.144920673597873,0.736119420555602,NA,NA,"missing_input_extrapolation"
"Metynnis_hypsauchen","M1","binary",0.421252723376083,0.144920673597873,0.736119420555602,NA,NA,"missing_input_extrapolation"
"Pygocentrus_nattereri","M1","binary",0.421252723376083,0.144920673597873,0.736119420555602,NA,NA,"missing_input_extrapolation"
"Serrasalmus_rhombeus","M1","binary",0.421252723376083,0.144920673597873,0.736119420555602,NA,NA,"missing_input_extrapolation"
"Electrophorus_electricus","M1","binary",0.244023807922052,0.0896365693377505,0.458977376700217,NA,NA,"missing_input_extrapolation"
"Electrophorus_voltai","M1","binary",0.421252723376083,0.144920673597873,0.736119420555602,NA,NA,"missing_input_extrapolation"
"Brachyhypopomus_gauderio","M1","binary",0.421252723376083,0.144920673597873,0.736119420555602,NA,NA,"missing_input_extrapolation"
"Neoarius_graeffei","M1","binary",0.421252723376083,0.144920673597873,0.736119420555602,NA,NA,"missing_input_extrapolation"
"Hemibagrus_guttatus","M1","binary",0.244023807922052,0.0896365693377505,0.458977376700217,NA,NA,"missing_input_extrapolation"
"Hemibagrus_wyckioides","M1","binary",0.244023807922052,0.0896365693377505,0.458977376700217,NA,NA,"missing_input_extrapolation"
"Tachysurus_fulvidraco","M1","binary",0.421252723376083,0.144920673597873,0.736119420555602,NA,NA,"missing_input_extrapolation"
"Tachysurus_vachellii","M1","binary",0.421252723376083,0.144920673597873,0.736119420555602,NA,NA,"missing_input_extrapolation"
"Clarias_gariepinus","M1","binary",0.421252723376083,0.144920673597873,0.736119420555602,NA,NA,"missing_input_extrapolation"
"Clarias_magur","M1","binary",0.421252723376083,0.144920673597873,0.736119420555602,NA,NA,"missing_input_extrapolation"
"Ictalurus_furcatus","M1","binary",0.421252723376083,0.144920673597873,0.736119420555602,NA,NA,"missing_input_extrapolation"
"Ictalurus_punctatus","M1","binary",0.244023807922052,0.0896365693377505,0.458977376700217,NA,NA,"missing_input_extrapolation"
"Pangasianodon_gigas","M1","binary",0.421252723376083,0.144920673597873,0.736119420555602,NA,NA,"missing_input_extrapolation"
"Pangasianodon_hypophthalmus","M1","binary",0.421252723376083,0.144920673597873,0.736119420555602,NA,NA,"missing_input_extrapolation"
"Silurus_aristotelis","M1","binary",0.421252723376083,0.144920673597873,0.736119420555602,NA,NA,"missing_input_extrapolation"
"Silurus_asotus","M1","binary",0.421252723376083,0.144920673597873,0.736119420555602,NA,NA,"missing_input_extrapolation"
"Silurus_meridionalis","M1","binary",0.421252723376083,0.144920673597873,0.736119420555602,NA,NA,"missing_input_extrapolation"
"Trichomycterus_rosablanca","M1","binary",0.421252723376083,0.144920673597873,0.736119420555602,NA,NA,"missing_input_extrapolation"
"Nansenia_antarctica","M1","binary",0.244023807922052,0.0896365693377505,0.458977376700217,NA,NA,"missing_input_extrapolation"
"Galaxias_brevipinnis","M1","binary",0.51559579152487,0.258704060008105,0.75792835445417,NA,NA,"missing_input_extrapolation"
"Coregonus_albula","M1","binary",0.324772238391579,0.136493546148589,0.567201146232362,NA,NA,"missing_input_extrapolation"
"Coregonus_clupeaformis","M1","binary",0.324772238391579,0.136493546148589,0.567201146232362,NA,NA,"missing_input_extrapolation"
"Coregonus_lavaretus","M1","binary",0.324772238391579,0.136493546148589,0.567201146232362,NA,NA,"missing_input_extrapolation"
"Coregonus_suidteri","M1","binary",0.324772238391579,0.136493546148589,0.567201146232362,NA,NA,"missing_input_extrapolation"
"Oncorhynchus_clarkii","M1","binary",0.324772238391579,0.136493546148589,0.567201146232362,NA,NA,"missing_input_extrapolation"
"Oncorhynchus_gorbuscha","M1","binary",0.324772238391579,0.136493546148589,0.567201146232362,NA,NA,"missing_input_extrapolation"
"Oncorhynchus_keta","M1","binary",0.324772238391579,0.136493546148589,0.567201146232362,NA,NA,"missing_input_extrapolation"
"Oncorhynchus_kisutch","M1","binary",0.324772238391579,0.136493546148589,0.567201146232362,NA,NA,"missing_input_extrapolation"
"Oncorhynchus_masou","M1","binary",0.324772238391579,0.136493546148589,0.567201146232362,NA,NA,"missing_input_extrapolation"
"Oncorhynchus_mykiss","M1","binary",0.324772238391579,0.136493546148589,0.567201146232362,NA,NA,"missing_input_extrapolation"
"Oncorhynchus_nerka","M1","binary",0.324772238391579,0.136493546148589,0.567201146232362,NA,NA,"missing_input_extrapolation"
"Oncorhynchus_tshawytscha","M1","binary",0.324772238391579,0.136493546148589,0.567201146232362,NA,NA,"missing_input_extrapolation"
"Salmo_salar","M1","binary",0.324772238391579,0.136493546148589,0.567201146232362,NA,NA,"missing_input_extrapolation"
"Salmo_trutta","M1","binary",0.324772238391579,0.136493546148589,0.567201146232362,NA,NA,"missing_input_extrapolation"
"Salvelinus_alpinus","M1","binary",0.324772238391579,0.136493546148589,0.567201146232362,NA,NA,"missing_input_extrapolation"
"Salvelinus_fontinalis","M1","binary",0.324772238391579,0.136493546148589,0.567201146232362,NA,NA,"missing_input_extrapolation"
"Salvelinus_namaycush","M1","binary",0.324772238391579,0.136493546148589,0.567201146232362,NA,NA,"missing_input_extrapolation"
"Dallia_pectoralis","M1","binary",0.324772238391579,0.136493546148589,0.567201146232362,NA,NA,"missing_input_extrapolation"
"Esox_lucius","M1","binary",0.324772238391579,0.136493546148589,0.567201146232362,NA,NA,"missing_input_extrapolation"
"Umbra_pygmaea","M1","binary",0.324772238391579,0.136493546148589,0.567201146232362,NA,NA,"missing_input_extrapolation"
"Hypomesus_nipponensis","M1","binary",0.676958442908709,0.431304889991538,0.866860286603995,NA,NA,"supported"
"Hypomesus_transpacificus","M1","binary",0.676958442908709,0.431304889991538,0.866860286603995,NA,NA,"supported"
"Osmerus_eperlanus","M1","binary",0.676958442908709,0.431304889991538,0.866860286603995,NA,NA,"supported"
"Osmerus_mordax","M1","binary",0.676958442908709,0.431304889991538,0.866860286603995,NA,NA,"supported"
"Benthosema_glaciale","M1","binary",0.55144486883036,0.275839848580232,0.799923472781292,NA,NA,"supported"
"Electrona_antarctica","M1","binary",0.648961507215725,0.430151966348466,0.82785934540078,NA,NA,"supported"
"Gymnoscopelus_braueri","M1","binary",0.648961507215725,0.430151966348466,0.82785934540078,NA,NA,"supported"
"Gymnoscopelus_microlampas","M1","binary",0.648961507215725,0.430151966348466,0.82785934540078,NA,NA,"supported"
"Nannobrachium_achirus","M1","binary",0.648961507215725,0.430151966348466,0.82785934540078,NA,NA,"supported"
"Protomyctophum_bolini","M1","binary",0.648961507215725,0.430151966348466,0.82785934540078,NA,NA,"supported"
"Protomyctophum_parallelum","M1","binary",0.648961507215725,0.430151966348466,0.82785934540078,NA,NA,"supported"
"Polymixia_hollisterae","M1","binary",0.648961507215725,0.430151966348466,0.82785934540078,NA,NA,"supported"
"Polymixia_lowei","M1","binary",0.486382029472901,0.275687917911282,0.702934628298918,NA,NA,"supported"
"Centroberyx_affinis","M1","binary",0.4265027407399,0.235604754220938,0.639177412872493,NA,NA,"supported"
"Centroberyx_gerrardi","M1","binary",0.4265027407399,0.235604754220938,0.639177412872493,NA,NA,"supported"
"Poromitra_crassiceps","M1","binary",0.390428612371592,0.165661558884739,0.657827674654061,NA,NA,"supported"
"Myripristis_murdjan","M1","binary",0.4265027407399,0.235604754220938,0.639177412872493,NA,NA,"supported"
"Lucifuga_dentata","M1","binary",0.324772238391579,0.136493546148589,0.567201146232362,NA,NA,"missing_input_extrapolation"
"Genypterus_blacodes","M1","binary",0.486382029472901,0.275687917911282,0.702934628298918,NA,NA,"supported"
"Arripis_georgiana","M1","binary",0.717186918555378,0.556211407069667,0.845589975644918,NA,NA,"supported"
"Katsuwonus_pelamis","M1","binary",0.837593041732999,0.762384066638168,0.898510435999383,NA,NA,"supported"
"Sarda_sarda","M1","binary",0.866388307714592,0.773695523040334,0.932899472244214,NA,NA,"supported"
"Scomber_japonicus","M1","binary",0.866388307714592,0.773695523040334,0.932899472244214,NA,NA,"supported"
"Scomber_scombrus","M1","binary",0.803081801970192,0.605612010799037,0.929461249908903,NA,NA,"supported"
"Thunnus_alalunga","M1","binary",0.837593041732999,0.762384066638168,0.898510435999383,NA,NA,"supported"
"Thunnus_albacares","M1","binary",0.837593041732999,0.762384066638168,0.898510435999383,NA,NA,"supported"
"Thunnus_atlanticus","M1","binary",0.837593041732999,0.762384066638168,0.898510435999383,NA,NA,"supported"
"Thunnus_maccoyii","M1","binary",0.837593041732999,0.762384066638168,0.898510435999383,NA,NA,"supported"
"Thunnus_obesus","M1","binary",0.837593041732999,0.762384066638168,0.898510435999383,NA,NA,"supported"
"Thunnus_orientalis","M1","binary",0.837593041732999,0.762384066638168,0.898510435999383,NA,NA,"supported"
"Thunnus_thynnus","M1","binary",0.837593041732999,0.762384066638168,0.898510435999383,NA,NA,"supported"
"Thunnus_tonggol","M1","binary",0.837593041732999,0.762384066638168,0.898510435999383,NA,NA,"supported"
"Pampus_argenteus","M1","binary",0.866388307714592,0.773695523040334,0.932899472244214,NA,NA,"supported"
"Pampus_punctatissimus","M1","binary",0.866388307714592,0.773695523040334,0.932899472244214,NA,NA,"supported"
"Aulostomus_chinensis","M1","binary",0.648961507215725,0.430151966348466,0.82785934540078,NA,NA,"supported"
"Fistularia_commersonii","M1","binary",0.756551405733971,0.561493294771171,0.896065393279933,NA,NA,"missing_input_extrapolation"
"Pterapogon_kauderni","M1","binary",0.582618448279041,0.318015102288723,0.815395782096942,NA,NA,"supported"
"Sphaeramia_orbicularis","M1","binary",0.764031462941472,0.618477888542084,0.87625898482718,NA,NA,"supported"
"Oxyeleotris_marmorata","M1","binary",0.764031462941472,0.618477888542084,0.87625898482718,NA,NA,"supported"
"Boleophthalmus_pectinirostris","M1","binary",0.764031462941472,0.618477888542084,0.87625898482718,NA,NA,"supported"
"Eucyclogobius_newberryi","M1","binary",0.764031462941472,0.618477888542084,0.87625898482718,NA,NA,"supported"
"Gobius_niger","M1","binary",0.676958442908709,0.431304889991538,0.866860286603995,NA,NA,"supported"
"Knipowitschia_caucasica","M1","binary",0.764031462941472,0.618477888542084,0.87625898482718,NA,NA,"supported"
"Mugilogobius_chulae","M1","binary",0.764031462941472,0.618477888542084,0.87625898482718,NA,NA,"supported"
"Periophthalmus_magnuspinnatus","M1","binary",0.764031462941472,0.618477888542084,0.87625898482718,NA,NA,"supported"
"Mastacembelus_armatus","M1","binary",0.837593041732999,0.762384066638168,0.898510435999383,NA,NA,"supported"
"Monopterus_albus","M1","binary",0.837593041732999,0.762384066638168,0.898510435999383,NA,NA,"supported"
"Anabas_testudineus","M1","binary",0.4265027407399,0.235604754220938,0.639177412872493,NA,NA,"supported"
"Channa_argus","M1","binary",0.4265027407399,0.235604754220938,0.639177412872493,NA,NA,"supported"
"Channa_striata","M1","binary",0.486382029472901,0.275687917911282,0.702934628298918,NA,NA,"supported"
"Betta_splendens","M1","binary",0.390428612371592,0.165661558884739,0.657827674654061,NA,NA,"supported"
"Trichopodus_trichopterus","M1","binary",0.486382029472901,0.275687917911282,0.702934628298918,NA,NA,"supported"
"Lates_calcarifer","M1","binary",0.756551405733971,0.561493294771171,0.896065393279933,NA,NA,"missing_input_extrapolation"
"Lates_japonicus","M1","binary",0.866388307714592,0.773695523040334,0.932899472244214,NA,NA,"supported"
"Eleutheronema_tetradactylum","M1","binary",0.717186918555378,0.556211407069667,0.845589975644918,NA,NA,"supported"
"Toxotes_jaculatrix","M1","binary",0.837593041732999,0.762384066638168,0.898510435999383,NA,NA,"supported"
"Xiphias_gladius","M1","binary",0.62402908030224,0.384341266820724,0.82321986275662,NA,NA,"supported"
"Caranx_melampygus","M1","binary",0.866388307714592,0.773695523040334,0.932899472244214,NA,NA,"supported"
"Seriola_dumerili","M1","binary",0.866388307714592,0.773695523040334,0.932899472244214,NA,NA,"supported"
"Seriola_lalandi","M1","binary",0.866388307714592,0.773695523040334,0.932899472244214,NA,NA,"supported"
"Trachinotus_anak","M1","binary",0.837593041732999,0.762384066638168,0.898510435999383,NA,NA,"supported"
"Trachurus_japonicus","M1","binary",0.866388307714592,0.773695523040334,0.932899472244214,NA,NA,"supported"
"Trachurus_trachurus","M1","binary",0.866388307714592,0.773695523040334,0.932899472244214,NA,NA,"supported"
"Echeneis_naucrates","M1","binary",0.866388307714592,0.773695523040334,0.932899472244214,NA,NA,"supported"
"Paralichthys_olivaceus","M1","binary",0.866388307714592,0.773695523040334,0.932899472244214,NA,NA,"supported"
"Hippoglossus_hippoglossus","M1","binary",0.866388307714592,0.773695523040334,0.932899472244214,NA,NA,"supported"
"Hippoglossus_stenolepis","M1","binary",0.866388307714592,0.773695523040334,0.932899472244214,NA,NA,"supported"
"Limanda_limanda","M1","binary",0.866388307714592,0.773695523040334,0.932899472244214,NA,NA,"supported"
"Platichthys_flesus","M1","binary",0.866388307714592,0.773695523040334,0.932899472244214,NA,NA,"supported"
"Platichthys_stellatus","M1","binary",0.866388307714592,0.773695523040334,0.932899472244214,NA,NA,"supported"
"Pleuronectes_platessa","M1","binary",0.866388307714592,0.773695523040334,0.932899472244214,NA,NA,"supported"
"Scophthalmus_maximus","M1","binary",0.866388307714592,0.773695523040334,0.932899472244214,NA,NA,"supported"
"Microchirus_variegatus","M1","binary",0.672409494599868,0.367367955490667,0.894343317791127,NA,NA,"missing_input_extrapolation"
"Solea_senegalensis","M1","binary",0.672409494599868,0.367367955490667,0.894343317791127,NA,NA,"missing_input_extrapolation"
"Solea_solea","M1","binary",0.672409494599868,0.367367955490667,0.894343317791127,NA,NA,"missing_input_extrapolation"
"Parambassis_ranga","M1","binary",0.837593041732999,0.762384066638168,0.898510435999383,NA,NA,"supported"
"Brachyistius_frenatus","M1","binary",0.764031462941472,0.618477888542084,0.87625898482718,NA,NA,"supported"
"Embiotoca_jacksoni","M1","binary",0.764031462941472,0.618477888542084,0.87625898482718,NA,NA,"supported"
"Acanthochromis_polyacanthus","M1","binary",0.764031462941472,0.618477888542084,0.87625898482718,NA,NA,"supported"
"Amphiprion_ocellaris","M1","binary",0.764031462941472,0.618477888542084,0.87625898482718,NA,NA,"supported"
"Stegastes_partitus","M1","binary",0.717186918555378,0.556211407069667,0.845589975644918,NA,NA,"supported"
"Andinoacara_rivulatus","M1","binary",0.837593041732999,0.762384066638168,0.898510435999383,NA,NA,"supported"
"Archocentrus_centrarchus","M1","binary",0.837593041732999,0.762384066638168,0.898510435999383,NA,NA,"supported"
"Astatotilapia_burtoni","M1","binary",0.837593041732999,0.762384066638168,0.898510435999383,NA,NA,"supported"
"Astatotilapia_calliptera","M1","binary",0.837593041732999,0.762384066638168,0.898510435999383,NA,NA,"supported"
"Astronotus_ocellatus","M1","binary",0.837593041732999,0.762384066638168,0.898510435999383,NA,NA,"supported"
"Aulonocara_stuartgranti","M1","binary",0.837593041732999,0.762384066638168,0.898510435999383,NA,NA,"supported"
"Copadichromis_virginalis","M1","binary",0.837593041732999,0.762384066638168,0.898510435999383,NA,NA,"supported"
"Diplotaxodon_limnothrissa","M1","binary",0.837593041732999,0.762384066638168,0.898510435999383,NA,NA,"supported"
"Haplochromis_nyererei","M1","binary",0.837593041732999,0.762384066638168,0.898510435999383,NA,NA,"supported"
"Maylandia_zebra","M1","binary",0.837593041732999,0.762384066638168,0.898510435999383,NA,NA,"supported"
"Mchenga_conophoros","M1","binary",0.837593041732999,0.762384066638168,0.898510435999383,NA,NA,"supported"
"Neolamprologus_brichardi","M1","binary",0.837593041732999,0.762384066638168,0.898510435999383,NA,NA,"supported"
"Neolamprologus_multifasciatus","M1","binary",0.837593041732999,0.762384066638168,0.898510435999383,NA,NA,"supported"
"Oreochromis_aureus","M1","binary",0.837593041732999,0.762384066638168,0.898510435999383,NA,NA,"supported"
"Oreochromis_niloticus","M1","binary",0.837593041732999,0.762384066638168,0.898510435999383,NA,NA,"supported"
"Pelmatolapia_mariae","M1","binary",0.837593041732999,0.762384066638168,0.898510435999383,NA,NA,"supported"
"Perissodus_microlepis","M1","binary",0.837593041732999,0.762384066638168,0.898510435999383,NA,NA,"supported"
"Pterophyllum_scalare","M1","binary",0.837593041732999,0.762384066638168,0.898510435999383,NA,NA,"supported"
"Rhamphochromis_longiceps","M1","binary",0.837593041732999,0.762384066638168,0.898510435999383,NA,NA,"supported"
"Sarotherodon_galilaeus","M1","binary",0.837593041732999,0.762384066638168,0.898510435999383,NA,NA,"supported"
"Simochromis_diagramma","M1","binary",0.837593041732999,0.762384066638168,0.898510435999383,NA,NA,"supported"
"Leuresthes_tenuis","M1","binary",0.51559579152487,0.258704060008105,0.75792835445417,NA,NA,"missing_input_extrapolation"
"Menidia_menidia","M1","binary",0.4265027407399,0.235604754220938,0.639177412872493,NA,NA,"supported"
"Odontesthes_bonariensis","M1","binary",0.244023807922052,0.0896365693377505,0.458977376700217,NA,NA,"missing_input_extrapolation"
"Melanotaenia_boesemani","M1","binary",0.4265027407399,0.235604754220938,0.639177412872493,NA,NA,"supported"
"Telmatherina_bonti","M1","binary",0.4265027407399,0.235604754220938,0.639177412872493,NA,NA,"supported"
"Oryzias_javanicus","M1","binary",0.486382029472901,0.275687917911282,0.702934628298918,NA,NA,"supported"
"Oryzias_latipes","M1","binary",0.324772238391579,0.136493546148589,0.567201146232362,NA,NA,"missing_input_extrapolation"
"Oryzias_melastigma","M1","binary",0.486382029472901,0.275687917911282,0.702934628298918,NA,NA,"supported"
"Xenentodon_cancila","M1","binary",0.764031462941472,0.618477888542084,0.87625898482718,NA,NA,"supported"
"Cololabis_saira","M1","binary",0.676958442908709,0.431304889991538,0.866860286603995,NA,NA,"supported"
"Anableps_anableps","M1","binary",0.648961507215725,0.430151966348466,0.82785934540078,NA,NA,"supported"
"Cyprinodon_tularosa","M1","binary",0.593978111017541,0.414057271694358,0.760532121631507,NA,NA,"supported"
"Cyprinodon_variegatus","M1","binary",0.593978111017541,0.414057271694358,0.760532121631507,NA,NA,"supported"
"Fundulus_diaphanus","M1","binary",0.593978111017541,0.414057271694358,0.760532121631507,NA,NA,"supported"
"Fundulus_heteroclitus","M1","binary",0.593978111017541,0.414057271694358,0.760532121631507,NA,NA,"supported"
"Ameca_splendens","M1","binary",0.593978111017541,0.414057271694358,0.760532121631507,NA,NA,"supported"
"Crenichthys_baileyi","M1","binary",0.593978111017541,0.414057271694358,0.760532121631507,NA,NA,"supported"
"Girardinichthys_multiradiatus","M1","binary",0.866388307714592,0.773695523040334,0.932899472244214,NA,NA,"supported"
"Nothobranchius_furzeri","M1","binary",0.764031462941472,0.618477888542084,0.87625898482718,NA,NA,"supported"
"Nothobranchius_kadleci","M1","binary",0.764031462941472,0.618477888542084,0.87625898482718,NA,NA,"supported"
"Nothobranchius_pienaari","M1","binary",0.764031462941472,0.618477888542084,0.87625898482718,NA,NA,"supported"
"Nothobranchius_rachovii","M1","binary",0.764031462941472,0.618477888542084,0.87625898482718,NA,NA,"supported"
"Gambusia_affinis","M1","binary",0.593978111017541,0.414057271694358,0.760532121631507,NA,NA,"supported"
"Gambusia_holbrooki","M1","binary",0.593978111017541,0.414057271694358,0.760532121631507,NA,NA,"supported"
"Poecilia_formosa","M1","binary",0.593978111017541,0.414057271694358,0.760532121631507,NA,NA,"supported"
"Poecilia_latipinna","M1","binary",0.593978111017541,0.414057271694358,0.760532121631507,NA,NA,"supported"
"Poecilia_mexicana","M1","binary",0.593978111017541,0.414057271694358,0.760532121631507,NA,NA,"supported"
"Poecilia_reticulata","M1","binary",0.593978111017541,0.414057271694358,0.760532121631507,NA,NA,"supported"
"Poeciliopsis_prolifica","M1","binary",0.648961507215725,0.430151966348466,0.82785934540078,NA,NA,"supported"
"Poropanchax_normani","M1","binary",0.593978111017541,0.414057271694358,0.760532121631507,NA,NA,"supported"
"Xiphophorus_couchianus","M1","binary",0.593978111017541,0.414057271694358,0.760532121631507,NA,NA,"supported"
"Xiphophorus_hellerii","M1","binary",0.593978111017541,0.414057271694358,0.760532121631507,NA,NA,"supported"
"Xiphophorus_maculatus","M1","binary",0.593978111017541,0.414057271694358,0.760532121631507,NA,NA,"supported"
"Austrofundulus_limnaeus","M1","binary",0.83697976149316,0.589256293819366,0.963217050542777,NA,NA,"missing_input_extrapolation"
"Kryptolebias_marmoratus","M1","binary",0.717186918555378,0.556211407069667,0.845589975644918,NA,NA,"supported"
"Nematolebias_whitei","M1","binary",0.4265027407399,0.235604754220938,0.639177412872493,NA,NA,"supported"
"Chelon_labrosus","M1","binary",0.766144193986693,0.588129268636184,0.893926493271045,NA,NA,"supported"
"Mugil_cephalus","M1","binary",0.766144193986693,0.588129268636184,0.893926493271045,NA,NA,"supported"
"Planiliza_haematocheilus","M1","binary",0.766144193986693,0.588129268636184,0.893926493271045,NA,NA,"supported"
"Gouania_willdenowi","M1","binary",0.717186918555378,0.556211407069667,0.845589975644918,NA,NA,"supported"
"Blennius_ocellaris","M1","binary",0.764031462941472,0.618477888542084,0.87625898482718,NA,NA,"supported"
"Lipophrys_pholis","M1","binary",0.764031462941472,0.618477888542084,0.87625898482718,NA,NA,"supported"
"Ophioblennius_macclurei","M1","binary",0.764031462941472,0.618477888542084,0.87625898482718,NA,NA,"supported"
"Salarias_fasciatus","M1","binary",0.815056821120349,0.556459404041047,0.955301324403524,NA,NA,"missing_input_extrapolation"
"Cristiceps_australis","M1","binary",0.764031462941472,0.618477888542084,0.87625898482718,NA,NA,"supported"
"Dicentrarchus_labrax","M1","binary",0.648961507215725,0.430151966348466,0.82785934540078,NA,NA,"supported"
"Morone_saxatilis","M1","binary",0.648961507215725,0.430151966348466,0.82785934540078,NA,NA,"supported"
"Scatophagus_argus","M1","binary",0.837593041732999,0.762384066638168,0.898510435999383,NA,NA,"supported"
"Collichthys_lucidus","M1","binary",0.866388307714592,0.773695523040334,0.932899472244214,NA,NA,"supported"
"Larimichthys_crocea","M1","binary",0.866388307714592,0.773695523040334,0.932899472244214,NA,NA,"supported"
"Nibea_albiflora","M1","binary",0.866388307714592,0.773695523040334,0.932899472244214,NA,NA,"supported"
"Sciaenops_ocellatus","M1","binary",0.866388307714592,0.773695523040334,0.932899472244214,NA,NA,"supported"
"Siganus_canaliculatus","M1","binary",0.334515944408464,0.14513408253608,0.576943165179922,NA,NA,"supported"
"Ammodytes_marinus","M1","binary",0.676958442908709,0.431304889991538,0.866860286603995,NA,NA,"supported"
"Cheilinus_undulatus","M1","binary",0.334515944408464,0.14513408253608,0.576943165179922,NA,NA,"supported"
"Halichoeres_trimaculatus","M1","binary",0.676958442908709,0.431304889991538,0.866860286603995,NA,NA,"supported"
"Notolabrus_celidotus","M1","binary",0.764031462941472,0.618477888542084,0.87625898482718,NA,NA,"supported"
"Semicossyphus_pulcher","M1","binary",0.764031462941472,0.618477888542084,0.87625898482718,NA,NA,"supported"
"Thalassoma_bifasciatum","M1","binary",0.764031462941472,0.618477888542084,0.87625898482718,NA,NA,"supported"
"Xyrichtys_novacula","M1","binary",0.717186918555378,0.556211407069667,0.845589975644918,NA,NA,"supported"
"Platax_orbicularis","M1","binary",0.866388307714592,0.773695523040334,0.932899472244214,NA,NA,"supported"
"Chaetodon_auriga","M1","binary",0.593978111017541,0.414057271694358,0.760532121631507,NA,NA,"supported"
"Chaetodon_trifascialis","M1","binary",0.837593041732999,0.762384066638168,0.898510435999383,NA,NA,"supported"
"Chelmon_rostratus","M1","binary",0.837593041732999,0.762384066638168,0.898510435999383,NA,NA,"supported"
"Caesio_teres","M1","binary",0.866388307714592,0.773695523040334,0.932899472244214,NA,NA,"supported"
"Lutjanus_erythropterus","M1","binary",0.866388307714592,0.773695523040334,0.932899472244214,NA,NA,"supported"
"Pristipomoides_typus","M1","binary",0.837593041732999,0.762384066638168,0.898510435999383,NA,NA,"supported"
"Symphorus_nematophorus","M1","binary",0.803081801970192,0.605612010799037,0.929461249908903,NA,NA,"supported"
"Lethrinus_nebulosus","M1","binary",0.866388307714592,0.773695523040334,0.932899472244214,NA,NA,"supported"
"Acanthopagrus_latus","M1","binary",0.764031462941472,0.618477888542084,0.87625898482718,NA,NA,"supported"
"Acanthopagrus_schlegelii","M1","binary",0.764031462941472,0.618477888542084,0.87625898482718,NA,NA,"supported"
"Pagrus_major","M1","binary",0.764031462941472,0.618477888542084,0.87625898482718,NA,NA,"supported"
"Pagrus_pagrus","M1","binary",0.764031462941472,0.618477888542084,0.87625898482718,NA,NA,"supported"
"Rhabdosargus_sarba","M1","binary",0.764031462941472,0.618477888542084,0.87625898482718,NA,NA,"supported"
"Sparus_aurata","M1","binary",0.764031462941472,0.618477888542084,0.87625898482718,NA,NA,"supported"
"Nelusetta_ayraud","M1","binary",0.676958442908709,0.431304889991538,0.866860286603995,NA,NA,"supported"
"Lateolabrax_japonicus","M1","binary",0.837593041732999,0.762384066638168,0.898510435999383,NA,NA,"supported"
"Lateolabrax_maculatus","M1","binary",0.837593041732999,0.762384066638168,0.898510435999383,NA,NA,"supported"
"Pempheris_klunzingeri","M1","binary",0.837593041732999,0.762384066638168,0.898510435999383,NA,NA,"supported"
"Micropterus_dolomieu","M1","binary",0.766144193986693,0.588129268636184,0.893926493271045,NA,NA,"supported"
"Micropterus_salmoides","M1","binary",0.766144193986693,0.588129268636184,0.893926493271045,NA,NA,"supported"
"Enoplosus_armatus","M1","binary",0.866388307714592,0.773695523040334,0.932899472244214,NA,NA,"supported"
"Oplegnathus_fasciatus","M1","binary",0.837593041732999,0.762384066638168,0.898510435999383,NA,NA,"supported"
"Oplegnathus_punctatus","M1","binary",0.837593041732999,0.762384066638168,0.898510435999383,NA,NA,"supported"
"Maccullochella_peelii","M1","binary",0.717186918555378,0.556211407069667,0.845589975644918,NA,NA,"supported"
"Siniperca_chuatsi","M1","binary",0.881172289850439,0.770120094243265,0.951354516288548,NA,NA,"supported"
"Siniperca_scherzeri","M1","binary",0.837593041732999,0.762384066638168,0.898510435999383,NA,NA,"supported"
"Scortum_barcoo","M1","binary",0.866388307714592,0.773695523040334,0.932899472244214,NA,NA,"supported"
"Anarhichas_minor","M1","binary",0.786054192711924,0.587744663884899,0.917966485839305,NA,NA,"supported"
"Anarrhichthys_ocellatus","M1","binary",0.786054192711924,0.587744663884899,0.917966485839305,NA,NA,"supported"
"Anoplopoma_fimbria","M1","binary",0.62402908030224,0.384341266820724,0.82321986275662,NA,NA,"supported"
"Pogonophryne_albipinna","M1","binary",0.764031462941472,0.618477888542084,0.87625898482718,NA,NA,"supported"
"Gymnodraco_acuticeps","M1","binary",0.764031462941472,0.618477888542084,0.87625898482718,NA,NA,"supported"
"Cottoperca_gobio","M1","binary",0.837593041732999,0.762384066638168,0.898510435999383,NA,NA,"supported"
"Cebidichthys_violaceus","M1","binary",0.717186918555378,0.556211407069667,0.845589975644918,NA,NA,"supported"
"Chaenocephalus_aceratus","M1","binary",0.764031462941472,0.618477888542084,0.87625898482718,NA,NA,"supported"
"Champsocephalus_esox","M1","binary",0.764031462941472,0.618477888542084,0.87625898482718,NA,NA,"supported"
"Champsocephalus_gunnari","M1","binary",0.764031462941472,0.618477888542084,0.87625898482718,NA,NA,"supported"
"Pseudochaenichthys_georgianus","M1","binary",0.764031462941472,0.618477888542084,0.87625898482718,NA,NA,"supported"
"Clinocottus_analis","M1","binary",0.815056821120349,0.556459404041047,0.955301324403524,NA,NA,"missing_input_extrapolation"
"Taurulus_bubalis","M1","binary",0.764031462941472,0.618477888542084,0.87625898482718,NA,NA,"supported"
"Cyclopterus_lumpus","M1","binary",0.837593041732999,0.762384066638168,0.898510435999383,NA,NA,"supported"
"Eleginops_maclovinus","M1","binary",0.717186918555378,0.556211407069667,0.845589975644918,NA,NA,"supported"
"Cromileptes_altivelis","M1","binary",0.866388307714592,0.773695523040334,0.932899472244214,NA,NA,"supported"
"Epinephelus_bruneus","M1","binary",0.837593041732999,0.762384066638168,0.898510435999383,NA,NA,"supported"
"Epinephelus_coioides","M1","binary",0.837593041732999,0.762384066638168,0.898510435999383,NA,NA,"supported"
"Epinephelus_fuscoguttatus","M1","binary",0.837593041732999,0.762384066638168,0.898510435999383,NA,NA,"supported"
"Epinephelus_lanceolatus","M1","binary",0.837593041732999,0.762384066638168,0.898510435999383,NA,NA,"supported"
"Epinephelus_malabaricus","M1","binary",0.837593041732999,0.762384066638168,0.898510435999383,NA,NA,"supported"
"Epinephelus_multinotatus","M1","binary",0.837593041732999,0.762384066638168,0.898510435999383,NA,NA,"supported"
"Plectropomus_leopardus","M1","binary",0.866388307714592,0.773695523040334,0.932899472244214,NA,NA,"supported"
"Gasterosteus_aculeatus","M1","binary",0.4265027407399,0.235604754220938,0.639177412872493,NA,NA,"supported"
"Pungitius_pungitius","M1","binary",0.486382029472901,0.275687917911282,0.702934628298918,NA,NA,"supported"
"Pungitius_sinensis","M1","binary",0.486382029472901,0.275687917911282,0.702934628298918,NA,NA,"supported"
"Dissostichus_eleginoides","M1","binary",0.764031462941472,0.618477888542084,0.87625898482718,NA,NA,"supported"
"Dissostichus_mawsoni","M1","binary",0.764031462941472,0.618477888542084,0.87625898482718,NA,NA,"supported"
"Notothenia_rossii","M1","binary",0.764031462941472,0.618477888542084,0.87625898482718,NA,NA,"supported"
"Pagothenia_borchgrevinki","M1","binary",0.764031462941472,0.618477888542084,0.87625898482718,NA,NA,"supported"
"Trematomus_bernacchii","M1","binary",0.764031462941472,0.618477888542084,0.87625898482718,NA,NA,"supported"
"Etheostoma_cragini","M1","binary",0.4265027407399,0.235604754220938,0.639177412872493,NA,NA,"supported"
"Perca_flavescens","M1","binary",0.717186918555378,0.556211407069667,0.845589975644918,NA,NA,"supported"
"Perca_fluviatilis","M1","binary",0.717186918555378,0.556211407069667,0.845589975644918,NA,NA,"supported"
"Sander_lucioperca","M1","binary",0.717186918555378,0.556211407069667,0.845589975644918,NA,NA,"supported"
"Sander_vitreus","M1","binary",0.717186918555378,0.556211407069667,0.845589975644918,NA,NA,"supported"
"Pholis_gunnellus","M1","binary",0.786054192711924,0.587744663884899,0.917966485839305,NA,NA,"supported"
"Sebastes_fasciatus","M1","binary",0.866388307714592,0.773695523040334,0.932899472244214,NA,NA,"supported"
"Sebastes_schlegelii","M1","binary",0.837593041732999,0.762384066638168,0.898510435999383,NA,NA,"supported"
"Sebastes_umbrosus","M1","binary",0.837593041732999,0.762384066638168,0.898510435999383,NA,NA,"supported"
"Centropristis_striata","M1","binary",0.866388307714592,0.773695523040334,0.932899472244214,NA,NA,"supported"
"Echiichthys_vipera","M1","binary",0.837593041732999,0.762384066638168,0.898510435999383,NA,NA,"supported"
"Eutrigla_gurnardus","M1","binary",0.764031462941472,0.618477888542084,0.87625898482718,NA,NA,"supported"
"Lycodes_pacificus","M1","binary",0.786054192711924,0.587744663884899,0.917966485839305,NA,NA,"supported"
"Melanostigma_gelatinosum","M1","binary",0.786054192711924,0.587744663884899,0.917966485839305,NA,NA,"supported"
"Zoarces_viviparus","M1","binary",0.786054192711924,0.587744663884899,0.917966485839305,NA,NA,"supported"
"Erpetoichthys_calabaricus","M1","joint_bb",0.458485521934313,0.286518245398157,0.63942497039018,0.0600644553854454,1,"missing_input_extrapolation"
"Polypterus_senegalus","M1","joint_bb",0.458485521934313,0.286518245398157,0.63942497039018,0.0598976954391535,1,"missing_input_extrapolation"
"Acipenser_oxyrinchus","M1","joint_bb",0.44998329029814,0.278330398248425,0.630445945088789,0.0558587665255397,1,"missing_input_extrapolation"
"Acipenser_ruthenus","M1","joint_bb",0.44998329029814,0.278330398248425,0.630445945088789,0.0587832331983722,1,"missing_input_extrapolation"
"Acipenser_sinensis","M1","joint_bb",0.44998329029814,0.278330398248425,0.630445945088789,0.0533381628721619,1,"missing_input_extrapolation"
"Huso_huso","M1","joint_bb",0.44998329029814,0.278330398248425,0.630445945088789,0.0548319173206531,1,"missing_input_extrapolation"
"Polyodon_spathula","M1","joint_bb",0.44998329029814,0.278330398248425,0.630445945088789,0.0620600010876401,1,"missing_input_extrapolation"
"Amia_ocellicauda","M1","joint_bb",0.44998329029814,0.278330398248425,0.630445945088789,0.0517487328385395,1,"missing_input_extrapolation"
"Atractosteus_spatula","M1","joint_bb",0.44998329029814,0.278330398248425,0.630445945088789,0.0536943248768275,1,"missing_input_extrapolation"
"Lepisosteus_oculatus","M1","joint_bb",0.44998329029814,0.278330398248425,0.630445945088789,0.0607314014121258,1,"missing_input_extrapolation"
"Megalops_atlanticus","M1","joint_bb",0.493582333707517,0.320184029927212,0.67317885090802,0.0787250845168141,1,"missing_input_extrapolation"
"Megalops_cyprinoides","M1","joint_bb",0.493582333707517,0.320184029927212,0.67317885090802,0.0802391538773635,1,"missing_input_extrapolation"
"Albula_glossodonta","M1","joint_bb",0.44998329029814,0.278330398248425,0.630445945088789,0.0565840222442457,1,"missing_input_extrapolation"
"Albula_goreensis","M1","joint_bb",0.44998329029814,0.278330398248425,0.630445945088789,0.0599971322865451,1,"missing_input_extrapolation"
"Aldrovandia_affinis","M1","joint_bb",0.44998329029814,0.278330398248425,0.630445945088789,0.055472545655385,1,"missing_input_extrapolation"
"Anguilla_anguilla","M1","joint_bb",0.44998329029814,0.278330398248425,0.630445945088789,0.0616953650969898,1,"missing_input_extrapolation"
"Anguilla_japonica","M1","joint_bb",0.44998329029814,0.278330398248425,0.630445945088789,0.0545397367194668,1,"missing_input_extrapolation"
"Anguilla_rostrata","M1","joint_bb",0.44998329029814,0.278330398248425,0.630445945088789,0.0539904605094176,1,"missing_input_extrapolation"
"Conger_conger","M1","joint_bb",0.44998329029814,0.278330398248425,0.630445945088789,0.0546193963231352,1,"missing_input_extrapolation"
"Gymnothorax_javanicus","M1","joint_bb",0.44998329029814,0.278330398248425,0.630445945088789,0.0560942621901296,1,"missing_input_extrapolation"
"Synaphobranchus_kaupii","M1","joint_bb",0.44998329029814,0.278330398248425,0.630445945088789,0.0562037788453473,1,"missing_input_extrapolation"
"Arapaima_gigas","M1","joint_bb",0.44998329029814,0.278330398248425,0.630445945088789,0.0577313116418907,1,"missing_input_extrapolation"
"Brienomyrus_brachyistius","M1","joint_bb",0.44998329029814,0.278330398248425,0.630445945088789,0.0574123074310885,1,"missing_input_extrapolation"
"Paramormyrops_kingsleyae","M1","joint_bb",0.660452618177545,0.422379519353535,0.842046645499618,0.163432227379134,1,"missing_input_extrapolation"
"Scleropages_formosus","M1","joint_bb",0.493582333707517,0.320184029927212,0.67317885090802,0.0814620707258835,1,"missing_input_extrapolation"
"Hiodon_alosoides","M1","joint_bb",0.44998329029814,0.278330398248425,0.630445945088789,0.0553028333933746,1,"missing_input_extrapolation"
"Alosa_alosa","M1","joint_bb",0.44998329029814,0.278330398248425,0.630445945088789,0.0572010738025831,1,"missing_input_extrapolation"
"Alosa_pseudoharengus","M1","joint_bb",0.44998329029814,0.278330398248425,0.630445945088789,0.0557695825588241,1,"missing_input_extrapolation"
"Alosa_sapidissima","M1","joint_bb",0.44998329029814,0.278330398248425,0.630445945088789,0.054377648634451,1,"missing_input_extrapolation"
"Sardina_pilchardus","M1","joint_bb",0.44998329029814,0.278330398248425,0.630445945088789,0.0550667527122029,1,"missing_input_extrapolation"
"Clupea_harengus","M1","joint_bb",0.44998329029814,0.278330398248425,0.630445945088789,0.0532182348789136,1,"missing_input_extrapolation"
"Sprattus_sprattus","M1","joint_bb",0.44998329029814,0.278330398248425,0.630445945088789,0.053234235647886,1,"missing_input_extrapolation"
"Denticeps_clupeoides","M1","joint_bb",0.44998329029814,0.278330398248425,0.630445945088789,0.0548756937859256,1,"missing_input_extrapolation"
"Coilia_grayii","M1","joint_bb",0.44998329029814,0.278330398248425,0.630445945088789,0.0494294274876166,1,"missing_input_extrapolation"
"Coilia_mystus","M1","joint_bb",0.660452618177545,0.422379519353535,0.842046645499618,0.167969682796166,1,"missing_input_extrapolation"
"Engraulis_encrasicolus","M1","joint_bb",0.44998329029814,0.278330398248425,0.630445945088789,0.05969408507471,1,"missing_input_extrapolation"
"Chanos_chanos","M1","joint_bb",0.44998329029814,0.278330398248425,0.630445945088789,0.0577338706297178,1,"missing_input_extrapolation"
"Myxocyprinus_asiaticus","M1","joint_bb",0.44998329029814,0.278330398248425,0.630445945088789,0.0513170864073305,1,"missing_input_extrapolation"
"Xyrauchen_texanus","M1","joint_bb",0.44998329029814,0.278330398248425,0.630445945088789,0.0563824961278894,1,"missing_input_extrapolation"
"Misgurnus_anguillicaudatus","M1","joint_bb",0.44998329029814,0.278330398248425,0.630445945088789,0.0578440803268754,1,"missing_input_extrapolation"
"Paramisgurnus_dabryanus","M1","joint_bb",0.44998329029814,0.278330398248425,0.630445945088789,0.0592070647172794,1,"missing_input_extrapolation"
"Abramis_brama","M1","joint_bb",0.44998329029814,0.278330398248425,0.630445945088789,0.0524139304559164,1,"missing_input_extrapolation"
"Barbus_barbus","M1","joint_bb",0.44998329029814,0.278330398248425,0.630445945088789,0.0580517001237088,1,"missing_input_extrapolation"
"Carassius_auratus","M1","joint_bb",0.44998329029814,0.278330398248425,0.630445945088789,0.05684649771542,1,"missing_input_extrapolation"
"Carassius_carassius","M1","joint_bb",0.44998329029814,0.278330398248425,0.630445945088789,0.0534395927917821,1,"missing_input_extrapolation"
"Carassius_gibelio","M1","joint_bb",0.44998329029814,0.278330398248425,0.630445945088789,0.0541747595991096,1,"missing_input_extrapolation"
"Chanodichthys_erythropterus","M1","joint_bb",0.44998329029814,0.278330398248425,0.630445945088789,0.0537589919145782,1,"missing_input_extrapolation"
"Cirrhinus_molitorella","M1","joint_bb",0.44998329029814,0.278330398248425,0.630445945088789,0.0548467938203743,1,"missing_input_extrapolation"
"Ctenopharyngodon_idella","M1","joint_bb",0.44998329029814,0.278330398248425,0.630445945088789,0.0565426634742818,1,"missing_input_extrapolation"
"Culter_alburnus","M1","joint_bb",0.44998329029814,0.278330398248425,0.630445945088789,0.0525814510885468,1,"missing_input_extrapolation"
"Cyprinella_venusta","M1","joint_bb",0.458485521934313,0.286518245398157,0.63942497039018,0.0626932628449757,1,"missing_input_extrapolation"
"Cyprinus_carpio","M1","joint_bb",0.44998329029814,0.278330398248425,0.630445945088789,0.0544743770826932,1,"missing_input_extrapolation"
"Danio_aesculapii","M1","joint_bb",0.44998329029814,0.278330398248425,0.630445945088789,0.0547577559079313,1,"missing_input_extrapolation"
"Danio_rerio","M1","joint_bb",0.44998329029814,0.278330398248425,0.630445945088789,0.0540737440671671,1,"missing_input_extrapolation"
"Garra_rufa","M1","joint_bb",0.44998329029814,0.278330398248425,0.630445945088789,0.0547744384621009,1,"missing_input_extrapolation"
"Hemiculter_leucisculus","M1","joint_bb",0.44998329029814,0.278330398248425,0.630445945088789,0.0533813993542503,1,"missing_input_extrapolation"
"Labeo_rohita","M1","joint_bb",0.660452618177545,0.422379519353535,0.842046645499618,0.171952939304614,1,"missing_input_extrapolation"
"Leuciscus_chuanchicus","M1","joint_bb",0.44998329029814,0.278330398248425,0.630445945088789,0.0580447071207747,1,"missing_input_extrapolation"
"Leuciscus_leuciscus","M1","joint_bb",0.44998329029814,0.278330398248425,0.630445945088789,0.0532579577558003,1,"missing_input_extrapolation"
"Leuciscus_waleckii","M1","joint_bb",0.44998329029814,0.278330398248425,0.630445945088789,0.055785879396593,1,"missing_input_extrapolation"
"Megalobrama_amblycephala","M1","joint_bb",0.44998329029814,0.278330398248425,0.630445945088789,0.0552825727871149,1,"missing_input_extrapolation"
"Mylopharyngodon_piceus","M1","joint_bb",0.44998329029814,0.278330398248425,0.630445945088789,0.0564201971952851,1,"missing_input_extrapolation"
"Onychostoma_macrolepis","M1","joint_bb",0.44998329029814,0.278330398248425,0.630445945088789,0.0574047747994187,1,"missing_input_extrapolation"
"Phoxinus_phoxinus","M1","joint_bb",0.44998329029814,0.278330398248425,0.630445945088789,0.0615124434618619,1,"missing_input_extrapolation"
"Pimephales_promelas","M1","joint_bb",0.44998329029814,0.278330398248425,0.630445945088789,0.0574567293686294,1,"missing_input_extrapolation"
"Pseudorasbora_parva","M1","joint_bb",0.44998329029814,0.278330398248425,0.630445945088789,0.0601289166683553,1,"missing_input_extrapolation"
"Puntigrus_tetrazona","M1","joint_bb",0.44998329029814,0.278330398248425,0.630445945088789,0.0546537963542492,1,"missing_input_extrapolation"
"Rutilus_rutilus","M1","joint_bb",0.44998329029814,0.278330398248425,0.630445945088789,0.0545918443822576,1,"missing_input_extrapolation"
"Scardinius_erythrophthalmus","M1","joint_bb",0.44998329029814,0.278330398248425,0.630445945088789,0.0623693836066682,1,"missing_input_extrapolation"
"Sinocyclocheilus_anshuiensis","M1","joint_bb",0.44998329029814,0.278330398248425,0.630445945088789,0.0584642374284794,1,"missing_input_extrapolation"
"Sinocyclocheilus_grahami","M1","joint_bb",0.44998329029814,0.278330398248425,0.630445945088789,0.0569307576431213,1,"missing_input_extrapolation"
"Sinocyclocheilus_rhinocerous","M1","joint_bb",0.44998329029814,0.278330398248425,0.630445945088789,0.0554639631646746,1,"missing_input_extrapolation"
"Siphateles_boraxobius","M1","joint_bb",0.44998329029814,0.278330398248425,0.630445945088789,0.0564992778667094,1,"missing_input_extrapolation"
"Squalius_cephalus","M1","joint_bb",0.44998329029814,0.278330398248425,0.630445945088789,0.0530386269409031,1,"missing_input_extrapolation"
"Gobio_gobio","M1","joint_bb",0.44998329029814,0.278330398248425,0.630445945088789,0.0565642102322688,1,"missing_input_extrapolation"
"Rhinichthys_klamathensis","M1","joint_bb",0.44998329029814,0.278330398248425,0.630445945088789,0.0554787671329632,1,"missing_input_extrapolation"
"Barbatula_barbatula","M1","joint_bb",0.44998329029814,0.278330398248425,0.630445945088789,0.0541823564334204,1,"missing_input_extrapolation"
"Triplophysa_dalaica","M1","joint_bb",0.44998329029814,0.278330398248425,0.630445945088789,0.0559231446660993,1,"missing_input_extrapolation"
"Triplophysa_rosa","M1","joint_bb",0.660452618177545,0.422379519353535,0.842046645499618,0.159333282553036,1,"missing_input_extrapolation"
"Astyanax_lacustris","M1","joint_bb",0.660452618177545,0.422379519353535,0.842046645499618,0.169706373667531,1,"missing_input_extrapolation"
"Astyanax_mexicanus","M1","joint_bb",0.660452618177545,0.422379519353535,0.842046645499618,0.173570123137455,1,"missing_input_extrapolation"
"Salminus_brasiliensis","M1","joint_bb",0.660452618177545,0.422379519353535,0.842046645499618,0.169712633120386,1,"missing_input_extrapolation"
"Hoplias_malabaricus","M1","joint_bb",0.660452618177545,0.422379519353535,0.842046645499618,0.176697820249075,1,"missing_input_extrapolation"
"Prochilodus_magdalenae","M1","joint_bb",0.44998329029814,0.278330398248425,0.630445945088789,0.055792715296807,1,"missing_input_extrapolation"
"Acnodon_oligacanthus","M1","joint_bb",0.660452618177545,0.422379519353535,0.842046645499618,0.167792106283236,1,"missing_input_extrapolation"
"Colossoma_macropomum","M1","joint_bb",0.660452618177545,0.422379519353535,0.842046645499618,0.175513525371555,1,"missing_input_extrapolation"
"Metynnis_hypsauchen","M1","joint_bb",0.660452618177545,0.422379519353535,0.842046645499618,0.169272799111536,1,"missing_input_extrapolation"
"Pygocentrus_nattereri","M1","joint_bb",0.660452618177545,0.422379519353535,0.842046645499618,0.170110886163521,1,"missing_input_extrapolation"
"Serrasalmus_rhombeus","M1","joint_bb",0.660452618177545,0.422379519353535,0.842046645499618,0.169471923500533,1,"missing_input_extrapolation"
"Electrophorus_electricus","M1","joint_bb",0.44998329029814,0.278330398248425,0.630445945088789,0.051495893705887,1,"missing_input_extrapolation"
"Electrophorus_voltai","M1","joint_bb",0.660452618177545,0.422379519353535,0.842046645499618,0.173372421772762,1,"missing_input_extrapolation"
"Brachyhypopomus_gauderio","M1","joint_bb",0.660452618177545,0.422379519353535,0.842046645499618,0.173182414670943,1,"missing_input_extrapolation"
"Neoarius_graeffei","M1","joint_bb",0.660452618177545,0.422379519353535,0.842046645499618,0.171275085026602,1,"missing_input_extrapolation"
"Hemibagrus_guttatus","M1","joint_bb",0.44998329029814,0.278330398248425,0.630445945088789,0.0562519697044636,1,"missing_input_extrapolation"
"Hemibagrus_wyckioides","M1","joint_bb",0.44998329029814,0.278330398248425,0.630445945088789,0.053767765130734,1,"missing_input_extrapolation"
"Tachysurus_fulvidraco","M1","joint_bb",0.660452618177545,0.422379519353535,0.842046645499618,0.170059308250036,1,"missing_input_extrapolation"
"Tachysurus_vachellii","M1","joint_bb",0.660452618177545,0.422379519353535,0.842046645499618,0.16308070702149,1,"missing_input_extrapolation"
"Clarias_gariepinus","M1","joint_bb",0.660452618177545,0.422379519353535,0.842046645499618,0.169891168192842,1,"missing_input_extrapolation"
"Clarias_magur","M1","joint_bb",0.660452618177545,0.422379519353535,0.842046645499618,0.174277672968361,1,"missing_input_extrapolation"
"Ictalurus_furcatus","M1","joint_bb",0.660452618177545,0.422379519353535,0.842046645499618,0.172750680496959,1,"missing_input_extrapolation"
"Ictalurus_punctatus","M1","joint_bb",0.44998329029814,0.278330398248425,0.630445945088789,0.0570000566509576,1,"missing_input_extrapolation"
"Pangasianodon_gigas","M1","joint_bb",0.660452618177545,0.422379519353535,0.842046645499618,0.160101528385331,1,"missing_input_extrapolation"
"Pangasianodon_hypophthalmus","M1","joint_bb",0.660452618177545,0.422379519353535,0.842046645499618,0.168670938295228,1,"missing_input_extrapolation"
"Silurus_aristotelis","M1","joint_bb",0.660452618177545,0.422379519353535,0.842046645499618,0.171447094590533,1,"missing_input_extrapolation"
"Silurus_asotus","M1","joint_bb",0.660452618177545,0.422379519353535,0.842046645499618,0.167280140871197,1,"missing_input_extrapolation"
"Silurus_meridionalis","M1","joint_bb",0.660452618177545,0.422379519353535,0.842046645499618,0.169685153913434,1,"missing_input_extrapolation"
"Trichomycterus_rosablanca","M1","joint_bb",0.660452618177545,0.422379519353535,0.842046645499618,0.166616429737562,1,"missing_input_extrapolation"
"Nansenia_antarctica","M1","joint_bb",0.44998329029814,0.278330398248425,0.630445945088789,0.0558289542943029,1,"missing_input_extrapolation"
"Galaxias_brevipinnis","M1","joint_bb",0.726430157915414,0.548726026376268,0.863045861945061,0.262258055887758,1,"missing_input_extrapolation"
"Coregonus_albula","M1","joint_bb",0.458485521934313,0.286518245398157,0.63942497039018,0.0604011238105453,1,"missing_input_extrapolation"
"Coregonus_clupeaformis","M1","joint_bb",0.458485521934313,0.286518245398157,0.63942497039018,0.062754342740647,1,"missing_input_extrapolation"
"Coregonus_lavaretus","M1","joint_bb",0.458485521934313,0.286518245398157,0.63942497039018,0.0615721896906081,1,"missing_input_extrapolation"
"Coregonus_suidteri","M1","joint_bb",0.458485521934313,0.286518245398157,0.63942497039018,0.063613211912076,1,"missing_input_extrapolation"
"Oncorhynchus_clarkii","M1","joint_bb",0.458485521934313,0.286518245398157,0.63942497039018,0.0606407869170023,1,"missing_input_extrapolation"
"Oncorhynchus_gorbuscha","M1","joint_bb",0.458485521934313,0.286518245398157,0.63942497039018,0.061014151939704,1,"missing_input_extrapolation"
"Oncorhynchus_keta","M1","joint_bb",0.458485521934313,0.286518245398157,0.63942497039018,0.0598807833479186,1,"missing_input_extrapolation"
"Oncorhynchus_kisutch","M1","joint_bb",0.458485521934313,0.286518245398157,0.63942497039018,0.0623138658577476,1,"missing_input_extrapolation"
"Oncorhynchus_masou","M1","joint_bb",0.458485521934313,0.286518245398157,0.63942497039018,0.0614421958971815,1,"missing_input_extrapolation"
"Oncorhynchus_mykiss","M1","joint_bb",0.458485521934313,0.286518245398157,0.63942497039018,0.0598975937812671,1,"missing_input_extrapolation"
"Oncorhynchus_nerka","M1","joint_bb",0.458485521934313,0.286518245398157,0.63942497039018,0.0569286375961544,1,"missing_input_extrapolation"
"Oncorhynchus_tshawytscha","M1","joint_bb",0.458485521934313,0.286518245398157,0.63942497039018,0.0577646004078996,1,"missing_input_extrapolation"
"Salmo_salar","M1","joint_bb",0.458485521934313,0.286518245398157,0.63942497039018,0.0607472022423342,1,"missing_input_extrapolation"
"Salmo_trutta","M1","joint_bb",0.458485521934313,0.286518245398157,0.63942497039018,0.0593566991691727,1,"missing_input_extrapolation"
"Salvelinus_alpinus","M1","joint_bb",0.458485521934313,0.286518245398157,0.63942497039018,0.0642692514836297,1,"missing_input_extrapolation"
"Salvelinus_fontinalis","M1","joint_bb",0.458485521934313,0.286518245398157,0.63942497039018,0.0626613391793669,1,"missing_input_extrapolation"
"Salvelinus_namaycush","M1","joint_bb",0.458485521934313,0.286518245398157,0.63942497039018,0.0667065908366556,1,"missing_input_extrapolation"
"Dallia_pectoralis","M1","joint_bb",0.458485521934313,0.286518245398157,0.63942497039018,0.0591525059421952,1,"missing_input_extrapolation"
"Esox_lucius","M1","joint_bb",0.458485521934313,0.286518245398157,0.63942497039018,0.0560362426701115,1,"missing_input_extrapolation"
"Umbra_pygmaea","M1","joint_bb",0.458485521934313,0.286518245398157,0.63942497039018,0.0589831944454339,1,"missing_input_extrapolation"
"Hypomesus_nipponensis","M1","joint_bb",0.695257007945026,0.513115326435536,0.841361262409502,0.219376513366193,1,"supported"
"Hypomesus_transpacificus","M1","joint_bb",0.695257007945026,0.513115326435536,0.841361262409502,0.233458131343366,1,"supported"
"Osmerus_eperlanus","M1","joint_bb",0.695257007945026,0.513115326435536,0.841361262409502,0.225345606136793,1,"supported"
"Osmerus_mordax","M1","joint_bb",0.695257007945026,0.513115326435536,0.841361262409502,0.219339611746015,1,"supported"
"Benthosema_glaciale","M1","joint_bb",0.455936050388171,0.264062997718527,0.657558795177817,0.0585184870908591,1,"supported"
"Electrona_antarctica","M1","joint_bb",0.463665895268343,0.31498872142667,0.617971988932901,0.0754784075103163,1,"supported"
"Gymnoscopelus_braueri","M1","joint_bb",0.463665895268343,0.31498872142667,0.617971988932901,0.0702533295699756,1,"supported"
"Gymnoscopelus_microlampas","M1","joint_bb",0.463665895268343,0.31498872142667,0.617971988932901,0.0722701363229455,1,"supported"
"Nannobrachium_achirus","M1","joint_bb",0.463665895268343,0.31498872142667,0.617971988932901,0.0717970359186197,1,"supported"
"Protomyctophum_bolini","M1","joint_bb",0.463665895268343,0.31498872142667,0.617971988932901,0.0724933276848562,1,"supported"
"Protomyctophum_parallelum","M1","joint_bb",0.463665895268343,0.31498872142667,0.617971988932901,0.0690058370805578,1,"supported"
"Polymixia_hollisterae","M1","joint_bb",0.463665895268343,0.31498872142667,0.617971988932901,0.0749238331116235,1,"supported"
"Polymixia_lowei","M1","joint_bb",0.420140018048912,0.273500219120992,0.56953455883344,0.0471827050093357,1,"supported"
"Centroberyx_affinis","M1","joint_bb",0.483351782931754,0.339135508842977,0.633144553869654,0.0809274175079767,1,"supported"
"Centroberyx_gerrardi","M1","joint_bb",0.483351782931754,0.339135508842977,0.633144553869654,0.0803012024648374,1,"supported"
"Poromitra_crassiceps","M1","joint_bb",0.413026805749889,0.24004319715267,0.605973770815769,0.0413610778106093,1,"supported"
"Myripristis_murdjan","M1","joint_bb",0.483351782931754,0.339135508842977,0.633144553869654,0.0809782310164706,1,"supported"
"Lucifuga_dentata","M1","joint_bb",0.458485521934313,0.286518245398157,0.63942497039018,0.0573091039785091,1,"missing_input_extrapolation"
"Genypterus_blacodes","M1","joint_bb",0.420140018048912,0.273500219120992,0.56953455883344,0.0508763531727777,1,"supported"
"Arripis_georgiana","M1","joint_bb",0.757132423894216,0.656767798660873,0.842876063521223,0.320528193430035,1,"supported"
"Katsuwonus_pelamis","M1","joint_bb",0.790472056561204,0.735627431684677,0.8405801257378,0.362660357099612,1,"supported"
"Sarda_sarda","M1","joint_bb",0.743629001464428,0.673814437076909,0.80886778719187,0.31988106951903,1,"supported"
"Scomber_japonicus","M1","joint_bb",0.743629001464428,0.673814437076909,0.80886778719187,0.302666612557164,1,"supported"
"Scomber_scombrus","M1","joint_bb",0.731355637844191,0.556774141704307,0.862827797445294,0.262981483858194,1,"supported"
"Thunnus_alalunga","M1","joint_bb",0.790472056561204,0.735627431684677,0.8405801257378,0.370521019649456,1,"supported"
"Thunnus_albacares","M1","joint_bb",0.790472056561204,0.735627431684677,0.8405801257378,0.373480638944979,1,"supported"
"Thunnus_atlanticus","M1","joint_bb",0.790472056561204,0.735627431684677,0.8405801257378,0.373047584355978,1,"supported"
"Thunnus_maccoyii","M1","joint_bb",0.790472056561204,0.735627431684677,0.8405801257378,0.374800397856455,1,"supported"
"Thunnus_obesus","M1","joint_bb",0.790472056561204,0.735627431684677,0.8405801257378,0.383150449720824,1,"supported"
"Thunnus_orientalis","M1","joint_bb",0.790472056561204,0.735627431684677,0.8405801257378,0.377653888363697,1,"supported"
"Thunnus_thynnus","M1","joint_bb",0.790472056561204,0.735627431684677,0.8405801257378,0.377039309201409,1,"supported"
"Thunnus_tonggol","M1","joint_bb",0.790472056561204,0.735627431684677,0.8405801257378,0.376533401209334,1,"supported"
"Pampus_argenteus","M1","joint_bb",0.743629001464428,0.673814437076909,0.80886778719187,0.314120007062775,1,"supported"
"Pampus_punctatissimus","M1","joint_bb",0.743629001464428,0.673814437076909,0.80886778719187,0.320416154222148,1,"supported"
"Aulostomus_chinensis","M1","joint_bb",0.463665895268343,0.31498872142667,0.617971988932901,0.070255917203308,1,"supported"
"Fistularia_commersonii","M1","joint_bb",0.769719082308928,0.654057248527929,0.861719249032136,0.32382497741299,1,"missing_input_extrapolation"
"Pterapogon_kauderni","M1","joint_bb",0.611259769597802,0.394002392496217,0.805033305570923,0.15297449637393,1,"supported"
"Sphaeramia_orbicularis","M1","joint_bb",0.706950989046852,0.606527134636579,0.797407874832525,0.269257737408806,1,"supported"
"Oxyeleotris_marmorata","M1","joint_bb",0.706950989046852,0.606527134636579,0.797407874832525,0.267603121437447,1,"supported"
"Boleophthalmus_pectinirostris","M1","joint_bb",0.706950989046852,0.606527134636579,0.797407874832525,0.267218994227553,1,"supported"
"Eucyclogobius_newberryi","M1","joint_bb",0.706950989046852,0.606527134636579,0.797407874832525,0.263859130725157,1,"supported"
"Gobius_niger","M1","joint_bb",0.695257007945026,0.513115326435536,0.841361262409502,0.224417063161093,1,"supported"
"Knipowitschia_caucasica","M1","joint_bb",0.706950989046852,0.606527134636579,0.797407874832525,0.268161560449126,1,"supported"
"Mugilogobius_chulae","M1","joint_bb",0.706950989046852,0.606527134636579,0.797407874832525,0.266593929808193,1,"supported"
"Periophthalmus_magnuspinnatus","M1","joint_bb",0.706950989046852,0.606527134636579,0.797407874832525,0.264197299103444,1,"supported"
"Mastacembelus_armatus","M1","joint_bb",0.790472056561204,0.735627431684677,0.8405801257378,0.384162352540328,1,"supported"
"Monopterus_albus","M1","joint_bb",0.790472056561204,0.735627431684677,0.8405801257378,0.360356581382884,1,"supported"
"Anabas_testudineus","M1","joint_bb",0.483351782931754,0.339135508842977,0.633144553869654,0.0781920314515517,1,"supported"
"Channa_argus","M1","joint_bb",0.483351782931754,0.339135508842977,0.633144553869654,0.0824793364696341,1,"supported"
"Channa_striata","M1","joint_bb",0.420140018048912,0.273500219120992,0.56953455883344,0.0542669262522551,1,"supported"
"Betta_splendens","M1","joint_bb",0.413026805749889,0.24004319715267,0.605973770815769,0.0367243551786671,1,"supported"
"Trichopodus_trichopterus","M1","joint_bb",0.420140018048912,0.273500219120992,0.56953455883344,0.0530083290800255,1,"supported"
"Lates_calcarifer","M1","joint_bb",0.769719082308928,0.654057248527929,0.861719249032136,0.339687376032785,1,"missing_input_extrapolation"
"Lates_japonicus","M1","joint_bb",0.743629001464428,0.673814437076909,0.80886778719187,0.328354827055309,1,"supported"
"Eleutheronema_tetradactylum","M1","joint_bb",0.757132423894216,0.656767798660873,0.842876063521223,0.31672705594909,1,"supported"
"Toxotes_jaculatrix","M1","joint_bb",0.790472056561204,0.735627431684677,0.8405801257378,0.38959417526306,1,"supported"
"Xiphias_gladius","M1","joint_bb",0.746089907757147,0.575773105049,0.873360228586197,0.280916086878384,1,"supported"
"Caranx_melampygus","M1","joint_bb",0.743629001464428,0.673814437076909,0.80886778719187,0.301874636959167,1,"supported"
"Seriola_dumerili","M1","joint_bb",0.743629001464428,0.673814437076909,0.80886778719187,0.319434192974472,1,"supported"
"Seriola_lalandi","M1","joint_bb",0.743629001464428,0.673814437076909,0.80886778719187,0.304704752032277,1,"supported"
"Trachinotus_anak","M1","joint_bb",0.790472056561204,0.735627431684677,0.8405801257378,0.39053703077394,1,"supported"
"Trachurus_japonicus","M1","joint_bb",0.743629001464428,0.673814437076909,0.80886778719187,0.321299200742493,1,"supported"
"Trachurus_trachurus","M1","joint_bb",0.743629001464428,0.673814437076909,0.80886778719187,0.311294237436298,1,"supported"
"Echeneis_naucrates","M1","joint_bb",0.743629001464428,0.673814437076909,0.80886778719187,0.31178339223395,1,"supported"
"Paralichthys_olivaceus","M1","joint_bb",0.743629001464428,0.673814437076909,0.80886778719187,0.319733478067144,1,"supported"
"Hippoglossus_hippoglossus","M1","joint_bb",0.743629001464428,0.673814437076909,0.80886778719187,0.31129505381864,1,"supported"
"Hippoglossus_stenolepis","M1","joint_bb",0.743629001464428,0.673814437076909,0.80886778719187,0.31009803967422,1,"supported"
"Limanda_limanda","M1","joint_bb",0.743629001464428,0.673814437076909,0.80886778719187,0.297550367293667,1,"supported"
"Platichthys_flesus","M1","joint_bb",0.743629001464428,0.673814437076909,0.80886778719187,0.315163362203542,1,"supported"
"Platichthys_stellatus","M1","joint_bb",0.743629001464428,0.673814437076909,0.80886778719187,0.311086380648031,1,"supported"
"Pleuronectes_platessa","M1","joint_bb",0.743629001464428,0.673814437076909,0.80886778719187,0.307338796841716,1,"supported"
"Scophthalmus_maximus","M1","joint_bb",0.743629001464428,0.673814437076909,0.80886778719187,0.306615985952715,1,"supported"
"Microchirus_variegatus","M1","joint_bb",0.633304878048116,0.38680476501506,0.830378684418667,0.149126585002477,1,"missing_input_extrapolation"
"Solea_senegalensis","M1","joint_bb",0.633304878048116,0.38680476501506,0.830378684418667,0.150727397218013,1,"missing_input_extrapolation"
"Solea_solea","M1","joint_bb",0.633304878048116,0.38680476501506,0.830378684418667,0.142699501724956,1,"missing_input_extrapolation"
"Parambassis_ranga","M1","joint_bb",0.790472056561204,0.735627431684677,0.8405801257378,0.370165263459642,1,"supported"
"Brachyistius_frenatus","M1","joint_bb",0.706950989046852,0.606527134636579,0.797407874832525,0.26662537074089,1,"supported"
"Embiotoca_jacksoni","M1","joint_bb",0.706950989046852,0.606527134636579,0.797407874832525,0.260938656386277,1,"supported"
"Acanthochromis_polyacanthus","M1","joint_bb",0.706950989046852,0.606527134636579,0.797407874832525,0.278580369401707,1,"supported"
"Amphiprion_ocellaris","M1","joint_bb",0.706950989046852,0.606527134636579,0.797407874832525,0.258395419444229,1,"supported"
"Stegastes_partitus","M1","joint_bb",0.757132423894216,0.656767798660873,0.842876063521223,0.323970799251166,1,"supported"
"Andinoacara_rivulatus","M1","joint_bb",0.790472056561204,0.735627431684677,0.8405801257378,0.374373762945403,1,"supported"
"Archocentrus_centrarchus","M1","joint_bb",0.790472056561204,0.735627431684677,0.8405801257378,0.369894147876076,1,"supported"
"Astatotilapia_burtoni","M1","joint_bb",0.790472056561204,0.735627431684677,0.8405801257378,0.376461229959753,1,"supported"
"Astatotilapia_calliptera","M1","joint_bb",0.790472056561204,0.735627431684677,0.8405801257378,0.373041918078678,1,"supported"
"Astronotus_ocellatus","M1","joint_bb",0.790472056561204,0.735627431684677,0.8405801257378,0.36722866584381,1,"supported"
"Aulonocara_stuartgranti","M1","joint_bb",0.790472056561204,0.735627431684677,0.8405801257378,0.375023561080305,1,"supported"
"Copadichromis_virginalis","M1","joint_bb",0.790472056561204,0.735627431684677,0.8405801257378,0.367860320131667,1,"supported"
"Diplotaxodon_limnothrissa","M1","joint_bb",0.790472056561204,0.735627431684677,0.8405801257378,0.363713002153446,1,"supported"
"Haplochromis_nyererei","M1","joint_bb",0.790472056561204,0.735627431684677,0.8405801257378,0.37231655112809,1,"supported"
"Maylandia_zebra","M1","joint_bb",0.790472056561204,0.735627431684677,0.8405801257378,0.371036304559115,1,"supported"
"Mchenga_conophoros","M1","joint_bb",0.790472056561204,0.735627431684677,0.8405801257378,0.375312066906793,1,"supported"
"Neolamprologus_brichardi","M1","joint_bb",0.790472056561204,0.735627431684677,0.8405801257378,0.37289962760007,1,"supported"
"Neolamprologus_multifasciatus","M1","joint_bb",0.790472056561204,0.735627431684677,0.8405801257378,0.370616831818582,1,"supported"
"Oreochromis_aureus","M1","joint_bb",0.790472056561204,0.735627431684677,0.8405801257378,0.37962942944655,1,"supported"
"Oreochromis_niloticus","M1","joint_bb",0.790472056561204,0.735627431684677,0.8405801257378,0.376904471526193,1,"supported"
"Pelmatolapia_mariae","M1","joint_bb",0.790472056561204,0.735627431684677,0.8405801257378,0.37880779000035,1,"supported"
"Perissodus_microlepis","M1","joint_bb",0.790472056561204,0.735627431684677,0.8405801257378,0.377130139356378,1,"supported"
"Pterophyllum_scalare","M1","joint_bb",0.790472056561204,0.735627431684677,0.8405801257378,0.373748178228767,1,"supported"
"Rhamphochromis_longiceps","M1","joint_bb",0.790472056561204,0.735627431684677,0.8405801257378,0.383365197430357,1,"supported"
"Sarotherodon_galilaeus","M1","joint_bb",0.790472056561204,0.735627431684677,0.8405801257378,0.369828831572395,1,"supported"
"Simochromis_diagramma","M1","joint_bb",0.790472056561204,0.735627431684677,0.8405801257378,0.37466371705935,1,"supported"
"Leuresthes_tenuis","M1","joint_bb",0.726430157915414,0.548726026376268,0.863045861945061,0.259453149670948,1,"missing_input_extrapolation"
"Menidia_menidia","M1","joint_bb",0.483351782931754,0.339135508842977,0.633144553869654,0.0864054432024208,1,"supported"
"Odontesthes_bonariensis","M1","joint_bb",0.44998329029814,0.278330398248425,0.630445945088789,0.0599379016071481,1,"missing_input_extrapolation"
"Melanotaenia_boesemani","M1","joint_bb",0.483351782931754,0.339135508842977,0.633144553869654,0.0828503823553167,1,"supported"
"Telmatherina_bonti","M1","joint_bb",0.483351782931754,0.339135508842977,0.633144553869654,0.0794011980770383,1,"supported"
"Oryzias_javanicus","M1","joint_bb",0.420140018048912,0.273500219120992,0.56953455883344,0.0476461782539936,1,"supported"
"Oryzias_latipes","M1","joint_bb",0.458485521934313,0.286518245398157,0.63942497039018,0.0607809921335181,1,"missing_input_extrapolation"
"Oryzias_melastigma","M1","joint_bb",0.420140018048912,0.273500219120992,0.56953455883344,0.0503026081851184,1,"supported"
"Xenentodon_cancila","M1","joint_bb",0.706950989046852,0.606527134636579,0.797407874832525,0.260729333613819,1,"supported"
"Cololabis_saira","M1","joint_bb",0.695257007945026,0.513115326435536,0.841361262409502,0.235983370312985,1,"supported"
"Anableps_anableps","M1","joint_bb",0.463665895268343,0.31498872142667,0.617971988932901,0.0691045248905097,1,"supported"
"Cyprinodon_tularosa","M1","joint_bb",0.527641828205402,0.394301179621737,0.660933816543815,0.113778958750382,1,"supported"
"Cyprinodon_variegatus","M1","joint_bb",0.527641828205402,0.394301179621737,0.660933816543815,0.115022092509363,1,"supported"
"Fundulus_diaphanus","M1","joint_bb",0.527641828205402,0.394301179621737,0.660933816543815,0.109382072863995,1,"supported"
"Fundulus_heteroclitus","M1","joint_bb",0.527641828205402,0.394301179621737,0.660933816543815,0.113909944920621,1,"supported"
"Ameca_splendens","M1","joint_bb",0.527641828205402,0.394301179621737,0.660933816543815,0.120667648375866,1,"supported"
"Crenichthys_baileyi","M1","joint_bb",0.527641828205402,0.394301179621737,0.660933816543815,0.116851598259953,1,"supported"
"Girardinichthys_multiradiatus","M1","joint_bb",0.743629001464428,0.673814437076909,0.80886778719187,0.309503116287508,1,"supported"
"Nothobranchius_furzeri","M1","joint_bb",0.706950989046852,0.606527134636579,0.797407874832525,0.264893537298946,1,"supported"
"Nothobranchius_kadleci","M1","joint_bb",0.706950989046852,0.606527134636579,0.797407874832525,0.262746837958149,1,"supported"
"Nothobranchius_pienaari","M1","joint_bb",0.706950989046852,0.606527134636579,0.797407874832525,0.262103942258844,1,"supported"
"Nothobranchius_rachovii","M1","joint_bb",0.706950989046852,0.606527134636579,0.797407874832525,0.26262877815956,1,"supported"
"Gambusia_affinis","M1","joint_bb",0.527641828205402,0.394301179621737,0.660933816543815,0.114272361733279,1,"supported"
"Gambusia_holbrooki","M1","joint_bb",0.527641828205402,0.394301179621737,0.660933816543815,0.112083029631028,1,"supported"
"Poecilia_formosa","M1","joint_bb",0.527641828205402,0.394301179621737,0.660933816543815,0.112314500472954,1,"supported"
"Poecilia_latipinna","M1","joint_bb",0.527641828205402,0.394301179621737,0.660933816543815,0.113731932562587,1,"supported"
"Poecilia_mexicana","M1","joint_bb",0.527641828205402,0.394301179621737,0.660933816543815,0.112221922766607,1,"supported"
"Poecilia_reticulata","M1","joint_bb",0.527641828205402,0.394301179621737,0.660933816543815,0.112941927997692,1,"supported"
"Poeciliopsis_prolifica","M1","joint_bb",0.463665895268343,0.31498872142667,0.617971988932901,0.0693518492660111,1,"supported"
"Poropanchax_normani","M1","joint_bb",0.527641828205402,0.394301179621737,0.660933816543815,0.110757593698743,1,"supported"
"Xiphophorus_couchianus","M1","joint_bb",0.527641828205402,0.394301179621737,0.660933816543815,0.11231218781771,1,"supported"
"Xiphophorus_hellerii","M1","joint_bb",0.527641828205402,0.394301179621737,0.660933816543815,0.110818148041282,1,"supported"
"Xiphophorus_maculatus","M1","joint_bb",0.527641828205402,0.394301179621737,0.660933816543815,0.112521342012741,1,"supported"
"Austrofundulus_limnaeus","M1","joint_bb",0.869746188731793,0.668783915752886,0.967799255202932,0.433810040166351,1,"missing_input_extrapolation"
"Kryptolebias_marmoratus","M1","joint_bb",0.757132423894216,0.656767798660873,0.842876063521223,0.317087685967144,1,"supported"
"Nematolebias_whitei","M1","joint_bb",0.483351782931754,0.339135508842977,0.633144553869654,0.0868753263432512,1,"supported"
"Chelon_labrosus","M1","joint_bb",0.779114177863979,0.630750263047075,0.884776853299493,0.33752722963619,1,"supported"
"Mugil_cephalus","M1","joint_bb",0.779114177863979,0.630750263047075,0.884776853299493,0.339547096970424,1,"supported"
"Planiliza_haematocheilus","M1","joint_bb",0.779114177863979,0.630750263047075,0.884776853299493,0.332353435471514,1,"supported"
"Gouania_willdenowi","M1","joint_bb",0.757132423894216,0.656767798660873,0.842876063521223,0.321065083895182,1,"supported"
"Blennius_ocellaris","M1","joint_bb",0.706950989046852,0.606527134636579,0.797407874832525,0.258902744895142,1,"supported"
"Lipophrys_pholis","M1","joint_bb",0.706950989046852,0.606527134636579,0.797407874832525,0.27053556813402,1,"supported"
"Ophioblennius_macclurei","M1","joint_bb",0.706950989046852,0.606527134636579,0.797407874832525,0.275528483915431,1,"supported"
"Salarias_fasciatus","M1","joint_bb",0.840582808101367,0.655598803467685,0.945489872783688,0.382117865546305,1,"missing_input_extrapolation"
"Cristiceps_australis","M1","joint_bb",0.706950989046852,0.606527134636579,0.797407874832525,0.262488677612054,1,"supported"
"Dicentrarchus_labrax","M1","joint_bb",0.463665895268343,0.31498872142667,0.617971988932901,0.0727099327090222,1,"supported"
"Morone_saxatilis","M1","joint_bb",0.463665895268343,0.31498872142667,0.617971988932901,0.0638488953649169,1,"supported"
"Scatophagus_argus","M1","joint_bb",0.790472056561204,0.735627431684677,0.8405801257378,0.377844333771789,1,"supported"
"Collichthys_lucidus","M1","joint_bb",0.743629001464428,0.673814437076909,0.80886778719187,0.310557085225831,1,"supported"
"Larimichthys_crocea","M1","joint_bb",0.743629001464428,0.673814437076909,0.80886778719187,0.316060835551486,1,"supported"
"Nibea_albiflora","M1","joint_bb",0.743629001464428,0.673814437076909,0.80886778719187,0.322366638533823,1,"supported"
"Sciaenops_ocellatus","M1","joint_bb",0.743629001464428,0.673814437076909,0.80886778719187,0.319732532684937,1,"supported"
"Siganus_canaliculatus","M1","joint_bb",0.475072598661349,0.294297056972297,0.65968660044963,0.0656072724371726,1,"supported"
"Ammodytes_marinus","M1","joint_bb",0.695257007945026,0.513115326435536,0.841361262409502,0.226833034135426,1,"supported"
"Cheilinus_undulatus","M1","joint_bb",0.475072598661349,0.294297056972297,0.65968660044963,0.0669439078451596,1,"supported"
"Halichoeres_trimaculatus","M1","joint_bb",0.695257007945026,0.513115326435536,0.841361262409502,0.228824884539736,1,"supported"
"Notolabrus_celidotus","M1","joint_bb",0.706950989046852,0.606527134636579,0.797407874832525,0.26329602368731,1,"supported"
"Semicossyphus_pulcher","M1","joint_bb",0.706950989046852,0.606527134636579,0.797407874832525,0.260274779523379,1,"supported"
"Thalassoma_bifasciatum","M1","joint_bb",0.706950989046852,0.606527134636579,0.797407874832525,0.251986707349279,1,"supported"
"Xyrichtys_novacula","M1","joint_bb",0.757132423894216,0.656767798660873,0.842876063521223,0.330186770349912,1,"supported"
"Platax_orbicularis","M1","joint_bb",0.743629001464428,0.673814437076909,0.80886778719187,0.31940220589805,1,"supported"
"Chaetodon_auriga","M1","joint_bb",0.527641828205402,0.394301179621737,0.660933816543815,0.121659583423965,1,"supported"
"Chaetodon_trifascialis","M1","joint_bb",0.790472056561204,0.735627431684677,0.8405801257378,0.375037815104784,1,"supported"
"Chelmon_rostratus","M1","joint_bb",0.790472056561204,0.735627431684677,0.8405801257378,0.370920255720746,1,"supported"
"Caesio_teres","M1","joint_bb",0.743629001464428,0.673814437076909,0.80886778719187,0.315866795928305,1,"supported"
"Lutjanus_erythropterus","M1","joint_bb",0.743629001464428,0.673814437076909,0.80886778719187,0.314367922732878,1,"supported"
"Pristipomoides_typus","M1","joint_bb",0.790472056561204,0.735627431684677,0.8405801257378,0.377249468368195,1,"supported"
"Symphorus_nematophorus","M1","joint_bb",0.731355637844191,0.556774141704307,0.862827797445294,0.266968451658141,1,"supported"
"Lethrinus_nebulosus","M1","joint_bb",0.743629001464428,0.673814437076909,0.80886778719187,0.307671077330743,1,"supported"
"Acanthopagrus_latus","M1","joint_bb",0.706950989046852,0.606527134636579,0.797407874832525,0.255304401766955,1,"supported"
"Acanthopagrus_schlegelii","M1","joint_bb",0.706950989046852,0.606527134636579,0.797407874832525,0.270649615061798,1,"supported"
"Pagrus_major","M1","joint_bb",0.706950989046852,0.606527134636579,0.797407874832525,0.271264644463813,1,"supported"
"Pagrus_pagrus","M1","joint_bb",0.706950989046852,0.606527134636579,0.797407874832525,0.259027249053,1,"supported"
"Rhabdosargus_sarba","M1","joint_bb",0.706950989046852,0.606527134636579,0.797407874832525,0.262744207716588,1,"supported"
"Sparus_aurata","M1","joint_bb",0.706950989046852,0.606527134636579,0.797407874832525,0.266494745640764,1,"supported"
"Nelusetta_ayraud","M1","joint_bb",0.695257007945026,0.513115326435536,0.841361262409502,0.227048341642131,1,"supported"
"Lateolabrax_japonicus","M1","joint_bb",0.790472056561204,0.735627431684677,0.8405801257378,0.382433937063346,1,"supported"
"Lateolabrax_maculatus","M1","joint_bb",0.790472056561204,0.735627431684677,0.8405801257378,0.37520338902599,1,"supported"
"Pempheris_klunzingeri","M1","joint_bb",0.790472056561204,0.735627431684677,0.8405801257378,0.376221942796368,1,"supported"
"Micropterus_dolomieu","M1","joint_bb",0.779114177863979,0.630750263047075,0.884776853299493,0.337101748179035,1,"supported"
"Micropterus_salmoides","M1","joint_bb",0.779114177863979,0.630750263047075,0.884776853299493,0.324829775803925,1,"supported"
"Enoplosus_armatus","M1","joint_bb",0.743629001464428,0.673814437076909,0.80886778719187,0.315595981415383,1,"supported"
"Oplegnathus_fasciatus","M1","joint_bb",0.790472056561204,0.735627431684677,0.8405801257378,0.381381209289156,1,"supported"
"Oplegnathus_punctatus","M1","joint_bb",0.790472056561204,0.735627431684677,0.8405801257378,0.381219616268007,1,"supported"
"Maccullochella_peelii","M1","joint_bb",0.757132423894216,0.656767798660873,0.842876063521223,0.316742989257001,1,"supported"
"Siniperca_chuatsi","M1","joint_bb",0.888917150599061,0.794658758290963,0.950520812089244,0.51601003343743,1,"supported"
"Siniperca_scherzeri","M1","joint_bb",0.790472056561204,0.735627431684677,0.8405801257378,0.373916391878596,1,"supported"
"Scortum_barcoo","M1","joint_bb",0.743629001464428,0.673814437076909,0.80886778719187,0.32075325284009,1,"supported"
"Anarhichas_minor","M1","joint_bb",0.868638372857608,0.748339899306722,0.946000086153532,0.485545524340682,1,"supported"
"Anarrhichthys_ocellatus","M1","joint_bb",0.868638372857608,0.748339899306722,0.946000086153532,0.461902481300097,1,"supported"
"Anoplopoma_fimbria","M1","joint_bb",0.746089907757147,0.575773105049,0.873360228586197,0.281982997042236,1,"supported"
"Pogonophryne_albipinna","M1","joint_bb",0.706950989046852,0.606527134636579,0.797407874832525,0.259080037491999,1,"supported"
"Gymnodraco_acuticeps","M1","joint_bb",0.706950989046852,0.606527134636579,0.797407874832525,0.262729462128334,1,"supported"
"Cottoperca_gobio","M1","joint_bb",0.790472056561204,0.735627431684677,0.8405801257378,0.361797881447691,1,"supported"
"Cebidichthys_violaceus","M1","joint_bb",0.757132423894216,0.656767798660873,0.842876063521223,0.322448663988397,1,"supported"
"Chaenocephalus_aceratus","M1","joint_bb",0.706950989046852,0.606527134636579,0.797407874832525,0.265874288100761,1,"supported"
"Champsocephalus_esox","M1","joint_bb",0.706950989046852,0.606527134636579,0.797407874832525,0.250174530211691,1,"supported"
"Champsocephalus_gunnari","M1","joint_bb",0.706950989046852,0.606527134636579,0.797407874832525,0.272979415139838,1,"supported"
"Pseudochaenichthys_georgianus","M1","joint_bb",0.706950989046852,0.606527134636579,0.797407874832525,0.264580429766843,1,"supported"
"Clinocottus_analis","M1","joint_bb",0.840582808101367,0.655598803467685,0.945489872783688,0.392192513545505,1,"missing_input_extrapolation"
"Taurulus_bubalis","M1","joint_bb",0.706950989046852,0.606527134636579,0.797407874832525,0.265450957520061,1,"supported"
"Cyclopterus_lumpus","M1","joint_bb",0.790472056561204,0.735627431684677,0.8405801257378,0.37712836876304,1,"supported"
"Eleginops_maclovinus","M1","joint_bb",0.757132423894216,0.656767798660873,0.842876063521223,0.326414872567883,1,"supported"
"Cromileptes_altivelis","M1","joint_bb",0.743629001464428,0.673814437076909,0.80886778719187,0.316772342045145,1,"supported"
"Epinephelus_bruneus","M1","joint_bb",0.790472056561204,0.735627431684677,0.8405801257378,0.394258725156202,1,"supported"
"Epinephelus_coioides","M1","joint_bb",0.790472056561204,0.735627431684677,0.8405801257378,0.369886286202444,1,"supported"
"Epinephelus_fuscoguttatus","M1","joint_bb",0.790472056561204,0.735627431684677,0.8405801257378,0.368696718340067,1,"supported"
"Epinephelus_lanceolatus","M1","joint_bb",0.790472056561204,0.735627431684677,0.8405801257378,0.382041107228753,1,"supported"
"Epinephelus_malabaricus","M1","joint_bb",0.790472056561204,0.735627431684677,0.8405801257378,0.380325609904707,1,"supported"
"Epinephelus_multinotatus","M1","joint_bb",0.790472056561204,0.735627431684677,0.8405801257378,0.375459696955228,1,"supported"
"Plectropomus_leopardus","M1","joint_bb",0.743629001464428,0.673814437076909,0.80886778719187,0.312208657740575,1,"supported"
"Gasterosteus_aculeatus","M1","joint_bb",0.483351782931754,0.339135508842977,0.633144553869654,0.0822067830741423,1,"supported"
"Pungitius_pungitius","M1","joint_bb",0.420140018048912,0.273500219120992,0.56953455883344,0.0495488634247262,1,"supported"
"Pungitius_sinensis","M1","joint_bb",0.420140018048912,0.273500219120992,0.56953455883344,0.0522922144533611,1,"supported"
"Dissostichus_eleginoides","M1","joint_bb",0.706950989046852,0.606527134636579,0.797407874832525,0.263044391416608,1,"supported"
"Dissostichus_mawsoni","M1","joint_bb",0.706950989046852,0.606527134636579,0.797407874832525,0.26404171251768,1,"supported"
"Notothenia_rossii","M1","joint_bb",0.706950989046852,0.606527134636579,0.797407874832525,0.276272535727066,1,"supported"
"Pagothenia_borchgrevinki","M1","joint_bb",0.706950989046852,0.606527134636579,0.797407874832525,0.259069127416484,1,"supported"
"Trematomus_bernacchii","M1","joint_bb",0.706950989046852,0.606527134636579,0.797407874832525,0.259378917705462,1,"supported"
"Etheostoma_cragini","M1","joint_bb",0.483351782931754,0.339135508842977,0.633144553869654,0.0767932684674705,1,"supported"
"Perca_flavescens","M1","joint_bb",0.757132423894216,0.656767798660873,0.842876063521223,0.314192737223678,1,"supported"
"Perca_fluviatilis","M1","joint_bb",0.757132423894216,0.656767798660873,0.842876063521223,0.325344927320384,1,"supported"
"Sander_lucioperca","M1","joint_bb",0.757132423894216,0.656767798660873,0.842876063521223,0.319579319956476,1,"supported"
"Sander_vitreus","M1","joint_bb",0.757132423894216,0.656767798660873,0.842876063521223,0.316319326919337,1,"supported"
"Pholis_gunnellus","M1","joint_bb",0.868638372857608,0.748339899306722,0.946000086153532,0.477303484526386,1,"supported"
"Sebastes_fasciatus","M1","joint_bb",0.743629001464428,0.673814437076909,0.80886778719187,0.315347410962691,1,"supported"
"Sebastes_schlegelii","M1","joint_bb",0.790472056561204,0.735627431684677,0.8405801257378,0.368612155392997,1,"supported"
"Sebastes_umbrosus","M1","joint_bb",0.790472056561204,0.735627431684677,0.8405801257378,0.380125259766518,1,"supported"
"Centropristis_striata","M1","joint_bb",0.743629001464428,0.673814437076909,0.80886778719187,0.307174985509763,1,"supported"
"Echiichthys_vipera","M1","joint_bb",0.790472056561204,0.735627431684677,0.8405801257378,0.377406405888677,1,"supported"
"Eutrigla_gurnardus","M1","joint_bb",0.706950989046852,0.606527134636579,0.797407874832525,0.265293214399004,1,"supported"
"Lycodes_pacificus","M1","joint_bb",0.868638372857608,0.748339899306722,0.946000086153532,0.475564070461257,1,"supported"
"Melanostigma_gelatinosum","M1","joint_bb",0.868638372857608,0.748339899306722,0.946000086153532,0.481819232490882,1,"supported"
"Zoarces_viviparus","M1","joint_bb",0.868638372857608,0.748339899306722,0.946000086153532,0.464168607502386,1,"supported"
"Erpetoichthys_calabaricus","M1","schemeA_tobit",0.154751270303099,0.0383527256960479,0.3421067158364,0,0.925140421203214,"missing_input_extrapolation"
"Polypterus_senegalus","M1","schemeA_tobit",0.154751270303099,0.0383527256960479,0.3421067158364,0,0.952459416797537,"missing_input_extrapolation"
"Acipenser_oxyrinchus","M1","schemeA_tobit",0.1524623377999,0.0526999851235,0.3064302680432,0,0.897022283879014,"missing_input_extrapolation"
"Acipenser_ruthenus","M1","schemeA_tobit",0.1524623377999,0.0526999851235,0.3064302680432,0,0.894741614723489,"missing_input_extrapolation"
"Acipenser_sinensis","M1","schemeA_tobit",0.1524623377999,0.0526999851235,0.3064302680432,0,0.917613967867032,"missing_input_extrapolation"
"Huso_huso","M1","schemeA_tobit",0.1524623377999,0.0526999851235,0.3064302680432,0,0.879237228039014,"missing_input_extrapolation"
"Polyodon_spathula","M1","schemeA_tobit",0.1524623377999,0.0526999851235,0.3064302680432,0,0.906138437569171,"missing_input_extrapolation"
"Amia_ocellicauda","M1","schemeA_tobit",0.1524623377999,0.0526999851235,0.3064302680432,0,0.914110701621063,"missing_input_extrapolation"
"Atractosteus_spatula","M1","schemeA_tobit",0.1524623377999,0.0526999851235,0.3064302680432,0,0.917106947180619,"missing_input_extrapolation"
"Lepisosteus_oculatus","M1","schemeA_tobit",0.1524623377999,0.0526999851235,0.3064302680432,0,0.900857275923714,"missing_input_extrapolation"
"Megalops_atlanticus","M1","schemeA_tobit",0.20058077100963,0.0669763964359369,0.392218888658543,0,1,"missing_input_extrapolation"
"Megalops_cyprinoides","M1","schemeA_tobit",0.20058077100963,0.0669763964359369,0.392218888658543,0,1,"missing_input_extrapolation"
"Albula_glossodonta","M1","schemeA_tobit",0.1524623377999,0.0526999851235,0.3064302680432,0,0.897928536014539,"missing_input_extrapolation"
"Albula_goreensis","M1","schemeA_tobit",0.1524623377999,0.0526999851235,0.3064302680432,0,0.902698528637512,"missing_input_extrapolation"
"Aldrovandia_affinis","M1","schemeA_tobit",0.1524623377999,0.0526999851235,0.3064302680432,0,0.922326183623058,"missing_input_extrapolation"
"Anguilla_anguilla","M1","schemeA_tobit",0.1524623377999,0.0526999851235,0.3064302680432,0,0.91362075296089,"missing_input_extrapolation"
"Anguilla_japonica","M1","schemeA_tobit",0.1524623377999,0.0526999851235,0.3064302680432,0,0.918946566100657,"missing_input_extrapolation"
"Anguilla_rostrata","M1","schemeA_tobit",0.1524623377999,0.0526999851235,0.3064302680432,0,0.906953113336549,"missing_input_extrapolation"
"Conger_conger","M1","schemeA_tobit",0.1524623377999,0.0526999851235,0.3064302680432,0,0.906022746658703,"missing_input_extrapolation"
"Gymnothorax_javanicus","M1","schemeA_tobit",0.1524623377999,0.0526999851235,0.3064302680432,0,0.891491345148786,"missing_input_extrapolation"
"Synaphobranchus_kaupii","M1","schemeA_tobit",0.1524623377999,0.0526999851235,0.3064302680432,0,0.921731177282436,"missing_input_extrapolation"
"Arapaima_gigas","M1","schemeA_tobit",0.1524623377999,0.0526999851235,0.3064302680432,0,0.897096988758328,"missing_input_extrapolation"
"Brienomyrus_brachyistius","M1","schemeA_tobit",0.1524623377999,0.0526999851235,0.3064302680432,0,0.909460879905017,"missing_input_extrapolation"
"Paramormyrops_kingsleyae","M1","schemeA_tobit",0.483562921665123,0.0913500074322377,0.882703928452928,0,1,"missing_input_extrapolation"
"Scleropages_formosus","M1","schemeA_tobit",0.20058077100963,0.0669763964359369,0.392218888658543,0,1,"missing_input_extrapolation"
"Hiodon_alosoides","M1","schemeA_tobit",0.1524623377999,0.0526999851235,0.3064302680432,0,0.907186716603104,"missing_input_extrapolation"
"Alosa_alosa","M1","schemeA_tobit",0.1524623377999,0.0526999851235,0.3064302680432,0,0.924145436244488,"missing_input_extrapolation"
"Alosa_pseudoharengus","M1","schemeA_tobit",0.1524623377999,0.0526999851235,0.3064302680432,0,0.911893014985492,"missing_input_extrapolation"
"Alosa_sapidissima","M1","schemeA_tobit",0.1524623377999,0.0526999851235,0.3064302680432,0,0.909798060669022,"missing_input_extrapolation"
"Sardina_pilchardus","M1","schemeA_tobit",0.1524623377999,0.0526999851235,0.3064302680432,0,0.884338524931981,"missing_input_extrapolation"
"Clupea_harengus","M1","schemeA_tobit",0.1524623377999,0.0526999851235,0.3064302680432,0,0.920417325794676,"missing_input_extrapolation"
"Sprattus_sprattus","M1","schemeA_tobit",0.1524623377999,0.0526999851235,0.3064302680432,0,0.898580250191066,"missing_input_extrapolation"
"Denticeps_clupeoides","M1","schemeA_tobit",0.1524623377999,0.0526999851235,0.3064302680432,0,0.896221402359771,"missing_input_extrapolation"
"Coilia_grayii","M1","schemeA_tobit",0.1524623377999,0.0526999851235,0.3064302680432,0,0.913167751803289,"missing_input_extrapolation"
"Coilia_mystus","M1","schemeA_tobit",0.483562921665123,0.0913500074322377,0.882703928452928,0,1,"missing_input_extrapolation"
"Engraulis_encrasicolus","M1","schemeA_tobit",0.1524623377999,0.0526999851235,0.3064302680432,0,0.927166841066809,"missing_input_extrapolation"
"Chanos_chanos","M1","schemeA_tobit",0.1524623377999,0.0526999851235,0.3064302680432,0,0.897371119356625,"missing_input_extrapolation"
"Myxocyprinus_asiaticus","M1","schemeA_tobit",0.1524623377999,0.0526999851235,0.3064302680432,0,0.920236187616739,"missing_input_extrapolation"
"Xyrauchen_texanus","M1","schemeA_tobit",0.1524623377999,0.0526999851235,0.3064302680432,0,0.906375908430384,"missing_input_extrapolation"
"Misgurnus_anguillicaudatus","M1","schemeA_tobit",0.1524623377999,0.0526999851235,0.3064302680432,0,0.926126374630911,"missing_input_extrapolation"
"Paramisgurnus_dabryanus","M1","schemeA_tobit",0.1524623377999,0.0526999851235,0.3064302680432,0,0.887996288136174,"missing_input_extrapolation"
"Abramis_brama","M1","schemeA_tobit",0.1524623377999,0.0526999851235,0.3064302680432,0,0.919178228301613,"missing_input_extrapolation"
"Barbus_barbus","M1","schemeA_tobit",0.1524623377999,0.0526999851235,0.3064302680432,0,0.920024026044388,"missing_input_extrapolation"
"Carassius_auratus","M1","schemeA_tobit",0.1524623377999,0.0526999851235,0.3064302680432,0,0.919514323131612,"missing_input_extrapolation"
"Carassius_carassius","M1","schemeA_tobit",0.1524623377999,0.0526999851235,0.3064302680432,0,0.89753506129278,"missing_input_extrapolation"
"Carassius_gibelio","M1","schemeA_tobit",0.1524623377999,0.0526999851235,0.3064302680432,0,0.90188172343203,"missing_input_extrapolation"
"Chanodichthys_erythropterus","M1","schemeA_tobit",0.1524623377999,0.0526999851235,0.3064302680432,0,0.921180304329565,"missing_input_extrapolation"
"Cirrhinus_molitorella","M1","schemeA_tobit",0.1524623377999,0.0526999851235,0.3064302680432,0,0.890569957337892,"missing_input_extrapolation"
"Ctenopharyngodon_idella","M1","schemeA_tobit",0.1524623377999,0.0526999851235,0.3064302680432,0,0.934293441783909,"missing_input_extrapolation"
"Culter_alburnus","M1","schemeA_tobit",0.1524623377999,0.0526999851235,0.3064302680432,0,0.903470095278042,"missing_input_extrapolation"
"Cyprinella_venusta","M1","schemeA_tobit",0.154751270303099,0.0383527256960479,0.3421067158364,0,0.970687893256867,"missing_input_extrapolation"
"Cyprinus_carpio","M1","schemeA_tobit",0.1524623377999,0.0526999851235,0.3064302680432,0,0.918075755931753,"missing_input_extrapolation"
"Danio_aesculapii","M1","schemeA_tobit",0.1524623377999,0.0526999851235,0.3064302680432,0,0.920993012233812,"missing_input_extrapolation"
"Danio_rerio","M1","schemeA_tobit",0.1524623377999,0.0526999851235,0.3064302680432,0,0.921333762496898,"missing_input_extrapolation"
"Garra_rufa","M1","schemeA_tobit",0.1524623377999,0.0526999851235,0.3064302680432,0,0.920680640336375,"missing_input_extrapolation"
"Hemiculter_leucisculus","M1","schemeA_tobit",0.1524623377999,0.0526999851235,0.3064302680432,0,0.910124462559883,"missing_input_extrapolation"
"Labeo_rohita","M1","schemeA_tobit",0.483562921665123,0.0913500074322377,0.882703928452928,0,1,"missing_input_extrapolation"
"Leuciscus_chuanchicus","M1","schemeA_tobit",0.1524623377999,0.0526999851235,0.3064302680432,0,0.922819619974675,"missing_input_extrapolation"
"Leuciscus_leuciscus","M1","schemeA_tobit",0.1524623377999,0.0526999851235,0.3064302680432,0,0.92068981884006,"missing_input_extrapolation"
"Leuciscus_waleckii","M1","schemeA_tobit",0.1524623377999,0.0526999851235,0.3064302680432,0,0.886287940621357,"missing_input_extrapolation"
"Megalobrama_amblycephala","M1","schemeA_tobit",0.1524623377999,0.0526999851235,0.3064302680432,0,0.919276606469204,"missing_input_extrapolation"
"Mylopharyngodon_piceus","M1","schemeA_tobit",0.1524623377999,0.0526999851235,0.3064302680432,0,0.926311210842803,"missing_input_extrapolation"
"Onychostoma_macrolepis","M1","schemeA_tobit",0.1524623377999,0.0526999851235,0.3064302680432,0,0.916001450380031,"missing_input_extrapolation"
"Phoxinus_phoxinus","M1","schemeA_tobit",0.1524623377999,0.0526999851235,0.3064302680432,0,0.907734861794803,"missing_input_extrapolation"
"Pimephales_promelas","M1","schemeA_tobit",0.1524623377999,0.0526999851235,0.3064302680432,0,0.917439283749534,"missing_input_extrapolation"
"Pseudorasbora_parva","M1","schemeA_tobit",0.1524623377999,0.0526999851235,0.3064302680432,0,0.927565894165764,"missing_input_extrapolation"
"Puntigrus_tetrazona","M1","schemeA_tobit",0.1524623377999,0.0526999851235,0.3064302680432,0,0.921676408304891,"missing_input_extrapolation"
"Rutilus_rutilus","M1","schemeA_tobit",0.1524623377999,0.0526999851235,0.3064302680432,0,0.93563514931806,"missing_input_extrapolation"
"Scardinius_erythrophthalmus","M1","schemeA_tobit",0.1524623377999,0.0526999851235,0.3064302680432,0,0.913348704611277,"missing_input_extrapolation"
"Sinocyclocheilus_anshuiensis","M1","schemeA_tobit",0.1524623377999,0.0526999851235,0.3064302680432,0,0.92543097406493,"missing_input_extrapolation"
"Sinocyclocheilus_grahami","M1","schemeA_tobit",0.1524623377999,0.0526999851235,0.3064302680432,0,0.893984717262447,"missing_input_extrapolation"
"Sinocyclocheilus_rhinocerous","M1","schemeA_tobit",0.1524623377999,0.0526999851235,0.3064302680432,0,0.901453644490663,"missing_input_extrapolation"
"Siphateles_boraxobius","M1","schemeA_tobit",0.1524623377999,0.0526999851235,0.3064302680432,0,0.897424867107669,"missing_input_extrapolation"
"Squalius_cephalus","M1","schemeA_tobit",0.1524623377999,0.0526999851235,0.3064302680432,0,0.896751408125835,"missing_input_extrapolation"
"Gobio_gobio","M1","schemeA_tobit",0.1524623377999,0.0526999851235,0.3064302680432,0,0.913496676604294,"missing_input_extrapolation"
"Rhinichthys_klamathensis","M1","schemeA_tobit",0.1524623377999,0.0526999851235,0.3064302680432,0,0.913699036669576,"missing_input_extrapolation"
"Barbatula_barbatula","M1","schemeA_tobit",0.1524623377999,0.0526999851235,0.3064302680432,0,0.905208476782419,"missing_input_extrapolation"
"Triplophysa_dalaica","M1","schemeA_tobit",0.1524623377999,0.0526999851235,0.3064302680432,0,0.919998879429853,"missing_input_extrapolation"
"Triplophysa_rosa","M1","schemeA_tobit",0.483562921665123,0.0913500074322377,0.882703928452928,0,1,"missing_input_extrapolation"
"Astyanax_lacustris","M1","schemeA_tobit",0.483562921665123,0.0913500074322377,0.882703928452928,0,1,"missing_input_extrapolation"
"Astyanax_mexicanus","M1","schemeA_tobit",0.483562921665123,0.0913500074322377,0.882703928452928,0,1,"missing_input_extrapolation"
"Salminus_brasiliensis","M1","schemeA_tobit",0.483562921665123,0.0913500074322377,0.882703928452928,0,1,"missing_input_extrapolation"
"Hoplias_malabaricus","M1","schemeA_tobit",0.483562921665123,0.0913500074322377,0.882703928452928,0,1,"missing_input_extrapolation"
"Prochilodus_magdalenae","M1","schemeA_tobit",0.1524623377999,0.0526999851235,0.3064302680432,0,0.91566979943536,"missing_input_extrapolation"
"Acnodon_oligacanthus","M1","schemeA_tobit",0.483562921665123,0.0913500074322377,0.882703928452928,0,1,"missing_input_extrapolation"
"Colossoma_macropomum","M1","schemeA_tobit",0.483562921665123,0.0913500074322377,0.882703928452928,0,1,"missing_input_extrapolation"
"Metynnis_hypsauchen","M1","schemeA_tobit",0.483562921665123,0.0913500074322377,0.882703928452928,0,1,"missing_input_extrapolation"
"Pygocentrus_nattereri","M1","schemeA_tobit",0.483562921665123,0.0913500074322377,0.882703928452928,0,1,"missing_input_extrapolation"
"Serrasalmus_rhombeus","M1","schemeA_tobit",0.483562921665123,0.0913500074322377,0.882703928452928,0,1,"missing_input_extrapolation"
"Electrophorus_electricus","M1","schemeA_tobit",0.1524623377999,0.0526999851235,0.3064302680432,0,0.914519702481084,"missing_input_extrapolation"
"Electrophorus_voltai","M1","schemeA_tobit",0.483562921665123,0.0913500074322377,0.882703928452928,0,1,"missing_input_extrapolation"
"Brachyhypopomus_gauderio","M1","schemeA_tobit",0.483562921665123,0.0913500074322377,0.882703928452928,0,1,"missing_input_extrapolation"
"Neoarius_graeffei","M1","schemeA_tobit",0.483562921665123,0.0913500074322377,0.882703928452928,0,1,"missing_input_extrapolation"
"Hemibagrus_guttatus","M1","schemeA_tobit",0.1524623377999,0.0526999851235,0.3064302680432,0,0.901243416119322,"missing_input_extrapolation"
"Hemibagrus_wyckioides","M1","schemeA_tobit",0.1524623377999,0.0526999851235,0.3064302680432,0,0.905061380133025,"missing_input_extrapolation"
"Tachysurus_fulvidraco","M1","schemeA_tobit",0.483562921665123,0.0913500074322377,0.882703928452928,0,1,"missing_input_extrapolation"
"Tachysurus_vachellii","M1","schemeA_tobit",0.483562921665123,0.0913500074322377,0.882703928452928,0,1,"missing_input_extrapolation"
"Clarias_gariepinus","M1","schemeA_tobit",0.483562921665123,0.0913500074322377,0.882703928452928,0,1,"missing_input_extrapolation"
"Clarias_magur","M1","schemeA_tobit",0.483562921665123,0.0913500074322377,0.882703928452928,0,1,"missing_input_extrapolation"
"Ictalurus_furcatus","M1","schemeA_tobit",0.483562921665123,0.0913500074322377,0.882703928452928,0,1,"missing_input_extrapolation"
"Ictalurus_punctatus","M1","schemeA_tobit",0.1524623377999,0.0526999851235,0.3064302680432,0,0.910921671089372,"missing_input_extrapolation"
"Pangasianodon_gigas","M1","schemeA_tobit",0.483562921665123,0.0913500074322377,0.882703928452928,0,1,"missing_input_extrapolation"
"Pangasianodon_hypophthalmus","M1","schemeA_tobit",0.483562921665123,0.0913500074322377,0.882703928452928,0,1,"missing_input_extrapolation"
"Silurus_aristotelis","M1","schemeA_tobit",0.483562921665123,0.0913500074322377,0.882703928452928,0,1,"missing_input_extrapolation"
"Silurus_asotus","M1","schemeA_tobit",0.483562921665123,0.0913500074322377,0.882703928452928,0,1,"missing_input_extrapolation"
"Silurus_meridionalis","M1","schemeA_tobit",0.483562921665123,0.0913500074322377,0.882703928452928,0,1,"missing_input_extrapolation"
"Trichomycterus_rosablanca","M1","schemeA_tobit",0.483562921665123,0.0913500074322377,0.882703928452928,0,1,"missing_input_extrapolation"
"Nansenia_antarctica","M1","schemeA_tobit",0.1524623377999,0.0526999851235,0.3064302680432,0,0.900609471866449,"missing_input_extrapolation"
"Galaxias_brevipinnis","M1","schemeA_tobit",0.612189066763255,0.367859277115996,0.825592334467187,0,1,"missing_input_extrapolation"
"Coregonus_albula","M1","schemeA_tobit",0.154751270303099,0.0383527256960479,0.3421067158364,0,0.953730145241867,"missing_input_extrapolation"
"Coregonus_clupeaformis","M1","schemeA_tobit",0.154751270303099,0.0383527256960479,0.3421067158364,0,0.924834346558103,"missing_input_extrapolation"
"Coregonus_lavaretus","M1","schemeA_tobit",0.154751270303099,0.0383527256960479,0.3421067158364,0,0.954072056989658,"missing_input_extrapolation"
"Coregonus_suidteri","M1","schemeA_tobit",0.154751270303099,0.0383527256960479,0.3421067158364,0,0.940418873727836,"missing_input_extrapolation"
"Oncorhynchus_clarkii","M1","schemeA_tobit",0.154751270303099,0.0383527256960479,0.3421067158364,0,0.925015249333626,"missing_input_extrapolation"
"Oncorhynchus_gorbuscha","M1","schemeA_tobit",0.154751270303099,0.0383527256960479,0.3421067158364,0,0.936474908189794,"missing_input_extrapolation"
"Oncorhynchus_keta","M1","schemeA_tobit",0.154751270303099,0.0383527256960479,0.3421067158364,0,0.913070801573114,"missing_input_extrapolation"
"Oncorhynchus_kisutch","M1","schemeA_tobit",0.154751270303099,0.0383527256960479,0.3421067158364,0,0.934071764274042,"missing_input_extrapolation"
"Oncorhynchus_masou","M1","schemeA_tobit",0.154751270303099,0.0383527256960479,0.3421067158364,0,0.92523240078237,"missing_input_extrapolation"
"Oncorhynchus_mykiss","M1","schemeA_tobit",0.154751270303099,0.0383527256960479,0.3421067158364,0,0.932322251128591,"missing_input_extrapolation"
"Oncorhynchus_nerka","M1","schemeA_tobit",0.154751270303099,0.0383527256960479,0.3421067158364,0,0.964230160037568,"missing_input_extrapolation"
"Oncorhynchus_tshawytscha","M1","schemeA_tobit",0.154751270303099,0.0383527256960479,0.3421067158364,0,0.923486002436254,"missing_input_extrapolation"
"Salmo_salar","M1","schemeA_tobit",0.154751270303099,0.0383527256960479,0.3421067158364,0,0.944735434001827,"missing_input_extrapolation"
"Salmo_trutta","M1","schemeA_tobit",0.154751270303099,0.0383527256960479,0.3421067158364,0,0.932598279905265,"missing_input_extrapolation"
"Salvelinus_alpinus","M1","schemeA_tobit",0.154751270303099,0.0383527256960479,0.3421067158364,0,0.912481759561687,"missing_input_extrapolation"
"Salvelinus_fontinalis","M1","schemeA_tobit",0.154751270303099,0.0383527256960479,0.3421067158364,0,0.909417723112917,"missing_input_extrapolation"
"Salvelinus_namaycush","M1","schemeA_tobit",0.154751270303099,0.0383527256960479,0.3421067158364,0,0.939965740886203,"missing_input_extrapolation"
"Dallia_pectoralis","M1","schemeA_tobit",0.154751270303099,0.0383527256960479,0.3421067158364,0,0.955167932995707,"missing_input_extrapolation"
"Esox_lucius","M1","schemeA_tobit",0.154751270303099,0.0383527256960479,0.3421067158364,0,0.917349966664599,"missing_input_extrapolation"
"Umbra_pygmaea","M1","schemeA_tobit",0.154751270303099,0.0383527256960479,0.3421067158364,0,0.954693237872452,"missing_input_extrapolation"
"Hypomesus_nipponensis","M1","schemeA_tobit",0.636666134153754,0.374076933649916,0.863763638384957,0,1,"supported"
"Hypomesus_transpacificus","M1","schemeA_tobit",0.636666134153754,0.374076933649916,0.863763638384957,0,1,"supported"
"Osmerus_eperlanus","M1","schemeA_tobit",0.636666134153754,0.374076933649916,0.863763638384957,0,1,"supported"
"Osmerus_mordax","M1","schemeA_tobit",0.636666134153754,0.374076933649916,0.863763638384957,0,1,"supported"
"Benthosema_glaciale","M1","schemeA_tobit",0.227581141002903,0.054183272448103,0.499614802680374,0,1,"supported"
"Electrona_antarctica","M1","schemeA_tobit",0.216001833493118,0.0839336838811627,0.403803642116348,0,1,"supported"
"Gymnoscopelus_braueri","M1","schemeA_tobit",0.216001833493118,0.0839336838811627,0.403803642116348,0,1,"supported"
"Gymnoscopelus_microlampas","M1","schemeA_tobit",0.216001833493118,0.0839336838811627,0.403803642116348,0,1,"supported"
"Nannobrachium_achirus","M1","schemeA_tobit",0.216001833493118,0.0839336838811627,0.403803642116348,0,1,"supported"
"Protomyctophum_bolini","M1","schemeA_tobit",0.216001833493118,0.0839336838811627,0.403803642116348,0,1,"supported"
"Protomyctophum_parallelum","M1","schemeA_tobit",0.216001833493118,0.0839336838811627,0.403803642116348,0,1,"supported"
"Polymixia_hollisterae","M1","schemeA_tobit",0.216001833493118,0.0839336838811627,0.403803642116348,0,1,"supported"
"Polymixia_lowei","M1","schemeA_tobit",0.16654403568144,0.0605072657115449,0.321912983542003,0,0.923324984563943,"supported"
"Centroberyx_affinis","M1","schemeA_tobit",0.330758305789868,0.168562036377777,0.520327943398773,0,1,"supported"
"Centroberyx_gerrardi","M1","schemeA_tobit",0.330758305789868,0.168562036377777,0.520327943398773,0,1,"supported"
"Poromitra_crassiceps","M1","schemeA_tobit",0.176926455744979,0.0388042536386413,0.403270543492566,0,0.980268516200232,"supported"
"Myripristis_murdjan","M1","schemeA_tobit",0.330758305789868,0.168562036377777,0.520327943398773,0,1,"supported"
"Lucifuga_dentata","M1","schemeA_tobit",0.154751270303099,0.0383527256960479,0.3421067158364,0,0.913713343066586,"missing_input_extrapolation"
"Genypterus_blacodes","M1","schemeA_tobit",0.16654403568144,0.0605072657115449,0.321912983542003,0,0.970579842567435,"supported"
"Arripis_georgiana","M1","schemeA_tobit",0.813595571826302,0.690661020155222,0.906547991623165,0.0335618654701006,1,"supported"
"Katsuwonus_pelamis","M1","schemeA_tobit",0.861730346714949,0.801813032328792,0.909963649835847,0.147159426881511,1,"supported"
"Sarda_sarda","M1","schemeA_tobit",0.70478412604708,0.596340604748013,0.802678414997011,0,1,"supported"
"Scomber_japonicus","M1","schemeA_tobit",0.70478412604708,0.596340604748013,0.802678414997011,0,1,"supported"
"Scomber_scombrus","M1","schemeA_tobit",0.69894839840895,0.439782513449011,0.902197377320694,0,1,"supported"
"Thunnus_alalunga","M1","schemeA_tobit",0.861730346714949,0.801813032328792,0.909963649835847,0.109244030953047,1,"supported"
"Thunnus_albacares","M1","schemeA_tobit",0.861730346714949,0.801813032328792,0.909963649835847,0.163494679351817,1,"supported"
"Thunnus_atlanticus","M1","schemeA_tobit",0.861730346714949,0.801813032328792,0.909963649835847,0.161186016094231,1,"supported"
"Thunnus_maccoyii","M1","schemeA_tobit",0.861730346714949,0.801813032328792,0.909963649835847,0.150535958403487,1,"supported"
"Thunnus_obesus","M1","schemeA_tobit",0.861730346714949,0.801813032328792,0.909963649835847,0.136902388356001,1,"supported"
"Thunnus_orientalis","M1","schemeA_tobit",0.861730346714949,0.801813032328792,0.909963649835847,0.118731999692573,1,"supported"
"Thunnus_thynnus","M1","schemeA_tobit",0.861730346714949,0.801813032328792,0.909963649835847,0.171147226870356,1,"supported"
"Thunnus_tonggol","M1","schemeA_tobit",0.861730346714949,0.801813032328792,0.909963649835847,0.143161871317385,1,"supported"
"Pampus_argenteus","M1","schemeA_tobit",0.70478412604708,0.596340604748013,0.802678414997011,0,1,"supported"
"Pampus_punctatissimus","M1","schemeA_tobit",0.70478412604708,0.596340604748013,0.802678414997011,0,1,"supported"
"Aulostomus_chinensis","M1","schemeA_tobit",0.216001833493118,0.0839336838811627,0.403803642116348,0,1,"supported"
"Fistularia_commersonii","M1","schemeA_tobit",0.673153513485211,0.430848561264802,0.870726019754452,0,1,"missing_input_extrapolation"
"Pterapogon_kauderni","M1","schemeA_tobit",0.80073713785509,0.507359682530663,0.974684921916959,0,1,"supported"
"Sphaeramia_orbicularis","M1","schemeA_tobit",0.63870878054796,0.509145206231361,0.759119431357818,0,1,"supported"
"Oxyeleotris_marmorata","M1","schemeA_tobit",0.63870878054796,0.509145206231361,0.759119431357818,0,1,"supported"
"Boleophthalmus_pectinirostris","M1","schemeA_tobit",0.63870878054796,0.509145206231361,0.759119431357818,0,1,"supported"
"Eucyclogobius_newberryi","M1","schemeA_tobit",0.63870878054796,0.509145206231361,0.759119431357818,0,1,"supported"
"Gobius_niger","M1","schemeA_tobit",0.636666134153754,0.374076933649916,0.863763638384957,0,1,"supported"
"Knipowitschia_caucasica","M1","schemeA_tobit",0.63870878054796,0.509145206231361,0.759119431357818,0,1,"supported"
"Mugilogobius_chulae","M1","schemeA_tobit",0.63870878054796,0.509145206231361,0.759119431357818,0,1,"supported"
"Periophthalmus_magnuspinnatus","M1","schemeA_tobit",0.63870878054796,0.509145206231361,0.759119431357818,0,1,"supported"
"Mastacembelus_armatus","M1","schemeA_tobit",0.861730346714949,0.801813032328792,0.909963649835847,0.143742275894769,1,"supported"
"Monopterus_albus","M1","schemeA_tobit",0.861730346714949,0.801813032328792,0.909963649835847,0.161097856826523,1,"supported"
"Anabas_testudineus","M1","schemeA_tobit",0.330758305789868,0.168562036377777,0.520327943398773,0,1,"supported"
"Channa_argus","M1","schemeA_tobit",0.330758305789868,0.168562036377777,0.520327943398773,0,1,"supported"
"Channa_striata","M1","schemeA_tobit",0.16654403568144,0.0605072657115449,0.321912983542003,0,0.962821451806206,"supported"
"Betta_splendens","M1","schemeA_tobit",0.176926455744979,0.0388042536386413,0.403270543492566,0,0.973761036098158,"supported"
"Trichopodus_trichopterus","M1","schemeA_tobit",0.16654403568144,0.0605072657115449,0.321912983542003,0,0.938188363733274,"supported"
"Lates_calcarifer","M1","schemeA_tobit",0.673153513485211,0.430848561264802,0.870726019754452,0,1,"missing_input_extrapolation"
"Lates_japonicus","M1","schemeA_tobit",0.70478412604708,0.596340604748013,0.802678414997011,0,1,"supported"
"Eleutheronema_tetradactylum","M1","schemeA_tobit",0.813595571826302,0.690661020155222,0.906547991623165,0.0320842277056469,1,"supported"
"Toxotes_jaculatrix","M1","schemeA_tobit",0.861730346714949,0.801813032328792,0.909963649835847,0.159956788074211,1,"supported"
"Xiphias_gladius","M1","schemeA_tobit",0.807034319302673,0.590172249989783,0.950461644741178,0,1,"supported"
"Caranx_melampygus","M1","schemeA_tobit",0.70478412604708,0.596340604748013,0.802678414997011,0,1,"supported"
"Seriola_dumerili","M1","schemeA_tobit",0.70478412604708,0.596340604748013,0.802678414997011,0,1,"supported"
"Seriola_lalandi","M1","schemeA_tobit",0.70478412604708,0.596340604748013,0.802678414997011,0,1,"supported"
"Trachinotus_anak","M1","schemeA_tobit",0.861730346714949,0.801813032328792,0.909963649835847,0.159272748385936,1,"supported"
"Trachurus_japonicus","M1","schemeA_tobit",0.70478412604708,0.596340604748013,0.802678414997011,0,1,"supported"
"Trachurus_trachurus","M1","schemeA_tobit",0.70478412604708,0.596340604748013,0.802678414997011,0,1,"supported"
"Echeneis_naucrates","M1","schemeA_tobit",0.70478412604708,0.596340604748013,0.802678414997011,0,1,"supported"
"Paralichthys_olivaceus","M1","schemeA_tobit",0.70478412604708,0.596340604748013,0.802678414997011,0,1,"supported"
"Hippoglossus_hippoglossus","M1","schemeA_tobit",0.70478412604708,0.596340604748013,0.802678414997011,0,1,"supported"
"Hippoglossus_stenolepis","M1","schemeA_tobit",0.70478412604708,0.596340604748013,0.802678414997011,0,1,"supported"
"Limanda_limanda","M1","schemeA_tobit",0.70478412604708,0.596340604748013,0.802678414997011,0,1,"supported"
"Platichthys_flesus","M1","schemeA_tobit",0.70478412604708,0.596340604748013,0.802678414997011,0,1,"supported"
"Platichthys_stellatus","M1","schemeA_tobit",0.70478412604708,0.596340604748013,0.802678414997011,0,1,"supported"
"Pleuronectes_platessa","M1","schemeA_tobit",0.70478412604708,0.596340604748013,0.802678414997011,0,1,"supported"
"Scophthalmus_maximus","M1","schemeA_tobit",0.70478412604708,0.596340604748013,0.802678414997011,0,1,"supported"
"Microchirus_variegatus","M1","schemeA_tobit",0.504052187999359,0.0898627700565856,0.90735793374262,0,1,"missing_input_extrapolation"
"Solea_senegalensis","M1","schemeA_tobit",0.504052187999359,0.0898627700565856,0.90735793374262,0,1,"missing_input_extrapolation"
"Solea_solea","M1","schemeA_tobit",0.504052187999359,0.0898627700565856,0.90735793374262,0,1,"missing_input_extrapolation"
"Parambassis_ranga","M1","schemeA_tobit",0.861730346714949,0.801813032328792,0.909963649835847,0.157408748677249,1,"supported"
"Brachyistius_frenatus","M1","schemeA_tobit",0.63870878054796,0.509145206231361,0.759119431357818,0,1,"supported"
"Embiotoca_jacksoni","M1","schemeA_tobit",0.63870878054796,0.509145206231361,0.759119431357818,0,1,"supported"
"Acanthochromis_polyacanthus","M1","schemeA_tobit",0.63870878054796,0.509145206231361,0.759119431357818,0,1,"supported"
"Amphiprion_ocellaris","M1","schemeA_tobit",0.63870878054796,0.509145206231361,0.759119431357818,0,1,"supported"
"Stegastes_partitus","M1","schemeA_tobit",0.813595571826302,0.690661020155222,0.906547991623165,0.002340390820746,1,"supported"
"Andinoacara_rivulatus","M1","schemeA_tobit",0.861730346714949,0.801813032328792,0.909963649835847,0.152664539310829,1,"supported"
"Archocentrus_centrarchus","M1","schemeA_tobit",0.861730346714949,0.801813032328792,0.909963649835847,0.151035527600922,1,"supported"
"Astatotilapia_burtoni","M1","schemeA_tobit",0.861730346714949,0.801813032328792,0.909963649835847,0.144597309622533,1,"supported"
"Astatotilapia_calliptera","M1","schemeA_tobit",0.861730346714949,0.801813032328792,0.909963649835847,0.160827547226886,1,"supported"
"Astronotus_ocellatus","M1","schemeA_tobit",0.861730346714949,0.801813032328792,0.909963649835847,0.14651128230163,1,"supported"
"Aulonocara_stuartgranti","M1","schemeA_tobit",0.861730346714949,0.801813032328792,0.909963649835847,0.1166105662613,1,"supported"
"Copadichromis_virginalis","M1","schemeA_tobit",0.861730346714949,0.801813032328792,0.909963649835847,0.169106882952713,1,"supported"
"Diplotaxodon_limnothrissa","M1","schemeA_tobit",0.861730346714949,0.801813032328792,0.909963649835847,0.151414941731617,1,"supported"
"Haplochromis_nyererei","M1","schemeA_tobit",0.861730346714949,0.801813032328792,0.909963649835847,0.160025795258217,1,"supported"
"Maylandia_zebra","M1","schemeA_tobit",0.861730346714949,0.801813032328792,0.909963649835847,0.150201704107422,1,"supported"
"Mchenga_conophoros","M1","schemeA_tobit",0.861730346714949,0.801813032328792,0.909963649835847,0.153639449430287,1,"supported"
"Neolamprologus_brichardi","M1","schemeA_tobit",0.861730346714949,0.801813032328792,0.909963649835847,0.162679292753204,1,"supported"
"Neolamprologus_multifasciatus","M1","schemeA_tobit",0.861730346714949,0.801813032328792,0.909963649835847,0.174137596693541,1,"supported"
"Oreochromis_aureus","M1","schemeA_tobit",0.861730346714949,0.801813032328792,0.909963649835847,0.14161107794984,1,"supported"
"Oreochromis_niloticus","M1","schemeA_tobit",0.861730346714949,0.801813032328792,0.909963649835847,0.165688560792467,1,"supported"
"Pelmatolapia_mariae","M1","schemeA_tobit",0.861730346714949,0.801813032328792,0.909963649835847,0.158430345226453,1,"supported"
"Perissodus_microlepis","M1","schemeA_tobit",0.861730346714949,0.801813032328792,0.909963649835847,0.178238733536019,1,"supported"
"Pterophyllum_scalare","M1","schemeA_tobit",0.861730346714949,0.801813032328792,0.909963649835847,0.16403232159396,1,"supported"
"Rhamphochromis_longiceps","M1","schemeA_tobit",0.861730346714949,0.801813032328792,0.909963649835847,0.12849081256147,1,"supported"
"Sarotherodon_galilaeus","M1","schemeA_tobit",0.861730346714949,0.801813032328792,0.909963649835847,0.167730670011766,1,"supported"
"Simochromis_diagramma","M1","schemeA_tobit",0.861730346714949,0.801813032328792,0.909963649835847,0.142105410266349,1,"supported"
"Leuresthes_tenuis","M1","schemeA_tobit",0.612189066763255,0.367859277115996,0.825592334467187,0,1,"missing_input_extrapolation"
"Menidia_menidia","M1","schemeA_tobit",0.330758305789868,0.168562036377777,0.520327943398773,0,1,"supported"
"Odontesthes_bonariensis","M1","schemeA_tobit",0.1524623377999,0.0526999851235,0.3064302680432,0,0.908964329514292,"missing_input_extrapolation"
"Melanotaenia_boesemani","M1","schemeA_tobit",0.330758305789868,0.168562036377777,0.520327943398773,0,1,"supported"
"Telmatherina_bonti","M1","schemeA_tobit",0.330758305789868,0.168562036377777,0.520327943398773,0,1,"supported"
"Oryzias_javanicus","M1","schemeA_tobit",0.16654403568144,0.0605072657115449,0.321912983542003,0,0.927311366893441,"supported"
"Oryzias_latipes","M1","schemeA_tobit",0.154751270303099,0.0383527256960479,0.3421067158364,0,0.914877739729605,"missing_input_extrapolation"
"Oryzias_melastigma","M1","schemeA_tobit",0.16654403568144,0.0605072657115449,0.321912983542003,0,0.950962141349695,"supported"
"Xenentodon_cancila","M1","schemeA_tobit",0.63870878054796,0.509145206231361,0.759119431357818,0,1,"supported"
"Cololabis_saira","M1","schemeA_tobit",0.636666134153754,0.374076933649916,0.863763638384957,0,1,"supported"
"Anableps_anableps","M1","schemeA_tobit",0.216001833493118,0.0839336838811627,0.403803642116348,0,1,"supported"
"Cyprinodon_tularosa","M1","schemeA_tobit",0.396980582240349,0.231373416944949,0.579724179606928,0,1,"supported"
"Cyprinodon_variegatus","M1","schemeA_tobit",0.396980582240349,0.231373416944949,0.579724179606928,0,1,"supported"
"Fundulus_diaphanus","M1","schemeA_tobit",0.396980582240349,0.231373416944949,0.579724179606928,0,1,"supported"
"Fundulus_heteroclitus","M1","schemeA_tobit",0.396980582240349,0.231373416944949,0.579724179606928,0,1,"supported"
"Ameca_splendens","M1","schemeA_tobit",0.396980582240349,0.231373416944949,0.579724179606928,0,1,"supported"
"Crenichthys_baileyi","M1","schemeA_tobit",0.396980582240349,0.231373416944949,0.579724179606928,0,1,"supported"
"Girardinichthys_multiradiatus","M1","schemeA_tobit",0.70478412604708,0.596340604748013,0.802678414997011,0,1,"supported"
"Nothobranchius_furzeri","M1","schemeA_tobit",0.63870878054796,0.509145206231361,0.759119431357818,0,1,"supported"
"Nothobranchius_kadleci","M1","schemeA_tobit",0.63870878054796,0.509145206231361,0.759119431357818,0,1,"supported"
"Nothobranchius_pienaari","M1","schemeA_tobit",0.63870878054796,0.509145206231361,0.759119431357818,0,1,"supported"
"Nothobranchius_rachovii","M1","schemeA_tobit",0.63870878054796,0.509145206231361,0.759119431357818,0,1,"supported"
"Gambusia_affinis","M1","schemeA_tobit",0.396980582240349,0.231373416944949,0.579724179606928,0,1,"supported"
"Gambusia_holbrooki","M1","schemeA_tobit",0.396980582240349,0.231373416944949,0.579724179606928,0,1,"supported"
"Poecilia_formosa","M1","schemeA_tobit",0.396980582240349,0.231373416944949,0.579724179606928,0,1,"supported"
"Poecilia_latipinna","M1","schemeA_tobit",0.396980582240349,0.231373416944949,0.579724179606928,0,1,"supported"
"Poecilia_mexicana","M1","schemeA_tobit",0.396980582240349,0.231373416944949,0.579724179606928,0,1,"supported"
"Poecilia_reticulata","M1","schemeA_tobit",0.396980582240349,0.231373416944949,0.579724179606928,0,1,"supported"
"Poeciliopsis_prolifica","M1","schemeA_tobit",0.216001833493118,0.0839336838811627,0.403803642116348,0,1,"supported"
"Poropanchax_normani","M1","schemeA_tobit",0.396980582240349,0.231373416944949,0.579724179606928,0,1,"supported"
"Xiphophorus_couchianus","M1","schemeA_tobit",0.396980582240349,0.231373416944949,0.579724179606928,0,1,"supported"
"Xiphophorus_hellerii","M1","schemeA_tobit",0.396980582240349,0.231373416944949,0.579724179606928,0,1,"supported"
"Xiphophorus_maculatus","M1","schemeA_tobit",0.396980582240349,0.231373416944949,0.579724179606928,0,1,"supported"
"Austrofundulus_limnaeus","M1","schemeA_tobit",0.905737249153512,0.4141873823166,0.999990319907898,0.0251139457000519,1,"missing_input_extrapolation"
"Kryptolebias_marmoratus","M1","schemeA_tobit",0.813595571826302,0.690661020155222,0.906547991623165,0.0204159355573094,1,"supported"
"Nematolebias_whitei","M1","schemeA_tobit",0.330758305789868,0.168562036377777,0.520327943398773,0,1,"supported"
"Chelon_labrosus","M1","schemeA_tobit",0.852807996779892,0.672315720633162,0.965030651908456,0.114518158325341,1,"supported"
"Mugil_cephalus","M1","schemeA_tobit",0.852807996779892,0.672315720633162,0.965030651908456,0.118714940648286,1,"supported"
"Planiliza_haematocheilus","M1","schemeA_tobit",0.852807996779892,0.672315720633162,0.965030651908456,0.0856723859771981,1,"supported"
"Gouania_willdenowi","M1","schemeA_tobit",0.813595571826302,0.690661020155222,0.906547991623165,0.0496559796671162,1,"supported"
"Blennius_ocellaris","M1","schemeA_tobit",0.63870878054796,0.509145206231361,0.759119431357818,0,1,"supported"
"Lipophrys_pholis","M1","schemeA_tobit",0.63870878054796,0.509145206231361,0.759119431357818,0,1,"supported"
"Ophioblennius_macclurei","M1","schemeA_tobit",0.63870878054796,0.509145206231361,0.759119431357818,0,1,"supported"
"Salarias_fasciatus","M1","schemeA_tobit",0.869775312201547,0.480711395545895,0.997981880797513,0.0309426569591004,1,"missing_input_extrapolation"
"Cristiceps_australis","M1","schemeA_tobit",0.63870878054796,0.509145206231361,0.759119431357818,0,1,"supported"
"Dicentrarchus_labrax","M1","schemeA_tobit",0.216001833493118,0.0839336838811627,0.403803642116348,0,1,"supported"
"Morone_saxatilis","M1","schemeA_tobit",0.216001833493118,0.0839336838811627,0.403803642116348,0,1,"supported"
"Scatophagus_argus","M1","schemeA_tobit",0.861730346714949,0.801813032328792,0.909963649835847,0.147450438069769,1,"supported"
"Collichthys_lucidus","M1","schemeA_tobit",0.70478412604708,0.596340604748013,0.802678414997011,0,1,"supported"
"Larimichthys_crocea","M1","schemeA_tobit",0.70478412604708,0.596340604748013,0.802678414997011,0,1,"supported"
"Nibea_albiflora","M1","schemeA_tobit",0.70478412604708,0.596340604748013,0.802678414997011,0,1,"supported"
"Sciaenops_ocellatus","M1","schemeA_tobit",0.70478412604708,0.596340604748013,0.802678414997011,0,1,"supported"
"Siganus_canaliculatus","M1","schemeA_tobit",0.33849660363766,0.131157262664545,0.601247202077399,0,1,"supported"
"Ammodytes_marinus","M1","schemeA_tobit",0.636666134153754,0.374076933649916,0.863763638384957,0,1,"supported"
"Cheilinus_undulatus","M1","schemeA_tobit",0.33849660363766,0.131157262664545,0.601247202077399,0,1,"supported"
"Halichoeres_trimaculatus","M1","schemeA_tobit",0.636666134153754,0.374076933649916,0.863763638384957,0,1,"supported"
"Notolabrus_celidotus","M1","schemeA_tobit",0.63870878054796,0.509145206231361,0.759119431357818,0,1,"supported"
"Semicossyphus_pulcher","M1","schemeA_tobit",0.63870878054796,0.509145206231361,0.759119431357818,0,1,"supported"
"Thalassoma_bifasciatum","M1","schemeA_tobit",0.63870878054796,0.509145206231361,0.759119431357818,0,1,"supported"
"Xyrichtys_novacula","M1","schemeA_tobit",0.813595571826302,0.690661020155222,0.906547991623165,0.00123833254018829,1,"supported"
"Platax_orbicularis","M1","schemeA_tobit",0.70478412604708,0.596340604748013,0.802678414997011,0,1,"supported"
"Chaetodon_auriga","M1","schemeA_tobit",0.396980582240349,0.231373416944949,0.579724179606928,0,1,"supported"
"Chaetodon_trifascialis","M1","schemeA_tobit",0.861730346714949,0.801813032328792,0.909963649835847,0.153775438456325,1,"supported"
"Chelmon_rostratus","M1","schemeA_tobit",0.861730346714949,0.801813032328792,0.909963649835847,0.153837893810042,1,"supported"
"Caesio_teres","M1","schemeA_tobit",0.70478412604708,0.596340604748013,0.802678414997011,0,1,"supported"
"Lutjanus_erythropterus","M1","schemeA_tobit",0.70478412604708,0.596340604748013,0.802678414997011,0,1,"supported"
"Pristipomoides_typus","M1","schemeA_tobit",0.861730346714949,0.801813032328792,0.909963649835847,0.15300835271923,1,"supported"
"Symphorus_nematophorus","M1","schemeA_tobit",0.69894839840895,0.439782513449011,0.902197377320694,0,1,"supported"
"Lethrinus_nebulosus","M1","schemeA_tobit",0.70478412604708,0.596340604748013,0.802678414997011,0,1,"supported"
"Acanthopagrus_latus","M1","schemeA_tobit",0.63870878054796,0.509145206231361,0.759119431357818,0,1,"supported"
"Acanthopagrus_schlegelii","M1","schemeA_tobit",0.63870878054796,0.509145206231361,0.759119431357818,0,1,"supported"
"Pagrus_major","M1","schemeA_tobit",0.63870878054796,0.509145206231361,0.759119431357818,0,1,"supported"
"Pagrus_pagrus","M1","schemeA_tobit",0.63870878054796,0.509145206231361,0.759119431357818,0,1,"supported"
"Rhabdosargus_sarba","M1","schemeA_tobit",0.63870878054796,0.509145206231361,0.759119431357818,0,1,"supported"
"Sparus_aurata","M1","schemeA_tobit",0.63870878054796,0.509145206231361,0.759119431357818,0,1,"supported"
"Nelusetta_ayraud","M1","schemeA_tobit",0.636666134153754,0.374076933649916,0.863763638384957,0,1,"supported"
"Lateolabrax_japonicus","M1","schemeA_tobit",0.861730346714949,0.801813032328792,0.909963649835847,0.120956700311133,1,"supported"
"Lateolabrax_maculatus","M1","schemeA_tobit",0.861730346714949,0.801813032328792,0.909963649835847,0.147068189498168,1,"supported"
"Pempheris_klunzingeri","M1","schemeA_tobit",0.861730346714949,0.801813032328792,0.909963649835847,0.171180633755232,1,"supported"
"Micropterus_dolomieu","M1","schemeA_tobit",0.852807996779892,0.672315720633162,0.965030651908456,0.112564815588415,1,"supported"
"Micropterus_salmoides","M1","schemeA_tobit",0.852807996779892,0.672315720633162,0.965030651908456,0.106908728624223,1,"supported"
"Enoplosus_armatus","M1","schemeA_tobit",0.70478412604708,0.596340604748013,0.802678414997011,0,1,"supported"
"Oplegnathus_fasciatus","M1","schemeA_tobit",0.861730346714949,0.801813032328792,0.909963649835847,0.122311825407443,1,"supported"
"Oplegnathus_punctatus","M1","schemeA_tobit",0.861730346714949,0.801813032328792,0.909963649835847,0.150981076474084,1,"supported"
"Maccullochella_peelii","M1","schemeA_tobit",0.813595571826302,0.690661020155222,0.906547991623165,0,1,"supported"
"Siniperca_chuatsi","M1","schemeA_tobit",0.99708229416843,0.981767664851823,0.999993870707258,1,1,"supported"
"Siniperca_scherzeri","M1","schemeA_tobit",0.861730346714949,0.801813032328792,0.909963649835847,0.125035332672049,1,"supported"
"Scortum_barcoo","M1","schemeA_tobit",0.70478412604708,0.596340604748013,0.802678414997011,0,1,"supported"
"Anarhichas_minor","M1","schemeA_tobit",0.994742087493,0.967882701806056,0.999986201928963,1,1,"supported"
"Anarrhichthys_ocellatus","M1","schemeA_tobit",0.994742087493,0.967882701806056,0.999986201928963,0.985120497564874,1,"supported"
"Anoplopoma_fimbria","M1","schemeA_tobit",0.807034319302673,0.590172249989783,0.950461644741178,0.0148131557866159,1,"supported"
"Pogonophryne_albipinna","M1","schemeA_tobit",0.63870878054796,0.509145206231361,0.759119431357818,0,1,"supported"
"Gymnodraco_acuticeps","M1","schemeA_tobit",0.63870878054796,0.509145206231361,0.759119431357818,0,1,"supported"
"Cottoperca_gobio","M1","schemeA_tobit",0.861730346714949,0.801813032328792,0.909963649835847,0.136276339549141,1,"supported"
"Cebidichthys_violaceus","M1","schemeA_tobit",0.813595571826302,0.690661020155222,0.906547991623165,0.0166414850525589,1,"supported"
"Chaenocephalus_aceratus","M1","schemeA_tobit",0.63870878054796,0.509145206231361,0.759119431357818,0,1,"supported"
"Champsocephalus_esox","M1","schemeA_tobit",0.63870878054796,0.509145206231361,0.759119431357818,0,1,"supported"
"Champsocephalus_gunnari","M1","schemeA_tobit",0.63870878054796,0.509145206231361,0.759119431357818,0,1,"supported"
"Pseudochaenichthys_georgianus","M1","schemeA_tobit",0.63870878054796,0.509145206231361,0.759119431357818,0,1,"supported"
"Clinocottus_analis","M1","schemeA_tobit",0.869775312201547,0.480711395545895,0.997981880797513,0,1,"missing_input_extrapolation"
"Taurulus_bubalis","M1","schemeA_tobit",0.63870878054796,0.509145206231361,0.759119431357818,0,1,"supported"
"Cyclopterus_lumpus","M1","schemeA_tobit",0.861730346714949,0.801813032328792,0.909963649835847,0.153605500471033,1,"supported"
"Eleginops_maclovinus","M1","schemeA_tobit",0.813595571826302,0.690661020155222,0.906547991623165,0.0148702464069968,1,"supported"
"Cromileptes_altivelis","M1","schemeA_tobit",0.70478412604708,0.596340604748013,0.802678414997011,0,1,"supported"
"Epinephelus_bruneus","M1","schemeA_tobit",0.861730346714949,0.801813032328792,0.909963649835847,0.151938989141447,1,"supported"
"Epinephelus_coioides","M1","schemeA_tobit",0.861730346714949,0.801813032328792,0.909963649835847,0.164064304550571,1,"supported"
"Epinephelus_fuscoguttatus","M1","schemeA_tobit",0.861730346714949,0.801813032328792,0.909963649835847,0.157515505377501,1,"supported"
"Epinephelus_lanceolatus","M1","schemeA_tobit",0.861730346714949,0.801813032328792,0.909963649835847,0.159817276149901,1,"supported"
"Epinephelus_malabaricus","M1","schemeA_tobit",0.861730346714949,0.801813032328792,0.909963649835847,0.160736038424954,1,"supported"
"Epinephelus_multinotatus","M1","schemeA_tobit",0.861730346714949,0.801813032328792,0.909963649835847,0.144934428172849,1,"supported"
"Plectropomus_leopardus","M1","schemeA_tobit",0.70478412604708,0.596340604748013,0.802678414997011,0,1,"supported"
"Gasterosteus_aculeatus","M1","schemeA_tobit",0.330758305789868,0.168562036377777,0.520327943398773,0,1,"supported"
"Pungitius_pungitius","M1","schemeA_tobit",0.16654403568144,0.0605072657115449,0.321912983542003,0,0.926223203935171,"supported"
"Pungitius_sinensis","M1","schemeA_tobit",0.16654403568144,0.0605072657115449,0.321912983542003,0,0.938332300175223,"supported"
"Dissostichus_eleginoides","M1","schemeA_tobit",0.63870878054796,0.509145206231361,0.759119431357818,0,1,"supported"
"Dissostichus_mawsoni","M1","schemeA_tobit",0.63870878054796,0.509145206231361,0.759119431357818,0,1,"supported"
"Notothenia_rossii","M1","schemeA_tobit",0.63870878054796,0.509145206231361,0.759119431357818,0,1,"supported"
"Pagothenia_borchgrevinki","M1","schemeA_tobit",0.63870878054796,0.509145206231361,0.759119431357818,0,1,"supported"
"Trematomus_bernacchii","M1","schemeA_tobit",0.63870878054796,0.509145206231361,0.759119431357818,0,1,"supported"
"Etheostoma_cragini","M1","schemeA_tobit",0.330758305789868,0.168562036377777,0.520327943398773,0,1,"supported"
"Perca_flavescens","M1","schemeA_tobit",0.813595571826302,0.690661020155222,0.906547991623165,0,1,"supported"
"Perca_fluviatilis","M1","schemeA_tobit",0.813595571826302,0.690661020155222,0.906547991623165,0,1,"supported"
"Sander_lucioperca","M1","schemeA_tobit",0.813595571826302,0.690661020155222,0.906547991623165,0.0285469959554314,1,"supported"
"Sander_vitreus","M1","schemeA_tobit",0.813595571826302,0.690661020155222,0.906547991623165,0.026705763060944,1,"supported"
"Pholis_gunnellus","M1","schemeA_tobit",0.994742087493,0.967882701806056,0.999986201928963,0.980155574974375,1,"supported"
"Sebastes_fasciatus","M1","schemeA_tobit",0.70478412604708,0.596340604748013,0.802678414997011,0,1,"supported"
"Sebastes_schlegelii","M1","schemeA_tobit",0.861730346714949,0.801813032328792,0.909963649835847,0.166661809584723,1,"supported"
"Sebastes_umbrosus","M1","schemeA_tobit",0.861730346714949,0.801813032328792,0.909963649835847,0.164333196445153,1,"supported"
"Centropristis_striata","M1","schemeA_tobit",0.70478412604708,0.596340604748013,0.802678414997011,0,1,"supported"
"Echiichthys_vipera","M1","schemeA_tobit",0.861730346714949,0.801813032328792,0.909963649835847,0.156651322128655,1,"supported"
"Eutrigla_gurnardus","M1","schemeA_tobit",0.63870878054796,0.509145206231361,0.759119431357818,0,1,"supported"
"Lycodes_pacificus","M1","schemeA_tobit",0.994742087493,0.967882701806056,0.999986201928963,1,1,"supported"
"Melanostigma_gelatinosum","M1","schemeA_tobit",0.994742087493,0.967882701806056,0.999986201928963,1,1,"supported"
"Zoarces_viviparus","M1","schemeA_tobit",0.994742087493,0.967882701806056,0.999986201928963,1,1,"supported"
"Erpetoichthys_calabaricus","M2","binary",0.339515953006503,0.129525577662802,0.607196915687302,NA,NA,"missing_input_extrapolation"
"Polypterus_senegalus","M2","binary",0.339515953006503,0.129525577662802,0.607196915687302,NA,NA,"missing_input_extrapolation"
"Acipenser_oxyrinchus","M2","binary",0.335063993556162,0.10344697942316,0.646616207304719,NA,NA,"missing_input_extrapolation"
"Acipenser_ruthenus","M2","binary",0.335063993556162,0.10344697942316,0.646616207304719,NA,NA,"missing_input_extrapolation"
"Acipenser_sinensis","M2","binary",0.335063993556162,0.10344697942316,0.646616207304719,NA,NA,"missing_input_extrapolation"
"Huso_huso","M2","binary",0.335063993556162,0.10344697942316,0.646616207304719,NA,NA,"missing_input_extrapolation"
"Polyodon_spathula","M2","binary",0.335063993556162,0.10344697942316,0.646616207304719,NA,NA,"missing_input_extrapolation"
"Amia_ocellicauda","M2","binary",0.335063993556162,0.10344697942316,0.646616207304719,NA,NA,"missing_input_extrapolation"
"Atractosteus_spatula","M2","binary",0.25183166423537,0.0877220908873708,0.488981526156761,NA,NA,"missing_input_extrapolation"
"Lepisosteus_oculatus","M2","binary",0.25183166423537,0.0877220908873708,0.488981526156761,NA,NA,"missing_input_extrapolation"
"Megalops_atlanticus","M2","binary",0.433934211778117,0.223645913869691,0.665427327014111,NA,NA,"missing_input_extrapolation"
"Megalops_cyprinoides","M2","binary",0.433934211778117,0.223645913869691,0.665427327014111,NA,NA,"missing_input_extrapolation"
"Albula_glossodonta","M2","binary",0.25183166423537,0.0877220908873708,0.488981526156761,NA,NA,"missing_input_extrapolation"
"Albula_goreensis","M2","binary",0.25183166423537,0.0877220908873708,0.488981526156761,NA,NA,"missing_input_extrapolation"
"Aldrovandia_affinis","M2","binary",0.339515953006503,0.129525577662802,0.607196915687302,NA,NA,"missing_input_extrapolation"
"Anguilla_anguilla","M2","binary",0.25183166423537,0.0877220908873708,0.488981526156761,NA,NA,"missing_input_extrapolation"
"Anguilla_japonica","M2","binary",0.339515953006503,0.129525577662802,0.607196915687302,NA,NA,"missing_input_extrapolation"
"Anguilla_rostrata","M2","binary",0.339515953006503,0.129525577662802,0.607196915687302,NA,NA,"missing_input_extrapolation"
"Conger_conger","M2","binary",0.25183166423537,0.0877220908873708,0.488981526156761,NA,NA,"missing_input_extrapolation"
"Gymnothorax_javanicus","M2","binary",0.25183166423537,0.0877220908873708,0.488981526156761,NA,NA,"missing_input_extrapolation"
"Synaphobranchus_kaupii","M2","binary",0.339515953006503,0.129525577662802,0.607196915687302,NA,NA,"missing_input_extrapolation"
"Arapaima_gigas","M2","binary",0.431032957995849,0.153292070331476,0.742410227020139,NA,NA,"missing_input_extrapolation"
"Brienomyrus_brachyistius","M2","binary",0.25183166423537,0.0877220908873708,0.488981526156761,NA,NA,"missing_input_extrapolation"
"Paramormyrops_kingsleyae","M2","binary",0.371607093202816,0.12074833204783,0.679924764182002,NA,NA,"missing_input_extrapolation"
"Scleropages_formosus","M2","binary",0.334181689700703,0.145895806658872,0.563964899936413,NA,NA,"missing_input_extrapolation"
"Hiodon_alosoides","M2","binary",0.25183166423537,0.0877220908873708,0.488981526156761,NA,NA,"missing_input_extrapolation"
"Alosa_alosa","M2","binary",0.335063993556162,0.10344697942316,0.646616207304719,NA,NA,"missing_input_extrapolation"
"Alosa_pseudoharengus","M2","binary",0.335063993556162,0.10344697942316,0.646616207304719,NA,NA,"missing_input_extrapolation"
"Alosa_sapidissima","M2","binary",0.335063993556162,0.10344697942316,0.646616207304719,NA,NA,"missing_input_extrapolation"
"Sardina_pilchardus","M2","binary",0.335063993556162,0.10344697942316,0.646616207304719,NA,NA,"missing_input_extrapolation"
"Clupea_harengus","M2","binary",0.335063993556162,0.10344697942316,0.646616207304719,NA,NA,"missing_input_extrapolation"
"Sprattus_sprattus","M2","binary",0.335063993556162,0.10344697942316,0.646616207304719,NA,NA,"missing_input_extrapolation"
"Denticeps_clupeoides","M2","binary",0.335063993556162,0.10344697942316,0.646616207304719,NA,NA,"missing_input_extrapolation"
"Coilia_grayii","M2","binary",0.25183166423537,0.0877220908873708,0.488981526156761,NA,NA,"missing_input_extrapolation"
"Coilia_mystus","M2","binary",0.371607093202816,0.12074833204783,0.679924764182002,NA,NA,"missing_input_extrapolation"
"Engraulis_encrasicolus","M2","binary",0.334181689700703,0.145895806658872,0.563964899936413,NA,NA,"missing_input_extrapolation"
"Chanos_chanos","M2","binary",0.25183166423537,0.0877220908873708,0.488981526156761,NA,NA,"missing_input_extrapolation"
"Myxocyprinus_asiaticus","M2","binary",0.334181689700703,0.145895806658872,0.563964899936413,NA,NA,"missing_input_extrapolation"
"Xyrauchen_texanus","M2","binary",0.25183166423537,0.0877220908873708,0.488981526156761,NA,NA,"missing_input_extrapolation"
"Misgurnus_anguillicaudatus","M2","binary",0.334181689700703,0.145895806658872,0.563964899936413,NA,NA,"missing_input_extrapolation"
"Paramisgurnus_dabryanus","M2","binary",0.427282489362537,0.165696483005184,0.723604078797686,NA,NA,"missing_input_extrapolation"
"Abramis_brama","M2","binary",0.25183166423537,0.0877220908873708,0.488981526156761,NA,NA,"missing_input_extrapolation"
"Barbus_barbus","M2","binary",0.25183166423537,0.0877220908873708,0.488981526156761,NA,NA,"missing_input_extrapolation"
"Carassius_auratus","M2","binary",0.25183166423537,0.0877220908873708,0.488981526156761,NA,NA,"missing_input_extrapolation"
"Carassius_carassius","M2","binary",0.25183166423537,0.0877220908873708,0.488981526156761,NA,NA,"missing_input_extrapolation"
"Carassius_gibelio","M2","binary",0.25183166423537,0.0877220908873708,0.488981526156761,NA,NA,"missing_input_extrapolation"
"Chanodichthys_erythropterus","M2","binary",0.25183166423537,0.0877220908873708,0.488981526156761,NA,NA,"missing_input_extrapolation"
"Cirrhinus_molitorella","M2","binary",0.25183166423537,0.0877220908873708,0.488981526156761,NA,NA,"missing_input_extrapolation"
"Ctenopharyngodon_idella","M2","binary",0.25183166423537,0.0877220908873708,0.488981526156761,NA,NA,"missing_input_extrapolation"
"Culter_alburnus","M2","binary",0.25183166423537,0.0877220908873708,0.488981526156761,NA,NA,"missing_input_extrapolation"
"Cyprinella_venusta","M2","binary",0.339515953006503,0.129525577662802,0.607196915687302,NA,NA,"missing_input_extrapolation"
"Cyprinus_carpio","M2","binary",0.25183166423537,0.0877220908873708,0.488981526156761,NA,NA,"missing_input_extrapolation"
"Danio_aesculapii","M2","binary",0.334181689700703,0.145895806658872,0.563964899936413,NA,NA,"missing_input_extrapolation"
"Danio_rerio","M2","binary",0.334181689700703,0.145895806658872,0.563964899936413,NA,NA,"missing_input_extrapolation"
"Garra_rufa","M2","binary",0.25183166423537,0.0877220908873708,0.488981526156761,NA,NA,"missing_input_extrapolation"
"Hemiculter_leucisculus","M2","binary",0.25183166423537,0.0877220908873708,0.488981526156761,NA,NA,"missing_input_extrapolation"
"Labeo_rohita","M2","binary",0.371607093202816,0.12074833204783,0.679924764182002,NA,NA,"missing_input_extrapolation"
"Leuciscus_chuanchicus","M2","binary",0.25183166423537,0.0877220908873708,0.488981526156761,NA,NA,"missing_input_extrapolation"
"Leuciscus_leuciscus","M2","binary",0.25183166423537,0.0877220908873708,0.488981526156761,NA,NA,"missing_input_extrapolation"
"Leuciscus_waleckii","M2","binary",0.25183166423537,0.0877220908873708,0.488981526156761,NA,NA,"missing_input_extrapolation"
"Megalobrama_amblycephala","M2","binary",0.25183166423537,0.0877220908873708,0.488981526156761,NA,NA,"missing_input_extrapolation"
"Mylopharyngodon_piceus","M2","binary",0.25183166423537,0.0877220908873708,0.488981526156761,NA,NA,"missing_input_extrapolation"
"Onychostoma_macrolepis","M2","binary",0.25183166423537,0.0877220908873708,0.488981526156761,NA,NA,"missing_input_extrapolation"
"Phoxinus_phoxinus","M2","binary",0.25183166423537,0.0877220908873708,0.488981526156761,NA,NA,"missing_input_extrapolation"
"Pimephales_promelas","M2","binary",0.25183166423537,0.0877220908873708,0.488981526156761,NA,NA,"missing_input_extrapolation"
"Pseudorasbora_parva","M2","binary",0.335063993556162,0.10344697942316,0.646616207304719,NA,NA,"missing_input_extrapolation"
"Puntigrus_tetrazona","M2","binary",0.25183166423537,0.0877220908873708,0.488981526156761,NA,NA,"missing_input_extrapolation"
"Rutilus_rutilus","M2","binary",0.25183166423537,0.0877220908873708,0.488981526156761,NA,NA,"missing_input_extrapolation"
"Scardinius_erythrophthalmus","M2","binary",0.25183166423537,0.0877220908873708,0.488981526156761,NA,NA,"missing_input_extrapolation"
"Sinocyclocheilus_anshuiensis","M2","binary",0.25183166423537,0.0877220908873708,0.488981526156761,NA,NA,"missing_input_extrapolation"
"Sinocyclocheilus_grahami","M2","binary",0.25183166423537,0.0877220908873708,0.488981526156761,NA,NA,"missing_input_extrapolation"
"Sinocyclocheilus_rhinocerous","M2","binary",0.25183166423537,0.0877220908873708,0.488981526156761,NA,NA,"missing_input_extrapolation"
"Siphateles_boraxobius","M2","binary",0.25183166423537,0.0877220908873708,0.488981526156761,NA,NA,"missing_input_extrapolation"
"Squalius_cephalus","M2","binary",0.25183166423537,0.0877220908873708,0.488981526156761,NA,NA,"missing_input_extrapolation"
"Gobio_gobio","M2","binary",0.25183166423537,0.0877220908873708,0.488981526156761,NA,NA,"missing_input_extrapolation"
"Rhinichthys_klamathensis","M2","binary",0.25183166423537,0.0877220908873708,0.488981526156761,NA,NA,"missing_input_extrapolation"
"Barbatula_barbatula","M2","binary",0.334181689700703,0.145895806658872,0.563964899936413,NA,NA,"missing_input_extrapolation"
"Triplophysa_dalaica","M2","binary",0.334181689700703,0.145895806658872,0.563964899936413,NA,NA,"missing_input_extrapolation"
"Triplophysa_rosa","M2","binary",0.371607093202816,0.12074833204783,0.679924764182002,NA,NA,"missing_input_extrapolation"
"Astyanax_lacustris","M2","binary",0.371607093202816,0.12074833204783,0.679924764182002,NA,NA,"missing_input_extrapolation"
"Astyanax_mexicanus","M2","binary",0.371607093202816,0.12074833204783,0.679924764182002,NA,NA,"missing_input_extrapolation"
"Salminus_brasiliensis","M2","binary",0.371607093202816,0.12074833204783,0.679924764182002,NA,NA,"missing_input_extrapolation"
"Hoplias_malabaricus","M2","binary",0.661640651203397,0.34679858475829,0.891427774183069,NA,NA,"missing_input_extrapolation"
"Prochilodus_magdalenae","M2","binary",0.339515953006503,0.129525577662802,0.607196915687302,NA,NA,"missing_input_extrapolation"
"Acnodon_oligacanthus","M2","binary",0.371607093202816,0.12074833204783,0.679924764182002,NA,NA,"missing_input_extrapolation"
"Colossoma_macropomum","M2","binary",0.371607093202816,0.12074833204783,0.679924764182002,NA,NA,"missing_input_extrapolation"
"Metynnis_hypsauchen","M2","binary",0.371607093202816,0.12074833204783,0.679924764182002,NA,NA,"missing_input_extrapolation"
"Pygocentrus_nattereri","M2","binary",0.371607093202816,0.12074833204783,0.679924764182002,NA,NA,"missing_input_extrapolation"
"Serrasalmus_rhombeus","M2","binary",0.661640651203397,0.34679858475829,0.891427774183069,NA,NA,"missing_input_extrapolation"
"Electrophorus_electricus","M2","binary",0.535667441173444,0.256112752207846,0.795481314062681,NA,NA,"missing_input_extrapolation"
"Electrophorus_voltai","M2","binary",0.661640651203397,0.34679858475829,0.891427774183069,NA,NA,"missing_input_extrapolation"
"Brachyhypopomus_gauderio","M2","binary",0.661640651203397,0.34679858475829,0.891427774183069,NA,NA,"missing_input_extrapolation"
"Neoarius_graeffei","M2","binary",0.371607093202816,0.12074833204783,0.679924764182002,NA,NA,"missing_input_extrapolation"
"Hemibagrus_guttatus","M2","binary",0.25183166423537,0.0877220908873708,0.488981526156761,NA,NA,"missing_input_extrapolation"
"Hemibagrus_wyckioides","M2","binary",0.25183166423537,0.0877220908873708,0.488981526156761,NA,NA,"missing_input_extrapolation"
"Tachysurus_fulvidraco","M2","binary",0.371607093202816,0.12074833204783,0.679924764182002,NA,NA,"missing_input_extrapolation"
"Tachysurus_vachellii","M2","binary",0.371607093202816,0.12074833204783,0.679924764182002,NA,NA,"missing_input_extrapolation"
"Clarias_gariepinus","M2","binary",0.371607093202816,0.12074833204783,0.679924764182002,NA,NA,"missing_input_extrapolation"
"Clarias_magur","M2","binary",0.371607093202816,0.12074833204783,0.679924764182002,NA,NA,"missing_input_extrapolation"
"Ictalurus_furcatus","M2","binary",0.371607093202816,0.12074833204783,0.679924764182002,NA,NA,"missing_input_extrapolation"
"Ictalurus_punctatus","M2","binary",0.25183166423537,0.0877220908873708,0.488981526156761,NA,NA,"missing_input_extrapolation"
"Pangasianodon_gigas","M2","binary",0.470264374961274,0.189417230075157,0.766261051705449,NA,NA,"missing_input_extrapolation"
"Pangasianodon_hypophthalmus","M2","binary",0.371607093202816,0.12074833204783,0.679924764182002,NA,NA,"missing_input_extrapolation"
"Silurus_aristotelis","M2","binary",0.371607093202816,0.12074833204783,0.679924764182002,NA,NA,"missing_input_extrapolation"
"Silurus_asotus","M2","binary",0.371607093202816,0.12074833204783,0.679924764182002,NA,NA,"missing_input_extrapolation"
"Silurus_meridionalis","M2","binary",0.371607093202816,0.12074833204783,0.679924764182002,NA,NA,"missing_input_extrapolation"
"Trichomycterus_rosablanca","M2","binary",0.470264374961274,0.189417230075157,0.766261051705449,NA,NA,"missing_input_extrapolation"
"Nansenia_antarctica","M2","binary",0.535667441173444,0.256112752207846,0.795481314062681,NA,NA,"missing_input_extrapolation"
"Galaxias_brevipinnis","M2","binary",0.714809445840694,0.412441113751,0.916267543167334,NA,NA,"missing_input_extrapolation"
"Coregonus_albula","M2","binary",0.339515953006503,0.129525577662802,0.607196915687302,NA,NA,"missing_input_extrapolation"
"Coregonus_clupeaformis","M2","binary",0.339515953006503,0.129525577662802,0.607196915687302,NA,NA,"missing_input_extrapolation"
"Coregonus_lavaretus","M2","binary",0.339515953006503,0.129525577662802,0.607196915687302,NA,NA,"missing_input_extrapolation"
"Coregonus_suidteri","M2","binary",0.339515953006503,0.129525577662802,0.607196915687302,NA,NA,"missing_input_extrapolation"
"Oncorhynchus_clarkii","M2","binary",0.339515953006503,0.129525577662802,0.607196915687302,NA,NA,"missing_input_extrapolation"
"Oncorhynchus_gorbuscha","M2","binary",0.339515953006503,0.129525577662802,0.607196915687302,NA,NA,"missing_input_extrapolation"
"Oncorhynchus_keta","M2","binary",0.339515953006503,0.129525577662802,0.607196915687302,NA,NA,"missing_input_extrapolation"
"Oncorhynchus_kisutch","M2","binary",0.339515953006503,0.129525577662802,0.607196915687302,NA,NA,"missing_input_extrapolation"
"Oncorhynchus_masou","M2","binary",0.339515953006503,0.129525577662802,0.607196915687302,NA,NA,"missing_input_extrapolation"
"Oncorhynchus_mykiss","M2","binary",0.339515953006503,0.129525577662802,0.607196915687302,NA,NA,"missing_input_extrapolation"
"Oncorhynchus_nerka","M2","binary",0.339515953006503,0.129525577662802,0.607196915687302,NA,NA,"missing_input_extrapolation"
"Oncorhynchus_tshawytscha","M2","binary",0.339515953006503,0.129525577662802,0.607196915687302,NA,NA,"missing_input_extrapolation"
"Salmo_salar","M2","binary",0.339515953006503,0.129525577662802,0.607196915687302,NA,NA,"missing_input_extrapolation"
"Salmo_trutta","M2","binary",0.339515953006503,0.129525577662802,0.607196915687302,NA,NA,"missing_input_extrapolation"
"Salvelinus_alpinus","M2","binary",0.339515953006503,0.129525577662802,0.607196915687302,NA,NA,"missing_input_extrapolation"
"Salvelinus_fontinalis","M2","binary",0.339515953006503,0.129525577662802,0.607196915687302,NA,NA,"missing_input_extrapolation"
"Salvelinus_namaycush","M2","binary",0.339515953006503,0.129525577662802,0.607196915687302,NA,NA,"missing_input_extrapolation"
"Dallia_pectoralis","M2","binary",0.339515953006503,0.129525577662802,0.607196915687302,NA,NA,"missing_input_extrapolation"
"Esox_lucius","M2","binary",0.339515953006503,0.129525577662802,0.607196915687302,NA,NA,"missing_input_extrapolation"
"Umbra_pygmaea","M2","binary",0.339515953006503,0.129525577662802,0.607196915687302,NA,NA,"missing_input_extrapolation"
"Hypomesus_nipponensis","M2","binary",0.659571750236207,0.363745846494395,0.882439137255357,NA,NA,"supported"
"Hypomesus_transpacificus","M2","binary",0.659571750236207,0.363745846494395,0.882439137255357,NA,NA,"supported"
"Osmerus_eperlanus","M2","binary",0.659571750236207,0.363745846494395,0.882439137255357,NA,NA,"supported"
"Osmerus_mordax","M2","binary",0.659571750236207,0.363745846494395,0.882439137255357,NA,NA,"supported"
"Benthosema_glaciale","M2","binary",0.447394670004119,0.232248525261165,0.675549062308153,NA,NA,"supported"
"Electrona_antarctica","M2","binary",0.555049947968311,0.380104166389548,0.720533676310487,NA,NA,"supported"
"Gymnoscopelus_braueri","M2","binary",0.555049947968311,0.380104166389548,0.720533676310487,NA,NA,"supported"
"Gymnoscopelus_microlampas","M2","binary",0.555049947968311,0.380104166389548,0.720533676310487,NA,NA,"supported"
"Nannobrachium_achirus","M2","binary",0.555049947968311,0.380104166389548,0.720533676310487,NA,NA,"supported"
"Protomyctophum_bolini","M2","binary",0.555049947968311,0.380104166389548,0.720533676310487,NA,NA,"supported"
"Protomyctophum_parallelum","M2","binary",0.555049947968311,0.380104166389548,0.720533676310487,NA,NA,"supported"
"Polymixia_hollisterae","M2","binary",0.568778769391768,0.359267273216779,0.763846381001753,NA,NA,"supported"
"Polymixia_lowei","M2","binary",0.568778769391768,0.359267273216779,0.763846381001753,NA,NA,"supported"
"Centroberyx_affinis","M2","binary",0.45116473464551,0.210833487426018,0.710559264926396,NA,NA,"supported"
"Centroberyx_gerrardi","M2","binary",0.545360559773642,0.253395571226013,0.815625356307163,NA,NA,"supported"
"Poromitra_crassiceps","M2","binary",0.367140085385042,0.125899814995675,0.675486519243205,NA,NA,"supported"
"Myripristis_murdjan","M2","binary",0.555049947968311,0.380104166389548,0.720533676310487,NA,NA,"supported"
"Lucifuga_dentata","M2","binary",0.433934211778117,0.223645913869691,0.665427327014111,NA,NA,"missing_input_extrapolation"
"Genypterus_blacodes","M2","binary",0.465739544061705,0.206112471140374,0.741980173374473,NA,NA,"supported"
"Arripis_georgiana","M2","binary",0.822754651490241,0.747141831635261,0.885851296252327,NA,NA,"supported"
"Katsuwonus_pelamis","M2","binary",0.822754651490241,0.747141831635261,0.885851296252327,NA,NA,"supported"
"Sarda_sarda","M2","binary",0.829328358144598,0.730112916283055,0.908411631044891,NA,NA,"supported"
"Scomber_japonicus","M2","binary",0.829328358144598,0.730112916283055,0.908411631044891,NA,NA,"supported"
"Scomber_scombrus","M2","binary",0.750459632240099,0.539632532083075,0.899616104158428,NA,NA,"supported"
"Thunnus_alalunga","M2","binary",0.822754651490241,0.747141831635261,0.885851296252327,NA,NA,"supported"
"Thunnus_albacares","M2","binary",0.822754651490241,0.747141831635261,0.885851296252327,NA,NA,"supported"
"Thunnus_atlanticus","M2","binary",0.822754651490241,0.747141831635261,0.885851296252327,NA,NA,"supported"
"Thunnus_maccoyii","M2","binary",0.822754651490241,0.747141831635261,0.885851296252327,NA,NA,"supported"
"Thunnus_obesus","M2","binary",0.822754651490241,0.747141831635261,0.885851296252327,NA,NA,"supported"
"Thunnus_orientalis","M2","binary",0.822754651490241,0.747141831635261,0.885851296252327,NA,NA,"supported"
"Thunnus_thynnus","M2","binary",0.822754651490241,0.747141831635261,0.885851296252327,NA,NA,"supported"
"Thunnus_tonggol","M2","binary",0.822754651490241,0.747141831635261,0.885851296252327,NA,NA,"supported"
"Pampus_argenteus","M2","binary",0.829328358144598,0.730112916283055,0.908411631044891,NA,NA,"supported"
"Pampus_punctatissimus","M2","binary",0.829328358144598,0.730112916283055,0.908411631044891,NA,NA,"supported"
"Aulostomus_chinensis","M2","binary",0.568778769391768,0.359267273216779,0.763846381001753,NA,NA,"supported"
"Fistularia_commersonii","M2","binary",0.730493712960215,0.535347876013168,0.876889982893332,NA,NA,"missing_input_extrapolation"
"Pterapogon_kauderni","M2","binary",0.657626011782432,0.401327513883495,0.860390629437804,NA,NA,"supported"
"Sphaeramia_orbicularis","M2","binary",0.829328358144598,0.730112916283055,0.908411631044891,NA,NA,"supported"
"Oxyeleotris_marmorata","M2","binary",0.822754651490241,0.747141831635261,0.885851296252327,NA,NA,"supported"
"Boleophthalmus_pectinirostris","M2","binary",0.822754651490241,0.747141831635261,0.885851296252327,NA,NA,"supported"
"Eucyclogobius_newberryi","M2","binary",0.829328358144598,0.730112916283055,0.908411631044891,NA,NA,"supported"
"Gobius_niger","M2","binary",0.750459632240099,0.539632532083075,0.899616104158428,NA,NA,"supported"
"Knipowitschia_caucasica","M2","binary",0.829328358144598,0.730112916283055,0.908411631044891,NA,NA,"supported"
"Mugilogobius_chulae","M2","binary",0.829328358144598,0.730112916283055,0.908411631044891,NA,NA,"supported"
"Periophthalmus_magnuspinnatus","M2","binary",0.829328358144598,0.730112916283055,0.908411631044891,NA,NA,"supported"
"Mastacembelus_armatus","M2","binary",0.822754651490241,0.747141831635261,0.885851296252327,NA,NA,"supported"
"Monopterus_albus","M2","binary",0.822754651490241,0.747141831635261,0.885851296252327,NA,NA,"supported"
"Anabas_testudineus","M2","binary",0.555049947968311,0.380104166389548,0.720533676310487,NA,NA,"supported"
"Channa_argus","M2","binary",0.555049947968311,0.380104166389548,0.720533676310487,NA,NA,"supported"
"Channa_striata","M2","binary",0.568778769391768,0.359267273216779,0.763846381001753,NA,NA,"supported"
"Betta_splendens","M2","binary",0.462346328703196,0.220826514487336,0.723516938569486,NA,NA,"supported"
"Trichopodus_trichopterus","M2","binary",0.568778769391768,0.359267273216779,0.763846381001753,NA,NA,"supported"
"Lates_calcarifer","M2","binary",0.730493712960215,0.535347876013168,0.876889982893332,NA,NA,"missing_input_extrapolation"
"Lates_japonicus","M2","binary",0.829328358144598,0.730112916283055,0.908411631044891,NA,NA,"supported"
"Eleutheronema_tetradactylum","M2","binary",0.822754651490241,0.747141831635261,0.885851296252327,NA,NA,"supported"
"Toxotes_jaculatrix","M2","binary",0.822754651490241,0.747141831635261,0.885851296252327,NA,NA,"supported"
"Xiphias_gladius","M2","binary",0.742231854569084,0.559790381829588,0.877335395642984,NA,NA,"supported"
"Caranx_melampygus","M2","binary",0.829328358144598,0.730112916283055,0.908411631044891,NA,NA,"supported"
"Seriola_dumerili","M2","binary",0.829328358144598,0.730112916283055,0.908411631044891,NA,NA,"supported"
"Seriola_lalandi","M2","binary",0.829328358144598,0.730112916283055,0.908411631044891,NA,NA,"supported"
"Trachinotus_anak","M2","binary",0.822754651490241,0.747141831635261,0.885851296252327,NA,NA,"supported"
"Trachurus_japonicus","M2","binary",0.829328358144598,0.730112916283055,0.908411631044891,NA,NA,"supported"
"Trachurus_trachurus","M2","binary",0.829328358144598,0.730112916283055,0.908411631044891,NA,NA,"supported"
"Echeneis_naucrates","M2","binary",0.829328358144598,0.730112916283055,0.908411631044891,NA,NA,"supported"
"Paralichthys_olivaceus","M2","binary",0.829328358144598,0.730112916283055,0.908411631044891,NA,NA,"supported"
"Hippoglossus_hippoglossus","M2","binary",0.829328358144598,0.730112916283055,0.908411631044891,NA,NA,"supported"
"Hippoglossus_stenolepis","M2","binary",0.829328358144598,0.730112916283055,0.908411631044891,NA,NA,"supported"
"Limanda_limanda","M2","binary",0.829328358144598,0.730112916283055,0.908411631044891,NA,NA,"supported"
"Platichthys_flesus","M2","binary",0.829328358144598,0.730112916283055,0.908411631044891,NA,NA,"supported"
"Platichthys_stellatus","M2","binary",0.829328358144598,0.730112916283055,0.908411631044891,NA,NA,"supported"
"Pleuronectes_platessa","M2","binary",0.829328358144598,0.730112916283055,0.908411631044891,NA,NA,"supported"
"Scophthalmus_maximus","M2","binary",0.829328358144598,0.730112916283055,0.908411631044891,NA,NA,"supported"
"Microchirus_variegatus","M2","binary",0.586439839941599,0.30890455734453,0.825156253178087,NA,NA,"missing_input_extrapolation"
"Solea_senegalensis","M2","binary",0.586439839941599,0.30890455734453,0.825156253178087,NA,NA,"missing_input_extrapolation"
"Solea_solea","M2","binary",0.586439839941599,0.30890455734453,0.825156253178087,NA,NA,"missing_input_extrapolation"
"Parambassis_ranga","M2","binary",0.822754651490241,0.747141831635261,0.885851296252327,NA,NA,"supported"
"Brachyistius_frenatus","M2","binary",0.829328358144598,0.730112916283055,0.908411631044891,NA,NA,"supported"
"Embiotoca_jacksoni","M2","binary",0.829328358144598,0.730112916283055,0.908411631044891,NA,NA,"supported"
"Acanthochromis_polyacanthus","M2","binary",0.75055209765123,0.523044857086258,0.906908860696052,NA,NA,"supported"
"Amphiprion_ocellaris","M2","binary",0.75055209765123,0.523044857086258,0.906908860696052,NA,NA,"supported"
"Stegastes_partitus","M2","binary",0.822754651490241,0.747141831635261,0.885851296252327,NA,NA,"supported"
"Andinoacara_rivulatus","M2","binary",0.822754651490241,0.747141831635261,0.885851296252327,NA,NA,"supported"
"Archocentrus_centrarchus","M2","binary",0.822754651490241,0.747141831635261,0.885851296252327,NA,NA,"supported"
"Astatotilapia_burtoni","M2","binary",0.822754651490241,0.747141831635261,0.885851296252327,NA,NA,"supported"
"Astatotilapia_calliptera","M2","binary",0.822754651490241,0.747141831635261,0.885851296252327,NA,NA,"supported"
"Astronotus_ocellatus","M2","binary",0.822754651490241,0.747141831635261,0.885851296252327,NA,NA,"supported"
"Aulonocara_stuartgranti","M2","binary",0.822754651490241,0.747141831635261,0.885851296252327,NA,NA,"supported"
"Copadichromis_virginalis","M2","binary",0.822754651490241,0.747141831635261,0.885851296252327,NA,NA,"supported"
"Diplotaxodon_limnothrissa","M2","binary",0.822754651490241,0.747141831635261,0.885851296252327,NA,NA,"supported"
"Haplochromis_nyererei","M2","binary",0.822754651490241,0.747141831635261,0.885851296252327,NA,NA,"supported"
"Maylandia_zebra","M2","binary",0.822754651490241,0.747141831635261,0.885851296252327,NA,NA,"supported"
"Mchenga_conophoros","M2","binary",0.822754651490241,0.747141831635261,0.885851296252327,NA,NA,"supported"
"Neolamprologus_brichardi","M2","binary",0.822754651490241,0.747141831635261,0.885851296252327,NA,NA,"supported"
"Neolamprologus_multifasciatus","M2","binary",0.822754651490241,0.747141831635261,0.885851296252327,NA,NA,"supported"
"Oreochromis_aureus","M2","binary",0.822754651490241,0.747141831635261,0.885851296252327,NA,NA,"supported"
"Oreochromis_niloticus","M2","binary",0.822754651490241,0.747141831635261,0.885851296252327,NA,NA,"supported"
"Pelmatolapia_mariae","M2","binary",0.822754651490241,0.747141831635261,0.885851296252327,NA,NA,"supported"
"Perissodus_microlepis","M2","binary",0.822754651490241,0.747141831635261,0.885851296252327,NA,NA,"supported"
"Pterophyllum_scalare","M2","binary",0.822754651490241,0.747141831635261,0.885851296252327,NA,NA,"supported"
"Rhamphochromis_longiceps","M2","binary",0.822754651490241,0.747141831635261,0.885851296252327,NA,NA,"supported"
"Sarotherodon_galilaeus","M2","binary",0.822754651490241,0.747141831635261,0.885851296252327,NA,NA,"supported"
"Simochromis_diagramma","M2","binary",0.822754651490241,0.747141831635261,0.885851296252327,NA,NA,"supported"
"Leuresthes_tenuis","M2","binary",0.730493712960215,0.535347876013168,0.876889982893332,NA,NA,"missing_input_extrapolation"
"Menidia_menidia","M2","binary",0.555049947968311,0.380104166389548,0.720533676310487,NA,NA,"supported"
"Odontesthes_bonariensis","M2","binary",0.433934211778117,0.223645913869691,0.665427327014111,NA,NA,"missing_input_extrapolation"
"Melanotaenia_boesemani","M2","binary",0.45116473464551,0.210833487426018,0.710559264926396,NA,NA,"supported"
"Telmatherina_bonti","M2","binary",0.45116473464551,0.210833487426018,0.710559264926396,NA,NA,"supported"
"Oryzias_javanicus","M2","binary",0.465739544061705,0.206112471140374,0.741980173374473,NA,NA,"supported"
"Oryzias_latipes","M2","binary",0.339515953006503,0.129525577662802,0.607196915687302,NA,NA,"missing_input_extrapolation"
"Oryzias_melastigma","M2","binary",0.465739544061705,0.206112471140374,0.741980173374473,NA,NA,"supported"
"Xenentodon_cancila","M2","binary",0.829328358144598,0.730112916283055,0.908411631044891,NA,NA,"supported"
"Cololabis_saira","M2","binary",0.750459632240099,0.539632532083075,0.899616104158428,NA,NA,"supported"
"Anableps_anableps","M2","binary",0.568778769391768,0.359267273216779,0.763846381001753,NA,NA,"supported"
"Cyprinodon_tularosa","M2","binary",0.555049947968311,0.380104166389548,0.720533676310487,NA,NA,"supported"
"Cyprinodon_variegatus","M2","binary",0.555049947968311,0.380104166389548,0.720533676310487,NA,NA,"supported"
"Fundulus_diaphanus","M2","binary",0.555049947968311,0.380104166389548,0.720533676310487,NA,NA,"supported"
"Fundulus_heteroclitus","M2","binary",0.555049947968311,0.380104166389548,0.720533676310487,NA,NA,"supported"
"Ameca_splendens","M2","binary",0.555049947968311,0.380104166389548,0.720533676310487,NA,NA,"supported"
"Crenichthys_baileyi","M2","binary",0.555049947968311,0.380104166389548,0.720533676310487,NA,NA,"supported"
"Girardinichthys_multiradiatus","M2","binary",0.829328358144598,0.730112916283055,0.908411631044891,NA,NA,"supported"
"Nothobranchius_furzeri","M2","binary",0.75055209765123,0.523044857086258,0.906908860696052,NA,NA,"supported"
"Nothobranchius_kadleci","M2","binary",0.829328358144598,0.730112916283055,0.908411631044891,NA,NA,"supported"
"Nothobranchius_pienaari","M2","binary",0.829328358144598,0.730112916283055,0.908411631044891,NA,NA,"supported"
"Nothobranchius_rachovii","M2","binary",0.829328358144598,0.730112916283055,0.908411631044891,NA,NA,"supported"
"Gambusia_affinis","M2","binary",0.555049947968311,0.380104166389548,0.720533676310487,NA,NA,"supported"
"Gambusia_holbrooki","M2","binary",0.555049947968311,0.380104166389548,0.720533676310487,NA,NA,"supported"
"Poecilia_formosa","M2","binary",0.555049947968311,0.380104166389548,0.720533676310487,NA,NA,"supported"
"Poecilia_latipinna","M2","binary",0.555049947968311,0.380104166389548,0.720533676310487,NA,NA,"supported"
"Poecilia_mexicana","M2","binary",0.555049947968311,0.380104166389548,0.720533676310487,NA,NA,"supported"
"Poecilia_reticulata","M2","binary",0.555049947968311,0.380104166389548,0.720533676310487,NA,NA,"supported"
"Poeciliopsis_prolifica","M2","binary",0.568778769391768,0.359267273216779,0.763846381001753,NA,NA,"supported"
"Poropanchax_normani","M2","binary",0.555049947968311,0.380104166389548,0.720533676310487,NA,NA,"supported"
"Xiphophorus_couchianus","M2","binary",0.555049947968311,0.380104166389548,0.720533676310487,NA,NA,"supported"
"Xiphophorus_hellerii","M2","binary",0.555049947968311,0.380104166389548,0.720533676310487,NA,NA,"supported"
"Xiphophorus_maculatus","M2","binary",0.555049947968311,0.380104166389548,0.720533676310487,NA,NA,"supported"
"Austrofundulus_limnaeus","M2","binary",0.823614811251973,0.558750487301241,0.959441669055932,NA,NA,"missing_input_extrapolation"
"Kryptolebias_marmoratus","M2","binary",0.822754651490241,0.747141831635261,0.885851296252327,NA,NA,"supported"
"Nematolebias_whitei","M2","binary",0.555049947968311,0.380104166389548,0.720533676310487,NA,NA,"supported"
"Chelon_labrosus","M2","binary",0.742231854569084,0.559790381829588,0.877335395642984,NA,NA,"supported"
"Mugil_cephalus","M2","binary",0.742231854569084,0.559790381829588,0.877335395642984,NA,NA,"supported"
"Planiliza_haematocheilus","M2","binary",0.742231854569084,0.559790381829588,0.877335395642984,NA,NA,"supported"
"Gouania_willdenowi","M2","binary",0.741520212904981,0.526981424903312,0.893587263774373,NA,NA,"supported"
"Blennius_ocellaris","M2","binary",0.75055209765123,0.523044857086258,0.906908860696052,NA,NA,"supported"
"Lipophrys_pholis","M2","binary",0.75055209765123,0.523044857086258,0.906908860696052,NA,NA,"supported"
"Ophioblennius_macclurei","M2","binary",0.829328358144598,0.730112916283055,0.908411631044891,NA,NA,"supported"
"Salarias_fasciatus","M2","binary",0.766646796154031,0.480634699793885,0.938596521769802,NA,NA,"missing_input_extrapolation"
"Cristiceps_australis","M2","binary",0.75055209765123,0.523044857086258,0.906908860696052,NA,NA,"supported"
"Dicentrarchus_labrax","M2","binary",0.568778769391768,0.359267273216779,0.763846381001753,NA,NA,"supported"
"Morone_saxatilis","M2","binary",0.568778769391768,0.359267273216779,0.763846381001753,NA,NA,"supported"
"Scatophagus_argus","M2","binary",0.822754651490241,0.747141831635261,0.885851296252327,NA,NA,"supported"
"Collichthys_lucidus","M2","binary",0.829328358144598,0.730112916283055,0.908411631044891,NA,NA,"supported"
"Larimichthys_crocea","M2","binary",0.829328358144598,0.730112916283055,0.908411631044891,NA,NA,"supported"
"Nibea_albiflora","M2","binary",0.829328358144598,0.730112916283055,0.908411631044891,NA,NA,"supported"
"Sciaenops_ocellatus","M2","binary",0.829328358144598,0.730112916283055,0.908411631044891,NA,NA,"supported"
"Siganus_canaliculatus","M2","binary",0.447394670004119,0.232248525261165,0.675549062308153,NA,NA,"supported"
"Ammodytes_marinus","M2","binary",0.750459632240099,0.539632532083075,0.899616104158428,NA,NA,"supported"
"Cheilinus_undulatus","M2","binary",0.352091077255722,0.131038170795015,0.629278636814133,NA,NA,"supported"
"Halichoeres_trimaculatus","M2","binary",0.659571750236207,0.363745846494395,0.882439137255357,NA,NA,"supported"
"Notolabrus_celidotus","M2","binary",0.829328358144598,0.730112916283055,0.908411631044891,NA,NA,"supported"
"Semicossyphus_pulcher","M2","binary",0.829328358144598,0.730112916283055,0.908411631044891,NA,NA,"supported"
"Thalassoma_bifasciatum","M2","binary",0.829328358144598,0.730112916283055,0.908411631044891,NA,NA,"supported"
"Xyrichtys_novacula","M2","binary",0.822754651490241,0.747141831635261,0.885851296252327,NA,NA,"supported"
"Platax_orbicularis","M2","binary",0.829328358144598,0.730112916283055,0.908411631044891,NA,NA,"supported"
"Chaetodon_auriga","M2","binary",0.555049947968311,0.380104166389548,0.720533676310487,NA,NA,"supported"
"Chaetodon_trifascialis","M2","binary",0.822754651490241,0.747141831635261,0.885851296252327,NA,NA,"supported"
"Chelmon_rostratus","M2","binary",0.822754651490241,0.747141831635261,0.885851296252327,NA,NA,"supported"
"Caesio_teres","M2","binary",0.829328358144598,0.730112916283055,0.908411631044891,NA,NA,"supported"
"Lutjanus_erythropterus","M2","binary",0.829328358144598,0.730112916283055,0.908411631044891,NA,NA,"supported"
"Pristipomoides_typus","M2","binary",0.822754651490241,0.747141831635261,0.885851296252327,NA,NA,"supported"
"Symphorus_nematophorus","M2","binary",0.750459632240099,0.539632532083075,0.899616104158428,NA,NA,"supported"
"Lethrinus_nebulosus","M2","binary",0.829328358144598,0.730112916283055,0.908411631044891,NA,NA,"supported"
"Acanthopagrus_latus","M2","binary",0.829328358144598,0.730112916283055,0.908411631044891,NA,NA,"supported"
"Acanthopagrus_schlegelii","M2","binary",0.829328358144598,0.730112916283055,0.908411631044891,NA,NA,"supported"
"Pagrus_major","M2","binary",0.829328358144598,0.730112916283055,0.908411631044891,NA,NA,"supported"
"Pagrus_pagrus","M2","binary",0.829328358144598,0.730112916283055,0.908411631044891,NA,NA,"supported"
"Rhabdosargus_sarba","M2","binary",0.829328358144598,0.730112916283055,0.908411631044891,NA,NA,"supported"
"Sparus_aurata","M2","binary",0.829328358144598,0.730112916283055,0.908411631044891,NA,NA,"supported"
"Nelusetta_ayraud","M2","binary",0.750459632240099,0.539632532083075,0.899616104158428,NA,NA,"supported"
"Lateolabrax_japonicus","M2","binary",0.822754651490241,0.747141831635261,0.885851296252327,NA,NA,"supported"
"Lateolabrax_maculatus","M2","binary",0.822754651490241,0.747141831635261,0.885851296252327,NA,NA,"supported"
"Pempheris_klunzingeri","M2","binary",0.822754651490241,0.747141831635261,0.885851296252327,NA,NA,"supported"
"Micropterus_dolomieu","M2","binary",0.742231854569084,0.559790381829588,0.877335395642984,NA,NA,"supported"
"Micropterus_salmoides","M2","binary",0.742231854569084,0.559790381829588,0.877335395642984,NA,NA,"supported"
"Enoplosus_armatus","M2","binary",0.829328358144598,0.730112916283055,0.908411631044891,NA,NA,"supported"
"Oplegnathus_fasciatus","M2","binary",0.822754651490241,0.747141831635261,0.885851296252327,NA,NA,"supported"
"Oplegnathus_punctatus","M2","binary",0.822754651490241,0.747141831635261,0.885851296252327,NA,NA,"supported"
"Maccullochella_peelii","M2","binary",0.822754651490241,0.747141831635261,0.885851296252327,NA,NA,"supported"
"Siniperca_chuatsi","M2","binary",0.869585254274612,0.753984835610745,0.944307108515044,NA,NA,"supported"
"Siniperca_scherzeri","M2","binary",0.822754651490241,0.747141831635261,0.885851296252327,NA,NA,"supported"
"Scortum_barcoo","M2","binary",0.829328358144598,0.730112916283055,0.908411631044891,NA,NA,"supported"
"Anarhichas_minor","M2","binary",0.804410893332217,0.579401818562635,0.940352170705884,NA,NA,"supported"
"Anarrhichthys_ocellatus","M2","binary",0.804410893332217,0.579401818562635,0.940352170705884,NA,NA,"supported"
"Anoplopoma_fimbria","M2","binary",0.741520212904981,0.526981424903312,0.893587263774373,NA,NA,"supported"
"Pogonophryne_albipinna","M2","binary",0.829328358144598,0.730112916283055,0.908411631044891,NA,NA,"supported"
"Gymnodraco_acuticeps","M2","binary",0.829328358144598,0.730112916283055,0.908411631044891,NA,NA,"supported"
"Cottoperca_gobio","M2","binary",0.822754651490241,0.747141831635261,0.885851296252327,NA,NA,"supported"
"Cebidichthys_violaceus","M2","binary",0.741520212904981,0.526981424903312,0.893587263774373,NA,NA,"supported"
"Chaenocephalus_aceratus","M2","binary",0.829328358144598,0.730112916283055,0.908411631044891,NA,NA,"supported"
"Champsocephalus_esox","M2","binary",0.829328358144598,0.730112916283055,0.908411631044891,NA,NA,"supported"
"Champsocephalus_gunnari","M2","binary",0.829328358144598,0.730112916283055,0.908411631044891,NA,NA,"supported"
"Pseudochaenichthys_georgianus","M2","binary",0.829328358144598,0.730112916283055,0.908411631044891,NA,NA,"supported"
"Clinocottus_analis","M2","binary",0.759580598959855,0.493147057360841,0.926476201198761,NA,NA,"missing_input_extrapolation"
"Taurulus_bubalis","M2","binary",0.75055209765123,0.523044857086258,0.906908860696052,NA,NA,"supported"
"Cyclopterus_lumpus","M2","binary",0.822754651490241,0.747141831635261,0.885851296252327,NA,NA,"supported"
"Eleginops_maclovinus","M2","binary",0.822754651490241,0.747141831635261,0.885851296252327,NA,NA,"supported"
"Cromileptes_altivelis","M2","binary",0.829328358144598,0.730112916283055,0.908411631044891,NA,NA,"supported"
"Epinephelus_bruneus","M2","binary",0.822754651490241,0.747141831635261,0.885851296252327,NA,NA,"supported"
"Epinephelus_coioides","M2","binary",0.822754651490241,0.747141831635261,0.885851296252327,NA,NA,"supported"
"Epinephelus_fuscoguttatus","M2","binary",0.822754651490241,0.747141831635261,0.885851296252327,NA,NA,"supported"
"Epinephelus_lanceolatus","M2","binary",0.822754651490241,0.747141831635261,0.885851296252327,NA,NA,"supported"
"Epinephelus_malabaricus","M2","binary",0.822754651490241,0.747141831635261,0.885851296252327,NA,NA,"supported"
"Epinephelus_multinotatus","M2","binary",0.822754651490241,0.747141831635261,0.885851296252327,NA,NA,"supported"
"Plectropomus_leopardus","M2","binary",0.829328358144598,0.730112916283055,0.908411631044891,NA,NA,"supported"
"Gasterosteus_aculeatus","M2","binary",0.45116473464551,0.210833487426018,0.710559264926396,NA,NA,"supported"
"Pungitius_pungitius","M2","binary",0.465739544061705,0.206112471140374,0.741980173374473,NA,NA,"supported"
"Pungitius_sinensis","M2","binary",0.465739544061705,0.206112471140374,0.741980173374473,NA,NA,"supported"
"Dissostichus_eleginoides","M2","binary",0.829328358144598,0.730112916283055,0.908411631044891,NA,NA,"supported"
"Dissostichus_mawsoni","M2","binary",0.829328358144598,0.730112916283055,0.908411631044891,NA,NA,"supported"
"Notothenia_rossii","M2","binary",0.829328358144598,0.730112916283055,0.908411631044891,NA,NA,"supported"
"Pagothenia_borchgrevinki","M2","binary",0.75055209765123,0.523044857086258,0.906908860696052,NA,NA,"supported"
"Trematomus_bernacchii","M2","binary",0.75055209765123,0.523044857086258,0.906908860696052,NA,NA,"supported"
"Etheostoma_cragini","M2","binary",0.555049947968311,0.380104166389548,0.720533676310487,NA,NA,"supported"
"Perca_flavescens","M2","binary",0.822754651490241,0.747141831635261,0.885851296252327,NA,NA,"supported"
"Perca_fluviatilis","M2","binary",0.822754651490241,0.747141831635261,0.885851296252327,NA,NA,"supported"
"Sander_lucioperca","M2","binary",0.822754651490241,0.747141831635261,0.885851296252327,NA,NA,"supported"
"Sander_vitreus","M2","binary",0.822754651490241,0.747141831635261,0.885851296252327,NA,NA,"supported"
"Pholis_gunnellus","M2","binary",0.804410893332217,0.579401818562635,0.940352170705884,NA,NA,"supported"
"Sebastes_fasciatus","M2","binary",0.874266189381645,0.745377862164938,0.952573181346479,NA,NA,"supported"
"Sebastes_schlegelii","M2","binary",0.869585254274612,0.753984835610745,0.944307108515044,NA,NA,"supported"
"Sebastes_umbrosus","M2","binary",0.869585254274612,0.753984835610745,0.944307108515044,NA,NA,"supported"
"Centropristis_striata","M2","binary",0.829328358144598,0.730112916283055,0.908411631044891,NA,NA,"supported"
"Echiichthys_vipera","M2","binary",0.822754651490241,0.747141831635261,0.885851296252327,NA,NA,"supported"
"Eutrigla_gurnardus","M2","binary",0.829328358144598,0.730112916283055,0.908411631044891,NA,NA,"supported"
"Lycodes_pacificus","M2","binary",0.804410893332217,0.579401818562635,0.940352170705884,NA,NA,"supported"
"Melanostigma_gelatinosum","M2","binary",0.804410893332217,0.579401818562635,0.940352170705884,NA,NA,"supported"
"Zoarces_viviparus","M2","binary",0.804410893332217,0.579401818562635,0.940352170705884,NA,NA,"supported"
"Erpetoichthys_calabaricus","M2","joint_bb",0.35495964714147,0.16558646600801,0.588493670289561,0.0196838192431566,1,"missing_input_extrapolation"
"Polypterus_senegalus","M2","joint_bb",0.35495964714147,0.16558646600801,0.588493670289561,0.0190083000971697,1,"missing_input_extrapolation"
"Acipenser_oxyrinchus","M2","joint_bb",0.549785781577227,0.282893654552803,0.796927175011206,0.0845773671087534,1,"missing_input_extrapolation"
"Acipenser_ruthenus","M2","joint_bb",0.549785781577227,0.282893654552803,0.796927175011206,0.0911028075205664,1,"missing_input_extrapolation"
"Acipenser_sinensis","M2","joint_bb",0.549785781577227,0.282893654552803,0.796927175011206,0.0922259535766051,1,"missing_input_extrapolation"
"Huso_huso","M2","joint_bb",0.549785781577227,0.282893654552803,0.796927175011206,0.0863396482494413,1,"missing_input_extrapolation"
"Polyodon_spathula","M2","joint_bb",0.549785781577227,0.282893654552803,0.796927175011206,0.0924274073357483,1,"missing_input_extrapolation"
"Amia_ocellicauda","M2","joint_bb",0.549785781577227,0.282893654552803,0.796927175011206,0.0867070471083125,1,"missing_input_extrapolation"
"Atractosteus_spatula","M2","joint_bb",0.362708094871099,0.181745395023971,0.585779431826088,0.0227445101155689,1,"missing_input_extrapolation"
"Lepisosteus_oculatus","M2","joint_bb",0.362708094871099,0.181745395023971,0.585779431826088,0.0235761479393088,1,"missing_input_extrapolation"
"Megalops_atlanticus","M2","joint_bb",0.511356435012415,0.347172504109128,0.676061855123012,0.10420229742208,1,"missing_input_extrapolation"
"Megalops_cyprinoides","M2","joint_bb",0.511356435012415,0.347172504109128,0.676061855123012,0.0919594850020038,1,"missing_input_extrapolation"
"Albula_glossodonta","M2","joint_bb",0.362708094871099,0.181745395023971,0.585779431826088,0.0211534676667788,1,"missing_input_extrapolation"
"Albula_goreensis","M2","joint_bb",0.362708094871099,0.181745395023971,0.585779431826088,0.0213127380992081,1,"missing_input_extrapolation"
"Aldrovandia_affinis","M2","joint_bb",0.35495964714147,0.16558646600801,0.588493670289561,0.0211265313693141,1,"missing_input_extrapolation"
"Anguilla_anguilla","M2","joint_bb",0.362708094871099,0.181745395023971,0.585779431826088,0.0240931699211826,1,"missing_input_extrapolation"
"Anguilla_japonica","M2","joint_bb",0.35495964714147,0.16558646600801,0.588493670289561,0.0223661906069615,1,"missing_input_extrapolation"
"Anguilla_rostrata","M2","joint_bb",0.35495964714147,0.16558646600801,0.588493670289561,0.0196449666505374,1,"missing_input_extrapolation"
"Conger_conger","M2","joint_bb",0.362708094871099,0.181745395023971,0.585779431826088,0.0236047315946009,1,"missing_input_extrapolation"
"Gymnothorax_javanicus","M2","joint_bb",0.362708094871099,0.181745395023971,0.585779431826088,0.0239780698485333,1,"missing_input_extrapolation"
"Synaphobranchus_kaupii","M2","joint_bb",0.35495964714147,0.16558646600801,0.588493670289561,0.0184043845724636,1,"missing_input_extrapolation"
"Arapaima_gigas","M2","joint_bb",0.540516383855473,0.266969470680576,0.797025492421439,0.0840137364589025,1,"missing_input_extrapolation"
"Brienomyrus_brachyistius","M2","joint_bb",0.362708094871099,0.181745395023971,0.585779431826088,0.0227151757861763,1,"missing_input_extrapolation"
"Paramormyrops_kingsleyae","M2","joint_bb",0.68206652655939,0.451927469460254,0.848776427446748,0.202274667413533,1,"missing_input_extrapolation"
"Scleropages_formosus","M2","joint_bb",0.520887821205588,0.340201122161902,0.696779378525553,0.0942679728550841,1,"missing_input_extrapolation"
"Hiodon_alosoides","M2","joint_bb",0.362708094871099,0.181745395023971,0.585779431826088,0.0249463426065829,1,"missing_input_extrapolation"
"Alosa_alosa","M2","joint_bb",0.549785781577227,0.282893654552803,0.796927175011206,0.0870965777142045,1,"missing_input_extrapolation"
"Alosa_pseudoharengus","M2","joint_bb",0.549785781577227,0.282893654552803,0.796927175011206,0.0847165647902099,1,"missing_input_extrapolation"
"Alosa_sapidissima","M2","joint_bb",0.549785781577227,0.282893654552803,0.796927175011206,0.0880036140918533,1,"missing_input_extrapolation"
"Sardina_pilchardus","M2","joint_bb",0.549785781577227,0.282893654552803,0.796927175011206,0.0885225671003487,1,"missing_input_extrapolation"
"Clupea_harengus","M2","joint_bb",0.549785781577227,0.282893654552803,0.796927175011206,0.0882578052108157,1,"missing_input_extrapolation"
"Sprattus_sprattus","M2","joint_bb",0.549785781577227,0.282893654552803,0.796927175011206,0.0846617811569009,1,"missing_input_extrapolation"
"Denticeps_clupeoides","M2","joint_bb",0.549785781577227,0.282893654552803,0.796927175011206,0.0878454676344076,1,"missing_input_extrapolation"
"Coilia_grayii","M2","joint_bb",0.362708094871099,0.181745395023971,0.585779431826088,0.0220550099365747,1,"missing_input_extrapolation"
"Coilia_mystus","M2","joint_bb",0.68206652655939,0.451927469460254,0.848776427446748,0.197782816591542,1,"missing_input_extrapolation"
"Engraulis_encrasicolus","M2","joint_bb",0.520887821205588,0.340201122161902,0.696779378525553,0.104170186629189,1,"missing_input_extrapolation"
"Chanos_chanos","M2","joint_bb",0.362708094871099,0.181745395023971,0.585779431826088,0.022434733455686,1,"missing_input_extrapolation"
"Myxocyprinus_asiaticus","M2","joint_bb",0.520887821205588,0.340201122161902,0.696779378525553,0.0957843464931662,1,"missing_input_extrapolation"
"Xyrauchen_texanus","M2","joint_bb",0.362708094871099,0.181745395023971,0.585779431826088,0.0236445213988955,1,"missing_input_extrapolation"
"Misgurnus_anguillicaudatus","M2","joint_bb",0.520887821205588,0.340201122161902,0.696779378525553,0.0944748704388549,1,"missing_input_extrapolation"
"Paramisgurnus_dabryanus","M2","joint_bb",0.698648112745229,0.471388902039012,0.875400824446143,0.218291288160372,1,"missing_input_extrapolation"
"Abramis_brama","M2","joint_bb",0.362708094871099,0.181745395023971,0.585779431826088,0.0235671680507405,1,"missing_input_extrapolation"
"Barbus_barbus","M2","joint_bb",0.362708094871099,0.181745395023971,0.585779431826088,0.0244010618895475,1,"missing_input_extrapolation"
"Carassius_auratus","M2","joint_bb",0.362708094871099,0.181745395023971,0.585779431826088,0.0221041882104322,1,"missing_input_extrapolation"
"Carassius_carassius","M2","joint_bb",0.362708094871099,0.181745395023971,0.585779431826088,0.0255213282242754,1,"missing_input_extrapolation"
"Carassius_gibelio","M2","joint_bb",0.362708094871099,0.181745395023971,0.585779431826088,0.0258771556460187,1,"missing_input_extrapolation"
"Chanodichthys_erythropterus","M2","joint_bb",0.362708094871099,0.181745395023971,0.585779431826088,0.0223814669970185,1,"missing_input_extrapolation"
"Cirrhinus_molitorella","M2","joint_bb",0.362708094871099,0.181745395023971,0.585779431826088,0.0239945166943186,1,"missing_input_extrapolation"
"Ctenopharyngodon_idella","M2","joint_bb",0.362708094871099,0.181745395023971,0.585779431826088,0.0212928338762273,1,"missing_input_extrapolation"
"Culter_alburnus","M2","joint_bb",0.362708094871099,0.181745395023971,0.585779431826088,0.0248433883280025,1,"missing_input_extrapolation"
"Cyprinella_venusta","M2","joint_bb",0.35495964714147,0.16558646600801,0.588493670289561,0.0190192257634265,1,"missing_input_extrapolation"
"Cyprinus_carpio","M2","joint_bb",0.362708094871099,0.181745395023971,0.585779431826088,0.0242411378488653,1,"missing_input_extrapolation"
"Danio_aesculapii","M2","joint_bb",0.520887821205588,0.340201122161902,0.696779378525553,0.0976554913627796,1,"missing_input_extrapolation"
"Danio_rerio","M2","joint_bb",0.520887821205588,0.340201122161902,0.696779378525553,0.0922325086342119,1,"missing_input_extrapolation"
"Garra_rufa","M2","joint_bb",0.362708094871099,0.181745395023971,0.585779431826088,0.0236471153550267,1,"missing_input_extrapolation"
"Hemiculter_leucisculus","M2","joint_bb",0.362708094871099,0.181745395023971,0.585779431826088,0.0239837517573411,1,"missing_input_extrapolation"
"Labeo_rohita","M2","joint_bb",0.68206652655939,0.451927469460254,0.848776427446748,0.201636295673157,1,"missing_input_extrapolation"
"Leuciscus_chuanchicus","M2","joint_bb",0.362708094871099,0.181745395023971,0.585779431826088,0.0234630755528008,1,"missing_input_extrapolation"
"Leuciscus_leuciscus","M2","joint_bb",0.362708094871099,0.181745395023971,0.585779431826088,0.0229178054207933,1,"missing_input_extrapolation"
"Leuciscus_waleckii","M2","joint_bb",0.362708094871099,0.181745395023971,0.585779431826088,0.0265903775053812,1,"missing_input_extrapolation"
"Megalobrama_amblycephala","M2","joint_bb",0.362708094871099,0.181745395023971,0.585779431826088,0.0247359345093652,1,"missing_input_extrapolation"
"Mylopharyngodon_piceus","M2","joint_bb",0.362708094871099,0.181745395023971,0.585779431826088,0.0231820452648611,1,"missing_input_extrapolation"
"Onychostoma_macrolepis","M2","joint_bb",0.362708094871099,0.181745395023971,0.585779431826088,0.0212516601622774,1,"missing_input_extrapolation"
"Phoxinus_phoxinus","M2","joint_bb",0.362708094871099,0.181745395023971,0.585779431826088,0.0265303707594091,1,"missing_input_extrapolation"
"Pimephales_promelas","M2","joint_bb",0.362708094871099,0.181745395023971,0.585779431826088,0.0234220067214064,1,"missing_input_extrapolation"
"Pseudorasbora_parva","M2","joint_bb",0.549785781577227,0.282893654552803,0.796927175011206,0.0876651696585508,1,"missing_input_extrapolation"
"Puntigrus_tetrazona","M2","joint_bb",0.362708094871099,0.181745395023971,0.585779431826088,0.0230004869357199,1,"missing_input_extrapolation"
"Rutilus_rutilus","M2","joint_bb",0.362708094871099,0.181745395023971,0.585779431826088,0.0248034861176911,1,"missing_input_extrapolation"
"Scardinius_erythrophthalmus","M2","joint_bb",0.362708094871099,0.181745395023971,0.585779431826088,0.0221766390991414,1,"missing_input_extrapolation"
"Sinocyclocheilus_anshuiensis","M2","joint_bb",0.362708094871099,0.181745395023971,0.585779431826088,0.0256166133813334,1,"missing_input_extrapolation"
"Sinocyclocheilus_grahami","M2","joint_bb",0.362708094871099,0.181745395023971,0.585779431826088,0.0228051767565496,1,"missing_input_extrapolation"
"Sinocyclocheilus_rhinocerous","M2","joint_bb",0.362708094871099,0.181745395023971,0.585779431826088,0.0235108346526131,1,"missing_input_extrapolation"
"Siphateles_boraxobius","M2","joint_bb",0.362708094871099,0.181745395023971,0.585779431826088,0.0261738143295586,1,"missing_input_extrapolation"
"Squalius_cephalus","M2","joint_bb",0.362708094871099,0.181745395023971,0.585779431826088,0.0220348925353777,1,"missing_input_extrapolation"
"Gobio_gobio","M2","joint_bb",0.362708094871099,0.181745395023971,0.585779431826088,0.0223397463010408,1,"missing_input_extrapolation"
"Rhinichthys_klamathensis","M2","joint_bb",0.362708094871099,0.181745395023971,0.585779431826088,0.0255139360356298,1,"missing_input_extrapolation"
"Barbatula_barbatula","M2","joint_bb",0.520887821205588,0.340201122161902,0.696779378525553,0.0963742268798552,1,"missing_input_extrapolation"
"Triplophysa_dalaica","M2","joint_bb",0.520887821205588,0.340201122161902,0.696779378525553,0.0992590269643718,1,"missing_input_extrapolation"
"Triplophysa_rosa","M2","joint_bb",0.68206652655939,0.451927469460254,0.848776427446748,0.205539240045754,1,"missing_input_extrapolation"
"Astyanax_lacustris","M2","joint_bb",0.68206652655939,0.451927469460254,0.848776427446748,0.200946033930343,1,"missing_input_extrapolation"
"Astyanax_mexicanus","M2","joint_bb",0.68206652655939,0.451927469460254,0.848776427446748,0.195958987846796,1,"missing_input_extrapolation"
"Salminus_brasiliensis","M2","joint_bb",0.68206652655939,0.451927469460254,0.848776427446748,0.210020750738693,1,"missing_input_extrapolation"
"Hoplias_malabaricus","M2","joint_bb",0.872887958429223,0.725907752530448,0.955007036787702,0.464494392039872,1,"missing_input_extrapolation"
"Prochilodus_magdalenae","M2","joint_bb",0.35495964714147,0.16558646600801,0.588493670289561,0.0213323571742979,1,"missing_input_extrapolation"
"Acnodon_oligacanthus","M2","joint_bb",0.68206652655939,0.451927469460254,0.848776427446748,0.198671471759317,1,"missing_input_extrapolation"
"Colossoma_macropomum","M2","joint_bb",0.68206652655939,0.451927469460254,0.848776427446748,0.203572757068365,1,"missing_input_extrapolation"
"Metynnis_hypsauchen","M2","joint_bb",0.68206652655939,0.451927469460254,0.848776427446748,0.204971732458658,1,"missing_input_extrapolation"
"Pygocentrus_nattereri","M2","joint_bb",0.68206652655939,0.451927469460254,0.848776427446748,0.208711610229225,1,"missing_input_extrapolation"
"Serrasalmus_rhombeus","M2","joint_bb",0.872887958429223,0.725907752530448,0.955007036787702,0.479515882862737,1,"missing_input_extrapolation"
"Electrophorus_electricus","M2","joint_bb",0.645318505393678,0.414857026238352,0.836253767710873,0.170520879816065,1,"missing_input_extrapolation"
"Electrophorus_voltai","M2","joint_bb",0.872887958429223,0.725907752530448,0.955007036787702,0.47727898972575,1,"missing_input_extrapolation"
"Brachyhypopomus_gauderio","M2","joint_bb",0.872887958429223,0.725907752530448,0.955007036787702,0.467222229484366,1,"missing_input_extrapolation"
"Neoarius_graeffei","M2","joint_bb",0.68206652655939,0.451927469460254,0.848776427446748,0.199171807663888,1,"missing_input_extrapolation"
"Hemibagrus_guttatus","M2","joint_bb",0.362708094871099,0.181745395023971,0.585779431826088,0.0250271489353236,1,"missing_input_extrapolation"
"Hemibagrus_wyckioides","M2","joint_bb",0.362708094871099,0.181745395023971,0.585779431826088,0.0233481143787186,1,"missing_input_extrapolation"
"Tachysurus_fulvidraco","M2","joint_bb",0.68206652655939,0.451927469460254,0.848776427446748,0.200973165111941,1,"missing_input_extrapolation"
"Tachysurus_vachellii","M2","joint_bb",0.68206652655939,0.451927469460254,0.848776427446748,0.198756182678809,1,"missing_input_extrapolation"
"Clarias_gariepinus","M2","joint_bb",0.68206652655939,0.451927469460254,0.848776427446748,0.203900528983562,1,"missing_input_extrapolation"
"Clarias_magur","M2","joint_bb",0.68206652655939,0.451927469460254,0.848776427446748,0.20307727375691,1,"missing_input_extrapolation"
"Ictalurus_furcatus","M2","joint_bb",0.68206652655939,0.451927469460254,0.848776427446748,0.200828727280776,1,"missing_input_extrapolation"
"Ictalurus_punctatus","M2","joint_bb",0.362708094871099,0.181745395023971,0.585779431826088,0.0243276938807686,1,"missing_input_extrapolation"
"Pangasianodon_gigas","M2","joint_bb",0.672939413090985,0.435963723243952,0.851979711829958,0.188089550894963,1,"missing_input_extrapolation"
"Pangasianodon_hypophthalmus","M2","joint_bb",0.68206652655939,0.451927469460254,0.848776427446748,0.200949722739665,1,"missing_input_extrapolation"
"Silurus_aristotelis","M2","joint_bb",0.68206652655939,0.451927469460254,0.848776427446748,0.198323186569346,1,"missing_input_extrapolation"
"Silurus_asotus","M2","joint_bb",0.68206652655939,0.451927469460254,0.848776427446748,0.203946294037016,1,"missing_input_extrapolation"
"Silurus_meridionalis","M2","joint_bb",0.68206652655939,0.451927469460254,0.848776427446748,0.213096917293507,1,"missing_input_extrapolation"
"Trichomycterus_rosablanca","M2","joint_bb",0.672939413090985,0.435963723243952,0.851979711829958,0.186447152335606,1,"missing_input_extrapolation"
"Nansenia_antarctica","M2","joint_bb",0.645318505393678,0.414857026238352,0.836253767710873,0.169456437198125,1,"missing_input_extrapolation"
"Galaxias_brevipinnis","M2","joint_bb",0.78598646937452,0.55890174012766,0.930124281191983,0.321764847134525,1,"missing_input_extrapolation"
"Coregonus_albula","M2","joint_bb",0.35495964714147,0.16558646600801,0.588493670289561,0.0221980272497524,1,"missing_input_extrapolation"
"Coregonus_clupeaformis","M2","joint_bb",0.35495964714147,0.16558646600801,0.588493670289561,0.0197565324445968,1,"missing_input_extrapolation"
"Coregonus_lavaretus","M2","joint_bb",0.35495964714147,0.16558646600801,0.588493670289561,0.0207745035952045,1,"missing_input_extrapolation"
"Coregonus_suidteri","M2","joint_bb",0.35495964714147,0.16558646600801,0.588493670289561,0.0187189859965303,1,"missing_input_extrapolation"
"Oncorhynchus_clarkii","M2","joint_bb",0.35495964714147,0.16558646600801,0.588493670289561,0.021055318302661,1,"missing_input_extrapolation"
"Oncorhynchus_gorbuscha","M2","joint_bb",0.35495964714147,0.16558646600801,0.588493670289561,0.0199145569473028,1,"missing_input_extrapolation"
"Oncorhynchus_keta","M2","joint_bb",0.35495964714147,0.16558646600801,0.588493670289561,0.020794440782497,1,"missing_input_extrapolation"
"Oncorhynchus_kisutch","M2","joint_bb",0.35495964714147,0.16558646600801,0.588493670289561,0.0199756301579561,1,"missing_input_extrapolation"
"Oncorhynchus_masou","M2","joint_bb",0.35495964714147,0.16558646600801,0.588493670289561,0.0210543893028285,1,"missing_input_extrapolation"
"Oncorhynchus_mykiss","M2","joint_bb",0.35495964714147,0.16558646600801,0.588493670289561,0.0202195536276941,1,"missing_input_extrapolation"
"Oncorhynchus_nerka","M2","joint_bb",0.35495964714147,0.16558646600801,0.588493670289561,0.0230329238349671,1,"missing_input_extrapolation"
"Oncorhynchus_tshawytscha","M2","joint_bb",0.35495964714147,0.16558646600801,0.588493670289561,0.0213013020931699,1,"missing_input_extrapolation"
"Salmo_salar","M2","joint_bb",0.35495964714147,0.16558646600801,0.588493670289561,0.0185142444115012,1,"missing_input_extrapolation"
"Salmo_trutta","M2","joint_bb",0.35495964714147,0.16558646600801,0.588493670289561,0.0213537282987973,1,"missing_input_extrapolation"
"Salvelinus_alpinus","M2","joint_bb",0.35495964714147,0.16558646600801,0.588493670289561,0.0199242630435831,1,"missing_input_extrapolation"
"Salvelinus_fontinalis","M2","joint_bb",0.35495964714147,0.16558646600801,0.588493670289561,0.0220486149999079,1,"missing_input_extrapolation"
"Salvelinus_namaycush","M2","joint_bb",0.35495964714147,0.16558646600801,0.588493670289561,0.0198723661646886,1,"missing_input_extrapolation"
"Dallia_pectoralis","M2","joint_bb",0.35495964714147,0.16558646600801,0.588493670289561,0.0199632505125821,1,"missing_input_extrapolation"
"Esox_lucius","M2","joint_bb",0.35495964714147,0.16558646600801,0.588493670289561,0.0217215984196191,1,"missing_input_extrapolation"
"Umbra_pygmaea","M2","joint_bb",0.35495964714147,0.16558646600801,0.588493670289561,0.0217710123919439,1,"missing_input_extrapolation"
"Hypomesus_nipponensis","M2","joint_bb",0.583995268784182,0.336134507435702,0.801645425322667,0.123488881742566,1,"supported"
"Hypomesus_transpacificus","M2","joint_bb",0.583995268784182,0.336134507435702,0.801645425322667,0.118319380747035,1,"supported"
"Osmerus_eperlanus","M2","joint_bb",0.583995268784182,0.336134507435702,0.801645425322667,0.121827950744972,1,"supported"
"Osmerus_mordax","M2","joint_bb",0.583995268784182,0.336134507435702,0.801645425322667,0.125188791975373,1,"supported"
"Benthosema_glaciale","M2","joint_bb",0.531902054280493,0.348125686611347,0.710281513065845,0.114178707497214,1,"supported"
"Electrona_antarctica","M2","joint_bb",0.522799543246795,0.400984486278062,0.643000200304128,0.114471938935259,1,"supported"
"Gymnoscopelus_braueri","M2","joint_bb",0.522799543246795,0.400984486278062,0.643000200304128,0.116391967905237,1,"supported"
"Gymnoscopelus_microlampas","M2","joint_bb",0.522799543246795,0.400984486278062,0.643000200304128,0.119550970833182,1,"supported"
"Nannobrachium_achirus","M2","joint_bb",0.522799543246795,0.400984486278062,0.643000200304128,0.116176757728281,1,"supported"
"Protomyctophum_bolini","M2","joint_bb",0.522799543246795,0.400984486278062,0.643000200304128,0.114309371594683,1,"supported"
"Protomyctophum_parallelum","M2","joint_bb",0.522799543246795,0.400984486278062,0.643000200304128,0.115595485971625,1,"supported"
"Polymixia_hollisterae","M2","joint_bb",0.445227352582209,0.315296979347445,0.58188163679894,0.0708612454016738,1,"supported"
"Polymixia_lowei","M2","joint_bb",0.445227352582209,0.315296979347445,0.58188163679894,0.0710605232478772,1,"supported"
"Centroberyx_affinis","M2","joint_bb",0.364262363818858,0.181626703374007,0.587600435239556,0.0221275740620266,1,"supported"
"Centroberyx_gerrardi","M2","joint_bb",0.551314722111714,0.285436192974939,0.796803536617457,0.0872724239167653,1,"supported"
"Poromitra_crassiceps","M2","joint_bb",0.307134460615687,0.132277175157612,0.54262801225964,0.0110191962706183,1,"supported"
"Myripristis_murdjan","M2","joint_bb",0.522799543246795,0.400984486278062,0.643000200304128,0.118411983808796,1,"supported"
"Lucifuga_dentata","M2","joint_bb",0.511356435012415,0.347172504109128,0.676061855123012,0.0972208008549512,1,"missing_input_extrapolation"
"Genypterus_blacodes","M2","joint_bb",0.297907804360155,0.136288323308061,0.513675204664265,0.0100734704908592,1,"supported"
"Arripis_georgiana","M2","joint_bb",0.787378090971046,0.73445222006314,0.836016732828557,0.380954803278075,1,"supported"
"Katsuwonus_pelamis","M2","joint_bb",0.787378090971046,0.73445222006314,0.836016732828557,0.39207482600063,1,"supported"
"Sarda_sarda","M2","joint_bb",0.729554117711428,0.662788413321316,0.7934472628132,0.307569466773993,1,"supported"
"Scomber_japonicus","M2","joint_bb",0.729554117711428,0.662788413321316,0.7934472628132,0.310092791251009,1,"supported"
"Scomber_scombrus","M2","joint_bb",0.731689292403122,0.563769491724899,0.86071592243278,0.279982722954058,1,"supported"
"Thunnus_alalunga","M2","joint_bb",0.787378090971046,0.73445222006314,0.836016732828557,0.382434931711235,1,"supported"
"Thunnus_albacares","M2","joint_bb",0.787378090971046,0.73445222006314,0.836016732828557,0.372604943891412,1,"supported"
"Thunnus_atlanticus","M2","joint_bb",0.787378090971046,0.73445222006314,0.836016732828557,0.388829003554461,1,"supported"
"Thunnus_maccoyii","M2","joint_bb",0.787378090971046,0.73445222006314,0.836016732828557,0.384710774375274,1,"supported"
"Thunnus_obesus","M2","joint_bb",0.787378090971046,0.73445222006314,0.836016732828557,0.382353800558548,1,"supported"
"Thunnus_orientalis","M2","joint_bb",0.787378090971046,0.73445222006314,0.836016732828557,0.376261711827874,1,"supported"
"Thunnus_thynnus","M2","joint_bb",0.787378090971046,0.73445222006314,0.836016732828557,0.378560376323679,1,"supported"
"Thunnus_tonggol","M2","joint_bb",0.787378090971046,0.73445222006314,0.836016732828557,0.386851688721523,1,"supported"
"Pampus_argenteus","M2","joint_bb",0.729554117711428,0.662788413321316,0.7934472628132,0.312828324798404,1,"supported"
"Pampus_punctatissimus","M2","joint_bb",0.729554117711428,0.662788413321316,0.7934472628132,0.300827959004164,1,"supported"
"Aulostomus_chinensis","M2","joint_bb",0.445227352582209,0.315296979347445,0.58188163679894,0.0730743507336091,1,"supported"
"Fistularia_commersonii","M2","joint_bb",0.77642595289579,0.664802256584436,0.866992774251868,0.34498360434464,1,"missing_input_extrapolation"
"Pterapogon_kauderni","M2","joint_bb",0.635431606954196,0.42172658862484,0.815932781236558,0.158664734962138,1,"supported"
"Sphaeramia_orbicularis","M2","joint_bb",0.729554117711428,0.662788413321316,0.7934472628132,0.306255825059767,1,"supported"
"Oxyeleotris_marmorata","M2","joint_bb",0.787378090971046,0.73445222006314,0.836016732828557,0.373809426732983,1,"supported"
"Boleophthalmus_pectinirostris","M2","joint_bb",0.787378090971046,0.73445222006314,0.836016732828557,0.392005939496116,1,"supported"
"Eucyclogobius_newberryi","M2","joint_bb",0.729554117711428,0.662788413321316,0.7934472628132,0.311647840828241,1,"supported"
"Gobius_niger","M2","joint_bb",0.731689292403122,0.563769491724899,0.86071592243278,0.282848548749294,1,"supported"
"Knipowitschia_caucasica","M2","joint_bb",0.729554117711428,0.662788413321316,0.7934472628132,0.304936414963062,1,"supported"
"Mugilogobius_chulae","M2","joint_bb",0.729554117711428,0.662788413321316,0.7934472628132,0.314150986882853,1,"supported"
"Periophthalmus_magnuspinnatus","M2","joint_bb",0.729554117711428,0.662788413321316,0.7934472628132,0.314711254862289,1,"supported"
"Mastacembelus_armatus","M2","joint_bb",0.787378090971046,0.73445222006314,0.836016732828557,0.394986355800843,1,"supported"
"Monopterus_albus","M2","joint_bb",0.787378090971046,0.73445222006314,0.836016732828557,0.390657078999643,1,"supported"
"Anabas_testudineus","M2","joint_bb",0.522799543246795,0.400984486278062,0.643000200304128,0.118164656669677,1,"supported"
"Channa_argus","M2","joint_bb",0.522799543246795,0.400984486278062,0.643000200304128,0.120121021499673,1,"supported"
"Channa_striata","M2","joint_bb",0.445227352582209,0.315296979347445,0.58188163679894,0.0725883197982821,1,"supported"
"Betta_splendens","M2","joint_bb",0.455770423196428,0.271506700417542,0.650633700018003,0.0609557709856041,1,"supported"
"Trichopodus_trichopterus","M2","joint_bb",0.445227352582209,0.315296979347445,0.58188163679894,0.0669942567836854,1,"supported"
"Lates_calcarifer","M2","joint_bb",0.77642595289579,0.664802256584436,0.866992774251868,0.35070332947134,1,"missing_input_extrapolation"
"Lates_japonicus","M2","joint_bb",0.729554117711428,0.662788413321316,0.7934472628132,0.308459545629139,1,"supported"
"Eleutheronema_tetradactylum","M2","joint_bb",0.787378090971046,0.73445222006314,0.836016732828557,0.362149317803973,1,"supported"
"Toxotes_jaculatrix","M2","joint_bb",0.787378090971046,0.73445222006314,0.836016732828557,0.383005911323697,1,"supported"
"Xiphias_gladius","M2","joint_bb",0.788215887991735,0.648778984686019,0.892809834779914,0.34914936284576,1,"supported"
"Caranx_melampygus","M2","joint_bb",0.729554117711428,0.662788413321316,0.7934472628132,0.300178880261349,1,"supported"
"Seriola_dumerili","M2","joint_bb",0.729554117711428,0.662788413321316,0.7934472628132,0.303513410300435,1,"supported"
"Seriola_lalandi","M2","joint_bb",0.729554117711428,0.662788413321316,0.7934472628132,0.297593164746683,1,"supported"
"Trachinotus_anak","M2","joint_bb",0.787378090971046,0.73445222006314,0.836016732828557,0.385386322996522,1,"supported"
"Trachurus_japonicus","M2","joint_bb",0.729554117711428,0.662788413321316,0.7934472628132,0.30350169352387,1,"supported"
"Trachurus_trachurus","M2","joint_bb",0.729554117711428,0.662788413321316,0.7934472628132,0.302590438480226,1,"supported"
"Echeneis_naucrates","M2","joint_bb",0.729554117711428,0.662788413321316,0.7934472628132,0.305977228787862,1,"supported"
"Paralichthys_olivaceus","M2","joint_bb",0.729554117711428,0.662788413321316,0.7934472628132,0.316926727355155,1,"supported"
"Hippoglossus_hippoglossus","M2","joint_bb",0.729554117711428,0.662788413321316,0.7934472628132,0.308641743056558,1,"supported"
"Hippoglossus_stenolepis","M2","joint_bb",0.729554117711428,0.662788413321316,0.7934472628132,0.307729004839217,1,"supported"
"Limanda_limanda","M2","joint_bb",0.729554117711428,0.662788413321316,0.7934472628132,0.300635694923233,1,"supported"
"Platichthys_flesus","M2","joint_bb",0.729554117711428,0.662788413321316,0.7934472628132,0.299333774809976,1,"supported"
"Platichthys_stellatus","M2","joint_bb",0.729554117711428,0.662788413321316,0.7934472628132,0.319669166010713,1,"supported"
"Pleuronectes_platessa","M2","joint_bb",0.729554117711428,0.662788413321316,0.7934472628132,0.301595957565894,1,"supported"
"Scophthalmus_maximus","M2","joint_bb",0.729554117711428,0.662788413321316,0.7934472628132,0.317494854925238,1,"supported"
"Microchirus_variegatus","M2","joint_bb",0.68346022472745,0.466461105811257,0.852363701747624,0.20332708127554,1,"missing_input_extrapolation"
"Solea_senegalensis","M2","joint_bb",0.68346022472745,0.466461105811257,0.852363701747624,0.208854086791457,1,"missing_input_extrapolation"
"Solea_solea","M2","joint_bb",0.68346022472745,0.466461105811257,0.852363701747624,0.203027379153204,1,"missing_input_extrapolation"
"Parambassis_ranga","M2","joint_bb",0.787378090971046,0.73445222006314,0.836016732828557,0.386515501002694,1,"supported"
"Brachyistius_frenatus","M2","joint_bb",0.729554117711428,0.662788413321316,0.7934472628132,0.306875059783522,1,"supported"
"Embiotoca_jacksoni","M2","joint_bb",0.729554117711428,0.662788413321316,0.7934472628132,0.302159346378522,1,"supported"
"Acanthochromis_polyacanthus","M2","joint_bb",0.576036754220618,0.364005323398379,0.77226889329921,0.12602089167339,1,"supported"
"Amphiprion_ocellaris","M2","joint_bb",0.576036754220618,0.364005323398379,0.77226889329921,0.121469850965518,1,"supported"
"Stegastes_partitus","M2","joint_bb",0.787378090971046,0.73445222006314,0.836016732828557,0.370187055487592,1,"supported"
"Andinoacara_rivulatus","M2","joint_bb",0.787378090971046,0.73445222006314,0.836016732828557,0.377669543077482,1,"supported"
"Archocentrus_centrarchus","M2","joint_bb",0.787378090971046,0.73445222006314,0.836016732828557,0.37731497487484,1,"supported"
"Astatotilapia_burtoni","M2","joint_bb",0.787378090971046,0.73445222006314,0.836016732828557,0.382938645490586,1,"supported"
"Astatotilapia_calliptera","M2","joint_bb",0.787378090971046,0.73445222006314,0.836016732828557,0.39315975456085,1,"supported"
"Astronotus_ocellatus","M2","joint_bb",0.787378090971046,0.73445222006314,0.836016732828557,0.390196811028565,1,"supported"
"Aulonocara_stuartgranti","M2","joint_bb",0.787378090971046,0.73445222006314,0.836016732828557,0.379149577464898,1,"supported"
"Copadichromis_virginalis","M2","joint_bb",0.787378090971046,0.73445222006314,0.836016732828557,0.388350087505951,1,"supported"
"Diplotaxodon_limnothrissa","M2","joint_bb",0.787378090971046,0.73445222006314,0.836016732828557,0.379410269889773,1,"supported"
"Haplochromis_nyererei","M2","joint_bb",0.787378090971046,0.73445222006314,0.836016732828557,0.373001847067227,1,"supported"
"Maylandia_zebra","M2","joint_bb",0.787378090971046,0.73445222006314,0.836016732828557,0.376614007330404,1,"supported"
"Mchenga_conophoros","M2","joint_bb",0.787378090971046,0.73445222006314,0.836016732828557,0.38679448550399,1,"supported"
"Neolamprologus_brichardi","M2","joint_bb",0.787378090971046,0.73445222006314,0.836016732828557,0.385668782113729,1,"supported"
"Neolamprologus_multifasciatus","M2","joint_bb",0.787378090971046,0.73445222006314,0.836016732828557,0.384830952512518,1,"supported"
"Oreochromis_aureus","M2","joint_bb",0.787378090971046,0.73445222006314,0.836016732828557,0.379048044939448,1,"supported"
"Oreochromis_niloticus","M2","joint_bb",0.787378090971046,0.73445222006314,0.836016732828557,0.379853940535248,1,"supported"
"Pelmatolapia_mariae","M2","joint_bb",0.787378090971046,0.73445222006314,0.836016732828557,0.378766941026186,1,"supported"
"Perissodus_microlepis","M2","joint_bb",0.787378090971046,0.73445222006314,0.836016732828557,0.375417975159084,1,"supported"
"Pterophyllum_scalare","M2","joint_bb",0.787378090971046,0.73445222006314,0.836016732828557,0.37574220202909,1,"supported"
"Rhamphochromis_longiceps","M2","joint_bb",0.787378090971046,0.73445222006314,0.836016732828557,0.381707594593476,1,"supported"
"Sarotherodon_galilaeus","M2","joint_bb",0.787378090971046,0.73445222006314,0.836016732828557,0.382070183258018,1,"supported"
"Simochromis_diagramma","M2","joint_bb",0.787378090971046,0.73445222006314,0.836016732828557,0.392860315898748,1,"supported"
"Leuresthes_tenuis","M2","joint_bb",0.77642595289579,0.664802256584436,0.866992774251868,0.352987851476284,1,"missing_input_extrapolation"
"Menidia_menidia","M2","joint_bb",0.522799543246795,0.400984486278062,0.643000200304128,0.119931279844841,1,"supported"
"Odontesthes_bonariensis","M2","joint_bb",0.511356435012415,0.347172504109128,0.676061855123012,0.0957894669944854,1,"missing_input_extrapolation"
"Melanotaenia_boesemani","M2","joint_bb",0.364262363818858,0.181626703374007,0.587600435239556,0.027005367832586,1,"supported"
"Telmatherina_bonti","M2","joint_bb",0.364262363818858,0.181626703374007,0.587600435239556,0.0264099577070623,1,"supported"
"Oryzias_javanicus","M2","joint_bb",0.297907804360155,0.136288323308061,0.513675204664265,0.0130070899085857,1,"supported"
"Oryzias_latipes","M2","joint_bb",0.35495964714147,0.16558646600801,0.588493670289561,0.0202822101504934,1,"missing_input_extrapolation"
"Oryzias_melastigma","M2","joint_bb",0.297907804360155,0.136288323308061,0.513675204664265,0.00987143350155986,1,"supported"
"Xenentodon_cancila","M2","joint_bb",0.729554117711428,0.662788413321316,0.7934472628132,0.309472762866516,1,"supported"
"Cololabis_saira","M2","joint_bb",0.731689292403122,0.563769491724899,0.86071592243278,0.290632306212288,1,"supported"
"Anableps_anableps","M2","joint_bb",0.445227352582209,0.315296979347445,0.58188163679894,0.0713693742701419,1,"supported"
"Cyprinodon_tularosa","M2","joint_bb",0.522799543246795,0.400984486278062,0.643000200304128,0.115112443790527,1,"supported"
"Cyprinodon_variegatus","M2","joint_bb",0.522799543246795,0.400984486278062,0.643000200304128,0.115622585357058,1,"supported"
"Fundulus_diaphanus","M2","joint_bb",0.522799543246795,0.400984486278062,0.643000200304128,0.12045684539044,1,"supported"
"Fundulus_heteroclitus","M2","joint_bb",0.522799543246795,0.400984486278062,0.643000200304128,0.115701240518753,1,"supported"
"Ameca_splendens","M2","joint_bb",0.522799543246795,0.400984486278062,0.643000200304128,0.113587711973018,1,"supported"
"Crenichthys_baileyi","M2","joint_bb",0.522799543246795,0.400984486278062,0.643000200304128,0.118422954962302,1,"supported"
"Girardinichthys_multiradiatus","M2","joint_bb",0.729554117711428,0.662788413321316,0.7934472628132,0.306466932363015,1,"supported"
"Nothobranchius_furzeri","M2","joint_bb",0.576036754220618,0.364005323398379,0.77226889329921,0.121428597188205,1,"supported"
"Nothobranchius_kadleci","M2","joint_bb",0.729554117711428,0.662788413321316,0.7934472628132,0.304278116346807,1,"supported"
"Nothobranchius_pienaari","M2","joint_bb",0.729554117711428,0.662788413321316,0.7934472628132,0.304294716202836,1,"supported"
"Nothobranchius_rachovii","M2","joint_bb",0.729554117711428,0.662788413321316,0.7934472628132,0.295369763569765,1,"supported"
"Gambusia_affinis","M2","joint_bb",0.522799543246795,0.400984486278062,0.643000200304128,0.117334643783749,1,"supported"
"Gambusia_holbrooki","M2","joint_bb",0.522799543246795,0.400984486278062,0.643000200304128,0.121075183208491,1,"supported"
"Poecilia_formosa","M2","joint_bb",0.522799543246795,0.400984486278062,0.643000200304128,0.124717360502023,1,"supported"
"Poecilia_latipinna","M2","joint_bb",0.522799543246795,0.400984486278062,0.643000200304128,0.1209320880277,1,"supported"
"Poecilia_mexicana","M2","joint_bb",0.522799543246795,0.400984486278062,0.643000200304128,0.114186770660476,1,"supported"
"Poecilia_reticulata","M2","joint_bb",0.522799543246795,0.400984486278062,0.643000200304128,0.11686568498203,1,"supported"
"Poeciliopsis_prolifica","M2","joint_bb",0.445227352582209,0.315296979347445,0.58188163679894,0.065792074843263,1,"supported"
"Poropanchax_normani","M2","joint_bb",0.522799543246795,0.400984486278062,0.643000200304128,0.110698062543705,1,"supported"
"Xiphophorus_couchianus","M2","joint_bb",0.522799543246795,0.400984486278062,0.643000200304128,0.116669361715881,1,"supported"
"Xiphophorus_hellerii","M2","joint_bb",0.522799543246795,0.400984486278062,0.643000200304128,0.117577212763916,1,"supported"
"Xiphophorus_maculatus","M2","joint_bb",0.522799543246795,0.400984486278062,0.643000200304128,0.120270976887069,1,"supported"
"Austrofundulus_limnaeus","M2","joint_bb",0.86542703823987,0.668113566185716,0.96633475463515,0.431318868937272,1,"missing_input_extrapolation"
"Kryptolebias_marmoratus","M2","joint_bb",0.787378090971046,0.73445222006314,0.836016732828557,0.385413553909334,1,"supported"
"Nematolebias_whitei","M2","joint_bb",0.522799543246795,0.400984486278062,0.643000200304128,0.119558383968468,1,"supported"
"Chelon_labrosus","M2","joint_bb",0.788215887991735,0.648778984686019,0.892809834779914,0.360970650439131,1,"supported"
"Mugil_cephalus","M2","joint_bb",0.788215887991735,0.648778984686019,0.892809834779914,0.355641214657585,1,"supported"
"Planiliza_haematocheilus","M2","joint_bb",0.788215887991735,0.648778984686019,0.892809834779914,0.358975029812173,1,"supported"
"Gouania_willdenowi","M2","joint_bb",0.647990564302638,0.440014577023189,0.821927040181961,0.183349160546481,1,"supported"
"Blennius_ocellaris","M2","joint_bb",0.576036754220618,0.364005323398379,0.77226889329921,0.120480944234782,1,"supported"
"Lipophrys_pholis","M2","joint_bb",0.576036754220618,0.364005323398379,0.77226889329921,0.124478957832003,1,"supported"
"Ophioblennius_macclurei","M2","joint_bb",0.729554117711428,0.662788413321316,0.7934472628132,0.312095150017156,1,"supported"
"Salarias_fasciatus","M2","joint_bb",0.839656486084272,0.656083826870552,0.944792154930695,0.398242540562757,1,"missing_input_extrapolation"
"Cristiceps_australis","M2","joint_bb",0.576036754220618,0.364005323398379,0.77226889329921,0.124256602957211,1,"supported"
"Dicentrarchus_labrax","M2","joint_bb",0.445227352582209,0.315296979347445,0.58188163679894,0.0736934191537321,1,"supported"
"Morone_saxatilis","M2","joint_bb",0.445227352582209,0.315296979347445,0.58188163679894,0.0696903990995914,1,"supported"
"Scatophagus_argus","M2","joint_bb",0.787378090971046,0.73445222006314,0.836016732828557,0.372592170870857,1,"supported"
"Collichthys_lucidus","M2","joint_bb",0.729554117711428,0.662788413321316,0.7934472628132,0.30841581239544,1,"supported"
"Larimichthys_crocea","M2","joint_bb",0.729554117711428,0.662788413321316,0.7934472628132,0.304667256335682,1,"supported"
"Nibea_albiflora","M2","joint_bb",0.729554117711428,0.662788413321316,0.7934472628132,0.310674830798526,1,"supported"
"Sciaenops_ocellatus","M2","joint_bb",0.729554117711428,0.662788413321316,0.7934472628132,0.311328569643009,1,"supported"
"Siganus_canaliculatus","M2","joint_bb",0.531902054280493,0.348125686611347,0.710281513065845,0.109349105639012,1,"supported"
"Ammodytes_marinus","M2","joint_bb",0.731689292403122,0.563769491724899,0.86071592243278,0.276070494318908,1,"supported"
"Cheilinus_undulatus","M2","joint_bb",0.373802379172249,0.178046839448203,0.613277820412701,0.0249080049916518,1,"supported"
"Halichoeres_trimaculatus","M2","joint_bb",0.583995268784182,0.336134507435702,0.801645425322667,0.117128992604637,1,"supported"
"Notolabrus_celidotus","M2","joint_bb",0.729554117711428,0.662788413321316,0.7934472628132,0.310090769328969,1,"supported"
"Semicossyphus_pulcher","M2","joint_bb",0.729554117711428,0.662788413321316,0.7934472628132,0.303353092275555,1,"supported"
"Thalassoma_bifasciatum","M2","joint_bb",0.729554117711428,0.662788413321316,0.7934472628132,0.29443538665923,1,"supported"
"Xyrichtys_novacula","M2","joint_bb",0.787378090971046,0.73445222006314,0.836016732828557,0.384215654669876,1,"supported"
"Platax_orbicularis","M2","joint_bb",0.729554117711428,0.662788413321316,0.7934472628132,0.309866875671639,1,"supported"
"Chaetodon_auriga","M2","joint_bb",0.522799543246795,0.400984486278062,0.643000200304128,0.115657659406087,1,"supported"
"Chaetodon_trifascialis","M2","joint_bb",0.787378090971046,0.73445222006314,0.836016732828557,0.387128228937079,1,"supported"
"Chelmon_rostratus","M2","joint_bb",0.787378090971046,0.73445222006314,0.836016732828557,0.381520711151804,1,"supported"
"Caesio_teres","M2","joint_bb",0.729554117711428,0.662788413321316,0.7934472628132,0.298933805484145,1,"supported"
"Lutjanus_erythropterus","M2","joint_bb",0.729554117711428,0.662788413321316,0.7934472628132,0.309657283147414,1,"supported"
"Pristipomoides_typus","M2","joint_bb",0.787378090971046,0.73445222006314,0.836016732828557,0.381564227511005,1,"supported"
"Symphorus_nematophorus","M2","joint_bb",0.731689292403122,0.563769491724899,0.86071592243278,0.284592961599558,1,"supported"
"Lethrinus_nebulosus","M2","joint_bb",0.729554117711428,0.662788413321316,0.7934472628132,0.311094474706633,1,"supported"
"Acanthopagrus_latus","M2","joint_bb",0.729554117711428,0.662788413321316,0.7934472628132,0.290069351371894,1,"supported"
"Acanthopagrus_schlegelii","M2","joint_bb",0.729554117711428,0.662788413321316,0.7934472628132,0.304280956821488,1,"supported"
"Pagrus_major","M2","joint_bb",0.729554117711428,0.662788413321316,0.7934472628132,0.307717930935122,1,"supported"
"Pagrus_pagrus","M2","joint_bb",0.729554117711428,0.662788413321316,0.7934472628132,0.308419331751058,1,"supported"
"Rhabdosargus_sarba","M2","joint_bb",0.729554117711428,0.662788413321316,0.7934472628132,0.313180880162349,1,"supported"
"Sparus_aurata","M2","joint_bb",0.729554117711428,0.662788413321316,0.7934472628132,0.299069007208489,1,"supported"
"Nelusetta_ayraud","M2","joint_bb",0.731689292403122,0.563769491724899,0.86071592243278,0.283394400146052,1,"supported"
"Lateolabrax_japonicus","M2","joint_bb",0.787378090971046,0.73445222006314,0.836016732828557,0.386039792203882,1,"supported"
"Lateolabrax_maculatus","M2","joint_bb",0.787378090971046,0.73445222006314,0.836016732828557,0.382796191564944,1,"supported"
"Pempheris_klunzingeri","M2","joint_bb",0.787378090971046,0.73445222006314,0.836016732828557,0.375987960565806,1,"supported"
"Micropterus_dolomieu","M2","joint_bb",0.788215887991735,0.648778984686019,0.892809834779914,0.358077294555448,1,"supported"
"Micropterus_salmoides","M2","joint_bb",0.788215887991735,0.648778984686019,0.892809834779914,0.35169193429829,1,"supported"
"Enoplosus_armatus","M2","joint_bb",0.729554117711428,0.662788413321316,0.7934472628132,0.310461865858611,1,"supported"
"Oplegnathus_fasciatus","M2","joint_bb",0.787378090971046,0.73445222006314,0.836016732828557,0.390246339072314,1,"supported"
"Oplegnathus_punctatus","M2","joint_bb",0.787378090971046,0.73445222006314,0.836016732828557,0.378984231498723,1,"supported"
"Maccullochella_peelii","M2","joint_bb",0.787378090971046,0.73445222006314,0.836016732828557,0.385052917542839,1,"supported"
"Siniperca_chuatsi","M2","joint_bb",0.887386221698204,0.797684545278007,0.948374237572504,0.5236104592289,1,"supported"
"Siniperca_scherzeri","M2","joint_bb",0.787378090971046,0.73445222006314,0.836016732828557,0.386630283325053,1,"supported"
"Scortum_barcoo","M2","joint_bb",0.729554117711428,0.662788413321316,0.7934472628132,0.3007013897321,1,"supported"
"Anarhichas_minor","M2","joint_bb",0.794872186697463,0.583639071703993,0.930367747408581,0.3274675399997,1,"supported"
"Anarrhichthys_ocellatus","M2","joint_bb",0.794872186697463,0.583639071703993,0.930367747408581,0.323066934460378,1,"supported"
"Anoplopoma_fimbria","M2","joint_bb",0.647990564302638,0.440014577023189,0.821927040181961,0.187459103675017,1,"supported"
"Pogonophryne_albipinna","M2","joint_bb",0.729554117711428,0.662788413321316,0.7934472628132,0.312866505517378,1,"supported"
"Gymnodraco_acuticeps","M2","joint_bb",0.729554117711428,0.662788413321316,0.7934472628132,0.311644499922701,1,"supported"
"Cottoperca_gobio","M2","joint_bb",0.787378090971046,0.73445222006314,0.836016732828557,0.392268540050969,1,"supported"
"Cebidichthys_violaceus","M2","joint_bb",0.647990564302638,0.440014577023189,0.821927040181961,0.188938213853253,1,"supported"
"Chaenocephalus_aceratus","M2","joint_bb",0.729554117711428,0.662788413321316,0.7934472628132,0.312509845192063,1,"supported"
"Champsocephalus_esox","M2","joint_bb",0.729554117711428,0.662788413321316,0.7934472628132,0.312015960282187,1,"supported"
"Champsocephalus_gunnari","M2","joint_bb",0.729554117711428,0.662788413321316,0.7934472628132,0.309983636846423,1,"supported"
"Pseudochaenichthys_georgianus","M2","joint_bb",0.729554117711428,0.662788413321316,0.7934472628132,0.311928895892049,1,"supported"
"Clinocottus_analis","M2","joint_bb",0.877022853822179,0.733121818292022,0.958257378591954,0.477419460192438,1,"missing_input_extrapolation"
"Taurulus_bubalis","M2","joint_bb",0.576036754220618,0.364005323398379,0.77226889329921,0.13106615733078,1,"supported"
"Cyclopterus_lumpus","M2","joint_bb",0.787378090971046,0.73445222006314,0.836016732828557,0.387302215368064,1,"supported"
"Eleginops_maclovinus","M2","joint_bb",0.787378090971046,0.73445222006314,0.836016732828557,0.375091635189541,1,"supported"
"Cromileptes_altivelis","M2","joint_bb",0.729554117711428,0.662788413321316,0.7934472628132,0.315012545512567,1,"supported"
"Epinephelus_bruneus","M2","joint_bb",0.787378090971046,0.73445222006314,0.836016732828557,0.38670907353111,1,"supported"
"Epinephelus_coioides","M2","joint_bb",0.787378090971046,0.73445222006314,0.836016732828557,0.380730978733365,1,"supported"
"Epinephelus_fuscoguttatus","M2","joint_bb",0.787378090971046,0.73445222006314,0.836016732828557,0.377533450706053,1,"supported"
"Epinephelus_lanceolatus","M2","joint_bb",0.787378090971046,0.73445222006314,0.836016732828557,0.390982675475265,1,"supported"
"Epinephelus_malabaricus","M2","joint_bb",0.787378090971046,0.73445222006314,0.836016732828557,0.381410307367837,1,"supported"
"Epinephelus_multinotatus","M2","joint_bb",0.787378090971046,0.73445222006314,0.836016732828557,0.37816487192959,1,"supported"
"Plectropomus_leopardus","M2","joint_bb",0.729554117711428,0.662788413321316,0.7934472628132,0.311969847154196,1,"supported"
"Gasterosteus_aculeatus","M2","joint_bb",0.364262363818858,0.181626703374007,0.587600435239556,0.0239028651197122,1,"supported"
"Pungitius_pungitius","M2","joint_bb",0.297907804360155,0.136288323308061,0.513675204664265,0.0109256972030661,1,"supported"
"Pungitius_sinensis","M2","joint_bb",0.297907804360155,0.136288323308061,0.513675204664265,0.0119506142462284,1,"supported"
"Dissostichus_eleginoides","M2","joint_bb",0.729554117711428,0.662788413321316,0.7934472628132,0.307147347631389,1,"supported"
"Dissostichus_mawsoni","M2","joint_bb",0.729554117711428,0.662788413321316,0.7934472628132,0.310609442813783,1,"supported"
"Notothenia_rossii","M2","joint_bb",0.729554117711428,0.662788413321316,0.7934472628132,0.298093079808503,1,"supported"
"Pagothenia_borchgrevinki","M2","joint_bb",0.576036754220618,0.364005323398379,0.77226889329921,0.129434536002887,1,"supported"
"Trematomus_bernacchii","M2","joint_bb",0.576036754220618,0.364005323398379,0.77226889329921,0.124957241382536,1,"supported"
"Etheostoma_cragini","M2","joint_bb",0.522799543246795,0.400984486278062,0.643000200304128,0.11361521627726,1,"supported"
"Perca_flavescens","M2","joint_bb",0.787378090971046,0.73445222006314,0.836016732828557,0.389767108947597,1,"supported"
"Perca_fluviatilis","M2","joint_bb",0.787378090971046,0.73445222006314,0.836016732828557,0.385559548460854,1,"supported"
"Sander_lucioperca","M2","joint_bb",0.787378090971046,0.73445222006314,0.836016732828557,0.371673019279709,1,"supported"
"Sander_vitreus","M2","joint_bb",0.787378090971046,0.73445222006314,0.836016732828557,0.388424819905028,1,"supported"
"Pholis_gunnellus","M2","joint_bb",0.794872186697463,0.583639071703993,0.930367747408581,0.33978779588102,1,"supported"
"Sebastes_fasciatus","M2","joint_bb",0.85181331013837,0.733980053662019,0.932068180884525,0.45889555492378,1,"supported"
"Sebastes_schlegelii","M2","joint_bb",0.887386221698204,0.797684545278007,0.948374237572504,0.5327493320483,1,"supported"
"Sebastes_umbrosus","M2","joint_bb",0.887386221698204,0.797684545278007,0.948374237572504,0.519698345540309,1,"supported"
"Centropristis_striata","M2","joint_bb",0.729554117711428,0.662788413321316,0.7934472628132,0.309214918911004,1,"supported"
"Echiichthys_vipera","M2","joint_bb",0.787378090971046,0.73445222006314,0.836016732828557,0.391168932703189,1,"supported"
"Eutrigla_gurnardus","M2","joint_bb",0.729554117711428,0.662788413321316,0.7934472628132,0.314034256797989,1,"supported"
"Lycodes_pacificus","M2","joint_bb",0.794872186697463,0.583639071703993,0.930367747408581,0.34182499667429,1,"supported"
"Melanostigma_gelatinosum","M2","joint_bb",0.794872186697463,0.583639071703993,0.930367747408581,0.328308715194198,1,"supported"
"Zoarces_viviparus","M2","joint_bb",0.794872186697463,0.583639071703993,0.930367747408581,0.323937949319974,1,"supported"
"Erpetoichthys_calabaricus","M2","schemeA_tobit",0.08142217586123,0.00455222576414138,0.277653512527672,0,0.704502278937175,"missing_input_extrapolation"
"Polypterus_senegalus","M2","schemeA_tobit",0.08142217586123,0.00455222576414138,0.277653512527672,0,0.732508352166083,"missing_input_extrapolation"
"Acipenser_oxyrinchus","M2","schemeA_tobit",0.656854217115011,0.246917491532662,0.95581376268855,0,1,"missing_input_extrapolation"
"Acipenser_ruthenus","M2","schemeA_tobit",0.656854217115011,0.246917491532662,0.95581376268855,0,1,"missing_input_extrapolation"
"Acipenser_sinensis","M2","schemeA_tobit",0.656854217115011,0.246917491532662,0.95581376268855,0,1,"missing_input_extrapolation"
"Huso_huso","M2","schemeA_tobit",0.656854217115011,0.246917491532662,0.95581376268855,0,1,"missing_input_extrapolation"
"Polyodon_spathula","M2","schemeA_tobit",0.656854217115011,0.246917491532662,0.95581376268855,0,1,"missing_input_extrapolation"
"Amia_ocellicauda","M2","schemeA_tobit",0.656854217115011,0.246917491532662,0.95581376268855,0,1,"missing_input_extrapolation"
"Atractosteus_spatula","M2","schemeA_tobit",0.0919818353394663,0.0138361016962855,0.245996307494476,0,0.737983713387696,"missing_input_extrapolation"
"Lepisosteus_oculatus","M2","schemeA_tobit",0.0919818353394663,0.0138361016962855,0.245996307494476,0,0.725536365162933,"missing_input_extrapolation"
"Megalops_atlanticus","M2","schemeA_tobit",0.22003708618088,0.0631949725540386,0.45260842302219,0,1,"missing_input_extrapolation"
"Megalops_cyprinoides","M2","schemeA_tobit",0.22003708618088,0.0631949725540386,0.45260842302219,0,1,"missing_input_extrapolation"
"Albula_glossodonta","M2","schemeA_tobit",0.0919818353394663,0.0138361016962855,0.245996307494476,0,0.765945113312471,"missing_input_extrapolation"
"Albula_goreensis","M2","schemeA_tobit",0.0919818353394663,0.0138361016962855,0.245996307494476,0,0.730756617360951,"missing_input_extrapolation"
"Aldrovandia_affinis","M2","schemeA_tobit",0.08142217586123,0.00455222576414138,0.277653512527672,0,0.725263734163588,"missing_input_extrapolation"
"Anguilla_anguilla","M2","schemeA_tobit",0.0919818353394663,0.0138361016962855,0.245996307494476,0,0.732317803087053,"missing_input_extrapolation"
"Anguilla_japonica","M2","schemeA_tobit",0.08142217586123,0.00455222576414138,0.277653512527672,0,0.752496771507682,"missing_input_extrapolation"
"Anguilla_rostrata","M2","schemeA_tobit",0.08142217586123,0.00455222576414138,0.277653512527672,0,0.766201550377263,"missing_input_extrapolation"
"Conger_conger","M2","schemeA_tobit",0.0919818353394663,0.0138361016962855,0.245996307494476,0,0.749860489047449,"missing_input_extrapolation"
"Gymnothorax_javanicus","M2","schemeA_tobit",0.0919818353394663,0.0138361016962855,0.245996307494476,0,0.75462662880533,"missing_input_extrapolation"
"Synaphobranchus_kaupii","M2","schemeA_tobit",0.08142217586123,0.00455222576414138,0.277653512527672,0,0.720733315439427,"missing_input_extrapolation"
"Arapaima_gigas","M2","schemeA_tobit",0.609586381611892,0.162807996845425,0.952622458396746,0,1,"missing_input_extrapolation"
"Brienomyrus_brachyistius","M2","schemeA_tobit",0.0919818353394663,0.0138361016962855,0.245996307494476,0,0.725701437749967,"missing_input_extrapolation"
"Paramormyrops_kingsleyae","M2","schemeA_tobit",0.51743617901039,0.117612084732748,0.905399784912167,0,1,"missing_input_extrapolation"
"Scleropages_formosus","M2","schemeA_tobit",0.259265623541202,0.0879831023001174,0.498182560250523,0,1,"missing_input_extrapolation"
"Hiodon_alosoides","M2","schemeA_tobit",0.0919818353394663,0.0138361016962855,0.245996307494476,0,0.777909841196728,"missing_input_extrapolation"
"Alosa_alosa","M2","schemeA_tobit",0.656854217115011,0.246917491532662,0.95581376268855,0,1,"missing_input_extrapolation"
"Alosa_pseudoharengus","M2","schemeA_tobit",0.656854217115011,0.246917491532662,0.95581376268855,0,1,"missing_input_extrapolation"
"Alosa_sapidissima","M2","schemeA_tobit",0.656854217115011,0.246917491532662,0.95581376268855,0,1,"missing_input_extrapolation"
"Sardina_pilchardus","M2","schemeA_tobit",0.656854217115011,0.246917491532662,0.95581376268855,0,1,"missing_input_extrapolation"
"Clupea_harengus","M2","schemeA_tobit",0.656854217115011,0.246917491532662,0.95581376268855,0,1,"missing_input_extrapolation"
"Sprattus_sprattus","M2","schemeA_tobit",0.656854217115011,0.246917491532662,0.95581376268855,0,1,"missing_input_extrapolation"
"Denticeps_clupeoides","M2","schemeA_tobit",0.656854217115011,0.246917491532662,0.95581376268855,0,1,"missing_input_extrapolation"
"Coilia_grayii","M2","schemeA_tobit",0.0919818353394663,0.0138361016962855,0.245996307494476,0,0.7628694111392,"missing_input_extrapolation"
"Coilia_mystus","M2","schemeA_tobit",0.51743617901039,0.117612084732748,0.905399784912167,0,1,"missing_input_extrapolation"
"Engraulis_encrasicolus","M2","schemeA_tobit",0.259265623541202,0.0879831023001174,0.498182560250523,0,1,"missing_input_extrapolation"
"Chanos_chanos","M2","schemeA_tobit",0.0919818353394663,0.0138361016962855,0.245996307494476,0,0.740868072506682,"missing_input_extrapolation"
"Myxocyprinus_asiaticus","M2","schemeA_tobit",0.259265623541202,0.0879831023001174,0.498182560250523,0,1,"missing_input_extrapolation"
"Xyrauchen_texanus","M2","schemeA_tobit",0.0919818353394663,0.0138361016962855,0.245996307494476,0,0.735721219465361,"missing_input_extrapolation"
"Misgurnus_anguillicaudatus","M2","schemeA_tobit",0.259265623541202,0.0879831023001174,0.498182560250523,0,1,"missing_input_extrapolation"
"Paramisgurnus_dabryanus","M2","schemeA_tobit",0.852035591692567,0.546532281346901,0.992565651538358,0.0241557756487265,1,"missing_input_extrapolation"
"Abramis_brama","M2","schemeA_tobit",0.0919818353394663,0.0138361016962855,0.245996307494476,0,0.74214406118329,"missing_input_extrapolation"
"Barbus_barbus","M2","schemeA_tobit",0.0919818353394663,0.0138361016962855,0.245996307494476,0,0.745000168720697,"missing_input_extrapolation"
"Carassius_auratus","M2","schemeA_tobit",0.0919818353394663,0.0138361016962855,0.245996307494476,0,0.749953545049488,"missing_input_extrapolation"
"Carassius_carassius","M2","schemeA_tobit",0.0919818353394663,0.0138361016962855,0.245996307494476,0,0.740148384371743,"missing_input_extrapolation"
"Carassius_gibelio","M2","schemeA_tobit",0.0919818353394663,0.0138361016962855,0.245996307494476,0,0.761134077416424,"missing_input_extrapolation"
"Chanodichthys_erythropterus","M2","schemeA_tobit",0.0919818353394663,0.0138361016962855,0.245996307494476,0,0.74562072103321,"missing_input_extrapolation"
"Cirrhinus_molitorella","M2","schemeA_tobit",0.0919818353394663,0.0138361016962855,0.245996307494476,0,0.743994385918388,"missing_input_extrapolation"
"Ctenopharyngodon_idella","M2","schemeA_tobit",0.0919818353394663,0.0138361016962855,0.245996307494476,0,0.758173913434156,"missing_input_extrapolation"
"Culter_alburnus","M2","schemeA_tobit",0.0919818353394663,0.0138361016962855,0.245996307494476,0,0.757240988209728,"missing_input_extrapolation"
"Cyprinella_venusta","M2","schemeA_tobit",0.08142217586123,0.00455222576414138,0.277653512527672,0,0.728933506916236,"missing_input_extrapolation"
"Cyprinus_carpio","M2","schemeA_tobit",0.0919818353394663,0.0138361016962855,0.245996307494476,0,0.744495117585651,"missing_input_extrapolation"
"Danio_aesculapii","M2","schemeA_tobit",0.259265623541202,0.0879831023001174,0.498182560250523,0,1,"missing_input_extrapolation"
"Danio_rerio","M2","schemeA_tobit",0.259265623541202,0.0879831023001174,0.498182560250523,0,1,"missing_input_extrapolation"
"Garra_rufa","M2","schemeA_tobit",0.0919818353394663,0.0138361016962855,0.245996307494476,0,0.730407632903194,"missing_input_extrapolation"
"Hemiculter_leucisculus","M2","schemeA_tobit",0.0919818353394663,0.0138361016962855,0.245996307494476,0,0.76182372883083,"missing_input_extrapolation"
"Labeo_rohita","M2","schemeA_tobit",0.51743617901039,0.117612084732748,0.905399784912167,0,1,"missing_input_extrapolation"
"Leuciscus_chuanchicus","M2","schemeA_tobit",0.0919818353394663,0.0138361016962855,0.245996307494476,0,0.751576142711767,"missing_input_extrapolation"
"Leuciscus_leuciscus","M2","schemeA_tobit",0.0919818353394663,0.0138361016962855,0.245996307494476,0,0.730439771273111,"missing_input_extrapolation"
"Leuciscus_waleckii","M2","schemeA_tobit",0.0919818353394663,0.0138361016962855,0.245996307494476,0,0.770118852386005,"missing_input_extrapolation"
"Megalobrama_amblycephala","M2","schemeA_tobit",0.0919818353394663,0.0138361016962855,0.245996307494476,0,0.747707753816569,"missing_input_extrapolation"
"Mylopharyngodon_piceus","M2","schemeA_tobit",0.0919818353394663,0.0138361016962855,0.245996307494476,0,0.761922056192647,"missing_input_extrapolation"
"Onychostoma_macrolepis","M2","schemeA_tobit",0.0919818353394663,0.0138361016962855,0.245996307494476,0,0.742294088320667,"missing_input_extrapolation"
"Phoxinus_phoxinus","M2","schemeA_tobit",0.0919818353394663,0.0138361016962855,0.245996307494476,0,0.735052371746235,"missing_input_extrapolation"
"Pimephales_promelas","M2","schemeA_tobit",0.0919818353394663,0.0138361016962855,0.245996307494476,0,0.754801427089581,"missing_input_extrapolation"
"Pseudorasbora_parva","M2","schemeA_tobit",0.656854217115011,0.246917491532662,0.95581376268855,0,1,"missing_input_extrapolation"
"Puntigrus_tetrazona","M2","schemeA_tobit",0.0919818353394663,0.0138361016962855,0.245996307494476,0,0.733474228755263,"missing_input_extrapolation"
"Rutilus_rutilus","M2","schemeA_tobit",0.0919818353394663,0.0138361016962855,0.245996307494476,0,0.788676716484181,"missing_input_extrapolation"
"Scardinius_erythrophthalmus","M2","schemeA_tobit",0.0919818353394663,0.0138361016962855,0.245996307494476,0,0.716545243601423,"missing_input_extrapolation"
"Sinocyclocheilus_anshuiensis","M2","schemeA_tobit",0.0919818353394663,0.0138361016962855,0.245996307494476,0,0.703404869549476,"missing_input_extrapolation"
"Sinocyclocheilus_grahami","M2","schemeA_tobit",0.0919818353394663,0.0138361016962855,0.245996307494476,0,0.757993999351933,"missing_input_extrapolation"
"Sinocyclocheilus_rhinocerous","M2","schemeA_tobit",0.0919818353394663,0.0138361016962855,0.245996307494476,0,0.742054734231451,"missing_input_extrapolation"
"Siphateles_boraxobius","M2","schemeA_tobit",0.0919818353394663,0.0138361016962855,0.245996307494476,0,0.759900453123204,"missing_input_extrapolation"
"Squalius_cephalus","M2","schemeA_tobit",0.0919818353394663,0.0138361016962855,0.245996307494476,0,0.74284682380986,"missing_input_extrapolation"
"Gobio_gobio","M2","schemeA_tobit",0.0919818353394663,0.0138361016962855,0.245996307494476,0,0.725007438258586,"missing_input_extrapolation"
"Rhinichthys_klamathensis","M2","schemeA_tobit",0.0919818353394663,0.0138361016962855,0.245996307494476,0,0.744779155250228,"missing_input_extrapolation"
"Barbatula_barbatula","M2","schemeA_tobit",0.259265623541202,0.0879831023001174,0.498182560250523,0,1,"missing_input_extrapolation"
"Triplophysa_dalaica","M2","schemeA_tobit",0.259265623541202,0.0879831023001174,0.498182560250523,0,1,"missing_input_extrapolation"
"Triplophysa_rosa","M2","schemeA_tobit",0.51743617901039,0.117612084732748,0.905399784912167,0,1,"missing_input_extrapolation"
"Astyanax_lacustris","M2","schemeA_tobit",0.51743617901039,0.117612084732748,0.905399784912167,0,1,"missing_input_extrapolation"
"Astyanax_mexicanus","M2","schemeA_tobit",0.51743617901039,0.117612084732748,0.905399784912167,0,1,"missing_input_extrapolation"
"Salminus_brasiliensis","M2","schemeA_tobit",0.51743617901039,0.117612084732748,0.905399784912167,0,1,"missing_input_extrapolation"
"Hoplias_malabaricus","M2","schemeA_tobit",0.874870071669482,0.521237487863639,0.997727181643612,0.0624803580005748,1,"missing_input_extrapolation"
"Prochilodus_magdalenae","M2","schemeA_tobit",0.08142217586123,0.00455222576414138,0.277653512527672,0,0.716088764813976,"missing_input_extrapolation"
"Acnodon_oligacanthus","M2","schemeA_tobit",0.51743617901039,0.117612084732748,0.905399784912167,0,1,"missing_input_extrapolation"
"Colossoma_macropomum","M2","schemeA_tobit",0.51743617901039,0.117612084732748,0.905399784912167,0,1,"missing_input_extrapolation"
"Metynnis_hypsauchen","M2","schemeA_tobit",0.51743617901039,0.117612084732748,0.905399784912167,0,1,"missing_input_extrapolation"
"Pygocentrus_nattereri","M2","schemeA_tobit",0.51743617901039,0.117612084732748,0.905399784912167,0,1,"missing_input_extrapolation"
"Serrasalmus_rhombeus","M2","schemeA_tobit",0.874870071669482,0.521237487863639,0.997727181643612,0.0670225802018685,1,"missing_input_extrapolation"
"Electrophorus_electricus","M2","schemeA_tobit",0.471121965911365,0.176469998219592,0.76703966226785,0,1,"missing_input_extrapolation"
"Electrophorus_voltai","M2","schemeA_tobit",0.874870071669482,0.521237487863639,0.997727181643612,0.0672066404803325,1,"missing_input_extrapolation"
"Brachyhypopomus_gauderio","M2","schemeA_tobit",0.874870071669482,0.521237487863639,0.997727181643612,0.0548803286794002,1,"missing_input_extrapolation"
"Neoarius_graeffei","M2","schemeA_tobit",0.51743617901039,0.117612084732748,0.905399784912167,0,1,"missing_input_extrapolation"
"Hemibagrus_guttatus","M2","schemeA_tobit",0.0919818353394663,0.0138361016962855,0.245996307494476,0,0.777365026726916,"missing_input_extrapolation"
"Hemibagrus_wyckioides","M2","schemeA_tobit",0.0919818353394663,0.0138361016962855,0.245996307494476,0,0.775958967572699,"missing_input_extrapolation"
"Tachysurus_fulvidraco","M2","schemeA_tobit",0.51743617901039,0.117612084732748,0.905399784912167,0,1,"missing_input_extrapolation"
"Tachysurus_vachellii","M2","schemeA_tobit",0.51743617901039,0.117612084732748,0.905399784912167,0,1,"missing_input_extrapolation"
"Clarias_gariepinus","M2","schemeA_tobit",0.51743617901039,0.117612084732748,0.905399784912167,0,1,"missing_input_extrapolation"
"Clarias_magur","M2","schemeA_tobit",0.51743617901039,0.117612084732748,0.905399784912167,0,1,"missing_input_extrapolation"
"Ictalurus_furcatus","M2","schemeA_tobit",0.51743617901039,0.117612084732748,0.905399784912167,0,1,"missing_input_extrapolation"
"Ictalurus_punctatus","M2","schemeA_tobit",0.0919818353394663,0.0138361016962855,0.245996307494476,0,0.760218865242495,"missing_input_extrapolation"
"Pangasianodon_gigas","M2","schemeA_tobit",0.471942700278718,0.0741928887859278,0.895912924206842,0,1,"missing_input_extrapolation"
"Pangasianodon_hypophthalmus","M2","schemeA_tobit",0.51743617901039,0.117612084732748,0.905399784912167,0,1,"missing_input_extrapolation"
"Silurus_aristotelis","M2","schemeA_tobit",0.51743617901039,0.117612084732748,0.905399784912167,0,1,"missing_input_extrapolation"
"Silurus_asotus","M2","schemeA_tobit",0.51743617901039,0.117612084732748,0.905399784912167,0,1,"missing_input_extrapolation"
"Silurus_meridionalis","M2","schemeA_tobit",0.51743617901039,0.117612084732748,0.905399784912167,0,1,"missing_input_extrapolation"
"Trichomycterus_rosablanca","M2","schemeA_tobit",0.471942700278718,0.0741928887859278,0.895912924206842,0,1,"missing_input_extrapolation"
"Nansenia_antarctica","M2","schemeA_tobit",0.471121965911365,0.176469998219592,0.76703966226785,0,1,"missing_input_extrapolation"
"Galaxias_brevipinnis","M2","schemeA_tobit",0.912871265253684,0.598180558274494,0.999325406721405,0.202883890663514,1,"missing_input_extrapolation"
"Coregonus_albula","M2","schemeA_tobit",0.08142217586123,0.00455222576414138,0.277653512527672,0,0.715960839518673,"missing_input_extrapolation"
"Coregonus_clupeaformis","M2","schemeA_tobit",0.08142217586123,0.00455222576414138,0.277653512527672,0,0.728439928556672,"missing_input_extrapolation"
"Coregonus_lavaretus","M2","schemeA_tobit",0.08142217586123,0.00455222576414138,0.277653512527672,0,0.75086006742372,"missing_input_extrapolation"
"Coregonus_suidteri","M2","schemeA_tobit",0.08142217586123,0.00455222576414138,0.277653512527672,0,0.712403491094929,"missing_input_extrapolation"
"Oncorhynchus_clarkii","M2","schemeA_tobit",0.08142217586123,0.00455222576414138,0.277653512527672,0,0.756393954479032,"missing_input_extrapolation"
"Oncorhynchus_gorbuscha","M2","schemeA_tobit",0.08142217586123,0.00455222576414138,0.277653512527672,0,0.72114275093234,"missing_input_extrapolation"
"Oncorhynchus_keta","M2","schemeA_tobit",0.08142217586123,0.00455222576414138,0.277653512527672,0,0.763390574230415,"missing_input_extrapolation"
"Oncorhynchus_kisutch","M2","schemeA_tobit",0.08142217586123,0.00455222576414138,0.277653512527672,0,0.720603158105906,"missing_input_extrapolation"
"Oncorhynchus_masou","M2","schemeA_tobit",0.08142217586123,0.00455222576414138,0.277653512527672,0,0.730902668217577,"missing_input_extrapolation"
"Oncorhynchus_mykiss","M2","schemeA_tobit",0.08142217586123,0.00455222576414138,0.277653512527672,0,0.734954590006868,"missing_input_extrapolation"
"Oncorhynchus_nerka","M2","schemeA_tobit",0.08142217586123,0.00455222576414138,0.277653512527672,0,0.721507573192778,"missing_input_extrapolation"
"Oncorhynchus_tshawytscha","M2","schemeA_tobit",0.08142217586123,0.00455222576414138,0.277653512527672,0,0.720941781355652,"missing_input_extrapolation"
"Salmo_salar","M2","schemeA_tobit",0.08142217586123,0.00455222576414138,0.277653512527672,0,0.76078230273438,"missing_input_extrapolation"
"Salmo_trutta","M2","schemeA_tobit",0.08142217586123,0.00455222576414138,0.277653512527672,0,0.730686112248971,"missing_input_extrapolation"
"Salvelinus_alpinus","M2","schemeA_tobit",0.08142217586123,0.00455222576414138,0.277653512527672,0,0.742889909431565,"missing_input_extrapolation"
"Salvelinus_fontinalis","M2","schemeA_tobit",0.08142217586123,0.00455222576414138,0.277653512527672,0,0.738723410282971,"missing_input_extrapolation"
"Salvelinus_namaycush","M2","schemeA_tobit",0.08142217586123,0.00455222576414138,0.277653512527672,0,0.722754906095829,"missing_input_extrapolation"
"Dallia_pectoralis","M2","schemeA_tobit",0.08142217586123,0.00455222576414138,0.277653512527672,0,0.703749864005319,"missing_input_extrapolation"
"Esox_lucius","M2","schemeA_tobit",0.08142217586123,0.00455222576414138,0.277653512527672,0,0.753943841180853,"missing_input_extrapolation"
"Umbra_pygmaea","M2","schemeA_tobit",0.08142217586123,0.00455222576414138,0.277653512527672,0,0.743092854311422,"missing_input_extrapolation"
"Hypomesus_nipponensis","M2","schemeA_tobit",0.458131759748914,0.123876112915363,0.811285703411971,0,1,"supported"
"Hypomesus_transpacificus","M2","schemeA_tobit",0.458131759748914,0.123876112915363,0.811285703411971,0,1,"supported"
"Osmerus_eperlanus","M2","schemeA_tobit",0.458131759748914,0.123876112915363,0.811285703411971,0,1,"supported"
"Osmerus_mordax","M2","schemeA_tobit",0.458131759748914,0.123876112915363,0.811285703411971,0,1,"supported"
"Benthosema_glaciale","M2","schemeA_tobit",0.438993980499894,0.188510235195783,0.712169949000032,0,1,"supported"
"Electrona_antarctica","M2","schemeA_tobit",0.38494493933657,0.225338654356211,0.55910071253397,0,1,"supported"
"Gymnoscopelus_braueri","M2","schemeA_tobit",0.38494493933657,0.225338654356211,0.55910071253397,0,1,"supported"
"Gymnoscopelus_microlampas","M2","schemeA_tobit",0.38494493933657,0.225338654356211,0.55910071253397,0,1,"supported"
"Nannobrachium_achirus","M2","schemeA_tobit",0.38494493933657,0.225338654356211,0.55910071253397,0,1,"supported"
"Protomyctophum_bolini","M2","schemeA_tobit",0.38494493933657,0.225338654356211,0.55910071253397,0,1,"supported"
"Protomyctophum_parallelum","M2","schemeA_tobit",0.38494493933657,0.225338654356211,0.55910071253397,0,1,"supported"
"Polymixia_hollisterae","M2","schemeA_tobit",0.203148536174309,0.0844009563913531,0.365743889703216,0,1,"supported"
"Polymixia_lowei","M2","schemeA_tobit",0.203148536174309,0.0844009563913531,0.365743889703216,0,1,"supported"
"Centroberyx_affinis","M2","schemeA_tobit",0.177649194059908,0.0205818025491869,0.483399256444381,0,1,"supported"
"Centroberyx_gerrardi","M2","schemeA_tobit",0.761700571052354,0.341019773387288,0.986335535657314,0,1,"supported"
"Poromitra_crassiceps","M2","schemeA_tobit",0.0973705083986366,0.00589942186950974,0.332099006495962,0,0.813934842757199,"supported"
"Myripristis_murdjan","M2","schemeA_tobit",0.38494493933657,0.225338654356211,0.55910071253397,0,1,"supported"
"Lucifuga_dentata","M2","schemeA_tobit",0.22003708618088,0.0631949725540386,0.45260842302219,0,1,"missing_input_extrapolation"
"Genypterus_blacodes","M2","schemeA_tobit",0.0781418156642228,0.00369632267642075,0.28430570711573,0,0.746043192239839,"supported"
"Arripis_georgiana","M2","schemeA_tobit",0.847713994556794,0.789668617371703,0.896573085625493,0.132960256876537,1,"supported"
"Katsuwonus_pelamis","M2","schemeA_tobit",0.847713994556794,0.789668617371703,0.896573085625493,0.124681381053187,1,"supported"
"Sarda_sarda","M2","schemeA_tobit",0.68034959559915,0.581957188939225,0.772362188376159,0,1,"supported"
"Scomber_japonicus","M2","schemeA_tobit",0.68034959559915,0.581957188939225,0.772362188376159,0,1,"supported"
"Scomber_scombrus","M2","schemeA_tobit",0.716545692021091,0.451413512504812,0.914030295205022,0,1,"supported"
"Thunnus_alalunga","M2","schemeA_tobit",0.847713994556794,0.789668617371703,0.896573085625493,0.0926141356482775,1,"supported"
"Thunnus_albacares","M2","schemeA_tobit",0.847713994556794,0.789668617371703,0.896573085625493,0.121336848564056,1,"supported"
"Thunnus_atlanticus","M2","schemeA_tobit",0.847713994556794,0.789668617371703,0.896573085625493,0.103993612209178,1,"supported"
"Thunnus_maccoyii","M2","schemeA_tobit",0.847713994556794,0.789668617371703,0.896573085625493,0.114468486215015,1,"supported"
"Thunnus_obesus","M2","schemeA_tobit",0.847713994556794,0.789668617371703,0.896573085625493,0.121595448860142,1,"supported"
"Thunnus_orientalis","M2","schemeA_tobit",0.847713994556794,0.789668617371703,0.896573085625493,0.141753238211174,1,"supported"
"Thunnus_thynnus","M2","schemeA_tobit",0.847713994556794,0.789668617371703,0.896573085625493,0.100851879050685,1,"supported"
"Thunnus_tonggol","M2","schemeA_tobit",0.847713994556794,0.789668617371703,0.896573085625493,0.137440934597452,1,"supported"
"Pampus_argenteus","M2","schemeA_tobit",0.68034959559915,0.581957188939225,0.772362188376159,0,1,"supported"
"Pampus_punctatissimus","M2","schemeA_tobit",0.68034959559915,0.581957188939225,0.772362188376159,0,1,"supported"
"Aulostomus_chinensis","M2","schemeA_tobit",0.203148536174309,0.0844009563913531,0.365743889703216,0,1,"supported"
"Fistularia_commersonii","M2","schemeA_tobit",0.686547194719579,0.443455847878167,0.87994307391266,0,1,"missing_input_extrapolation"
"Pterapogon_kauderni","M2","schemeA_tobit",0.822708546453696,0.548044991513483,0.981416180648847,0.011239706329931,1,"supported"
"Sphaeramia_orbicularis","M2","schemeA_tobit",0.68034959559915,0.581957188939225,0.772362188376159,0,1,"supported"
"Oxyeleotris_marmorata","M2","schemeA_tobit",0.847713994556794,0.789668617371703,0.896573085625493,0.110596947797363,1,"supported"
"Boleophthalmus_pectinirostris","M2","schemeA_tobit",0.847713994556794,0.789668617371703,0.896573085625493,0.138463067134264,1,"supported"
"Eucyclogobius_newberryi","M2","schemeA_tobit",0.68034959559915,0.581957188939225,0.772362188376159,0,1,"supported"
"Gobius_niger","M2","schemeA_tobit",0.716545692021091,0.451413512504812,0.914030295205022,0,1,"supported"
"Knipowitschia_caucasica","M2","schemeA_tobit",0.68034959559915,0.581957188939225,0.772362188376159,0,1,"supported"
"Mugilogobius_chulae","M2","schemeA_tobit",0.68034959559915,0.581957188939225,0.772362188376159,0,1,"supported"
"Periophthalmus_magnuspinnatus","M2","schemeA_tobit",0.68034959559915,0.581957188939225,0.772362188376159,0,1,"supported"
"Mastacembelus_armatus","M2","schemeA_tobit",0.847713994556794,0.789668617371703,0.896573085625493,0.104216037444332,1,"supported"
"Monopterus_albus","M2","schemeA_tobit",0.847713994556794,0.789668617371703,0.896573085625493,0.139766715163724,1,"supported"
"Anabas_testudineus","M2","schemeA_tobit",0.38494493933657,0.225338654356211,0.55910071253397,0,1,"supported"
"Channa_argus","M2","schemeA_tobit",0.38494493933657,0.225338654356211,0.55910071253397,0,1,"supported"
"Channa_striata","M2","schemeA_tobit",0.203148536174309,0.0844009563913531,0.365743889703216,0,1,"supported"
"Betta_splendens","M2","schemeA_tobit",0.251309785821323,0.0661531164470559,0.527220099285158,0,1,"supported"
"Trichopodus_trichopterus","M2","schemeA_tobit",0.203148536174309,0.0844009563913531,0.365743889703216,0,1,"supported"
"Lates_calcarifer","M2","schemeA_tobit",0.686547194719579,0.443455847878167,0.87994307391266,0,1,"missing_input_extrapolation"
"Lates_japonicus","M2","schemeA_tobit",0.68034959559915,0.581957188939225,0.772362188376159,0,1,"supported"
"Eleutheronema_tetradactylum","M2","schemeA_tobit",0.847713994556794,0.789668617371703,0.896573085625493,0.124507316134595,1,"supported"
"Toxotes_jaculatrix","M2","schemeA_tobit",0.847713994556794,0.789668617371703,0.896573085625493,0.10585949116591,1,"supported"
"Xiphias_gladius","M2","schemeA_tobit",0.865313793924095,0.68072061862907,0.971199107051246,0.118797218283628,1,"supported"
"Caranx_melampygus","M2","schemeA_tobit",0.68034959559915,0.581957188939225,0.772362188376159,0,1,"supported"
"Seriola_dumerili","M2","schemeA_tobit",0.68034959559915,0.581957188939225,0.772362188376159,0,1,"supported"
"Seriola_lalandi","M2","schemeA_tobit",0.68034959559915,0.581957188939225,0.772362188376159,0,1,"supported"
"Trachinotus_anak","M2","schemeA_tobit",0.847713994556794,0.789668617371703,0.896573085625493,0.127217200144453,1,"supported"
"Trachurus_japonicus","M2","schemeA_tobit",0.68034959559915,0.581957188939225,0.772362188376159,0,1,"supported"
"Trachurus_trachurus","M2","schemeA_tobit",0.68034959559915,0.581957188939225,0.772362188376159,0,1,"supported"
"Echeneis_naucrates","M2","schemeA_tobit",0.68034959559915,0.581957188939225,0.772362188376159,0,1,"supported"
"Paralichthys_olivaceus","M2","schemeA_tobit",0.68034959559915,0.581957188939225,0.772362188376159,0,1,"supported"
"Hippoglossus_hippoglossus","M2","schemeA_tobit",0.68034959559915,0.581957188939225,0.772362188376159,0,1,"supported"
"Hippoglossus_stenolepis","M2","schemeA_tobit",0.68034959559915,0.581957188939225,0.772362188376159,0,1,"supported"
"Limanda_limanda","M2","schemeA_tobit",0.68034959559915,0.581957188939225,0.772362188376159,0,1,"supported"
"Platichthys_flesus","M2","schemeA_tobit",0.68034959559915,0.581957188939225,0.772362188376159,0,1,"supported"
"Platichthys_stellatus","M2","schemeA_tobit",0.68034959559915,0.581957188939225,0.772362188376159,0,1,"supported"
"Pleuronectes_platessa","M2","schemeA_tobit",0.68034959559915,0.581957188939225,0.772362188376159,0,1,"supported"
"Scophthalmus_maximus","M2","schemeA_tobit",0.68034959559915,0.581957188939225,0.772362188376159,0,1,"supported"
"Microchirus_variegatus","M2","schemeA_tobit",0.641306688064528,0.201194133437542,0.961299928436515,0,1,"missing_input_extrapolation"
"Solea_senegalensis","M2","schemeA_tobit",0.641306688064528,0.201194133437542,0.961299928436515,0,1,"missing_input_extrapolation"
"Solea_solea","M2","schemeA_tobit",0.641306688064528,0.201194133437542,0.961299928436515,0,1,"missing_input_extrapolation"
"Parambassis_ranga","M2","schemeA_tobit",0.847713994556794,0.789668617371703,0.896573085625493,0.12555446644876,1,"supported"
"Brachyistius_frenatus","M2","schemeA_tobit",0.68034959559915,0.581957188939225,0.772362188376159,0,1,"supported"
"Embiotoca_jacksoni","M2","schemeA_tobit",0.68034959559915,0.581957188939225,0.772362188376159,0,1,"supported"
"Acanthochromis_polyacanthus","M2","schemeA_tobit",0.409337131783432,0.10876562814985,0.760906572131317,0,1,"supported"
"Amphiprion_ocellaris","M2","schemeA_tobit",0.409337131783432,0.10876562814985,0.760906572131317,0,1,"supported"
"Stegastes_partitus","M2","schemeA_tobit",0.847713994556794,0.789668617371703,0.896573085625493,0.129075857095368,1,"supported"
"Andinoacara_rivulatus","M2","schemeA_tobit",0.847713994556794,0.789668617371703,0.896573085625493,0.117836531881373,1,"supported"
"Archocentrus_centrarchus","M2","schemeA_tobit",0.847713994556794,0.789668617371703,0.896573085625493,0.114256422450104,1,"supported"
"Astatotilapia_burtoni","M2","schemeA_tobit",0.847713994556794,0.789668617371703,0.896573085625493,0.101884480410175,1,"supported"
"Astatotilapia_calliptera","M2","schemeA_tobit",0.847713994556794,0.789668617371703,0.896573085625493,0.105064864113642,1,"supported"
"Astronotus_ocellatus","M2","schemeA_tobit",0.847713994556794,0.789668617371703,0.896573085625493,0.126338565869894,1,"supported"
"Aulonocara_stuartgranti","M2","schemeA_tobit",0.847713994556794,0.789668617371703,0.896573085625493,0.109228869370926,1,"supported"
"Copadichromis_virginalis","M2","schemeA_tobit",0.847713994556794,0.789668617371703,0.896573085625493,0.117949900016979,1,"supported"
"Diplotaxodon_limnothrissa","M2","schemeA_tobit",0.847713994556794,0.789668617371703,0.896573085625493,0.10376361740456,1,"supported"
"Haplochromis_nyererei","M2","schemeA_tobit",0.847713994556794,0.789668617371703,0.896573085625493,0.135016966342232,1,"supported"
"Maylandia_zebra","M2","schemeA_tobit",0.847713994556794,0.789668617371703,0.896573085625493,0.128475151504521,1,"supported"
"Mchenga_conophoros","M2","schemeA_tobit",0.847713994556794,0.789668617371703,0.896573085625493,0.108556563820189,1,"supported"
"Neolamprologus_brichardi","M2","schemeA_tobit",0.847713994556794,0.789668617371703,0.896573085625493,0.128379389189569,1,"supported"
"Neolamprologus_multifasciatus","M2","schemeA_tobit",0.847713994556794,0.789668617371703,0.896573085625493,0.11701211793082,1,"supported"
"Oreochromis_aureus","M2","schemeA_tobit",0.847713994556794,0.789668617371703,0.896573085625493,0.0887106955618754,1,"supported"
"Oreochromis_niloticus","M2","schemeA_tobit",0.847713994556794,0.789668617371703,0.896573085625493,0.115486777354565,1,"supported"
"Pelmatolapia_mariae","M2","schemeA_tobit",0.847713994556794,0.789668617371703,0.896573085625493,0.111620403221792,1,"supported"
"Perissodus_microlepis","M2","schemeA_tobit",0.847713994556794,0.789668617371703,0.896573085625493,0.102672976188714,1,"supported"
"Pterophyllum_scalare","M2","schemeA_tobit",0.847713994556794,0.789668617371703,0.896573085625493,0.132950242906392,1,"supported"
"Rhamphochromis_longiceps","M2","schemeA_tobit",0.847713994556794,0.789668617371703,0.896573085625493,0.152721772229108,1,"supported"
"Sarotherodon_galilaeus","M2","schemeA_tobit",0.847713994556794,0.789668617371703,0.896573085625493,0.115001236337557,1,"supported"
"Simochromis_diagramma","M2","schemeA_tobit",0.847713994556794,0.789668617371703,0.896573085625493,0.0938781896846202,1,"supported"
"Leuresthes_tenuis","M2","schemeA_tobit",0.686547194719579,0.443455847878167,0.87994307391266,0,1,"missing_input_extrapolation"
"Menidia_menidia","M2","schemeA_tobit",0.38494493933657,0.225338654356211,0.55910071253397,0,1,"supported"
"Odontesthes_bonariensis","M2","schemeA_tobit",0.22003708618088,0.0631949725540386,0.45260842302219,0,1,"missing_input_extrapolation"
"Melanotaenia_boesemani","M2","schemeA_tobit",0.177649194059908,0.0205818025491869,0.483399256444381,0,1,"supported"
"Telmatherina_bonti","M2","schemeA_tobit",0.177649194059908,0.0205818025491869,0.483399256444381,0,1,"supported"
"Oryzias_javanicus","M2","schemeA_tobit",0.0781418156642228,0.00369632267642075,0.28430570711573,0,0.734036776782733,"supported"
"Oryzias_latipes","M2","schemeA_tobit",0.08142217586123,0.00455222576414138,0.277653512527672,0,0.733922046999878,"missing_input_extrapolation"
"Oryzias_melastigma","M2","schemeA_tobit",0.0781418156642228,0.00369632267642075,0.28430570711573,0,0.744432139583668,"supported"
"Xenentodon_cancila","M2","schemeA_tobit",0.68034959559915,0.581957188939225,0.772362188376159,0,1,"supported"
"Cololabis_saira","M2","schemeA_tobit",0.716545692021091,0.451413512504812,0.914030295205022,0,1,"supported"
"Anableps_anableps","M2","schemeA_tobit",0.203148536174309,0.0844009563913531,0.365743889703216,0,1,"supported"
"Cyprinodon_tularosa","M2","schemeA_tobit",0.38494493933657,0.225338654356211,0.55910071253397,0,1,"supported"
"Cyprinodon_variegatus","M2","schemeA_tobit",0.38494493933657,0.225338654356211,0.55910071253397,0,1,"supported"
"Fundulus_diaphanus","M2","schemeA_tobit",0.38494493933657,0.225338654356211,0.55910071253397,0,1,"supported"
"Fundulus_heteroclitus","M2","schemeA_tobit",0.38494493933657,0.225338654356211,0.55910071253397,0,1,"supported"
"Ameca_splendens","M2","schemeA_tobit",0.38494493933657,0.225338654356211,0.55910071253397,0,1,"supported"
"Crenichthys_baileyi","M2","schemeA_tobit",0.38494493933657,0.225338654356211,0.55910071253397,0,1,"supported"
"Girardinichthys_multiradiatus","M2","schemeA_tobit",0.68034959559915,0.581957188939225,0.772362188376159,0,1,"supported"
"Nothobranchius_furzeri","M2","schemeA_tobit",0.409337131783432,0.10876562814985,0.760906572131317,0,1,"supported"
"Nothobranchius_kadleci","M2","schemeA_tobit",0.68034959559915,0.581957188939225,0.772362188376159,0,1,"supported"
"Nothobranchius_pienaari","M2","schemeA_tobit",0.68034959559915,0.581957188939225,0.772362188376159,0,1,"supported"
"Nothobranchius_rachovii","M2","schemeA_tobit",0.68034959559915,0.581957188939225,0.772362188376159,0,1,"supported"
"Gambusia_affinis","M2","schemeA_tobit",0.38494493933657,0.225338654356211,0.55910071253397,0,1,"supported"
"Gambusia_holbrooki","M2","schemeA_tobit",0.38494493933657,0.225338654356211,0.55910071253397,0,1,"supported"
"Poecilia_formosa","M2","schemeA_tobit",0.38494493933657,0.225338654356211,0.55910071253397,0,1,"supported"
"Poecilia_latipinna","M2","schemeA_tobit",0.38494493933657,0.225338654356211,0.55910071253397,0,1,"supported"
"Poecilia_mexicana","M2","schemeA_tobit",0.38494493933657,0.225338654356211,0.55910071253397,0,1,"supported"
"Poecilia_reticulata","M2","schemeA_tobit",0.38494493933657,0.225338654356211,0.55910071253397,0,1,"supported"
"Poeciliopsis_prolifica","M2","schemeA_tobit",0.203148536174309,0.0844009563913531,0.365743889703216,0,1,"supported"
"Poropanchax_normani","M2","schemeA_tobit",0.38494493933657,0.225338654356211,0.55910071253397,0,1,"supported"
"Xiphophorus_couchianus","M2","schemeA_tobit",0.38494493933657,0.225338654356211,0.55910071253397,0,1,"supported"
"Xiphophorus_hellerii","M2","schemeA_tobit",0.38494493933657,0.225338654356211,0.55910071253397,0,1,"supported"
"Xiphophorus_maculatus","M2","schemeA_tobit",0.38494493933657,0.225338654356211,0.55910071253397,0,1,"supported"
"Austrofundulus_limnaeus","M2","schemeA_tobit",0.887247615694676,0.385522931444795,0.999976914447093,0,1,"missing_input_extrapolation"
"Kryptolebias_marmoratus","M2","schemeA_tobit",0.847713994556794,0.789668617371703,0.896573085625493,0.129937358018549,1,"supported"
"Nematolebias_whitei","M2","schemeA_tobit",0.38494493933657,0.225338654356211,0.55910071253397,0,1,"supported"
"Chelon_labrosus","M2","schemeA_tobit",0.865313793924095,0.68072061862907,0.971199107051246,0.115068582906659,1,"supported"
"Mugil_cephalus","M2","schemeA_tobit",0.865313793924095,0.68072061862907,0.971199107051246,0.114360020041859,1,"supported"
"Planiliza_haematocheilus","M2","schemeA_tobit",0.865313793924095,0.68072061862907,0.971199107051246,0.0975627768739256,1,"supported"
"Gouania_willdenowi","M2","schemeA_tobit",0.607031946424153,0.256831907810883,0.895465445208298,0,1,"supported"
"Blennius_ocellaris","M2","schemeA_tobit",0.409337131783432,0.10876562814985,0.760906572131317,0,1,"supported"
"Lipophrys_pholis","M2","schemeA_tobit",0.409337131783432,0.10876562814985,0.760906572131317,0,1,"supported"
"Ophioblennius_macclurei","M2","schemeA_tobit",0.68034959559915,0.581957188939225,0.772362188376159,0,1,"supported"
"Salarias_fasciatus","M2","schemeA_tobit",0.864555697412981,0.488051180702233,0.997761570190557,0.0227000679637869,1,"missing_input_extrapolation"
"Cristiceps_australis","M2","schemeA_tobit",0.409337131783432,0.10876562814985,0.760906572131317,0,1,"supported"
"Dicentrarchus_labrax","M2","schemeA_tobit",0.203148536174309,0.0844009563913531,0.365743889703216,0,0.997896640829964,"supported"
"Morone_saxatilis","M2","schemeA_tobit",0.203148536174309,0.0844009563913531,0.365743889703216,0,1,"supported"
"Scatophagus_argus","M2","schemeA_tobit",0.847713994556794,0.789668617371703,0.896573085625493,0.141760716012165,1,"supported"
"Collichthys_lucidus","M2","schemeA_tobit",0.68034959559915,0.581957188939225,0.772362188376159,0,1,"supported"
"Larimichthys_crocea","M2","schemeA_tobit",0.68034959559915,0.581957188939225,0.772362188376159,0,1,"supported"
"Nibea_albiflora","M2","schemeA_tobit",0.68034959559915,0.581957188939225,0.772362188376159,0,1,"supported"
"Sciaenops_ocellatus","M2","schemeA_tobit",0.68034959559915,0.581957188939225,0.772362188376159,0,1,"supported"
"Siganus_canaliculatus","M2","schemeA_tobit",0.438993980499894,0.188510235195783,0.712169949000032,0,1,"supported"
"Ammodytes_marinus","M2","schemeA_tobit",0.716545692021091,0.451413512504812,0.914030295205022,0,1,"supported"
"Cheilinus_undulatus","M2","schemeA_tobit",0.210540079789333,0.0313994802907132,0.528246865158238,0,1,"supported"
"Halichoeres_trimaculatus","M2","schemeA_tobit",0.458131759748914,0.123876112915363,0.811285703411971,0,1,"supported"
"Notolabrus_celidotus","M2","schemeA_tobit",0.68034959559915,0.581957188939225,0.772362188376159,0,1,"supported"
"Semicossyphus_pulcher","M2","schemeA_tobit",0.68034959559915,0.581957188939225,0.772362188376159,0,1,"supported"
"Thalassoma_bifasciatum","M2","schemeA_tobit",0.68034959559915,0.581957188939225,0.772362188376159,0,1,"supported"
"Xyrichtys_novacula","M2","schemeA_tobit",0.847713994556794,0.789668617371703,0.896573085625493,0.0749386063485839,1,"supported"
"Platax_orbicularis","M2","schemeA_tobit",0.68034959559915,0.581957188939225,0.772362188376159,0,1,"supported"
"Chaetodon_auriga","M2","schemeA_tobit",0.38494493933657,0.225338654356211,0.55910071253397,0,1,"supported"
"Chaetodon_trifascialis","M2","schemeA_tobit",0.847713994556794,0.789668617371703,0.896573085625493,0.0843116011063426,1,"supported"
"Chelmon_rostratus","M2","schemeA_tobit",0.847713994556794,0.789668617371703,0.896573085625493,0.111933135903842,1,"supported"
"Caesio_teres","M2","schemeA_tobit",0.68034959559915,0.581957188939225,0.772362188376159,0,1,"supported"
"Lutjanus_erythropterus","M2","schemeA_tobit",0.68034959559915,0.581957188939225,0.772362188376159,0,1,"supported"
"Pristipomoides_typus","M2","schemeA_tobit",0.847713994556794,0.789668617371703,0.896573085625493,0.138529621996467,1,"supported"
"Symphorus_nematophorus","M2","schemeA_tobit",0.716545692021091,0.451413512504812,0.914030295205022,0,1,"supported"
"Lethrinus_nebulosus","M2","schemeA_tobit",0.68034959559915,0.581957188939225,0.772362188376159,0,1,"supported"
"Acanthopagrus_latus","M2","schemeA_tobit",0.68034959559915,0.581957188939225,0.772362188376159,0,1,"supported"
"Acanthopagrus_schlegelii","M2","schemeA_tobit",0.68034959559915,0.581957188939225,0.772362188376159,0,1,"supported"
"Pagrus_major","M2","schemeA_tobit",0.68034959559915,0.581957188939225,0.772362188376159,0,1,"supported"
"Pagrus_pagrus","M2","schemeA_tobit",0.68034959559915,0.581957188939225,0.772362188376159,0,1,"supported"
"Rhabdosargus_sarba","M2","schemeA_tobit",0.68034959559915,0.581957188939225,0.772362188376159,0,1,"supported"
"Sparus_aurata","M2","schemeA_tobit",0.68034959559915,0.581957188939225,0.772362188376159,0,1,"supported"
"Nelusetta_ayraud","M2","schemeA_tobit",0.716545692021091,0.451413512504812,0.914030295205022,0,1,"supported"
"Lateolabrax_japonicus","M2","schemeA_tobit",0.847713994556794,0.789668617371703,0.896573085625493,0.0948180346171548,1,"supported"
"Lateolabrax_maculatus","M2","schemeA_tobit",0.847713994556794,0.789668617371703,0.896573085625493,0.110674100939732,1,"supported"
"Pempheris_klunzingeri","M2","schemeA_tobit",0.847713994556794,0.789668617371703,0.896573085625493,0.125726209685244,1,"supported"
"Micropterus_dolomieu","M2","schemeA_tobit",0.865313793924095,0.68072061862907,0.971199107051246,0.119991309009158,1,"supported"
"Micropterus_salmoides","M2","schemeA_tobit",0.865313793924095,0.68072061862907,0.971199107051246,0.114297640468806,1,"supported"
"Enoplosus_armatus","M2","schemeA_tobit",0.68034959559915,0.581957188939225,0.772362188376159,0,1,"supported"
"Oplegnathus_fasciatus","M2","schemeA_tobit",0.847713994556794,0.789668617371703,0.896573085625493,0.138472246173167,1,"supported"
"Oplegnathus_punctatus","M2","schemeA_tobit",0.847713994556794,0.789668617371703,0.896573085625493,0.121115597931063,1,"supported"
"Maccullochella_peelii","M2","schemeA_tobit",0.847713994556794,0.789668617371703,0.896573085625493,0.102126209449068,1,"supported"
"Siniperca_chuatsi","M2","schemeA_tobit",0.995976795456561,0.976414015682891,0.999989784667889,1,1,"supported"
"Siniperca_scherzeri","M2","schemeA_tobit",0.847713994556794,0.789668617371703,0.896573085625493,0.111519783596358,1,"supported"
"Scortum_barcoo","M2","schemeA_tobit",0.68034959559915,0.581957188939225,0.772362188376159,0,1,"supported"
"Anarhichas_minor","M2","schemeA_tobit",0.96475964949169,0.795763752303745,0.999916228630388,0.48388700442822,1,"supported"
"Anarrhichthys_ocellatus","M2","schemeA_tobit",0.96475964949169,0.795763752303745,0.999916228630388,0.496280722428939,1,"supported"
"Anoplopoma_fimbria","M2","schemeA_tobit",0.607031946424153,0.256831907810883,0.895465445208298,0,1,"supported"
"Pogonophryne_albipinna","M2","schemeA_tobit",0.68034959559915,0.581957188939225,0.772362188376159,0,1,"supported"
"Gymnodraco_acuticeps","M2","schemeA_tobit",0.68034959559915,0.581957188939225,0.772362188376159,0,1,"supported"
"Cottoperca_gobio","M2","schemeA_tobit",0.847713994556794,0.789668617371703,0.896573085625493,0.101549838685742,1,"supported"
"Cebidichthys_violaceus","M2","schemeA_tobit",0.607031946424153,0.256831907810883,0.895465445208298,0,1,"supported"
"Chaenocephalus_aceratus","M2","schemeA_tobit",0.68034959559915,0.581957188939225,0.772362188376159,0,1,"supported"
"Champsocephalus_esox","M2","schemeA_tobit",0.68034959559915,0.581957188939225,0.772362188376159,0,1,"supported"
"Champsocephalus_gunnari","M2","schemeA_tobit",0.68034959559915,0.581957188939225,0.772362188376159,0,1,"supported"
"Pseudochaenichthys_georgianus","M2","schemeA_tobit",0.68034959559915,0.581957188939225,0.772362188376159,0,1,"supported"
"Clinocottus_analis","M2","schemeA_tobit",0.941223376031418,0.701631630745654,0.99970930919835,0.379122934458766,1,"missing_input_extrapolation"
"Taurulus_bubalis","M2","schemeA_tobit",0.409337131783432,0.10876562814985,0.760906572131317,0,1,"supported"
"Cyclopterus_lumpus","M2","schemeA_tobit",0.847713994556794,0.789668617371703,0.896573085625493,0.104130820209203,1,"supported"
"Eleginops_maclovinus","M2","schemeA_tobit",0.847713994556794,0.789668617371703,0.896573085625493,0.12072344313173,1,"supported"
"Cromileptes_altivelis","M2","schemeA_tobit",0.68034959559915,0.581957188939225,0.772362188376159,0,1,"supported"
"Epinephelus_bruneus","M2","schemeA_tobit",0.847713994556794,0.789668617371703,0.896573085625493,0.127104794902931,1,"supported"
"Epinephelus_coioides","M2","schemeA_tobit",0.847713994556794,0.789668617371703,0.896573085625493,0.134640737186293,1,"supported"
"Epinephelus_fuscoguttatus","M2","schemeA_tobit",0.847713994556794,0.789668617371703,0.896573085625493,0.108865523516463,1,"supported"
"Epinephelus_lanceolatus","M2","schemeA_tobit",0.847713994556794,0.789668617371703,0.896573085625493,0.095088018095214,1,"supported"
"Epinephelus_malabaricus","M2","schemeA_tobit",0.847713994556794,0.789668617371703,0.896573085625493,0.106963622961642,1,"supported"
"Epinephelus_multinotatus","M2","schemeA_tobit",0.847713994556794,0.789668617371703,0.896573085625493,0.103688360455778,1,"supported"
"Plectropomus_leopardus","M2","schemeA_tobit",0.68034959559915,0.581957188939225,0.772362188376159,0,1,"supported"
"Gasterosteus_aculeatus","M2","schemeA_tobit",0.177649194059908,0.0205818025491869,0.483399256444381,0,1,"supported"
"Pungitius_pungitius","M2","schemeA_tobit",0.0781418156642228,0.00369632267642075,0.28430570711573,0,0.708514755065926,"supported"
"Pungitius_sinensis","M2","schemeA_tobit",0.0781418156642228,0.00369632267642075,0.28430570711573,0,0.695901192768983,"supported"
"Dissostichus_eleginoides","M2","schemeA_tobit",0.68034959559915,0.581957188939225,0.772362188376159,0,1,"supported"
"Dissostichus_mawsoni","M2","schemeA_tobit",0.68034959559915,0.581957188939225,0.772362188376159,0,1,"supported"
"Notothenia_rossii","M2","schemeA_tobit",0.68034959559915,0.581957188939225,0.772362188376159,0,1,"supported"
"Pagothenia_borchgrevinki","M2","schemeA_tobit",0.409337131783432,0.10876562814985,0.760906572131317,0,1,"supported"
"Trematomus_bernacchii","M2","schemeA_tobit",0.409337131783432,0.10876562814985,0.760906572131317,0,1,"supported"
"Etheostoma_cragini","M2","schemeA_tobit",0.38494493933657,0.225338654356211,0.55910071253397,0,1,"supported"
"Perca_flavescens","M2","schemeA_tobit",0.847713994556794,0.789668617371703,0.896573085625493,0.10822014968885,1,"supported"
"Perca_fluviatilis","M2","schemeA_tobit",0.847713994556794,0.789668617371703,0.896573085625493,0.112368958408677,1,"supported"
"Sander_lucioperca","M2","schemeA_tobit",0.847713994556794,0.789668617371703,0.896573085625493,0.100245070925407,1,"supported"
"Sander_vitreus","M2","schemeA_tobit",0.847713994556794,0.789668617371703,0.896573085625493,0.120191062511379,1,"supported"
"Pholis_gunnellus","M2","schemeA_tobit",0.96475964949169,0.795763752303745,0.999916228630388,0.507521322928802,1,"supported"
"Sebastes_fasciatus","M2","schemeA_tobit",0.98396361200104,0.925540447085444,0.999808203200583,0.763202480878076,1,"supported"
"Sebastes_schlegelii","M2","schemeA_tobit",0.995976795456561,0.976414015682891,0.999989784667889,1,1,"supported"
"Sebastes_umbrosus","M2","schemeA_tobit",0.995976795456561,0.976414015682891,0.999989784667889,1,1,"supported"
"Centropristis_striata","M2","schemeA_tobit",0.68034959559915,0.581957188939225,0.772362188376159,0,1,"supported"
"Echiichthys_vipera","M2","schemeA_tobit",0.847713994556794,0.789668617371703,0.896573085625493,0.119411871388364,1,"supported"
"Eutrigla_gurnardus","M2","schemeA_tobit",0.68034959559915,0.581957188939225,0.772362188376159,0,1,"supported"
"Lycodes_pacificus","M2","schemeA_tobit",0.96475964949169,0.795763752303745,0.999916228630388,0.513053681887965,1,"supported"
"Melanostigma_gelatinosum","M2","schemeA_tobit",0.96475964949169,0.795763752303745,0.999916228630388,0.491532677589816,1,"supported"
"Zoarces_viviparus","M2","schemeA_tobit",0.96475964949169,0.795763752303745,0.999916228630388,0.517076246394453,1,"supported"
"Erpetoichthys_calabaricus","M3","binary",0.63581172643387,0.286502798269215,0.899335436854436,NA,NA,"missing_input_extrapolation"
"Polypterus_senegalus","M3","binary",0.63581172643387,0.286502798269215,0.899335436854436,NA,NA,"missing_input_extrapolation"
"Acipenser_oxyrinchus","M3","binary",0.482932341088274,0.124386805869877,0.854522337000317,NA,NA,"unseen_category_extrapolation"
"Acipenser_ruthenus","M3","binary",0.478841998200004,0.120618625515625,0.860244279148214,NA,NA,"unseen_category_extrapolation"
"Acipenser_sinensis","M3","binary",0.482932341088274,0.124386805869877,0.854522337000317,NA,NA,"unseen_category_extrapolation"
"Huso_huso","M3","binary",0.478841998200004,0.120618625515625,0.860244279148214,NA,NA,"unseen_category_extrapolation"
"Polyodon_spathula","M3","binary",0.482932341088274,0.124386805869877,0.854522337000317,NA,NA,"unseen_category_extrapolation"
"Amia_ocellicauda","M3","binary",0.355404242301856,0.0723849325333899,0.744264923391638,NA,NA,"unseen_category_extrapolation"
"Atractosteus_spatula","M3","binary",0.35485298839319,0.0757760895735233,0.7513929074308,NA,NA,"unseen_category_extrapolation"
"Lepisosteus_oculatus","M3","binary",0.504145651237409,0.130233750303188,0.879888254634326,NA,NA,"unseen_category_extrapolation"
"Megalops_atlanticus","M3","binary",0.409278540480027,0.116540513582146,0.758699410896388,NA,NA,"missing_input_extrapolation"
"Megalops_cyprinoides","M3","binary",0.409278540480027,0.116540513582146,0.758699410896388,NA,NA,"missing_input_extrapolation"
"Albula_glossodonta","M3","binary",0.630284219055094,0.229671556615912,0.925770898231232,NA,NA,"missing_input_extrapolation"
"Albula_goreensis","M3","binary",0.630284219055094,0.229671556615912,0.925770898231232,NA,NA,"missing_input_extrapolation"
"Aldrovandia_affinis","M3","binary",0.626173471610691,0.188516665220635,0.94249176061989,NA,NA,"unseen_category_extrapolation"
"Anguilla_anguilla","M3","binary",0.654745863646939,0.253159170897944,0.931085823846034,NA,NA,"missing_input_extrapolation"
"Anguilla_japonica","M3","binary",0.631573204703554,0.232702091541935,0.923648029576561,NA,NA,"missing_input_extrapolation"
"Anguilla_rostrata","M3","binary",0.631573204703554,0.232702091541935,0.923648029576561,NA,NA,"missing_input_extrapolation"
"Conger_conger","M3","binary",0.505440980639386,0.126661273045915,0.878868383823526,NA,NA,"unseen_category_extrapolation"
"Gymnothorax_javanicus","M3","binary",0.50619975517382,0.130159422477096,0.87661225564494,NA,NA,"unseen_category_extrapolation"
"Synaphobranchus_kaupii","M3","binary",0.630848638568791,0.227980245432189,0.923496684632855,NA,NA,"missing_input_extrapolation"
"Arapaima_gigas","M3","binary",0.481152706249353,0.0942240316632511,0.889784917862693,NA,NA,"unseen_category_extrapolation"
"Brienomyrus_brachyistius","M3","binary",0.465807270951122,0.0887433918716408,0.881465764983445,NA,NA,"unseen_category_extrapolation"
"Paramormyrops_kingsleyae","M3","binary",0.491713196581509,0.101262118385507,0.894356106750389,NA,NA,"unseen_category_extrapolation"
"Scleropages_formosus","M3","binary",0.48074564791095,0.111678728198563,0.870790084122576,NA,NA,"unseen_category_extrapolation"
"Hiodon_alosoides","M3","binary",0.491775460971838,0.100771662386564,0.893363938621741,NA,NA,"unseen_category_extrapolation"
"Alosa_alosa","M3","binary",0.481174129948296,0.112787237739603,0.86642713295459,NA,NA,"unseen_category_extrapolation"
"Alosa_pseudoharengus","M3","binary",0.482056911245103,0.115669895580257,0.867870126961769,NA,NA,"unseen_category_extrapolation"
"Alosa_sapidissima","M3","binary",0.481174129948296,0.112787237739603,0.86642713295459,NA,NA,"unseen_category_extrapolation"
"Sardina_pilchardus","M3","binary",0.482056911245103,0.115669895580257,0.867870126961769,NA,NA,"unseen_category_extrapolation"
"Clupea_harengus","M3","binary",0.48372455332917,0.123846654965534,0.861180439568156,NA,NA,"unseen_category_extrapolation"
"Sprattus_sprattus","M3","binary",0.48372455332917,0.123846654965534,0.861180439568156,NA,NA,"unseen_category_extrapolation"
"Denticeps_clupeoides","M3","binary",0.484570837287559,0.11936946413432,0.864129950798444,NA,NA,"unseen_category_extrapolation"
"Coilia_grayii","M3","binary",0.41344698489058,0.0893998307564333,0.812768846724501,NA,NA,"missing_input_extrapolation"
"Coilia_mystus","M3","binary",0.439745040048201,0.107182751324334,0.830583283189952,NA,NA,"missing_input_extrapolation"
"Engraulis_encrasicolus","M3","binary",0.631315834067173,0.218210180751572,0.925678137519767,NA,NA,"missing_input_extrapolation"
"Chanos_chanos","M3","binary",0.338902008773867,0.0772641507844702,0.71678905249731,NA,NA,"missing_input_extrapolation"
"Myxocyprinus_asiaticus","M3","binary",0.277722124625049,0.0748501896144667,0.576520935447771,NA,NA,"missing_input_extrapolation"
"Xyrauchen_texanus","M3","binary",0.338279625531088,0.0749845249529518,0.709253974731989,NA,NA,"missing_input_extrapolation"
"Misgurnus_anguillicaudatus","M3","binary",0.357834704702205,0.0789922806758535,0.744550712923155,NA,NA,"unseen_category_extrapolation"
"Paramisgurnus_dabryanus","M3","binary",0.3577698951645,0.0762933334078958,0.743026045835681,NA,NA,"unseen_category_extrapolation"
"Abramis_brama","M3","binary",0.279128288006839,0.0619028448232482,0.632822231079762,NA,NA,"unseen_category_extrapolation"
"Barbus_barbus","M3","binary",0.216616403938033,0.0546303223869106,0.476366599079026,NA,NA,"missing_input_extrapolation"
"Carassius_auratus","M3","binary",0.216616403938033,0.0546303223869106,0.476366599079026,NA,NA,"missing_input_extrapolation"
"Carassius_carassius","M3","binary",0.216616403938033,0.0546303223869106,0.476366599079026,NA,NA,"missing_input_extrapolation"
"Carassius_gibelio","M3","binary",0.216616403938033,0.0546303223869106,0.476366599079026,NA,NA,"missing_input_extrapolation"
"Chanodichthys_erythropterus","M3","binary",0.265238989839558,0.0570595843425855,0.595555814914994,NA,NA,"missing_input_extrapolation"
"Cirrhinus_molitorella","M3","binary",0.216616403938033,0.0546303223869106,0.476366599079026,NA,NA,"missing_input_extrapolation"
"Ctenopharyngodon_idella","M3","binary",0.265238989839558,0.0570595843425855,0.595555814914994,NA,NA,"missing_input_extrapolation"
"Culter_alburnus","M3","binary",0.265238989839558,0.0570595843425855,0.595555814914994,NA,NA,"missing_input_extrapolation"
"Cyprinella_venusta","M3","binary",0.39557134007175,0.113945977066295,0.741970285227577,NA,NA,"unseen_category_extrapolation"
"Cyprinus_carpio","M3","binary",0.216616403938033,0.0546303223869106,0.476366599079026,NA,NA,"missing_input_extrapolation"
"Danio_aesculapii","M3","binary",0.277722124625049,0.0748501896144667,0.576520935447771,NA,NA,"missing_input_extrapolation"
"Danio_rerio","M3","binary",0.277722124625049,0.0748501896144667,0.576520935447771,NA,NA,"missing_input_extrapolation"
"Garra_rufa","M3","binary",0.216616403938033,0.0546303223869106,0.476366599079026,NA,NA,"missing_input_extrapolation"
"Hemiculter_leucisculus","M3","binary",0.39777987446186,0.0897368841205473,0.785681409290983,NA,NA,"unseen_category_extrapolation"
"Labeo_rohita","M3","binary",0.438068207233232,0.109883171892268,0.819536683973318,NA,NA,"missing_input_extrapolation"
"Leuciscus_chuanchicus","M3","binary",0.279128288006839,0.0619028448232482,0.632822231079762,NA,NA,"unseen_category_extrapolation"
"Leuciscus_leuciscus","M3","binary",0.279128288006839,0.0619028448232482,0.632822231079762,NA,NA,"unseen_category_extrapolation"
"Leuciscus_waleckii","M3","binary",0.279128288006839,0.0619028448232482,0.632822231079762,NA,NA,"unseen_category_extrapolation"
"Megalobrama_amblycephala","M3","binary",0.279128288006839,0.0619028448232482,0.632822231079762,NA,NA,"unseen_category_extrapolation"
"Mylopharyngodon_piceus","M3","binary",0.265238989839558,0.0570595843425855,0.595555814914994,NA,NA,"missing_input_extrapolation"
"Onychostoma_macrolepis","M3","binary",0.216616403938033,0.0546303223869106,0.476366599079026,NA,NA,"missing_input_extrapolation"
"Phoxinus_phoxinus","M3","binary",0.279128288006839,0.0619028448232482,0.632822231079762,NA,NA,"unseen_category_extrapolation"
"Pimephales_promelas","M3","binary",0.39777987446186,0.0897368841205473,0.785681409290983,NA,NA,"unseen_category_extrapolation"
"Pseudorasbora_parva","M3","binary",0.277205977151871,0.0606986607857578,0.626450957945238,NA,NA,"unseen_category_extrapolation"
"Puntigrus_tetrazona","M3","binary",0.216616403938033,0.0546303223869106,0.476366599079026,NA,NA,"missing_input_extrapolation"
"Rutilus_rutilus","M3","binary",0.279128288006839,0.0619028448232482,0.632822231079762,NA,NA,"unseen_category_extrapolation"
"Scardinius_erythrophthalmus","M3","binary",0.279128288006839,0.0619028448232482,0.632822231079762,NA,NA,"unseen_category_extrapolation"
"Sinocyclocheilus_anshuiensis","M3","binary",0.216616403938033,0.0546303223869106,0.476366599079026,NA,NA,"missing_input_extrapolation"
"Sinocyclocheilus_grahami","M3","binary",0.260375078258323,0.0627533061968628,0.586076163203673,NA,NA,"missing_input_extrapolation"
"Sinocyclocheilus_rhinocerous","M3","binary",0.216616403938033,0.0546303223869106,0.476366599079026,NA,NA,"missing_input_extrapolation"
"Siphateles_boraxobius","M3","binary",0.279128288006839,0.0619028448232482,0.632822231079762,NA,NA,"unseen_category_extrapolation"
"Squalius_cephalus","M3","binary",0.279128288006839,0.0619028448232482,0.632822231079762,NA,NA,"unseen_category_extrapolation"
"Gobio_gobio","M3","binary",0.35747258699288,0.0741283961220734,0.756699392551363,NA,NA,"unseen_category_extrapolation"
"Rhinichthys_klamathensis","M3","binary",0.279128288006839,0.0619028448232482,0.632822231079762,NA,NA,"unseen_category_extrapolation"
"Barbatula_barbatula","M3","binary",0.358262392547813,0.0759847764207661,0.749234320636443,NA,NA,"unseen_category_extrapolation"
"Triplophysa_dalaica","M3","binary",0.482860611265614,0.116517902357172,0.868665445057703,NA,NA,"unseen_category_extrapolation"
"Triplophysa_rosa","M3","binary",0.381521520185856,0.087923364982577,0.771940845999714,NA,NA,"unseen_category_extrapolation"
"Astyanax_lacustris","M3","binary",0.515524171452845,0.160842368735654,0.864693605477772,NA,NA,"missing_input_extrapolation"
"Astyanax_mexicanus","M3","binary",0.515524171452845,0.160842368735654,0.864693605477772,NA,NA,"missing_input_extrapolation"
"Salminus_brasiliensis","M3","binary",0.515524171452845,0.160842368735654,0.864693605477772,NA,NA,"missing_input_extrapolation"
"Hoplias_malabaricus","M3","binary",0.530841542490817,0.122052191835763,0.904991718353256,NA,NA,"unseen_category_extrapolation"
"Prochilodus_magdalenae","M3","binary",0.464399327456894,0.111137512073034,0.84641987282174,NA,NA,"missing_input_extrapolation"
"Acnodon_oligacanthus","M3","binary",0.515524171452845,0.160842368735654,0.864693605477772,NA,NA,"missing_input_extrapolation"
"Colossoma_macropomum","M3","binary",0.515524171452845,0.160842368735654,0.864693605477772,NA,NA,"missing_input_extrapolation"
"Metynnis_hypsauchen","M3","binary",0.515524171452845,0.160842368735654,0.864693605477772,NA,NA,"missing_input_extrapolation"
"Pygocentrus_nattereri","M3","binary",0.515524171452845,0.160842368735654,0.864693605477772,NA,NA,"missing_input_extrapolation"
"Serrasalmus_rhombeus","M3","binary",0.513539121174511,0.124055365469553,0.890394416989273,NA,NA,"unseen_category_extrapolation"
"Electrophorus_electricus","M3","binary",0.505166245479029,0.10072945012472,0.904232366986191,NA,NA,"unseen_category_extrapolation"
"Electrophorus_voltai","M3","binary",0.530841542490817,0.122052191835763,0.904991718353256,NA,NA,"unseen_category_extrapolation"
"Brachyhypopomus_gauderio","M3","binary",0.530841542490817,0.122052191835763,0.904991718353256,NA,NA,"unseen_category_extrapolation"
"Neoarius_graeffei","M3","binary",0.515524171452845,0.160842368735654,0.864693605477772,NA,NA,"missing_input_extrapolation"
"Hemibagrus_guttatus","M3","binary",0.343061377528181,0.0713884005110746,0.731957322291669,NA,NA,"missing_input_extrapolation"
"Hemibagrus_wyckioides","M3","binary",0.343061377528181,0.0713884005110746,0.731957322291669,NA,NA,"missing_input_extrapolation"
"Tachysurus_fulvidraco","M3","binary",0.515524171452845,0.160842368735654,0.864693605477772,NA,NA,"missing_input_extrapolation"
"Tachysurus_vachellii","M3","binary",0.515524171452845,0.160842368735654,0.864693605477772,NA,NA,"missing_input_extrapolation"
"Clarias_gariepinus","M3","binary",0.380744618902756,0.0859119459132799,0.768077010535582,NA,NA,"unseen_category_extrapolation"
"Clarias_magur","M3","binary",0.380744618902756,0.0859119459132799,0.768077010535582,NA,NA,"unseen_category_extrapolation"
"Ictalurus_furcatus","M3","binary",0.367189295864511,0.0724562931083594,0.776949532807669,NA,NA,"unseen_category_extrapolation"
"Ictalurus_punctatus","M3","binary",0.344507287788977,0.0596845307654527,0.755354171552887,NA,NA,"unseen_category_extrapolation"
"Pangasianodon_gigas","M3","binary",0.490320876027333,0.137772679576821,0.855969716531857,NA,NA,"missing_input_extrapolation"
"Pangasianodon_hypophthalmus","M3","binary",0.515524171452845,0.160842368735654,0.864693605477772,NA,NA,"missing_input_extrapolation"
"Silurus_aristotelis","M3","binary",0.515524171452845,0.160842368735654,0.864693605477772,NA,NA,"missing_input_extrapolation"
"Silurus_asotus","M3","binary",0.515524171452845,0.160842368735654,0.864693605477772,NA,NA,"missing_input_extrapolation"
"Silurus_meridionalis","M3","binary",0.515524171452845,0.160842368735654,0.864693605477772,NA,NA,"missing_input_extrapolation"
"Trichomycterus_rosablanca","M3","binary",0.489444450726685,0.136168788676683,0.853958119968586,NA,NA,"missing_input_extrapolation"
"Nansenia_antarctica","M3","binary",0.486025799319402,0.099902947501374,0.889383622842162,NA,NA,"unseen_category_extrapolation"
"Galaxias_brevipinnis","M3","binary",0.513751845466764,0.123811129055494,0.891963704906177,NA,NA,"unseen_category_extrapolation"
"Coregonus_albula","M3","binary",0.461139474480611,0.14421127795399,0.806060569091964,NA,NA,"missing_input_extrapolation"
"Coregonus_clupeaformis","M3","binary",0.461139474480611,0.14421127795399,0.806060569091964,NA,NA,"missing_input_extrapolation"
"Coregonus_lavaretus","M3","binary",0.461139474480611,0.14421127795399,0.806060569091964,NA,NA,"missing_input_extrapolation"
"Coregonus_suidteri","M3","binary",0.461139474480611,0.14421127795399,0.806060569091964,NA,NA,"missing_input_extrapolation"
"Oncorhynchus_clarkii","M3","binary",0.461139474480611,0.14421127795399,0.806060569091964,NA,NA,"missing_input_extrapolation"
"Oncorhynchus_gorbuscha","M3","binary",0.461139474480611,0.14421127795399,0.806060569091964,NA,NA,"missing_input_extrapolation"
"Oncorhynchus_keta","M3","binary",0.461139474480611,0.14421127795399,0.806060569091964,NA,NA,"missing_input_extrapolation"
"Oncorhynchus_kisutch","M3","binary",0.461139474480611,0.14421127795399,0.806060569091964,NA,NA,"missing_input_extrapolation"
"Oncorhynchus_masou","M3","binary",0.461139474480611,0.14421127795399,0.806060569091964,NA,NA,"missing_input_extrapolation"
"Oncorhynchus_mykiss","M3","binary",0.461139474480611,0.14421127795399,0.806060569091964,NA,NA,"missing_input_extrapolation"
"Oncorhynchus_nerka","M3","binary",0.461139474480611,0.14421127795399,0.806060569091964,NA,NA,"missing_input_extrapolation"
"Oncorhynchus_tshawytscha","M3","binary",0.461139474480611,0.14421127795399,0.806060569091964,NA,NA,"missing_input_extrapolation"
"Salmo_salar","M3","binary",0.461139474480611,0.14421127795399,0.806060569091964,NA,NA,"missing_input_extrapolation"
"Salmo_trutta","M3","binary",0.461139474480611,0.14421127795399,0.806060569091964,NA,NA,"missing_input_extrapolation"
"Salvelinus_alpinus","M3","binary",0.461139474480611,0.14421127795399,0.806060569091964,NA,NA,"missing_input_extrapolation"
"Salvelinus_fontinalis","M3","binary",0.461139474480611,0.14421127795399,0.806060569091964,NA,NA,"missing_input_extrapolation"
"Salvelinus_namaycush","M3","binary",0.461139474480611,0.14421127795399,0.806060569091964,NA,NA,"missing_input_extrapolation"
"Dallia_pectoralis","M3","binary",0.409606656388858,0.117045898571274,0.762558365125709,NA,NA,"missing_input_extrapolation"
"Esox_lucius","M3","binary",0.478790875535251,0.141555937240032,0.82910855239969,NA,NA,"unseen_category_extrapolation"
"Umbra_pygmaea","M3","binary",0.461139474480611,0.14421127795399,0.806060569091964,NA,NA,"missing_input_extrapolation"
"Hypomesus_nipponensis","M3","binary",0.596556571344358,0.173894178803635,0.927662186305477,NA,NA,"unseen_category_extrapolation"
"Hypomesus_transpacificus","M3","binary",0.597050662262145,0.175539178671402,0.928327159028864,NA,NA,"unseen_category_extrapolation"
"Osmerus_eperlanus","M3","binary",0.596556571344358,0.173894178803635,0.927662186305477,NA,NA,"unseen_category_extrapolation"
"Osmerus_mordax","M3","binary",0.596556571344358,0.173894178803635,0.927662186305477,NA,NA,"unseen_category_extrapolation"
"Benthosema_glaciale","M3","binary",0.768595107231615,0.371957314471707,0.968404057652793,NA,NA,"unseen_category_extrapolation"
"Electrona_antarctica","M3","binary",0.759004740964647,0.417784774710585,0.953244083980485,NA,NA,"unseen_category_extrapolation"
"Gymnoscopelus_braueri","M3","binary",0.759004740964647,0.417784774710585,0.953244083980485,NA,NA,"unseen_category_extrapolation"
"Gymnoscopelus_microlampas","M3","binary",0.759004740964647,0.417784774710585,0.953244083980485,NA,NA,"unseen_category_extrapolation"
"Nannobrachium_achirus","M3","binary",0.758101784212113,0.410978171247534,0.952925406043185,NA,NA,"unseen_category_extrapolation"
"Protomyctophum_bolini","M3","binary",0.759004740964647,0.417784774710585,0.953244083980485,NA,NA,"unseen_category_extrapolation"
"Protomyctophum_parallelum","M3","binary",0.759004740964647,0.417784774710585,0.953244083980485,NA,NA,"unseen_category_extrapolation"
"Polymixia_hollisterae","M3","binary",0.563144994926707,0.257101259817873,0.831826708572229,NA,NA,"unseen_category_extrapolation"
"Polymixia_lowei","M3","binary",0.499506223043181,0.201508755044372,0.794430007886384,NA,NA,"unseen_category_extrapolation"
"Centroberyx_affinis","M3","binary",0.584622604975013,0.234406393843185,0.873874291872131,NA,NA,"unseen_category_extrapolation"
"Centroberyx_gerrardi","M3","binary",0.585923025307805,0.25220019838064,0.873742764527685,NA,NA,"unseen_category_extrapolation"
"Poromitra_crassiceps","M3","binary",0.5972832329305,0.137934332081319,0.945715295529175,NA,NA,"unseen_category_extrapolation"
"Myripristis_murdjan","M3","binary",0.524355939575064,0.228540029709766,0.797429205861519,NA,NA,"unseen_category_extrapolation"
"Lucifuga_dentata","M3","binary",0.416692372469628,0.136828659330807,0.748731355426435,NA,NA,"unseen_category_extrapolation"
"Genypterus_blacodes","M3","binary",0.580263184692835,0.187179826753123,0.901683354777368,NA,NA,"unseen_category_extrapolation"
"Arripis_georgiana","M3","binary",0.795654188782077,0.646173227255369,0.899719470909662,NA,NA,"supported"
"Katsuwonus_pelamis","M3","binary",0.840476070913905,0.757818653398975,0.906503622101804,NA,NA,"supported"
"Sarda_sarda","M3","binary",0.823005899888124,0.706161199401553,0.913452895680085,NA,NA,"supported"
"Scomber_japonicus","M3","binary",0.881880408894206,0.747938881566386,0.9586041402433,NA,NA,"supported"
"Scomber_scombrus","M3","binary",0.876270747302958,0.685511604476718,0.971301272386353,NA,NA,"supported"
"Thunnus_alalunga","M3","binary",0.840476070913905,0.757818653398975,0.906503622101804,NA,NA,"supported"
"Thunnus_albacares","M3","binary",0.840476070913905,0.757818653398975,0.906503622101804,NA,NA,"supported"
"Thunnus_atlanticus","M3","binary",0.840476070913905,0.757818653398975,0.906503622101804,NA,NA,"supported"
"Thunnus_maccoyii","M3","binary",0.840476070913905,0.757818653398975,0.906503622101804,NA,NA,"supported"
"Thunnus_obesus","M3","binary",0.840476070913905,0.757818653398975,0.906503622101804,NA,NA,"supported"
"Thunnus_orientalis","M3","binary",0.840476070913905,0.757818653398975,0.906503622101804,NA,NA,"supported"
"Thunnus_thynnus","M3","binary",0.840476070913905,0.757818653398975,0.906503622101804,NA,NA,"supported"
"Thunnus_tonggol","M3","binary",0.840476070913905,0.757818653398975,0.906503622101804,NA,NA,"supported"
"Pampus_argenteus","M3","binary",0.823005899888124,0.706161199401553,0.913452895680085,NA,NA,"supported"
"Pampus_punctatissimus","M3","binary",0.823005899888124,0.706161199401553,0.913452895680085,NA,NA,"supported"
"Aulostomus_chinensis","M3","binary",0.55976101343483,0.1995089866176,0.875964453827007,NA,NA,"unseen_category_extrapolation"
"Fistularia_commersonii","M3","binary",0.515174405681038,0.187342282814962,0.834331074071746,NA,NA,"unseen_category_extrapolation"
"Pterapogon_kauderni","M3","binary",0.721100842777474,0.440768469242752,0.91662459889319,NA,NA,"supported"
"Sphaeramia_orbicularis","M3","binary",0.793027377311891,0.499889159864216,0.952639487683004,NA,NA,"supported"
"Oxyeleotris_marmorata","M3","binary",0.604707811411802,0.31037283051914,0.85259016350043,NA,NA,"supported"
"Boleophthalmus_pectinirostris","M3","binary",0.604707811411802,0.31037283051914,0.85259016350043,NA,NA,"supported"
"Eucyclogobius_newberryi","M3","binary",0.560428161982935,0.251939177360278,0.836150816359031,NA,NA,"unseen_category_extrapolation"
"Gobius_niger","M3","binary",0.561579160368102,0.214642330251427,0.86800602100948,NA,NA,"unseen_category_extrapolation"
"Knipowitschia_caucasica","M3","binary",0.56074615014875,0.242999031424356,0.842467544798599,NA,NA,"unseen_category_extrapolation"
"Mugilogobius_chulae","M3","binary",0.560428161982935,0.251939177360278,0.836150816359031,NA,NA,"unseen_category_extrapolation"
"Periophthalmus_magnuspinnatus","M3","binary",0.560428161982935,0.251939177360278,0.836150816359031,NA,NA,"unseen_category_extrapolation"
"Mastacembelus_armatus","M3","binary",0.840476070913905,0.757818653398975,0.906503622101804,NA,NA,"supported"
"Monopterus_albus","M3","binary",0.835495460497124,0.673129830120689,0.936578483855282,NA,NA,"supported"
"Anabas_testudineus","M3","binary",0.52649944220565,0.326407282647,0.719204971140925,NA,NA,"supported"
"Channa_argus","M3","binary",0.52649944220565,0.326407282647,0.719204971140925,NA,NA,"supported"
"Channa_striata","M3","binary",0.621216486991712,0.356583713352883,0.844446977681303,NA,NA,"supported"
"Betta_splendens","M3","binary",0.584596632408783,0.19133624503091,0.905205456641463,NA,NA,"unseen_category_extrapolation"
"Trichopodus_trichopterus","M3","binary",0.575561980469799,0.261190310401326,0.855460750452702,NA,NA,"supported"
"Lates_calcarifer","M3","binary",0.759347558241855,0.572297044397023,0.894166630099016,NA,NA,"missing_input_extrapolation"
"Lates_japonicus","M3","binary",0.823005899888124,0.706161199401553,0.913452895680085,NA,NA,"supported"
"Eleutheronema_tetradactylum","M3","binary",0.563847793935132,0.325575449035813,0.776289547814547,NA,NA,"supported"
"Toxotes_jaculatrix","M3","binary",0.912213104003371,0.830161033856178,0.964311330784066,NA,NA,"supported"
"Xiphias_gladius","M3","binary",0.785526982215953,0.540469427005987,0.936220828329086,NA,NA,"unseen_category_extrapolation"
"Caranx_melampygus","M3","binary",0.622430722050298,0.31237046353057,0.870416876131551,NA,NA,"unseen_category_extrapolation"
"Seriola_dumerili","M3","binary",0.823005899888124,0.706161199401553,0.913452895680085,NA,NA,"supported"
"Seriola_lalandi","M3","binary",0.823005899888124,0.706161199401553,0.913452895680085,NA,NA,"supported"
"Trachinotus_anak","M3","binary",0.840476070913905,0.757818653398975,0.906503622101804,NA,NA,"supported"
"Trachurus_japonicus","M3","binary",0.602458954554279,0.342561796522865,0.829079599861159,NA,NA,"supported"
"Trachurus_trachurus","M3","binary",0.602458954554279,0.342561796522865,0.829079599861159,NA,NA,"supported"
"Echeneis_naucrates","M3","binary",0.881880408894206,0.747938881566386,0.9586041402433,NA,NA,"supported"
"Paralichthys_olivaceus","M3","binary",0.712065512155563,0.455522186028723,0.901002380295241,NA,NA,"supported"
"Hippoglossus_hippoglossus","M3","binary",0.712065512155563,0.455522186028723,0.901002380295241,NA,NA,"supported"
"Hippoglossus_stenolepis","M3","binary",0.712065512155563,0.455522186028723,0.901002380295241,NA,NA,"supported"
"Limanda_limanda","M3","binary",0.712065512155563,0.455522186028723,0.901002380295241,NA,NA,"supported"
"Platichthys_flesus","M3","binary",0.712065512155563,0.455522186028723,0.901002380295241,NA,NA,"supported"
"Platichthys_stellatus","M3","binary",0.712065512155563,0.455522186028723,0.901002380295241,NA,NA,"supported"
"Pleuronectes_platessa","M3","binary",0.712065512155563,0.455522186028723,0.901002380295241,NA,NA,"supported"
"Scophthalmus_maximus","M3","binary",0.823005899888124,0.706161199401553,0.913452895680085,NA,NA,"supported"
"Microchirus_variegatus","M3","binary",0.654377543543298,0.32747854587562,0.901030716856655,NA,NA,"missing_input_extrapolation"
"Solea_senegalensis","M3","binary",0.654377543543298,0.32747854587562,0.901030716856655,NA,NA,"missing_input_extrapolation"
"Solea_solea","M3","binary",0.654377543543298,0.32747854587562,0.901030716856655,NA,NA,"missing_input_extrapolation"
"Parambassis_ranga","M3","binary",0.912213104003371,0.830161033856178,0.964311330784066,NA,NA,"supported"
"Brachyistius_frenatus","M3","binary",0.785664078189532,0.537619134357057,0.935692867465812,NA,NA,"unseen_category_extrapolation"
"Embiotoca_jacksoni","M3","binary",0.785664078189532,0.537619134357057,0.935692867465812,NA,NA,"unseen_category_extrapolation"
"Acanthochromis_polyacanthus","M3","binary",0.848948015830604,0.621722893966767,0.965827783026873,NA,NA,"unseen_category_extrapolation"
"Amphiprion_ocellaris","M3","binary",0.848948015830604,0.621722893966767,0.965827783026873,NA,NA,"unseen_category_extrapolation"
"Stegastes_partitus","M3","binary",0.883775904207986,0.751574454445023,0.960788820661148,NA,NA,"supported"
"Andinoacara_rivulatus","M3","binary",0.840476070913905,0.757818653398975,0.906503622101804,NA,NA,"supported"
"Archocentrus_centrarchus","M3","binary",0.840476070913905,0.757818653398975,0.906503622101804,NA,NA,"supported"
"Astatotilapia_burtoni","M3","binary",0.840476070913905,0.757818653398975,0.906503622101804,NA,NA,"supported"
"Astatotilapia_calliptera","M3","binary",0.840476070913905,0.757818653398975,0.906503622101804,NA,NA,"supported"
"Astronotus_ocellatus","M3","binary",0.840476070913905,0.757818653398975,0.906503622101804,NA,NA,"supported"
"Aulonocara_stuartgranti","M3","binary",0.840476070913905,0.757818653398975,0.906503622101804,NA,NA,"supported"
"Copadichromis_virginalis","M3","binary",0.840476070913905,0.757818653398975,0.906503622101804,NA,NA,"supported"
"Diplotaxodon_limnothrissa","M3","binary",0.840476070913905,0.757818653398975,0.906503622101804,NA,NA,"supported"
"Haplochromis_nyererei","M3","binary",0.840476070913905,0.757818653398975,0.906503622101804,NA,NA,"supported"
"Maylandia_zebra","M3","binary",0.840476070913905,0.757818653398975,0.906503622101804,NA,NA,"supported"
"Mchenga_conophoros","M3","binary",0.840476070913905,0.757818653398975,0.906503622101804,NA,NA,"supported"
"Neolamprologus_brichardi","M3","binary",0.840476070913905,0.757818653398975,0.906503622101804,NA,NA,"supported"
"Neolamprologus_multifasciatus","M3","binary",0.840476070913905,0.757818653398975,0.906503622101804,NA,NA,"supported"
"Oreochromis_aureus","M3","binary",0.840476070913905,0.757818653398975,0.906503622101804,NA,NA,"supported"
"Oreochromis_niloticus","M3","binary",0.840476070913905,0.757818653398975,0.906503622101804,NA,NA,"supported"
"Pelmatolapia_mariae","M3","binary",0.840476070913905,0.757818653398975,0.906503622101804,NA,NA,"supported"
"Perissodus_microlepis","M3","binary",0.840476070913905,0.757818653398975,0.906503622101804,NA,NA,"supported"
"Pterophyllum_scalare","M3","binary",0.840476070913905,0.757818653398975,0.906503622101804,NA,NA,"supported"
"Rhamphochromis_longiceps","M3","binary",0.840476070913905,0.757818653398975,0.906503622101804,NA,NA,"supported"
"Sarotherodon_galilaeus","M3","binary",0.840476070913905,0.757818653398975,0.906503622101804,NA,NA,"supported"
"Simochromis_diagramma","M3","binary",0.840476070913905,0.757818653398975,0.906503622101804,NA,NA,"supported"
"Leuresthes_tenuis","M3","binary",0.694739480516035,0.363894817531646,0.918078001050788,NA,NA,"missing_input_extrapolation"
"Menidia_menidia","M3","binary",0.52649944220565,0.326407282647,0.719204971140925,NA,NA,"supported"
"Odontesthes_bonariensis","M3","binary",0.418209032759795,0.134660684493736,0.75272345669857,NA,NA,"missing_input_extrapolation"
"Melanotaenia_boesemani","M3","binary",0.589349161169405,0.309217031877211,0.837701837084934,NA,NA,"unseen_category_extrapolation"
"Telmatherina_bonti","M3","binary",0.591186843203422,0.315407239843644,0.831735996705456,NA,NA,"unseen_category_extrapolation"
"Oryzias_javanicus","M3","binary",0.562716577568458,0.253119839666779,0.837213577664108,NA,NA,"unseen_category_extrapolation"
"Oryzias_latipes","M3","binary",0.478188136633174,0.187329709388855,0.782552046312745,NA,NA,"missing_input_extrapolation"
"Oryzias_melastigma","M3","binary",0.562716577568458,0.253119839666779,0.837213577664108,NA,NA,"unseen_category_extrapolation"
"Xenentodon_cancila","M3","binary",0.654520378479438,0.375420659040892,0.87698741751485,NA,NA,"supported"
"Cololabis_saira","M3","binary",0.56258100611032,0.206195233564547,0.868545201710461,NA,NA,"unseen_category_extrapolation"
"Anableps_anableps","M3","binary",0.567286615189675,0.344969459576543,0.769645223401779,NA,NA,"supported"
"Cyprinodon_tularosa","M3","binary",0.588819620167165,0.300949110589164,0.827516192484765,NA,NA,"unseen_category_extrapolation"
"Cyprinodon_variegatus","M3","binary",0.588819620167165,0.300949110589164,0.827516192484765,NA,NA,"unseen_category_extrapolation"
"Fundulus_diaphanus","M3","binary",0.594427820071443,0.427381429747831,0.753786402307835,NA,NA,"supported"
"Fundulus_heteroclitus","M3","binary",0.594427820071443,0.427381429747831,0.753786402307835,NA,NA,"supported"
"Ameca_splendens","M3","binary",0.743060519098568,0.533291517677224,0.895026908018466,NA,NA,"supported"
"Crenichthys_baileyi","M3","binary",0.594427820071443,0.427381429747831,0.753786402307835,NA,NA,"supported"
"Girardinichthys_multiradiatus","M3","binary",0.793582844323089,0.513865026291287,0.952377917992222,NA,NA,"supported"
"Nothobranchius_furzeri","M3","binary",0.82064767059908,0.550598645559058,0.959263031032794,NA,NA,"unseen_category_extrapolation"
"Nothobranchius_kadleci","M3","binary",0.822072772266448,0.560186679309327,0.959884288544894,NA,NA,"unseen_category_extrapolation"
"Nothobranchius_pienaari","M3","binary",0.821742855246409,0.551781554036928,0.958322154081216,NA,NA,"unseen_category_extrapolation"
"Nothobranchius_rachovii","M3","binary",0.821742855246409,0.551781554036928,0.958322154081216,NA,NA,"unseen_category_extrapolation"
"Gambusia_affinis","M3","binary",0.594427820071443,0.427381429747831,0.753786402307835,NA,NA,"supported"
"Gambusia_holbrooki","M3","binary",0.594427820071443,0.427381429747831,0.753786402307835,NA,NA,"supported"
"Poecilia_formosa","M3","binary",0.594427820071443,0.427381429747831,0.753786402307835,NA,NA,"supported"
"Poecilia_latipinna","M3","binary",0.594427820071443,0.427381429747831,0.753786402307835,NA,NA,"supported"
"Poecilia_mexicana","M3","binary",0.594427820071443,0.427381429747831,0.753786402307835,NA,NA,"supported"
"Poecilia_reticulata","M3","binary",0.594427820071443,0.427381429747831,0.753786402307835,NA,NA,"supported"
"Poeciliopsis_prolifica","M3","binary",0.590262229514134,0.311477630648126,0.831866356362907,NA,NA,"unseen_category_extrapolation"
"Poropanchax_normani","M3","binary",0.594427820071443,0.427381429747831,0.753786402307835,NA,NA,"supported"
"Xiphophorus_couchianus","M3","binary",0.594427820071443,0.427381429747831,0.753786402307835,NA,NA,"supported"
"Xiphophorus_hellerii","M3","binary",0.594427820071443,0.427381429747831,0.753786402307835,NA,NA,"supported"
"Xiphophorus_maculatus","M3","binary",0.594427820071443,0.427381429747831,0.753786402307835,NA,NA,"supported"
"Austrofundulus_limnaeus","M3","binary",0.836922105785337,0.583426908532579,0.963180417254622,NA,NA,"missing_input_extrapolation"
"Kryptolebias_marmoratus","M3","binary",0.831489917693541,0.637651683458469,0.943315602212113,NA,NA,"unseen_category_extrapolation"
"Nematolebias_whitei","M3","binary",0.592110948946438,0.312975924908137,0.832737025672151,NA,NA,"unseen_category_extrapolation"
"Chelon_labrosus","M3","binary",0.621974681156588,0.317173210436441,0.866656938371792,NA,NA,"unseen_category_extrapolation"
"Mugil_cephalus","M3","binary",0.834055530551308,0.663080781242101,0.939532687194689,NA,NA,"supported"
"Planiliza_haematocheilus","M3","binary",0.834055530551308,0.663080781242101,0.939532687194689,NA,NA,"supported"
"Gouania_willdenowi","M3","binary",0.825558428041774,0.583388215513341,0.956817680686513,NA,NA,"unseen_category_extrapolation"
"Blennius_ocellaris","M3","binary",0.892809201420248,0.714237181646206,0.976339589740743,NA,NA,"unseen_category_extrapolation"
"Lipophrys_pholis","M3","binary",0.892809201420248,0.714237181646206,0.976339589740743,NA,NA,"unseen_category_extrapolation"
"Ophioblennius_macclurei","M3","binary",0.777078865020995,0.618322000446121,0.895423111634862,NA,NA,"supported"
"Salarias_fasciatus","M3","binary",0.625133682801438,0.261979392580159,0.90048723071736,NA,NA,"missing_input_extrapolation"
"Cristiceps_australis","M3","binary",0.807932804937979,0.528541546372334,0.958171586403513,NA,NA,"unseen_category_extrapolation"
"Dicentrarchus_labrax","M3","binary",0.567851522438981,0.270581190775016,0.834727950629728,NA,NA,"supported"
"Morone_saxatilis","M3","binary",0.680205707053455,0.367263243642929,0.899381916733504,NA,NA,"supported"
"Scatophagus_argus","M3","binary",0.912213104003371,0.830161033856178,0.964311330784066,NA,NA,"supported"
"Collichthys_lucidus","M3","binary",0.829524265656193,0.640945302023645,0.943258314769662,NA,NA,"unseen_category_extrapolation"
"Larimichthys_crocea","M3","binary",0.823005899888124,0.706161199401553,0.913452895680085,NA,NA,"supported"
"Nibea_albiflora","M3","binary",0.823005899888124,0.706161199401553,0.913452895680085,NA,NA,"supported"
"Sciaenops_ocellatus","M3","binary",0.823005899888124,0.706161199401553,0.913452895680085,NA,NA,"supported"
"Siganus_canaliculatus","M3","binary",0.523759310649157,0.241298789754211,0.800194927994787,NA,NA,"unseen_category_extrapolation"
"Ammodytes_marinus","M3","binary",0.779881444652769,0.475985030145621,0.951749614940863,NA,NA,"unseen_category_extrapolation"
"Cheilinus_undulatus","M3","binary",0.724795739869891,0.358634306442542,0.944522064187369,NA,NA,"unseen_category_extrapolation"
"Halichoeres_trimaculatus","M3","binary",0.705370673841828,0.377418265544432,0.925438485551648,NA,NA,"unseen_category_extrapolation"
"Notolabrus_celidotus","M3","binary",0.560193112427451,0.242942627172764,0.842722117861772,NA,NA,"unseen_category_extrapolation"
"Semicossyphus_pulcher","M3","binary",0.784604973734671,0.534608120713516,0.934162503591179,NA,NA,"unseen_category_extrapolation"
"Thalassoma_bifasciatum","M3","binary",0.777078865020995,0.618322000446121,0.895423111634862,NA,NA,"supported"
"Xyrichtys_novacula","M3","binary",0.795654188782077,0.646173227255369,0.899719470909662,NA,NA,"supported"
"Platax_orbicularis","M3","binary",0.900430750416687,0.785015968383232,0.965715308687107,NA,NA,"supported"
"Chaetodon_auriga","M3","binary",0.594427820071443,0.427381429747831,0.753786402307835,NA,NA,"supported"
"Chaetodon_trifascialis","M3","binary",0.840476070913905,0.757818653398975,0.906503622101804,NA,NA,"supported"
"Chelmon_rostratus","M3","binary",0.840476070913905,0.757818653398975,0.906503622101804,NA,NA,"supported"
"Caesio_teres","M3","binary",0.829524265656193,0.640945302023645,0.943258314769662,NA,NA,"unseen_category_extrapolation"
"Lutjanus_erythropterus","M3","binary",0.858821184062391,0.705348408716127,0.95215224201912,NA,NA,"supported"
"Pristipomoides_typus","M3","binary",0.840476070913905,0.757818653398975,0.906503622101804,NA,NA,"supported"
"Symphorus_nematophorus","M3","binary",0.811831031485894,0.592139439449887,0.943564149370515,NA,NA,"unseen_category_extrapolation"
"Lethrinus_nebulosus","M3","binary",0.823005899888124,0.706161199401553,0.913452895680085,NA,NA,"supported"
"Acanthopagrus_latus","M3","binary",0.537798829757313,0.285583860116138,0.780131176100518,NA,NA,"supported"
"Acanthopagrus_schlegelii","M3","binary",0.537798829757313,0.285583860116138,0.780131176100518,NA,NA,"supported"
"Pagrus_major","M3","binary",0.777078865020995,0.618322000446121,0.895423111634862,NA,NA,"supported"
"Pagrus_pagrus","M3","binary",0.777078865020995,0.618322000446121,0.895423111634862,NA,NA,"supported"
"Rhabdosargus_sarba","M3","binary",0.777078865020995,0.618322000446121,0.895423111634862,NA,NA,"supported"
"Sparus_aurata","M3","binary",0.777078865020995,0.618322000446121,0.895423111634862,NA,NA,"supported"
"Nelusetta_ayraud","M3","binary",0.561975759602609,0.20932899859692,0.870869415489652,NA,NA,"unseen_category_extrapolation"
"Lateolabrax_japonicus","M3","binary",0.840476070913905,0.757818653398975,0.906503622101804,NA,NA,"supported"
"Lateolabrax_maculatus","M3","binary",0.840476070913905,0.757818653398975,0.906503622101804,NA,NA,"supported"
"Pempheris_klunzingeri","M3","binary",0.840476070913905,0.757818653398975,0.906503622101804,NA,NA,"supported"
"Micropterus_dolomieu","M3","binary",0.765920210232283,0.504071452975509,0.932707586708476,NA,NA,"supported"
"Micropterus_salmoides","M3","binary",0.765920210232283,0.504071452975509,0.932707586708476,NA,NA,"supported"
"Enoplosus_armatus","M3","binary",0.900430750416687,0.785015968383232,0.965715308687107,NA,NA,"supported"
"Oplegnathus_fasciatus","M3","binary",0.912213104003371,0.830161033856178,0.964311330784066,NA,NA,"supported"
"Oplegnathus_punctatus","M3","binary",0.912213104003371,0.830161033856178,0.964311330784066,NA,NA,"supported"
"Maccullochella_peelii","M3","binary",0.793175503170793,0.604361050398793,0.922826670722775,NA,NA,"supported"
"Siniperca_chuatsi","M3","binary",0.891634122053198,0.782353571132727,0.960068255012926,NA,NA,"supported"
"Siniperca_scherzeri","M3","binary",0.840476070913905,0.757818653398975,0.906503622101804,NA,NA,"supported"
"Scortum_barcoo","M3","binary",0.823005899888124,0.706161199401553,0.913452895680085,NA,NA,"supported"
"Anarhichas_minor","M3","binary",0.883268067177693,0.698281004419002,0.973417640298916,NA,NA,"unseen_category_extrapolation"
"Anarrhichthys_ocellatus","M3","binary",0.883268067177693,0.698281004419002,0.973417640298916,NA,NA,"unseen_category_extrapolation"
"Anoplopoma_fimbria","M3","binary",0.821431068512951,0.555999805466913,0.959705811769525,NA,NA,"unseen_category_extrapolation"
"Pogonophryne_albipinna","M3","binary",0.844900202564892,0.627612577910428,0.961482740045729,NA,NA,"supported"
"Gymnodraco_acuticeps","M3","binary",0.844900202564892,0.627612577910428,0.961482740045729,NA,NA,"supported"
"Cottoperca_gobio","M3","binary",0.840476070913905,0.757818653398975,0.906503622101804,NA,NA,"supported"
"Cebidichthys_violaceus","M3","binary",0.830740176075543,0.645121446030483,0.943440472237567,NA,NA,"unseen_category_extrapolation"
"Chaenocephalus_aceratus","M3","binary",0.844900202564892,0.627612577910428,0.961482740045729,NA,NA,"supported"
"Champsocephalus_esox","M3","binary",0.844900202564892,0.627612577910428,0.961482740045729,NA,NA,"supported"
"Champsocephalus_gunnari","M3","binary",0.844900202564892,0.627612577910428,0.961482740045729,NA,NA,"supported"
"Pseudochaenichthys_georgianus","M3","binary",0.844900202564892,0.627612577910428,0.961482740045729,NA,NA,"supported"
"Clinocottus_analis","M3","binary",0.904069636174114,0.687644855323975,0.987463741872968,NA,NA,"unseen_category_extrapolation"
"Taurulus_bubalis","M3","binary",0.59825815899743,0.27150053213263,0.87204739968185,NA,NA,"unseen_category_extrapolation"
"Cyclopterus_lumpus","M3","binary",0.835495460497124,0.673129830120689,0.936578483855282,NA,NA,"supported"
"Eleginops_maclovinus","M3","binary",0.795654188782077,0.646173227255369,0.899719470909662,NA,NA,"supported"
"Cromileptes_altivelis","M3","binary",0.823005899888124,0.706161199401553,0.913452895680085,NA,NA,"supported"
"Epinephelus_bruneus","M3","binary",0.840476070913905,0.757818653398975,0.906503622101804,NA,NA,"supported"
"Epinephelus_coioides","M3","binary",0.840476070913905,0.757818653398975,0.906503622101804,NA,NA,"supported"
"Epinephelus_fuscoguttatus","M3","binary",0.840476070913905,0.757818653398975,0.906503622101804,NA,NA,"supported"
"Epinephelus_lanceolatus","M3","binary",0.840476070913905,0.757818653398975,0.906503622101804,NA,NA,"supported"
"Epinephelus_malabaricus","M3","binary",0.840476070913905,0.757818653398975,0.906503622101804,NA,NA,"supported"
"Epinephelus_multinotatus","M3","binary",0.840476070913905,0.757818653398975,0.906503622101804,NA,NA,"supported"
"Plectropomus_leopardus","M3","binary",0.858821184062391,0.705348408716127,0.95215224201912,NA,NA,"supported"
"Gasterosteus_aculeatus","M3","binary",0.590030867470564,0.315511207455206,0.834798803533681,NA,NA,"unseen_category_extrapolation"
"Pungitius_pungitius","M3","binary",0.586526656231307,0.248638837764474,0.875159289370313,NA,NA,"unseen_category_extrapolation"
"Pungitius_sinensis","M3","binary",0.585613382252112,0.234437369981231,0.881665828939787,NA,NA,"unseen_category_extrapolation"
"Dissostichus_eleginoides","M3","binary",0.844900202564892,0.627612577910428,0.961482740045729,NA,NA,"supported"
"Dissostichus_mawsoni","M3","binary",0.844900202564892,0.627612577910428,0.961482740045729,NA,NA,"supported"
"Notothenia_rossii","M3","binary",0.844900202564892,0.627612577910428,0.961482740045729,NA,NA,"supported"
"Pagothenia_borchgrevinki","M3","binary",0.868194050511428,0.621216968692706,0.977095251127017,NA,NA,"unseen_category_extrapolation"
"Trematomus_bernacchii","M3","binary",0.868194050511428,0.621216968692706,0.977095251127017,NA,NA,"unseen_category_extrapolation"
"Etheostoma_cragini","M3","binary",0.52649944220565,0.326407282647,0.719204971140925,NA,NA,"supported"
"Perca_flavescens","M3","binary",0.795654188782077,0.646173227255369,0.899719470909662,NA,NA,"supported"
"Perca_fluviatilis","M3","binary",0.795654188782077,0.646173227255369,0.899719470909662,NA,NA,"supported"
"Sander_lucioperca","M3","binary",0.795654188782077,0.646173227255369,0.899719470909662,NA,NA,"supported"
"Sander_vitreus","M3","binary",0.795654188782077,0.646173227255369,0.899719470909662,NA,NA,"supported"
"Pholis_gunnellus","M3","binary",0.883268067177693,0.698281004419002,0.973417640298916,NA,NA,"unseen_category_extrapolation"
"Sebastes_fasciatus","M3","binary",0.597462210099443,0.263209926231749,0.873666766977018,NA,NA,"unseen_category_extrapolation"
"Sebastes_schlegelii","M3","binary",0.622803085162075,0.311546133304399,0.870695718320616,NA,NA,"unseen_category_extrapolation"
"Sebastes_umbrosus","M3","binary",0.622803085162075,0.311546133304399,0.870695718320616,NA,NA,"unseen_category_extrapolation"
"Centropristis_striata","M3","binary",0.712065512155563,0.455522186028723,0.901002380295241,NA,NA,"supported"
"Echiichthys_vipera","M3","binary",0.840476070913905,0.757818653398975,0.906503622101804,NA,NA,"supported"
"Eutrigla_gurnardus","M3","binary",0.784604973734671,0.534608120713516,0.934162503591179,NA,NA,"unseen_category_extrapolation"
"Lycodes_pacificus","M3","binary",0.883268067177693,0.698281004419002,0.973417640298916,NA,NA,"unseen_category_extrapolation"
"Melanostigma_gelatinosum","M3","binary",0.883268067177693,0.698281004419002,0.973417640298916,NA,NA,"unseen_category_extrapolation"
"Zoarces_viviparus","M3","binary",0.883268067177693,0.698281004419002,0.973417640298916,NA,NA,"unseen_category_extrapolation"
"Erpetoichthys_calabaricus","M3","joint_bb",0.708212264535317,0.40855238974784,0.909571696937845,0.203891584099948,1,"missing_input_extrapolation"
"Polypterus_senegalus","M3","joint_bb",0.708212264535317,0.40855238974784,0.909571696937845,0.198386782168093,1,"missing_input_extrapolation"
"Acipenser_oxyrinchus","M3","joint_bb",0.571825330777462,0.204379649902623,0.89161165786706,0.0557619038099481,1,"unseen_category_extrapolation"
"Acipenser_ruthenus","M3","joint_bb",0.525246294508272,0.157753741357946,0.876054793442676,0.0359918101886126,1,"unseen_category_extrapolation"
"Acipenser_sinensis","M3","joint_bb",0.571825330777462,0.204379649902623,0.89161165786706,0.0575095274953736,1,"unseen_category_extrapolation"
"Huso_huso","M3","joint_bb",0.525246294508272,0.157753741357946,0.876054793442676,0.0350114732992423,1,"unseen_category_extrapolation"
"Polyodon_spathula","M3","joint_bb",0.571825330777462,0.204379649902623,0.89161165786706,0.056773104639129,1,"unseen_category_extrapolation"
"Amia_ocellicauda","M3","joint_bb",0.401886172680093,0.108019493047267,0.760606909244165,0.0106030097116632,1,"unseen_category_extrapolation"
"Atractosteus_spatula","M3","joint_bb",0.401261124716424,0.107573035972542,0.765052261537333,0.0125698240629876,1,"unseen_category_extrapolation"
"Lepisosteus_oculatus","M3","joint_bb",0.623648932564343,0.241120071817116,0.911966140366314,0.0919195297631241,1,"unseen_category_extrapolation"
"Megalops_atlanticus","M3","joint_bb",0.463662825816854,0.17029289910625,0.784482922493467,0.0323776449186785,1,"missing_input_extrapolation"
"Megalops_cyprinoides","M3","joint_bb",0.463662825816854,0.17029289910625,0.784482922493467,0.0355271078392634,1,"missing_input_extrapolation"
"Albula_glossodonta","M3","joint_bb",0.701538698702813,0.342207525749078,0.931509278906901,0.167575125148724,1,"missing_input_extrapolation"
"Albula_goreensis","M3","joint_bb",0.701538698702813,0.342207525749078,0.931509278906901,0.165987916343454,1,"missing_input_extrapolation"
"Aldrovandia_affinis","M3","joint_bb",0.695258744129188,0.273242937563562,0.948520988148272,0.124565542578406,1,"unseen_category_extrapolation"
"Anguilla_anguilla","M3","joint_bb",0.782493667869835,0.472025961698939,0.951363310759711,0.252088904317964,1,"missing_input_extrapolation"
"Anguilla_japonica","M3","joint_bb",0.703317498347344,0.333444688191344,0.933395186656056,0.156302278399204,1,"missing_input_extrapolation"
"Anguilla_rostrata","M3","joint_bb",0.703317498347344,0.333444688191344,0.933395186656056,0.159985470237671,1,"missing_input_extrapolation"
"Conger_conger","M3","joint_bb",0.62503734985469,0.250925838858887,0.910288059933323,0.0888464594794559,1,"unseen_category_extrapolation"
"Gymnothorax_javanicus","M3","joint_bb",0.625893828603906,0.253506939783512,0.912339484599144,0.0960545683812164,1,"unseen_category_extrapolation"
"Synaphobranchus_kaupii","M3","joint_bb",0.700636969503193,0.332199376601255,0.935803375434661,0.147644804352288,1,"missing_input_extrapolation"
"Arapaima_gigas","M3","joint_bb",0.524602968236782,0.123096828850835,0.903861187264774,0.0212211358180055,1,"unseen_category_extrapolation"
"Brienomyrus_brachyistius","M3","joint_bb",0.499801027819127,0.11469779793255,0.882650312929919,0.0189505011685193,1,"unseen_category_extrapolation"
"Paramormyrops_kingsleyae","M3","joint_bb",0.593325124908615,0.182569521292623,0.915169973312455,0.0519340337884606,1,"unseen_category_extrapolation"
"Scleropages_formosus","M3","joint_bb",0.52565050356132,0.158873808588223,0.867804983507379,0.0350874482449897,1,"unseen_category_extrapolation"
"Hiodon_alosoides","M3","joint_bb",0.595611421890977,0.186039873413063,0.915705298819623,0.0555298797349283,1,"unseen_category_extrapolation"
"Alosa_alosa","M3","joint_bb",0.521897003419212,0.153237785137342,0.870850630676683,0.0356534870016169,1,"unseen_category_extrapolation"
"Alosa_pseudoharengus","M3","joint_bb",0.525097621584819,0.15475132526082,0.873696683578605,0.0336017951279741,1,"unseen_category_extrapolation"
"Alosa_sapidissima","M3","joint_bb",0.521897003419212,0.153237785137342,0.870850630676683,0.0314844951725338,1,"unseen_category_extrapolation"
"Sardina_pilchardus","M3","joint_bb",0.525097621584819,0.15475132526082,0.873696683578605,0.034442057354362,1,"unseen_category_extrapolation"
"Clupea_harengus","M3","joint_bb",0.57096479833734,0.19512031258442,0.886609373951321,0.0598282171352552,1,"unseen_category_extrapolation"
"Sprattus_sprattus","M3","joint_bb",0.57096479833734,0.19512031258442,0.886609373951321,0.0618795323613307,1,"unseen_category_extrapolation"
"Denticeps_clupeoides","M3","joint_bb",0.572394679464321,0.192522802986657,0.893235971407035,0.0599805003081925,1,"unseen_category_extrapolation"
"Coilia_grayii","M3","joint_bb",0.463493852806205,0.133771939773814,0.825196224301507,0.022530638429594,1,"missing_input_extrapolation"
"Coilia_mystus","M3","joint_bb",0.561817855005552,0.206705526252945,0.873037412007697,0.0613281777243202,1,"missing_input_extrapolation"
"Engraulis_encrasicolus","M3","joint_bb",0.697042271594951,0.327923891810077,0.93041946602946,0.14807152875128,1,"missing_input_extrapolation"
"Chanos_chanos","M3","joint_bb",0.459828986738648,0.16532552357316,0.784149576246113,0.0324858691252317,1,"missing_input_extrapolation"
"Myxocyprinus_asiaticus","M3","joint_bb",0.481106658831895,0.244416807808104,0.728748263467815,0.064428131165186,1,"missing_input_extrapolation"
"Xyrauchen_texanus","M3","joint_bb",0.460241512795584,0.170944114714089,0.781126748218721,0.0376247740391488,1,"missing_input_extrapolation"
"Misgurnus_anguillicaudatus","M3","joint_bb",0.400573687777668,0.101915271023821,0.768279336146845,0.00942393986058801,1,"unseen_category_extrapolation"
"Paramisgurnus_dabryanus","M3","joint_bb",0.401757293052842,0.107546206545605,0.766537026510819,0.0127297182465128,1,"unseen_category_extrapolation"
"Abramis_brama","M3","joint_bb",0.314424443629133,0.0875224067692605,0.638920816146926,0.00449386783732821,1,"unseen_category_extrapolation"
"Barbus_barbus","M3","joint_bb",0.25061802435595,0.0955735641809666,0.472330981499884,0.00408287449352997,1,"missing_input_extrapolation"
"Carassius_auratus","M3","joint_bb",0.25061802435595,0.0955735641809666,0.472330981499884,0.00409828368087752,1,"missing_input_extrapolation"
"Carassius_carassius","M3","joint_bb",0.25061802435595,0.0955735641809666,0.472330981499884,0.00391273350180051,1,"missing_input_extrapolation"
"Carassius_gibelio","M3","joint_bb",0.25061802435595,0.0955735641809666,0.472330981499884,0.00348296400803395,1,"missing_input_extrapolation"
"Chanodichthys_erythropterus","M3","joint_bb",0.289898644562473,0.0841591555912159,0.596642010831794,0.003243244823202,1,"missing_input_extrapolation"
"Cirrhinus_molitorella","M3","joint_bb",0.25061802435595,0.0955735641809666,0.472330981499884,0.00333745832857947,1,"missing_input_extrapolation"
"Ctenopharyngodon_idella","M3","joint_bb",0.289898644562473,0.0841591555912159,0.596642010831794,0.00339666088350715,1,"missing_input_extrapolation"
"Culter_alburnus","M3","joint_bb",0.289898644562473,0.0841591555912159,0.596642010831794,0.00353872658996974,1,"missing_input_extrapolation"
"Cyprinella_venusta","M3","joint_bb",0.43667787397599,0.155341142993147,0.761156464446699,0.0276375239831089,1,"unseen_category_extrapolation"
"Cyprinus_carpio","M3","joint_bb",0.25061802435595,0.0955735641809666,0.472330981499884,0.00292134743211474,1,"missing_input_extrapolation"
"Danio_aesculapii","M3","joint_bb",0.481106658831895,0.244416807808104,0.728748263467815,0.0571769167993975,1,"missing_input_extrapolation"
"Danio_rerio","M3","joint_bb",0.481106658831895,0.244416807808104,0.728748263467815,0.0644384776679512,1,"missing_input_extrapolation"
"Garra_rufa","M3","joint_bb",0.25061802435595,0.0955735641809666,0.472330981499884,0.00334531432776124,1,"missing_input_extrapolation"
"Hemiculter_leucisculus","M3","joint_bb",0.437947230955844,0.121015400701338,0.804841910281263,0.0177029602305569,1,"unseen_category_extrapolation"
"Labeo_rohita","M3","joint_bb",0.561722938163157,0.205923561944269,0.868070227491443,0.0615986675341832,1,"missing_input_extrapolation"
"Leuciscus_chuanchicus","M3","joint_bb",0.314424443629133,0.0875224067692605,0.638920816146926,0.00452500334187382,1,"unseen_category_extrapolation"
"Leuciscus_leuciscus","M3","joint_bb",0.314424443629133,0.0875224067692605,0.638920816146926,0.00516394569973857,1,"unseen_category_extrapolation"
"Leuciscus_waleckii","M3","joint_bb",0.314424443629133,0.0875224067692605,0.638920816146926,0.00548701181171554,1,"unseen_category_extrapolation"
"Megalobrama_amblycephala","M3","joint_bb",0.314424443629133,0.0875224067692605,0.638920816146926,0.00494612675004189,1,"unseen_category_extrapolation"
"Mylopharyngodon_piceus","M3","joint_bb",0.289898644562473,0.0841591555912159,0.596642010831794,0.00392229669458611,1,"missing_input_extrapolation"
"Onychostoma_macrolepis","M3","joint_bb",0.25061802435595,0.0955735641809666,0.472330981499884,0.0031077185217373,1,"missing_input_extrapolation"
"Phoxinus_phoxinus","M3","joint_bb",0.314424443629133,0.0875224067692605,0.638920816146926,0.00461167440772778,1,"unseen_category_extrapolation"
"Pimephales_promelas","M3","joint_bb",0.437947230955844,0.121015400701338,0.804841910281263,0.0205450137938918,1,"unseen_category_extrapolation"
"Pseudorasbora_parva","M3","joint_bb",0.31354425563661,0.0878684039002696,0.633575969308833,0.00516121545942736,1,"unseen_category_extrapolation"
"Puntigrus_tetrazona","M3","joint_bb",0.25061802435595,0.0955735641809666,0.472330981499884,0.00327937172652433,1,"missing_input_extrapolation"
"Rutilus_rutilus","M3","joint_bb",0.314424443629133,0.0875224067692605,0.638920816146926,0.00432776070922914,1,"unseen_category_extrapolation"
"Scardinius_erythrophthalmus","M3","joint_bb",0.314424443629133,0.0875224067692605,0.638920816146926,0.00419790075499752,1,"unseen_category_extrapolation"
"Sinocyclocheilus_anshuiensis","M3","joint_bb",0.25061802435595,0.0955735641809666,0.472330981499884,0.00328263243117341,1,"missing_input_extrapolation"
"Sinocyclocheilus_grahami","M3","joint_bb",0.366751099639817,0.140915283309348,0.653193949624183,0.0175249958736842,1,"missing_input_extrapolation"
"Sinocyclocheilus_rhinocerous","M3","joint_bb",0.25061802435595,0.0955735641809666,0.472330981499884,0.00396796242718236,1,"missing_input_extrapolation"
"Siphateles_boraxobius","M3","joint_bb",0.314424443629133,0.0875224067692605,0.638920816146926,0.00504438112812459,1,"unseen_category_extrapolation"
"Squalius_cephalus","M3","joint_bb",0.314424443629133,0.0875224067692605,0.638920816146926,0.00454781677128268,1,"unseen_category_extrapolation"
"Gobio_gobio","M3","joint_bb",0.402584480424605,0.106692220392793,0.765592249331277,0.0111334016159321,1,"unseen_category_extrapolation"
"Rhinichthys_klamathensis","M3","joint_bb",0.314424443629133,0.0875224067692605,0.638920816146926,0.0046925212764927,1,"unseen_category_extrapolation"
"Barbatula_barbatula","M3","joint_bb",0.40257683242634,0.106685444468691,0.761168813551117,0.0114215594835355,1,"unseen_category_extrapolation"
"Triplophysa_dalaica","M3","joint_bb",0.529001387849808,0.158956304434139,0.869872439073185,0.0436183196423881,1,"unseen_category_extrapolation"
"Triplophysa_rosa","M3","joint_bb",0.500082735866403,0.16323568984051,0.825574739807286,0.0339386324057761,1,"unseen_category_extrapolation"
"Astyanax_lacustris","M3","joint_bb",0.776015680292308,0.554503412513067,0.919677904629082,0.302218792029162,1,"missing_input_extrapolation"
"Astyanax_mexicanus","M3","joint_bb",0.776015680292308,0.554503412513067,0.919677904629082,0.303366244988822,1,"missing_input_extrapolation"
"Salminus_brasiliensis","M3","joint_bb",0.776015680292308,0.554503412513067,0.919677904629082,0.314307490511515,1,"missing_input_extrapolation"
"Hoplias_malabaricus","M3","joint_bb",0.709819426553009,0.325194965873218,0.94641860853458,0.150477177543256,1,"unseen_category_extrapolation"
"Prochilodus_magdalenae","M3","joint_bb",0.590338159965776,0.230660789694694,0.886316953740248,0.0708564306863341,1,"missing_input_extrapolation"
"Acnodon_oligacanthus","M3","joint_bb",0.776015680292308,0.554503412513067,0.919677904629082,0.316981597432343,1,"missing_input_extrapolation"
"Colossoma_macropomum","M3","joint_bb",0.776015680292308,0.554503412513067,0.919677904629082,0.311179668981215,1,"missing_input_extrapolation"
"Metynnis_hypsauchen","M3","joint_bb",0.776015680292308,0.554503412513067,0.919677904629082,0.299404536283205,1,"missing_input_extrapolation"
"Pygocentrus_nattereri","M3","joint_bb",0.776015680292308,0.554503412513067,0.919677904629082,0.314116802306557,1,"missing_input_extrapolation"
"Serrasalmus_rhombeus","M3","joint_bb",0.76650350153555,0.469579858841242,0.943329687524326,0.254596333132708,1,"unseen_category_extrapolation"
"Electrophorus_electricus","M3","joint_bb",0.620931941669315,0.197812187137894,0.933652031094497,0.059314922964916,1,"unseen_category_extrapolation"
"Electrophorus_voltai","M3","joint_bb",0.709819426553009,0.325194965873218,0.94641860853458,0.15670731059141,1,"unseen_category_extrapolation"
"Brachyhypopomus_gauderio","M3","joint_bb",0.709819426553009,0.325194965873218,0.94641860853458,0.15145564429005,1,"unseen_category_extrapolation"
"Neoarius_graeffei","M3","joint_bb",0.776015680292308,0.554503412513067,0.919677904629082,0.319268565407636,1,"missing_input_extrapolation"
"Hemibagrus_guttatus","M3","joint_bb",0.377112349233462,0.101103709287592,0.731335949006816,0.00970682680804919,1,"missing_input_extrapolation"
"Hemibagrus_wyckioides","M3","joint_bb",0.377112349233462,0.101103709287592,0.731335949006816,0.00822956485924637,1,"missing_input_extrapolation"
"Tachysurus_fulvidraco","M3","joint_bb",0.776015680292308,0.554503412513067,0.919677904629082,0.312753039590006,1,"missing_input_extrapolation"
"Tachysurus_vachellii","M3","joint_bb",0.776015680292308,0.554503412513067,0.919677904629082,0.320235086483641,1,"missing_input_extrapolation"
"Clarias_gariepinus","M3","joint_bb",0.499051509040264,0.169117135849133,0.825934052925463,0.0364536066019134,1,"unseen_category_extrapolation"
"Clarias_magur","M3","joint_bb",0.499051509040264,0.169117135849133,0.825934052925463,0.0358528496750885,1,"unseen_category_extrapolation"
"Ictalurus_furcatus","M3","joint_bb",0.559223340549703,0.211513620976364,0.864130870146573,0.0604959083876825,1,"unseen_category_extrapolation"
"Ictalurus_punctatus","M3","joint_bb",0.461473095641362,0.134069579474683,0.822647048698046,0.0217099010124856,1,"unseen_category_extrapolation"
"Pangasianodon_gigas","M3","joint_bb",0.685530222445455,0.354299390957113,0.91190456914778,0.156021496063104,1,"missing_input_extrapolation"
"Pangasianodon_hypophthalmus","M3","joint_bb",0.776015680292308,0.554503412513067,0.919677904629082,0.304914019544677,1,"missing_input_extrapolation"
"Silurus_aristotelis","M3","joint_bb",0.776015680292308,0.554503412513067,0.919677904629082,0.301164484203668,1,"missing_input_extrapolation"
"Silurus_asotus","M3","joint_bb",0.776015680292308,0.554503412513067,0.919677904629082,0.318823524597498,1,"missing_input_extrapolation"
"Silurus_meridionalis","M3","joint_bb",0.776015680292308,0.554503412513067,0.919677904629082,0.313923810547647,1,"missing_input_extrapolation"
"Trichomycterus_rosablanca","M3","joint_bb",0.6829918691617,0.347489726293341,0.914400793632005,0.167277847046576,1,"missing_input_extrapolation"
"Nansenia_antarctica","M3","joint_bb",0.58963224284015,0.187424776432086,0.914372387115369,0.0518155215295578,1,"unseen_category_extrapolation"
"Galaxias_brevipinnis","M3","joint_bb",0.615110595646794,0.205280670762781,0.924214136264108,0.0658669524081749,1,"unseen_category_extrapolation"
"Coregonus_albula","M3","joint_bb",0.590828098474955,0.278896826535426,0.85401960222522,0.0972935375231195,1,"missing_input_extrapolation"
"Coregonus_clupeaformis","M3","joint_bb",0.590828098474955,0.278896826535426,0.85401960222522,0.103811312498165,1,"missing_input_extrapolation"
"Coregonus_lavaretus","M3","joint_bb",0.590828098474955,0.278896826535426,0.85401960222522,0.0958948451049842,1,"missing_input_extrapolation"
"Coregonus_suidteri","M3","joint_bb",0.590828098474955,0.278896826535426,0.85401960222522,0.0969995128798262,1,"missing_input_extrapolation"
"Oncorhynchus_clarkii","M3","joint_bb",0.590828098474955,0.278896826535426,0.85401960222522,0.102316336254699,1,"missing_input_extrapolation"
"Oncorhynchus_gorbuscha","M3","joint_bb",0.590828098474955,0.278896826535426,0.85401960222522,0.0994433560457448,1,"missing_input_extrapolation"
"Oncorhynchus_keta","M3","joint_bb",0.590828098474955,0.278896826535426,0.85401960222522,0.099239724017291,1,"missing_input_extrapolation"
"Oncorhynchus_kisutch","M3","joint_bb",0.590828098474955,0.278896826535426,0.85401960222522,0.0966479724660906,1,"missing_input_extrapolation"
"Oncorhynchus_masou","M3","joint_bb",0.590828098474955,0.278896826535426,0.85401960222522,0.0967857889004885,1,"missing_input_extrapolation"
"Oncorhynchus_mykiss","M3","joint_bb",0.590828098474955,0.278896826535426,0.85401960222522,0.102110603916585,1,"missing_input_extrapolation"
"Oncorhynchus_nerka","M3","joint_bb",0.590828098474955,0.278896826535426,0.85401960222522,0.0948243489571717,1,"missing_input_extrapolation"
"Oncorhynchus_tshawytscha","M3","joint_bb",0.590828098474955,0.278896826535426,0.85401960222522,0.101393315728228,1,"missing_input_extrapolation"
"Salmo_salar","M3","joint_bb",0.590828098474955,0.278896826535426,0.85401960222522,0.105661412783948,1,"missing_input_extrapolation"
"Salmo_trutta","M3","joint_bb",0.590828098474955,0.278896826535426,0.85401960222522,0.10319033125629,1,"missing_input_extrapolation"
"Salvelinus_alpinus","M3","joint_bb",0.590828098474955,0.278896826535426,0.85401960222522,0.0955314948829592,1,"missing_input_extrapolation"
"Salvelinus_fontinalis","M3","joint_bb",0.590828098474955,0.278896826535426,0.85401960222522,0.10227509417484,1,"missing_input_extrapolation"
"Salvelinus_namaycush","M3","joint_bb",0.590828098474955,0.278896826535426,0.85401960222522,0.0880001692393571,1,"missing_input_extrapolation"
"Dallia_pectoralis","M3","joint_bb",0.459919020897975,0.165708471943071,0.772758595512655,0.0311073937089207,1,"missing_input_extrapolation"
"Esox_lucius","M3","joint_bb",0.52792233900777,0.197861578174806,0.840357578445184,0.0551373647403811,1,"unseen_category_extrapolation"
"Umbra_pygmaea","M3","joint_bb",0.590828098474955,0.278896826535426,0.85401960222522,0.0992319671746762,1,"missing_input_extrapolation"
"Hypomesus_nipponensis","M3","joint_bb",0.694718125780628,0.270332562676779,0.948040659036375,0.121851161563509,1,"unseen_category_extrapolation"
"Hypomesus_transpacificus","M3","joint_bb",0.694590495095943,0.275145270743171,0.94998782384832,0.120992760795318,1,"unseen_category_extrapolation"
"Osmerus_eperlanus","M3","joint_bb",0.694718125780628,0.270332562676779,0.948040659036375,0.12273254546909,1,"unseen_category_extrapolation"
"Osmerus_mordax","M3","joint_bb",0.694718125780628,0.270332562676779,0.948040659036375,0.115405280187401,1,"unseen_category_extrapolation"
"Benthosema_glaciale","M3","joint_bb",0.820015693171144,0.518065482149749,0.967850389625003,0.326651929507612,1,"unseen_category_extrapolation"
"Electrona_antarctica","M3","joint_bb",0.757498199484545,0.445552186869338,0.939330291771517,0.245063777288487,1,"unseen_category_extrapolation"
"Gymnoscopelus_braueri","M3","joint_bb",0.757498199484545,0.445552186869338,0.939330291771517,0.257360225761953,1,"unseen_category_extrapolation"
"Gymnoscopelus_microlampas","M3","joint_bb",0.757498199484545,0.445552186869338,0.939330291771517,0.230751444389479,1,"unseen_category_extrapolation"
"Nannobrachium_achirus","M3","joint_bb",0.758144032303674,0.451276615152436,0.940710708423244,0.236191872585347,1,"unseen_category_extrapolation"
"Protomyctophum_bolini","M3","joint_bb",0.757498199484545,0.445552186869338,0.939330291771517,0.252768718262286,1,"unseen_category_extrapolation"
"Protomyctophum_parallelum","M3","joint_bb",0.757498199484545,0.445552186869338,0.939330291771517,0.23043815674448,1,"unseen_category_extrapolation"
"Polymixia_hollisterae","M3","joint_bb",0.453518971028223,0.206223876808198,0.720916858756967,0.0458673132053357,1,"unseen_category_extrapolation"
"Polymixia_lowei","M3","joint_bb",0.476847154003252,0.222176930318147,0.747289225610569,0.0524526122274062,1,"unseen_category_extrapolation"
"Centroberyx_affinis","M3","joint_bb",0.512861222813437,0.19545699118043,0.82143680921884,0.0499307222413008,1,"unseen_category_extrapolation"
"Centroberyx_gerrardi","M3","joint_bb",0.514500570171811,0.197595042016717,0.824566993730035,0.0541906283323898,1,"unseen_category_extrapolation"
"Poromitra_crassiceps","M3","joint_bb",0.599821868233592,0.155498830115424,0.934487381287438,0.043982838549625,1,"unseen_category_extrapolation"
"Myripristis_murdjan","M3","joint_bb",0.536973277861409,0.274561644141729,0.786464380108425,0.0852775797209405,1,"unseen_category_extrapolation"
"Lucifuga_dentata","M3","joint_bb",0.55196006671612,0.263936839734881,0.816279047965302,0.0797478654685804,1,"unseen_category_extrapolation"
"Genypterus_blacodes","M3","joint_bb",0.512082005928415,0.154934501708185,0.857476660032457,0.0339894476746401,1,"unseen_category_extrapolation"
"Arripis_georgiana","M3","joint_bb",0.780606370329992,0.673292114079734,0.868532360755645,0.368683556874735,1,"supported"
"Katsuwonus_pelamis","M3","joint_bb",0.765697375578306,0.700609915637326,0.824633247753903,0.362499214217012,1,"supported"
"Sarda_sarda","M3","joint_bb",0.715892228464359,0.635573706906643,0.788142865279335,0.295073795567447,1,"supported"
"Scomber_japonicus","M3","joint_bb",0.823046632290064,0.694851695462216,0.913748694814866,0.409468397966176,1,"supported"
"Scomber_scombrus","M3","joint_bb",0.842930619788779,0.650033008251125,0.953074412330254,0.41061632399942,1,"supported"
"Thunnus_alalunga","M3","joint_bb",0.765697375578306,0.700609915637326,0.824633247753903,0.353223495255843,1,"supported"
"Thunnus_albacares","M3","joint_bb",0.765697375578306,0.700609915637326,0.824633247753903,0.353101602966274,1,"supported"
"Thunnus_atlanticus","M3","joint_bb",0.765697375578306,0.700609915637326,0.824633247753903,0.35874082787938,1,"supported"
"Thunnus_maccoyii","M3","joint_bb",0.765697375578306,0.700609915637326,0.824633247753903,0.369806836998417,1,"supported"
"Thunnus_obesus","M3","joint_bb",0.765697375578306,0.700609915637326,0.824633247753903,0.366673898509797,1,"supported"
"Thunnus_orientalis","M3","joint_bb",0.765697375578306,0.700609915637326,0.824633247753903,0.35048146769693,1,"supported"
"Thunnus_thynnus","M3","joint_bb",0.765697375578306,0.700609915637326,0.824633247753903,0.355493959983165,1,"supported"
"Thunnus_tonggol","M3","joint_bb",0.765697375578306,0.700609915637326,0.824633247753903,0.356854738485912,1,"supported"
"Pampus_argenteus","M3","joint_bb",0.715892228464359,0.635573706906643,0.788142865279335,0.302766723407176,1,"supported"
"Pampus_punctatissimus","M3","joint_bb",0.715892228464359,0.635573706906643,0.788142865279335,0.285834876239387,1,"supported"
"Aulostomus_chinensis","M3","joint_bb",0.454832534243838,0.151062375091501,0.787945261887663,0.028157677103132,1,"unseen_category_extrapolation"
"Fistularia_commersonii","M3","joint_bb",0.626773117904761,0.320420936307793,0.861696907973176,0.128795551421952,1,"unseen_category_extrapolation"
"Pterapogon_kauderni","M3","joint_bb",0.799890318842623,0.584102331198298,0.933494070569631,0.3506408947273,1,"supported"
"Sphaeramia_orbicularis","M3","joint_bb",0.782343032407581,0.518937394470568,0.937625964985571,0.300394266075049,1,"supported"
"Oxyeleotris_marmorata","M3","joint_bb",0.71504313254209,0.514560783949071,0.863042349575758,0.258321582338031,1,"supported"
"Boleophthalmus_pectinirostris","M3","joint_bb",0.71504313254209,0.514560783949071,0.863042349575758,0.248780263145239,1,"supported"
"Eucyclogobius_newberryi","M3","joint_bb",0.63412039288857,0.34676932444892,0.86204961869576,0.13728228433965,1,"unseen_category_extrapolation"
"Gobius_niger","M3","joint_bb",0.67266537109472,0.339013164291852,0.908128451595899,0.154443027504552,1,"unseen_category_extrapolation"
"Knipowitschia_caucasica","M3","joint_bb",0.632859630917419,0.349243466938029,0.863350246767395,0.143265005942316,1,"unseen_category_extrapolation"
"Mugilogobius_chulae","M3","joint_bb",0.63412039288857,0.34676932444892,0.86204961869576,0.142817827570812,1,"unseen_category_extrapolation"
"Periophthalmus_magnuspinnatus","M3","joint_bb",0.63412039288857,0.34676932444892,0.86204961869576,0.145972285676297,1,"unseen_category_extrapolation"
"Mastacembelus_armatus","M3","joint_bb",0.765697375578306,0.700609915637326,0.824633247753903,0.373508803151796,1,"supported"
"Monopterus_albus","M3","joint_bb",0.777121773918024,0.63772771404212,0.8840298402735,0.358463855384217,1,"supported"
"Anabas_testudineus","M3","joint_bb",0.538609776342177,0.390555776092894,0.681834627551028,0.1268362779605,1,"supported"
"Channa_argus","M3","joint_bb",0.538609776342177,0.390555776092894,0.681834627551028,0.133825118503311,1,"supported"
"Channa_striata","M3","joint_bb",0.628701443154469,0.416286537419106,0.81045140697088,0.170182368466664,1,"supported"
"Betta_splendens","M3","joint_bb",0.513568972094983,0.153744509491876,0.860590284904137,0.0310395884828609,1,"unseen_category_extrapolation"
"Trichopodus_trichopterus","M3","joint_bb",0.555047680019919,0.321755440783023,0.763801227747322,0.108392432115256,1,"supported"
"Lates_calcarifer","M3","joint_bb",0.774963106944957,0.663602364302614,0.867122967918663,0.360090679439383,1,"missing_input_extrapolation"
"Lates_japonicus","M3","joint_bb",0.715892228464359,0.635573706906643,0.788142865279335,0.294224762254375,1,"supported"
"Eleutheronema_tetradactylum","M3","joint_bb",0.640508196622783,0.465552695155044,0.789715310652947,0.192396159989295,1,"supported"
"Toxotes_jaculatrix","M3","joint_bb",0.88156468395761,0.814496289770937,0.933710031503629,0.53390707924307,1,"supported"
"Xiphias_gladius","M3","joint_bb",0.769440394797934,0.536497031808201,0.919562991778951,0.294825047106062,1,"unseen_category_extrapolation"
"Caranx_melampygus","M3","joint_bb",0.611557189806922,0.32771322166354,0.84651859322631,0.127804954720482,1,"unseen_category_extrapolation"
"Seriola_dumerili","M3","joint_bb",0.715892228464359,0.635573706906643,0.788142865279335,0.295484330613756,1,"supported"
"Seriola_lalandi","M3","joint_bb",0.715892228464359,0.635573706906643,0.788142865279335,0.298205691046502,1,"supported"
"Trachinotus_anak","M3","joint_bb",0.765697375578306,0.700609915637326,0.824633247753903,0.368073010443627,1,"supported"
"Trachurus_japonicus","M3","joint_bb",0.556258665956636,0.368464329841141,0.732261239163321,0.122937861546669,1,"supported"
"Trachurus_trachurus","M3","joint_bb",0.556258665956636,0.368464329841141,0.732261239163321,0.121592564811697,1,"supported"
"Echeneis_naucrates","M3","joint_bb",0.823046632290064,0.694851695462216,0.913748694814866,0.417941351190942,1,"supported"
"Paralichthys_olivaceus","M3","joint_bb",0.703089942803634,0.544100316877627,0.83525219665277,0.260592324417349,1,"supported"
"Hippoglossus_hippoglossus","M3","joint_bb",0.703089942803634,0.544100316877627,0.83525219665277,0.26326222805866,1,"supported"
"Hippoglossus_stenolepis","M3","joint_bb",0.703089942803634,0.544100316877627,0.83525219665277,0.258612319566109,1,"supported"
"Limanda_limanda","M3","joint_bb",0.703089942803634,0.544100316877627,0.83525219665277,0.268564258552935,1,"supported"
"Platichthys_flesus","M3","joint_bb",0.703089942803634,0.544100316877627,0.83525219665277,0.261489066500874,1,"supported"
"Platichthys_stellatus","M3","joint_bb",0.703089942803634,0.544100316877627,0.83525219665277,0.2642888265685,1,"supported"
"Pleuronectes_platessa","M3","joint_bb",0.703089942803634,0.544100316877627,0.83525219665277,0.253949905959724,1,"supported"
"Scophthalmus_maximus","M3","joint_bb",0.715892228464359,0.635573706906643,0.788142865279335,0.30071785438286,1,"supported"
"Microchirus_variegatus","M3","joint_bb",0.69152532813809,0.399854030004015,0.894350524521273,0.192768664041522,1,"missing_input_extrapolation"
"Solea_senegalensis","M3","joint_bb",0.69152532813809,0.399854030004015,0.894350524521273,0.188691273749267,1,"missing_input_extrapolation"
"Solea_solea","M3","joint_bb",0.69152532813809,0.399854030004015,0.894350524521273,0.182768354905446,1,"missing_input_extrapolation"
"Parambassis_ranga","M3","joint_bb",0.88156468395761,0.814496289770937,0.933710031503629,0.552985181853264,1,"supported"
"Brachyistius_frenatus","M3","joint_bb",0.769329412342438,0.534893191289368,0.923122154149281,0.296321058647433,1,"unseen_category_extrapolation"
"Embiotoca_jacksoni","M3","joint_bb",0.769329412342438,0.534893191289368,0.923122154149281,0.29687468583444,1,"unseen_category_extrapolation"
"Acanthochromis_polyacanthus","M3","joint_bb",0.745785495019751,0.476014072713418,0.920812154845586,0.262483195052283,1,"unseen_category_extrapolation"
"Amphiprion_ocellaris","M3","joint_bb",0.745785495019751,0.476014072713418,0.920812154845586,0.258277579671873,1,"unseen_category_extrapolation"
"Stegastes_partitus","M3","joint_bb",0.889119852161162,0.7960941080013,0.949133202214862,0.530864133243833,1,"supported"
"Andinoacara_rivulatus","M3","joint_bb",0.765697375578306,0.700609915637326,0.824633247753903,0.356250618900529,1,"supported"
"Archocentrus_centrarchus","M3","joint_bb",0.765697375578306,0.700609915637326,0.824633247753903,0.359719623527535,1,"supported"
"Astatotilapia_burtoni","M3","joint_bb",0.765697375578306,0.700609915637326,0.824633247753903,0.359913224268554,1,"supported"
"Astatotilapia_calliptera","M3","joint_bb",0.765697375578306,0.700609915637326,0.824633247753903,0.363872270542226,1,"supported"
"Astronotus_ocellatus","M3","joint_bb",0.765697375578306,0.700609915637326,0.824633247753903,0.354660846424047,1,"supported"
"Aulonocara_stuartgranti","M3","joint_bb",0.765697375578306,0.700609915637326,0.824633247753903,0.373953294564459,1,"supported"
"Copadichromis_virginalis","M3","joint_bb",0.765697375578306,0.700609915637326,0.824633247753903,0.356292174568063,1,"supported"
"Diplotaxodon_limnothrissa","M3","joint_bb",0.765697375578306,0.700609915637326,0.824633247753903,0.36475521100645,1,"supported"
"Haplochromis_nyererei","M3","joint_bb",0.765697375578306,0.700609915637326,0.824633247753903,0.360025106325466,1,"supported"
"Maylandia_zebra","M3","joint_bb",0.765697375578306,0.700609915637326,0.824633247753903,0.363706968228143,1,"supported"
"Mchenga_conophoros","M3","joint_bb",0.765697375578306,0.700609915637326,0.824633247753903,0.347822657434107,1,"supported"
"Neolamprologus_brichardi","M3","joint_bb",0.765697375578306,0.700609915637326,0.824633247753903,0.362940190012912,1,"supported"
"Neolamprologus_multifasciatus","M3","joint_bb",0.765697375578306,0.700609915637326,0.824633247753903,0.357944885830708,1,"supported"
"Oreochromis_aureus","M3","joint_bb",0.765697375578306,0.700609915637326,0.824633247753903,0.348924244268309,1,"supported"
"Oreochromis_niloticus","M3","joint_bb",0.765697375578306,0.700609915637326,0.824633247753903,0.361472900725304,1,"supported"
"Pelmatolapia_mariae","M3","joint_bb",0.765697375578306,0.700609915637326,0.824633247753903,0.363332216914126,1,"supported"
"Perissodus_microlepis","M3","joint_bb",0.765697375578306,0.700609915637326,0.824633247753903,0.363897359023761,1,"supported"
"Pterophyllum_scalare","M3","joint_bb",0.765697375578306,0.700609915637326,0.824633247753903,0.353622705566909,1,"supported"
"Rhamphochromis_longiceps","M3","joint_bb",0.765697375578306,0.700609915637326,0.824633247753903,0.359323021365329,1,"supported"
"Sarotherodon_galilaeus","M3","joint_bb",0.765697375578306,0.700609915637326,0.824633247753903,0.361843198869503,1,"supported"
"Simochromis_diagramma","M3","joint_bb",0.765697375578306,0.700609915637326,0.824633247753903,0.363945890549796,1,"supported"
"Leuresthes_tenuis","M3","joint_bb",0.780403412359539,0.533849128598648,0.931693995422167,0.297764262884297,1,"missing_input_extrapolation"
"Menidia_menidia","M3","joint_bb",0.538609776342177,0.390555776092894,0.681834627551028,0.125672552464445,1,"supported"
"Odontesthes_bonariensis","M3","joint_bb",0.554090110014983,0.265989562518673,0.81953787083673,0.0854728870638038,1,"missing_input_extrapolation"
"Melanotaenia_boesemani","M3","joint_bb",0.513173744369876,0.26204894897425,0.759684382570777,0.0716361083033517,1,"unseen_category_extrapolation"
"Telmatherina_bonti","M3","joint_bb",0.513640237371384,0.258498754305255,0.76350404985626,0.0756527773211591,1,"unseen_category_extrapolation"
"Oryzias_javanicus","M3","joint_bb",0.453419375890536,0.204999151470878,0.722823539391534,0.0482583740956217,1,"unseen_category_extrapolation"
"Oryzias_latipes","M3","joint_bb",0.52902763716928,0.259281402929899,0.792241977513644,0.0749995867055026,1,"missing_input_extrapolation"
"Oryzias_melastigma","M3","joint_bb",0.453419375890536,0.204999151470878,0.722823539391534,0.0448256820008963,1,"unseen_category_extrapolation"
"Xenentodon_cancila","M3","joint_bb",0.72183962392874,0.544299888584273,0.858478293327115,0.276467294224665,1,"supported"
"Cololabis_saira","M3","joint_bb",0.672908726347192,0.346638920448288,0.90628531070578,0.1467737589528,1,"unseen_category_extrapolation"
"Anableps_anableps","M3","joint_bb",0.45060899758095,0.3064183395711,0.602728192661523,0.0744399924396667,1,"supported"
"Cyprinodon_tularosa","M3","joint_bb",0.513723263215115,0.264154974791195,0.759349742894679,0.0768715398542715,1,"unseen_category_extrapolation"
"Cyprinodon_variegatus","M3","joint_bb",0.513723263215115,0.264154974791195,0.759349742894679,0.0767626155174555,1,"unseen_category_extrapolation"
"Fundulus_diaphanus","M3","joint_bb",0.514103835914744,0.393907216394145,0.633388138986124,0.120296796461972,1,"supported"
"Fundulus_heteroclitus","M3","joint_bb",0.514103835914744,0.393907216394145,0.633388138986124,0.113623513632028,1,"supported"
"Ameca_splendens","M3","joint_bb",0.706539946178314,0.551209409933996,0.83758426592973,0.255333714107479,1,"supported"
"Crenichthys_baileyi","M3","joint_bb",0.514103835914744,0.393907216394145,0.633388138986124,0.119401778130426,1,"supported"
"Girardinichthys_multiradiatus","M3","joint_bb",0.775457711800897,0.556717797777439,0.919558242780989,0.309421622105898,1,"supported"
"Nothobranchius_furzeri","M3","joint_bb",0.742513807593848,0.427802852483288,0.931509014986477,0.238889415416847,1,"unseen_category_extrapolation"
"Nothobranchius_kadleci","M3","joint_bb",0.74492028007536,0.433593693824285,0.933650342105851,0.241256895065344,1,"unseen_category_extrapolation"
"Nothobranchius_pienaari","M3","joint_bb",0.745288303510564,0.443059556438305,0.932085164778952,0.234166931155398,1,"unseen_category_extrapolation"
"Nothobranchius_rachovii","M3","joint_bb",0.745288303510564,0.443059556438305,0.932085164778952,0.237692968437007,1,"unseen_category_extrapolation"
"Gambusia_affinis","M3","joint_bb",0.514103835914744,0.393907216394145,0.633388138986124,0.114666042056538,1,"supported"
"Gambusia_holbrooki","M3","joint_bb",0.514103835914744,0.393907216394145,0.633388138986124,0.119505234276735,1,"supported"
"Poecilia_formosa","M3","joint_bb",0.514103835914744,0.393907216394145,0.633388138986124,0.120115583805861,1,"supported"
"Poecilia_latipinna","M3","joint_bb",0.514103835914744,0.393907216394145,0.633388138986124,0.119505735999169,1,"supported"
"Poecilia_mexicana","M3","joint_bb",0.514103835914744,0.393907216394145,0.633388138986124,0.122212666082539,1,"supported"
"Poecilia_reticulata","M3","joint_bb",0.514103835914744,0.393907216394145,0.633388138986124,0.123481244941016,1,"supported"
"Poeciliopsis_prolifica","M3","joint_bb",0.513517739199424,0.255698434159673,0.768756652472701,0.0710520615036326,1,"unseen_category_extrapolation"
"Poropanchax_normani","M3","joint_bb",0.514103835914744,0.393907216394145,0.633388138986124,0.116413678052377,1,"supported"
"Xiphophorus_couchianus","M3","joint_bb",0.514103835914744,0.393907216394145,0.633388138986124,0.121342042763985,1,"supported"
"Xiphophorus_hellerii","M3","joint_bb",0.514103835914744,0.393907216394145,0.633388138986124,0.121211209989217,1,"supported"
"Xiphophorus_maculatus","M3","joint_bb",0.514103835914744,0.393907216394145,0.633388138986124,0.1170603219859,1,"supported"
"Austrofundulus_limnaeus","M3","joint_bb",0.818706549363908,0.572260083621588,0.953129211190532,0.357169153381294,1,"missing_input_extrapolation"
"Kryptolebias_marmoratus","M3","joint_bb",0.754637251549869,0.534441788669043,0.903145061708874,0.289244125687718,1,"unseen_category_extrapolation"
"Nematolebias_whitei","M3","joint_bb",0.513563712779853,0.261997612451813,0.757670941793193,0.0786967930748639,1,"unseen_category_extrapolation"
"Chelon_labrosus","M3","joint_bb",0.611016736155628,0.331392517255108,0.841337182484803,0.132525512162161,1,"unseen_category_extrapolation"
"Mugil_cephalus","M3","joint_bb",0.793030427594934,0.622504236268058,0.911353071080757,0.367062801554266,1,"supported"
"Planiliza_haematocheilus","M3","joint_bb",0.793030427594934,0.622504236268058,0.911353071080757,0.357209919000546,1,"supported"
"Gouania_willdenowi","M3","joint_bb",0.766497448455576,0.516573525530749,0.925604493817251,0.284841959398923,1,"unseen_category_extrapolation"
"Blennius_ocellaris","M3","joint_bb",0.840432194700593,0.637800097960542,0.952501879636342,0.405950319907213,1,"unseen_category_extrapolation"
"Lipophrys_pholis","M3","joint_bb",0.840432194700593,0.637800097960542,0.952501879636342,0.422175542022364,1,"unseen_category_extrapolation"
"Ophioblennius_macclurei","M3","joint_bb",0.734264435390076,0.62427781358994,0.829016964244263,0.320592713838178,1,"supported"
"Salarias_fasciatus","M3","joint_bb",0.693128649971004,0.389728757834269,0.9078170179631,0.178037686615142,1,"missing_input_extrapolation"
"Cristiceps_australis","M3","joint_bb",0.719724499383089,0.436628938258949,0.912223063426524,0.212442761948866,1,"unseen_category_extrapolation"
"Dicentrarchus_labrax","M3","joint_bb",0.474546105774558,0.246740404166415,0.709496500261989,0.0607352104406545,1,"supported"
"Morone_saxatilis","M3","joint_bb",0.625595937759444,0.382981420426651,0.826483613289345,0.161342463012756,1,"supported"
"Scatophagus_argus","M3","joint_bb",0.88156468395761,0.814496289770937,0.933710031503629,0.539209627731334,1,"supported"
"Collichthys_lucidus","M3","joint_bb",0.754115124466588,0.540070116331564,0.900568159604919,0.296176910232187,1,"unseen_category_extrapolation"
"Larimichthys_crocea","M3","joint_bb",0.715892228464359,0.635573706906643,0.788142865279335,0.299055539933146,1,"supported"
"Nibea_albiflora","M3","joint_bb",0.715892228464359,0.635573706906643,0.788142865279335,0.302013775930197,1,"supported"
"Sciaenops_ocellatus","M3","joint_bb",0.715892228464359,0.635573706906643,0.788142865279335,0.296259537135035,1,"supported"
"Siganus_canaliculatus","M3","joint_bb",0.535206398887411,0.268771442447062,0.788816875986581,0.0845021900767093,1,"unseen_category_extrapolation"
"Ammodytes_marinus","M3","joint_bb",0.794181763936256,0.508740204868903,0.952724034458489,0.311629891720111,1,"unseen_category_extrapolation"
"Cheilinus_undulatus","M3","joint_bb",0.686448000190303,0.344973635378667,0.91843099103647,0.157510834165668,1,"unseen_category_extrapolation"
"Halichoeres_trimaculatus","M3","joint_bb",0.577175599219296,0.267232656455456,0.847649841770115,0.0986821926100836,1,"unseen_category_extrapolation"
"Notolabrus_celidotus","M3","joint_bb",0.632958670841617,0.349822853880464,0.856195773086262,0.15157446758281,1,"unseen_category_extrapolation"
"Semicossyphus_pulcher","M3","joint_bb",0.769204630653736,0.54121609528268,0.917271157215228,0.307738767719444,1,"unseen_category_extrapolation"
"Thalassoma_bifasciatum","M3","joint_bb",0.734264435390076,0.62427781358994,0.829016964244263,0.305393230134303,1,"supported"
"Xyrichtys_novacula","M3","joint_bb",0.780606370329992,0.673292114079734,0.868532360755645,0.371851971585274,1,"supported"
"Platax_orbicularis","M3","joint_bb",0.850531163992549,0.754091880075728,0.923550340989297,0.4717971290298,1,"supported"
"Chaetodon_auriga","M3","joint_bb",0.514103835914744,0.393907216394145,0.633388138986124,0.11305509158684,1,"supported"
"Chaetodon_trifascialis","M3","joint_bb",0.765697375578306,0.700609915637326,0.824633247753903,0.355037910120673,1,"supported"
"Chelmon_rostratus","M3","joint_bb",0.765697375578306,0.700609915637326,0.824633247753903,0.361948720847412,1,"supported"
"Caesio_teres","M3","joint_bb",0.754115124466588,0.540070116331564,0.900568159604919,0.29810274154026,1,"unseen_category_extrapolation"
"Lutjanus_erythropterus","M3","joint_bb",0.755795924947555,0.596858022491688,0.88141357977299,0.328213552058556,1,"supported"
"Pristipomoides_typus","M3","joint_bb",0.765697375578306,0.700609915637326,0.824633247753903,0.361514613947837,1,"supported"
"Symphorus_nematophorus","M3","joint_bb",0.705035332382286,0.46855423748202,0.87748767778762,0.228638866384755,1,"unseen_category_extrapolation"
"Lethrinus_nebulosus","M3","joint_bb",0.715892228464359,0.635573706906643,0.788142865279335,0.298466654484345,1,"supported"
"Acanthopagrus_latus","M3","joint_bb",0.580210028308629,0.401033374723442,0.751629984547864,0.143587233644761,1,"supported"
"Acanthopagrus_schlegelii","M3","joint_bb",0.580210028308629,0.401033374723442,0.751629984547864,0.143704934814441,1,"supported"
"Pagrus_major","M3","joint_bb",0.734264435390076,0.62427781358994,0.829016964244263,0.309675418643195,1,"supported"
"Pagrus_pagrus","M3","joint_bb",0.734264435390076,0.62427781358994,0.829016964244263,0.309661003542905,1,"supported"
"Rhabdosargus_sarba","M3","joint_bb",0.734264435390076,0.62427781358994,0.829016964244263,0.31302418956803,1,"supported"
"Sparus_aurata","M3","joint_bb",0.734264435390076,0.62427781358994,0.829016964244263,0.304734865634857,1,"supported"
"Nelusetta_ayraud","M3","joint_bb",0.67170309786397,0.342183632415424,0.90887567352552,0.143628119556105,1,"unseen_category_extrapolation"
"Lateolabrax_japonicus","M3","joint_bb",0.765697375578306,0.700609915637326,0.824633247753903,0.362596064061702,1,"supported"
"Lateolabrax_maculatus","M3","joint_bb",0.765697375578306,0.700609915637326,0.824633247753903,0.35793821629132,1,"supported"
"Pempheris_klunzingeri","M3","joint_bb",0.765697375578306,0.700609915637326,0.824633247753903,0.357400530238795,1,"supported"
"Micropterus_dolomieu","M3","joint_bb",0.811178740425638,0.613030331047896,0.936949106322855,0.37050905434903,1,"supported"
"Micropterus_salmoides","M3","joint_bb",0.811178740425638,0.613030331047896,0.936949106322855,0.358618041958765,1,"supported"
"Enoplosus_armatus","M3","joint_bb",0.850531163992549,0.754091880075728,0.923550340989297,0.455424781613456,1,"supported"
"Oplegnathus_fasciatus","M3","joint_bb",0.88156468395761,0.814496289770937,0.933710031503629,0.543209040817081,1,"supported"
"Oplegnathus_punctatus","M3","joint_bb",0.88156468395761,0.814496289770937,0.933710031503629,0.53495326254387,1,"supported"
"Maccullochella_peelii","M3","joint_bb",0.794125244157753,0.665443919997242,0.892320041538714,0.373584602180058,1,"supported"
"Siniperca_chuatsi","M3","joint_bb",0.886606122283598,0.79010324912961,0.949917521357704,0.534801320614523,1,"supported"
"Siniperca_scherzeri","M3","joint_bb",0.765697375578306,0.700609915637326,0.824633247753903,0.353725728681818,1,"supported"
"Scortum_barcoo","M3","joint_bb",0.715892228464359,0.635573706906643,0.788142865279335,0.294171791736112,1,"supported"
"Anarhichas_minor","M3","joint_bb",0.877824604237323,0.697005764138125,0.968519677020837,0.480231896618707,1,"unseen_category_extrapolation"
"Anarrhichthys_ocellatus","M3","joint_bb",0.877824604237323,0.697005764138125,0.968519677020837,0.477882029119016,1,"unseen_category_extrapolation"
"Anoplopoma_fimbria","M3","joint_bb",0.747835040090982,0.445020024020084,0.932936281272483,0.247881200366825,1,"unseen_category_extrapolation"
"Pogonophryne_albipinna","M3","joint_bb",0.844381809356608,0.682969173470969,0.944110250264291,0.422823042636598,1,"supported"
"Gymnodraco_acuticeps","M3","joint_bb",0.844381809356608,0.682969173470969,0.944110250264291,0.428325379785665,1,"supported"
"Cottoperca_gobio","M3","joint_bb",0.765697375578306,0.700609915637326,0.824633247753903,0.369872878249784,1,"supported"
"Cebidichthys_violaceus","M3","joint_bb",0.755439050577077,0.534595338642097,0.905862248922941,0.300133528472052,1,"unseen_category_extrapolation"
"Chaenocephalus_aceratus","M3","joint_bb",0.844381809356608,0.682969173470969,0.944110250264291,0.433969213351555,1,"supported"
"Champsocephalus_esox","M3","joint_bb",0.844381809356608,0.682969173470969,0.944110250264291,0.417403305848843,1,"supported"
"Champsocephalus_gunnari","M3","joint_bb",0.844381809356608,0.682969173470969,0.944110250264291,0.430437698706739,1,"supported"
"Pseudochaenichthys_georgianus","M3","joint_bb",0.844381809356608,0.682969173470969,0.944110250264291,0.435608179829194,1,"supported"
"Clinocottus_analis","M3","joint_bb",0.918331166391672,0.740830201865624,0.987412145723209,0.551329104655464,1,"unseen_category_extrapolation"
"Taurulus_bubalis","M3","joint_bb",0.554842907234388,0.264439552669435,0.819533479707576,0.0817811955367138,1,"unseen_category_extrapolation"
"Cyclopterus_lumpus","M3","joint_bb",0.777121773918024,0.63772771404212,0.8840298402735,0.355577590589911,1,"supported"
"Eleginops_maclovinus","M3","joint_bb",0.780606370329992,0.673292114079734,0.868532360755645,0.361834686435434,1,"supported"
"Cromileptes_altivelis","M3","joint_bb",0.715892228464359,0.635573706906643,0.788142865279335,0.289029440908978,1,"supported"
"Epinephelus_bruneus","M3","joint_bb",0.765697375578306,0.700609915637326,0.824633247753903,0.363133673201881,1,"supported"
"Epinephelus_coioides","M3","joint_bb",0.765697375578306,0.700609915637326,0.824633247753903,0.358458048137928,1,"supported"
"Epinephelus_fuscoguttatus","M3","joint_bb",0.765697375578306,0.700609915637326,0.824633247753903,0.366686303133181,1,"supported"
"Epinephelus_lanceolatus","M3","joint_bb",0.765697375578306,0.700609915637326,0.824633247753903,0.365651119195464,1,"supported"
"Epinephelus_malabaricus","M3","joint_bb",0.765697375578306,0.700609915637326,0.824633247753903,0.37330251414518,1,"supported"
"Epinephelus_multinotatus","M3","joint_bb",0.765697375578306,0.700609915637326,0.824633247753903,0.356324944771033,1,"supported"
"Plectropomus_leopardus","M3","joint_bb",0.755795924947555,0.596858022491688,0.88141357977299,0.329653377853337,1,"supported"
"Gasterosteus_aculeatus","M3","joint_bb",0.514845264733956,0.257852065892302,0.764275459196774,0.0786612748600046,1,"unseen_category_extrapolation"
"Pungitius_pungitius","M3","joint_bb",0.514388574412367,0.191461714510066,0.828497364517069,0.0494516892428791,1,"unseen_category_extrapolation"
"Pungitius_sinensis","M3","joint_bb",0.512857525704,0.193159239072368,0.825265451934007,0.0503908416933278,1,"unseen_category_extrapolation"
"Dissostichus_eleginoides","M3","joint_bb",0.844381809356608,0.682969173470969,0.944110250264291,0.434977325040958,1,"supported"
"Dissostichus_mawsoni","M3","joint_bb",0.844381809356608,0.682969173470969,0.944110250264291,0.433642748516112,1,"supported"
"Notothenia_rossii","M3","joint_bb",0.844381809356608,0.682969173470969,0.944110250264291,0.424767446436142,1,"supported"
"Pagothenia_borchgrevinki","M3","joint_bb",0.821174920848848,0.566251589618157,0.956898237797163,0.352920999021849,1,"unseen_category_extrapolation"
"Trematomus_bernacchii","M3","joint_bb",0.821174920848848,0.566251589618157,0.956898237797163,0.346100863014276,1,"unseen_category_extrapolation"
"Etheostoma_cragini","M3","joint_bb",0.538609776342177,0.390555776092894,0.681834627551028,0.131782251114218,1,"supported"
"Perca_flavescens","M3","joint_bb",0.780606370329992,0.673292114079734,0.868532360755645,0.361970141937853,1,"supported"
"Perca_fluviatilis","M3","joint_bb",0.780606370329992,0.673292114079734,0.868532360755645,0.360628258773515,1,"supported"
"Sander_lucioperca","M3","joint_bb",0.780606370329992,0.673292114079734,0.868532360755645,0.368733425776818,1,"supported"
"Sander_vitreus","M3","joint_bb",0.780606370329992,0.673292114079734,0.868532360755645,0.364397429096215,1,"supported"
"Pholis_gunnellus","M3","joint_bb",0.877824604237323,0.697005764138125,0.968519677020837,0.476694054138401,1,"unseen_category_extrapolation"
"Sebastes_fasciatus","M3","joint_bb",0.552288245932107,0.266925286131046,0.81358995844723,0.0892449118038556,1,"unseen_category_extrapolation"
"Sebastes_schlegelii","M3","joint_bb",0.610947166834187,0.331790938721019,0.844376280186799,0.122470330294266,1,"unseen_category_extrapolation"
"Sebastes_umbrosus","M3","joint_bb",0.610947166834187,0.331790938721019,0.844376280186799,0.133856409476724,1,"unseen_category_extrapolation"
"Centropristis_striata","M3","joint_bb",0.703089942803634,0.544100316877627,0.83525219665277,0.259647765875488,1,"supported"
"Echiichthys_vipera","M3","joint_bb",0.765697375578306,0.700609915637326,0.824633247753903,0.360518309917431,1,"supported"
"Eutrigla_gurnardus","M3","joint_bb",0.769204630653736,0.54121609528268,0.917271157215228,0.296931594213829,1,"unseen_category_extrapolation"
"Lycodes_pacificus","M3","joint_bb",0.877824604237323,0.697005764138125,0.968519677020837,0.475281723151835,1,"unseen_category_extrapolation"
"Melanostigma_gelatinosum","M3","joint_bb",0.877824604237323,0.697005764138125,0.968519677020837,0.481078012997978,1,"unseen_category_extrapolation"
"Zoarces_viviparus","M3","joint_bb",0.877824604237323,0.697005764138125,0.968519677020837,0.481029661279947,1,"unseen_category_extrapolation"
"Erpetoichthys_calabaricus","M3","schemeA_tobit",0.522992617196361,0.0233891288901334,0.986088885710416,0,1,"missing_input_extrapolation"
"Polypterus_senegalus","M3","schemeA_tobit",0.522992617196361,0.0233891288901334,0.986088885710416,0,1,"missing_input_extrapolation"
"Acipenser_oxyrinchus","M3","schemeA_tobit",0.395146554869501,0.000462193496381673,0.991674939530555,0,1,"unseen_category_extrapolation"
"Acipenser_ruthenus","M3","schemeA_tobit",0.339004855864627,1.80411347731659e-05,0.992652471001654,0,1,"unseen_category_extrapolation"
"Acipenser_sinensis","M3","schemeA_tobit",0.395146554869501,0.000462193496381673,0.991674939530555,0,1,"unseen_category_extrapolation"
"Huso_huso","M3","schemeA_tobit",0.339004855864627,1.80411347731659e-05,0.992652471001654,0,1,"unseen_category_extrapolation"
"Polyodon_spathula","M3","schemeA_tobit",0.395146554869501,0.000462193496381673,0.991674939530555,0,1,"unseen_category_extrapolation"
"Amia_ocellicauda","M3","schemeA_tobit",0.229971444028355,7.72125178146944e-06,0.942148516346195,0,1,"unseen_category_extrapolation"
"Atractosteus_spatula","M3","schemeA_tobit",0.22550486218509,7.62894374415396e-06,0.93752699508178,0,1,"unseen_category_extrapolation"
"Lepisosteus_oculatus","M3","schemeA_tobit",0.425260589176065,0.000238491937314119,0.996627542155993,0,1,"unseen_category_extrapolation"
"Megalops_atlanticus","M3","schemeA_tobit",0.312028894716858,0.000518469620263207,0.942296559122763,0,1,"missing_input_extrapolation"
"Megalops_cyprinoides","M3","schemeA_tobit",0.312028894716858,0.000518469620263207,0.942296559122763,0,1,"missing_input_extrapolation"
"Albula_glossodonta","M3","schemeA_tobit",0.518257254894126,0.00382477325103592,0.997839767503167,0,1,"missing_input_extrapolation"
"Albula_goreensis","M3","schemeA_tobit",0.518257254894126,0.00382477325103592,0.997839767503167,0,1,"missing_input_extrapolation"
"Aldrovandia_affinis","M3","schemeA_tobit",0.517371298836741,0.000545381581328147,0.99974641978722,0,1,"unseen_category_extrapolation"
"Anguilla_anguilla","M3","schemeA_tobit",0.633429518345016,0.023343292557747,0.999094517890038,0,1,"missing_input_extrapolation"
"Anguilla_japonica","M3","schemeA_tobit",0.52074538050684,0.00431486660408488,0.997741802346611,0,1,"missing_input_extrapolation"
"Anguilla_rostrata","M3","schemeA_tobit",0.52074538050684,0.00431486660408488,0.997741802346611,0,1,"missing_input_extrapolation"
"Conger_conger","M3","schemeA_tobit",0.422964116269809,0.000238620473452489,0.996517514229994,0,1,"unseen_category_extrapolation"
"Gymnothorax_javanicus","M3","schemeA_tobit",0.424957648644044,0.00024962361801879,0.996843675530818,0,1,"unseen_category_extrapolation"
"Synaphobranchus_kaupii","M3","schemeA_tobit",0.517884177870219,0.00347644420802813,0.997896089007541,0,1,"missing_input_extrapolation"
"Arapaima_gigas","M3","schemeA_tobit",0.348406544759015,1.30984205340038e-06,0.997593137420992,0,1,"unseen_category_extrapolation"
"Brienomyrus_brachyistius","M3","schemeA_tobit",0.28484600903607,3.62261339171239e-07,0.993582816196603,0,1,"unseen_category_extrapolation"
"Paramormyrops_kingsleyae","M3","schemeA_tobit",0.361624667265448,1.4878232937011e-05,0.997026213552177,0,1,"unseen_category_extrapolation"
"Scleropages_formosus","M3","schemeA_tobit",0.334967383794898,9.62488049173446e-06,0.992966414612215,0,1,"unseen_category_extrapolation"
"Hiodon_alosoides","M3","schemeA_tobit",0.36296951868187,8.3126180422931e-06,0.997281105209932,0,1,"unseen_category_extrapolation"
"Alosa_alosa","M3","schemeA_tobit",0.335896252792344,1.70177506854967e-05,0.992055661169411,0,1,"unseen_category_extrapolation"
"Alosa_pseudoharengus","M3","schemeA_tobit",0.332041624934243,1.95011545874189e-05,0.990230000395398,0,1,"unseen_category_extrapolation"
"Alosa_sapidissima","M3","schemeA_tobit",0.335896252792344,1.70177506854967e-05,0.992055661169411,0,1,"unseen_category_extrapolation"
"Sardina_pilchardus","M3","schemeA_tobit",0.332041624934243,1.95011545874189e-05,0.990230000395398,0,1,"unseen_category_extrapolation"
"Clupea_harengus","M3","schemeA_tobit",0.390173097623015,0.000412749042076318,0.990961804002999,0,1,"unseen_category_extrapolation"
"Sprattus_sprattus","M3","schemeA_tobit",0.390173097623015,0.000412749042076318,0.990961804002999,0,1,"unseen_category_extrapolation"
"Denticeps_clupeoides","M3","schemeA_tobit",0.397239162319144,0.000394895569222912,0.990497143236974,0,1,"unseen_category_extrapolation"
"Coilia_grayii","M3","schemeA_tobit",0.335342236394749,8.51036811655043e-05,0.984187151087845,0,1,"missing_input_extrapolation"
"Coilia_mystus","M3","schemeA_tobit",0.426356866816942,0.00141422739475071,0.992744228118153,0,1,"missing_input_extrapolation"
"Engraulis_encrasicolus","M3","schemeA_tobit",0.522823330872358,0.00369846694295686,0.997997121741928,0,1,"missing_input_extrapolation"
"Chanos_chanos","M3","schemeA_tobit",0.232496936646525,0.000919791063216584,0.826910620454285,0,1,"missing_input_extrapolation"
"Myxocyprinus_asiaticus","M3","schemeA_tobit",0.2539975614598,0.0534383669937659,0.550679007446177,0,1,"missing_input_extrapolation"
"Xyrauchen_texanus","M3","schemeA_tobit",0.235405019056272,0.000574441860299475,0.840590070267865,0,1,"missing_input_extrapolation"
"Misgurnus_anguillicaudatus","M3","schemeA_tobit",0.220586764748085,8.31860331815437e-06,0.917622965770649,0,1,"unseen_category_extrapolation"
"Paramisgurnus_dabryanus","M3","schemeA_tobit",0.228091243935553,6.12312557214373e-06,0.937585529261532,0,1,"unseen_category_extrapolation"
"Abramis_brama","M3","schemeA_tobit",0.147153266177161,3.38268234654654e-05,0.738092326732116,0,1,"unseen_category_extrapolation"
"Barbus_barbus","M3","schemeA_tobit",0.0770160587599382,0.0077472614541249,0.227731461601844,0,0.713337685060892,"missing_input_extrapolation"
"Carassius_auratus","M3","schemeA_tobit",0.0770160587599382,0.0077472614541249,0.227731461601844,0,0.683051085952681,"missing_input_extrapolation"
"Carassius_carassius","M3","schemeA_tobit",0.0770160587599382,0.0077472614541249,0.227731461601844,0,0.677242584204724,"missing_input_extrapolation"
"Carassius_gibelio","M3","schemeA_tobit",0.0770160587599382,0.0077472614541249,0.227731461601844,0,0.696896931937744,"missing_input_extrapolation"
"Chanodichthys_erythropterus","M3","schemeA_tobit",0.0771045305949386,1.48719518465424e-05,0.41693548780653,0,0.771867180789078,"missing_input_extrapolation"
"Cirrhinus_molitorella","M3","schemeA_tobit",0.0770160587599382,0.0077472614541249,0.227731461601844,0,0.65509648636163,"missing_input_extrapolation"
"Ctenopharyngodon_idella","M3","schemeA_tobit",0.0771045305949386,1.48719518465424e-05,0.41693548780653,0,0.760697275323061,"missing_input_extrapolation"
"Culter_alburnus","M3","schemeA_tobit",0.0771045305949386,1.48719518465424e-05,0.41693548780653,0,0.790065265085166,"missing_input_extrapolation"
"Cyprinella_venusta","M3","schemeA_tobit",0.243545574533184,0.000240863864934667,0.884307082202829,0,1,"unseen_category_extrapolation"
"Cyprinus_carpio","M3","schemeA_tobit",0.0770160587599382,0.0077472614541249,0.227731461601844,0,0.694888460880625,"missing_input_extrapolation"
"Danio_aesculapii","M3","schemeA_tobit",0.2539975614598,0.0534383669937659,0.550679007446177,0,1,"missing_input_extrapolation"
"Danio_rerio","M3","schemeA_tobit",0.2539975614598,0.0534383669937659,0.550679007446177,0,1,"missing_input_extrapolation"
"Garra_rufa","M3","schemeA_tobit",0.0770160587599382,0.0077472614541249,0.227731461601844,0,0.687895914701972,"missing_input_extrapolation"
"Hemiculter_leucisculus","M3","schemeA_tobit",0.274845657149339,1.80754335769321e-05,0.967394824727498,0,1,"unseen_category_extrapolation"
"Labeo_rohita","M3","schemeA_tobit",0.430661533363673,0.00166538246062558,0.993000553705858,0,1,"missing_input_extrapolation"
"Leuciscus_chuanchicus","M3","schemeA_tobit",0.147153266177161,3.38268234654654e-05,0.738092326732116,0,1,"unseen_category_extrapolation"
"Leuciscus_leuciscus","M3","schemeA_tobit",0.147153266177161,3.38268234654654e-05,0.738092326732116,0,1,"unseen_category_extrapolation"
"Leuciscus_waleckii","M3","schemeA_tobit",0.147153266177161,3.38268234654654e-05,0.738092326732116,0,1,"unseen_category_extrapolation"
"Megalobrama_amblycephala","M3","schemeA_tobit",0.147153266177161,3.38268234654654e-05,0.738092326732116,0,1,"unseen_category_extrapolation"
"Mylopharyngodon_piceus","M3","schemeA_tobit",0.0771045305949386,1.48719518465424e-05,0.41693548780653,0,0.759563044161599,"missing_input_extrapolation"
"Onychostoma_macrolepis","M3","schemeA_tobit",0.0770160587599382,0.0077472614541249,0.227731461601844,0,0.678006908809479,"missing_input_extrapolation"
"Phoxinus_phoxinus","M3","schemeA_tobit",0.147153266177161,3.38268234654654e-05,0.738092326732116,0,1,"unseen_category_extrapolation"
"Pimephales_promelas","M3","schemeA_tobit",0.274845657149339,1.80754335769321e-05,0.967394824727498,0,1,"unseen_category_extrapolation"
"Pseudorasbora_parva","M3","schemeA_tobit",0.145374494507946,3.08429067662769e-05,0.726470964957627,0,1,"unseen_category_extrapolation"
"Puntigrus_tetrazona","M3","schemeA_tobit",0.0770160587599382,0.0077472614541249,0.227731461601844,0,0.713813206416572,"missing_input_extrapolation"
"Rutilus_rutilus","M3","schemeA_tobit",0.147153266177161,3.38268234654654e-05,0.738092326732116,0,1,"unseen_category_extrapolation"
"Scardinius_erythrophthalmus","M3","schemeA_tobit",0.147153266177161,3.38268234654654e-05,0.738092326732116,0,1,"unseen_category_extrapolation"
"Sinocyclocheilus_anshuiensis","M3","schemeA_tobit",0.0770160587599382,0.0077472614541249,0.227731461601844,0,0.663592612664453,"missing_input_extrapolation"
"Sinocyclocheilus_grahami","M3","schemeA_tobit",0.147840529789148,0.00160501980639992,0.576451958360653,0,1,"missing_input_extrapolation"
"Sinocyclocheilus_rhinocerous","M3","schemeA_tobit",0.0770160587599382,0.0077472614541249,0.227731461601844,0,0.651416571984174,"missing_input_extrapolation"
"Siphateles_boraxobius","M3","schemeA_tobit",0.147153266177161,3.38268234654654e-05,0.738092326732116,0,1,"unseen_category_extrapolation"
"Squalius_cephalus","M3","schemeA_tobit",0.147153266177161,3.38268234654654e-05,0.738092326732116,0,1,"unseen_category_extrapolation"
"Gobio_gobio","M3","schemeA_tobit",0.227879750590617,8.36579542388771e-06,0.93141267477084,0,1,"unseen_category_extrapolation"
"Rhinichthys_klamathensis","M3","schemeA_tobit",0.147153266177161,3.38268234654654e-05,0.738092326732116,0,1,"unseen_category_extrapolation"
"Barbatula_barbatula","M3","schemeA_tobit",0.224410071323896,9.13551621437692e-06,0.924031514962842,0,1,"unseen_category_extrapolation"
"Triplophysa_dalaica","M3","schemeA_tobit",0.335368678670886,1.82849742908053e-05,0.99032974760528,0,1,"unseen_category_extrapolation"
"Triplophysa_rosa","M3","schemeA_tobit",0.309084988745344,0.000127626065776891,0.961704067619305,0,1,"unseen_category_extrapolation"
"Astyanax_lacustris","M3","schemeA_tobit",0.621343845808299,0.141694148187625,0.967244761275504,0,1,"missing_input_extrapolation"
"Astyanax_mexicanus","M3","schemeA_tobit",0.621343845808299,0.141694148187625,0.967244761275504,0,1,"missing_input_extrapolation"
"Salminus_brasiliensis","M3","schemeA_tobit",0.621343845808299,0.141694148187625,0.967244761275504,0,1,"missing_input_extrapolation"
"Hoplias_malabaricus","M3","schemeA_tobit",0.521793695524445,0.001041726616141,0.999394650356668,0,1,"unseen_category_extrapolation"
"Prochilodus_magdalenae","M3","schemeA_tobit",0.381031343260929,0.000190542948365939,0.990874446367745,0,1,"missing_input_extrapolation"
"Acnodon_oligacanthus","M3","schemeA_tobit",0.621343845808299,0.141694148187625,0.967244761275504,0,1,"missing_input_extrapolation"
"Colossoma_macropomum","M3","schemeA_tobit",0.621343845808299,0.141694148187625,0.967244761275504,0,1,"missing_input_extrapolation"
"Metynnis_hypsauchen","M3","schemeA_tobit",0.621343845808299,0.141694148187625,0.967244761275504,0,1,"missing_input_extrapolation"
"Pygocentrus_nattereri","M3","schemeA_tobit",0.621343845808299,0.141694148187625,0.967244761275504,0,1,"missing_input_extrapolation"
"Serrasalmus_rhombeus","M3","schemeA_tobit",0.597478503667332,0.0213048425703898,0.997712366876806,0,1,"unseen_category_extrapolation"
"Electrophorus_electricus","M3","schemeA_tobit",0.428126784943704,2.95981271878093e-05,0.999409896228028,0,1,"unseen_category_extrapolation"
"Electrophorus_voltai","M3","schemeA_tobit",0.521793695524445,0.001041726616141,0.999394650356668,0,1,"unseen_category_extrapolation"
"Brachyhypopomus_gauderio","M3","schemeA_tobit",0.521793695524445,0.001041726616141,0.999394650356668,0,1,"unseen_category_extrapolation"
"Neoarius_graeffei","M3","schemeA_tobit",0.621343845808299,0.141694148187625,0.967244761275504,0,1,"missing_input_extrapolation"
"Hemibagrus_guttatus","M3","schemeA_tobit",0.161903670385306,2.04378571113467e-06,0.815969068092172,0,1,"missing_input_extrapolation"
"Hemibagrus_wyckioides","M3","schemeA_tobit",0.161903670385306,2.04378571113467e-06,0.815969068092172,0,1,"missing_input_extrapolation"
"Tachysurus_fulvidraco","M3","schemeA_tobit",0.621343845808299,0.141694148187625,0.967244761275504,0,1,"missing_input_extrapolation"
"Tachysurus_vachellii","M3","schemeA_tobit",0.621343845808299,0.141694148187625,0.967244761275504,0,1,"missing_input_extrapolation"
"Clarias_gariepinus","M3","schemeA_tobit",0.307055172034302,0.000120757778143214,0.968662828019562,0,1,"unseen_category_extrapolation"
"Clarias_magur","M3","schemeA_tobit",0.307055172034302,0.000120757778143214,0.968662828019562,0,1,"unseen_category_extrapolation"
"Ictalurus_furcatus","M3","schemeA_tobit",0.354108414180166,0.00108983558789709,0.970843284866074,0,1,"unseen_category_extrapolation"
"Ictalurus_punctatus","M3","schemeA_tobit",0.270362900911647,4.90015073394049e-05,0.946883931921728,0,1,"unseen_category_extrapolation"
"Pangasianodon_gigas","M3","schemeA_tobit",0.479381695075698,0.00605211851790645,0.991979127852151,0,1,"missing_input_extrapolation"
"Pangasianodon_hypophthalmus","M3","schemeA_tobit",0.621343845808299,0.141694148187625,0.967244761275504,0,1,"missing_input_extrapolation"
"Silurus_aristotelis","M3","schemeA_tobit",0.621343845808299,0.141694148187625,0.967244761275504,0,1,"missing_input_extrapolation"
"Silurus_asotus","M3","schemeA_tobit",0.621343845808299,0.141694148187625,0.967244761275504,0,1,"missing_input_extrapolation"
"Silurus_meridionalis","M3","schemeA_tobit",0.621343845808299,0.141694148187625,0.967244761275504,0,1,"missing_input_extrapolation"
"Trichomycterus_rosablanca","M3","schemeA_tobit",0.477063582488714,0.00550907181327136,0.992401255085252,0,1,"missing_input_extrapolation"
"Nansenia_antarctica","M3","schemeA_tobit",0.304354126666874,3.90897569346312e-05,0.978271844468355,0,1,"unseen_category_extrapolation"
"Galaxias_brevipinnis","M3","schemeA_tobit",0.42275308729242,0.000123264990501233,0.997955985623832,0,1,"unseen_category_extrapolation"
"Coregonus_albula","M3","schemeA_tobit",0.357347574889009,0.0026778990260029,0.951844210004357,0,1,"missing_input_extrapolation"
"Coregonus_clupeaformis","M3","schemeA_tobit",0.357347574889009,0.0026778990260029,0.951844210004357,0,1,"missing_input_extrapolation"
"Coregonus_lavaretus","M3","schemeA_tobit",0.357347574889009,0.0026778990260029,0.951844210004357,0,1,"missing_input_extrapolation"
"Coregonus_suidteri","M3","schemeA_tobit",0.357347574889009,0.0026778990260029,0.951844210004357,0,1,"missing_input_extrapolation"
"Oncorhynchus_clarkii","M3","schemeA_tobit",0.357347574889009,0.0026778990260029,0.951844210004357,0,1,"missing_input_extrapolation"
"Oncorhynchus_gorbuscha","M3","schemeA_tobit",0.357347574889009,0.0026778990260029,0.951844210004357,0,1,"missing_input_extrapolation"
"Oncorhynchus_keta","M3","schemeA_tobit",0.357347574889009,0.0026778990260029,0.951844210004357,0,1,"missing_input_extrapolation"
"Oncorhynchus_kisutch","M3","schemeA_tobit",0.357347574889009,0.0026778990260029,0.951844210004357,0,1,"missing_input_extrapolation"
"Oncorhynchus_masou","M3","schemeA_tobit",0.357347574889009,0.0026778990260029,0.951844210004357,0,1,"missing_input_extrapolation"
"Oncorhynchus_mykiss","M3","schemeA_tobit",0.357347574889009,0.0026778990260029,0.951844210004357,0,1,"missing_input_extrapolation"
"Oncorhynchus_nerka","M3","schemeA_tobit",0.357347574889009,0.0026778990260029,0.951844210004357,0,1,"missing_input_extrapolation"
"Oncorhynchus_tshawytscha","M3","schemeA_tobit",0.357347574889009,0.0026778990260029,0.951844210004357,0,1,"missing_input_extrapolation"
"Salmo_salar","M3","schemeA_tobit",0.357347574889009,0.0026778990260029,0.951844210004357,0,1,"missing_input_extrapolation"
"Salmo_trutta","M3","schemeA_tobit",0.357347574889009,0.0026778990260029,0.951844210004357,0,1,"missing_input_extrapolation"
"Salvelinus_alpinus","M3","schemeA_tobit",0.357347574889009,0.0026778990260029,0.951844210004357,0,1,"missing_input_extrapolation"
"Salvelinus_fontinalis","M3","schemeA_tobit",0.357347574889009,0.0026778990260029,0.951844210004357,0,1,"missing_input_extrapolation"
"Salvelinus_namaycush","M3","schemeA_tobit",0.357347574889009,0.0026778990260029,0.951844210004357,0,1,"missing_input_extrapolation"
"Dallia_pectoralis","M3","schemeA_tobit",0.315164545379119,0.00083256601436898,0.937425907465892,0,1,"missing_input_extrapolation"
"Esox_lucius","M3","schemeA_tobit",0.313870976609685,0.000169473400380459,0.969572204321029,0,1,"unseen_category_extrapolation"
"Umbra_pygmaea","M3","schemeA_tobit",0.357347574889009,0.0026778990260029,0.951844210004357,0,1,"missing_input_extrapolation"
"Hypomesus_nipponensis","M3","schemeA_tobit",0.624211847863756,0.00846641113609751,0.999915125489588,0,1,"unseen_category_extrapolation"
"Hypomesus_transpacificus","M3","schemeA_tobit",0.624067470861383,0.0101195942885738,0.999895760853498,0,1,"unseen_category_extrapolation"
"Osmerus_eperlanus","M3","schemeA_tobit",0.624211847863756,0.00846641113609751,0.999915125489588,0,1,"unseen_category_extrapolation"
"Osmerus_mordax","M3","schemeA_tobit",0.624211847863756,0.00846641113609751,0.999915125489588,0,1,"unseen_category_extrapolation"
"Benthosema_glaciale","M3","schemeA_tobit",0.709221159046614,0.0371189046844469,0.999930381071119,0,1,"unseen_category_extrapolation"
"Electrona_antarctica","M3","schemeA_tobit",0.623707027395767,0.0413701137291447,0.996825501389358,0,1,"unseen_category_extrapolation"
"Gymnoscopelus_braueri","M3","schemeA_tobit",0.623707027395767,0.0413701137291447,0.996825501389358,0,1,"unseen_category_extrapolation"
"Gymnoscopelus_microlampas","M3","schemeA_tobit",0.623707027395767,0.0413701137291447,0.996825501389358,0,1,"unseen_category_extrapolation"
"Nannobrachium_achirus","M3","schemeA_tobit",0.623413344139089,0.0375361534961914,0.996808786615875,0,1,"unseen_category_extrapolation"
"Protomyctophum_bolini","M3","schemeA_tobit",0.623707027395767,0.0413701137291447,0.996825501389358,0,1,"unseen_category_extrapolation"
"Protomyctophum_parallelum","M3","schemeA_tobit",0.623707027395767,0.0413701137291447,0.996825501389358,0,1,"unseen_category_extrapolation"
"Polymixia_hollisterae","M3","schemeA_tobit",0.229453395308367,0.00131259297201325,0.80826660869723,0,1,"unseen_category_extrapolation"
"Polymixia_lowei","M3","schemeA_tobit",0.30484872019896,0.0033653979862418,0.880387689154586,0,1,"unseen_category_extrapolation"
"Centroberyx_affinis","M3","schemeA_tobit",0.386304232873688,0.000914812327594418,0.981257190623801,0,1,"unseen_category_extrapolation"
"Centroberyx_gerrardi","M3","schemeA_tobit",0.390873222701887,0.00132690664793177,0.980741012611129,0,1,"unseen_category_extrapolation"
"Poromitra_crassiceps","M3","schemeA_tobit",0.505543538834329,4.32520609407059e-05,0.999975531827292,0,1,"unseen_category_extrapolation"
"Myripristis_murdjan","M3","schemeA_tobit",0.457621880901387,0.0186904124533156,0.959718753726883,0,1,"unseen_category_extrapolation"
"Lucifuga_dentata","M3","schemeA_tobit",0.364308365025963,0.00447774549723796,0.934281627489793,0,1,"unseen_category_extrapolation"
"Genypterus_blacodes","M3","schemeA_tobit",0.401791251266628,6.30406043829768e-05,0.996685278138033,0,1,"unseen_category_extrapolation"
"Arripis_georgiana","M3","schemeA_tobit",0.87792599461793,0.740061306133149,0.963576973707571,0.19760039292779,1,"supported"
"Katsuwonus_pelamis","M3","schemeA_tobit",0.811580512108482,0.727077027843786,0.881211017925155,0.0664748136774728,1,"supported"
"Sarda_sarda","M3","schemeA_tobit",0.629603661151912,0.494344017995276,0.754051129753213,0,1,"supported"
"Scomber_japonicus","M3","schemeA_tobit",0.890267040764373,0.664804885805124,0.990210007913492,0.188888564423846,1,"supported"
"Scomber_scombrus","M3","schemeA_tobit",0.919688689721331,0.646559715306205,0.999231173523956,0.242846389022065,1,"supported"
"Thunnus_alalunga","M3","schemeA_tobit",0.811580512108482,0.727077027843786,0.881211017925155,0.0718957616008308,1,"supported"
"Thunnus_albacares","M3","schemeA_tobit",0.811580512108482,0.727077027843786,0.881211017925155,0.0445407461235892,1,"supported"
"Thunnus_atlanticus","M3","schemeA_tobit",0.811580512108482,0.727077027843786,0.881211017925155,0.0579054285554641,1,"supported"
"Thunnus_maccoyii","M3","schemeA_tobit",0.811580512108482,0.727077027843786,0.881211017925155,0.0826641588181561,1,"supported"
"Thunnus_obesus","M3","schemeA_tobit",0.811580512108482,0.727077027843786,0.881211017925155,0.0650906280083892,1,"supported"
"Thunnus_orientalis","M3","schemeA_tobit",0.811580512108482,0.727077027843786,0.881211017925155,0.078615175619398,1,"supported"
"Thunnus_thynnus","M3","schemeA_tobit",0.811580512108482,0.727077027843786,0.881211017925155,0.037273382343339,1,"supported"
"Thunnus_tonggol","M3","schemeA_tobit",0.811580512108482,0.727077027843786,0.881211017925155,0.0727728901251167,1,"supported"
"Pampus_argenteus","M3","schemeA_tobit",0.629603661151912,0.494344017995276,0.754051129753213,0,1,"supported"
"Pampus_punctatissimus","M3","schemeA_tobit",0.629603661151912,0.494344017995276,0.754051129753213,0,1,"supported"
"Aulostomus_chinensis","M3","schemeA_tobit",0.267353088941925,8.22849294006827e-05,0.945560412616112,0,1,"unseen_category_extrapolation"
"Fistularia_commersonii","M3","schemeA_tobit",0.399987465617973,0.00737058410795045,0.946300078610437,0,1,"unseen_category_extrapolation"
"Pterapogon_kauderni","M3","schemeA_tobit",0.956038081001949,0.801446801091084,0.999736877733166,0.460551046077266,1,"supported"
"Sphaeramia_orbicularis","M3","schemeA_tobit",0.90023394741291,0.479366176573702,0.999889649618885,0.0918912119256601,1,"supported"
"Oxyeleotris_marmorata","M3","schemeA_tobit",0.619234992734523,0.257635013988496,0.910838693527617,0,1,"supported"
"Boleophthalmus_pectinirostris","M3","schemeA_tobit",0.619234992734523,0.257635013988496,0.910838693527617,0,1,"supported"
"Eucyclogobius_newberryi","M3","schemeA_tobit",0.585134516736018,0.052719584370412,0.988540577711942,0,1,"unseen_category_extrapolation"
"Gobius_niger","M3","schemeA_tobit",0.670536984128579,0.085359233451931,0.996988772441843,0,1,"unseen_category_extrapolation"
"Knipowitschia_caucasica","M3","schemeA_tobit",0.589827032766842,0.0513192769187826,0.988834905408061,0,1,"unseen_category_extrapolation"
"Mugilogobius_chulae","M3","schemeA_tobit",0.585134516736018,0.052719584370412,0.988540577711942,0,1,"unseen_category_extrapolation"
"Periophthalmus_magnuspinnatus","M3","schemeA_tobit",0.585134516736018,0.052719584370412,0.988540577711942,0,1,"unseen_category_extrapolation"
"Mastacembelus_armatus","M3","schemeA_tobit",0.811580512108482,0.727077027843786,0.881211017925155,0.0341631411800997,1,"supported"
"Monopterus_albus","M3","schemeA_tobit",0.667322079138958,0.398356683146242,0.881101443647205,0,1,"supported"
"Anabas_testudineus","M3","schemeA_tobit",0.445165015819132,0.224135519613453,0.67667192726715,0,1,"supported"
"Channa_argus","M3","schemeA_tobit",0.445165015819132,0.224135519613453,0.67667192726715,0,1,"supported"
"Channa_striata","M3","schemeA_tobit",0.608059575074219,0.228173744013171,0.921570143250293,0,1,"supported"
"Betta_splendens","M3","schemeA_tobit",0.40412994758684,9.43461459142564e-05,0.994797497925655,0,1,"unseen_category_extrapolation"
"Trichopodus_trichopterus","M3","schemeA_tobit",0.34328393332016,0.0706434237941565,0.709082966872418,0,1,"supported"
"Lates_calcarifer","M3","schemeA_tobit",0.695735956014508,0.442098963789001,0.899465534272314,0,1,"missing_input_extrapolation"
"Lates_japonicus","M3","schemeA_tobit",0.629603661151912,0.494344017995276,0.754051129753213,0,1,"supported"
"Eleutheronema_tetradactylum","M3","schemeA_tobit",0.611873511273509,0.355837126710856,0.836369053953315,0,1,"supported"
"Toxotes_jaculatrix","M3","schemeA_tobit",0.960547377106179,0.909990983554401,0.989350785723056,0.513040161890216,1,"supported"
"Xiphias_gladius","M3","schemeA_tobit",0.808851852001857,0.261813808864904,0.999333189779324,0,1,"unseen_category_extrapolation"
"Caranx_melampygus","M3","schemeA_tobit",0.49390618135582,0.0260564957749714,0.968302008825248,0,1,"unseen_category_extrapolation"
"Seriola_dumerili","M3","schemeA_tobit",0.629603661151912,0.494344017995276,0.754051129753213,0,1,"supported"
"Seriola_lalandi","M3","schemeA_tobit",0.629603661151912,0.494344017995276,0.754051129753213,0,1,"supported"
"Trachinotus_anak","M3","schemeA_tobit",0.811580512108482,0.727077027843786,0.881211017925155,0.0553132010556577,1,"supported"
"Trachurus_japonicus","M3","schemeA_tobit",0.297440607468153,0.0927626617110535,0.563376574118515,0,1,"supported"
"Trachurus_trachurus","M3","schemeA_tobit",0.297440607468153,0.0927626617110535,0.563376574118515,0,1,"supported"
"Echeneis_naucrates","M3","schemeA_tobit",0.890267040764373,0.664804885805124,0.990210007913492,0.190867263766685,1,"supported"
"Paralichthys_olivaceus","M3","schemeA_tobit",0.659037244536739,0.359312103635896,0.899166478852096,0,1,"supported"
"Hippoglossus_hippoglossus","M3","schemeA_tobit",0.659037244536739,0.359312103635896,0.899166478852096,0,1,"supported"
"Hippoglossus_stenolepis","M3","schemeA_tobit",0.659037244536739,0.359312103635896,0.899166478852096,0,1,"supported"
"Limanda_limanda","M3","schemeA_tobit",0.659037244536739,0.359312103635896,0.899166478852096,0,1,"supported"
"Platichthys_flesus","M3","schemeA_tobit",0.659037244536739,0.359312103635896,0.899166478852096,0,1,"supported"
"Platichthys_stellatus","M3","schemeA_tobit",0.659037244536739,0.359312103635896,0.899166478852096,0,1,"supported"
"Pleuronectes_platessa","M3","schemeA_tobit",0.659037244536739,0.359312103635896,0.899166478852096,0,1,"supported"
"Scophthalmus_maximus","M3","schemeA_tobit",0.629603661151912,0.494344017995276,0.754051129753213,0,1,"supported"
"Microchirus_variegatus","M3","schemeA_tobit",0.51042136102815,0.033346412014069,0.969428482280605,0,1,"missing_input_extrapolation"
"Solea_senegalensis","M3","schemeA_tobit",0.51042136102815,0.033346412014069,0.969428482280605,0,1,"missing_input_extrapolation"
"Solea_solea","M3","schemeA_tobit",0.51042136102815,0.033346412014069,0.969428482280605,0,1,"missing_input_extrapolation"
"Parambassis_ranga","M3","schemeA_tobit",0.960547377106179,0.909990983554401,0.989350785723056,0.530074087818988,1,"supported"
"Brachyistius_frenatus","M3","schemeA_tobit",0.809991766796061,0.260249298721015,0.999336490793185,0,1,"unseen_category_extrapolation"
"Embiotoca_jacksoni","M3","schemeA_tobit",0.809991766796061,0.260249298721015,0.999336490793185,0,1,"unseen_category_extrapolation"
"Acanthochromis_polyacanthus","M3","schemeA_tobit",0.762495826086871,0.165752524557016,0.999030869279798,0,1,"unseen_category_extrapolation"
"Amphiprion_ocellaris","M3","schemeA_tobit",0.762495826086871,0.165752524557016,0.999030869279798,0,1,"unseen_category_extrapolation"
"Stegastes_partitus","M3","schemeA_tobit",0.977549813976834,0.919754449575923,0.998139122582599,0.661044153475637,1,"supported"
"Andinoacara_rivulatus","M3","schemeA_tobit",0.811580512108482,0.727077027843786,0.881211017925155,0.074232902160231,1,"supported"
"Archocentrus_centrarchus","M3","schemeA_tobit",0.811580512108482,0.727077027843786,0.881211017925155,0.056511875705188,1,"supported"
"Astatotilapia_burtoni","M3","schemeA_tobit",0.811580512108482,0.727077027843786,0.881211017925155,0.0468753474184797,1,"supported"
"Astatotilapia_calliptera","M3","schemeA_tobit",0.811580512108482,0.727077027843786,0.881211017925155,0.0502727424174741,1,"supported"
"Astronotus_ocellatus","M3","schemeA_tobit",0.811580512108482,0.727077027843786,0.881211017925155,0.0470453906360788,1,"supported"
"Aulonocara_stuartgranti","M3","schemeA_tobit",0.811580512108482,0.727077027843786,0.881211017925155,0.0715018879010488,1,"supported"
"Copadichromis_virginalis","M3","schemeA_tobit",0.811580512108482,0.727077027843786,0.881211017925155,0.0666085037529379,1,"supported"
"Diplotaxodon_limnothrissa","M3","schemeA_tobit",0.811580512108482,0.727077027843786,0.881211017925155,0.0432057900844048,1,"supported"
"Haplochromis_nyererei","M3","schemeA_tobit",0.811580512108482,0.727077027843786,0.881211017925155,0.0638345939624655,1,"supported"
"Maylandia_zebra","M3","schemeA_tobit",0.811580512108482,0.727077027843786,0.881211017925155,0.0527557323473326,1,"supported"
"Mchenga_conophoros","M3","schemeA_tobit",0.811580512108482,0.727077027843786,0.881211017925155,0.0820008931930884,1,"supported"
"Neolamprologus_brichardi","M3","schemeA_tobit",0.811580512108482,0.727077027843786,0.881211017925155,0.0864104176621177,1,"supported"
"Neolamprologus_multifasciatus","M3","schemeA_tobit",0.811580512108482,0.727077027843786,0.881211017925155,0.0368131467670483,1,"supported"
"Oreochromis_aureus","M3","schemeA_tobit",0.811580512108482,0.727077027843786,0.881211017925155,0.0665204380490456,1,"supported"
"Oreochromis_niloticus","M3","schemeA_tobit",0.811580512108482,0.727077027843786,0.881211017925155,0.0606985143050673,1,"supported"
"Pelmatolapia_mariae","M3","schemeA_tobit",0.811580512108482,0.727077027843786,0.881211017925155,0.0448970808494425,1,"supported"
"Perissodus_microlepis","M3","schemeA_tobit",0.811580512108482,0.727077027843786,0.881211017925155,0.0491138900735506,1,"supported"
"Pterophyllum_scalare","M3","schemeA_tobit",0.811580512108482,0.727077027843786,0.881211017925155,0.0446188480141204,1,"supported"
"Rhamphochromis_longiceps","M3","schemeA_tobit",0.811580512108482,0.727077027843786,0.881211017925155,0.0517215697162349,1,"supported"
"Sarotherodon_galilaeus","M3","schemeA_tobit",0.811580512108482,0.727077027843786,0.881211017925155,0.050949603564399,1,"supported"
"Simochromis_diagramma","M3","schemeA_tobit",0.811580512108482,0.727077027843786,0.881211017925155,0.0686308563023935,1,"supported"
"Leuresthes_tenuis","M3","schemeA_tobit",0.730140655328743,0.139125706320168,0.998200980724737,0,1,"missing_input_extrapolation"
"Menidia_menidia","M3","schemeA_tobit",0.445165015819132,0.224135519613453,0.67667192726715,0,1,"supported"
"Odontesthes_bonariensis","M3","schemeA_tobit",0.367104987341311,0.00525915111379945,0.935066959974099,0,1,"missing_input_extrapolation"
"Melanotaenia_boesemani","M3","schemeA_tobit",0.366275018555968,0.00992220783831209,0.906652562348015,0,1,"unseen_category_extrapolation"
"Telmatherina_bonti","M3","schemeA_tobit",0.367735907559903,0.0106914985544523,0.913024976959907,0,1,"unseen_category_extrapolation"
"Oryzias_javanicus","M3","schemeA_tobit",0.230472359336247,0.00122331689738763,0.815637320473713,0,1,"unseen_category_extrapolation"
"Oryzias_latipes","M3","schemeA_tobit",0.282587550817827,0.00188581397821143,0.880874254119377,0,1,"missing_input_extrapolation"
"Oryzias_melastigma","M3","schemeA_tobit",0.230472359336247,0.00122331689738763,0.815637320473713,0,1,"unseen_category_extrapolation"
"Xenentodon_cancila","M3","schemeA_tobit",0.755626222377574,0.450292228527991,0.953404107180361,0,1,"supported"
"Cololabis_saira","M3","schemeA_tobit",0.670936637733971,0.0850299423225338,0.997248346680653,0,1,"unseen_category_extrapolation"
"Anableps_anableps","M3","schemeA_tobit",0.166737019238645,0.0470663967972305,0.35644180429401,0,0.92377732906799,"supported"
"Cyprinodon_tularosa","M3","schemeA_tobit",0.366752117430529,0.00966215085899179,0.913774521632188,0,1,"unseen_category_extrapolation"
"Cyprinodon_variegatus","M3","schemeA_tobit",0.366752117430529,0.00966215085899179,0.913774521632188,0,1,"unseen_category_extrapolation"
"Fundulus_diaphanus","M3","schemeA_tobit",0.327943131493182,0.177642358046417,0.503403772608686,0,1,"supported"
"Fundulus_heteroclitus","M3","schemeA_tobit",0.327943131493182,0.177642358046417,0.503403772608686,0,1,"supported"
"Ameca_splendens","M3","schemeA_tobit",0.658632496400474,0.414997983819211,0.86579058929602,0,1,"supported"
"Crenichthys_baileyi","M3","schemeA_tobit",0.327943131493182,0.177642358046417,0.503403772608686,0,1,"supported"
"Girardinichthys_multiradiatus","M3","schemeA_tobit",0.809000805527815,0.46096461062483,0.983667797453621,0,1,"supported"
"Nothobranchius_furzeri","M3","schemeA_tobit",0.710712248715799,0.0487114964120175,0.999813697815134,0,1,"unseen_category_extrapolation"
"Nothobranchius_kadleci","M3","schemeA_tobit",0.709891444201459,0.0510863877579603,0.999784625707876,0,1,"unseen_category_extrapolation"
"Nothobranchius_pienaari","M3","schemeA_tobit",0.706556646404807,0.0491436575206363,0.999775499017538,0,1,"unseen_category_extrapolation"
"Nothobranchius_rachovii","M3","schemeA_tobit",0.706556646404807,0.0491436575206363,0.999775499017538,0,1,"unseen_category_extrapolation"
"Gambusia_affinis","M3","schemeA_tobit",0.327943131493182,0.177642358046417,0.503403772608686,0,1,"supported"
"Gambusia_holbrooki","M3","schemeA_tobit",0.327943131493182,0.177642358046417,0.503403772608686,0,1,"supported"
"Poecilia_formosa","M3","schemeA_tobit",0.327943131493182,0.177642358046417,0.503403772608686,0,1,"supported"
"Poecilia_latipinna","M3","schemeA_tobit",0.327943131493182,0.177642358046417,0.503403772608686,0,1,"supported"
"Poecilia_mexicana","M3","schemeA_tobit",0.327943131493182,0.177642358046417,0.503403772608686,0,1,"supported"
"Poecilia_reticulata","M3","schemeA_tobit",0.327943131493182,0.177642358046417,0.503403772608686,0,1,"supported"
"Poeciliopsis_prolifica","M3","schemeA_tobit",0.368406122611661,0.00956295587754238,0.922571147168074,0,1,"unseen_category_extrapolation"
"Poropanchax_normani","M3","schemeA_tobit",0.327943131493182,0.177642358046417,0.503403772608686,0,1,"supported"
"Xiphophorus_couchianus","M3","schemeA_tobit",0.327943131493182,0.177642358046417,0.503403772608686,0,1,"supported"
"Xiphophorus_hellerii","M3","schemeA_tobit",0.327943131493182,0.177642358046417,0.503403772608686,0,1,"supported"
"Xiphophorus_maculatus","M3","schemeA_tobit",0.327943131493182,0.177642358046417,0.503403772608686,0,1,"supported"
"Austrofundulus_limnaeus","M3","schemeA_tobit",0.804850163046464,0.174825323228561,0.999956267753366,0,1,"missing_input_extrapolation"
"Kryptolebias_marmoratus","M3","schemeA_tobit",0.744521788711856,0.18772745968117,0.997259458242989,0,1,"unseen_category_extrapolation"
"Nematolebias_whitei","M3","schemeA_tobit",0.367500331421905,0.00842216033895656,0.916484195323308,0,1,"unseen_category_extrapolation"
"Chelon_labrosus","M3","schemeA_tobit",0.499692109716701,0.0310928761678048,0.971161775326301,0,1,"unseen_category_extrapolation"
"Mugil_cephalus","M3","schemeA_tobit",0.868845231362735,0.639242016026204,0.985700975694689,0.141045182123548,1,"supported"
"Planiliza_haematocheilus","M3","schemeA_tobit",0.868845231362735,0.639242016026204,0.985700975694689,0.122029602558762,1,"supported"
"Gouania_willdenowi","M3","schemeA_tobit",0.628364548545195,0.0732329422421213,0.99133193340726,0,1,"unseen_category_extrapolation"
"Blennius_ocellaris","M3","schemeA_tobit",0.814605958864548,0.260726090541451,0.999430878317906,0,1,"unseen_category_extrapolation"
"Lipophrys_pholis","M3","schemeA_tobit",0.814605958864548,0.260726090541451,0.999430878317906,0,1,"unseen_category_extrapolation"
"Ophioblennius_macclurei","M3","schemeA_tobit",0.73686189441041,0.576884520090967,0.868663806410318,0,1,"supported"
"Salarias_fasciatus","M3","schemeA_tobit",0.565056817154913,0.0624546632974618,0.980184343702287,0,1,"missing_input_extrapolation"
"Cristiceps_australis","M3","schemeA_tobit",0.472317113344266,0.0186561585335659,0.972127349491968,0,1,"unseen_category_extrapolation"
"Dicentrarchus_labrax","M3","schemeA_tobit",0.102818881237484,0.00396605807620081,0.357924777294369,0,0.793371865897268,"supported"
"Morone_saxatilis","M3","schemeA_tobit",0.355545645507565,0.0525376561409058,0.768932450889716,0,1,"supported"
"Scatophagus_argus","M3","schemeA_tobit",0.960547377106179,0.909990983554401,0.989350785723056,0.56002485079961,1,"supported"
"Collichthys_lucidus","M3","schemeA_tobit",0.747719715367894,0.202194864235015,0.996842017538789,0,1,"unseen_category_extrapolation"
"Larimichthys_crocea","M3","schemeA_tobit",0.629603661151912,0.494344017995276,0.754051129753213,0,1,"supported"
"Nibea_albiflora","M3","schemeA_tobit",0.629603661151912,0.494344017995276,0.754051129753213,0,1,"supported"
"Sciaenops_ocellatus","M3","schemeA_tobit",0.629603661151912,0.494344017995276,0.754051129753213,0,1,"supported"
"Siganus_canaliculatus","M3","schemeA_tobit",0.46119742644784,0.0229249234768651,0.957467199450675,0,1,"unseen_category_extrapolation"
"Ammodytes_marinus","M3","schemeA_tobit",0.858010190700286,0.295966218739175,0.999949356941316,0,1,"unseen_category_extrapolation"
"Cheilinus_undulatus","M3","schemeA_tobit",0.609961765584824,0.0182962941597517,0.999237960830331,0,1,"unseen_category_extrapolation"
"Halichoeres_trimaculatus","M3","schemeA_tobit",0.457321970405569,0.00974831914034488,0.976329773450137,0,1,"unseen_category_extrapolation"
"Notolabrus_celidotus","M3","schemeA_tobit",0.587750517140189,0.0611727293972929,0.984674589574967,0,1,"unseen_category_extrapolation"
"Semicossyphus_pulcher","M3","schemeA_tobit",0.813159630097204,0.284379286005773,0.999247190557318,0,1,"unseen_category_extrapolation"
"Thalassoma_bifasciatum","M3","schemeA_tobit",0.73686189441041,0.576884520090967,0.868663806410318,0,1,"supported"
"Xyrichtys_novacula","M3","schemeA_tobit",0.87792599461793,0.740061306133149,0.963576973707571,0.216332400782788,1,"supported"
"Platax_orbicularis","M3","schemeA_tobit",0.881314675599507,0.740835935970614,0.967111696618124,0.200018934943618,1,"supported"
"Chaetodon_auriga","M3","schemeA_tobit",0.327943131493182,0.177642358046417,0.503403772608686,0,1,"supported"
"Chaetodon_trifascialis","M3","schemeA_tobit",0.811580512108482,0.727077027843786,0.881211017925155,0.0535072783285683,1,"supported"
"Chelmon_rostratus","M3","schemeA_tobit",0.811580512108482,0.727077027843786,0.881211017925155,0.0634280907226132,1,"supported"
"Caesio_teres","M3","schemeA_tobit",0.747719715367894,0.202194864235015,0.996842017538789,0,1,"unseen_category_extrapolation"
"Lutjanus_erythropterus","M3","schemeA_tobit",0.82589846035914,0.578296341425906,0.968729429746094,0.0359942402846708,1,"supported"
"Pristipomoides_typus","M3","schemeA_tobit",0.811580512108482,0.727077027843786,0.881211017925155,0.0524193030915486,1,"supported"
"Symphorus_nematophorus","M3","schemeA_tobit",0.601795584331687,0.0798216055205294,0.985421744099892,0,1,"unseen_category_extrapolation"
"Lethrinus_nebulosus","M3","schemeA_tobit",0.629603661151912,0.494344017995276,0.754051129753213,0,1,"supported"
"Acanthopagrus_latus","M3","schemeA_tobit",0.404516994553383,0.18821577385369,0.635888709554995,0,1,"supported"
"Acanthopagrus_schlegelii","M3","schemeA_tobit",0.404516994553383,0.18821577385369,0.635888709554995,0,1,"supported"
"Pagrus_major","M3","schemeA_tobit",0.73686189441041,0.576884520090967,0.868663806410318,0,1,"supported"
"Pagrus_pagrus","M3","schemeA_tobit",0.73686189441041,0.576884520090967,0.868663806410318,0,1,"supported"
"Rhabdosargus_sarba","M3","schemeA_tobit",0.73686189441041,0.576884520090967,0.868663806410318,0,1,"supported"
"Sparus_aurata","M3","schemeA_tobit",0.73686189441041,0.576884520090967,0.868663806410318,0,1,"supported"
"Nelusetta_ayraud","M3","schemeA_tobit",0.673336368836774,0.076715247470503,0.997578105881513,0,1,"unseen_category_extrapolation"
"Lateolabrax_japonicus","M3","schemeA_tobit",0.811580512108482,0.727077027843786,0.881211017925155,0.0326188628135681,1,"supported"
"Lateolabrax_maculatus","M3","schemeA_tobit",0.811580512108482,0.727077027843786,0.881211017925155,0.0699244216045702,1,"supported"
"Pempheris_klunzingeri","M3","schemeA_tobit",0.811580512108482,0.727077027843786,0.881211017925155,0.0413642314204281,1,"supported"
"Micropterus_dolomieu","M3","schemeA_tobit",0.864138483414547,0.613427241032662,0.986968498632869,0.136654941134228,1,"supported"
"Micropterus_salmoides","M3","schemeA_tobit",0.864138483414547,0.613427241032662,0.986968498632869,0.11343462248628,1,"supported"
"Enoplosus_armatus","M3","schemeA_tobit",0.881314675599507,0.740835935970614,0.967111696618124,0.183160211767055,1,"supported"
"Oplegnathus_fasciatus","M3","schemeA_tobit",0.960547377106179,0.909990983554401,0.989350785723056,0.526693771894632,1,"supported"
"Oplegnathus_punctatus","M3","schemeA_tobit",0.960547377106179,0.909990983554401,0.989350785723056,0.54041754926632,1,"supported"
"Maccullochella_peelii","M3","schemeA_tobit",0.772033152886856,0.582649322638897,0.911122965304479,0,1,"supported"
"Siniperca_chuatsi","M3","schemeA_tobit",0.990179480675274,0.951071152865467,0.99995447204662,0.873091791177597,1,"supported"
"Siniperca_scherzeri","M3","schemeA_tobit",0.811580512108482,0.727077027843786,0.881211017925155,0.0672204081455606,1,"supported"
"Scortum_barcoo","M3","schemeA_tobit",0.629603661151912,0.494344017995276,0.754051129753213,0,1,"supported"
"Anarhichas_minor","M3","schemeA_tobit",0.963626299918278,0.705017204597557,0.99999966390693,0.460490939627269,1,"unseen_category_extrapolation"
"Anarrhichthys_ocellatus","M3","schemeA_tobit",0.963626299918278,0.705017204597557,0.99999966390693,0.466418474154097,1,"unseen_category_extrapolation"
"Anoplopoma_fimbria","M3","schemeA_tobit",0.710219391438527,0.0614686798441132,0.999833467784265,0,1,"unseen_category_extrapolation"
"Pogonophryne_albipinna","M3","schemeA_tobit",0.861635552725109,0.563304317168333,0.990646634835533,0.0815028472011396,1,"supported"
"Gymnodraco_acuticeps","M3","schemeA_tobit",0.861635552725109,0.563304317168333,0.990646634835533,0.0883233683853148,1,"supported"
"Cottoperca_gobio","M3","schemeA_tobit",0.811580512108482,0.727077027843786,0.881211017925155,0.0621462869221399,1,"supported"
"Cebidichthys_violaceus","M3","schemeA_tobit",0.7451101485154,0.197419949889046,0.997096794213289,0,1,"unseen_category_extrapolation"
"Chaenocephalus_aceratus","M3","schemeA_tobit",0.861635552725109,0.563304317168333,0.990646634835533,0.08600417290081,1,"supported"
"Champsocephalus_esox","M3","schemeA_tobit",0.861635552725109,0.563304317168333,0.990646634835533,0.0943501079630809,1,"supported"
"Champsocephalus_gunnari","M3","schemeA_tobit",0.861635552725109,0.563304317168333,0.990646634835533,0.0704098910472303,1,"supported"
"Pseudochaenichthys_georgianus","M3","schemeA_tobit",0.861635552725109,0.563304317168333,0.990646634835533,0.0877380991108726,1,"supported"
"Clinocottus_analis","M3","schemeA_tobit",0.945883018465971,0.551062430208551,0.999999981087429,0.351874020221941,1,"unseen_category_extrapolation"
"Taurulus_bubalis","M3","schemeA_tobit",0.339812677971404,0.00619055573603631,0.914288877793901,0,1,"unseen_category_extrapolation"
"Cyclopterus_lumpus","M3","schemeA_tobit",0.667322079138958,0.398356683146242,0.881101443647205,0,1,"supported"
"Eleginops_maclovinus","M3","schemeA_tobit",0.87792599461793,0.740061306133149,0.963576973707571,0.187163369230869,1,"supported"
"Cromileptes_altivelis","M3","schemeA_tobit",0.629603661151912,0.494344017995276,0.754051129753213,0,1,"supported"
"Epinephelus_bruneus","M3","schemeA_tobit",0.811580512108482,0.727077027843786,0.881211017925155,0.0461339735067041,1,"supported"
"Epinephelus_coioides","M3","schemeA_tobit",0.811580512108482,0.727077027843786,0.881211017925155,0.0486765535386687,1,"supported"
"Epinephelus_fuscoguttatus","M3","schemeA_tobit",0.811580512108482,0.727077027843786,0.881211017925155,0.0333708590281742,1,"supported"
"Epinephelus_lanceolatus","M3","schemeA_tobit",0.811580512108482,0.727077027843786,0.881211017925155,0.0346481495880681,1,"supported"
"Epinephelus_malabaricus","M3","schemeA_tobit",0.811580512108482,0.727077027843786,0.881211017925155,0.0662308828263807,1,"supported"
"Epinephelus_multinotatus","M3","schemeA_tobit",0.811580512108482,0.727077027843786,0.881211017925155,0.0554148748105502,1,"supported"
"Plectropomus_leopardus","M3","schemeA_tobit",0.82589846035914,0.578296341425906,0.968729429746094,0.0322319727811902,1,"supported"
"Gasterosteus_aculeatus","M3","schemeA_tobit",0.36710542084693,0.00955256726292267,0.912984026666732,0,1,"unseen_category_extrapolation"
"Pungitius_pungitius","M3","schemeA_tobit",0.388522401937804,0.00110974417561532,0.982927179610883,0,1,"unseen_category_extrapolation"
"Pungitius_sinensis","M3","schemeA_tobit",0.387599694335605,0.000756657286634626,0.983531658554924,0,1,"unseen_category_extrapolation"
"Dissostichus_eleginoides","M3","schemeA_tobit",0.861635552725109,0.563304317168333,0.990646634835533,0.0590108281939376,1,"supported"
"Dissostichus_mawsoni","M3","schemeA_tobit",0.861635552725109,0.563304317168333,0.990646634835533,0.0742330201151367,1,"supported"
"Notothenia_rossii","M3","schemeA_tobit",0.861635552725109,0.563304317168333,0.990646634835533,0.0602414851987918,1,"supported"
"Pagothenia_borchgrevinki","M3","schemeA_tobit",0.731209731426407,0.114015803585291,0.999257686351265,0,1,"unseen_category_extrapolation"
"Trematomus_bernacchii","M3","schemeA_tobit",0.731209731426407,0.114015803585291,0.999257686351265,0,1,"unseen_category_extrapolation"
"Etheostoma_cragini","M3","schemeA_tobit",0.445165015819132,0.224135519613453,0.67667192726715,0,1,"supported"
"Perca_flavescens","M3","schemeA_tobit",0.87792599461793,0.740061306133149,0.963576973707571,0.190831460922933,1,"supported"
"Perca_fluviatilis","M3","schemeA_tobit",0.87792599461793,0.740061306133149,0.963576973707571,0.187248847248968,1,"supported"
"Sander_lucioperca","M3","schemeA_tobit",0.87792599461793,0.740061306133149,0.963576973707571,0.217636610388019,1,"supported"
"Sander_vitreus","M3","schemeA_tobit",0.87792599461793,0.740061306133149,0.963576973707571,0.225881901528575,1,"supported"
"Pholis_gunnellus","M3","schemeA_tobit",0.963626299918278,0.705017204597557,0.99999966390693,0.45321847534373,1,"unseen_category_extrapolation"
"Sebastes_fasciatus","M3","schemeA_tobit",0.342153664563873,0.0057102165874435,0.911807142305825,0,1,"unseen_category_extrapolation"
"Sebastes_schlegelii","M3","schemeA_tobit",0.498074689010014,0.0267741627611968,0.970977028868034,0,1,"unseen_category_extrapolation"
"Sebastes_umbrosus","M3","schemeA_tobit",0.498074689010014,0.0267741627611968,0.970977028868034,0,1,"unseen_category_extrapolation"
"Centropristis_striata","M3","schemeA_tobit",0.659037244536739,0.359312103635896,0.899166478852096,0,1,"supported"
"Echiichthys_vipera","M3","schemeA_tobit",0.811580512108482,0.727077027843786,0.881211017925155,0.0530895274315328,1,"supported"
"Eutrigla_gurnardus","M3","schemeA_tobit",0.813159630097204,0.284379286005773,0.999247190557318,0,1,"unseen_category_extrapolation"
"Lycodes_pacificus","M3","schemeA_tobit",0.963626299918278,0.705017204597557,0.99999966390693,0.456729275809167,1,"unseen_category_extrapolation"
"Melanostigma_gelatinosum","M3","schemeA_tobit",0.963626299918278,0.705017204597557,0.99999966390693,0.485122733032348,1,"unseen_category_extrapolation"
"Zoarces_viviparus","M3","schemeA_tobit",0.963626299918278,0.705017204597557,0.99999966390693,0.513681924283852,1,"unseen_category_extrapolation"
