2026-09-18 15:18:03 SMOKE_ALREADY_PASS 
2026-09-18 15:18:03 FIT_BINARY Null 
2026-09-18 15:18:04 FIT_JOINT_BB Null 

SAMPLING FOR MODEL 'ratio_v2_joint_bb' NOW (CHAIN 1).

SAMPLING FOR MODEL 'ratio_v2_joint_bb' NOW (CHAIN 2).

SAMPLING FOR MODEL 'ratio_v2_joint_bb' NOW (CHAIN 3).

SAMPLING FOR MODEL 'ratio_v2_joint_bb' NOW (CHAIN 4).
Chain 1: 
Chain 1: Gradient evaluation took 0.000752 seconds
Chain 1: 1000 transitions using 10 leapfrog steps per transition would take 7.52 seconds.
Chain 1: Adjust your expectations accordingly!
Chain 1: 
Chain 1: 
Chain 2: 
Chain 2: Gradient evaluation took 0.000791 seconds
Chain 2: 1000 transitions using 10 leapfrog steps per transition would take 7.91 seconds.
Chain 2: Adjust your expectations accordingly!
Chain 2: 
Chain 2: 
Chain 3: 
Chain 3: Gradient evaluation took 0.000975 seconds
Chain 3: Chain 11000 transitions using 10 leapfrog steps per transition would take 9.75 seconds.
: Iteration:    1 / 4000 [  0%]  (Warmup)Chain 3
: Adjust your expectations accordingly!
Chain 3: 
Chain 3: 
Chain 4: 
Chain 4: Gradient evaluation took 0.000782 seconds
Chain 2Chain 4: Iteration:    1 / 4000 [  0%]  (Warmup): 1000 transitions using 10 leapfrog steps per transition would take 7.82 seconds.

Chain 4: Adjust your expectations accordingly!
Chain 4: 
Chain 4: 
Chain 3: Iteration:    1 / 4000 [  0%]  (Warmup)
Chain 4: Iteration:    1 / 4000 [  0%]  (Warmup)
Chain 1: Iteration:  400 / 4000 [ 10%]  (Warmup)
Chain 3: Iteration:  400 / 4000 [ 10%]  (Warmup)
Chain 2: Iteration:  400 / 4000 [ 10%]  (Warmup)
Chain 4: Iteration:  400 / 4000 [ 10%]  (Warmup)
Chain 3: Iteration:  800 / 4000 [ 20%]  (Warmup)
Chain 1: Iteration:  800 / 4000 [ 20%]  (Warmup)
Chain 2: Iteration:  800 / 4000 [ 20%]  (Warmup)
Chain 4: Iteration:  800 / 4000 [ 20%]  (Warmup)
Chain 1: Iteration: 1200 / 4000 [ 30%]  (Warmup)
Chain 3: Iteration: 1200 / 4000 [ 30%]  (Warmup)
Chain 2: Iteration: 1200 / 4000 [ 30%]  (Warmup)
Chain 4: Iteration: 1200 / 4000 [ 30%]  (Warmup)
Chain 1: Iteration: 1600 / 4000 [ 40%]  (Warmup)
Chain 3: Iteration: 1600 / 4000 [ 40%]  (Warmup)
Chain 4: Iteration: 1600 / 4000 [ 40%]  (Warmup)
Chain 2: Iteration: 1600 / 4000 [ 40%]  (Warmup)
Chain 1: Iteration: 2000 / 4000 [ 50%]  (Warmup)
Chain 1: Iteration: 2001 / 4000 [ 50%]  (Sampling)
Chain 4: Iteration: 2000 / 4000 [ 50%]  (Warmup)
Chain 4: Iteration: 2001 / 4000 [ 50%]  (Sampling)
Chain 2: Iteration: 2000 / 4000 [ 50%]  (Warmup)
Chain 2: Iteration: 2001 / 4000 [ 50%]  (Sampling)
Chain 3: Iteration: 2000 / 4000 [ 50%]  (Warmup)
Chain 3: Iteration: 2001 / 4000 [ 50%]  (Sampling)
Chain 4: Iteration: 2400 / 4000 [ 60%]  (Sampling)
Chain 1: Iteration: 2400 / 4000 [ 60%]  (Sampling)
Chain 2: Iteration: 2400 / 4000 [ 60%]  (Sampling)
Chain 3: Iteration: 2400 / 4000 [ 60%]  (Sampling)
Chain 4: Iteration: 2800 / 4000 [ 70%]  (Sampling)
Chain 1: Iteration: 2800 / 4000 [ 70%]  (Sampling)
Chain 2: Iteration: 2800 / 4000 [ 70%]  (Sampling)
Chain 3: Iteration: 2800 / 4000 [ 70%]  (Sampling)
Chain 4: Iteration: 3200 / 4000 [ 80%]  (Sampling)
Chain 1: Iteration: 3200 / 4000 [ 80%]  (Sampling)
Chain 2: Iteration: 3200 / 4000 [ 80%]  (Sampling)
Chain 4: Iteration: 3600 / 4000 [ 90%]  (Sampling)
Chain 3: Iteration: 3200 / 4000 [ 80%]  (Sampling)
Chain 1: Iteration: 3600 / 4000 [ 90%]  (Sampling)
Chain 2: Iteration: 3600 / 4000 [ 90%]  (Sampling)
Chain 4: Iteration: 4000 / 4000 [100%]  (Sampling)
Chain 4: 
Chain 4:  Elapsed Time: 21.372 seconds (Warm-up)
Chain 4:                20.509 seconds (Sampling)
Chain 4:                41.881 seconds (Total)
Chain 4: 
Chain 1: Iteration: 4000 / 4000 [100%]  (Sampling)
Chain 1: 
Chain 1:  Elapsed Time: 21.364 seconds (Warm-up)
Chain 1:                21.63 seconds (Sampling)
Chain 1:                42.994 seconds (Total)
Chain 1: 
Chain 3: Iteration: 3600 / 4000 [ 90%]  (Sampling)
Chain 2: Iteration: 4000 / 4000 [100%]  (Sampling)
Chain 2: 
Chain 2:  Elapsed Time: 21.967 seconds (Warm-up)
Chain 2:                22.488 seconds (Sampling)
Chain 2:                44.455 seconds (Total)
Chain 2: 
Chain 3: Iteration: 4000 / 4000 [100%]  (Sampling)
Chain 3: 
Chain 3:  Elapsed Time: 22.021 seconds (Warm-up)
Chain 3:                26.205 seconds (Sampling)
Chain 3:                48.226 seconds (Total)
Chain 3: 
2026-09-18 15:22:35 FIT_SCHEME_A Null 
2026-09-18 15:22:36 FIT_BINARY Site315 
2026-09-18 15:22:37 FIT_JOINT_BB Site315 

SAMPLING FOR MODEL 'ratio_v2_joint_bb' NOW (CHAIN 1).

SAMPLING FOR MODEL 'ratio_v2_joint_bb' NOW (CHAIN 2).

SAMPLING FOR MODEL 'ratio_v2_joint_bb' NOW (CHAIN 3).
Chain 1: 
Chain 1: 
SAMPLINGGradient evaluation took 0.001202 seconds
 FOR MODEL 'Chain 1ratio_v2_joint_bb' NOW (CHAIN : 1000 transitions using 10 leapfrog steps per transition would take 12.02 seconds.4).

Chain 1: Adjust your expectations accordingly!
Chain 1: 
Chain 1: 
Chain 1: Iteration:    1 / 4000 [  0%]  (Warmup)
Chain 2: 
Chain 2: Gradient evaluation took 0.001057 seconds
Chain 2: 1000 transitions using 10 leapfrog steps per transition would take 10.57 seconds.
Chain 2: Adjust your expectations accordingly!
Chain 2: 
Chain 2: 
Chain 2: Iteration:    1 / 4000 [  0%]  (Warmup)
Chain 3: 
Chain 3: Gradient evaluation took 0.001527 seconds
Chain 3: 1000 transitions using 10 leapfrog steps per transition would take 15.27 seconds.
Chain 3: Adjust your expectations accordingly!
Chain 3: 
Chain 3: 
Chain 3: Iteration:    1 / 4000 [  0%]  (Warmup)
Chain 4: 
Chain 4: Gradient evaluation took 0.001319 seconds
Chain 4: 1000 transitions using 10 leapfrog steps per transition would take 13.19 seconds.
Chain 4: Adjust your expectations accordingly!
Chain 4: 
Chain 4: 
Chain 4: Iteration:    1 / 4000 [  0%]  (Warmup)
Chain 1: Iteration:  400 / 4000 [ 10%]  (Warmup)
Chain 4: Iteration:  400 / 4000 [ 10%]  (Warmup)
Chain 2: Iteration:  400 / 4000 [ 10%]  (Warmup)
Chain 3: Iteration:  400 / 4000 [ 10%]  (Warmup)
Chain 2: Iteration:  800 / 4000 [ 20%]  (Warmup)
Chain 1: Iteration:  800 / 4000 [ 20%]  (Warmup)
Chain 4: Iteration:  800 / 4000 [ 20%]  (Warmup)
Chain 3: Iteration:  800 / 4000 [ 20%]  (Warmup)
Chain 2: Iteration: 1200 / 4000 [ 30%]  (Warmup)
Chain 1: Iteration: 1200 / 4000 [ 30%]  (Warmup)
Chain 4: Iteration: 1200 / 4000 [ 30%]  (Warmup)
Chain 3: Iteration: 1200 / 4000 [ 30%]  (Warmup)
Chain 2: Iteration: 1600 / 4000 [ 40%]  (Warmup)
Chain 1: Iteration: 1600 / 4000 [ 40%]  (Warmup)
Chain 4: Iteration: 1600 / 4000 [ 40%]  (Warmup)
Chain 3: Iteration: 1600 / 4000 [ 40%]  (Warmup)
Chain 2: Iteration: 2000 / 4000 [ 50%]  (Warmup)
Chain 2: Iteration: 2001 / 4000 [ 50%]  (Sampling)
Chain 1: Iteration: 2000 / 4000 [ 50%]  (Warmup)
Chain 1: Iteration: 2001 / 4000 [ 50%]  (Sampling)
Chain 4: Iteration: 2000 / 4000 [ 50%]  (Warmup)
Chain 4: Iteration: 2001 / 4000 [ 50%]  (Sampling)
Chain 3: Iteration: 2000 / 4000 [ 50%]  (Warmup)
Chain 3: Iteration: 2001 / 4000 [ 50%]  (Sampling)
Chain 2: Iteration: 2400 / 4000 [ 60%]  (Sampling)
Chain 1: Iteration: 2400 / 4000 [ 60%]  (Sampling)
Chain 4: Iteration: 2400 / 4000 [ 60%]  (Sampling)
Chain 3: Iteration: 2400 / 4000 [ 60%]  (Sampling)
Chain 2: Iteration: 2800 / 4000 [ 70%]  (Sampling)
Chain 1: Iteration: 2800 / 4000 [ 70%]  (Sampling)
Chain 4: Iteration: 2800 / 4000 [ 70%]  (Sampling)
Chain 2: Iteration: 3200 / 4000 [ 80%]  (Sampling)
Chain 3: Iteration: 2800 / 4000 [ 70%]  (Sampling)
Chain 1: Iteration: 3200 / 4000 [ 80%]  (Sampling)
Chain 2: Iteration: 3600 / 4000 [ 90%]  (Sampling)
Chain 4: Iteration: 3200 / 4000 [ 80%]  (Sampling)
Chain 3: Iteration: 3200 / 4000 [ 80%]  (Sampling)
Chain 1: Iteration: 3600 / 4000 [ 90%]  (Sampling)
Chain 2: Iteration: 4000 / 4000 [100%]  (Sampling)
Chain 2: 
Chain 2:  Elapsed Time: 22.227 seconds (Warm-up)
Chain 2:                20.999 seconds (Sampling)
Chain 2:                43.226 seconds (Total)
Chain 2: 
Chain 4: Iteration: 3600 / 4000 [ 90%]  (Sampling)
Chain 3: Iteration: 3600 / 4000 [ 90%]  (Sampling)
Chain 1: Iteration: 4000 / 4000 [100%]  (Sampling)
Chain 1: 
Chain 1:  Elapsed Time: 23.243 seconds (Warm-up)
Chain 1:                24.65 seconds (Sampling)
Chain 1:                47.893 seconds (Total)
Chain 1: 
Chain 4: Iteration: 4000 / 4000 [100%]  (Sampling)
Chain 4: 
Chain 4:  Elapsed Time: 23.576 seconds (Warm-up)
Chain 4:                26.893 seconds (Sampling)
Chain 4:                50.469 seconds (Total)
Chain 4: 
Chain 3: Iteration: 4000 / 4000 [100%]  (Sampling)
Chain 3: 
Chain 3:  Elapsed Time: 25.007 seconds (Warm-up)
Chain 3:                26.858 seconds (Sampling)
Chain 3:                51.865 seconds (Total)
Chain 3: 
2026-09-18 15:25:19 FIT_SCHEME_A Site315 
2026-09-18 15:25:20 FIT_BINARY M1 
2026-09-18 15:25:21 FIT_JOINT_BB M1 

SAMPLING FOR MODEL 'ratio_v2_joint_bb' NOW (CHAIN 1).

SAMPLING FOR MODEL 'ratio_v2_joint_bb' NOW (CHAIN 2).

SAMPLING FOR MODEL 'ratio_v2_joint_bb' NOW (CHAIN 3).
Chain 1: 
Chain 1: Gradient evaluation took 0.000933 seconds
Chain 1: 1000 transitions using 10 leapfrog steps per transition would take 9.33 seconds.
Chain 1: Adjust your expectations accordingly!
Chain 1: 
Chain 1: 
Chain 1: Iteration:    1 / 4000 [  0%]  (Warmup)

SAMPLING FOR MODEL 'ratio_v2_joint_bb' NOW (CHAIN 4).
Chain 2: 
Chain 2: Gradient evaluation took 0.000953 seconds
Chain 2: 1000 transitions using 10 leapfrog steps per transition would take 9.53 seconds.
Chain 2: Adjust your expectations accordingly!
Chain 2: 
Chain 2: 
Chain 2: Iteration:    1 / 4000 [  0%]  (Warmup)
Chain 3: 
Chain 3: Gradient evaluation took 0.000913 seconds
Chain 3: 1000 transitions using 10 leapfrog steps per transition would take 9.13 seconds.
Chain 3: Adjust your expectations accordingly!
Chain 3: 
Chain 3: 
Chain 3: Iteration:    1 / 4000 [  0%]  (Warmup)
Chain 4: 
Chain 4: Gradient evaluation took 0.001004 seconds
Chain 4: 1000 transitions using 10 leapfrog steps per transition would take 10.04 seconds.
Chain 4: Adjust your expectations accordingly!
Chain 4: 
Chain 4: 
Chain 4: Iteration:    1 / 4000 [  0%]  (Warmup)
Chain 3: Iteration:  400 / 4000 [ 10%]  (Warmup)
Chain 2: Iteration:  400 / 4000 [ 10%]  (Warmup)
Chain 1: Iteration:  400 / 4000 [ 10%]  (Warmup)
Chain 4: Iteration:  400 / 4000 [ 10%]  (Warmup)
Chain 3: Iteration:  800 / 4000 [ 20%]  (Warmup)
Chain 1: Iteration:  800 / 4000 [ 20%]  (Warmup)
Chain 2: Iteration:  800 / 4000 [ 20%]  (Warmup)
Chain 4: Iteration:  800 / 4000 [ 20%]  (Warmup)
Chain 3: Iteration: 1200 / 4000 [ 30%]  (Warmup)
Chain 1: Iteration: 1200 / 4000 [ 30%]  (Warmup)
Chain 2: Iteration: 1200 / 4000 [ 30%]  (Warmup)
Chain 4: Iteration: 1200 / 4000 [ 30%]  (Warmup)
Chain 1: Iteration: 1600 / 4000 [ 40%]  (Warmup)
Chain 3: Iteration: 1600 / 4000 [ 40%]  (Warmup)
Chain 2: Iteration: 1600 / 4000 [ 40%]  (Warmup)
Chain 4: Iteration: 1600 / 4000 [ 40%]  (Warmup)
Chain 1: Iteration: 2000 / 4000 [ 50%]  (Warmup)
Chain 1: Iteration: 2001 / 4000 [ 50%]  (Sampling)
Chain 3: Iteration: 2000 / 4000 [ 50%]  (Warmup)
Chain 3: Iteration: 2001 / 4000 [ 50%]  (Sampling)
Chain 2: Iteration: 2000 / 4000 [ 50%]  (Warmup)
Chain 2: Iteration: 2001 / 4000 [ 50%]  (Sampling)
Chain 4: Iteration: 2000 / 4000 [ 50%]  (Warmup)
Chain 4: Iteration: 2001 / 4000 [ 50%]  (Sampling)
Chain 1: Iteration: 2400 / 4000 [ 60%]  (Sampling)
Chain 3: Iteration: 2400 / 4000 [ 60%]  (Sampling)
Chain 2: Iteration: 2400 / 4000 [ 60%]  (Sampling)
Chain 1: Iteration: 2800 / 4000 [ 70%]  (Sampling)
Chain 3: Iteration: 2800 / 4000 [ 70%]  (Sampling)
Chain 4: Iteration: 2400 / 4000 [ 60%]  (Sampling)
Chain 2: Iteration: 2800 / 4000 [ 70%]  (Sampling)
Chain 1: Iteration: 3200 / 4000 [ 80%]  (Sampling)
Chain 3: Iteration: 3200 / 4000 [ 80%]  (Sampling)
Chain 2: Iteration: 3200 / 4000 [ 80%]  (Sampling)
Chain 1: Iteration: 3600 / 4000 [ 90%]  (Sampling)
Chain 4: Iteration: 2800 / 4000 [ 70%]  (Sampling)
Chain 3: Iteration: 3600 / 4000 [ 90%]  (Sampling)
Chain 2: Iteration: 3600 / 4000 [ 90%]  (Sampling)
Chain 1: Iteration: 4000 / 4000 [100%]  (Sampling)
Chain 1: 
Chain 1:  Elapsed Time: 70.68 seconds (Warm-up)
Chain 1:                86.646 seconds (Sampling)
Chain 1:                157.326 seconds (Total)
Chain 1: 
Chain 3: Iteration: 4000 / 4000 [100%]  (Sampling)
Chain 3: 
Chain 3:  Elapsed Time: 77.283 seconds (Warm-up)
Chain 3:                87.845 seconds (Sampling)
Chain 3:                165.128 seconds (Total)
Chain 3: 
Chain 2: Iteration: 4000 / 4000 [100%]  (Sampling)
Chain 2: 
Chain 2:  Elapsed Time: 79.157 seconds (Warm-up)
Chain 2:                91.287 seconds (Sampling)
Chain 2:                170.444 seconds (Total)
Chain 2: 
Chain 4: Iteration: 3200 / 4000 [ 80%]  (Sampling)
Chain 4: Iteration: 3600 / 4000 [ 90%]  (Sampling)
Chain 4: Iteration: 4000 / 4000 [100%]  (Sampling)
Chain 4: 
Chain 4:  Elapsed Time: 82.709 seconds (Warm-up)
Chain 4:                150.744 seconds (Sampling)
Chain 4:                233.453 seconds (Total)
Chain 4: 
2026-09-18 15:31:16 FIT_SCHEME_A M1 
2026-09-18 15:31:17 FIT_BINARY M2 
2026-09-18 15:31:18 FIT_JOINT_BB M2 

SAMPLING FOR MODEL 'ratio_v2_joint_bb' NOW (CHAIN 1).

SAMPLING FOR MODEL 'ratio_v2_joint_bb' NOW (CHAIN 2).

SAMPLING FOR MODEL 'ratio_v2_joint_bb' NOW (CHAIN 3).
Chain 1: 
Chain 1: Gradient evaluation took 0.001056 seconds
Chain 1: 1000 transitions using 10 leapfrog steps per transition would take 10.56 seconds.
Chain 1: Adjust your expectations accordingly!
Chain 1: 
Chain 1: 
Chain 1: Iteration:    1 / 4000 [  0%]  (Warmup)

SAMPLING FOR MODEL 'ratio_v2_joint_bb' NOW (CHAIN 4).
Chain 2: 
Chain 2: Gradient evaluation took 0.001028 seconds
Chain 2: 1000 transitions using 10 leapfrog steps per transition would take 10.28 seconds.
Chain 2: Adjust your expectations accordingly!
Chain 2: 
Chain 2: 
Chain 2: Iteration:    1 / 4000 [  0%]  (Warmup)
Chain 3: 
Chain 3: Gradient evaluation took 0.001118 seconds
Chain 3: 1000 transitions using 10 leapfrog steps per transition would take 11.18 seconds.
Chain 3: Adjust your expectations accordingly!
Chain 3: 
Chain 3: 
Chain 3: Iteration:    1 / 4000 [  0%]  (Warmup)
Chain 4: 
Chain 4: Gradient evaluation took 0.00105 seconds
Chain 4: 1000 transitions using 10 leapfrog steps per transition would take 10.5 seconds.
Chain 4: Adjust your expectations accordingly!
Chain 4: 
Chain 4: 
Chain 4: Iteration:    1 / 4000 [  0%]  (Warmup)
Chain 1: Iteration:  400 / 4000 [ 10%]  (Warmup)
Chain 3: Iteration:  400 / 4000 [ 10%]  (Warmup)
Chain 2: Iteration:  400 / 4000 [ 10%]  (Warmup)
Chain 4: Iteration:  400 / 4000 [ 10%]  (Warmup)
Chain 1: Iteration:  800 / 4000 [ 20%]  (Warmup)
Chain 3: Iteration:  800 / 4000 [ 20%]  (Warmup)
Chain 4: Iteration:  800 / 4000 [ 20%]  (Warmup)
Chain 2: Iteration:  800 / 4000 [ 20%]  (Warmup)
Chain 1: Iteration: 1200 / 4000 [ 30%]  (Warmup)
Chain 4: Iteration: 1200 / 4000 [ 30%]  (Warmup)
Chain 3: Iteration: 1200 / 4000 [ 30%]  (Warmup)
Chain 2: Iteration: 1200 / 4000 [ 30%]  (Warmup)
Chain 1: Iteration: 1600 / 4000 [ 40%]  (Warmup)
Chain 2: Iteration: 1600 / 4000 [ 40%]  (Warmup)
Chain 4: Iteration: 1600 / 4000 [ 40%]  (Warmup)
Chain 3: Iteration: 1600 / 4000 [ 40%]  (Warmup)
Chain 1: Iteration: 2000 / 4000 [ 50%]  (Warmup)
Chain 1: Iteration: 2001 / 4000 [ 50%]  (Sampling)
Chain 2: Iteration: 2000 / 4000 [ 50%]  (Warmup)
Chain 2: Iteration: 2001 / 4000 [ 50%]  (Sampling)
Chain 3: Iteration: 2000 / 4000 [ 50%]  (Warmup)
Chain 3: Iteration: 2001 / 4000 [ 50%]  (Sampling)
Chain 4: Iteration: 2000 / 4000 [ 50%]  (Warmup)
Chain 4: Iteration: 2001 / 4000 [ 50%]  (Sampling)
Chain 3: Iteration: 2400 / 4000 [ 60%]  (Sampling)
Chain 1: Iteration: 2400 / 4000 [ 60%]  (Sampling)
Chain 2: Iteration: 2400 / 4000 [ 60%]  (Sampling)
Chain 4: Iteration: 2400 / 4000 [ 60%]  (Sampling)
Chain 3: Iteration: 2800 / 4000 [ 70%]  (Sampling)
Chain 1: Iteration: 2800 / 4000 [ 70%]  (Sampling)
Chain 3: Iteration: 3200 / 4000 [ 80%]  (Sampling)
Chain 4: Iteration: 2800 / 4000 [ 70%]  (Sampling)
Chain 2: Iteration: 2800 / 4000 [ 70%]  (Sampling)
Chain 3: Iteration: 3600 / 4000 [ 90%]  (Sampling)
Chain 1: Iteration: 3200 / 4000 [ 80%]  (Sampling)
Chain 3: Iteration: 4000 / 4000 [100%]  (Sampling)
Chain 3: 
Chain 3:  Elapsed Time: 78.595 seconds (Warm-up)
Chain 3:                49.993 seconds (Sampling)
Chain 3:                128.588 seconds (Total)
Chain 3: 
Chain 4: Iteration: 3200 / 4000 [ 80%]  (Sampling)
Chain 2: Iteration: 3200 / 4000 [ 80%]  (Sampling)
Chain 1: Iteration: 3600 / 4000 [ 90%]  (Sampling)
Chain 4: Iteration: 3600 / 4000 [ 90%]  (Sampling)
Chain 2: Iteration: 3600 / 4000 [ 90%]  (Sampling)
Chain 1: Iteration: 4000 / 4000 [100%]  (Sampling)
Chain 1: 
Chain 1:  Elapsed Time: 73.882 seconds (Warm-up)
Chain 1:                86.546 seconds (Sampling)
Chain 1:                160.428 seconds (Total)
Chain 1: 
Chain 4: Iteration: 4000 / 4000 [100%]  (Sampling)
Chain 4: 
Chain 4:  Elapsed Time: 79.042 seconds (Warm-up)
Chain 4:                82.161 seconds (Sampling)
Chain 4:                161.203 seconds (Total)
Chain 4: 
Chain 2: Iteration: 4000 / 4000 [100%]  (Sampling)
Chain 2: 
Chain 2:  Elapsed Time: 77.521 seconds (Warm-up)
Chain 2:                89.107 seconds (Sampling)
Chain 2:                166.628 seconds (Total)
Chain 2: 
2026-09-18 15:36:10 FIT_SCHEME_A M2 
2026-09-18 15:36:11 FIT_BINARY M3 
2026-09-18 15:36:12 FIT_JOINT_BB M3 

SAMPLING FOR MODEL 'ratio_v2_joint_bb' NOW (CHAIN 1).

SAMPLING FOR MODEL 'ratio_v2_joint_bb' NOW (CHAIN 2).

SAMPLING FOR MODEL 'ratio_v2_joint_bb' NOW (CHAIN 3).
Chain 1: 
Chain 1: Gradient evaluation took 0.001136 seconds
Chain 1: 1000 transitions using 10 leapfrog steps per transition would take 11.36 seconds.
Chain 1: Adjust your expectations accordingly!
Chain 1: 
Chain 1: 
Chain 1: Iteration:    1 / 4000 [  0%]  (Warmup)

SAMPLING FOR MODEL 'ratio_v2_joint_bbChain ' NOW (CHAIN 2: 4).

Chain 2: Gradient evaluation took 0.001091 seconds
Chain 2: 1000 transitions using 10 leapfrog steps per transition would take 10.91 seconds.
Chain 2: Adjust your expectations accordingly!
Chain 2: 
Chain 2: 
Chain 2: Iteration:    1 / 4000 [  0%]  (Warmup)
Chain 3: 
Chain 3: Gradient evaluation took 0.001053 seconds
Chain 3: 1000 transitions using 10 leapfrog steps per transition would take 10.53 seconds.
Chain 3: Adjust your expectations accordingly!
Chain 3: 
Chain 3: 
Chain 3: Iteration:    1 / 4000 [  0%]  (Warmup)
Chain 4: 
Chain 4: Gradient evaluation took 0.001031 seconds
Chain 4: 1000 transitions using 10 leapfrog steps per transition would take 10.31 seconds.
Chain 4: Adjust your expectations accordingly!
Chain 4: 
Chain 4: 
Chain 4: Iteration:    1 / 4000 [  0%]  (Warmup)
Chain 3: Iteration:  400 / 4000 [ 10%]  (Warmup)
Chain 2: Iteration:  400 / 4000 [ 10%]  (Warmup)
Chain 1: Iteration:  400 / 4000 [ 10%]  (Warmup)
Chain 4: Iteration:  400 / 4000 [ 10%]  (Warmup)
Chain 3: Iteration:  800 / 4000 [ 20%]  (Warmup)
Chain 2: Iteration:  800 / 4000 [ 20%]  (Warmup)
Chain 1: Iteration:  800 / 4000 [ 20%]  (Warmup)
Chain 4: Iteration:  800 / 4000 [ 20%]  (Warmup)
Chain 3: Iteration: 1200 / 4000 [ 30%]  (Warmup)
Chain 2: Iteration: 1200 / 4000 [ 30%]  (Warmup)
Chain 1: Iteration: 1200 / 4000 [ 30%]  (Warmup)
Chain 4: Iteration: 1200 / 4000 [ 30%]  (Warmup)
Chain 3: Iteration: 1600 / 4000 [ 40%]  (Warmup)
Chain 2: Iteration: 1600 / 4000 [ 40%]  (Warmup)
Chain 1: Iteration: 1600 / 4000 [ 40%]  (Warmup)
Chain 4: Iteration: 1600 / 4000 [ 40%]  (Warmup)
Chain 3: Iteration: 2000 / 4000 [ 50%]  (Warmup)
Chain 3: Iteration: 2001 / 4000 [ 50%]  (Sampling)
Chain 2: Iteration: 2000 / 4000 [ 50%]  (Warmup)
Chain 2: Iteration: 2001 / 4000 [ 50%]  (Sampling)
Chain 4: Iteration: 2000 / 4000 [ 50%]  (Warmup)
Chain 4: Iteration: 2001 / 4000 [ 50%]  (Sampling)
Chain 1: Iteration: 2000 / 4000 [ 50%]  (Warmup)
Chain 1: Iteration: 2001 / 4000 [ 50%]  (Sampling)
Chain 2: Iteration: 2400 / 4000 [ 60%]  (Sampling)
Chain 4: Iteration: 2400 / 4000 [ 60%]  (Sampling)
Chain 3: Iteration: 2400 / 4000 [ 60%]  (Sampling)
Chain 2: Iteration: 2800 / 4000 [ 70%]  (Sampling)
Chain 4: Iteration: 2800 / 4000 [ 70%]  (Sampling)
Chain 1: Iteration: 2400 / 4000 [ 60%]  (Sampling)
Chain 2: Iteration: 3200 / 4000 [ 80%]  (Sampling)
Chain 4: Iteration: 3200 / 4000 [ 80%]  (Sampling)
Chain 3: Iteration: 2800 / 4000 [ 70%]  (Sampling)
Chain 2: Iteration: 3600 / 4000 [ 90%]  (Sampling)
Chain 4: Iteration: 3600 / 4000 [ 90%]  (Sampling)
Chain 1: Iteration: 2800 / 4000 [ 70%]  (Sampling)
Chain 2: Iteration: 4000 / 4000 [100%]  (Sampling)
Chain 2: 
Chain 2:  Elapsed Time: 54.28 seconds (Warm-up)
Chain 2:                46.844 seconds (Sampling)
Chain 2:                101.124 seconds (Total)
Chain 2: 
Chain 4: Iteration: 4000 / 4000 [100%]  (Sampling)
Chain 4: 
Chain 4:  Elapsed Time: 58.056 seconds (Warm-up)
Chain 4:                46.646 seconds (Sampling)
Chain 4:                104.702 seconds (Total)
Chain 4: 
Chain 3: Iteration: 3200 / 4000 [ 80%]  (Sampling)
Chain 1: Iteration: 3200 / 4000 [ 80%]  (Sampling)
Chain 3: Iteration: 3600 / 4000 [ 90%]  (Sampling)
Chain 1: Iteration: 3600 / 4000 [ 90%]  (Sampling)
Chain 3: Iteration: 4000 / 4000 [100%]  (Sampling)
Chain 3: 
Chain 3:  Elapsed Time: 51.571 seconds (Warm-up)
Chain 3:                92.071 seconds (Sampling)
Chain 3:                143.642 seconds (Total)
Chain 3: 
Chain 1: Iteration: 4000 / 4000 [100%]  (Sampling)
Chain 1: 
Chain 1:  Elapsed Time: 60.405 seconds (Warm-up)
Chain 1:                92.786 seconds (Sampling)
Chain 1:                153.191 seconds (Total)
Chain 1: 
2026-09-18 15:40:55 FIT_SCHEME_A M3 
2026-09-18 15:42:42 CV_ROUTE binary 5 
2026-09-18 16:28:44 CV_ROUTE joint_bb 5 

SAMPLING FOR MODEL 'ratio_v2_joint_bb' NOW (CHAIN 1).

SAMPLING FOR MODEL 'ratio_v2_joint_bb' NOW (CHAIN 2).
Chain 1: 
Chain 1: Gradient evaluation took 0.001 seconds
Chain 1: 1000 transitions using 10 leapfrog steps per transition would take 10 seconds.

Chain 1SAMPLING FOR MODEL ': Adjust your expectations accordingly!ratio_v2_joint_bb' NOW (CHAIN 
Chain 3).
1: 
Chain 1: 
Chain 1: Iteration:    1 / 4000 [  0%]  (Warmup)
Chain 2: 
Chain 2: Gradient evaluation took 0.000965 seconds
Chain 2: 1000 transitions using 10 leapfrog steps per transition would take 9.65 seconds.
Chain 2
SAMPLING: Adjust your expectations accordingly! FOR MODEL 'ratio_v2_joint_bb
Chain ' NOW (CHAIN 2: 4).

Chain 2: 
Chain 2: Iteration:    1 / 4000 [  0%]  (Warmup)
Chain 3: 
Chain 3: Gradient evaluation took 0.001189 seconds
Chain 3: 1000 transitions using 10 leapfrog steps per transition would take 11.89 seconds.
Chain 3: Adjust your expectations accordingly!
Chain 3: 
Chain 3: 
Chain 3: Iteration:    1 / 4000 [  0%]  (Warmup)
Chain 4: 
Chain 4: Gradient evaluation took 0.00093 seconds
Chain 4: 1000 transitions using 10 leapfrog steps per transition would take 9.3 seconds.
Chain 4: Adjust your expectations accordingly!
Chain 4: 
Chain 4: 
Chain 4: Iteration:    1 / 4000 [  0%]  (Warmup)
Chain 3: Iteration:  400 / 4000 [ 10%]  (Warmup)
Chain 4: Iteration:  400 / 4000 [ 10%]  (Warmup)
Chain 1: Iteration:  400 / 4000 [ 10%]  (Warmup)
Chain 2: Iteration:  400 / 4000 [ 10%]  (Warmup)
Chain 3: Iteration:  800 / 4000 [ 20%]  (Warmup)
Chain 1: Iteration:  800 / 4000 [ 20%]  (Warmup)
Chain 2: Iteration:  800 / 4000 [ 20%]  (Warmup)
Chain 4: Iteration:  800 / 4000 [ 20%]  (Warmup)
Chain 3: Iteration: 1200 / 4000 [ 30%]  (Warmup)
Chain 1: Iteration: 1200 / 4000 [ 30%]  (Warmup)
Chain 2: Iteration: 1200 / 4000 [ 30%]  (Warmup)
Chain 4: Iteration: 1200 / 4000 [ 30%]  (Warmup)
Chain 3: Iteration: 1600 / 4000 [ 40%]  (Warmup)
Chain 1: Iteration: 1600 / 4000 [ 40%]  (Warmup)
Chain 2: Iteration: 1600 / 4000 [ 40%]  (Warmup)
Chain 4: Iteration: 1600 / 4000 [ 40%]  (Warmup)
Chain 3: Iteration: 2000 / 4000 [ 50%]  (Warmup)
Chain 3: Iteration: 2001 / 4000 [ 50%]  (Sampling)
Chain 1: Iteration: 2000 / 4000 [ 50%]  (Warmup)
Chain 1: Iteration: 2001 / 4000 [ 50%]  (Sampling)
Chain 2: Iteration: 2000 / 4000 [ 50%]  (Warmup)
Chain 2: Iteration: 2001 / 4000 [ 50%]  (Sampling)
Chain 4: Iteration: 2000 / 4000 [ 50%]  (Warmup)
Chain 4: Iteration: 2001 / 4000 [ 50%]  (Sampling)
Chain 3: Iteration: 2400 / 4000 [ 60%]  (Sampling)
Chain 1: Iteration: 2400 / 4000 [ 60%]  (Sampling)
Chain 4: Iteration: 2400 / 4000 [ 60%]  (Sampling)
Chain 2: Iteration: 2400 / 4000 [ 60%]  (Sampling)
Chain 1: Iteration: 2800 / 4000 [ 70%]  (Sampling)
Chain 3: Iteration: 2800 / 4000 [ 70%]  (Sampling)
Chain 4: Iteration: 2800 / 4000 [ 70%]  (Sampling)
Chain 2: Iteration: 2800 / 4000 [ 70%]  (Sampling)
Chain 1: Iteration: 3200 / 4000 [ 80%]  (Sampling)
Chain 3: Iteration: 3200 / 4000 [ 80%]  (Sampling)
Chain 4: Iteration: 3200 / 4000 [ 80%]  (Sampling)
Chain 2: Iteration: 3200 / 4000 [ 80%]  (Sampling)
Chain 1: Iteration: 3600 / 4000 [ 90%]  (Sampling)
Chain 3: Iteration: 3600 / 4000 [ 90%]  (Sampling)
Chain 4: Iteration: 3600 / 4000 [ 90%]  (Sampling)
Chain 2: Iteration: 3600 / 4000 [ 90%]  (Sampling)
Chain 1: Iteration: 4000 / 4000 [100%]  (Sampling)
Chain 1: 
Chain 1:  Elapsed Time: 19.38 seconds (Warm-up)
Chain 1:                18.26 seconds (Sampling)
Chain 1:                37.64 seconds (Total)
Chain 1: 
Chain 3: Iteration: 4000 / 4000 [100%]  (Sampling)
Chain 3: 
Chain 3:  Elapsed Time: 18.743 seconds (Warm-up)
Chain 3:                20.991 seconds (Sampling)
Chain 3:                39.734 seconds (Total)
Chain 3: 
Chain 4: Iteration: 4000 / 4000 [100%]  (Sampling)
Chain 4: 
Chain 4:  Elapsed Time: 20.753 seconds (Warm-up)
Chain 4:                19.405 seconds (Sampling)
Chain 4:                40.158 seconds (Total)
Chain 4: 
Chain 2: Iteration: 4000 / 4000 [100%]  (Sampling)
Chain 2: 
Chain 2:  Elapsed Time: 20.33 seconds (Warm-up)
Chain 2:                21.231 seconds (Sampling)
Chain 2:                41.561 seconds (Total)
Chain 2: 

SAMPLING FOR MODEL 'ratio_v2_joint_bb' NOW (CHAIN 1).

SAMPLING FOR MODEL 'ratio_v2_joint_bb' NOW (CHAIN 2).
Chain 1: 
Chain 1: Gradient evaluation took 0.000851 seconds
Chain 1: 1000 transitions using 10 leapfrog steps per transition would take 8.51 seconds.
Chain 1: Adjust your expectations accordingly!
Chain 1: 
Chain 1: 
Chain 1: Iteration:    1 / 4000 [  0%]  (Warmup)

SAMPLING FOR MODEL 'ratio_v2_joint_bb' NOW (CHAIN 3).
Chain 2: 
Chain 2: Gradient evaluation took 0.000835 seconds
Chain 2: 1000 transitions using 10 leapfrog steps per transition would take 8.35 seconds.
Chain 2: Adjust your expectations accordingly!
Chain 2: 
Chain 2: 
Chain 2: Iteration:    1 / 4000 [  0%]  (Warmup)

SAMPLING FOR MODEL 'ratio_v2_joint_bb' NOW (CHAIN 4).
Chain 3: 
Chain 3: Gradient evaluation took 0.001009 seconds
Chain 3: 1000 transitions using 10 leapfrog steps per transition would take 10.09 seconds.
Chain 3: Adjust your expectations accordingly!
Chain 3: 
Chain 3: 
Chain 3: Iteration:    1 / 4000 [  0%]  (Warmup)
Chain 4: 
Chain 4: Gradient evaluation took 0.000826 seconds
Chain 4: 1000 transitions using 10 leapfrog steps per transition would take 8.26 seconds.
Chain 4: Adjust your expectations accordingly!
Chain 4: 
Chain 4: 
Chain 4: Iteration:    1 / 4000 [  0%]  (Warmup)
Chain 1: Iteration:  400 / 4000 [ 10%]  (Warmup)
Chain 2: Iteration:  400 / 4000 [ 10%]  (Warmup)
Chain 4: Iteration:  400 / 4000 [ 10%]  (Warmup)
Chain 3: Iteration:  400 / 4000 [ 10%]  (Warmup)
Chain 1: Iteration:  800 / 4000 [ 20%]  (Warmup)
Chain 3: Iteration:  800 / 4000 [ 20%]  (Warmup)
Chain 2: Iteration:  800 / 4000 [ 20%]  (Warmup)
Chain 4: Iteration:  800 / 4000 [ 20%]  (Warmup)
Chain 1: Iteration: 1200 / 4000 [ 30%]  (Warmup)
Chain 2: Iteration: 1200 / 4000 [ 30%]  (Warmup)
Chain 3: Iteration: 1200 / 4000 [ 30%]  (Warmup)
Chain 4: Iteration: 1200 / 4000 [ 30%]  (Warmup)
Chain 1: Iteration: 1600 / 4000 [ 40%]  (Warmup)
Chain 2: Iteration: 1600 / 4000 [ 40%]  (Warmup)
Chain 3: Iteration: 1600 / 4000 [ 40%]  (Warmup)
Chain 4: Iteration: 1600 / 4000 [ 40%]  (Warmup)
Chain 1: Iteration: 2000 / 4000 [ 50%]  (Warmup)
Chain 1: Iteration: 2001 / 4000 [ 50%]  (Sampling)
Chain 3: Iteration: 2000 / 4000 [ 50%]  (Warmup)
Chain 3: Iteration: 2001 / 4000 [ 50%]  (Sampling)
Chain 2: Iteration: 2000 / 4000 [ 50%]  (Warmup)
Chain 2: Iteration: 2001 / 4000 [ 50%]  (Sampling)
Chain 4: Iteration: 2000 / 4000 [ 50%]  (Warmup)
Chain 4: Iteration: 2001 / 4000 [ 50%]  (Sampling)
Chain 4: Iteration: 2400 / 4000 [ 60%]  (Sampling)
Chain 1: Iteration: 2400 / 4000 [ 60%]  (Sampling)
Chain 2: Iteration: 2400 / 4000 [ 60%]  (Sampling)
Chain 3: Iteration: 2400 / 4000 [ 60%]  (Sampling)
Chain 1: Iteration: 2800 / 4000 [ 70%]  (Sampling)
Chain 4: Iteration: 2800 / 4000 [ 70%]  (Sampling)
Chain 2: Iteration: 2800 / 4000 [ 70%]  (Sampling)
Chain 3: Iteration: 2800 / 4000 [ 70%]  (Sampling)
Chain 4: Iteration: 3200 / 4000 [ 80%]  (Sampling)
Chain 1: Iteration: 3200 / 4000 [ 80%]  (Sampling)
Chain 2: Iteration: 3200 / 4000 [ 80%]  (Sampling)
Chain 3: Iteration: 3200 / 4000 [ 80%]  (Sampling)
Chain 4: Iteration: 3600 / 4000 [ 90%]  (Sampling)
Chain 1: Iteration: 3600 / 4000 [ 90%]  (Sampling)
Chain 2: Iteration: 3600 / 4000 [ 90%]  (Sampling)
Chain 4: Iteration: 4000 / 4000 [100%]  (Sampling)
Chain 4: 
Chain 4:  Elapsed Time: 18.91 seconds (Warm-up)
Chain 4:                16.572 seconds (Sampling)
Chain 4:                35.482 seconds (Total)
Chain 4: 
Chain 3: Iteration: 3600 / 4000 [ 90%]  (Sampling)
Chain 1: Iteration: 4000 / 4000 [100%]  (Sampling)
Chain 1: 
Chain 1:  Elapsed Time: 17.007 seconds (Warm-up)
Chain 1:                19.305 seconds (Sampling)
Chain 1:                36.312 seconds (Total)
Chain 1: 
Chain 2: Iteration: 4000 / 4000 [100%]  (Sampling)
Chain 2: 
Chain 2:  Elapsed Time: 18.801 seconds (Warm-up)
Chain 2:                19.769 seconds (Sampling)
Chain 2:                38.57 seconds (Total)
Chain 2: 
Chain 3: Iteration: 4000 / 4000 [100%]  (Sampling)
Chain 3: 
Chain 3:  Elapsed Time: 18.391 seconds (Warm-up)
Chain 3:                21.001 seconds (Sampling)
Chain 3:                39.392 seconds (Total)
Chain 3: 

SAMPLING FOR MODEL 'ratio_v2_joint_bb' NOW (CHAIN 1).

SAMPLING FOR MODEL 'ratio_v2_joint_bb' NOW (CHAIN 2).

SAMPLING FOR MODEL 'ratio_v2_joint_bb' NOW (CHAIN 3).

SAMPLING FOR MODEL 'ratio_v2_joint_bb' NOW (CHAIN 4).
Chain 1: 
Chain 1: Gradient evaluation took 0.001015 seconds
Chain 1: 1000 transitions using 10 leapfrog steps per transition would take 10.15 seconds.
Chain 1: Adjust your expectations accordingly!
Chain 1: 
Chain 1: 
Chain 1: Iteration:    1 / 4000 [  0%]  (Warmup)
Chain 2: 
Chain 2: Gradient evaluation took 0.000959 seconds
Chain 2: 1000 transitions using 10 leapfrog steps per transition would take 9.59 seconds.
Chain 2: Adjust your expectations accordingly!
Chain 2: 
Chain 2: 
Chain 2: Iteration:    1 / 4000 [  0%]  (Warmup)
Chain 3: 
Chain 3: Gradient evaluation took 0.001156 seconds
Chain 3: 1000 transitions using 10 leapfrog steps per transition would take 11.56 seconds.
Chain 3: Adjust your expectations accordingly!
Chain 3: 
Chain 3: 
Chain 3: Iteration:    1 / 4000 [  0%]  (Warmup)
Chain 4: 
Chain 4: Gradient evaluation took 0.000961 seconds
Chain 4: 1000 transitions using 10 leapfrog steps per transition would take 9.61 seconds.
Chain 4: Adjust your expectations accordingly!
Chain 4: 
Chain 4: 
Chain 4: Iteration:    1 / 4000 [  0%]  (Warmup)
Chain 1: Iteration:  400 / 4000 [ 10%]  (Warmup)
Chain 2: Iteration:  400 / 4000 [ 10%]  (Warmup)
Chain 4: Iteration:  400 / 4000 [ 10%]  (Warmup)
Chain 3: Iteration:  400 / 4000 [ 10%]  (Warmup)
Chain 1: Iteration:  800 / 4000 [ 20%]  (Warmup)
Chain 3: Iteration:  800 / 4000 [ 20%]  (Warmup)
Chain 4: Iteration:  800 / 4000 [ 20%]  (Warmup)
Chain 2: Iteration:  800 / 4000 [ 20%]  (Warmup)
Chain 3: Iteration: 1200 / 4000 [ 30%]  (Warmup)
Chain 1: Iteration: 1200 / 4000 [ 30%]  (Warmup)
Chain 4: Iteration: 1200 / 4000 [ 30%]  (Warmup)
Chain 2: Iteration: 1200 / 4000 [ 30%]  (Warmup)
Chain 3: Iteration: 1600 / 4000 [ 40%]  (Warmup)
Chain 1: Iteration: 1600 / 4000 [ 40%]  (Warmup)
Chain 4: Iteration: 1600 / 4000 [ 40%]  (Warmup)
Chain 2: Iteration: 1600 / 4000 [ 40%]  (Warmup)
Chain 3: Iteration: 2000 / 4000 [ 50%]  (Warmup)
Chain 3: Iteration: 2001 / 4000 [ 50%]  (Sampling)
Chain 1: Iteration: 2000 / 4000 [ 50%]  (Warmup)
Chain 1: Iteration: 2001 / 4000 [ 50%]  (Sampling)
Chain 4: Iteration: 2000 / 4000 [ 50%]  (Warmup)
Chain 4: Iteration: 2001 / 4000 [ 50%]  (Sampling)
Chain 2: Iteration: 2000 / 4000 [ 50%]  (Warmup)
Chain 2: Iteration: 2001 / 4000 [ 50%]  (Sampling)
Chain 3: Iteration: 2400 / 4000 [ 60%]  (Sampling)
Chain 1: Iteration: 2400 / 4000 [ 60%]  (Sampling)
Chain 2: Iteration: 2400 / 4000 [ 60%]  (Sampling)
Chain 3: Iteration: 2800 / 4000 [ 70%]  (Sampling)
Chain 4: Iteration: 2400 / 4000 [ 60%]  (Sampling)
Chain 1: Iteration: 2800 / 4000 [ 70%]  (Sampling)
Chain 2: Iteration: 2800 / 4000 [ 70%]  (Sampling)
Chain 3: Iteration: 3200 / 4000 [ 80%]  (Sampling)
Chain 1: Iteration: 3200 / 4000 [ 80%]  (Sampling)
Chain 2: Iteration: 3200 / 4000 [ 80%]  (Sampling)
Chain 4: Iteration: 2800 / 4000 [ 70%]  (Sampling)
Chain 3: Iteration: 3600 / 4000 [ 90%]  (Sampling)
Chain 2: Iteration: 3600 / 4000 [ 90%]  (Sampling)
Chain 1: Iteration: 3600 / 4000 [ 90%]  (Sampling)
Chain 3: Iteration: 4000 / 4000 [100%]  (Sampling)
Chain 3: 
Chain 3:  Elapsed Time: 20.746 seconds (Warm-up)
Chain 3:                20.526 seconds (Sampling)
Chain 3:                41.272 seconds (Total)
Chain 3: 
Chain 4: Iteration: 3200 / 4000 [ 80%]  (Sampling)
Chain 2: Iteration: 4000 / 4000 [100%]  (Sampling)
Chain 2: 
Chain 2:  Elapsed Time: 22.93 seconds (Warm-up)
Chain 2:                22.265 seconds (Sampling)
Chain 2:                45.195 seconds (Total)
Chain 2: 
Chain 1: Iteration: 4000 / 4000 [100%]  (Sampling)
Chain 1: 
Chain 1:  Elapsed Time: 21.263 seconds (Warm-up)
Chain 1:                24.311 seconds (Sampling)
Chain 1:                45.574 seconds (Total)
Chain 1: 
Chain 4: Iteration: 3600 / 4000 [ 90%]  (Sampling)
Chain 4: Iteration: 4000 / 4000 [100%]  (Sampling)
Chain 4: 
Chain 4:  Elapsed Time: 22.405 seconds (Warm-up)
Chain 4:                34.778 seconds (Sampling)
Chain 4:                57.183 seconds (Total)
Chain 4: 

SAMPLING FOR MODEL 'ratio_v2_joint_bb' NOW (CHAIN 1).

SAMPLING FOR MODEL 'ratio_v2_joint_bb' NOW (CHAIN 2).
Chain 1: 
Chain 1: Gradient evaluation took 0.000831 seconds
Chain 1: 1000 transitions using 10 leapfrog steps per transition would take 8.31 seconds.
Chain 1: Adjust your expectations accordingly!
Chain 1: 
Chain 1: 
Chain 
SAMPLING1:  FOR MODEL 'ratio_v2_joint_bbIteration:    1 / 4000 [  0%]  (Warmup)
' NOW (CHAIN 3).
Chain 2: 
Chain 2: Gradient evaluation took 0.000802 seconds
Chain 2: 1000 transitions using 10 leapfrog steps per transition would take 8.02 seconds.
Chain 2: Adjust your expectations accordingly!
Chain 2: 
Chain 2: 
Chain 2: Iteration:    1 / 4000 [  0%]  (Warmup)

SAMPLING FOR MODEL 'ratio_v2_joint_bb' NOW (CHAIN 4).
Chain 3: 
Chain 3: Gradient evaluation took 0.000932 seconds
Chain 3: 1000 transitions using 10 leapfrog steps per transition would take 9.32 seconds.
Chain 3: Adjust your expectations accordingly!
Chain 3: 
Chain 3: 
Chain 3: Iteration:    1 / 4000 [  0%]  (Warmup)
Chain 4: 
Chain 4: Gradient evaluation took 0.000794 seconds
Chain 4: 1000 transitions using 10 leapfrog steps per transition would take 7.94 seconds.
Chain 4: Adjust your expectations accordingly!
Chain 4: 
Chain 4: 
Chain 4: Iteration:    1 / 4000 [  0%]  (Warmup)
Chain 3: Iteration:  400 / 4000 [ 10%]  (Warmup)
Chain 2: Iteration:  400 / 4000 [ 10%]  (Warmup)
Chain 1: Iteration:  400 / 4000 [ 10%]  (Warmup)
Chain 4: Iteration:  400 / 4000 [ 10%]  (Warmup)
Chain 3: Iteration:  800 / 4000 [ 20%]  (Warmup)
Chain 2: Iteration:  800 / 4000 [ 20%]  (Warmup)
Chain 1: Iteration:  800 / 4000 [ 20%]  (Warmup)
Chain 4: Iteration:  800 / 4000 [ 20%]  (Warmup)
Chain 2: Iteration: 1200 / 4000 [ 30%]  (Warmup)
Chain 3: Iteration: 1200 / 4000 [ 30%]  (Warmup)
Chain 1: Iteration: 1200 / 4000 [ 30%]  (Warmup)
Chain 4: Iteration: 1200 / 4000 [ 30%]  (Warmup)
Chain 2: Iteration: 1600 / 4000 [ 40%]  (Warmup)
Chain 3: Iteration: 1600 / 4000 [ 40%]  (Warmup)
Chain 1: Iteration: 1600 / 4000 [ 40%]  (Warmup)
Chain 4: Iteration: 1600 / 4000 [ 40%]  (Warmup)
Chain 2: Iteration: 2000 / 4000 [ 50%]  (Warmup)
Chain 2: Iteration: 2001 / 4000 [ 50%]  (Sampling)
Chain 3: Iteration: 2000 / 4000 [ 50%]  (Warmup)
Chain 3: Iteration: 2001 / 4000 [ 50%]  (Sampling)
Chain 1: Iteration: 2000 / 4000 [ 50%]  (Warmup)
Chain 1: Iteration: 2001 / 4000 [ 50%]  (Sampling)
Chain 4: Iteration: 2000 / 4000 [ 50%]  (Warmup)
Chain 4: Iteration: 2001 / 4000 [ 50%]  (Sampling)
Chain 3: Iteration: 2400 / 4000 [ 60%]  (Sampling)
Chain 2: Iteration: 2400 / 4000 [ 60%]  (Sampling)
Chain 1: Iteration: 2400 / 4000 [ 60%]  (Sampling)
Chain 4: Iteration: 2400 / 4000 [ 60%]  (Sampling)
Chain 3: Iteration: 2800 / 4000 [ 70%]  (Sampling)
Chain 2: Iteration: 2800 / 4000 [ 70%]  (Sampling)
Chain 1: Iteration: 2800 / 4000 [ 70%]  (Sampling)
Chain 4: Iteration: 2800 / 4000 [ 70%]  (Sampling)
Chain 3: Iteration: 3200 / 4000 [ 80%]  (Sampling)
Chain 2: Iteration: 3200 / 4000 [ 80%]  (Sampling)
Chain 4: Iteration: 3200 / 4000 [ 80%]  (Sampling)
Chain 1: Iteration: 3200 / 4000 [ 80%]  (Sampling)
Chain 3: Iteration: 3600 / 4000 [ 90%]  (Sampling)
Chain 2: Iteration: 3600 / 4000 [ 90%]  (Sampling)
Chain 4: Iteration: 3600 / 4000 [ 90%]  (Sampling)
Chain 3: Iteration: 4000 / 4000 [100%]  (Sampling)
Chain 3: 
Chain 3:  Elapsed Time: 13.479 seconds (Warm-up)
Chain 3:                12.267 seconds (Sampling)
Chain 3:                25.746 seconds (Total)
Chain 3: 
Chain 1: Iteration: 3600 / 4000 [ 90%]  (Sampling)
Chain 2: Iteration: 4000 / 4000 [100%]  (Sampling)
Chain 2: 
Chain 2:  Elapsed Time: 13.377 seconds (Warm-up)
Chain 2:                13.596 seconds (Sampling)
Chain 2:                26.973 seconds (Total)
Chain 2: 
Chain 4: Iteration: 4000 / 4000 [100%]  (Sampling)
Chain 4: 
Chain 4:  Elapsed Time: 15.257 seconds (Warm-up)
Chain 4:                12.31 seconds (Sampling)
Chain 4:                27.567 seconds (Total)
Chain 4: 
Chain 1: Iteration: 4000 / 4000 [100%]  (Sampling)
Chain 1: 
Chain 1:  Elapsed Time: 14.467 seconds (Warm-up)
Chain 1:                14.54 seconds (Sampling)
Chain 1:                29.007 seconds (Total)
Chain 1: 

SAMPLING FOR MODEL 'ratio_v2_joint_bb' NOW (CHAIN 1).

SAMPLING FOR MODEL 'ratio_v2_joint_bb' NOW (CHAIN 2).
Chain 1: 
Chain 1: Gradient evaluation took 0.000868 seconds
Chain 1: 1000 transitions using 10 leapfrog steps per transition would take 8.68 seconds.
Chain 1: Adjust your expectations accordingly!
Chain 1: 
Chain 1: 
Chain 1: Iteration:    1 / 4000 [  0%]  (Warmup)

SAMPLING FOR MODEL 'ratio_v2_joint_bb' NOW (CHAIN 3).
Chain 2: 
Chain 2: Gradient evaluation took 0.000857 seconds
Chain 2: 1000 transitions using 10 leapfrog steps per transition would take 8.57 seconds.
Chain 2: Adjust your expectations accordingly!
Chain 2: 
Chain 2: 
Chain 2: Iteration:    1 / 4000 [  0%]  (Warmup)

SAMPLING FOR MODEL 'ratio_v2_joint_bb' NOW (CHAIN 4).
Chain 3: 
Chain 3: Gradient evaluation took 0.000979 seconds
Chain 3: 1000 transitions using 10 leapfrog steps per transition would take 9.79 seconds.
Chain 3: Adjust your expectations accordingly!
Chain 3: 
Chain 3: 
Chain 3: Iteration:    1 / 4000 [  0%]  (Warmup)
Chain 4: 
Chain 4: Gradient evaluation took 0.000834 seconds
Chain 4: 1000 transitions using 10 leapfrog steps per transition would take 8.34 seconds.
Chain 4: Adjust your expectations accordingly!
Chain 4: 
Chain 4: 
Chain 4: Iteration:    1 / 4000 [  0%]  (Warmup)
Chain 2: Iteration:  400 / 4000 [ 10%]  (Warmup)
Chain 3: Iteration:  400 / 4000 [ 10%]  (Warmup)
Chain 1: Iteration:  400 / 4000 [ 10%]  (Warmup)
Chain 4: Iteration:  400 / 4000 [ 10%]  (Warmup)
Chain 3: Iteration:  800 / 4000 [ 20%]  (Warmup)
Chain 2: Iteration:  800 / 4000 [ 20%]  (Warmup)
Chain 1: Iteration:  800 / 4000 [ 20%]  (Warmup)
Chain 4: Iteration:  800 / 4000 [ 20%]  (Warmup)
Chain 3: Iteration: 1200 / 4000 [ 30%]  (Warmup)
Chain 1: Iteration: 1200 / 4000 [ 30%]  (Warmup)
Chain 2: Iteration: 1200 / 4000 [ 30%]  (Warmup)
Chain 4: Iteration: 1200 / 4000 [ 30%]  (Warmup)
Chain 3: Iteration: 1600 / 4000 [ 40%]  (Warmup)
Chain 1: Iteration: 1600 / 4000 [ 40%]  (Warmup)
Chain 2: Iteration: 1600 / 4000 [ 40%]  (Warmup)
Chain 4: Iteration: 1600 / 4000 [ 40%]  (Warmup)
Chain 3: Iteration: 2000 / 4000 [ 50%]  (Warmup)
Chain 3: Iteration: 2001 / 4000 [ 50%]  (Sampling)
Chain 1: Iteration: 2000 / 4000 [ 50%]  (Warmup)
Chain 1: Iteration: 2001 / 4000 [ 50%]  (Sampling)
Chain 2: Iteration: 2000 / 4000 [ 50%]  (Warmup)
Chain 2: Iteration: 2001 / 4000 [ 50%]  (Sampling)
Chain 4: Iteration: 2000 / 4000 [ 50%]  (Warmup)
Chain 4: Iteration: 2001 / 4000 [ 50%]  (Sampling)
Chain 3: Iteration: 2400 / 4000 [ 60%]  (Sampling)
Chain 1: Iteration: 2400 / 4000 [ 60%]  (Sampling)
Chain 2: Iteration: 2400 / 4000 [ 60%]  (Sampling)
Chain 4: Iteration: 2400 / 4000 [ 60%]  (Sampling)
Chain 3: Iteration: 2800 / 4000 [ 70%]  (Sampling)
Chain 1: Iteration: 2800 / 4000 [ 70%]  (Sampling)
Chain 2: Iteration: 2800 / 4000 [ 70%]  (Sampling)
Chain 4: Iteration: 2800 / 4000 [ 70%]  (Sampling)
Chain 3: Iteration: 3200 / 4000 [ 80%]  (Sampling)
Chain 4: Iteration: 3200 / 4000 [ 80%]  (Sampling)
Chain 1: Iteration: 3200 / 4000 [ 80%]  (Sampling)
Chain 2: Iteration: 3200 / 4000 [ 80%]  (Sampling)
Chain 3: Iteration: 3600 / 4000 [ 90%]  (Sampling)
Chain 4: Iteration: 3600 / 4000 [ 90%]  (Sampling)
Chain 2: Iteration: 3600 / 4000 [ 90%]  (Sampling)
Chain 1: Iteration: 3600 / 4000 [ 90%]  (Sampling)
Chain 4: Iteration: 4000 / 4000 [100%]  (Sampling)
Chain 4: 
Chain 4:  Elapsed Time: 17.915 seconds (Warm-up)
Chain 4:                14.846 seconds (Sampling)
Chain 4:                32.761 seconds (Total)
Chain 4: 
Chain 3: Iteration: 4000 / 4000 [100%]  (Sampling)
Chain 3: 
Chain 3:  Elapsed Time: 16.036 seconds (Warm-up)
Chain 3:                16.893 seconds (Sampling)
Chain 3:                32.929 seconds (Total)
Chain 3: 
Chain 2: Iteration: 4000 / 4000 [100%]  (Sampling)
Chain 2: 
Chain 2:  Elapsed Time: 17.053 seconds (Warm-up)
Chain 2:                16.952 seconds (Sampling)
Chain 2:                34.005 seconds (Total)
Chain 2: 
Chain 1: Iteration: 4000 / 4000 [100%]  (Sampling)
Chain 1: 
Chain 1:  Elapsed Time: 16.73 seconds (Warm-up)
Chain 1:                17.551 seconds (Sampling)
Chain 1:                34.281 seconds (Total)
Chain 1: 

SAMPLING FOR MODEL 'ratio_v2_joint_bb' NOW (CHAIN 1).

SAMPLING FOR MODEL 'ratio_v2_joint_bb' NOW (CHAIN 2).

SAMPLING FOR MODEL 'ratio_v2_joint_bb' NOW (CHAIN 3).

SAMPLING FOR MODEL 'ratio_v2_joint_bb' NOW (CHAIN 4).
Chain 1: 
Chain 1: Gradient evaluation took 0.00126 seconds
Chain 1: 1000 transitions using 10 leapfrog steps per transition would take 12.6 seconds.
Chain 1: Adjust your expectations accordingly!
Chain 1: 
Chain 1: 
Chain 1: Iteration:    1 / 4000 [  0%]  (Warmup)
Chain 2: 
Chain 2: Gradient evaluation took 0.001012 seconds
Chain 2: 1000 transitions using 10 leapfrog steps per transition would take 10.12 seconds.
Chain 2: Adjust your expectations accordingly!
Chain 2: 
Chain 2: 
Chain 2: Iteration:    1 / 4000 [  0%]  (Warmup)
Chain 3: 
Chain 3: Gradient evaluation took 0.001131 seconds
Chain 3: 1000 transitions using 10 leapfrog steps per transition would take 11.31 seconds.
Chain 3: Adjust your expectations accordingly!
Chain 3: 
Chain 3: 
Chain 3: Iteration:    1 / 4000 [  0%]  (Warmup)
Chain 4: 
Chain 4: Gradient evaluation took 0.000951 seconds
Chain 4: 1000 transitions using 10 leapfrog steps per transition would take 9.51 seconds.
Chain 4: Adjust your expectations accordingly!
Chain 4: 
Chain 4: 
Chain 4: Iteration:    1 / 4000 [  0%]  (Warmup)
Chain 1: Iteration:  400 / 4000 [ 10%]  (Warmup)
Chain 3: Iteration:  400 / 4000 [ 10%]  (Warmup)
Chain 2: Iteration:  400 / 4000 [ 10%]  (Warmup)
Chain 4: Iteration:  400 / 4000 [ 10%]  (Warmup)
Chain 3: Iteration:  800 / 4000 [ 20%]  (Warmup)
Chain 2: Iteration:  800 / 4000 [ 20%]  (Warmup)
Chain 1: Iteration:  800 / 4000 [ 20%]  (Warmup)
Chain 4: Iteration:  800 / 4000 [ 20%]  (Warmup)
Chain 2: Iteration: 1200 / 4000 [ 30%]  (Warmup)
Chain 1: Iteration: 1200 / 4000 [ 30%]  (Warmup)
Chain 4: Iteration: 1200 / 4000 [ 30%]  (Warmup)
Chain 3: Iteration: 1200 / 4000 [ 30%]  (Warmup)
Chain 2: Iteration: 1600 / 4000 [ 40%]  (Warmup)
Chain 1: Iteration: 1600 / 4000 [ 40%]  (Warmup)
Chain 4: Iteration: 1600 / 4000 [ 40%]  (Warmup)
Chain 3: Iteration: 1600 / 4000 [ 40%]  (Warmup)
Chain 2: Iteration: 2000 / 4000 [ 50%]  (Warmup)
Chain 2: Iteration: 2001 / 4000 [ 50%]  (Sampling)
Chain 4: Iteration: 2000 / 4000 [ 50%]  (Warmup)
Chain 4: Iteration: 2001 / 4000 [ 50%]  (Sampling)
Chain 1: Iteration: 2000 / 4000 [ 50%]  (Warmup)
Chain 1: Iteration: 2001 / 4000 [ 50%]  (Sampling)
Chain 3: Iteration: 2000 / 4000 [ 50%]  (Warmup)
Chain 3: Iteration: 2001 / 4000 [ 50%]  (Sampling)
Chain 2: Iteration: 2400 / 4000 [ 60%]  (Sampling)
Chain 4: Iteration: 2400 / 4000 [ 60%]  (Sampling)
Chain 1: Iteration: 2400 / 4000 [ 60%]  (Sampling)
Chain 2: Iteration: 2800 / 4000 [ 70%]  (Sampling)
Chain 3: Iteration: 2400 / 4000 [ 60%]  (Sampling)
Chain 4: Iteration: 2800 / 4000 [ 70%]  (Sampling)
Chain 2: Iteration: 3200 / 4000 [ 80%]  (Sampling)
Chain 1: Iteration: 2800 / 4000 [ 70%]  (Sampling)
Chain 3: Iteration: 2800 / 4000 [ 70%]  (Sampling)
Chain 4: Iteration: 3200 / 4000 [ 80%]  (Sampling)
Chain 2: Iteration: 3600 / 4000 [ 90%]  (Sampling)
Chain 1: Iteration: 3200 / 4000 [ 80%]  (Sampling)
Chain 2: Iteration: 4000 / 4000 [100%]  (Sampling)
Chain 2: 
Chain 2:  Elapsed Time: 22.547 seconds (Warm-up)
Chain 2:                20.429 seconds (Sampling)
Chain 2:                42.976 seconds (Total)
Chain 2: 
Chain 3: Iteration: 3200 / 4000 [ 80%]  (Sampling)
Chain 4: Iteration: 3600 / 4000 [ 90%]  (Sampling)
Chain 1: Iteration: 3600 / 4000 [ 90%]  (Sampling)
Chain 4: Iteration: 4000 / 4000 [100%]  (Sampling)
Chain 4: 
Chain 4:  Elapsed Time: 23.739 seconds (Warm-up)
Chain 4:                24.602 seconds (Sampling)
Chain 4:                48.341 seconds (Total)
Chain 4: 
Chain 3: Iteration: 3600 / 4000 [ 90%]  (Sampling)
Chain 1: Iteration: 4000 / 4000 [100%]  (Sampling)
Chain 1: 
Chain 1:  Elapsed Time: 24.035 seconds (Warm-up)
Chain 1:                29.255 seconds (Sampling)
Chain 1:                53.29 seconds (Total)
Chain 1: 
Chain 3: Iteration: 4000 / 4000 [100%]  (Sampling)
Chain 3: 
Chain 3:  Elapsed Time: 25.264 seconds (Warm-up)
Chain 3:                30.805 seconds (Sampling)
Chain 3:                56.069 seconds (Total)
Chain 3: 

SAMPLING FOR MODEL 'ratio_v2_joint_bb' NOW (CHAIN 1).

SAMPLING FOR MODEL 'ratio_v2_joint_bb' NOW (CHAIN 2).
Chain 1: 
Chain 1: Gradient evaluation took 0.00114 seconds
Chain 1: 1000 transitions using 10 leapfrog steps per transition would take 11.4 seconds.
Chain 1: Adjust your expectations accordingly!
Chain 1: 
Chain 1: 
Chain 1: Iteration:    1 / 4000 [  0%]  (Warmup)

SAMPLING FOR MODEL 'ratio_v2_joint_bb' NOW (CHAIN 3).
Chain 2: 
Chain 2: Gradient evaluation took 0.001008 seconds
Chain 2: 1000 transitions using 10 leapfrog steps per transition would take 10.08 seconds.
Chain 2: Adjust your expectations accordingly!
Chain 2: 
Chain 2: 
Chain 2: Iteration:    1 / 4000 [  0%]  (Warmup)

SAMPLING FOR MODEL 'ratio_v2_joint_bb' NOW (CHAIN 4).
Chain 3: 
Chain 3: Gradient evaluation took 0.001139 seconds
Chain 3: 1000 transitions using 10 leapfrog steps per transition would take 11.39 seconds.
Chain 3: Adjust your expectations accordingly!
Chain 3: 
Chain 3: 
Chain 3: Iteration:    1 / 4000 [  0%]  (Warmup)
Chain 4: 
Chain 4: Gradient evaluation took 0.000925 seconds
Chain 4: 1000 transitions using 10 leapfrog steps per transition would take 9.25 seconds.
Chain 4: Adjust your expectations accordingly!
Chain 4: 
Chain 4: 
Chain 4: Iteration:    1 / 4000 [  0%]  (Warmup)
Chain 3: Iteration:  400 / 4000 [ 10%]  (Warmup)
Chain 2: Iteration:  400 / 4000 [ 10%]  (Warmup)
Chain 1: Iteration:  400 / 4000 [ 10%]  (Warmup)
Chain 4: Iteration:  400 / 4000 [ 10%]  (Warmup)
Chain 3: Iteration:  800 / 4000 [ 20%]  (Warmup)
Chain 1: Iteration:  800 / 4000 [ 20%]  (Warmup)
Chain 4: Iteration:  800 / 4000 [ 20%]  (Warmup)
Chain 2: Iteration:  800 / 4000 [ 20%]  (Warmup)
Chain 3: Iteration: 1200 / 4000 [ 30%]  (Warmup)
Chain 2: Iteration: 1200 / 4000 [ 30%]  (Warmup)
Chain 4: Iteration: 1200 / 4000 [ 30%]  (Warmup)
Chain 1: Iteration: 1200 / 4000 [ 30%]  (Warmup)
Chain 3: Iteration: 1600 / 4000 [ 40%]  (Warmup)
Chain 4: Iteration: 1600 / 4000 [ 40%]  (Warmup)
Chain 2: Iteration: 1600 / 4000 [ 40%]  (Warmup)
Chain 1: Iteration: 1600 / 4000 [ 40%]  (Warmup)
Chain 3: Iteration: 2000 / 4000 [ 50%]  (Warmup)
Chain 3: Iteration: 2001 / 4000 [ 50%]  (Sampling)
Chain 1: Iteration: 2000 / 4000 [ 50%]  (Warmup)
Chain 1: Iteration: 2001 / 4000 [ 50%]  (Sampling)
Chain 4: Iteration: 2000 / 4000 [ 50%]  (Warmup)
Chain 4: Iteration: 2001 / 4000 [ 50%]  (Sampling)
Chain 2: Iteration: 2000 / 4000 [ 50%]  (Warmup)
Chain 2: Iteration: 2001 / 4000 [ 50%]  (Sampling)
Chain 1: Iteration: 2400 / 4000 [ 60%]  (Sampling)
Chain 3: Iteration: 2400 / 4000 [ 60%]  (Sampling)
Chain 4: Iteration: 2400 / 4000 [ 60%]  (Sampling)
Chain 1: Iteration: 2800 / 4000 [ 70%]  (Sampling)
Chain 2: Iteration: 2400 / 4000 [ 60%]  (Sampling)
Chain 3: Iteration: 2800 / 4000 [ 70%]  (Sampling)
Chain 4: Iteration: 2800 / 4000 [ 70%]  (Sampling)
Chain 1: Iteration: 3200 / 4000 [ 80%]  (Sampling)
Chain 3: Iteration: 3200 / 4000 [ 80%]  (Sampling)
Chain 2: Iteration: 2800 / 4000 [ 70%]  (Sampling)
Chain 4: Iteration: 3200 / 4000 [ 80%]  (Sampling)
Chain 1: Iteration: 3600 / 4000 [ 90%]  (Sampling)
Chain 1: Iteration: 4000 / 4000 [100%]  (Sampling)
Chain 1: 
Chain 1:  Elapsed Time: 21.287 seconds (Warm-up)
Chain 1:                17.538 seconds (Sampling)
Chain 1:                38.825 seconds (Total)
Chain 1: 
Chain 4: Iteration: 3600 / 4000 [ 90%]  (Sampling)
Chain 3: Iteration: 3600 / 4000 [ 90%]  (Sampling)
Chain 2: Iteration: 3200 / 4000 [ 80%]  (Sampling)
Chain 4: Iteration: 4000 / 4000 [100%]  (Sampling)
Chain 4: 
Chain 4:  Elapsed Time: 21.288 seconds (Warm-up)
Chain 4:                22.148 seconds (Sampling)
Chain 4:                43.436 seconds (Total)
Chain 4: 
Chain 3: Iteration: 4000 / 4000 [100%]  (Sampling)
Chain 3: 
Chain 3:  Elapsed Time: 20.57 seconds (Warm-up)
Chain 3:                23.262 seconds (Sampling)
Chain 3:                43.832 seconds (Total)
Chain 3: 
Chain 2: Iteration: 3600 / 4000 [ 90%]  (Sampling)
Chain 2: Iteration: 4000 / 4000 [100%]  (Sampling)
Chain 2: 
Chain 2:  Elapsed Time: 21.749 seconds (Warm-up)
Chain 2:                32.053 seconds (Sampling)
Chain 2:                53.802 seconds (Total)
Chain 2: 

SAMPLING FOR MODEL 'ratio_v2_joint_bb' NOW (CHAIN 1).

SAMPLING FOR MODEL 'ratio_v2_joint_bb' NOW (CHAIN 2).

SAMPLING FOR MODEL 'ratio_v2_joint_bb' NOW (CHAIN 3).

SAMPLING FOR MODEL 'ratio_v2_joint_bb' NOW (CHAIN 4).
Chain 1: 
Chain 1: Gradient evaluation took 0.001168 seconds
Chain 1: 1000 transitions using 10 leapfrog steps per transition would take 11.68 seconds.
Chain 1: Adjust your expectations accordingly!
Chain 1: 
Chain 1: 
Chain 1: Iteration:    1 / 4000 [  0%]  (Warmup)
Chain 2: 
Chain 2: Gradient evaluation took 0.000956 seconds
Chain 2: 1000 transitions using 10 leapfrog steps per transition would take 9.56 seconds.
Chain 2: Adjust your expectations accordingly!
Chain 2: 
Chain 2: 
Chain 2: Iteration:    1 / 4000 [  0%]  (Warmup)
Chain 3: 
Chain 3: Gradient evaluation took 0.001149 seconds
Chain 3: 1000 transitions using 10 leapfrog steps per transition would take 11.49 seconds.
Chain 3: Adjust your expectations accordingly!
Chain 3: 
Chain 3: 
Chain 3: Iteration:    1 / 4000 [  0%]  (Warmup)
Chain 4: 
Chain 4: Gradient evaluation took 0.000987 seconds
Chain 4: 1000 transitions using 10 leapfrog steps per transition would take 9.87 seconds.
Chain 4: Adjust your expectations accordingly!
Chain 4: 
Chain 4: 
Chain 4: Iteration:    1 / 4000 [  0%]  (Warmup)
Chain 3: Iteration:  400 / 4000 [ 10%]  (Warmup)
Chain 1: Iteration:  400 / 4000 [ 10%]  (Warmup)
Chain 2: Iteration:  400 / 4000 [ 10%]  (Warmup)
Chain 4: Iteration:  400 / 4000 [ 10%]  (Warmup)
Chain 3: Iteration:  800 / 4000 [ 20%]  (Warmup)
Chain 1: Iteration:  800 / 4000 [ 20%]  (Warmup)
Chain 2: Iteration:  800 / 4000 [ 20%]  (Warmup)
Chain 4: Iteration:  800 / 4000 [ 20%]  (Warmup)
Chain 3: Iteration: 1200 / 4000 [ 30%]  (Warmup)
Chain 1: Iteration: 1200 / 4000 [ 30%]  (Warmup)
Chain 2: Iteration: 1200 / 4000 [ 30%]  (Warmup)
Chain 4: Iteration: 1200 / 4000 [ 30%]  (Warmup)
Chain 3: Iteration: 1600 / 4000 [ 40%]  (Warmup)
Chain 1: Iteration: 1600 / 4000 [ 40%]  (Warmup)
Chain 2: Iteration: 1600 / 4000 [ 40%]  (Warmup)
Chain 4: Iteration: 1600 / 4000 [ 40%]  (Warmup)
Chain 3: Iteration: 2000 / 4000 [ 50%]  (Warmup)
Chain 3: Iteration: 2001 / 4000 [ 50%]  (Sampling)
Chain 1: Iteration: 2000 / 4000 [ 50%]  (Warmup)
Chain 1: Iteration: 2001 / 4000 [ 50%]  (Sampling)
Chain 2: Iteration: 2000 / 4000 [ 50%]  (Warmup)
Chain 2: Iteration: 2001 / 4000 [ 50%]  (Sampling)
Chain 4: Iteration: 2000 / 4000 [ 50%]  (Warmup)
Chain 4: Iteration: 2001 / 4000 [ 50%]  (Sampling)
Chain 3: Iteration: 2400 / 4000 [ 60%]  (Sampling)
Chain 1: Iteration: 2400 / 4000 [ 60%]  (Sampling)
Chain 4: Iteration: 2400 / 4000 [ 60%]  (Sampling)
Chain 2: Iteration: 2400 / 4000 [ 60%]  (Sampling)
Chain 3: Iteration: 2800 / 4000 [ 70%]  (Sampling)
Chain 4: Iteration: 2800 / 4000 [ 70%]  (Sampling)
Chain 1: Iteration: 2800 / 4000 [ 70%]  (Sampling)
Chain 2: Iteration: 2800 / 4000 [ 70%]  (Sampling)
Chain 3: Iteration: 3200 / 4000 [ 80%]  (Sampling)
Chain 4: Iteration: 3200 / 4000 [ 80%]  (Sampling)
Chain 3: Iteration: 3600 / 4000 [ 90%]  (Sampling)
Chain 1: Iteration: 3200 / 4000 [ 80%]  (Sampling)
Chain 2: Iteration: 3200 / 4000 [ 80%]  (Sampling)
Chain 4: Iteration: 3600 / 4000 [ 90%]  (Sampling)
Chain 3: Iteration: 4000 / 4000 [100%]  (Sampling)
Chain 3: 
Chain 3:  Elapsed Time: 22.173 seconds (Warm-up)
Chain 3:                21.012 seconds (Sampling)
Chain 3:                43.185 seconds (Total)
Chain 3: 
Chain 1: Iteration: 3600 / 4000 [ 90%]  (Sampling)
Chain 2: Iteration: 3600 / 4000 [ 90%]  (Sampling)
Chain 4: Iteration: 4000 / 4000 [100%]  (Sampling)
Chain 4: 
Chain 4:  Elapsed Time: 24.632 seconds (Warm-up)
Chain 4:                21.098 seconds (Sampling)
Chain 4:                45.73 seconds (Total)
Chain 4: 
Chain 1: Iteration: 4000 / 4000 [100%]  (Sampling)
Chain 1: 
Chain 1:  Elapsed Time: 23.727 seconds (Warm-up)
Chain 1:                26.349 seconds (Sampling)
Chain 1:                50.076 seconds (Total)
Chain 1: 
Chain 2: Iteration: 4000 / 4000 [100%]  (Sampling)
Chain 2: 
Chain 2:  Elapsed Time: 23.976 seconds (Warm-up)
Chain 2:                26.38 seconds (Sampling)
Chain 2:                50.356 seconds (Total)
Chain 2: 

SAMPLING FOR MODEL 'ratio_v2_joint_bb' NOW (CHAIN 1).

SAMPLING FOR MODEL 'ratio_v2_joint_bb' NOW (CHAIN 2).
Chain 1: 
Chain 1: Gradient evaluation took 0.000944 seconds
Chain 1: 1000 transitions using 10 leapfrog steps per transition would take 9.44 seconds.
Chain 1: Adjust your expectations accordingly!
Chain 1: 
Chain 1: 
Chain 1: Iteration:    1 / 4000 [  0%]  (Warmup)

SAMPLING FOR MODEL 'ratio_v2_joint_bb' NOW (CHAIN 3).
Chain 2: 
Chain 2: Gradient evaluation took 0.000818 seconds
Chain 2: 1000 transitions using 10 leapfrog steps per transition would take 8.18 seconds.
Chain 2: Adjust your expectations accordingly!
Chain 2: 
Chain 2: 
Chain 2: Iteration:    1 / 4000 [  0%]  (Warmup)

SAMPLING FOR MODEL 'ratio_v2_joint_bb' NOW (CHAIN 4).
Chain 3: 
Chain 3: Gradient evaluation took 0.000902 seconds
Chain 3: 1000 transitions using 10 leapfrog steps per transition would take 9.02 seconds.
Chain 3: Adjust your expectations accordingly!
Chain 3: 
Chain 3: 
Chain 3: Iteration:    1 / 4000 [  0%]  (Warmup)
Chain 4: 
Chain 4: Gradient evaluation took 0.000787 seconds
Chain 4: 1000 transitions using 10 leapfrog steps per transition would take 7.87 seconds.
Chain 4: Adjust your expectations accordingly!
Chain 4: 
Chain 4: 
Chain 4: Iteration:    1 / 4000 [  0%]  (Warmup)
Chain 1: Iteration:  400 / 4000 [ 10%]  (Warmup)
Chain 3: Iteration:  400 / 4000 [ 10%]  (Warmup)
Chain 2: Iteration:  400 / 4000 [ 10%]  (Warmup)
Chain 4: Iteration:  400 / 4000 [ 10%]  (Warmup)
Chain 3: Iteration:  800 / 4000 [ 20%]  (Warmup)
Chain 1: Iteration:  800 / 4000 [ 20%]  (Warmup)
Chain 4: Iteration:  800 / 4000 [ 20%]  (Warmup)
Chain 2: Iteration:  800 / 4000 [ 20%]  (Warmup)
Chain 3: Iteration: 1200 / 4000 [ 30%]  (Warmup)
Chain 1: Iteration: 1200 / 4000 [ 30%]  (Warmup)
Chain 2: Iteration: 1200 / 4000 [ 30%]  (Warmup)
Chain 4: Iteration: 1200 / 4000 [ 30%]  (Warmup)
Chain 3: Iteration: 1600 / 4000 [ 40%]  (Warmup)
Chain 1: Iteration: 1600 / 4000 [ 40%]  (Warmup)
Chain 2: Iteration: 1600 / 4000 [ 40%]  (Warmup)
Chain 4: Iteration: 1600 / 4000 [ 40%]  (Warmup)
Chain 3: Iteration: 2000 / 4000 [ 50%]  (Warmup)
Chain 3: Iteration: 2001 / 4000 [ 50%]  (Sampling)
Chain 1: Iteration: 2000 / 4000 [ 50%]  (Warmup)
Chain 1: Iteration: 2001 / 4000 [ 50%]  (Sampling)
Chain 2: Iteration: 2000 / 4000 [ 50%]  (Warmup)
Chain 2: Iteration: 2001 / 4000 [ 50%]  (Sampling)
Chain 4: Iteration: 2000 / 4000 [ 50%]  (Warmup)
Chain 4: Iteration: 2001 / 4000 [ 50%]  (Sampling)
Chain 1: Iteration: 2400 / 4000 [ 60%]  (Sampling)
Chain 3: Iteration: 2400 / 4000 [ 60%]  (Sampling)
Chain 2: Iteration: 2400 / 4000 [ 60%]  (Sampling)
Chain 4: Iteration: 2400 / 4000 [ 60%]  (Sampling)
Chain 1: Iteration: 2800 / 4000 [ 70%]  (Sampling)
Chain 2: Iteration: 2800 / 4000 [ 70%]  (Sampling)
Chain 3: Iteration: 2800 / 4000 [ 70%]  (Sampling)
Chain 4: Iteration: 2800 / 4000 [ 70%]  (Sampling)
Chain 1: Iteration: 3200 / 4000 [ 80%]  (Sampling)
Chain 2: Iteration: 3200 / 4000 [ 80%]  (Sampling)
Chain 3: Iteration: 3200 / 4000 [ 80%]  (Sampling)
Chain 1: Iteration: 3600 / 4000 [ 90%]  (Sampling)
Chain 4: Iteration: 3200 / 4000 [ 80%]  (Sampling)
Chain 2: Iteration: 3600 / 4000 [ 90%]  (Sampling)
Chain 3: Iteration: 3600 / 4000 [ 90%]  (Sampling)
Chain 1: Iteration: 4000 / 4000 [100%]  (Sampling)
Chain 1: 
Chain 1:  Elapsed Time: 16.226 seconds (Warm-up)
Chain 1:                14.466 seconds (Sampling)
Chain 1:                30.692 seconds (Total)
Chain 1: 
Chain 2: Iteration: 4000 / 4000 [100%]  (Sampling)
Chain 2: 
Chain 2:  Elapsed Time: 16.831 seconds (Warm-up)
Chain 2:                15.337 seconds (Sampling)
Chain 2:                32.168 seconds (Total)
Chain 2: 
Chain 4: Iteration: 3600 / 4000 [ 90%]  (Sampling)
Chain 3: Iteration: 4000 / 4000 [100%]  (Sampling)
Chain 3: 
Chain 3:  Elapsed Time: 15.913 seconds (Warm-up)
Chain 3:                17.862 seconds (Sampling)
Chain 3:                33.775 seconds (Total)
Chain 3: 
Chain 4: Iteration: 4000 / 4000 [100%]  (Sampling)
Chain 4: 
Chain 4:  Elapsed Time: 17.121 seconds (Warm-up)
Chain 4:                18.885 seconds (Sampling)
Chain 4:                36.006 seconds (Total)
Chain 4: 

SAMPLING FOR MODEL 'ratio_v2_joint_bb' NOW (CHAIN 1).

SAMPLING FOR MODEL 'ratio_v2_joint_bb' NOW (CHAIN 2).
Chain 1: 
Chain 1: Gradient evaluation took 0.000866 seconds
Chain 1: 1000 transitions using 10 leapfrog steps per transition would take 8.66 seconds.
Chain 1: Adjust your expectations accordingly!
Chain 1: 
Chain 1: 
Chain 1: Iteration:    1 / 4000 [  0%]  (Warmup)

SAMPLING FOR MODEL 'ratio_v2_joint_bb' NOW (CHAIN 3).
Chain 2: 
Chain 2: Gradient evaluation took 0.000817 seconds
Chain 2: 1000 transitions using 10 leapfrog steps per transition would take 8.17 seconds.
Chain 2: Adjust your expectations accordingly!
Chain 2: 
Chain 2: 
Chain 2: Iteration:    1 / 4000 [  0%]  (Warmup)

SAMPLING FOR MODEL 'ratio_v2_joint_bb' NOW (CHAIN 4).
Chain 3: 
Chain 3: Gradient evaluation took 0.000828 seconds
Chain 3: 1000 transitions using 10 leapfrog steps per transition would take 8.28 seconds.
Chain 3: Adjust your expectations accordingly!
Chain 3: 
Chain 3: 
Chain 3: Iteration:    1 / 4000 [  0%]  (Warmup)
Chain 4: 
Chain 4: Gradient evaluation took 0.000809 seconds
Chain 4: 1000 transitions using 10 leapfrog steps per transition would take 8.09 seconds.
Chain 4: Adjust your expectations accordingly!
Chain 4: 
Chain 4: 
Chain 4: Iteration:    1 / 4000 [  0%]  (Warmup)
Chain 2: Iteration:  400 / 4000 [ 10%]  (Warmup)
Chain 3: Iteration:  400 / 4000 [ 10%]  (Warmup)
Chain 1: Iteration:  400 / 4000 [ 10%]  (Warmup)
Chain 4: Iteration:  400 / 4000 [ 10%]  (Warmup)
Chain 2: Iteration:  800 / 4000 [ 20%]  (Warmup)
Chain 1: Iteration:  800 / 4000 [ 20%]  (Warmup)
Chain 3: Iteration:  800 / 4000 [ 20%]  (Warmup)
Chain 4: Iteration:  800 / 4000 [ 20%]  (Warmup)
Chain 3: Iteration: 1200 / 4000 [ 30%]  (Warmup)
Chain 2: Iteration: 1200 / 4000 [ 30%]  (Warmup)
Chain 1: Iteration: 1200 / 4000 [ 30%]  (Warmup)
Chain 3: Iteration: 1600 / 4000 [ 40%]  (Warmup)
Chain 2: Iteration: 1600 / 4000 [ 40%]  (Warmup)
Chain 4: Iteration: 1200 / 4000 [ 30%]  (Warmup)
Chain 1: Iteration: 1600 / 4000 [ 40%]  (Warmup)
Chain 3: Iteration: 2000 / 4000 [ 50%]  (Warmup)
Chain 3: Iteration: 2001 / 4000 [ 50%]  (Sampling)
Chain 2: Iteration: 2000 / 4000 [ 50%]  (Warmup)
Chain 2: Iteration: 2001 / 4000 [ 50%]  (Sampling)
Chain 4: Iteration: 1600 / 4000 [ 40%]  (Warmup)
Chain 1: Iteration: 2000 / 4000 [ 50%]  (Warmup)
Chain 1: Iteration: 2001 / 4000 [ 50%]  (Sampling)
Chain 3: Iteration: 2400 / 4000 [ 60%]  (Sampling)
Chain 4: Iteration: 2000 / 4000 [ 50%]  (Warmup)
Chain 4: Iteration: 2001 / 4000 [ 50%]  (Sampling)
Chain 1: Iteration: 2400 / 4000 [ 60%]  (Sampling)
Chain 2: Iteration: 2400 / 4000 [ 60%]  (Sampling)
Chain 3: Iteration: 2800 / 4000 [ 70%]  (Sampling)
Chain 4: Iteration: 2400 / 4000 [ 60%]  (Sampling)
Chain 3: Iteration: 3200 / 4000 [ 80%]  (Sampling)
Chain 1: Iteration: 2800 / 4000 [ 70%]  (Sampling)
Chain 2: Iteration: 2800 / 4000 [ 70%]  (Sampling)
Chain 4: Iteration: 2800 / 4000 [ 70%]  (Sampling)
Chain 3: Iteration: 3600 / 4000 [ 90%]  (Sampling)
Chain 1: Iteration: 3200 / 4000 [ 80%]  (Sampling)
Chain 2: Iteration: 3200 / 4000 [ 80%]  (Sampling)
Chain 3: Iteration: 4000 / 4000 [100%]  (Sampling)
Chain 3: 
Chain 3:  Elapsed Time: 19.063 seconds (Warm-up)
Chain 3:                15.903 seconds (Sampling)
Chain 3:                34.966 seconds (Total)
Chain 3: 
Chain 4: Iteration: 3200 / 4000 [ 80%]  (Sampling)
Chain 1: Iteration: 3600 / 4000 [ 90%]  (Sampling)
Chain 4: Iteration: 3600 / 4000 [ 90%]  (Sampling)
Chain 2: Iteration: 3600 / 4000 [ 90%]  (Sampling)
Chain 1: Iteration: 4000 / 4000 [100%]  (Sampling)
Chain 1: 
Chain 1:  Elapsed Time: 20.273 seconds (Warm-up)
Chain 1:                21.084 seconds (Sampling)
Chain 1:                41.357 seconds (Total)
Chain 1: 
Chain 4: Iteration: 4000 / 4000 [100%]  (Sampling)
Chain 4: 
Chain 4:  Elapsed Time: 23.758 seconds (Warm-up)
Chain 4:                18.572 seconds (Sampling)
Chain 4:                42.33 seconds (Total)
Chain 4: 
Chain 2: Iteration: 4000 / 4000 [100%]  (Sampling)
Chain 2: 
Chain 2:  Elapsed Time: 19.845 seconds (Warm-up)
Chain 2:                25.135 seconds (Sampling)
Chain 2:                44.98 seconds (Total)
Chain 2: 

SAMPLING FOR MODEL 'ratio_v2_joint_bb' NOW (CHAIN 1).

SAMPLING FOR MODEL 'ratio_v2_joint_bb' NOW (CHAIN 2).
Chain 1: 
Chain 1: Gradient evaluation took 0.000922 seconds
Chain 1: 1000 transitions using 10 leapfrog steps per transition would take 9.22 seconds.
Chain 1: Adjust your expectations accordingly!
Chain 1: 
Chain 1: 
Chain 1: Iteration:    1 / 4000 [  0%]  (Warmup)

SAMPLING FOR MODEL 'ratio_v2_joint_bb' NOW (CHAIN 3).
Chain 2: 
Chain 2: Gradient evaluation took 0.00095 seconds
Chain 2: 1000 transitions using 10 leapfrog steps per transition would take 9.5 seconds.
Chain 2: Adjust your expectations accordingly!
Chain 2: 
Chain 2: 
Chain 2: Iteration:    1 / 4000 [  0%]  (Warmup)

SAMPLING FOR MODEL 'ratio_v2_joint_bb' NOW (CHAIN 4).
Chain 3: 
Chain 3: Gradient evaluation took 0.000891 seconds
Chain 3: 1000 transitions using 10 leapfrog steps per transition would take 8.91 seconds.
Chain 3: Adjust your expectations accordingly!
Chain 3: 
Chain 3: 
Chain 3: Iteration:    1 / 4000 [  0%]  (Warmup)
Chain 4: 
Chain 4: Gradient evaluation took 0.000889 seconds
Chain 4: 1000 transitions using 10 leapfrog steps per transition would take 8.89 seconds.
Chain 4: Adjust your expectations accordingly!
Chain 4: 
Chain 4: 
Chain 4: Iteration:    1 / 4000 [  0%]  (Warmup)
Chain 4: Iteration:  400 / 4000 [ 10%]  (Warmup)
Chain 3: Iteration:  400 / 4000 [ 10%]  (Warmup)
Chain 2: Iteration:  400 / 4000 [ 10%]  (Warmup)
Chain 1: Iteration:  400 / 4000 [ 10%]  (Warmup)
Chain 3: Iteration:  800 / 4000 [ 20%]  (Warmup)
Chain 4: Iteration:  800 / 4000 [ 20%]  (Warmup)
Chain 2: Iteration:  800 / 4000 [ 20%]  (Warmup)
Chain 1: Iteration:  800 / 4000 [ 20%]  (Warmup)
Chain 3: Iteration: 1200 / 4000 [ 30%]  (Warmup)
Chain 4: Iteration: 1200 / 4000 [ 30%]  (Warmup)
Chain 1: Iteration: 1200 / 4000 [ 30%]  (Warmup)
Chain 2: Iteration: 1200 / 4000 [ 30%]  (Warmup)
Chain 3: Iteration: 1600 / 4000 [ 40%]  (Warmup)
Chain 4: Iteration: 1600 / 4000 [ 40%]  (Warmup)
Chain 1: Iteration: 1600 / 4000 [ 40%]  (Warmup)
Chain 2: Iteration: 1600 / 4000 [ 40%]  (Warmup)
Chain 4: Iteration: 2000 / 4000 [ 50%]  (Warmup)
Chain 4: Iteration: 2001 / 4000 [ 50%]  (Sampling)
Chain 3: Iteration: 2000 / 4000 [ 50%]  (Warmup)
Chain 3: Iteration: 2001 / 4000 [ 50%]  (Sampling)
Chain 4: Iteration: 2400 / 4000 [ 60%]  (Sampling)
Chain 2: Iteration: 2000 / 4000 [ 50%]  (Warmup)
Chain 2: Iteration: 2001 / 4000 [ 50%]  (Sampling)
Chain 1: Iteration: 2000 / 4000 [ 50%]  (Warmup)
Chain 1: Iteration: 2001 / 4000 [ 50%]  (Sampling)
Chain 4: Iteration: 2800 / 4000 [ 70%]  (Sampling)
Chain 3: Iteration: 2400 / 4000 [ 60%]  (Sampling)
Chain 2: Iteration: 2400 / 4000 [ 60%]  (Sampling)
Chain 4: Iteration: 3200 / 4000 [ 80%]  (Sampling)
Chain 2: Iteration: 2800 / 4000 [ 70%]  (Sampling)
Chain 1: Iteration: 2400 / 4000 [ 60%]  (Sampling)
Chain 4: Iteration: 3600 / 4000 [ 90%]  (Sampling)
Chain 3: Iteration: 2800 / 4000 [ 70%]  (Sampling)
Chain 4: Iteration: 4000 / 4000 [100%]  (Sampling)
Chain 4: 
Chain 4:  Elapsed Time: 56.483 seconds (Warm-up)
Chain 4:                44.965 seconds (Sampling)
Chain 4:                101.448 seconds (Total)
Chain 4: 
Chain 2: Iteration: 3200 / 4000 [ 80%]  (Sampling)
Chain 1: Iteration: 2800 / 4000 [ 70%]  (Sampling)
Chain 2: Iteration: 3600 / 4000 [ 90%]  (Sampling)
Chain 3: Iteration: 3200 / 4000 [ 80%]  (Sampling)
Chain 2: Iteration: 4000 / 4000 [100%]  (Sampling)
Chain 2: 
Chain 2:  Elapsed Time: 65.83 seconds (Warm-up)
Chain 2:                61.13 seconds (Sampling)
Chain 2:                126.96 seconds (Total)
Chain 2: 
Chain 1: Iteration: 3200 / 4000 [ 80%]  (Sampling)
Chain 3: Iteration: 3600 / 4000 [ 90%]  (Sampling)
Chain 3: Iteration: 4000 / 4000 [100%]  (Sampling)
Chain 3: 
Chain 3:  Elapsed Time: 58.24 seconds (Warm-up)
Chain 3:                95.533 seconds (Sampling)
Chain 3:                153.773 seconds (Total)
Chain 3: 
Chain 1: Iteration: 3600 / 4000 [ 90%]  (Sampling)
Chain 1: Iteration: 4000 / 4000 [100%]  (Sampling)
Chain 1: 
Chain 1:  Elapsed Time: 68.056 seconds (Warm-up)
Chain 1:                108.876 seconds (Sampling)
Chain 1:                176.932 seconds (Total)
Chain 1: 

SAMPLING FOR MODEL 'ratio_v2_joint_bb' NOW (CHAIN 1).

SAMPLING FOR MODEL 'ratio_v2_joint_bb' NOW (CHAIN 2).
Chain 1: 
Chain 1: Gradient evaluation took 0.000879 seconds
Chain 1: 1000 transitions using 10 leapfrog steps per transition would take 8.79 seconds.
Chain 1: Adjust your expectations accordingly!
Chain 1: 
Chain 1: 
Chain 1: Iteration:    1 / 4000 [  0%]  (Warmup)

SAMPLING FOR MODEL 'ratio_v2_joint_bb' NOW (CHAIN 3).
Chain 2: 
Chain 2: Gradient evaluation took 0.000915 seconds
Chain 2: 1000 transitions using 10 leapfrog steps per transition would take 9.15 seconds.
Chain 2: Adjust your expectations accordingly!
Chain 2: 
Chain 2: 
Chain 2: Iteration:    1 / 4000 [  0%]  (Warmup)

SAMPLING FOR MODEL 'ratio_v2_joint_bb' NOW (CHAIN 4).
Chain 3: 
Chain 3: Gradient evaluation took 0.000878 seconds
Chain 3: 1000 transitions using 10 leapfrog steps per transition would take 8.78 seconds.
Chain 3: Adjust your expectations accordingly!
Chain 3: 
Chain 3: 
Chain 3: Iteration:    1 / 4000 [  0%]  (Warmup)
Chain 4: 
Chain 4: Gradient evaluation took 0.000944 seconds
Chain 4: 1000 transitions using 10 leapfrog steps per transition would take 9.44 seconds.
Chain 4: Adjust your expectations accordingly!
Chain 4: 
Chain 4: 
Chain 4: Iteration:    1 / 4000 [  0%]  (Warmup)
Chain 3: Iteration:  400 / 4000 [ 10%]  (Warmup)
Chain 4: Iteration:  400 / 4000 [ 10%]  (Warmup)
Chain 2: Iteration:  400 / 4000 [ 10%]  (Warmup)
Chain 1: Iteration:  400 / 4000 [ 10%]  (Warmup)
Chain 4: Iteration:  800 / 4000 [ 20%]  (Warmup)
Chain 3: Iteration:  800 / 4000 [ 20%]  (Warmup)
Chain 2: Iteration:  800 / 4000 [ 20%]  (Warmup)
Chain 1: Iteration:  800 / 4000 [ 20%]  (Warmup)
Chain 4: Iteration: 1200 / 4000 [ 30%]  (Warmup)
Chain 3: Iteration: 1200 / 4000 [ 30%]  (Warmup)
Chain 1: Iteration: 1200 / 4000 [ 30%]  (Warmup)
Chain 2: Iteration: 1200 / 4000 [ 30%]  (Warmup)
Chain 4: Iteration: 1600 / 4000 [ 40%]  (Warmup)
Chain 3: Iteration: 1600 / 4000 [ 40%]  (Warmup)
Chain 2: Iteration: 1600 / 4000 [ 40%]  (Warmup)
Chain 1: Iteration: 1600 / 4000 [ 40%]  (Warmup)
Chain 4: Iteration: 2000 / 4000 [ 50%]  (Warmup)
Chain 4: Iteration: 2001 / 4000 [ 50%]  (Sampling)
Chain 2: Iteration: 2000 / 4000 [ 50%]  (Warmup)
Chain 2: Iteration: 2001 / 4000 [ 50%]  (Sampling)
Chain 3: Iteration: 2000 / 4000 [ 50%]  (Warmup)
Chain 3: Iteration: 2001 / 4000 [ 50%]  (Sampling)
Chain 1: Iteration: 2000 / 4000 [ 50%]  (Warmup)
Chain 1: Iteration: 2001 / 4000 [ 50%]  (Sampling)
Chain 4: Iteration: 2400 / 4000 [ 60%]  (Sampling)
Chain 2: Iteration: 2400 / 4000 [ 60%]  (Sampling)
Chain 1: Iteration: 2400 / 4000 [ 60%]  (Sampling)
Chain 3: Iteration: 2400 / 4000 [ 60%]  (Sampling)
Chain 4: Iteration: 2800 / 4000 [ 70%]  (Sampling)
Chain 2: Iteration: 2800 / 4000 [ 70%]  (Sampling)
Chain 1: Iteration: 2800 / 4000 [ 70%]  (Sampling)
Chain 4: Iteration: 3200 / 4000 [ 80%]  (Sampling)
Chain 3: Iteration: 2800 / 4000 [ 70%]  (Sampling)
Chain 1: Iteration: 3200 / 4000 [ 80%]  (Sampling)
Chain 2: Iteration: 3200 / 4000 [ 80%]  (Sampling)
Chain 4: Iteration: 3600 / 4000 [ 90%]  (Sampling)
Chain 1: Iteration: 3600 / 4000 [ 90%]  (Sampling)
Chain 2: Iteration: 3600 / 4000 [ 90%]  (Sampling)
Chain 3: Iteration: 3200 / 4000 [ 80%]  (Sampling)
Chain 4: Iteration: 4000 / 4000 [100%]  (Sampling)
Chain 4: 
Chain 4:  Elapsed Time: 51.776 seconds (Warm-up)
Chain 4:                74.608 seconds (Sampling)
Chain 4:                126.384 seconds (Total)
Chain 4: 
Chain 1: Iteration: 4000 / 4000 [100%]  (Sampling)
Chain 1: 
Chain 1:  Elapsed Time: 57.748 seconds (Warm-up)
Chain 1:                70.076 seconds (Sampling)
Chain 1:                127.824 seconds (Total)
Chain 1: 
Chain 2: Iteration: 4000 / 4000 [100%]  (Sampling)
Chain 2: 
Chain 2:  Elapsed Time: 55.819 seconds (Warm-up)
Chain 2:                73.225 seconds (Sampling)
Chain 2:                129.044 seconds (Total)
Chain 2: 
Chain 3: Iteration: 3600 / 4000 [ 90%]  (Sampling)
Chain 3: Iteration: 4000 / 4000 [100%]  (Sampling)
Chain 3: 
Chain 3:  Elapsed Time: 56.708 seconds (Warm-up)
Chain 3:                99.345 seconds (Sampling)
Chain 3:                156.053 seconds (Total)
Chain 3: 

SAMPLING FOR MODEL 'ratio_v2_joint_bb' NOW (CHAIN 1).

SAMPLING FOR MODEL 'ratio_v2_joint_bb' NOW (CHAIN 2).
Chain 1: 
Chain 1: Gradient evaluation took 0.000988 seconds
Chain 1: 1000 transitions using 10 leapfrog steps per transition would take 9.88 seconds.
Chain 1: Adjust your expectations accordingly!
Chain 1: 
Chain 1: 
Chain 1: Iteration:    1 / 4000 [  0%]  (Warmup)

SAMPLING FOR MODEL 'ratio_v2_joint_bb' NOW (CHAIN 3).
Chain 2: 
Chain 2: Gradient evaluation took 0.001012 seconds
Chain 2: 1000 transitions using 10 leapfrog steps per transition would take 10.12 seconds.
Chain 2: Adjust your expectations accordingly!
Chain 2: 
Chain 2: 
Chain 2: Iteration:    1 / 4000 [  0%]  (Warmup)

SAMPLING FOR MODEL 'ratio_v2_joint_bb' NOW (CHAIN 4).
Chain 3: 
Chain 3: Gradient evaluation took 0.000981 seconds
Chain 3: 1000 transitions using 10 leapfrog steps per transition would take 9.81 seconds.
Chain 3: Adjust your expectations accordingly!
Chain 3: 
Chain 3: 
Chain 3: Iteration:    1 / 4000 [  0%]  (Warmup)
Chain 4: 
Chain 4: Gradient evaluation took 0.000971 seconds
Chain 4: 1000 transitions using 10 leapfrog steps per transition would take 9.71 seconds.
Chain 4: Adjust your expectations accordingly!
Chain 4: 
Chain 4: 
Chain 4: Iteration:    1 / 4000 [  0%]  (Warmup)
Chain 4: Iteration:  400 / 4000 [ 10%]  (Warmup)
Chain 3: Iteration:  400 / 4000 [ 10%]  (Warmup)
Chain 1: Iteration:  400 / 4000 [ 10%]  (Warmup)
Chain 2: Iteration:  400 / 4000 [ 10%]  (Warmup)
Chain 3: Iteration:  800 / 4000 [ 20%]  (Warmup)
Chain 4: Iteration:  800 / 4000 [ 20%]  (Warmup)
Chain 1: Iteration:  800 / 4000 [ 20%]  (Warmup)
Chain 2: Iteration:  800 / 4000 [ 20%]  (Warmup)
Chain 3: Iteration: 1200 / 4000 [ 30%]  (Warmup)
Chain 4: Iteration: 1200 / 4000 [ 30%]  (Warmup)
Chain 1: Iteration: 1200 / 4000 [ 30%]  (Warmup)
Chain 2: Iteration: 1200 / 4000 [ 30%]  (Warmup)
Chain 3: Iteration: 1600 / 4000 [ 40%]  (Warmup)
Chain 4: Iteration: 1600 / 4000 [ 40%]  (Warmup)
Chain 1: Iteration: 1600 / 4000 [ 40%]  (Warmup)
Chain 2: Iteration: 1600 / 4000 [ 40%]  (Warmup)
Chain 3: Iteration: 2000 / 4000 [ 50%]  (Warmup)
Chain 3: Iteration: 2001 / 4000 [ 50%]  (Sampling)
Chain 4: Iteration: 2000 / 4000 [ 50%]  (Warmup)
Chain 4: Iteration: 2001 / 4000 [ 50%]  (Sampling)
Chain 1: Iteration: 2000 / 4000 [ 50%]  (Warmup)
Chain 1: Iteration: 2001 / 4000 [ 50%]  (Sampling)
Chain 3: Iteration: 2400 / 4000 [ 60%]  (Sampling)
Chain 2: Iteration: 2000 / 4000 [ 50%]  (Warmup)
Chain 2: Iteration: 2001 / 4000 [ 50%]  (Sampling)
Chain 4: Iteration: 2400 / 4000 [ 60%]  (Sampling)
Chain 1: Iteration: 2400 / 4000 [ 60%]  (Sampling)
Chain 3: Iteration: 2800 / 4000 [ 70%]  (Sampling)
Chain 2: Iteration: 2400 / 4000 [ 60%]  (Sampling)
Chain 4: Iteration: 2800 / 4000 [ 70%]  (Sampling)
Chain 1: Iteration: 2800 / 4000 [ 70%]  (Sampling)
Chain 3: Iteration: 3200 / 4000 [ 80%]  (Sampling)
Chain 3: Iteration: 3600 / 4000 [ 90%]  (Sampling)
Chain 4: Iteration: 3200 / 4000 [ 80%]  (Sampling)
Chain 2: Iteration: 2800 / 4000 [ 70%]  (Sampling)
Chain 1: Iteration: 3200 / 4000 [ 80%]  (Sampling)
Chain 3: Iteration: 4000 / 4000 [100%]  (Sampling)
Chain 3: 
Chain 3:  Elapsed Time: 73.702 seconds (Warm-up)
Chain 3:                59.819 seconds (Sampling)
Chain 3:                133.521 seconds (Total)
Chain 3: 
Chain 4: Iteration: 3600 / 4000 [ 90%]  (Sampling)
Chain 2: Iteration: 3200 / 4000 [ 80%]  (Sampling)
Chain 1: Iteration: 3600 / 4000 [ 90%]  (Sampling)
Chain 4: Iteration: 4000 / 4000 [100%]  (Sampling)
Chain 4: 
Chain 4:  Elapsed Time: 75.35 seconds (Warm-up)
Chain 4:                73.859 seconds (Sampling)
Chain 4:                149.209 seconds (Total)
Chain 4: 
Chain 2: Iteration: 3600 / 4000 [ 90%]  (Sampling)
Chain 1: Iteration: 4000 / 4000 [100%]  (Sampling)
Chain 1: 
Chain 1:  Elapsed Time: 76.183 seconds (Warm-up)
Chain 1:                80.839 seconds (Sampling)
Chain 1:                157.022 seconds (Total)
Chain 1: 
Chain 2: Iteration: 4000 / 4000 [100%]  (Sampling)
Chain 2: 
Chain 2:  Elapsed Time: 86.453 seconds (Warm-up)
Chain 2:                87.003 seconds (Sampling)
Chain 2:                173.456 seconds (Total)
Chain 2: 

SAMPLING FOR MODEL 'ratio_v2_joint_bb' NOW (CHAIN 1).

SAMPLING FOR MODEL 'ratio_v2_joint_bb' NOW (CHAIN 2).
Chain 1: 
Chain 1: Gradient evaluation took 0.000792 seconds
Chain 1: 1000 transitions using 10 leapfrog steps per transition would take 7.92 seconds.
Chain 1: Adjust your expectations accordingly!
Chain 1: 
Chain 1: 
Chain 1: Iteration:    1 / 4000 [  0%]  (Warmup)

SAMPLING FOR MODEL 'ratio_v2_joint_bb' NOW (CHAIN 3).
Chain 2: 
Chain 2: Gradient evaluation took 0.000933 seconds
Chain 2: 1000 transitions using 10 leapfrog steps per transition would take 9.33 seconds.
Chain 2: Adjust your expectations accordingly!
Chain 2: 
Chain 2: 
Chain 2: Iteration:    1 / 4000 [  0%]  (Warmup)

SAMPLING FOR MODEL 'ratio_v2_joint_bb' NOW (CHAIN 4).
Chain 3: 
Chain 3: Gradient evaluation took 0.000817 seconds
Chain 3: 1000 transitions using 10 leapfrog steps per transition would take 8.17 seconds.
Chain 3: Adjust your expectations accordingly!
Chain 3: 
Chain 3: 
Chain 3: Iteration:    1 / 4000 [  0%]  (Warmup)
Chain 4: 
Chain 4: Gradient evaluation took 0.000783 seconds
Chain 4: 1000 transitions using 10 leapfrog steps per transition would take 7.83 seconds.
Chain 4: Adjust your expectations accordingly!
Chain 4: 
Chain 4: 
Chain 4: Iteration:    1 / 4000 [  0%]  (Warmup)
Chain 1: Iteration:  400 / 4000 [ 10%]  (Warmup)
Chain 3: Iteration:  400 / 4000 [ 10%]  (Warmup)
Chain 2: Iteration:  400 / 4000 [ 10%]  (Warmup)
Chain 4: Iteration:  400 / 4000 [ 10%]  (Warmup)
Chain 1: Iteration:  800 / 4000 [ 20%]  (Warmup)
Chain 3: Iteration:  800 / 4000 [ 20%]  (Warmup)
Chain 2: Iteration:  800 / 4000 [ 20%]  (Warmup)
Chain 4: Iteration:  800 / 4000 [ 20%]  (Warmup)
Chain 2: Iteration: 1200 / 4000 [ 30%]  (Warmup)
Chain 1: Iteration: 1200 / 4000 [ 30%]  (Warmup)
Chain 4: Iteration: 1200 / 4000 [ 30%]  (Warmup)
Chain 3: Iteration: 1200 / 4000 [ 30%]  (Warmup)
Chain 2: Iteration: 1600 / 4000 [ 40%]  (Warmup)
Chain 1: Iteration: 1600 / 4000 [ 40%]  (Warmup)
Chain 3: Iteration: 1600 / 4000 [ 40%]  (Warmup)
Chain 4: Iteration: 1600 / 4000 [ 40%]  (Warmup)
Chain 1: Iteration: 2000 / 4000 [ 50%]  (Warmup)
Chain 1: Iteration: 2001 / 4000 [ 50%]  (Sampling)
Chain 2: Iteration: 2000 / 4000 [ 50%]  (Warmup)
Chain 2: Iteration: 2001 / 4000 [ 50%]  (Sampling)
Chain 3: Iteration: 2000 / 4000 [ 50%]  (Warmup)
Chain 3: Iteration: 2001 / 4000 [ 50%]  (Sampling)
Chain 1: Iteration: 2400 / 4000 [ 60%]  (Sampling)
Chain 4: Iteration: 2000 / 4000 [ 50%]  (Warmup)
Chain 4: Iteration: 2001 / 4000 [ 50%]  (Sampling)
Chain 2: Iteration: 2400 / 4000 [ 60%]  (Sampling)
Chain 1: Iteration: 2800 / 4000 [ 70%]  (Sampling)
Chain 3: Iteration: 2400 / 4000 [ 60%]  (Sampling)
Chain 4: Iteration: 2400 / 4000 [ 60%]  (Sampling)
Chain 2: Iteration: 2800 / 4000 [ 70%]  (Sampling)
Chain 1: Iteration: 3200 / 4000 [ 80%]  (Sampling)
Chain 3: Iteration: 2800 / 4000 [ 70%]  (Sampling)
Chain 1: Iteration: 3600 / 4000 [ 90%]  (Sampling)
Chain 2: Iteration: 3200 / 4000 [ 80%]  (Sampling)
Chain 4: Iteration: 2800 / 4000 [ 70%]  (Sampling)
Chain 3: Iteration: 3200 / 4000 [ 80%]  (Sampling)
Chain 1: Iteration: 4000 / 4000 [100%]  (Sampling)
Chain 1: 
Chain 1:  Elapsed Time: 39.947 seconds (Warm-up)
Chain 1:                30.536 seconds (Sampling)
Chain 1:                70.483 seconds (Total)
Chain 1: 
Chain 2: Iteration: 3600 / 4000 [ 90%]  (Sampling)
Chain 3: Iteration: 3600 / 4000 [ 90%]  (Sampling)
Chain 4: Iteration: 3200 / 4000 [ 80%]  (Sampling)
Chain 2: Iteration: 4000 / 4000 [100%]  (Sampling)
Chain 2: 
Chain 2:  Elapsed Time: 40.422 seconds (Warm-up)
Chain 2:                44.78 seconds (Sampling)
Chain 2:                85.202 seconds (Total)
Chain 2: 
Chain 3: Iteration: 4000 / 4000 [100%]  (Sampling)
Chain 3: 
Chain 3:  Elapsed Time: 44.953 seconds (Warm-up)
Chain 3:                42.035 seconds (Sampling)
Chain 3:                86.988 seconds (Total)
Chain 3: 
Chain 4: Iteration: 3600 / 4000 [ 90%]  (Sampling)
Chain 4: Iteration: 4000 / 4000 [100%]  (Sampling)
Chain 4: 
Chain 4:  Elapsed Time: 46.056 seconds (Warm-up)
Chain 4:                58.496 seconds (Sampling)
Chain 4:                104.552 seconds (Total)
Chain 4: 

SAMPLING FOR MODEL 'ratio_v2_joint_bb' NOW (CHAIN 1).

SAMPLING FOR MODEL 'ratio_v2_joint_bb' NOW (CHAIN 2).
Chain 1: 
Chain 1: Gradient evaluation took 0.000785 seconds
Chain 1: 1000 transitions using 10 leapfrog steps per transition would take 7.85 seconds.
Chain 1: Adjust your expectations accordingly!
Chain 1: 
Chain 1: 
Chain 1: Iteration:    1 / 4000 [  0%]  (Warmup)

SAMPLING FOR MODEL 'ratio_v2_joint_bb' NOW (CHAIN 3).
Chain 2: 
Chain 2: Gradient evaluation took 0.000867 seconds
Chain 2: 1000 transitions using 10 leapfrog steps per transition would take 8.67 seconds.
Chain 2: Adjust your expectations accordingly!
Chain 2: 
Chain 2: 
Chain 2: Iteration:    1 / 4000 [  0%]  (Warmup)

SAMPLING FOR MODEL 'ratio_v2_joint_bb' NOW (CHAIN 4).
Chain 3: 
Chain 3: Gradient evaluation took 0.000777 seconds
Chain 3: 1000 transitions using 10 leapfrog steps per transition would take 7.77 seconds.
Chain 3: Adjust your expectations accordingly!
Chain 3: 
Chain 3: 
Chain 3: Iteration:    1 / 4000 [  0%]  (Warmup)
Chain 4: 
Chain 4: Gradient evaluation took 0.000865 seconds
Chain 4: 1000 transitions using 10 leapfrog steps per transition would take 8.65 seconds.
Chain 4: Adjust your expectations accordingly!
Chain 4: 
Chain 4: 
Chain 4: Iteration:    1 / 4000 [  0%]  (Warmup)
Chain 2: Iteration:  400 / 4000 [ 10%]  (Warmup)
Chain 3: Iteration:  400 / 4000 [ 10%]  (Warmup)
Chain 4: Iteration:  400 / 4000 [ 10%]  (Warmup)
Chain 1: Iteration:  400 / 4000 [ 10%]  (Warmup)
Chain 2: Iteration:  800 / 4000 [ 20%]  (Warmup)
Chain 3: Iteration:  800 / 4000 [ 20%]  (Warmup)
Chain 4: Iteration:  800 / 4000 [ 20%]  (Warmup)
Chain 1: Iteration:  800 / 4000 [ 20%]  (Warmup)
Chain 3: Iteration: 1200 / 4000 [ 30%]  (Warmup)
Chain 2: Iteration: 1200 / 4000 [ 30%]  (Warmup)
Chain 1: Iteration: 1200 / 4000 [ 30%]  (Warmup)
Chain 4: Iteration: 1200 / 4000 [ 30%]  (Warmup)
Chain 3: Iteration: 1600 / 4000 [ 40%]  (Warmup)
Chain 2: Iteration: 1600 / 4000 [ 40%]  (Warmup)
Chain 1: Iteration: 1600 / 4000 [ 40%]  (Warmup)
Chain 4: Iteration: 1600 / 4000 [ 40%]  (Warmup)
Chain 3: Iteration: 2000 / 4000 [ 50%]  (Warmup)
Chain 3: Iteration: 2001 / 4000 [ 50%]  (Sampling)
Chain 2: Iteration: 2000 / 4000 [ 50%]  (Warmup)
Chain 2: Iteration: 2001 / 4000 [ 50%]  (Sampling)
Chain 1: Iteration: 2000 / 4000 [ 50%]  (Warmup)
Chain 1: Iteration: 2001 / 4000 [ 50%]  (Sampling)
Chain 4: Iteration: 2000 / 4000 [ 50%]  (Warmup)
Chain 4: Iteration: 2001 / 4000 [ 50%]  (Sampling)
Chain 3: Iteration: 2400 / 4000 [ 60%]  (Sampling)
Chain 1: Iteration: 2400 / 4000 [ 60%]  (Sampling)
Chain 2: Iteration: 2400 / 4000 [ 60%]  (Sampling)
Chain 1: Iteration: 2800 / 4000 [ 70%]  (Sampling)
Chain 4: Iteration: 2400 / 4000 [ 60%]  (Sampling)
Chain 2: Iteration: 2800 / 4000 [ 70%]  (Sampling)
Chain 3: Iteration: 2800 / 4000 [ 70%]  (Sampling)
Chain 1: Iteration: 3200 / 4000 [ 80%]  (Sampling)
Chain 2: Iteration: 3200 / 4000 [ 80%]  (Sampling)
Chain 1: Iteration: 3600 / 4000 [ 90%]  (Sampling)
Chain 4: Iteration: 2800 / 4000 [ 70%]  (Sampling)
Chain 3: Iteration: 3200 / 4000 [ 80%]  (Sampling)
Chain 1: Iteration: 4000 / 4000 [100%]  (Sampling)
Chain 1: 
Chain 1:  Elapsed Time: 58.252 seconds (Warm-up)
Chain 1:                41.339 seconds (Sampling)
Chain 1:                99.591 seconds (Total)
Chain 1: 
Chain 2: Iteration: 3600 / 4000 [ 90%]  (Sampling)
Chain 4: Iteration: 3200 / 4000 [ 80%]  (Sampling)
Chain 3: Iteration: 3600 / 4000 [ 90%]  (Sampling)
Chain 2: Iteration: 4000 / 4000 [100%]  (Sampling)
Chain 2: 
Chain 2:  Elapsed Time: 55.543 seconds (Warm-up)
Chain 2:                57.866 seconds (Sampling)
Chain 2:                113.409 seconds (Total)
Chain 2: 
Chain 4: Iteration: 3600 / 4000 [ 90%]  (Sampling)
Chain 3: Iteration: 4000 / 4000 [100%]  (Sampling)
Chain 3: 
Chain 3:  Elapsed Time: 51.41 seconds (Warm-up)
Chain 3:                70.425 seconds (Sampling)
Chain 3:                121.835 seconds (Total)
Chain 3: 
Chain 4: Iteration: 4000 / 4000 [100%]  (Sampling)
Chain 4: 
Chain 4:  Elapsed Time: 62.75 seconds (Warm-up)
Chain 4:                71.707 seconds (Sampling)
Chain 4:                134.457 seconds (Total)
Chain 4: 

SAMPLING FOR MODEL 'ratio_v2_joint_bb' NOW (CHAIN 1).

SAMPLING FOR MODEL 'ratio_v2_joint_bb' NOW (CHAIN 2).
Chain 1: 
Chain 1: Gradient evaluation took 0.001066 seconds
Chain 1: 1000 transitions using 10 leapfrog steps per transition would take 10.66 seconds.
Chain 1: Adjust your expectations accordingly!
Chain 1: 
Chain 1: 

SAMPLING FOR MODEL 'ratio_v2_joint_bb' NOW (CHAIN Chain 13).
: Iteration:    1 / 4000 [  0%]  (Warmup)
Chain 2: 
Chain 2: Gradient evaluation took 0.001159 seconds
Chain 2: 1000 transitions using 10 leapfrog steps per transition would take 11.59 seconds.
Chain 2: Adjust your expectations accordingly!
Chain 2: 
Chain 2: 
Chain 2: Iteration:    1 / 4000 [  0%]  (Warmup)

SAMPLING FOR MODEL 'ratio_v2_joint_bb' NOW (CHAIN 4).
Chain 3: 
Chain 3: Gradient evaluation took 0.001095 seconds
Chain 3: 1000 transitions using 10 leapfrog steps per transition would take 10.95 seconds.
Chain 3: Adjust your expectations accordingly!
Chain 3: 
Chain 3: 
Chain 3: Iteration:    1 / 4000 [  0%]  (Warmup)
Chain 4: 
Chain 4: Gradient evaluation took 0.00104 seconds
Chain 4: 1000 transitions using 10 leapfrog steps per transition would take 10.4 seconds.
Chain 4: Adjust your expectations accordingly!
Chain 4: 
Chain 4: 
Chain 4: Iteration:    1 / 4000 [  0%]  (Warmup)
Chain 2: Iteration:  400 / 4000 [ 10%]  (Warmup)
Chain 3: Iteration:  400 / 4000 [ 10%]  (Warmup)
Chain 1: Iteration:  400 / 4000 [ 10%]  (Warmup)
Chain 4: Iteration:  400 / 4000 [ 10%]  (Warmup)
Chain 4: Iteration:  800 / 4000 [ 20%]  (Warmup)
Chain 1: Iteration:  800 / 4000 [ 20%]  (Warmup)
Chain 2: Iteration:  800 / 4000 [ 20%]  (Warmup)
Chain 3: Iteration:  800 / 4000 [ 20%]  (Warmup)
Chain 4: Iteration: 1200 / 4000 [ 30%]  (Warmup)
Chain 1: Iteration: 1200 / 4000 [ 30%]  (Warmup)
Chain 2: Iteration: 1200 / 4000 [ 30%]  (Warmup)
Chain 3: Iteration: 1200 / 4000 [ 30%]  (Warmup)
Chain 1: Iteration: 1600 / 4000 [ 40%]  (Warmup)
Chain 4: Iteration: 1600 / 4000 [ 40%]  (Warmup)
Chain 2: Iteration: 1600 / 4000 [ 40%]  (Warmup)
Chain 3: Iteration: 1600 / 4000 [ 40%]  (Warmup)
Chain 1: Iteration: 2000 / 4000 [ 50%]  (Warmup)
Chain 1: Iteration: 2001 / 4000 [ 50%]  (Sampling)
Chain 4: Iteration: 2000 / 4000 [ 50%]  (Warmup)
Chain 4: Iteration: 2001 / 4000 [ 50%]  (Sampling)
Chain 2: Iteration: 2000 / 4000 [ 50%]  (Warmup)
Chain 2: Iteration: 2001 / 4000 [ 50%]  (Sampling)
Chain 3: Iteration: 2000 / 4000 [ 50%]  (Warmup)
Chain 3: Iteration: 2001 / 4000 [ 50%]  (Sampling)
Chain 1: Iteration: 2400 / 4000 [ 60%]  (Sampling)
Chain 3: Iteration: 2400 / 4000 [ 60%]  (Sampling)
Chain 1: Iteration: 2800 / 4000 [ 70%]  (Sampling)
Chain 4: Iteration: 2400 / 4000 [ 60%]  (Sampling)
Chain 2: Iteration: 2400 / 4000 [ 60%]  (Sampling)
Chain 3: Iteration: 2800 / 4000 [ 70%]  (Sampling)
Chain 1: Iteration: 3200 / 4000 [ 80%]  (Sampling)
Chain 3: Iteration: 3200 / 4000 [ 80%]  (Sampling)
Chain 4: Iteration: 2800 / 4000 [ 70%]  (Sampling)
Chain 1: Iteration: 3600 / 4000 [ 90%]  (Sampling)
Chain 2: Iteration: 2800 / 4000 [ 70%]  (Sampling)
Chain 3: Iteration: 3600 / 4000 [ 90%]  (Sampling)
Chain 1: Iteration: 4000 / 4000 [100%]  (Sampling)
Chain 1: 
Chain 1:  Elapsed Time: 60.624 seconds (Warm-up)
Chain 1:                49.39 seconds (Sampling)
Chain 1:                110.014 seconds (Total)
Chain 1: 
Chain 3: Iteration: 4000 / 4000 [100%]  (Sampling)
Chain 3: 
Chain 3:  Elapsed Time: 67.935 seconds (Warm-up)
Chain 3:                44.433 seconds (Sampling)
Chain 3:                112.368 seconds (Total)
Chain 3: 
Chain 4: Iteration: 3200 / 4000 [ 80%]  (Sampling)
Chain 2: Iteration: 3200 / 4000 [ 80%]  (Sampling)
Chain 4: Iteration: 3600 / 4000 [ 90%]  (Sampling)
Chain 2: Iteration: 3600 / 4000 [ 90%]  (Sampling)
Chain 4: Iteration: 4000 / 4000 [100%]  (Sampling)
Chain 4: 
Chain 4:  Elapsed Time: 64.998 seconds (Warm-up)
Chain 4:                83.764 seconds (Sampling)
Chain 4:                148.762 seconds (Total)
Chain 4: 
Chain 2: Iteration: 4000 / 4000 [100%]  (Sampling)
Chain 2: 
Chain 2:  Elapsed Time: 66.778 seconds (Warm-up)
Chain 2:                86.272 seconds (Sampling)
Chain 2:                153.05 seconds (Total)
Chain 2: 

SAMPLING FOR MODEL 'ratio_v2_joint_bb' NOW (CHAIN 1).

SAMPLING FOR MODEL 'ratio_v2_joint_bb' NOW (CHAIN 2).
Chain 1: 
Chain 1: Gradient evaluation took 0.001047 seconds
Chain 1: 1000 transitions using 10 leapfrog steps per transition would take 10.47 seconds.
Chain 1: Adjust your expectations accordingly!
Chain 1: 
Chain 1: 
Chain 1: Iteration:    1 / 4000 [  0%]  (Warmup)

SAMPLING FOR MODEL 'ratio_v2_joint_bb' NOW (CHAIN 3).
Chain 2: 
Chain 2: Gradient evaluation took 0.000944 seconds
Chain 2: 1000 transitions using 10 leapfrog steps per transition would take 9.44 seconds.
Chain 2: Adjust your expectations accordingly!
Chain 2: 
Chain 2: 
Chain 2: Iteration:    1 / 4000 [  0%]  (Warmup)

SAMPLING FOR MODEL 'ratio_v2_joint_bb' NOW (CHAIN 4).
Chain 3: 
Chain 3: Gradient evaluation took 0.000933 seconds
Chain 3: 1000 transitions using 10 leapfrog steps per transition would take 9.33 seconds.
Chain 3: Adjust your expectations accordingly!
Chain 3: 
Chain 3: 
Chain 3: Iteration:    1 / 4000 [  0%]  (Warmup)
Chain 4: 
Chain 4: Gradient evaluation took 0.000875 seconds
Chain 4: 1000 transitions using 10 leapfrog steps per transition would take 8.75 seconds.
Chain 4: Adjust your expectations accordingly!
Chain 4: 
Chain 4: 
Chain 4: Iteration:    1 / 4000 [  0%]  (Warmup)
Chain 2: Iteration:  400 / 4000 [ 10%]  (Warmup)
Chain 1: Iteration:  400 / 4000 [ 10%]  (Warmup)
Chain 3: Iteration:  400 / 4000 [ 10%]  (Warmup)
Chain 4: Iteration:  400 / 4000 [ 10%]  (Warmup)
Chain 1: Iteration:  800 / 4000 [ 20%]  (Warmup)
Chain 2: Iteration:  800 / 4000 [ 20%]  (Warmup)
Chain 3: Iteration:  800 / 4000 [ 20%]  (Warmup)
Chain 4: Iteration:  800 / 4000 [ 20%]  (Warmup)
Chain 1: Iteration: 1200 / 4000 [ 30%]  (Warmup)
Chain 2: Iteration: 1200 / 4000 [ 30%]  (Warmup)
Chain 3: Iteration: 1200 / 4000 [ 30%]  (Warmup)
Chain 4: Iteration: 1200 / 4000 [ 30%]  (Warmup)
Chain 1: Iteration: 1600 / 4000 [ 40%]  (Warmup)
Chain 2: Iteration: 1600 / 4000 [ 40%]  (Warmup)
Chain 3: Iteration: 1600 / 4000 [ 40%]  (Warmup)
Chain 4: Iteration: 1600 / 4000 [ 40%]  (Warmup)
Chain 1: Iteration: 2000 / 4000 [ 50%]  (Warmup)
Chain 1: Iteration: 2001 / 4000 [ 50%]  (Sampling)
Chain 2: Iteration: 2000 / 4000 [ 50%]  (Warmup)
Chain 2: Iteration: 2001 / 4000 [ 50%]  (Sampling)
Chain 3: Iteration: 2000 / 4000 [ 50%]  (Warmup)
Chain 3: Iteration: 2001 / 4000 [ 50%]  (Sampling)
Chain 4: Iteration: 2000 / 4000 [ 50%]  (Warmup)
Chain 4: Iteration: 2001 / 4000 [ 50%]  (Sampling)
Chain 1: Iteration: 2400 / 4000 [ 60%]  (Sampling)
Chain 2: Iteration: 2400 / 4000 [ 60%]  (Sampling)
Chain 4: Iteration: 2400 / 4000 [ 60%]  (Sampling)
Chain 3: Iteration: 2400 / 4000 [ 60%]  (Sampling)
Chain 1: Iteration: 2800 / 4000 [ 70%]  (Sampling)
Chain 2: Iteration: 2800 / 4000 [ 70%]  (Sampling)
Chain 4: Iteration: 2800 / 4000 [ 70%]  (Sampling)
Chain 1: Iteration: 3200 / 4000 [ 80%]  (Sampling)
Chain 3: Iteration: 2800 / 4000 [ 70%]  (Sampling)
Chain 4: Iteration: 3200 / 4000 [ 80%]  (Sampling)
Chain 2: Iteration: 3200 / 4000 [ 80%]  (Sampling)
Chain 1: Iteration: 3600 / 4000 [ 90%]  (Sampling)
Chain 3: Iteration: 3200 / 4000 [ 80%]  (Sampling)
Chain 4: Iteration: 3600 / 4000 [ 90%]  (Sampling)
Chain 1: Iteration: 4000 / 4000 [100%]  (Sampling)
Chain 1: 
Chain 1:  Elapsed Time: 53.072 seconds (Warm-up)
Chain 1:                69.314 seconds (Sampling)
Chain 1:                122.386 seconds (Total)
Chain 1: 
Chain 2: Iteration: 3600 / 4000 [ 90%]  (Sampling)
Chain 4: Iteration: 4000 / 4000 [100%]  (Sampling)
Chain 3: Iteration: 3600 / 4000 [ 90%]  (Sampling)
Chain 4: 
Chain 4:  Elapsed Time: 64.893 seconds (Warm-up)
Chain 4:                67.159 seconds (Sampling)
Chain 4:                132.052 seconds (Total)
Chain 4: 
Chain 2: Iteration: 4000 / 4000 [100%]  (Sampling)
Chain 2: 
Chain 2:  Elapsed Time: 58.155 seconds (Warm-up)
Chain 2:                81.448 seconds (Sampling)
Chain 2:                139.603 seconds (Total)
Chain 2: 
Chain 3: Iteration: 4000 / 4000 [100%]  (Sampling)
Chain 3: 
Chain 3:  Elapsed Time: 61.05 seconds (Warm-up)
Chain 3:                88.981 seconds (Sampling)
Chain 3:                150.031 seconds (Total)
Chain 3: 

SAMPLING FOR MODEL 'ratio_v2_joint_bb' NOW (CHAIN 1).

SAMPLING FOR MODEL 'ratio_v2_joint_bb' NOW (CHAIN 2).
Chain 1: 
Chain 1: Gradient evaluation took 0.000976 seconds
Chain 1: 1000 transitions using 10 leapfrog steps per transition would take 9.76 seconds.
Chain 1: Adjust your expectations accordingly!
Chain 1: 
Chain 1: 
Chain 1: Iteration:    1 / 4000 [  0%]  (Warmup)

SAMPLING FOR MODEL 'ratio_v2_joint_bb' NOW (CHAIN 3).
Chain 2: 
Chain 2: Gradient evaluation took 0.001019 seconds
Chain 2: 1000 transitions using 10 leapfrog steps per transition would take 10.19 seconds.
Chain 2: Adjust your expectations accordingly!
Chain 2: 
Chain 2: 
Chain 2: Iteration:    1 / 4000 [  0%]  (Warmup)

SAMPLING FOR MODEL 'ratio_v2_joint_bb' NOW (CHAIN 4).
Chain 3: 
Chain 3: Gradient evaluation took 0.00109 seconds
Chain 3: 1000 transitions using 10 leapfrog steps per transition would take 10.9 seconds.
Chain 3: Adjust your expectations accordingly!
Chain 3: 
Chain 3: 
Chain 3: Iteration:    1 / 4000 [  0%]  (Warmup)
Chain 4: 
Chain 4: Gradient evaluation took 0.001323 seconds
Chain 4: 1000 transitions using 10 leapfrog steps per transition would take 13.23 seconds.
Chain 4: Adjust your expectations accordingly!
Chain 4: 
Chain 4: 
Chain 4: Iteration:    1 / 4000 [  0%]  (Warmup)
Chain 2: Iteration:  400 / 4000 [ 10%]  (Warmup)
Chain 3: Iteration:  400 / 4000 [ 10%]  (Warmup)
Chain 1: Iteration:  400 / 4000 [ 10%]  (Warmup)
Chain 4: Iteration:  400 / 4000 [ 10%]  (Warmup)
Chain 2: Iteration:  800 / 4000 [ 20%]  (Warmup)
Chain 1: Iteration:  800 / 4000 [ 20%]  (Warmup)
Chain 4: Iteration:  800 / 4000 [ 20%]  (Warmup)
Chain 3: Iteration:  800 / 4000 [ 20%]  (Warmup)
Chain 1: Iteration: 1200 / 4000 [ 30%]  (Warmup)
Chain 2: Iteration: 1200 / 4000 [ 30%]  (Warmup)
Chain 4: Iteration: 1200 / 4000 [ 30%]  (Warmup)
Chain 3: Iteration: 1200 / 4000 [ 30%]  (Warmup)
Chain 1: Iteration: 1600 / 4000 [ 40%]  (Warmup)
Chain 2: Iteration: 1600 / 4000 [ 40%]  (Warmup)
Chain 4: Iteration: 1600 / 4000 [ 40%]  (Warmup)
Chain 3: Iteration: 1600 / 4000 [ 40%]  (Warmup)
Chain 1: Iteration: 2000 / 4000 [ 50%]  (Warmup)
Chain 1: Iteration: 2001 / 4000 [ 50%]  (Sampling)
Chain 2: Iteration: 2000 / 4000 [ 50%]  (Warmup)
Chain 2: Iteration: 2001 / 4000 [ 50%]  (Sampling)
Chain 4: Iteration: 2000 / 4000 [ 50%]  (Warmup)
Chain 4: Iteration: 2001 / 4000 [ 50%]  (Sampling)
Chain 3: Iteration: 2000 / 4000 [ 50%]  (Warmup)
Chain 3: Iteration: 2001 / 4000 [ 50%]  (Sampling)
Chain 1: Iteration: 2400 / 4000 [ 60%]  (Sampling)
Chain 2: Iteration: 2400 / 4000 [ 60%]  (Sampling)
Chain 4: Iteration: 2400 / 4000 [ 60%]  (Sampling)
Chain 3: Iteration: 2400 / 4000 [ 60%]  (Sampling)
Chain 4: Iteration: 2800 / 4000 [ 70%]  (Sampling)
Chain 1: Iteration: 2800 / 4000 [ 70%]  (Sampling)
Chain 2: Iteration: 2800 / 4000 [ 70%]  (Sampling)
Chain 3: Iteration: 2800 / 4000 [ 70%]  (Sampling)
Chain 4: Iteration: 3200 / 4000 [ 80%]  (Sampling)
Chain 2: Iteration: 3200 / 4000 [ 80%]  (Sampling)
Chain 1: Iteration: 3200 / 4000 [ 80%]  (Sampling)
Chain 3: Iteration: 3200 / 4000 [ 80%]  (Sampling)
Chain 4: Iteration: 3600 / 4000 [ 90%]  (Sampling)
Chain 2: Iteration: 3600 / 4000 [ 90%]  (Sampling)
Chain 1: Iteration: 3600 / 4000 [ 90%]  (Sampling)
Chain 3: Iteration: 3600 / 4000 [ 90%]  (Sampling)
Chain 4: Iteration: 4000 / 4000 [100%]  (Sampling)
Chain 4: 
Chain 4:  Elapsed Time: 79.554 seconds (Warm-up)
Chain 4:                85.155 seconds (Sampling)
Chain 4:                164.709 seconds (Total)
Chain 4: 
Chain 1: Iteration: 4000 / 4000 [100%]  (Sampling)
Chain 1: 
Chain 1:  Elapsed Time: 77.296 seconds (Warm-up)
Chain 1:                90.405 seconds (Sampling)
Chain 1:                167.701 seconds (Total)
Chain 1: 
Chain 2: Iteration: 4000 / 4000 [100%]  (Sampling)
Chain 2: 
Chain 2:  Elapsed Time: 77.722 seconds (Warm-up)
Chain 2:                90.175 seconds (Sampling)
Chain 2:                167.897 seconds (Total)
Chain 2: 
Chain 3: Iteration: 4000 / 4000 [100%]  (Sampling)
Chain 3: 
Chain 3:  Elapsed Time: 90.251 seconds (Warm-up)
Chain 3:                86.869 seconds (Sampling)
Chain 3:                177.12 seconds (Total)
Chain 3: 

SAMPLING FOR MODEL 'ratio_v2_joint_bb' NOW (CHAIN 1).

SAMPLING FOR MODEL 'ratio_v2_joint_bb' NOW (CHAIN 2).
Chain 1: 
Chain 1: Gradient evaluation took 0.000753 seconds
Chain 1: 1000 transitions using 10 leapfrog steps per transition would take 7.53 seconds.
Chain 1: Adjust your expectations accordingly!
Chain 1: 
Chain 1: 
Chain 1: Iteration:    1 / 4000 [  0%]  (Warmup)

SAMPLING FOR MODEL 'ratio_v2_joint_bb' NOW (CHAIN 3).
Chain 2: 
Chain 2: Gradient evaluation took 0.000743 seconds
Chain 2: 1000 transitions using 10 leapfrog steps per transition would take 7.43 seconds.
Chain 2: Adjust your expectations accordingly!
Chain 2: 
Chain 2: 
Chain 2: Iteration:    1 / 4000 [  0%]  (Warmup)

SAMPLING FOR MODEL 'ratio_v2_joint_bb' NOW (CHAIN 4).
Chain 3: 
Chain 3: Gradient evaluation took 0.000744 seconds
Chain 3: 1000 transitions using 10 leapfrog steps per transition would take 7.44 seconds.
Chain 3: Adjust your expectations accordingly!
Chain 3: 
Chain 3: 
Chain 3: Iteration:    1 / 4000 [  0%]  (Warmup)
Chain 4: 
Chain 4: Gradient evaluation took 0.000752 seconds
Chain 4: 1000 transitions using 10 leapfrog steps per transition would take 7.52 seconds.
Chain 4: Adjust your expectations accordingly!
Chain 4: 
Chain 4: 
Chain 4: Iteration:    1 / 4000 [  0%]  (Warmup)
Chain 3: Iteration:  400 / 4000 [ 10%]  (Warmup)
Chain 2: Iteration:  400 / 4000 [ 10%]  (Warmup)
Chain 1: Iteration:  400 / 4000 [ 10%]  (Warmup)
Chain 2: Iteration:  800 / 4000 [ 20%]  (Warmup)
Chain 4: Iteration:  400 / 4000 [ 10%]  (Warmup)
Chain 3: Iteration:  800 / 4000 [ 20%]  (Warmup)
Chain 1: Iteration:  800 / 4000 [ 20%]  (Warmup)
Chain 3: Iteration: 1200 / 4000 [ 30%]  (Warmup)
Chain 4: Iteration:  800 / 4000 [ 20%]  (Warmup)
Chain 2: Iteration: 1200 / 4000 [ 30%]  (Warmup)
Chain 1: Iteration: 1200 / 4000 [ 30%]  (Warmup)
Chain 3: Iteration: 1600 / 4000 [ 40%]  (Warmup)
Chain 4: Iteration: 1200 / 4000 [ 30%]  (Warmup)
Chain 2: Iteration: 1600 / 4000 [ 40%]  (Warmup)
Chain 1: Iteration: 1600 / 4000 [ 40%]  (Warmup)
Chain 3: Iteration: 2000 / 4000 [ 50%]  (Warmup)
Chain 3: Iteration: 2001 / 4000 [ 50%]  (Sampling)
Chain 4: Iteration: 1600 / 4000 [ 40%]  (Warmup)
Chain 2: Iteration: 2000 / 4000 [ 50%]  (Warmup)
Chain 2: Iteration: 2001 / 4000 [ 50%]  (Sampling)
Chain 3: Iteration: 2400 / 4000 [ 60%]  (Sampling)
Chain 1: Iteration: 2000 / 4000 [ 50%]  (Warmup)
Chain 1: Iteration: 2001 / 4000 [ 50%]  (Sampling)
Chain 4: Iteration: 2000 / 4000 [ 50%]  (Warmup)
Chain 4: Iteration: 2001 / 4000 [ 50%]  (Sampling)
Chain 3: Iteration: 2800 / 4000 [ 70%]  (Sampling)
Chain 2: Iteration: 2400 / 4000 [ 60%]  (Sampling)
Chain 1: Iteration: 2400 / 4000 [ 60%]  (Sampling)
Chain 3: Iteration: 3200 / 4000 [ 80%]  (Sampling)
Chain 4: Iteration: 2400 / 4000 [ 60%]  (Sampling)
Chain 2: Iteration: 2800 / 4000 [ 70%]  (Sampling)
Chain 1: Iteration: 2800 / 4000 [ 70%]  (Sampling)
Chain 3: Iteration: 3600 / 4000 [ 90%]  (Sampling)
Chain 3: Iteration: 4000 / 4000 [100%]  (Sampling)
Chain 3: 
Chain 3:  Elapsed Time: 42.242 seconds (Warm-up)
Chain 3:                39.202 seconds (Sampling)
Chain 3:                81.444 seconds (Total)
Chain 3: 
Chain 4: Iteration: 2800 / 4000 [ 70%]  (Sampling)
Chain 2: Iteration: 3200 / 4000 [ 80%]  (Sampling)
Chain 1: Iteration: 3200 / 4000 [ 80%]  (Sampling)
Chain 4: Iteration: 3200 / 4000 [ 80%]  (Sampling)
Chain 1: Iteration: 3600 / 4000 [ 90%]  (Sampling)
Chain 2: Iteration: 3600 / 4000 [ 90%]  (Sampling)
Chain 4: Iteration: 3600 / 4000 [ 90%]  (Sampling)
Chain 1: Iteration: 4000 / 4000 [100%]  (Sampling)
Chain 1: 
Chain 1:  Elapsed Time: 51.144 seconds (Warm-up)
Chain 1:                56.642 seconds (Sampling)
Chain 1:                107.786 seconds (Total)
Chain 1: 
Chain 2: Iteration: 4000 / 4000 [100%]  (Sampling)
Chain 2: 
Chain 2:  Elapsed Time: 47.817 seconds (Warm-up)
Chain 2:                60.438 seconds (Sampling)
Chain 2:                108.255 seconds (Total)
Chain 2: 
Chain 4: Iteration: 4000 / 4000 [100%]  (Sampling)
Chain 4: 
Chain 4:  Elapsed Time: 56.127 seconds (Warm-up)
Chain 4:                64.305 seconds (Sampling)
Chain 4:                120.432 seconds (Total)
Chain 4: 

SAMPLING FOR MODEL 'ratio_v2_joint_bb' NOW (CHAIN 1).

SAMPLING FOR MODEL 'ratio_v2_joint_bb' NOW (CHAIN 2).
Chain 1: 
Chain 1: Gradient evaluation took 0.000853 seconds
Chain 1: 1000 transitions using 10 leapfrog steps per transition would take 8.53 seconds.
Chain 1: Adjust your expectations accordingly!
Chain 1: 
Chain 1: 
Chain 1: Iteration:    1 / 4000 [  0%]  (Warmup)

SAMPLING FOR MODEL 'ratio_v2_joint_bb' NOW (CHAIN 3).
Chain 2: 
Chain 2: Gradient evaluation took 0.000849 seconds
Chain 2: 1000 transitions using 10 leapfrog steps per transition would take 8.49 seconds.
Chain 2: Adjust your expectations accordingly!
Chain 2: 
Chain 2: 
Chain 2: Iteration:    1 / 4000 [  0%]  (Warmup)

SAMPLING FOR MODEL 'ratio_v2_joint_bb' NOW (CHAIN 4).
Chain 3: 
Chain 3: Gradient evaluation took 0.000796 seconds
Chain 3: 1000 transitions using 10 leapfrog steps per transition would take 7.96 seconds.
Chain 3: Adjust your expectations accordingly!
Chain 3: 
Chain 3: 
Chain 3: Iteration:    1 / 4000 [  0%]  (Warmup)
Chain 4: 
Chain 4: Gradient evaluation took 0.000832 seconds
Chain 4: 1000 transitions using 10 leapfrog steps per transition would take 8.32 seconds.
Chain 4: Adjust your expectations accordingly!
Chain 4: 
Chain 4: 
Chain 4: Iteration:    1 / 4000 [  0%]  (Warmup)
Chain 3: Iteration:  400 / 4000 [ 10%]  (Warmup)
Chain 4: Iteration:  400 / 4000 [ 10%]  (Warmup)
Chain 2: Iteration:  400 / 4000 [ 10%]  (Warmup)
Chain 1: Iteration:  400 / 4000 [ 10%]  (Warmup)
Chain 3: Iteration:  800 / 4000 [ 20%]  (Warmup)
Chain 4: Iteration:  800 / 4000 [ 20%]  (Warmup)
Chain 2: Iteration:  800 / 4000 [ 20%]  (Warmup)
Chain 1: Iteration:  800 / 4000 [ 20%]  (Warmup)
Chain 3: Iteration: 1200 / 4000 [ 30%]  (Warmup)
Chain 4: Iteration: 1200 / 4000 [ 30%]  (Warmup)
Chain 2: Iteration: 1200 / 4000 [ 30%]  (Warmup)
Chain 1: Iteration: 1200 / 4000 [ 30%]  (Warmup)
Chain 3: Iteration: 1600 / 4000 [ 40%]  (Warmup)
Chain 2: Iteration: 1600 / 4000 [ 40%]  (Warmup)
Chain 4: Iteration: 1600 / 4000 [ 40%]  (Warmup)
Chain 1: Iteration: 1600 / 4000 [ 40%]  (Warmup)
Chain 2: Iteration: 2000 / 4000 [ 50%]  (Warmup)
Chain 2: Iteration: 2001 / 4000 [ 50%]  (Sampling)
Chain 3: Iteration: 2000 / 4000 [ 50%]  (Warmup)
Chain 3: Iteration: 2001 / 4000 [ 50%]  (Sampling)
Chain 4: Iteration: 2000 / 4000 [ 50%]  (Warmup)
Chain 4: Iteration: 2001 / 4000 [ 50%]  (Sampling)
Chain 2: Iteration: 2400 / 4000 [ 60%]  (Sampling)
Chain 1: Iteration: 2000 / 4000 [ 50%]  (Warmup)
Chain 1: Iteration: 2001 / 4000 [ 50%]  (Sampling)
Chain 4: Iteration: 2400 / 4000 [ 60%]  (Sampling)
Chain 3: Iteration: 2400 / 4000 [ 60%]  (Sampling)
Chain 2: Iteration: 2800 / 4000 [ 70%]  (Sampling)
Chain 2: Iteration: 3200 / 4000 [ 80%]  (Sampling)
Chain 4: Iteration: 2800 / 4000 [ 70%]  (Sampling)
Chain 1: Iteration: 2400 / 4000 [ 60%]  (Sampling)
Chain 3: Iteration: 2800 / 4000 [ 70%]  (Sampling)
Chain 2: Iteration: 3600 / 4000 [ 90%]  (Sampling)
Chain 4: Iteration: 3200 / 4000 [ 80%]  (Sampling)
Chain 2: Iteration: 4000 / 4000 [100%]  (Sampling)
Chain 2: 
Chain 2:  Elapsed Time: 53.203 seconds (Warm-up)
Chain 2:                37.743 seconds (Sampling)
Chain 2:                90.946 seconds (Total)
Chain 2: 
Chain 1: Iteration: 2800 / 4000 [ 70%]  (Sampling)
Chain 4: Iteration: 3600 / 4000 [ 90%]  (Sampling)
Chain 3: Iteration: 3200 / 4000 [ 80%]  (Sampling)
Chain 4: Iteration: 4000 / 4000 [100%]  (Sampling)
Chain 4: 
Chain 4:  Elapsed Time: 57.284 seconds (Warm-up)
Chain 4:                46.041 seconds (Sampling)
Chain 4:                103.325 seconds (Total)
Chain 4: 
Chain 1: Iteration: 3200 / 4000 [ 80%]  (Sampling)
Chain 3: Iteration: 3600 / 4000 [ 90%]  (Sampling)
Chain 1: Iteration: 3600 / 4000 [ 90%]  (Sampling)
Chain 3: Iteration: 4000 / 4000 [100%]  (Sampling)
Chain 3: 
Chain 3:  Elapsed Time: 53.62 seconds (Warm-up)
Chain 3:                70.206 seconds (Sampling)
Chain 3:                123.826 seconds (Total)
Chain 3: 
Chain 1: Iteration: 4000 / 4000 [100%]  (Sampling)
Chain 1: 
Chain 1:  Elapsed Time: 62.674 seconds (Warm-up)
Chain 1:                73.572 seconds (Sampling)
Chain 1:                136.246 seconds (Total)
Chain 1: 

SAMPLING FOR MODEL 'ratio_v2_joint_bb' NOW (CHAIN 1).

SAMPLING FOR MODEL 'ratio_v2_joint_bb' NOW (CHAIN 2).
Chain 1: 
Chain 1: Gradient evaluation took 0.001042 seconds
Chain 1: 1000 transitions using 10 leapfrog steps per transition would take 10.42 seconds.
Chain 1: Adjust your expectations accordingly!
Chain 1: 
Chain 1: 
Chain 1: Iteration:    1 / 4000 [  0%]  (Warmup)

SAMPLING FOR MODEL 'ratio_v2_joint_bb' NOW (CHAIN 3).
Chain 2: 
Chain 2: Gradient evaluation took 0.000941 seconds
Chain 2: 1000 transitions using 10 leapfrog steps per transition would take 9.41 seconds.
Chain 2: Adjust your expectations accordingly!
Chain 2: 
Chain 2: 
Chain 2: Iteration:    1 / 4000 [  0%]  (Warmup)

SAMPLING FOR MODEL 'ratio_v2_joint_bb' NOW (CHAIN 4).
Chain 3: 
Chain 3: Gradient evaluation took 0.000959 seconds
Chain 3: 1000 transitions using 10 leapfrog steps per transition would take 9.59 seconds.
Chain 3: Adjust your expectations accordingly!
Chain 3: 
Chain 3: 
Chain 3: Iteration:    1 / 4000 [  0%]  (Warmup)
Chain 4: 
Chain 4: Gradient evaluation took 0.000931 seconds
Chain 4: 1000 transitions using 10 leapfrog steps per transition would take 9.31 seconds.
Chain 4: Adjust your expectations accordingly!
Chain 4: 
Chain 4: 
Chain 4: Iteration:    1 / 4000 [  0%]  (Warmup)
Chain 4: Iteration:  400 / 4000 [ 10%]  (Warmup)
Chain 1: Iteration:  400 / 4000 [ 10%]  (Warmup)
Chain 3: Iteration:  400 / 4000 [ 10%]  (Warmup)
Chain 2: Iteration:  400 / 4000 [ 10%]  (Warmup)
Chain 4: Iteration:  800 / 4000 [ 20%]  (Warmup)
Chain 1: Iteration:  800 / 4000 [ 20%]  (Warmup)
Chain 3: Iteration:  800 / 4000 [ 20%]  (Warmup)
Chain 2: Iteration:  800 / 4000 [ 20%]  (Warmup)
Chain 1: Iteration: 1200 / 4000 [ 30%]  (Warmup)
Chain 4: Iteration: 1200 / 4000 [ 30%]  (Warmup)
Chain 3: Iteration: 1200 / 4000 [ 30%]  (Warmup)
Chain 2: Iteration: 1200 / 4000 [ 30%]  (Warmup)
Chain 1: Iteration: 1600 / 4000 [ 40%]  (Warmup)
Chain 4: Iteration: 1600 / 4000 [ 40%]  (Warmup)
Chain 3: Iteration: 1600 / 4000 [ 40%]  (Warmup)
Chain 2: Iteration: 1600 / 4000 [ 40%]  (Warmup)
Chain 4: Iteration: 2000 / 4000 [ 50%]  (Warmup)
Chain 4: Iteration: 2001 / 4000 [ 50%]  (Sampling)
Chain 1: Iteration: 2000 / 4000 [ 50%]  (Warmup)
Chain 1: Iteration: 2001 / 4000 [ 50%]  (Sampling)
Chain 3: Iteration: 2000 / 4000 [ 50%]  (Warmup)
Chain 3: Iteration: 2001 / 4000 [ 50%]  (Sampling)
Chain 2: Iteration: 2000 / 4000 [ 50%]  (Warmup)
Chain 2: Iteration: 2001 / 4000 [ 50%]  (Sampling)
Chain 4: Iteration: 2400 / 4000 [ 60%]  (Sampling)
Chain 3: Iteration: 2400 / 4000 [ 60%]  (Sampling)
Chain 2: Iteration: 2400 / 4000 [ 60%]  (Sampling)
Chain 1: Iteration: 2400 / 4000 [ 60%]  (Sampling)
Chain 4: Iteration: 2800 / 4000 [ 70%]  (Sampling)
Chain 3: Iteration: 2800 / 4000 [ 70%]  (Sampling)
Chain 2: Iteration: 2800 / 4000 [ 70%]  (Sampling)
Chain 4: Iteration: 3200 / 4000 [ 80%]  (Sampling)
Chain 3: Iteration: 3200 / 4000 [ 80%]  (Sampling)
Chain 1: Iteration: 2800 / 4000 [ 70%]  (Sampling)
Chain 2: Iteration: 3200 / 4000 [ 80%]  (Sampling)
Chain 4: Iteration: 3600 / 4000 [ 90%]  (Sampling)
Chain 3: Iteration: 3600 / 4000 [ 90%]  (Sampling)
Chain 2: Iteration: 3600 / 4000 [ 90%]  (Sampling)
Chain 4: Iteration: 4000 / 4000 [100%]  (Sampling)
Chain 4: 
Chain 4:  Elapsed Time: 52.845 seconds (Warm-up)
Chain 4:                45.898 seconds (Sampling)
Chain 4:                98.743 seconds (Total)
Chain 4: 
Chain 1: Iteration: 3200 / 4000 [ 80%]  (Sampling)
Chain 3: Iteration: 4000 / 4000 [100%]  (Sampling)
Chain 3: 
Chain 3:  Elapsed Time: 56.137 seconds (Warm-up)
Chain 3:                45.79 seconds (Sampling)
Chain 3:                101.927 seconds (Total)
Chain 3: 
Chain 2: Iteration: 4000 / 4000 [100%]  (Sampling)
Chain 2: 
Chain 2:  Elapsed Time: 58.2 seconds (Warm-up)
Chain 2:                45.796 seconds (Sampling)
Chain 2:                103.996 seconds (Total)
Chain 2: 
Chain 1: Iteration: 3600 / 4000 [ 90%]  (Sampling)
Chain 1: Iteration: 4000 / 4000 [100%]  (Sampling)
Chain 1: 
Chain 1:  Elapsed Time: 53.387 seconds (Warm-up)
Chain 1:                76.619 seconds (Sampling)
Chain 1:                130.006 seconds (Total)
Chain 1: 

SAMPLING FOR MODEL 'ratio_v2_joint_bb' NOW (CHAIN 1).

SAMPLING FOR MODEL 'ratio_v2_joint_bb' NOW (CHAIN 2).
Chain 1: 
Chain 1: Gradient evaluation took 0.00089 seconds
Chain 1: 1000 transitions using 10 leapfrog steps per transition would take 8.9 seconds.
Chain 1: Adjust your expectations accordingly!
Chain 1: 
Chain 1: 
Chain 1: Iteration:    1 / 4000 [  0%]  (Warmup)

SAMPLING FOR MODEL 'ratio_v2_joint_bb' NOW (CHAIN 3).
Chain 2: 
Chain 2: Gradient evaluation took 0.000828 seconds
Chain 2: 1000 transitions using 10 leapfrog steps per transition would take 8.28 seconds.
Chain 2: Adjust your expectations accordingly!
Chain 2: 
Chain 2: 
Chain 2: Iteration:    1 / 4000 [  0%]  (Warmup)

SAMPLING FOR MODEL 'ratio_v2_joint_bb' NOW (CHAIN 4).
Chain 3: 
Chain 3: Gradient evaluation took 0.000897 seconds
Chain 3: 1000 transitions using 10 leapfrog steps per transition would take 8.97 seconds.
Chain 3: Adjust your expectations accordingly!
Chain 3: 
Chain 3: 
Chain 3: Iteration:    1 / 4000 [  0%]  (Warmup)
Chain 4: 
Chain 4: Gradient evaluation took 0.000819 seconds
Chain 4: 1000 transitions using 10 leapfrog steps per transition would take 8.19 seconds.
Chain 4: Adjust your expectations accordingly!
Chain 4: 
Chain 4: 
Chain 4: Iteration:    1 / 4000 [  0%]  (Warmup)
Chain 4: Iteration:  400 / 4000 [ 10%]  (Warmup)
Chain 1: Iteration:  400 / 4000 [ 10%]  (Warmup)
Chain 3: Iteration:  400 / 4000 [ 10%]  (Warmup)
Chain 2: Iteration:  400 / 4000 [ 10%]  (Warmup)
Chain 1: Iteration:  800 / 4000 [ 20%]  (Warmup)
Chain 4: Iteration:  800 / 4000 [ 20%]  (Warmup)
Chain 3: Iteration:  800 / 4000 [ 20%]  (Warmup)
Chain 2: Iteration:  800 / 4000 [ 20%]  (Warmup)
Chain 1: Iteration: 1200 / 4000 [ 30%]  (Warmup)
Chain 4: Iteration: 1200 / 4000 [ 30%]  (Warmup)
Chain 3: Iteration: 1200 / 4000 [ 30%]  (Warmup)
Chain 2: Iteration: 1200 / 4000 [ 30%]  (Warmup)
Chain 1: Iteration: 1600 / 4000 [ 40%]  (Warmup)
Chain 4: Iteration: 1600 / 4000 [ 40%]  (Warmup)
Chain 3: Iteration: 1600 / 4000 [ 40%]  (Warmup)
Chain 2: Iteration: 1600 / 4000 [ 40%]  (Warmup)
Chain 3: Iteration: 2000 / 4000 [ 50%]  (Warmup)
Chain 3: Iteration: 2001 / 4000 [ 50%]  (Sampling)
Chain 1: Iteration: 2000 / 4000 [ 50%]  (Warmup)
Chain 1: Iteration: 2001 / 4000 [ 50%]  (Sampling)
Chain 4: Iteration: 2000 / 4000 [ 50%]  (Warmup)
Chain 4: Iteration: 2001 / 4000 [ 50%]  (Sampling)
Chain 2: Iteration: 2000 / 4000 [ 50%]  (Warmup)
Chain 2: Iteration: 2001 / 4000 [ 50%]  (Sampling)
Chain 3: Iteration: 2400 / 4000 [ 60%]  (Sampling)
Chain 1: Iteration: 2400 / 4000 [ 60%]  (Sampling)
Chain 2: Iteration: 2400 / 4000 [ 60%]  (Sampling)
Chain 4: Iteration: 2400 / 4000 [ 60%]  (Sampling)
Chain 3: Iteration: 2800 / 4000 [ 70%]  (Sampling)
Chain 2: Iteration: 2800 / 4000 [ 70%]  (Sampling)
Chain 1: Iteration: 2800 / 4000 [ 70%]  (Sampling)
Chain 3: Iteration: 3200 / 4000 [ 80%]  (Sampling)
Chain 4: Iteration: 2800 / 4000 [ 70%]  (Sampling)
Chain 2: Iteration: 3200 / 4000 [ 80%]  (Sampling)
Chain 3: Iteration: 3600 / 4000 [ 90%]  (Sampling)
Chain 1: Iteration: 3200 / 4000 [ 80%]  (Sampling)
Chain 2: Iteration: 3600 / 4000 [ 90%]  (Sampling)
Chain 4: Iteration: 3200 / 4000 [ 80%]  (Sampling)
Chain 3: Iteration: 4000 / 4000 [100%]  (Sampling)
Chain 3: 
Chain 3:  Elapsed Time: 47.465 seconds (Warm-up)
Chain 3:                40.274 seconds (Sampling)
Chain 3:                87.739 seconds (Total)
Chain 3: 
Chain 1: Iteration: 3600 / 4000 [ 90%]  (Sampling)
Chain 2: Iteration: 4000 / 4000 [100%]  (Sampling)
Chain 2: 
Chain 2:  Elapsed Time: 51.094 seconds (Warm-up)
Chain 2:                40.261 seconds (Sampling)
Chain 2:                91.355 seconds (Total)
Chain 2: 
Chain 4: Iteration: 3600 / 4000 [ 90%]  (Sampling)
Chain 1: Iteration: 4000 / 4000 [100%]  (Sampling)
Chain 1: 
Chain 1:  Elapsed Time: 48.342 seconds (Warm-up)
Chain 1:                52.549 seconds (Sampling)
Chain 1:                100.891 seconds (Total)
Chain 1: 
Chain 4: Iteration: 4000 / 4000 [100%]  (Sampling)
Chain 4: 
Chain 4:  Elapsed Time: 48.94 seconds (Warm-up)
Chain 4:                61.286 seconds (Sampling)
Chain 4:                110.226 seconds (Total)
Chain 4: 

SAMPLING FOR MODEL 'ratio_v2_joint_bb' NOW (CHAIN 1).

SAMPLING FOR MODEL 'ratio_v2_joint_bb' NOW (CHAIN 2).
Chain 1: 
Chain 1: Gradient evaluation took 0.001026 seconds
Chain 1: 1000 transitions using 10 leapfrog steps per transition would take 10.26 seconds.
Chain 1: Adjust your expectations accordingly!
Chain 1: 
Chain 1: 
Chain 1: Iteration:    1 / 4000 [  0%]  (Warmup)

SAMPLING FOR MODEL 'ratio_v2_joint_bb' NOW (CHAIN 3).
Chain 2: 
Chain 2: Gradient evaluation took 0.000965 seconds
Chain 2: 1000 transitions using 10 leapfrog steps per transition would take 9.65 seconds.
Chain 2: Adjust your expectations accordingly!
Chain 2: 
Chain 2: 
Chain 2: Iteration:    1 / 4000 [  0%]  (Warmup)

SAMPLING FOR MODEL 'ratio_v2_joint_bb' NOW (CHAIN 4).
Chain 3: 
Chain 3: Gradient evaluation took 0.001003 seconds
Chain 3: 1000 transitions using 10 leapfrog steps per transition would take 10.03 seconds.
Chain 3: Adjust your expectations accordingly!
Chain 3: 
Chain 3: 
Chain 3: Iteration:    1 / 4000 [  0%]  (Warmup)
Chain 4: 
Chain 4: Gradient evaluation took 0.001033 seconds
Chain 4: 1000 transitions using 10 leapfrog steps per transition would take 10.33 seconds.
Chain 4: Adjust your expectations accordingly!
Chain 4: 
Chain 4: 
Chain 4: Iteration:    1 / 4000 [  0%]  (Warmup)
Chain 3: Iteration:  400 / 4000 [ 10%]  (Warmup)
Chain 1: Iteration:  400 / 4000 [ 10%]  (Warmup)
Chain 2: Iteration:  400 / 4000 [ 10%]  (Warmup)
Chain 4: Iteration:  400 / 4000 [ 10%]  (Warmup)
Chain 3: Iteration:  800 / 4000 [ 20%]  (Warmup)
Chain 1: Iteration:  800 / 4000 [ 20%]  (Warmup)
Chain 2: Iteration:  800 / 4000 [ 20%]  (Warmup)
Chain 4: Iteration:  800 / 4000 [ 20%]  (Warmup)
Chain 1: Iteration: 1200 / 4000 [ 30%]  (Warmup)
Chain 3: Iteration: 1200 / 4000 [ 30%]  (Warmup)
Chain 2: Iteration: 1200 / 4000 [ 30%]  (Warmup)
Chain 4: Iteration: 1200 / 4000 [ 30%]  (Warmup)
Chain 1: Iteration: 1600 / 4000 [ 40%]  (Warmup)
Chain 3: Iteration: 1600 / 4000 [ 40%]  (Warmup)
Chain 2: Iteration: 1600 / 4000 [ 40%]  (Warmup)
Chain 4: Iteration: 1600 / 4000 [ 40%]  (Warmup)
Chain 1: Iteration: 2000 / 4000 [ 50%]  (Warmup)
Chain 1: Iteration: 2001 / 4000 [ 50%]  (Sampling)
Chain 3: Iteration: 2000 / 4000 [ 50%]  (Warmup)
Chain 3: Iteration: 2001 / 4000 [ 50%]  (Sampling)
Chain 4: Iteration: 2000 / 4000 [ 50%]  (Warmup)
Chain 4: Iteration: 2001 / 4000 [ 50%]  (Sampling)
Chain 2: Iteration: 2000 / 4000 [ 50%]  (Warmup)
Chain 2: Iteration: 2001 / 4000 [ 50%]  (Sampling)
Chain 1: Iteration: 2400 / 4000 [ 60%]  (Sampling)
Chain 1: Iteration: 2800 / 4000 [ 70%]  (Sampling)
Chain 3: Iteration: 2400 / 4000 [ 60%]  (Sampling)
Chain 4: Iteration: 2400 / 4000 [ 60%]  (Sampling)
Chain 2: Iteration: 2400 / 4000 [ 60%]  (Sampling)
Chain 1: Iteration: 3200 / 4000 [ 80%]  (Sampling)
Chain 3: Iteration: 2800 / 4000 [ 70%]  (Sampling)
Chain 1: Iteration: 3600 / 4000 [ 90%]  (Sampling)
Chain 4: Iteration: 2800 / 4000 [ 70%]  (Sampling)
Chain 2: Iteration: 2800 / 4000 [ 70%]  (Sampling)
Chain 1: Iteration: 4000 / 4000 [100%]  (Sampling)
Chain 1: 
Chain 1:  Elapsed Time: 53.185 seconds (Warm-up)
Chain 1:                45.733 seconds (Sampling)
Chain 1:                98.918 seconds (Total)
Chain 1: 
Chain 3: Iteration: 3200 / 4000 [ 80%]  (Sampling)
Chain 4: Iteration: 3200 / 4000 [ 80%]  (Sampling)
Chain 2: Iteration: 3200 / 4000 [ 80%]  (Sampling)
Chain 3: Iteration: 3600 / 4000 [ 90%]  (Sampling)
Chain 4: Iteration: 3600 / 4000 [ 90%]  (Sampling)
Chain 3: Iteration: 4000 / 4000 [100%]  (Sampling)
Chain 3: 
Chain 3:  Elapsed Time: 56.909 seconds (Warm-up)
Chain 3:                72.386 seconds (Sampling)
Chain 3:                129.295 seconds (Total)
Chain 3: 
Chain 2: Iteration: 3600 / 4000 [ 90%]  (Sampling)
Chain 4: Iteration: 4000 / 4000 [100%]  (Sampling)
Chain 4: 
Chain 4:  Elapsed Time: 60.023 seconds (Warm-up)
Chain 4:                74.866 seconds (Sampling)
Chain 4:                134.889 seconds (Total)
Chain 4: 
Chain 2: Iteration: 4000 / 4000 [100%]  (Sampling)
Chain 2: 
Chain 2:  Elapsed Time: 61.197 seconds (Warm-up)
Chain 2:                89.318 seconds (Sampling)
Chain 2:                150.515 seconds (Total)
Chain 2: 

SAMPLING FOR MODEL 'ratio_v2_joint_bb' NOW (CHAIN 1).

SAMPLING FOR MODEL 'ratio_v2_joint_bb' NOW (CHAIN 2).
Chain 1: 
Chain 1: Gradient evaluation took 0.000795 seconds
Chain 1: 1000 transitions using 10 leapfrog steps per transition would take 7.95 seconds.
Chain 1: Adjust your expectations accordingly!
Chain 1: 
Chain 1: 
Chain 1: Iteration:    1 / 4000 [  0%]  (Warmup)

SAMPLING FOR MODEL 'ratio_v2_joint_bb' NOW (CHAIN 3).
Chain 2: 
Chain 2: Gradient evaluation took 0.000816 seconds
Chain 2: 1000 transitions using 10 leapfrog steps per transition would take 8.16 seconds.
Chain 2: Adjust your expectations accordingly!
Chain 2: 
Chain 2: 
Chain 2: Iteration:    1 / 4000 [  0%]  (Warmup)

SAMPLING FOR MODEL 'ratio_v2_joint_bb' NOW (CHAIN 4).
Chain 3: 
Chain 3: Gradient evaluation took 0.000793 seconds
Chain 3: 1000 transitions using 10 leapfrog steps per transition would take 7.93 seconds.
Chain 3: Adjust your expectations accordingly!
Chain 3: 
Chain 3: 
Chain 3: Iteration:    1 / 4000 [  0%]  (Warmup)
Chain 4: 
Chain 4: Gradient evaluation took 0.000768 seconds
Chain 4: 1000 transitions using 10 leapfrog steps per transition would take 7.68 seconds.
Chain 4: Adjust your expectations accordingly!
Chain 4: 
Chain 4: 
Chain 4: Iteration:    1 / 4000 [  0%]  (Warmup)
Chain 4: Iteration:  400 / 4000 [ 10%]  (Warmup)
Chain 1: Iteration:  400 / 4000 [ 10%]  (Warmup)
Chain 2: Iteration:  400 / 4000 [ 10%]  (Warmup)
Chain 3: Iteration:  400 / 4000 [ 10%]  (Warmup)
Chain 1: Iteration:  800 / 4000 [ 20%]  (Warmup)
Chain 4: Iteration:  800 / 4000 [ 20%]  (Warmup)
Chain 3: Iteration:  800 / 4000 [ 20%]  (Warmup)
Chain 2: Iteration:  800 / 4000 [ 20%]  (Warmup)
Chain 1: Iteration: 1200 / 4000 [ 30%]  (Warmup)
Chain 4: Iteration: 1200 / 4000 [ 30%]  (Warmup)
Chain 3: Iteration: 1200 / 4000 [ 30%]  (Warmup)
Chain 2: Iteration: 1200 / 4000 [ 30%]  (Warmup)
Chain 1: Iteration: 1600 / 4000 [ 40%]  (Warmup)
Chain 4: Iteration: 1600 / 4000 [ 40%]  (Warmup)
Chain 3: Iteration: 1600 / 4000 [ 40%]  (Warmup)
Chain 2: Iteration: 1600 / 4000 [ 40%]  (Warmup)
Chain 1: Iteration: 2000 / 4000 [ 50%]  (Warmup)
Chain 1: Iteration: 2001 / 4000 [ 50%]  (Sampling)
Chain 3: Iteration: 2000 / 4000 [ 50%]  (Warmup)
Chain 3: Iteration: 2001 / 4000 [ 50%]  (Sampling)
Chain 4: Iteration: 2000 / 4000 [ 50%]  (Warmup)
Chain 4: Iteration: 2001 / 4000 [ 50%]  (Sampling)
Chain 2: Iteration: 2000 / 4000 [ 50%]  (Warmup)
Chain 2: Iteration: 2001 / 4000 [ 50%]  (Sampling)
Chain 3: Iteration: 2400 / 4000 [ 60%]  (Sampling)
Chain 1: Iteration: 2400 / 4000 [ 60%]  (Sampling)
Chain 4: Iteration: 2400 / 4000 [ 60%]  (Sampling)
Chain 3: Iteration: 2800 / 4000 [ 70%]  (Sampling)
Chain 2: Iteration: 2400 / 4000 [ 60%]  (Sampling)
Chain 3: Iteration: 3200 / 4000 [ 80%]  (Sampling)
Chain 3: Iteration: 3600 / 4000 [ 90%]  (Sampling)
Chain 4: Iteration: 2800 / 4000 [ 70%]  (Sampling)
Chain 2: Iteration: 2800 / 4000 [ 70%]  (Sampling)
Chain 1: Iteration: 2800 / 4000 [ 70%]  (Sampling)
Chain 3: Iteration: 4000 / 4000 [100%]  (Sampling)
Chain 3: 
Chain 3:  Elapsed Time: 37.885 seconds (Warm-up)
Chain 3:                30.914 seconds (Sampling)
Chain 3:                68.799 seconds (Total)
Chain 3: 
Chain 2: Iteration: 3200 / 4000 [ 80%]  (Sampling)
Chain 4: Iteration: 3200 / 4000 [ 80%]  (Sampling)
Chain 1: Iteration: 3200 / 4000 [ 80%]  (Sampling)
Chain 2: Iteration: 3600 / 4000 [ 90%]  (Sampling)
Chain 4: Iteration: 3600 / 4000 [ 90%]  (Sampling)
Chain 1: Iteration: 3600 / 4000 [ 90%]  (Sampling)
Chain 2: Iteration: 4000 / 4000 [100%]  (Sampling)
Chain 2: 
Chain 2:  Elapsed Time: 39.894 seconds (Warm-up)
Chain 2:                58.821 seconds (Sampling)
Chain 2:                98.715 seconds (Total)
Chain 2: 
Chain 4: Iteration: 4000 / 4000 [100%]  (Sampling)
Chain 4: 
Chain 4:  Elapsed Time: 38.01 seconds (Warm-up)
Chain 4:                61.509 seconds (Sampling)
Chain 4:                99.519 seconds (Total)
Chain 4: 
Chain 1: Iteration: 4000 / 4000 [100%]  (Sampling)
Chain 1: 
Chain 1:  Elapsed Time: 36.749 seconds (Warm-up)
Chain 1:                64.397 seconds (Sampling)
Chain 1:                101.146 seconds (Total)
Chain 1: 

SAMPLING FOR MODEL 'ratio_v2_joint_bb' NOW (CHAIN 1).

SAMPLING FOR MODEL 'ratio_v2_joint_bb' NOW (CHAIN 2).
Chain 1: 
Chain 1: Gradient evaluation took 0.000926 seconds
Chain 1: 1000 transitions using 10 leapfrog steps per transition would take 9.26 seconds.
Chain 1: Adjust your expectations accordingly!
Chain 1: 
Chain 1: 
Chain 1: Iteration:    1 / 4000 [  0%]  (Warmup)

SAMPLING FOR MODEL 'ratio_v2_joint_bb' NOW (CHAIN 3).
Chain 2: 
Chain 2: Gradient evaluation took 0.000913 seconds
Chain 2: 1000 transitions using 10 leapfrog steps per transition would take 9.13 seconds.
Chain 2: Adjust your expectations accordingly!
Chain 2: 
Chain 2: 
Chain 2: Iteration:    1 / 4000 [  0%]  (Warmup)

SAMPLING FOR MODEL 'ratio_v2_joint_bb' NOW (CHAIN 4).
Chain 3: 
Chain 3: Gradient evaluation took 0.00088 seconds
Chain 3: 1000 transitions using 10 leapfrog steps per transition would take 8.8 seconds.
Chain 3: Adjust your expectations accordingly!
Chain 3: 
Chain 3: 
Chain 3: Iteration:    1 / 4000 [  0%]  (Warmup)
Chain 4: 
Chain 4: Gradient evaluation took 0.000859 seconds
Chain 4: 1000 transitions using 10 leapfrog steps per transition would take 8.59 seconds.
Chain 4: Adjust your expectations accordingly!
Chain 4: 
Chain 4: 
Chain 4: Iteration:    1 / 4000 [  0%]  (Warmup)
Chain 3: Iteration:  400 / 4000 [ 10%]  (Warmup)
Chain 1: Iteration:  400 / 4000 [ 10%]  (Warmup)
Chain 4: Iteration:  400 / 4000 [ 10%]  (Warmup)
Chain 2: Iteration:  400 / 4000 [ 10%]  (Warmup)
Chain 3: Iteration:  800 / 4000 [ 20%]  (Warmup)
Chain 1: Iteration:  800 / 4000 [ 20%]  (Warmup)
Chain 4: Iteration:  800 / 4000 [ 20%]  (Warmup)
Chain 2: Iteration:  800 / 4000 [ 20%]  (Warmup)
Chain 1: Iteration: 1200 / 4000 [ 30%]  (Warmup)
Chain 3: Iteration: 1200 / 4000 [ 30%]  (Warmup)
Chain 2: Iteration: 1200 / 4000 [ 30%]  (Warmup)
Chain 4: Iteration: 1200 / 4000 [ 30%]  (Warmup)
Chain 1: Iteration: 1600 / 4000 [ 40%]  (Warmup)
Chain 3: Iteration: 1600 / 4000 [ 40%]  (Warmup)
Chain 2: Iteration: 1600 / 4000 [ 40%]  (Warmup)
Chain 4: Iteration: 1600 / 4000 [ 40%]  (Warmup)
Chain 1: Iteration: 2000 / 4000 [ 50%]  (Warmup)
Chain 1: Iteration: 2001 / 4000 [ 50%]  (Sampling)
Chain 2: Iteration: 2000 / 4000 [ 50%]  (Warmup)
Chain 2: Iteration: 2001 / 4000 [ 50%]  (Sampling)
Chain 4: Iteration: 2000 / 4000 [ 50%]  (Warmup)
Chain 4: Iteration: 2001 / 4000 [ 50%]  (Sampling)
Chain 3: Iteration: 2000 / 4000 [ 50%]  (Warmup)
Chain 3: Iteration: 2001 / 4000 [ 50%]  (Sampling)
Chain 1: Iteration: 2400 / 4000 [ 60%]  (Sampling)
Chain 2: Iteration: 2400 / 4000 [ 60%]  (Sampling)
Chain 4: Iteration: 2400 / 4000 [ 60%]  (Sampling)
Chain 1: Iteration: 2800 / 4000 [ 70%]  (Sampling)
Chain 2: Iteration: 2800 / 4000 [ 70%]  (Sampling)
Chain 4: Iteration: 2800 / 4000 [ 70%]  (Sampling)
Chain 3: Iteration: 2400 / 4000 [ 60%]  (Sampling)
Chain 1: Iteration: 3200 / 4000 [ 80%]  (Sampling)
Chain 2: Iteration: 3200 / 4000 [ 80%]  (Sampling)
Chain 4: Iteration: 3200 / 4000 [ 80%]  (Sampling)
Chain 1: Iteration: 3600 / 4000 [ 90%]  (Sampling)
Chain 2: Iteration: 3600 / 4000 [ 90%]  (Sampling)
Chain 3: Iteration: 2800 / 4000 [ 70%]  (Sampling)
Chain 4: Iteration: 3600 / 4000 [ 90%]  (Sampling)
Chain 1: Iteration: 4000 / 4000 [100%]  (Sampling)
Chain 1: 
Chain 1:  Elapsed Time: 45.966 seconds (Warm-up)
Chain 1:                37.84 seconds (Sampling)
Chain 1:                83.806 seconds (Total)
Chain 1: 
Chain 2: Iteration: 4000 / 4000 [100%]  (Sampling)
Chain 2: 
Chain 2:  Elapsed Time: 46.884 seconds (Warm-up)
Chain 2:                37.921 seconds (Sampling)
Chain 2:                84.805 seconds (Total)
Chain 2: 
Chain 4: Iteration: 4000 / 4000 [100%]  (Sampling)
Chain 4: 
Chain 4:  Elapsed Time: 47.729 seconds (Warm-up)
Chain 4:                38.518 seconds (Sampling)
Chain 4:                86.247 seconds (Total)
Chain 4: 
Chain 3: Iteration: 3200 / 4000 [ 80%]  (Sampling)
Chain 3: Iteration: 3600 / 4000 [ 90%]  (Sampling)
Chain 3: Iteration: 4000 / 4000 [100%]  (Sampling)
Chain 3: 
Chain 3:  Elapsed Time: 48.377 seconds (Warm-up)
Chain 3:                75.426 seconds (Sampling)
Chain 3:                123.803 seconds (Total)
Chain 3: 
2026-09-18 18:02:27 CV_ROUTE schemeA_tobit 5 
2026-09-18 18:57:51 CV_ROUTE binary 10 
2026-09-18 19:15:03 CV_ROUTE joint_bb 10 

SAMPLING FOR MODEL 'ratio_v2_joint_bb' NOW (CHAIN 1).

SAMPLING FOR MODEL 'ratio_v2_joint_bb' NOW (CHAIN 2).
Chain 1: 
Chain 1: Gradient evaluation took 0.000963 seconds
Chain 1: 1000 transitions using 10 leapfrog steps per transition would take 9.63 seconds.
Chain 1: Adjust your expectations accordingly!
Chain 1: 
Chain 1: 
Chain 1: Iteration:    1 / 4000 [  0%]  (Warmup)

SAMPLING FOR MODEL 'ratio_v2_joint_bb' NOW (CHAIN 3).
Chain 2: 
Chain 2: Gradient evaluation took 0.001 seconds
Chain 2: 1000 transitions using 10 leapfrog steps per transition would take 10 seconds.
Chain 2: Adjust your expectations accordingly!
Chain 2: 
Chain 2: 
Chain 2: Iteration:    1 / 4000 [  0%]  (Warmup)

SAMPLING FOR MODEL 'ratio_v2_joint_bb' NOW (CHAIN 4).
Chain 3: 
Chain 3: Gradient evaluation took 0.001199 seconds
Chain 3: 1000 transitions using 10 leapfrog steps per transition would take 11.99 seconds.
Chain 3: Adjust your expectations accordingly!
Chain 3: 
Chain 3: 
Chain 3: Iteration:    1 / 4000 [  0%]  (Warmup)
Chain 4: 
Chain 4: Gradient evaluation took 0.000951 seconds
Chain 4: 1000 transitions using 10 leapfrog steps per transition would take 9.51 seconds.
Chain 4: Adjust your expectations accordingly!
Chain 4: 
Chain 4: 
Chain 4: Iteration:    1 / 4000 [  0%]  (Warmup)
Chain 1: Iteration:  400 / 4000 [ 10%]  (Warmup)
Chain 3: Iteration:  400 / 4000 [ 10%]  (Warmup)
Chain 4: Iteration:  400 / 4000 [ 10%]  (Warmup)
Chain 2: Iteration:  400 / 4000 [ 10%]  (Warmup)
Chain 1: Iteration:  800 / 4000 [ 20%]  (Warmup)
Chain 3: Iteration:  800 / 4000 [ 20%]  (Warmup)
Chain 4: Iteration:  800 / 4000 [ 20%]  (Warmup)
Chain 2: Iteration:  800 / 4000 [ 20%]  (Warmup)
Chain 4: Iteration: 1200 / 4000 [ 30%]  (Warmup)
Chain 1: Iteration: 1200 / 4000 [ 30%]  (Warmup)
Chain 2: Iteration: 1200 / 4000 [ 30%]  (Warmup)
Chain 3: Iteration: 1200 / 4000 [ 30%]  (Warmup)
Chain 4: Iteration: 1600 / 4000 [ 40%]  (Warmup)
Chain 1: Iteration: 1600 / 4000 [ 40%]  (Warmup)
Chain 2: Iteration: 1600 / 4000 [ 40%]  (Warmup)
Chain 3: Iteration: 1600 / 4000 [ 40%]  (Warmup)
Chain 4: Iteration: 2000 / 4000 [ 50%]  (Warmup)
Chain 4: Iteration: 2001 / 4000 [ 50%]  (Sampling)
Chain 1: Iteration: 2000 / 4000 [ 50%]  (Warmup)
Chain 1: Iteration: 2001 / 4000 [ 50%]  (Sampling)
Chain 2: Iteration: 2000 / 4000 [ 50%]  (Warmup)
Chain 2: Iteration: 2001 / 4000 [ 50%]  (Sampling)
Chain 3: Iteration: 2000 / 4000 [ 50%]  (Warmup)
Chain 3: Iteration: 2001 / 4000 [ 50%]  (Sampling)
Chain 4: Iteration: 2400 / 4000 [ 60%]  (Sampling)
Chain 2: Iteration: 2400 / 4000 [ 60%]  (Sampling)
Chain 1: Iteration: 2400 / 4000 [ 60%]  (Sampling)
Chain 3: Iteration: 2400 / 4000 [ 60%]  (Sampling)
Chain 4: Iteration: 2800 / 4000 [ 70%]  (Sampling)
Chain 2: Iteration: 2800 / 4000 [ 70%]  (Sampling)
Chain 1: Iteration: 2800 / 4000 [ 70%]  (Sampling)
Chain 3: Iteration: 2800 / 4000 [ 70%]  (Sampling)
Chain 4: Iteration: 3200 / 4000 [ 80%]  (Sampling)
Chain 2: Iteration: 3200 / 4000 [ 80%]  (Sampling)
Chain 1: Iteration: 3200 / 4000 [ 80%]  (Sampling)
Chain 3: Iteration: 3200 / 4000 [ 80%]  (Sampling)
Chain 4: Iteration: 3600 / 4000 [ 90%]  (Sampling)
Chain 2: Iteration: 3600 / 4000 [ 90%]  (Sampling)
Chain 1: Iteration: 3600 / 4000 [ 90%]  (Sampling)
Chain 4: Iteration: 4000 / 4000 [100%]  (Sampling)
Chain 4: 
Chain 4:  Elapsed Time: 16.88 seconds (Warm-up)
Chain 4:                14.347 seconds (Sampling)
Chain 4:                31.227 seconds (Total)
Chain 4: 
Chain 3: Iteration: 3600 / 4000 [ 90%]  (Sampling)
Chain 2: Iteration: 4000 / 4000 [100%]  (Sampling)
Chain 2: 
Chain 2:  Elapsed Time: 17.603 seconds (Warm-up)
Chain 2:                14.803 seconds (Sampling)
Chain 2:                32.406 seconds (Total)
Chain 2: 
Chain 1: Iteration: 4000 / 4000 [100%]  (Sampling)
Chain 1: 
Chain 1:  Elapsed Time: 17.355 seconds (Warm-up)
Chain 1:                17.08 seconds (Sampling)
Chain 1:                34.435 seconds (Total)
Chain 1: 
Chain 3: Iteration: 4000 / 4000 [100%]  (Sampling)
Chain 3: 
Chain 3:  Elapsed Time: 18.418 seconds (Warm-up)
Chain 3:                16.159 seconds (Sampling)
Chain 3:                34.577 seconds (Total)
Chain 3: 

SAMPLING FOR MODEL 'ratio_v2_joint_bb' NOW (CHAIN 1).

SAMPLING FOR MODEL 'ratio_v2_joint_bb' NOW (CHAIN 2).
Chain 1: 
Chain 1: Gradient evaluation took 0.001379 seconds
Chain 1: 1000 transitions using 10 leapfrog steps per transition would take 13.79 seconds.
Chain 1: Adjust your expectations accordingly!
Chain 1: 
Chain 1: 
Chain 1: Iteration:    1 / 4000 [  0%]  (Warmup)

SAMPLING FOR MODEL 'ratio_v2_joint_bb' NOW (CHAIN 3).
Chain 2: 
Chain 2: Gradient evaluation took 0.001407 seconds
Chain 2: 1000 transitions using 10 leapfrog steps per transition would take 14.07 seconds.
Chain 2: Adjust your expectations accordingly!
Chain 2: 
Chain 2: 
Chain 2: Iteration:    1 / 4000 [  0%]  (Warmup)

SAMPLING FOR MODEL 'ratio_v2_joint_bb' NOW (CHAIN 4).
Chain 3: 
Chain 3: Gradient evaluation took 0.001447 seconds
Chain 3: 1000 transitions using 10 leapfrog steps per transition would take 14.47 seconds.
Chain 3: Adjust your expectations accordingly!
Chain 3: 
Chain 3: 
Chain 3: Iteration:    1 / 4000 [  0%]  (Warmup)
Chain 4: 
Chain 4: Gradient evaluation took 0.001346 seconds
Chain 4: 1000 transitions using 10 leapfrog steps per transition would take 13.46 seconds.
Chain 4: Adjust your expectations accordingly!
Chain 4: 
Chain 4: 
Chain 4: Iteration:    1 / 4000 [  0%]  (Warmup)
Chain 3: Iteration:  400 / 4000 [ 10%]  (Warmup)
Chain 4: Iteration:  400 / 4000 [ 10%]  (Warmup)
Chain 1: Iteration:  400 / 4000 [ 10%]  (Warmup)
Chain 2: Iteration:  400 / 4000 [ 10%]  (Warmup)
Chain 3: Iteration:  800 / 4000 [ 20%]  (Warmup)
Chain 1: Iteration:  800 / 4000 [ 20%]  (Warmup)
Chain 4: Iteration:  800 / 4000 [ 20%]  (Warmup)
Chain 2: Iteration:  800 / 4000 [ 20%]  (Warmup)
Chain 3: Iteration: 1200 / 4000 [ 30%]  (Warmup)
Chain 1: Iteration: 1200 / 4000 [ 30%]  (Warmup)
Chain 4: Iteration: 1200 / 4000 [ 30%]  (Warmup)
Chain 2: Iteration: 1200 / 4000 [ 30%]  (Warmup)
Chain 1: Iteration: 1600 / 4000 [ 40%]  (Warmup)
Chain 3: Iteration: 1600 / 4000 [ 40%]  (Warmup)
Chain 4: Iteration: 1600 / 4000 [ 40%]  (Warmup)
Chain 2: Iteration: 1600 / 4000 [ 40%]  (Warmup)
Chain 3: Iteration: 2000 / 4000 [ 50%]  (Warmup)
Chain 3: Iteration: 2001 / 4000 [ 50%]  (Sampling)
Chain 1: Iteration: 2000 / 4000 [ 50%]  (Warmup)
Chain 1: Iteration: 2001 / 4000 [ 50%]  (Sampling)
Chain 2: Iteration: 2000 / 4000 [ 50%]  (Warmup)
Chain 2: Iteration: 2001 / 4000 [ 50%]  (Sampling)
Chain 4: Iteration: 2000 / 4000 [ 50%]  (Warmup)
Chain 4: Iteration: 2001 / 4000 [ 50%]  (Sampling)
Chain 3: Iteration: 2400 / 4000 [ 60%]  (Sampling)
Chain 2: Iteration: 2400 / 4000 [ 60%]  (Sampling)
Chain 1: Iteration: 2400 / 4000 [ 60%]  (Sampling)
Chain 4: Iteration: 2400 / 4000 [ 60%]  (Sampling)
Chain 2: Iteration: 2800 / 4000 [ 70%]  (Sampling)
Chain 3: Iteration: 2800 / 4000 [ 70%]  (Sampling)
Chain 1: Iteration: 2800 / 4000 [ 70%]  (Sampling)
Chain 2: Iteration: 3200 / 4000 [ 80%]  (Sampling)
Chain 3: Iteration: 3200 / 4000 [ 80%]  (Sampling)
Chain 4: Iteration: 2800 / 4000 [ 70%]  (Sampling)
Chain 1: Iteration: 3200 / 4000 [ 80%]  (Sampling)
Chain 2: Iteration: 3600 / 4000 [ 90%]  (Sampling)
Chain 3: Iteration: 3600 / 4000 [ 90%]  (Sampling)
Chain 1: Iteration: 3600 / 4000 [ 90%]  (Sampling)
Chain 4: Iteration: 3200 / 4000 [ 80%]  (Sampling)
Chain 2: Iteration: 4000 / 4000 [100%]  (Sampling)
Chain 2: 
Chain 2:  Elapsed Time: 21.446 seconds (Warm-up)
Chain 2:                19.764 seconds (Sampling)
Chain 2:                41.21 seconds (Total)
Chain 2: 
Chain 3: Iteration: 4000 / 4000 [100%]  (Sampling)
Chain 3: 
Chain 3:  Elapsed Time: 20.878 seconds (Warm-up)
Chain 3:                21.064 seconds (Sampling)
Chain 3:                41.942 seconds (Total)
Chain 3: 
Chain 1: Iteration: 4000 / 4000 [100%]  (Sampling)
Chain 1: 
Chain 1:  Elapsed Time: 21.067 seconds (Warm-up)
Chain 1:                24.389 seconds (Sampling)
Chain 1:                45.456 seconds (Total)
Chain 1: 
Chain 4: Iteration: 3600 / 4000 [ 90%]  (Sampling)
Chain 4: Iteration: 4000 / 4000 [100%]  (Sampling)
Chain 4: 
Chain 4:  Elapsed Time: 21.758 seconds (Warm-up)
Chain 4:                31.564 seconds (Sampling)
Chain 4:                53.322 seconds (Total)
Chain 4: 

SAMPLING FOR MODEL 'ratio_v2_joint_bb' NOW (CHAIN 1).

SAMPLING FOR MODEL 'ratio_v2_joint_bb' NOW (CHAIN 2).
Chain 1: 
Chain 1: Gradient evaluation took 0.000914 seconds
Chain 1: 1000 transitions using 10 leapfrog steps per transition would take 9.14 seconds.
Chain 1: Adjust your expectations accordingly!
Chain 1: 
Chain 1: 
Chain 1: Iteration:    1 / 4000 [  0%]  (Warmup)

SAMPLING FOR MODEL 'ratio_v2_joint_bb' NOW (CHAIN 3).
Chain 2: 
Chain 2: Gradient evaluation took 0.000897 seconds
Chain 2: 1000 transitions using 10 leapfrog steps per transition would take 8.97 seconds.
Chain 2: Adjust your expectations accordingly!
Chain 2: 
Chain 2: 
Chain 2: Iteration:    1 / 4000 [  0%]  (Warmup)

SAMPLING FOR MODEL 'ratio_v2_joint_bb' NOW (CHAIN 4).
Chain 3: 
Chain 3: Gradient evaluation took 0.001117 seconds
Chain 3: 1000 transitions using 10 leapfrog steps per transition would take 11.17 seconds.
Chain 3: Adjust your expectations accordingly!
Chain 3: 
Chain 3: 
Chain 3: Iteration:    1 / 4000 [  0%]  (Warmup)
Chain 4: 
Chain 4: Gradient evaluation took 0.000967 seconds
Chain 4: 1000 transitions using 10 leapfrog steps per transition would take 9.67 seconds.
Chain 4: Adjust your expectations accordingly!
Chain 4: 
Chain 4: 
Chain 4: Iteration:    1 / 4000 [  0%]  (Warmup)
Chain 2: Iteration:  400 / 4000 [ 10%]  (Warmup)
Chain 3: Iteration:  400 / 4000 [ 10%]  (Warmup)
Chain 4: Iteration:  400 / 4000 [ 10%]  (Warmup)
Chain 1: Iteration:  400 / 4000 [ 10%]  (Warmup)
Chain 2: Iteration:  800 / 4000 [ 20%]  (Warmup)
Chain 3: Iteration:  800 / 4000 [ 20%]  (Warmup)
Chain 4: Iteration:  800 / 4000 [ 20%]  (Warmup)
Chain 1: Iteration:  800 / 4000 [ 20%]  (Warmup)
Chain 3: Iteration: 1200 / 4000 [ 30%]  (Warmup)
Chain 2: Iteration: 1200 / 4000 [ 30%]  (Warmup)
Chain 4: Iteration: 1200 / 4000 [ 30%]  (Warmup)
Chain 1: Iteration: 1200 / 4000 [ 30%]  (Warmup)
Chain 2Chain 3: Iteration: 1600 / 4000 [ 40%]  (Warmup): Iteration: 1600 / 4000 [ 40%]  (Warmup)

Chain 4: Iteration: 1600 / 4000 [ 40%]  (Warmup)
Chain 1: Iteration: 1600 / 4000 [ 40%]  (Warmup)
Chain 3: Iteration: 2000 / 4000 [ 50%]  (Warmup)
Chain 3: Iteration: 2001 / 4000 [ 50%]  (Sampling)
Chain 4: Iteration: 2000 / 4000 [ 50%]  (Warmup)
Chain 4: Iteration: 2001 / 4000 [ 50%]  (Sampling)
Chain 2: Iteration: 2000 / 4000 [ 50%]  (Warmup)
Chain 2: Iteration: 2001 / 4000 [ 50%]  (Sampling)
Chain 1: Iteration: 2000 / 4000 [ 50%]  (Warmup)
Chain 1: Iteration: 2001 / 4000 [ 50%]  (Sampling)
Chain 4: Iteration: 2400 / 4000 [ 60%]  (Sampling)
Chain 3: Iteration: 2400 / 4000 [ 60%]  (Sampling)
Chain 2: Iteration: 2400 / 4000 [ 60%]  (Sampling)
Chain 4: Iteration: 2800 / 4000 [ 70%]  (Sampling)
Chain 3: Iteration: 2800 / 4000 [ 70%]  (Sampling)
Chain 1: Iteration: 2400 / 4000 [ 60%]  (Sampling)
Chain 2: Iteration: 2800 / 4000 [ 70%]  (Sampling)
Chain 4: Iteration: 3200 / 4000 [ 80%]  (Sampling)
Chain 3: Iteration: 3200 / 4000 [ 80%]  (Sampling)
Chain 2: Iteration: 3200 / 4000 [ 80%]  (Sampling)
Chain 4: Iteration: 3600 / 4000 [ 90%]  (Sampling)
Chain 1: Iteration: 2800 / 4000 [ 70%]  (Sampling)
Chain 3: Iteration: 3600 / 4000 [ 90%]  (Sampling)
Chain 4: Iteration: 4000 / 4000 [100%]  (Sampling)
Chain 4: 
Chain 4:  Elapsed Time: 19.825 seconds (Warm-up)
Chain 4:                16.813 seconds (Sampling)
Chain 4:                36.638 seconds (Total)
Chain 4: 
Chain 2: Iteration: 3600 / 4000 [ 90%]  (Sampling)
Chain 3: Iteration: 4000 / 4000 [100%]  (Sampling)
Chain 3: 
Chain 3:  Elapsed Time: 19.812 seconds (Warm-up)
Chain 3:                18.338 seconds (Sampling)
Chain 3:                38.15 seconds (Total)
Chain 3: 
Chain 1: Iteration: 3200 / 4000 [ 80%]  (Sampling)
Chain 2: Iteration: 4000 / 4000 [100%]  (Sampling)
Chain 2: 
Chain 2:  Elapsed Time: 20.2 seconds (Warm-up)
Chain 2:                21.244 seconds (Sampling)
Chain 2:                41.444 seconds (Total)
Chain 2: 
Chain 1: Iteration: 3600 / 4000 [ 90%]  (Sampling)
Chain 1: Iteration: 4000 / 4000 [100%]  (Sampling)
Chain 1: 
Chain 1:  Elapsed Time: 21.989 seconds (Warm-up)
Chain 1:                31.291 seconds (Sampling)
Chain 1:                53.28 seconds (Total)
Chain 1: 

SAMPLING FOR MODEL 'ratio_v2_joint_bb' NOW (CHAIN 1).

SAMPLING FOR MODEL 'ratio_v2_joint_bb' NOW (CHAIN 2).

SAMPLING FOR MODEL 'ratio_v2_joint_bb' NOW (CHAIN 3).

SAMPLING FOR MODEL 'ratio_v2_joint_bb' NOW (CHAIN 4).
Chain 1: 
Chain 1: Gradient evaluation took 0.000996 seconds
Chain 1: 1000 transitions using 10 leapfrog steps per transition would take 9.96 seconds.
Chain 1: Adjust your expectations accordingly!
Chain 1: 
Chain 1: 
Chain 1: Iteration:    1 / 4000 [  0%]  (Warmup)
Chain 2: 
Chain 2: Gradient evaluation took 0.000988 seconds
Chain 2: 1000 transitions using 10 leapfrog steps per transition would take 9.88 seconds.
Chain 2: Adjust your expectations accordingly!
Chain 2: 
Chain 2: 
Chain 2: Iteration:    1 / 4000 [  0%]  (Warmup)
Chain 4: 
Chain 4: Gradient evaluation took 0.000945 seconds
Chain 4: 1000 transitions using 10 leapfrog steps per transition would take 9.45 seconds.
Chain 4: Adjust your expectations accordingly!
Chain 4: 
Chain 4: 
Chain 4: Iteration:    1 / 4000 [  0%]  (Warmup)
Chain 3: 
Chain 3: Gradient evaluation took 0.0013 seconds
Chain 3: 1000 transitions using 10 leapfrog steps per transition would take 13 seconds.
Chain 3: Adjust your expectations accordingly!
Chain 3: 
Chain 3: 
Chain 3: Iteration:    1 / 4000 [  0%]  (Warmup)
Chain 1: Iteration:  400 / 4000 [ 10%]  (Warmup)
Chain 3: Iteration:  400 / 4000 [ 10%]  (Warmup)
Chain 2: Iteration:  400 / 4000 [ 10%]  (Warmup)
Chain 4: Iteration:  400 / 4000 [ 10%]  (Warmup)
Chain 1: Iteration:  800 / 4000 [ 20%]  (Warmup)
Chain 2: Iteration:  800 / 4000 [ 20%]  (Warmup)
Chain 3: Iteration:  800 / 4000 [ 20%]  (Warmup)
Chain 1: Iteration: 1200 / 4000 [ 30%]  (Warmup)
Chain 4: Iteration:  800 / 4000 [ 20%]  (Warmup)
Chain 2: Iteration: 1200 / 4000 [ 30%]  (Warmup)
Chain 1: Iteration: 1600 / 4000 [ 40%]  (Warmup)
Chain 4: Iteration: 1200 / 4000 [ 30%]  (Warmup)
Chain 3: Iteration: 1200 / 4000 [ 30%]  (Warmup)
Chain 2: Iteration: 1600 / 4000 [ 40%]  (Warmup)
Chain 4: Iteration: 1600 / 4000 [ 40%]  (Warmup)
Chain 1: Iteration: 2000 / 4000 [ 50%]  (Warmup)
Chain 1: Iteration: 2001 / 4000 [ 50%]  (Sampling)
Chain 3: Iteration: 1600 / 4000 [ 40%]  (Warmup)
Chain 2: Iteration: 2000 / 4000 [ 50%]  (Warmup)
Chain 2: Iteration: 2001 / 4000 [ 50%]  (Sampling)
Chain 4: Iteration: 2000 / 4000 [ 50%]  (Warmup)
Chain 4: Iteration: 2001 / 4000 [ 50%]  (Sampling)
Chain 1: Iteration: 2400 / 4000 [ 60%]  (Sampling)
Chain 2: Iteration: 2400 / 4000 [ 60%]  (Sampling)
Chain 3: Iteration: 2000 / 4000 [ 50%]  (Warmup)
Chain 3: Iteration: 2001 / 4000 [ 50%]  (Sampling)
Chain 4: Iteration: 2400 / 4000 [ 60%]  (Sampling)
Chain 1: Iteration: 2800 / 4000 [ 70%]  (Sampling)
Chain 3: Iteration: 2400 / 4000 [ 60%]  (Sampling)
Chain 2: Iteration: 2800 / 4000 [ 70%]  (Sampling)
Chain 4: Iteration: 2800 / 4000 [ 70%]  (Sampling)
Chain 1: Iteration: 3200 / 4000 [ 80%]  (Sampling)
Chain 3: Iteration: 2800 / 4000 [ 70%]  (Sampling)
Chain 2: Iteration: 3200 / 4000 [ 80%]  (Sampling)
Chain 4: Iteration: 3200 / 4000 [ 80%]  (Sampling)
Chain 3: Iteration: 3200 / 4000 [ 80%]  (Sampling)
Chain 4: Iteration: 3600 / 4000 [ 90%]  (Sampling)
Chain 1: Iteration: 3600 / 4000 [ 90%]  (Sampling)
Chain 2: Iteration: 3600 / 4000 [ 90%]  (Sampling)
Chain 3: Iteration: 3600 / 4000 [ 90%]  (Sampling)
Chain 4: Iteration: 4000 / 4000 [100%]  (Sampling)
Chain 4: 
Chain 4:  Elapsed Time: 21.612 seconds (Warm-up)
Chain 4:                17.252 seconds (Sampling)
Chain 4:                38.864 seconds (Total)
Chain 4: 
Chain 2: Iteration: 4000 / 4000 [100%]  (Sampling)
Chain 2: 
Chain 2:  Elapsed Time: 19.788 seconds (Warm-up)
Chain 2:                20.129 seconds (Sampling)
Chain 2:                39.917 seconds (Total)
Chain 2: 
Chain 1: Iteration: 4000 / 4000 [100%]  (Sampling)
Chain 1: 
Chain 1:  Elapsed Time: 18.355 seconds (Warm-up)
Chain 1:                21.813 seconds (Sampling)
Chain 1:                40.168 seconds (Total)
Chain 1: 
Chain 3: Iteration: 4000 / 4000 [100%]  (Sampling)
Chain 3: 
Chain 3:  Elapsed Time: 23.81 seconds (Warm-up)
Chain 3:                19.338 seconds (Sampling)
Chain 3:                43.148 seconds (Total)
Chain 3: 

SAMPLING FOR MODEL 'ratio_v2_joint_bb' NOW (CHAIN 1).
Chain 1: 
Chain 1: Gradient evaluation took 0.000902 seconds

SAMPLING FOR MODEL 'Chain 1ratio_v2_joint_bb' NOW (CHAIN : 1000 transitions using 10 leapfrog steps per transition would take 9.02 seconds.2).

Chain 1: Adjust your expectations accordingly!
Chain 1: 
Chain 1: 
Chain 1: Iteration:    1 / 4000 [  0%]  (Warmup)
Chain 2: 
Chain 2: Gradient evaluation took 0.00095 seconds
Chain 2: 1000 transitions using 10 leapfrog steps per transition would take 9.5 seconds.

SAMPLINGChain 2 FOR MODEL 'ratio_v2_joint_bb: Adjust your expectations accordingly!' NOW (CHAIN 
Chain 3).
2: 
Chain 2: 
Chain 2: Iteration:    1 / 4000 [  0%]  (Warmup)
Chain 3: 
Chain 3: 
SAMPLINGGradient evaluation took 0.001146 seconds
 FOR MODEL 'ratio_v2_joint_bbChain 3' NOW (CHAIN : 1000 transitions using 10 leapfrog steps per transition would take 11.46 seconds.4
Chain ).
3: Adjust your expectations accordingly!
Chain 3: 
Chain 3: 
Chain 3: Iteration:    1 / 4000 [  0%]  (Warmup)
Chain 4: 
Chain 4: Gradient evaluation took 0.001202 seconds
Chain 4: 1000 transitions using 10 leapfrog steps per transition would take 12.02 seconds.
Chain 4: Adjust your expectations accordingly!
Chain 4: 
Chain 4: 
Chain 4: Iteration:    1 / 4000 [  0%]  (Warmup)
Chain 3: Iteration:  400 / 4000 [ 10%]  (Warmup)
Chain 1: Iteration:  400 / 4000 [ 10%]  (Warmup)
Chain 4: Iteration:  400 / 4000 [ 10%]  (Warmup)
Chain 2: Iteration:  400 / 4000 [ 10%]  (Warmup)
Chain 3: Iteration:  800 / 4000 [ 20%]  (Warmup)
Chain 1: Iteration:  800 / 4000 [ 20%]  (Warmup)
Chain 2: Iteration:  800 / 4000 [ 20%]  (Warmup)
Chain 4: Iteration:  800 / 4000 [ 20%]  (Warmup)
Chain 3: Iteration: 1200 / 4000 [ 30%]  (Warmup)
Chain 1: Iteration: 1200 / 4000 [ 30%]  (Warmup)
Chain 2: Iteration: 1200 / 4000 [ 30%]  (Warmup)
Chain 4: Iteration: 1200 / 4000 [ 30%]  (Warmup)
Chain 1: Iteration: 1600 / 4000 [ 40%]  (Warmup)
Chain 3: Iteration: 1600 / 4000 [ 40%]  (Warmup)
Chain 2: Iteration: 1600 / 4000 [ 40%]  (Warmup)
Chain 4: Iteration: 1600 / 4000 [ 40%]  (Warmup)
Chain 1: Iteration: 2000 / 4000 [ 50%]  (Warmup)
Chain 1: Iteration: 2001 / 4000 [ 50%]  (Sampling)
Chain 3: Iteration: 2000 / 4000 [ 50%]  (Warmup)
Chain 3: Iteration: 2001 / 4000 [ 50%]  (Sampling)
Chain 2: Iteration: 2000 / 4000 [ 50%]  (Warmup)
Chain 2: Iteration: 2001 / 4000 [ 50%]  (Sampling)
Chain 4: Iteration: 2000 / 4000 [ 50%]  (Warmup)
Chain 4: Iteration: 2001 / 4000 [ 50%]  (Sampling)
Chain 1: Iteration: 2400 / 4000 [ 60%]  (Sampling)
Chain 3: Iteration: 2400 / 4000 [ 60%]  (Sampling)
Chain 4: Iteration: 2400 / 4000 [ 60%]  (Sampling)
Chain 2: Iteration: 2400 / 4000 [ 60%]  (Sampling)
Chain 1: Iteration: 2800 / 4000 [ 70%]  (Sampling)
Chain 3: Iteration: 2800 / 4000 [ 70%]  (Sampling)
Chain 4: Iteration: 2800 / 4000 [ 70%]  (Sampling)
Chain 1: Iteration: 3200 / 4000 [ 80%]  (Sampling)
Chain 3: Iteration: 3200 / 4000 [ 80%]  (Sampling)
Chain 2: Iteration: 2800 / 4000 [ 70%]  (Sampling)
Chain 4: Iteration: 3200 / 4000 [ 80%]  (Sampling)
Chain 1: Iteration: 3600 / 4000 [ 90%]  (Sampling)
Chain 3: Iteration: 3600 / 4000 [ 90%]  (Sampling)
Chain 4: Iteration: 3600 / 4000 [ 90%]  (Sampling)
Chain 2: Iteration: 3200 / 4000 [ 80%]  (Sampling)
Chain 1: Iteration: 4000 / 4000 [100%]  (Sampling)
Chain 1: 
Chain 1:  Elapsed Time: 19.876 seconds (Warm-up)
Chain 1:                17.159 seconds (Sampling)
Chain 1:                37.035 seconds (Total)
Chain 1: 
Chain 4: Iteration: 4000 / 4000 [100%]  (Sampling)
Chain 4: 
Chain 4:  Elapsed Time: 21.856 seconds (Warm-up)
Chain 4:                15.505 seconds (Sampling)
Chain 4:                37.361 seconds (Total)
Chain 4: 
Chain 3: Iteration: 4000 / 4000 [100%]  (Sampling)
Chain 3: 
Chain 3:  Elapsed Time: 19.718 seconds (Warm-up)
Chain 3:                18.039 seconds (Sampling)
Chain 3:                37.757 seconds (Total)
Chain 3: 
Chain 2: Iteration: 3600 / 4000 [ 90%]  (Sampling)
Chain 2: Iteration: 4000 / 4000 [100%]  (Sampling)
Chain 2: 
Chain 2:  Elapsed Time: 21.803 seconds (Warm-up)
Chain 2:                22.843 seconds (Sampling)
Chain 2:                44.646 seconds (Total)
Chain 2: 

SAMPLING FOR MODEL 'ratio_v2_joint_bb' NOW (CHAIN 1).

SAMPLING FOR MODEL 'ratio_v2_joint_bb' NOW (CHAIN 2).

SAMPLING FOR MODEL 'ratio_v2_joint_bb' NOW (CHAIN 3).

SAMPLING FOR MODEL 'ratio_v2_joint_bb' NOW (CHAIN 4).
Chain 1: 
Chain 1: Gradient evaluation took 0.001171 seconds
Chain 1: 1000 transitions using 10 leapfrog steps per transition would take 11.71 seconds.
Chain 1: Adjust your expectations accordingly!
Chain 1: 
Chain 1: 
Chain 1: Iteration:    1 / 4000 [  0%]  (Warmup)
Chain 2: 
Chain 2: Gradient evaluation took 0.000889 seconds
Chain 2: 1000 transitions using 10 leapfrog steps per transition would take 8.89 seconds.
Chain 2: Adjust your expectations accordingly!
Chain 2: 
Chain 2: 
Chain 2: Iteration:    1 / 4000 [  0%]  (Warmup)
Chain 3: 
Chain 3: Gradient evaluation took 0.00109 seconds
Chain 3: 1000 transitions using 10 leapfrog steps per transition would take 10.9 seconds.
Chain 3: Adjust your expectations accordingly!
Chain 3: 
Chain 3: 
Chain 3: Iteration:    1 / 4000 [  0%]  (Warmup)
Chain 4: 
Chain 4: Gradient evaluation took 0.000888 seconds
Chain 4: 1000 transitions using 10 leapfrog steps per transition would take 8.88 seconds.
Chain 4: Adjust your expectations accordingly!
Chain 4: 
Chain 4: 
Chain 4: Iteration:    1 / 4000 [  0%]  (Warmup)
Chain 2: Iteration:  400 / 4000 [ 10%]  (Warmup)
Chain 3: Iteration:  400 / 4000 [ 10%]  (Warmup)
Chain 1: Iteration:  400 / 4000 [ 10%]  (Warmup)
Chain 4: Iteration:  400 / 4000 [ 10%]  (Warmup)
Chain 1: Iteration:  800 / 4000 [ 20%]  (Warmup)
Chain 2: Iteration:  800 / 4000 [ 20%]  (Warmup)
Chain 3: Iteration:  800 / 4000 [ 20%]  (Warmup)
Chain 4: Iteration:  800 / 4000 [ 20%]  (Warmup)
Chain 1: Iteration: 1200 / 4000 [ 30%]  (Warmup)
Chain 3: Iteration: 1200 / 4000 [ 30%]  (Warmup)
Chain 4: Iteration: 1200 / 4000 [ 30%]  (Warmup)
Chain 2: Iteration: 1200 / 4000 [ 30%]  (Warmup)
Chain 3: Iteration: 1600 / 4000 [ 40%]  (Warmup)
Chain 1: Iteration: 1600 / 4000 [ 40%]  (Warmup)
Chain 4: Iteration: 1600 / 4000 [ 40%]  (Warmup)
Chain 2: Iteration: 1600 / 4000 [ 40%]  (Warmup)
Chain 1: Iteration: 2000 / 4000 [ 50%]  (Warmup)
Chain 1: Iteration: 2001 / 4000 [ 50%]  (Sampling)
Chain 3: Iteration: 2000 / 4000 [ 50%]  (Warmup)
Chain 4: Iteration: 2000 / 4000 [ 50%]  (Warmup)
Chain 4: Iteration: 2001 / 4000 [ 50%]  (Sampling)
Chain 3: Iteration: 2001 / 4000 [ 50%]  (Sampling)
Chain 2: Iteration: 2000 / 4000 [ 50%]  (Warmup)
Chain 2: Iteration: 2001 / 4000 [ 50%]  (Sampling)
Chain 4: Iteration: 2400 / 4000 [ 60%]  (Sampling)
Chain 1: Iteration: 2400 / 4000 [ 60%]  (Sampling)
Chain 3: Iteration: 2400 / 4000 [ 60%]  (Sampling)
Chain 2: Iteration: 2400 / 4000 [ 60%]  (Sampling)
Chain 4: Iteration: 2800 / 4000 [ 70%]  (Sampling)
Chain 1: Iteration: 2800 / 4000 [ 70%]  (Sampling)
Chain 3: Iteration: 2800 / 4000 [ 70%]  (Sampling)
Chain 2: Iteration: 2800 / 4000 [ 70%]  (Sampling)
Chain 4: Iteration: 3200 / 4000 [ 80%]  (Sampling)
Chain 1: Iteration: 3200 / 4000 [ 80%]  (Sampling)
Chain 2: Iteration: 3200 / 4000 [ 80%]  (Sampling)
Chain 3: Iteration: 3200 / 4000 [ 80%]  (Sampling)
Chain 4: Iteration: 3600 / 4000 [ 90%]  (Sampling)
Chain 1: Iteration: 3600 / 4000 [ 90%]  (Sampling)
Chain 3: Iteration: 3600 / 4000 [ 90%]  (Sampling)
Chain 4: Iteration: 4000 / 4000 [100%]  (Sampling)
Chain 4: 
Chain 4:  Elapsed Time: 18.785 seconds (Warm-up)
Chain 4:                16.26 seconds (Sampling)
Chain 4:                35.045 seconds (Total)
Chain 4: 
Chain 2: Iteration: 3600 / 4000 [ 90%]  (Sampling)
Chain 1: Iteration: 4000 / 4000 [100%]  (Sampling)
Chain 1: 
Chain 1:  Elapsed Time: 18.859 seconds (Warm-up)
Chain 1:                18.641 seconds (Sampling)
Chain 1:                37.5 seconds (Total)
Chain 1: 
Chain 3: Iteration: 4000 / 4000 [100%]  (Sampling)
Chain 3: 
Chain 3:  Elapsed Time: 18.861 seconds (Warm-up)
Chain 3:                19.876 seconds (Sampling)
Chain 3:                38.737 seconds (Total)
Chain 3: 
Chain 2: Iteration: 4000 / 4000 [100%]  (Sampling)
Chain 2: 
Chain 2:  Elapsed Time: 19.265 seconds (Warm-up)
Chain 2:                20.012 seconds (Sampling)
Chain 2:                39.277 seconds (Total)
Chain 2: 

SAMPLING FOR MODEL 'ratio_v2_joint_bb' NOW (CHAIN 1).

SAMPLING FOR MODEL 'ratio_v2_joint_bb' NOW (CHAIN 2).
Chain 1: 
Chain 1: Gradient evaluation took 0.001179 seconds
Chain 1: 1000 transitions using 10 leapfrog steps per transition would take 11.79 seconds.
Chain 1: Adjust your expectations accordingly!
Chain 1: 
Chain 1: 
Chain 1: Iteration:    1 / 4000 [  0%]  (Warmup)

SAMPLING FOR MODEL 'ratio_v2_joint_bb' NOW (CHAIN 3).
Chain 2: 
Chain 2: Gradient evaluation took 0.001463 seconds
Chain 2: 1000 transitions using 10 leapfrog steps per transition would take 14.63 seconds.
Chain 2: Adjust your expectations accordingly!
Chain 2: 
Chain 2: 
Chain 2: Iteration:    1 / 4000 [  0%]  (Warmup)

SAMPLING FOR MODEL 'ratio_v2_joint_bb' NOW (CHAIN 4).
Chain 3: 
Chain 3: Gradient evaluation took 0.001946 seconds
Chain 3: 1000 transitions using 10 leapfrog steps per transition would take 19.46 seconds.
Chain 3: Adjust your expectations accordingly!
Chain 3: 
Chain 3: 
Chain 3: Iteration:    1 / 4000 [  0%]  (Warmup)
Chain 4: 
Chain 4: Gradient evaluation took 0.001361 seconds
Chain 4: 1000 transitions using 10 leapfrog steps per transition would take 13.61 seconds.
Chain 4: Adjust your expectations accordingly!
Chain 4: 
Chain 4: 
Chain 4: Iteration:    1 / 4000 [  0%]  (Warmup)
Chain 1: Iteration:  400 / 4000 [ 10%]  (Warmup)
Chain 2: Iteration:  400 / 4000 [ 10%]  (Warmup)
Chain 4: Iteration:  400 / 4000 [ 10%]  (Warmup)
Chain 3: Iteration:  400 / 4000 [ 10%]  (Warmup)
Chain 1: Iteration:  800 / 4000 [ 20%]  (Warmup)
Chain 2: Iteration:  800 / 4000 [ 20%]  (Warmup)
Chain 4: Iteration:  800 / 4000 [ 20%]  (Warmup)
Chain 3: Iteration:  800 / 4000 [ 20%]  (Warmup)
Chain 2: Iteration: 1200 / 4000 [ 30%]  (Warmup)
Chain 3: Iteration: 1200 / 4000 [ 30%]  (Warmup)
Chain 1: Iteration: 1200 / 4000 [ 30%]  (Warmup)
Chain 4: Iteration: 1200 / 4000 [ 30%]  (Warmup)
Chain 2: Iteration: 1600 / 4000 [ 40%]  (Warmup)
Chain 3: Iteration: 1600 / 4000 [ 40%]  (Warmup)
Chain 4: Iteration: 1600 / 4000 [ 40%]  (Warmup)
Chain 1: Iteration: 1600 / 4000 [ 40%]  (Warmup)
Chain 2: Iteration: 2000 / 4000 [ 50%]  (Warmup)
Chain 2: Iteration: 2001 / 4000 [ 50%]  (Sampling)
Chain 1: Iteration: 2000 / 4000 [ 50%]  (Warmup)
Chain 1: Iteration: 2001 / 4000 [ 50%]  (Sampling)
Chain 3: Iteration: 2000 / 4000 [ 50%]  (Warmup)
Chain 3: Iteration: 2001 / 4000 [ 50%]  (Sampling)
Chain 4: Iteration: 2000 / 4000 [ 50%]  (Warmup)
Chain 4: Iteration: 2001 / 4000 [ 50%]  (Sampling)
Chain 1: Iteration: 2400 / 4000 [ 60%]  (Sampling)
Chain 4: Iteration: 2400 / 4000 [ 60%]  (Sampling)
Chain 3: Iteration: 2400 / 4000 [ 60%]  (Sampling)
Chain 2: Iteration: 2400 / 4000 [ 60%]  (Sampling)
Chain 1: Iteration: 2800 / 4000 [ 70%]  (Sampling)
Chain 4: Iteration: 2800 / 4000 [ 70%]  (Sampling)
Chain 3: Iteration: 2800 / 4000 [ 70%]  (Sampling)
Chain 2: Iteration: 2800 / 4000 [ 70%]  (Sampling)
Chain 1: Iteration: 3200 / 4000 [ 80%]  (Sampling)
Chain 4: Iteration: 3200 / 4000 [ 80%]  (Sampling)
Chain 3: Iteration: 3200 / 4000 [ 80%]  (Sampling)
Chain 2: Iteration: 3200 / 4000 [ 80%]  (Sampling)
Chain 1: Iteration: 3600 / 4000 [ 90%]  (Sampling)
Chain 4: Iteration: 3600 / 4000 [ 90%]  (Sampling)
Chain 3: Iteration: 3600 / 4000 [ 90%]  (Sampling)
Chain 1: Iteration: 4000 / 4000 [100%]  (Sampling)
Chain 1: 
Chain 1:  Elapsed Time: 24.012 seconds (Warm-up)
Chain 1:                20.869 seconds (Sampling)
Chain 1:                44.881 seconds (Total)
Chain 1: 
Chain 4: Iteration: 4000 / 4000 [100%]  (Sampling)
Chain 4: 
Chain 4:  Elapsed Time: 23.901 seconds (Warm-up)
Chain 4:                21.682 seconds (Sampling)
Chain 4:                45.583 seconds (Total)
Chain 4: 
Chain 2: Iteration: 3600 / 4000 [ 90%]  (Sampling)
Chain 3: Iteration: 4000 / 4000 [100%]  (Sampling)
Chain 3: 
Chain 3:  Elapsed Time: 23.86 seconds (Warm-up)
Chain 3:                23.475 seconds (Sampling)
Chain 3:                47.335 seconds (Total)
Chain 3: 
Chain 2: Iteration: 4000 / 4000 [100%]  (Sampling)
Chain 2: 
Chain 2:  Elapsed Time: 23.284 seconds (Warm-up)
Chain 2:                27.891 seconds (Sampling)
Chain 2:                51.175 seconds (Total)
Chain 2: 

SAMPLING FOR MODEL 'ratio_v2_joint_bb' NOW (CHAIN 1).

SAMPLING FOR MODEL 'ratio_v2_joint_bb' NOW (CHAIN 2).
Chain 1: 
Chain 1: Gradient evaluation took 0.001174 seconds
Chain 1: 1000 transitions using 10 leapfrog steps per transition would take 11.74 seconds.
Chain 1: Adjust your expectations accordingly!
Chain 1: 
Chain 1: 
Chain 1: Iteration:    1 / 4000 [  0%]  (Warmup)

SAMPLING FOR MODEL 'ratio_v2_joint_bb' NOW (CHAIN 3).
Chain 2: 
Chain 2: Gradient evaluation took 0.000962 seconds
Chain 2: 1000 transitions using 10 leapfrog steps per transition would take 9.62 seconds.
Chain 2: Adjust your expectations accordingly!
Chain 2: 
Chain 2: 
Chain 2: Iteration:    1 / 4000 [  0%]  (Warmup)

SAMPLING FOR MODEL 'ratio_v2_joint_bb' NOW (CHAIN 4).
Chain 3: 
Chain 3: Gradient evaluation took 0.001183 seconds
Chain 3: 1000 transitions using 10 leapfrog steps per transition would take 11.83 seconds.
Chain 3: Adjust your expectations accordingly!
Chain 3: 
Chain 3: 
Chain 3: Iteration:    1 / 4000 [  0%]  (Warmup)
Chain 4: 
Chain 4: Gradient evaluation took 0.001031 seconds
Chain 4: 1000 transitions using 10 leapfrog steps per transition would take 10.31 seconds.
Chain 4: Adjust your expectations accordingly!
Chain 4: 
Chain 4: 
Chain 4: Iteration:    1 / 4000 [  0%]  (Warmup)
Chain 1: Iteration:  400 / 4000 [ 10%]  (Warmup)
Chain 2: Iteration:  400 / 4000 [ 10%]  (Warmup)
Chain 4: Iteration:  400 / 4000 [ 10%]  (Warmup)
Chain 3: Iteration:  400 / 4000 [ 10%]  (Warmup)
Chain 1: Iteration:  800 / 4000 [ 20%]  (Warmup)
Chain 2: Iteration:  800 / 4000 [ 20%]  (Warmup)
Chain 4: Iteration:  800 / 4000 [ 20%]  (Warmup)
Chain 3: Iteration:  800 / 4000 [ 20%]  (Warmup)
Chain 1: Iteration: 1200 / 4000 [ 30%]  (Warmup)
Chain 4: Iteration: 1200 / 4000 [ 30%]  (Warmup)
Chain 2: Iteration: 1200 / 4000 [ 30%]  (Warmup)
Chain 3: Iteration: 1200 / 4000 [ 30%]  (Warmup)
Chain 1: Iteration: 1600 / 4000 [ 40%]  (Warmup)
Chain 4: Iteration: 1600 / 4000 [ 40%]  (Warmup)
Chain 3: Iteration: 1600 / 4000 [ 40%]  (Warmup)
Chain 2: Iteration: 1600 / 4000 [ 40%]  (Warmup)
Chain 1: Iteration: 2000 / 4000 [ 50%]  (Warmup)
Chain 1: Iteration: 2001 / 4000 [ 50%]  (Sampling)
Chain 4: Iteration: 2000 / 4000 [ 50%]  (Warmup)
Chain 4: Iteration: 2001 / 4000 [ 50%]  (Sampling)
Chain 3: Iteration: 2000 / 4000 [ 50%]  (Warmup)
Chain 3: Iteration: 2001 / 4000 [ 50%]  (Sampling)
Chain 2: Iteration: 2000 / 4000 [ 50%]  (Warmup)
Chain 2: Iteration: 2001 / 4000 [ 50%]  (Sampling)
Chain 1: Iteration: 2400 / 4000 [ 60%]  (Sampling)
Chain 4: Iteration: 2400 / 4000 [ 60%]  (Sampling)
Chain 3: Iteration: 2400 / 4000 [ 60%]  (Sampling)
Chain 2: Iteration: 2400 / 4000 [ 60%]  (Sampling)
Chain 1: Iteration: 2800 / 4000 [ 70%]  (Sampling)
Chain 4: Iteration: 2800 / 4000 [ 70%]  (Sampling)
Chain 3: Iteration: 2800 / 4000 [ 70%]  (Sampling)
Chain 2: Iteration: 2800 / 4000 [ 70%]  (Sampling)
Chain 1: Iteration: 3200 / 4000 [ 80%]  (Sampling)
Chain 3: Iteration: 3200 / 4000 [ 80%]  (Sampling)
Chain 4: Iteration: 3200 / 4000 [ 80%]  (Sampling)
Chain 1: Iteration: 3600 / 4000 [ 90%]  (Sampling)
Chain 3: Iteration: 3600 / 4000 [ 90%]  (Sampling)
Chain 4: Iteration: 3600 / 4000 [ 90%]  (Sampling)
Chain 2: Iteration: 3200 / 4000 [ 80%]  (Sampling)
Chain 1: Iteration: 4000 / 4000 [100%]  (Sampling)
Chain 1: 
Chain 1:  Elapsed Time: 19.405 seconds (Warm-up)
Chain 1:                19.929 seconds (Sampling)
Chain 1:                39.334 seconds (Total)
Chain 1: 
Chain 3: Iteration: 4000 / 4000 [100%]  (Sampling)
Chain 3: 
Chain 3:  Elapsed Time: 20.606 seconds (Warm-up)
Chain 3:                19.743 seconds (Sampling)
Chain 3:                40.349 seconds (Total)
Chain 3: 
Chain 4: Iteration: 4000 / 4000 [100%]  (Sampling)
Chain 4: 
Chain 4:  Elapsed Time: 20.159 seconds (Warm-up)
Chain 4:                20.557 seconds (Sampling)
Chain 4:                40.716 seconds (Total)
Chain 4: 
Chain 2: Iteration: 3600 / 4000 [ 90%]  (Sampling)
Chain 2: Iteration: 4000 / 4000 [100%]  (Sampling)
Chain 2: 
Chain 2:  Elapsed Time: 21.013 seconds (Warm-up)
Chain 2:                27.165 seconds (Sampling)
Chain 2:                48.178 seconds (Total)
Chain 2: 

SAMPLING FOR MODEL 'ratio_v2_joint_bb' NOW (CHAIN 1).

SAMPLING FOR MODEL 'ratio_v2_joint_bb' NOW (CHAIN 2).
Chain 1: 
Chain 1: Gradient evaluation took 0.001051 seconds
Chain 1: 1000 transitions using 10 leapfrog steps per transition would take 10.51 seconds.
Chain 1: Adjust your expectations accordingly!
Chain 1: 
Chain 1: 
Chain 1: Iteration:    1 / 4000 [  0%]  (Warmup)

SAMPLING FOR MODEL 'ratio_v2_joint_bb' NOW (CHAIN 3).
Chain 2: 
Chain 2: Gradient evaluation took 0.001016 seconds
Chain 2: 1000 transitions using 10 leapfrog steps per transition would take 10.16 seconds.
Chain 2: Adjust your expectations accordingly!
Chain 2: 
Chain 2: 
Chain 2: Iteration:    1 / 4000 [  0%]  (Warmup)

SAMPLING FOR MODEL 'ratio_v2_joint_bb' NOW (CHAIN 4).
Chain 3: 
Chain 3: Gradient evaluation took 0.001263 seconds
Chain 3: 1000 transitions using 10 leapfrog steps per transition would take 12.63 seconds.
Chain 3: Adjust your expectations accordingly!
Chain 3: 
Chain 3: 
Chain 3: Iteration:    1 / 4000 [  0%]  (Warmup)
Chain 4: 
Chain 4: Gradient evaluation took 0.001014 seconds
Chain 4: 1000 transitions using 10 leapfrog steps per transition would take 10.14 seconds.
Chain 4: Adjust your expectations accordingly!
Chain 4: 
Chain 4: 
Chain 4: Iteration:    1 / 4000 [  0%]  (Warmup)
Chain 1: Iteration:  400 / 4000 [ 10%]  (Warmup)
Chain 4: Iteration:  400 / 4000 [ 10%]  (Warmup)
Chain 2: Iteration:  400 / 4000 [ 10%]  (Warmup)
Chain 3: Iteration:  400 / 4000 [ 10%]  (Warmup)
Chain 2: Iteration:  800 / 4000 [ 20%]  (Warmup)
Chain 4: Iteration:  800 / 4000 [ 20%]  (Warmup)
Chain 1: Iteration:  800 / 4000 [ 20%]  (Warmup)
Chain 3: Iteration:  800 / 4000 [ 20%]  (Warmup)
Chain 1: Iteration: 1200 / 4000 [ 30%]  (Warmup)
Chain 2: Iteration: 1200 / 4000 [ 30%]  (Warmup)
Chain 4: Iteration: 1200 / 4000 [ 30%]  (Warmup)
Chain 3: Iteration: 1200 / 4000 [ 30%]  (Warmup)
Chain 1: Iteration: 1600 / 4000 [ 40%]  (Warmup)
Chain 2: Iteration: 1600 / 4000 [ 40%]  (Warmup)
Chain 4: Iteration: 1600 / 4000 [ 40%]  (Warmup)
Chain 3: Iteration: 1600 / 4000 [ 40%]  (Warmup)
Chain 1: Iteration: 2000 / 4000 [ 50%]  (Warmup)
Chain 1: Iteration: 2001 / 4000 [ 50%]  (Sampling)
Chain 2: Iteration: 2000 / 4000 [ 50%]  (Warmup)
Chain 2: Iteration: 2001 / 4000 [ 50%]  (Sampling)
Chain 4: Iteration: 2000 / 4000 [ 50%]  (Warmup)
Chain 4: Iteration: 2001 / 4000 [ 50%]  (Sampling)
Chain 3: Iteration: 2000 / 4000 [ 50%]  (Warmup)
Chain 3: Iteration: 2001 / 4000 [ 50%]  (Sampling)
Chain 4: Iteration: 2400 / 4000 [ 60%]  (Sampling)
Chain 1: Iteration: 2400 / 4000 [ 60%]  (Sampling)
Chain 2: Iteration: 2400 / 4000 [ 60%]  (Sampling)
Chain 3: Iteration: 2400 / 4000 [ 60%]  (Sampling)
Chain 4: Iteration: 2800 / 4000 [ 70%]  (Sampling)
Chain 3: Iteration: 2800 / 4000 [ 70%]  (Sampling)
Chain 2: Iteration: 2800 / 4000 [ 70%]  (Sampling)
Chain 1: Iteration: 2800 / 4000 [ 70%]  (Sampling)
Chain 4: Iteration: 3200 / 4000 [ 80%]  (Sampling)
Chain 3: Iteration: 3200 / 4000 [ 80%]  (Sampling)
Chain 2: Iteration: 3200 / 4000 [ 80%]  (Sampling)
Chain 1: Iteration: 3200 / 4000 [ 80%]  (Sampling)
Chain 4: Iteration: 3600 / 4000 [ 90%]  (Sampling)
Chain 3: Iteration: 3600 / 4000 [ 90%]  (Sampling)
Chain 2: Iteration: 3600 / 4000 [ 90%]  (Sampling)
Chain 4: Iteration: 4000 / 4000 [100%]  (Sampling)
Chain 4: 
Chain 4:  Elapsed Time: 17.704 seconds (Warm-up)
Chain 4:                14.716 seconds (Sampling)
Chain 4:                32.42 seconds (Total)
Chain 4: 
Chain 1: Iteration: 3600 / 4000 [ 90%]  (Sampling)
Chain 3: Iteration: 4000 / 4000 [100%]  (Sampling)
Chain 3: 
Chain 3:  Elapsed Time: 18.164 seconds (Warm-up)
Chain 3:                16.955 seconds (Sampling)
Chain 3:                35.119 seconds (Total)
Chain 3: 
Chain 2: Iteration: 4000 / 4000 [100%]  (Sampling)
Chain 2: 
Chain 2:  Elapsed Time: 17.767 seconds (Warm-up)
Chain 2:                18.329 seconds (Sampling)
Chain 2:                36.096 seconds (Total)
Chain 2: 
Chain 1: Iteration: 4000 / 4000 [100%]  (Sampling)
Chain 1: 
Chain 1:  Elapsed Time: 17.719 seconds (Warm-up)
Chain 1:                19.076 seconds (Sampling)
Chain 1:                36.795 seconds (Total)
Chain 1: 

SAMPLING FOR MODEL 'ratio_v2_joint_bb' NOW (CHAIN 1).

SAMPLING FOR MODEL 'ratio_v2_joint_bb' NOW (CHAIN 2).
Chain 1: 
Chain 1: Gradient evaluation took 0.000835 seconds
Chain 1: 1000 transitions using 10 leapfrog steps per transition would take 8.35 seconds.
Chain 1: Adjust your expectations accordingly!
Chain 1: 
Chain 1: 
Chain 1: Iteration:    1 / 4000 [  0%]  (Warmup)

SAMPLING FOR MODEL 'ratio_v2_joint_bb' NOW (CHAIN Chain 3).
2: 
Chain 2: Gradient evaluation took 0.000768 seconds
Chain 2: 1000 transitions using 10 leapfrog steps per transition would take 7.68 seconds.
Chain 2: Adjust your expectations accordingly!
Chain 2: 
Chain 2: 
Chain 2: Iteration:    1 / 4000 [  0%]  (Warmup)

SAMPLING FOR MODEL 'ratio_v2_joint_bb' NOW (CHAIN 4).
Chain 3: 
Chain 3: Gradient evaluation took 0.001028 seconds
Chain 3: 1000 transitions using 10 leapfrog steps per transition would take 10.28 seconds.
Chain 3: Adjust your expectations accordingly!
Chain 3: 
Chain 3: 
Chain 3: Iteration:    1 / 4000 [  0%]  (Warmup)
Chain 4: 
Chain 4: Gradient evaluation took 0.000774 seconds
Chain 4: 1000 transitions using 10 leapfrog steps per transition would take 7.74 seconds.
Chain 4: Adjust your expectations accordingly!
Chain 4: 
Chain 4: 
Chain 4: Iteration:    1 / 4000 [  0%]  (Warmup)
Chain 1: Iteration:  400 / 4000 [ 10%]  (Warmup)
Chain 3: Iteration:  400 / 4000 [ 10%]  (Warmup)
Chain 2: Iteration:  400 / 4000 [ 10%]  (Warmup)
Chain 4: Iteration:  400 / 4000 [ 10%]  (Warmup)
Chain 3: Iteration:  800 / 4000 [ 20%]  (Warmup)
Chain 2: Iteration:  800 / 4000 [ 20%]  (Warmup)
Chain 1: Iteration:  800 / 4000 [ 20%]  (Warmup)
Chain 4: Iteration:  800 / 4000 [ 20%]  (Warmup)
Chain 3: Iteration: 1200 / 4000 [ 30%]  (Warmup)
Chain 2: Iteration: 1200 / 4000 [ 30%]  (Warmup)
Chain 4: Iteration: 1200 / 4000 [ 30%]  (Warmup)
Chain 1: Iteration: 1200 / 4000 [ 30%]  (Warmup)
Chain 3: Iteration: 1600 / 4000 [ 40%]  (Warmup)
Chain 2: Iteration: 1600 / 4000 [ 40%]  (Warmup)
Chain 4: Iteration: 1600 / 4000 [ 40%]  (Warmup)
Chain 1: Iteration: 1600 / 4000 [ 40%]  (Warmup)
Chain 3: Iteration: 2000 / 4000 [ 50%]  (Warmup)
Chain 3: Iteration: 2001 / 4000 [ 50%]  (Sampling)
Chain 2: Iteration: 2000 / 4000 [ 50%]  (Warmup)
Chain 2: Iteration: 2001 / 4000 [ 50%]  (Sampling)
Chain 4: Iteration: 2000 / 4000 [ 50%]  (Warmup)
Chain 4: Iteration: 2001 / 4000 [ 50%]  (Sampling)
Chain 1: Iteration: 2000 / 4000 [ 50%]  (Warmup)
Chain 1: Iteration: 2001 / 4000 [ 50%]  (Sampling)
Chain 4: Iteration: 2400 / 4000 [ 60%]  (Sampling)
Chain 2: Iteration: 2400 / 4000 [ 60%]  (Sampling)
Chain 1: Iteration: 2400 / 4000 [ 60%]  (Sampling)
Chain 3: Iteration: 2400 / 4000 [ 60%]  (Sampling)
Chain 4: Iteration: 2800 / 4000 [ 70%]  (Sampling)
Chain 1: Iteration: 2800 / 4000 [ 70%]  (Sampling)
Chain 2: Iteration: 2800 / 4000 [ 70%]  (Sampling)
Chain 3: Iteration: 2800 / 4000 [ 70%]  (Sampling)
Chain 4: Iteration: 3200 / 4000 [ 80%]  (Sampling)
Chain 1: Iteration: 3200 / 4000 [ 80%]  (Sampling)
Chain 2: Iteration: 3200 / 4000 [ 80%]  (Sampling)
Chain 4: Iteration: 3600 / 4000 [ 90%]  (Sampling)
Chain 3: Iteration: 3200 / 4000 [ 80%]  (Sampling)
Chain 1: Iteration: 3600 / 4000 [ 90%]  (Sampling)
Chain 2: Iteration: 3600 / 4000 [ 90%]  (Sampling)
Chain 4: Iteration: 4000 / 4000 [100%]  (Sampling)
Chain 4: 
Chain 4:  Elapsed Time: 18.352 seconds (Warm-up)
Chain 4:                13.42 seconds (Sampling)
Chain 4:                31.772 seconds (Total)
Chain 4: 
Chain 1: Iteration: 4000 / 4000 [100%]  (Sampling)
Chain 1: 
Chain 1:  Elapsed Time: 18.75 seconds (Warm-up)
Chain 1:                15.089 seconds (Sampling)
Chain 1:                33.839 seconds (Total)
Chain 1: 
Chain 3: Iteration: 3600 / 4000 [ 90%]  (Sampling)
Chain 2: Iteration: 4000 / 4000 [100%]  (Sampling)
Chain 2: 
Chain 2:  Elapsed Time: 18.392 seconds (Warm-up)
Chain 2:                16.245 seconds (Sampling)
Chain 2:                34.637 seconds (Total)
Chain 2: 
Chain 3: Iteration: 4000 / 4000 [100%]  (Sampling)
Chain 3: 
Chain 3:  Elapsed Time: 18.008 seconds (Warm-up)
Chain 3:                19.879 seconds (Sampling)
Chain 3:                37.887 seconds (Total)
Chain 3: 

SAMPLING FOR MODEL 'ratio_v2_joint_bb' NOW (CHAIN 1).

SAMPLING FOR MODEL 'ratio_v2_joint_bb' NOW (CHAIN 2).
Chain 1: 
Chain 1: Gradient evaluation took 0.001077 seconds
Chain 1: 1000 transitions using 10 leapfrog steps per transition would take 10.77 seconds.
Chain 1: Adjust your expectations accordingly!
Chain 1: 
Chain 1: 
Chain 1: Iteration:    1 / 4000 [  0%]  (Warmup)

SAMPLING FOR MODEL 'ratio_v2_joint_bb' NOW (CHAIN 3).
Chain 2: 
Chain 2: Gradient evaluation took 0.000968 seconds
Chain 2: 1000 transitions using 10 leapfrog steps per transition would take 9.68 seconds.
Chain 2: Adjust your expectations accordingly!
Chain 2: 
Chain 2: 
Chain 2: Iteration:    1 / 4000 [  0%]  (Warmup)

SAMPLING FOR MODEL 'ratio_v2_joint_bb' NOW (CHAIN 4).
Chain 3: 
Chain 3: Gradient evaluation took 0.001097 seconds
Chain 3: 1000 transitions using 10 leapfrog steps per transition would take 10.97 seconds.
Chain 3: Adjust your expectations accordingly!
Chain 3: 
Chain 3: 
Chain 3: Iteration:    1 / 4000 [  0%]  (Warmup)
Chain 4: 
Chain 4: Gradient evaluation took 0.000914 seconds
Chain 4: 1000 transitions using 10 leapfrog steps per transition would take 9.14 seconds.
Chain 4: Adjust your expectations accordingly!
Chain 4: 
Chain 4: 
Chain 4: Iteration:    1 / 4000 [  0%]  (Warmup)
Chain 1: Iteration:  400 / 4000 [ 10%]  (Warmup)
Chain 2: Iteration:  400 / 4000 [ 10%]  (Warmup)
Chain 3: Iteration:  400 / 4000 [ 10%]  (Warmup)
Chain 4: Iteration:  400 / 4000 [ 10%]  (Warmup)
Chain 1: Iteration:  800 / 4000 [ 20%]  (Warmup)
Chain 2: Iteration:  800 / 4000 [ 20%]  (Warmup)
Chain 3: Iteration:  800 / 4000 [ 20%]  (Warmup)
Chain 1: Iteration: 1200 / 4000 [ 30%]  (Warmup)
Chain 4: Iteration:  800 / 4000 [ 20%]  (Warmup)
Chain 2: Iteration: 1200 / 4000 [ 30%]  (Warmup)
Chain 3: Iteration: 1200 / 4000 [ 30%]  (Warmup)
Chain 1: Iteration: 1600 / 4000 [ 40%]  (Warmup)
Chain 4: Iteration: 1200 / 4000 [ 30%]  (Warmup)
Chain 2: Iteration: 1600 / 4000 [ 40%]  (Warmup)
Chain 3: Iteration: 1600 / 4000 [ 40%]  (Warmup)
Chain 4: Iteration: 1600 / 4000 [ 40%]  (Warmup)
Chain 1: Iteration: 2000 / 4000 [ 50%]  (Warmup)
Chain 1: Iteration: 2001 / 4000 [ 50%]  (Sampling)
Chain 2: Iteration: 2000 / 4000 [ 50%]  (Warmup)
Chain 2: Iteration: 2001 / 4000 [ 50%]  (Sampling)
Chain 3: Iteration: 2000 / 4000 [ 50%]  (Warmup)
Chain 3: Iteration: 2001 / 4000 [ 50%]  (Sampling)
Chain 1: Iteration: 2400 / 4000 [ 60%]  (Sampling)
Chain 4: Iteration: 2000 / 4000 [ 50%]  (Warmup)
Chain 4: Iteration: 2001 / 4000 [ 50%]  (Sampling)
Chain 2: Iteration: 2400 / 4000 [ 60%]  (Sampling)
Chain 3: Iteration: 2400 / 4000 [ 60%]  (Sampling)
Chain 1: Iteration: 2800 / 4000 [ 70%]  (Sampling)
Chain 4: Iteration: 2400 / 4000 [ 60%]  (Sampling)
Chain 2: Iteration: 2800 / 4000 [ 70%]  (Sampling)
Chain 2: Iteration: 3200 / 4000 [ 80%]  (Sampling)
Chain 1: Iteration: 3200 / 4000 [ 80%]  (Sampling)
Chain 3: Iteration: 2800 / 4000 [ 70%]  (Sampling)
Chain 4: Iteration: 2800 / 4000 [ 70%]  (Sampling)
Chain 2: Iteration: 3600 / 4000 [ 90%]  (Sampling)
Chain 1: Iteration: 3600 / 4000 [ 90%]  (Sampling)
Chain 4: Iteration: 3200 / 4000 [ 80%]  (Sampling)
Chain 3: Iteration: 3200 / 4000 [ 80%]  (Sampling)
Chain 2: Iteration: 4000 / 4000 [100%]  (Sampling)
Chain 2: 
Chain 2:  Elapsed Time: 21.175 seconds (Warm-up)
Chain 2:                16.197 seconds (Sampling)
Chain 2:                37.372 seconds (Total)
Chain 2: 
Chain 1: Iteration: 4000 / 4000 [100%]  (Sampling)
Chain 1: 
Chain 1:  Elapsed Time: 19.518 seconds (Warm-up)
Chain 1:                19.461 seconds (Sampling)
Chain 1:                38.979 seconds (Total)
Chain 1: 
Chain 4: Iteration: 3600 / 4000 [ 90%]  (Sampling)
Chain 3: Iteration: 3600 / 4000 [ 90%]  (Sampling)
Chain 4: Iteration: 4000 / 4000 [100%]  (Sampling)
Chain 4: 
Chain 4:  Elapsed Time: 23.203 seconds (Warm-up)
Chain 4:                21.036 seconds (Sampling)
Chain 4:                44.239 seconds (Total)
Chain 4: 
Chain 3: Iteration: 4000 / 4000 [100%]  (Sampling)
Chain 3: 
Chain 3:  Elapsed Time: 22.025 seconds (Warm-up)
Chain 3:                24.147 seconds (Sampling)
Chain 3:                46.172 seconds (Total)
Chain 3: 

SAMPLING FOR MODEL 'ratio_v2_joint_bb' NOW (CHAIN 1).

SAMPLING FOR MODEL 'ratio_v2_joint_bb' NOW (CHAIN 2).
Chain 1: 
Chain 1: Gradient evaluation took 0.001151 seconds
Chain 1: 1000 transitions using 10 leapfrog steps per transition would take 11.51 seconds.
Chain 1: Adjust your expectations accordingly!
Chain 1: 
Chain 1: 
Chain 1: Iteration:    1 / 4000 [  0%]  (Warmup)

SAMPLING FOR MODEL 'ratio_v2_joint_bb' NOW (CHAIN 3).
Chain 2: 
Chain 2: Gradient evaluation took 0.001024 seconds
Chain 2: 1000 transitions using 10 leapfrog steps per transition would take 10.24 seconds.
Chain 2: Adjust your expectations accordingly!
Chain 2: 
Chain 2: 
Chain 2: Iteration:    1 / 4000 [  0%]  (Warmup)

SAMPLING FOR MODEL 'ratio_v2_joint_bb' NOW (CHAIN 4).
Chain 3: 
Chain 3: Gradient evaluation took 0.001159 seconds
Chain 3: 1000 transitions using 10 leapfrog steps per transition would take 11.59 seconds.
Chain 3: Adjust your expectations accordingly!
Chain 3: 
Chain 3: 
Chain 3: Iteration:    1 / 4000 [  0%]  (Warmup)
Chain 4: 
Chain 4: Gradient evaluation took 0.00094 seconds
Chain 4: 1000 transitions using 10 leapfrog steps per transition would take 9.4 seconds.
Chain 4: Adjust your expectations accordingly!
Chain 4: 
Chain 4: 
Chain 4: Iteration:    1 / 4000 [  0%]  (Warmup)
Chain 1: Iteration:  400 / 4000 [ 10%]  (Warmup)
Chain 2: Iteration:  400 / 4000 [ 10%]  (Warmup)
Chain 4: Iteration:  400 / 4000 [ 10%]  (Warmup)
Chain 3: Iteration:  400 / 4000 [ 10%]  (Warmup)
Chain 1: Iteration:  800 / 4000 [ 20%]  (Warmup)
Chain 2: Iteration:  800 / 4000 [ 20%]  (Warmup)
Chain 4: Iteration:  800 / 4000 [ 20%]  (Warmup)
Chain 3: Iteration:  800 / 4000 [ 20%]  (Warmup)
Chain 1: Iteration: 1200 / 4000 [ 30%]  (Warmup)
Chain 2: Iteration: 1200 / 4000 [ 30%]  (Warmup)
Chain 4: Iteration: 1200 / 4000 [ 30%]  (Warmup)
Chain 3: Iteration: 1200 / 4000 [ 30%]  (Warmup)
Chain 1: Iteration: 1600 / 4000 [ 40%]  (Warmup)
Chain 2: Iteration: 1600 / 4000 [ 40%]  (Warmup)
Chain 4: Iteration: 1600 / 4000 [ 40%]  (Warmup)
Chain 3: Iteration: 1600 / 4000 [ 40%]  (Warmup)
Chain 1: Iteration: 2000 / 4000 [ 50%]  (Warmup)
Chain 1: Iteration: 2001 / 4000 [ 50%]  (Sampling)
Chain 2: Iteration: 2000 / 4000 [ 50%]  (Warmup)
Chain 2: Iteration: 2001 / 4000 [ 50%]  (Sampling)
Chain 4: Iteration: 2000 / 4000 [ 50%]  (Warmup)
Chain 4: Iteration: 2001 / 4000 [ 50%]  (Sampling)
Chain 3: Iteration: 2000 / 4000 [ 50%]  (Warmup)
Chain 3: Iteration: 2001 / 4000 [ 50%]  (Sampling)
Chain 1: Iteration: 2400 / 4000 [ 60%]  (Sampling)
Chain 4: Iteration: 2400 / 4000 [ 60%]  (Sampling)
Chain 2: Iteration: 2400 / 4000 [ 60%]  (Sampling)
Chain 1: Iteration: 2800 / 4000 [ 70%]  (Sampling)
Chain 3: Iteration: 2400 / 4000 [ 60%]  (Sampling)
Chain 4: Iteration: 2800 / 4000 [ 70%]  (Sampling)
Chain 2: Iteration: 2800 / 4000 [ 70%]  (Sampling)
Chain 4: Iteration: 3200 / 4000 [ 80%]  (Sampling)
Chain 1: Iteration: 3200 / 4000 [ 80%]  (Sampling)
Chain 3: Iteration: 2800 / 4000 [ 70%]  (Sampling)
Chain 4: Iteration: 3600 / 4000 [ 90%]  (Sampling)
Chain 2: Iteration: 3200 / 4000 [ 80%]  (Sampling)
Chain 1: Iteration: 3600 / 4000 [ 90%]  (Sampling)
Chain 3: Iteration: 3200 / 4000 [ 80%]  (Sampling)
Chain 4: Iteration: 4000 / 4000 [100%]  (Sampling)
Chain 4: 
Chain 4:  Elapsed Time: 23.733 seconds (Warm-up)
Chain 4:                19.888 seconds (Sampling)
Chain 4:                43.621 seconds (Total)
Chain 4: 
Chain 1: Iteration: 4000 / 4000 [100%]  (Sampling)
Chain 1: 
Chain 1:  Elapsed Time: 22.39 seconds (Warm-up)
Chain 1:                22.948 seconds (Sampling)
Chain 1:                45.338 seconds (Total)
Chain 1: 
Chain 2: Iteration: 3600 / 4000 [ 90%]  (Sampling)
Chain 3: Iteration: 3600 / 4000 [ 90%]  (Sampling)
Chain 2: Iteration: 4000 / 4000 [100%]  (Sampling)
Chain 2: 
Chain 2:  Elapsed Time: 23.676 seconds (Warm-up)
Chain 2:                27.696 seconds (Sampling)
Chain 2:                51.372 seconds (Total)
Chain 2: 
Chain 3: Iteration: 4000 / 4000 [100%]  (Sampling)
Chain 3: 
Chain 3:  Elapsed Time: 25.952 seconds (Warm-up)
Chain 3:                27.926 seconds (Sampling)
Chain 3:                53.878 seconds (Total)
Chain 3: 

SAMPLING FOR MODEL 'ratio_v2_joint_bb' NOW (CHAIN 1).

SAMPLING FOR MODEL 'ratio_v2_joint_bb' NOW (CHAIN 2).
Chain 1: 
Chain 1: Gradient evaluation took 0.001307 seconds
Chain 1: 1000 transitions using 10 leapfrog steps per transition would take 13.07 seconds.
Chain 1: Adjust your expectations accordingly!
Chain 1: 
Chain 1: 
Chain 1: Iteration:    1 / 4000 [  0%]  (Warmup)

SAMPLING FOR MODEL 'ratio_v2_joint_bb' NOW (CHAIN 3).
Chain 2: 
Chain 2: Gradient evaluation took 0.001056 seconds
Chain 2: 1000 transitions using 10 leapfrog steps per transition would take 10.56 seconds.
Chain 2: Adjust your expectations accordingly!
Chain 2: 
Chain 2: 
Chain 2: Iteration:    1 / 4000 [  0%]  (Warmup)

SAMPLING FOR MODEL 'ratio_v2_joint_bb' NOW (CHAIN 4).
Chain 3: 
Chain 3: Gradient evaluation took 0.001286 seconds
Chain 3: 1000 transitions using 10 leapfrog steps per transition would take 12.86 seconds.
Chain 3: Adjust your expectations accordingly!
Chain 3: 
Chain 3: 
Chain 3: Iteration:    1 / 4000 [  0%]  (Warmup)
Chain 4: 
Chain 4: Gradient evaluation took 0.001024 seconds
Chain 4: 1000 transitions using 10 leapfrog steps per transition would take 10.24 seconds.
Chain 4: Adjust your expectations accordingly!
Chain 4: 
Chain 4: 
Chain 4: Iteration:    1 / 4000 [  0%]  (Warmup)
Chain 3: Iteration:  400 / 4000 [ 10%]  (Warmup)
Chain 1: Iteration:  400 / 4000 [ 10%]  (Warmup)
Chain 4: Iteration:  400 / 4000 [ 10%]  (Warmup)
Chain 2: Iteration:  400 / 4000 [ 10%]  (Warmup)
Chain 1: Iteration:  800 / 4000 [ 20%]  (Warmup)
Chain 3: Iteration:  800 / 4000 [ 20%]  (Warmup)
Chain 4: Iteration:  800 / 4000 [ 20%]  (Warmup)
Chain 2: Iteration:  800 / 4000 [ 20%]  (Warmup)
Chain 1: Iteration: 1200 / 4000 [ 30%]  (Warmup)
Chain 3: Iteration: 1200 / 4000 [ 30%]  (Warmup)
Chain 4: Iteration: 1200 / 4000 [ 30%]  (Warmup)
Chain 2: Iteration: 1200 / 4000 [ 30%]  (Warmup)
Chain 1: Iteration: 1600 / 4000 [ 40%]  (Warmup)
Chain 3: Iteration: 1600 / 4000 [ 40%]  (Warmup)
Chain 4: Iteration: 1600 / 4000 [ 40%]  (Warmup)
Chain 2: Iteration: 1600 / 4000 [ 40%]  (Warmup)
Chain 1: Iteration: 2000 / 4000 [ 50%]  (Warmup)
Chain 1: Iteration: 2001 / 4000 [ 50%]  (Sampling)
Chain 3: Iteration: 2000 / 4000 [ 50%]  (Warmup)
Chain 3: Iteration: 2001 / 4000 [ 50%]  (Sampling)
Chain 4: Iteration: 2000 / 4000 [ 50%]  (Warmup)
Chain 4: Iteration: 2001 / 4000 [ 50%]  (Sampling)
Chain 2: Iteration: 2000 / 4000 [ 50%]  (Warmup)
Chain 2: Iteration: 2001 / 4000 [ 50%]  (Sampling)
Chain 1: Iteration: 2400 / 4000 [ 60%]  (Sampling)
Chain 4: Iteration: 2400 / 4000 [ 60%]  (Sampling)
Chain 3: Iteration: 2400 / 4000 [ 60%]  (Sampling)
Chain 2: Iteration: 2400 / 4000 [ 60%]  (Sampling)
Chain 1: Iteration: 2800 / 4000 [ 70%]  (Sampling)
Chain 4: Iteration: 2800 / 4000 [ 70%]  (Sampling)
Chain 3: Iteration: 2800 / 4000 [ 70%]  (Sampling)
Chain 2: Iteration: 2800 / 4000 [ 70%]  (Sampling)
Chain 1: Iteration: 3200 / 4000 [ 80%]  (Sampling)
Chain 4: Iteration: 3200 / 4000 [ 80%]  (Sampling)
Chain 2: Iteration: 3200 / 4000 [ 80%]  (Sampling)
Chain 3: Iteration: 3200 / 4000 [ 80%]  (Sampling)
Chain 4: Iteration: 3600 / 4000 [ 90%]  (Sampling)
Chain 1: Iteration: 3600 / 4000 [ 90%]  (Sampling)
Chain 2: Iteration: 3600 / 4000 [ 90%]  (Sampling)
Chain 3: Iteration: 3600 / 4000 [ 90%]  (Sampling)
Chain 4: Iteration: 4000 / 4000 [100%]  (Sampling)
Chain 4: 
Chain 4:  Elapsed Time: 25.483 seconds (Warm-up)
Chain 4:                24.769 seconds (Sampling)
Chain 4:                50.252 seconds (Total)
Chain 4: 
Chain 1: Iteration: 4000 / 4000 [100%]  (Sampling)
Chain 1: 
Chain 1:  Elapsed Time: 24.194 seconds (Warm-up)
Chain 1:                26.611 seconds (Sampling)
Chain 1:                50.805 seconds (Total)
Chain 1: 
Chain 2: Iteration: 4000 / 4000 [100%]  (Sampling)
Chain 2: 
Chain 2:  Elapsed Time: 26.68 seconds (Warm-up)
Chain 2:                26.419 seconds (Sampling)
Chain 2:                53.099 seconds (Total)
Chain 2: 
Chain 3: Iteration: 4000 / 4000 [100%]  (Sampling)
Chain 3: 
Chain 3:  Elapsed Time: 24.927 seconds (Warm-up)
Chain 3:                29.461 seconds (Sampling)
Chain 3:                54.388 seconds (Total)
Chain 3: 

SAMPLING FOR MODEL 'ratio_v2_joint_bb' NOW (CHAIN 1).

SAMPLING FOR MODEL 'ratio_v2_joint_bb' NOW (CHAIN 2).
Chain 1: 
Chain 1: Gradient evaluation took 0.001484 seconds
Chain 1: 1000 transitions using 10 leapfrog steps per transition would take 14.84 seconds.
Chain 1: Adjust your expectations accordingly!
Chain 1: 
Chain 1: 
Chain 1: Iteration:    1 / 4000 [  0%]  (Warmup)

SAMPLING FOR MODEL 'ratio_v2_joint_bb' NOW (CHAIN 3).
Chain 2: 
Chain 2: Gradient evaluation took 0.000947 seconds
Chain 2: 1000 transitions using 10 leapfrog steps per transition would take 9.47 seconds.
Chain 2: Adjust your expectations accordingly!
Chain 2: 
Chain 2: 
Chain 2: Iteration:    1 / 4000 [  0%]  (Warmup)

SAMPLING FOR MODEL 'ratio_v2_joint_bb' NOW (CHAIN 4).
Chain 3: 
Chain 3: Gradient evaluation took 0.001263 seconds
Chain 3: 1000 transitions using 10 leapfrog steps per transition would take 12.63 seconds.
Chain 3: Adjust your expectations accordingly!
Chain 3: 
Chain 3: 
Chain 3: Iteration:    1 / 4000 [  0%]  (Warmup)
Chain 4: 
Chain 4: Gradient evaluation took 0.000879 seconds
Chain 4: 1000 transitions using 10 leapfrog steps per transition would take 8.79 seconds.
Chain 4: Adjust your expectations accordingly!
Chain 4: 
Chain 4: 
Chain 4: Iteration:    1 / 4000 [  0%]  (Warmup)
Chain 1: Iteration:  400 / 4000 [ 10%]  (Warmup)
Chain 2: Iteration:  400 / 4000 [ 10%]  (Warmup)
Chain 3: Iteration:  400 / 4000 [ 10%]  (Warmup)
Chain 4: Iteration:  400 / 4000 [ 10%]  (Warmup)
Chain 1: Iteration:  800 / 4000 [ 20%]  (Warmup)
Chain 2: Iteration:  800 / 4000 [ 20%]  (Warmup)
Chain 3: Iteration:  800 / 4000 [ 20%]  (Warmup)
Chain 4: Iteration:  800 / 4000 [ 20%]  (Warmup)
Chain 1: Iteration: 1200 / 4000 [ 30%]  (Warmup)
Chain 2: Iteration: 1200 / 4000 [ 30%]  (Warmup)
Chain 3: Iteration: 1200 / 4000 [ 30%]  (Warmup)
Chain 4: Iteration: 1200 / 4000 [ 30%]  (Warmup)
Chain 1: Iteration: 1600 / 4000 [ 40%]  (Warmup)
Chain 2: Iteration: 1600 / 4000 [ 40%]  (Warmup)
Chain 4: Iteration: 1600 / 4000 [ 40%]  (Warmup)
Chain 3: Iteration: 1600 / 4000 [ 40%]  (Warmup)
Chain 1: Iteration: 2000 / 4000 [ 50%]  (Warmup)
Chain 1: Iteration: 2001 / 4000 [ 50%]  (Sampling)
Chain 2: Iteration: 2000 / 4000 [ 50%]  (Warmup)
Chain 2: Iteration: 2001 / 4000 [ 50%]  (Sampling)
Chain 4: Iteration: 2000 / 4000 [ 50%]  (Warmup)
Chain 4: Iteration: 2001 / 4000 [ 50%]  (Sampling)
Chain 3: Iteration: 2000 / 4000 [ 50%]  (Warmup)
Chain 3: Iteration: 2001 / 4000 [ 50%]  (Sampling)
Chain 2: Iteration: 2400 / 4000 [ 60%]  (Sampling)
Chain 1: Iteration: 2400 / 4000 [ 60%]  (Sampling)
Chain 4: Iteration: 2400 / 4000 [ 60%]  (Sampling)
Chain 2: Iteration: 2800 / 4000 [ 70%]  (Sampling)
Chain 4: Iteration: 2800 / 4000 [ 70%]  (Sampling)
Chain 1: Iteration: 2800 / 4000 [ 70%]  (Sampling)
Chain 3: Iteration: 2400 / 4000 [ 60%]  (Sampling)
Chain 2: Iteration: 3200 / 4000 [ 80%]  (Sampling)
Chain 4: Iteration: 3200 / 4000 [ 80%]  (Sampling)
Chain 1: Iteration: 3200 / 4000 [ 80%]  (Sampling)
Chain 2: Iteration: 3600 / 4000 [ 90%]  (Sampling)
Chain 4: Iteration: 3600 / 4000 [ 90%]  (Sampling)
Chain 1: Iteration: 3600 / 4000 [ 90%]  (Sampling)
Chain 3: Iteration: 2800 / 4000 [ 70%]  (Sampling)
Chain 2: Iteration: 4000 / 4000 [100%]  (Sampling)
Chain 2: 
Chain 2:  Elapsed Time: 22.285 seconds (Warm-up)
Chain 2:                17.854 seconds (Sampling)
Chain 2:                40.139 seconds (Total)
Chain 2: 
Chain 4: Iteration: 4000 / 4000 [100%]  (Sampling)
Chain 4: 
Chain 4:  Elapsed Time: 22.342 seconds (Warm-up)
Chain 4:                17.746 seconds (Sampling)
Chain 4:                40.088 seconds (Total)
Chain 4: 
Chain 1: Iteration: 4000 / 4000 [100%]  (Sampling)
Chain 1: 
Chain 1:  Elapsed Time: 21.474 seconds (Warm-up)
Chain 1:                22.469 seconds (Sampling)
Chain 1:                43.943 seconds (Total)
Chain 1: 
Chain 3: Iteration: 3200 / 4000 [ 80%]  (Sampling)
Chain 3: Iteration: 3600 / 4000 [ 90%]  (Sampling)
Chain 3: Iteration: 4000 / 4000 [100%]  (Sampling)
Chain 3: 
Chain 3:  Elapsed Time: 24.109 seconds (Warm-up)
Chain 3:                38.801 seconds (Sampling)
Chain 3:                62.91 seconds (Total)
Chain 3: 

SAMPLING FOR MODEL 'ratio_v2_joint_bb' NOW (CHAIN 1).

SAMPLING FOR MODEL 'ratio_v2_joint_bb' NOW (CHAIN 2).
Chain 1: 
Chain 1: Gradient evaluation took 0.001086 seconds
Chain 1: 1000 transitions using 10 leapfrog steps per transition would take 10.86 seconds.
Chain 1: Adjust your expectations accordingly!
Chain 1: 
Chain 1: 
Chain 1: Iteration:    1 / 4000 [  0%]  (Warmup)

SAMPLING FOR MODEL 'ratio_v2_joint_bb' NOW (CHAIN 3).
Chain 2: 
Chain 2: Gradient evaluation took 0.000924 seconds
Chain 2: 1000 transitions using 10 leapfrog steps per transition would take 9.24 seconds.
Chain 2: Adjust your expectations accordingly!
Chain 2: 
Chain 2: 
Chain 2: Iteration:    1 / 4000 [  0%]  (Warmup)

SAMPLING FOR MODEL 'ratio_v2_joint_bb' NOW (CHAIN 4).
Chain 3: 
Chain 3: Gradient evaluation took 0.00109 seconds
Chain 3: 1000 transitions using 10 leapfrog steps per transition would take 10.9 seconds.
Chain 3: Adjust your expectations accordingly!
Chain 3: 
Chain 3: 
Chain 3: Iteration:    1 / 4000 [  0%]  (Warmup)
Chain 4: 
Chain 4: Gradient evaluation took 0.000857 seconds
Chain 4: 1000 transitions using 10 leapfrog steps per transition would take 8.57 seconds.
Chain 4: Adjust your expectations accordingly!
Chain 4: 
Chain 4: 
Chain 4: Iteration:    1 / 4000 [  0%]  (Warmup)
Chain 2: Iteration:  400 / 4000 [ 10%]  (Warmup)
Chain 1: Iteration:  400 / 4000 [ 10%]  (Warmup)
Chain 3: Iteration:  400 / 4000 [ 10%]  (Warmup)
Chain 4: Iteration:  400 / 4000 [ 10%]  (Warmup)
Chain 3: Iteration:  800 / 4000 [ 20%]  (Warmup)
Chain 1: Iteration:  800 / 4000 [ 20%]  (Warmup)
Chain 2: Iteration:  800 / 4000 [ 20%]  (Warmup)
Chain 4: Iteration:  800 / 4000 [ 20%]  (Warmup)
Chain 3: Iteration: 1200 / 4000 [ 30%]  (Warmup)
Chain 1: Iteration: 1200 / 4000 [ 30%]  (Warmup)
Chain 2: Iteration: 1200 / 4000 [ 30%]  (Warmup)
Chain 4: Iteration: 1200 / 4000 [ 30%]  (Warmup)
Chain 3: Iteration: 1600 / 4000 [ 40%]  (Warmup)
Chain 1: Iteration: 1600 / 4000 [ 40%]  (Warmup)
Chain 2: Iteration: 1600 / 4000 [ 40%]  (Warmup)
Chain 4: Iteration: 1600 / 4000 [ 40%]  (Warmup)
Chain 3: Iteration: 2000 / 4000 [ 50%]  (Warmup)
Chain 3: Iteration: 2001 / 4000 [ 50%]  (Sampling)
Chain 1: Iteration: 2000 / 4000 [ 50%]  (Warmup)
Chain 1: Iteration: 2001 / 4000 [ 50%]  (Sampling)
Chain 2: Iteration: 2000 / 4000 [ 50%]  (Warmup)
Chain 2: Iteration: 2001 / 4000 [ 50%]  (Sampling)
Chain 4: Iteration: 2000 / 4000 [ 50%]  (Warmup)
Chain 4: Iteration: 2001 / 4000 [ 50%]  (Sampling)
Chain 3: Iteration: 2400 / 4000 [ 60%]  (Sampling)
Chain 1: Iteration: 2400 / 4000 [ 60%]  (Sampling)
Chain 2: Iteration: 2400 / 4000 [ 60%]  (Sampling)
Chain 4: Iteration: 2400 / 4000 [ 60%]  (Sampling)
Chain 3: Iteration: 2800 / 4000 [ 70%]  (Sampling)
Chain 1: Iteration: 2800 / 4000 [ 70%]  (Sampling)
Chain 3: Iteration: 3200 / 4000 [ 80%]  (Sampling)
Chain 1: Iteration: 3200 / 4000 [ 80%]  (Sampling)
Chain 2: Iteration: 2800 / 4000 [ 70%]  (Sampling)
Chain 4: Iteration: 2800 / 4000 [ 70%]  (Sampling)
Chain 3: Iteration: 3600 / 4000 [ 90%]  (Sampling)
Chain 1: Iteration: 3600 / 4000 [ 90%]  (Sampling)
Chain 2: Iteration: 3200 / 4000 [ 80%]  (Sampling)
Chain 4: Iteration: 3200 / 4000 [ 80%]  (Sampling)
Chain 3: Iteration: 4000 / 4000 [100%]  (Sampling)
Chain 3: 
Chain 3:  Elapsed Time: 22.334 seconds (Warm-up)
Chain 3:                20.073 seconds (Sampling)
Chain 3:                42.407 seconds (Total)
Chain 3: 
Chain 1: Iteration: 4000 / 4000 [100%]  (Sampling)
Chain 1: 
Chain 1:  Elapsed Time: 22.712 seconds (Warm-up)
Chain 1:                20.142 seconds (Sampling)
Chain 1:                42.854 seconds (Total)
Chain 1: 
Chain 2: Iteration: 3600 / 4000 [ 90%]  (Sampling)
Chain 4: Iteration: 3600 / 4000 [ 90%]  (Sampling)
Chain 2: Iteration: 4000 / 4000 [100%]  (Sampling)
Chain 2: 
Chain 2:  Elapsed Time: 23.61 seconds (Warm-up)
Chain 2:                28.484 seconds (Sampling)
Chain 2:                52.094 seconds (Total)
Chain 2: 
Chain 4: Iteration: 4000 / 4000 [100%]  (Sampling)
Chain 4: 
Chain 4:  Elapsed Time: 24.16 seconds (Warm-up)
Chain 4:                28.985 seconds (Sampling)
Chain 4:                53.145 seconds (Total)
Chain 4: 

SAMPLING FOR MODEL 'ratio_v2_joint_bb' NOW (CHAIN 1).

SAMPLING FOR MODEL 'ratio_v2_joint_bb' NOW (CHAIN 2).
Chain 1: 
Chain 1: Gradient evaluation took 0.001107 seconds
Chain 1: 1000 transitions using 10 leapfrog steps per transition would take 11.07 seconds.
Chain 1: Adjust your expectations accordingly!
Chain 1: 
Chain 1: 
Chain 1: Iteration:    1 / 4000 [  0%]  (Warmup)

SAMPLING FOR MODEL 'ratio_v2_joint_bb' NOW (CHAIN 3).
Chain 2: 
Chain 2: Gradient evaluation took 0.00095 seconds
Chain 2: 1000 transitions using 10 leapfrog steps per transition would take 9.5 seconds.
Chain 2: Adjust your expectations accordingly!
Chain 2: 
Chain 2: 
Chain 2: Iteration:    1 / 4000 [  0%]  (Warmup)

SAMPLING FOR MODEL 'ratio_v2_joint_bb' NOW (CHAIN 4).
Chain 3: 
Chain 3: Gradient evaluation took 0.001087 seconds
Chain 3: 1000 transitions using 10 leapfrog steps per transition would take 10.87 seconds.
Chain 3: Adjust your expectations accordingly!
Chain 3: 
Chain 3: 
Chain 3: Iteration:    1 / 4000 [  0%]  (Warmup)
Chain 4: 
Chain 4: Gradient evaluation took 0.000942 seconds
Chain 4: 1000 transitions using 10 leapfrog steps per transition would take 9.42 seconds.
Chain 4: Adjust your expectations accordingly!
Chain 4: 
Chain 4: 
Chain 4: Iteration:    1 / 4000 [  0%]  (Warmup)
Chain 1: Iteration:  400 / 4000 [ 10%]  (Warmup)
Chain 2: Iteration:  400 / 4000 [ 10%]  (Warmup)
Chain 3: Iteration:  400 / 4000 [ 10%]  (Warmup)
Chain 4: Iteration:  400 / 4000 [ 10%]  (Warmup)
Chain 1: Iteration:  800 / 4000 [ 20%]  (Warmup)
Chain 2: Iteration:  800 / 4000 [ 20%]  (Warmup)
Chain 3: Iteration:  800 / 4000 [ 20%]  (Warmup)
Chain 4: Iteration:  800 / 4000 [ 20%]  (Warmup)
Chain 1: Iteration: 1200 / 4000 [ 30%]  (Warmup)
Chain 2: Iteration: 1200 / 4000 [ 30%]  (Warmup)
Chain 4: Iteration: 1200 / 4000 [ 30%]  (Warmup)
Chain 3: Iteration: 1200 / 4000 [ 30%]  (Warmup)
Chain 1: Iteration: 1600 / 4000 [ 40%]  (Warmup)
Chain 2: Iteration: 1600 / 4000 [ 40%]  (Warmup)
Chain 4: Iteration: 1600 / 4000 [ 40%]  (Warmup)
Chain 3: Iteration: 1600 / 4000 [ 40%]  (Warmup)
Chain 1: Iteration: 2000 / 4000 [ 50%]  (Warmup)
Chain 1: Iteration: 2001 / 4000 [ 50%]  (Sampling)
Chain 2: Iteration: 2000 / 4000 [ 50%]  (Warmup)
Chain 2: Iteration: 2001 / 4000 [ 50%]  (Sampling)
Chain 4: Iteration: 2000 / 4000 [ 50%]  (Warmup)
Chain 4: Iteration: 2001 / 4000 [ 50%]  (Sampling)
Chain 3: Iteration: 2000 / 4000 [ 50%]  (Warmup)
Chain 3: Iteration: 2001 / 4000 [ 50%]  (Sampling)
Chain 1: Iteration: 2400 / 4000 [ 60%]  (Sampling)
Chain 2: Iteration: 2400 / 4000 [ 60%]  (Sampling)
Chain 4: Iteration: 2400 / 4000 [ 60%]  (Sampling)
Chain 3: Iteration: 2400 / 4000 [ 60%]  (Sampling)
Chain 1: Iteration: 2800 / 4000 [ 70%]  (Sampling)
Chain 2: Iteration: 2800 / 4000 [ 70%]  (Sampling)
Chain 4: Iteration: 2800 / 4000 [ 70%]  (Sampling)
Chain 2: Iteration: 3200 / 4000 [ 80%]  (Sampling)
Chain 1: Iteration: 3200 / 4000 [ 80%]  (Sampling)
Chain 3: Iteration: 2800 / 4000 [ 70%]  (Sampling)
Chain 2: Iteration: 3600 / 4000 [ 90%]  (Sampling)
Chain 4: Iteration: 3200 / 4000 [ 80%]  (Sampling)
Chain 1: Iteration: 3600 / 4000 [ 90%]  (Sampling)
Chain 2: Iteration: 4000 / 4000 [100%]  (Sampling)
Chain 2: 
Chain 2:  Elapsed Time: 21.467 seconds (Warm-up)
Chain 2:                21.265 seconds (Sampling)
Chain 2:                42.732 seconds (Total)
Chain 2: 
Chain 3: Iteration: 3200 / 4000 [ 80%]  (Sampling)
Chain 1: Iteration: 4000 / 4000 [100%]  (Sampling)
Chain 1: 
Chain 1:  Elapsed Time: 19.837 seconds (Warm-up)
Chain 1:                24.943 seconds (Sampling)
Chain 1:                44.78 seconds (Total)
Chain 1: 
Chain 4: Iteration: 3600 / 4000 [ 90%]  (Sampling)
Chain 3: Iteration: 3600 / 4000 [ 90%]  (Sampling)
Chain 4: Iteration: 4000 / 4000 [100%]  (Sampling)
Chain 4: 
Chain 4:  Elapsed Time: 22.34 seconds (Warm-up)
Chain 4:                28.006 seconds (Sampling)
Chain 4:                50.346 seconds (Total)
Chain 4: 
Chain 3: Iteration: 4000 / 4000 [100%]  (Sampling)
Chain 3: 
Chain 3:  Elapsed Time: 23.388 seconds (Warm-up)
Chain 3:                32.468 seconds (Sampling)
Chain 3:                55.856 seconds (Total)
Chain 3: 

SAMPLING FOR MODEL 'ratio_v2_joint_bb' NOW (CHAIN 1).

SAMPLING FOR MODEL 'ratio_v2_joint_bb' NOW (CHAIN 2).
Chain 1: 
Chain 1: Gradient evaluation took 0.001247 seconds
Chain 1: 1000 transitions using 10 leapfrog steps per transition would take 12.47 seconds.
Chain 1: Adjust your expectations accordingly!
Chain 1: 
Chain 1: 
Chain 1: Iteration:    1 / 4000 [  0%]  (Warmup)

SAMPLING FOR MODEL 'ratio_v2_joint_bb' NOW (CHAIN 3).
Chain 2: 
Chain 2: Gradient evaluation took 0.0011 seconds
Chain 2: 1000 transitions using 10 leapfrog steps per transition would take 11 seconds.
Chain 2: Adjust your expectations accordingly!
Chain 2: 
Chain 2: 
Chain 2: Iteration:    1 / 4000 [  0%]  (Warmup)

SAMPLING FOR MODEL 'ratio_v2_joint_bb' NOW (CHAIN 4).
Chain 3: 
Chain 3: Gradient evaluation took 0.001321 seconds
Chain 3: 1000 transitions using 10 leapfrog steps per transition would take 13.21 seconds.
Chain 3: Adjust your expectations accordingly!
Chain 3: 
Chain 3: 
Chain 3: Iteration:    1 / 4000 [  0%]  (Warmup)
Chain 4: 
Chain 4: Gradient evaluation took 0.001006 seconds
Chain 4: 1000 transitions using 10 leapfrog steps per transition would take 10.06 seconds.
Chain 4: Adjust your expectations accordingly!
Chain 4: 
Chain 4: 
Chain 4: Iteration:    1 / 4000 [  0%]  (Warmup)
Chain 2: Iteration:  400 / 4000 [ 10%]  (Warmup)
Chain 3: Iteration:  400 / 4000 [ 10%]  (Warmup)
Chain 1: Iteration:  400 / 4000 [ 10%]  (Warmup)
Chain 4: Iteration:  400 / 4000 [ 10%]  (Warmup)
Chain 2: Iteration:  800 / 4000 [ 20%]  (Warmup)
Chain 3: Iteration:  800 / 4000 [ 20%]  (Warmup)
Chain 1: Iteration:  800 / 4000 [ 20%]  (Warmup)
Chain 4: Iteration:  800 / 4000 [ 20%]  (Warmup)
Chain 2: Iteration: 1200 / 4000 [ 30%]  (Warmup)
Chain 3: Iteration: 1200 / 4000 [ 30%]  (Warmup)
Chain 1: Iteration: 1200 / 4000 [ 30%]  (Warmup)
Chain 4: Iteration: 1200 / 4000 [ 30%]  (Warmup)
Chain 2: Iteration: 1600 / 4000 [ 40%]  (Warmup)
Chain 3: Iteration: 1600 / 4000 [ 40%]  (Warmup)
Chain 1: Iteration: 1600 / 4000 [ 40%]  (Warmup)
Chain 4: Iteration: 1600 / 4000 [ 40%]  (Warmup)
Chain 1: Iteration: 2000 / 4000 [ 50%]  (Warmup)
Chain 1: Iteration: 2001 / 4000 [ 50%]  (Sampling)
Chain 2: Iteration: 2000 / 4000 [ 50%]  (Warmup)
Chain 2: Iteration: 2001 / 4000 [ 50%]  (Sampling)
Chain 3: Iteration: 2000 / 4000 [ 50%]  (Warmup)
Chain 3: Iteration: 2001 / 4000 [ 50%]  (Sampling)
Chain 4: Iteration: 2000 / 4000 [ 50%]  (Warmup)
Chain 4: Iteration: 2001 / 4000 [ 50%]  (Sampling)
Chain 3: Iteration: 2400 / 4000 [ 60%]  (Sampling)
Chain 1: Iteration: 2400 / 4000 [ 60%]  (Sampling)
Chain 2: Iteration: 2400 / 4000 [ 60%]  (Sampling)
Chain 4: Iteration: 2400 / 4000 [ 60%]  (Sampling)
Chain 3: Iteration: 2800 / 4000 [ 70%]  (Sampling)
Chain 2: Iteration: 2800 / 4000 [ 70%]  (Sampling)
Chain 4: Iteration: 2800 / 4000 [ 70%]  (Sampling)
Chain 1: Iteration: 2800 / 4000 [ 70%]  (Sampling)
Chain 3: Iteration: 3200 / 4000 [ 80%]  (Sampling)
Chain 2: Iteration: 3200 / 4000 [ 80%]  (Sampling)
Chain 4: Iteration: 3200 / 4000 [ 80%]  (Sampling)
Chain 3: Iteration: 3600 / 4000 [ 90%]  (Sampling)
Chain 1: Iteration: 3200 / 4000 [ 80%]  (Sampling)
Chain 3: Iteration: 4000 / 4000 [100%]  (Sampling)
Chain 3: 
Chain 3:  Elapsed Time: 25.076 seconds (Warm-up)
Chain 3:                22.457 seconds (Sampling)
Chain 3:                47.533 seconds (Total)
Chain 3: 
Chain 2: Iteration: 3600 / 4000 [ 90%]  (Sampling)
Chain 4: Iteration: 3600 / 4000 [ 90%]  (Sampling)
Chain 1: Iteration: 3600 / 4000 [ 90%]  (Sampling)
Chain 2: Iteration: 4000 / 4000 [100%]  (Sampling)
Chain 2: 
Chain 2:  Elapsed Time: 25.126 seconds (Warm-up)
Chain 2:                27.856 seconds (Sampling)
Chain 2:                52.982 seconds (Total)
Chain 2: 
Chain 4: Iteration: 4000 / 4000 [100%]  (Sampling)
Chain 4: 
Chain 4:  Elapsed Time: 25.911 seconds (Warm-up)
Chain 4:                27.762 seconds (Sampling)
Chain 4:                53.673 seconds (Total)
Chain 4: 
Chain 1: Iteration: 4000 / 4000 [100%]  (Sampling)
Chain 1: 
Chain 1:  Elapsed Time: 24.525 seconds (Warm-up)
Chain 1:                33.312 seconds (Sampling)
Chain 1:                57.837 seconds (Total)
Chain 1: 

SAMPLING FOR MODEL 'ratio_v2_joint_bb' NOW (CHAIN 1).

SAMPLING FOR MODEL 'ratio_v2_joint_bb' NOW (CHAIN 2).
Chain 1: 
Chain 1: Gradient evaluation took 0.001157 seconds
Chain 1: 1000 transitions using 10 leapfrog steps per transition would take 11.57 seconds.
Chain 1: Adjust your expectations accordingly!
Chain 1: 
Chain 1: 
Chain 1: Iteration:    1 / 4000 [  0%]  (Warmup)

SAMPLING FOR MODEL 'ratio_v2_joint_bb' NOW (CHAIN 3).
Chain 2: 
Chain 2: Gradient evaluation took 0.001044 seconds
Chain 2: 1000 transitions using 10 leapfrog steps per transition would take 10.44 seconds.
Chain 2: Adjust your expectations accordingly!
Chain 2: 
Chain 2: 
Chain 2: Iteration:    1 / 4000 [  0%]  (Warmup)

SAMPLING FOR MODEL 'ratio_v2_joint_bb' NOW (CHAIN 4).
Chain 3: 
Chain 3: Gradient evaluation took 0.001169 seconds
Chain 3: 1000 transitions using 10 leapfrog steps per transition would take 11.69 seconds.
Chain 3: Adjust your expectations accordingly!
Chain 3: 
Chain 3: 
Chain 3: Iteration:    1 / 4000 [  0%]  (Warmup)
Chain 4: 
Chain 4: Gradient evaluation took 0.001123 seconds
Chain 4: 1000 transitions using 10 leapfrog steps per transition would take 11.23 seconds.
Chain 4: Adjust your expectations accordingly!
Chain 4: 
Chain 4: 
Chain 4: Iteration:    1 / 4000 [  0%]  (Warmup)
Chain 3: Iteration:  400 / 4000 [ 10%]  (Warmup)
Chain 1: Iteration:  400 / 4000 [ 10%]  (Warmup)
Chain 2: Iteration:  400 / 4000 [ 10%]  (Warmup)
Chain 4: Iteration:  400 / 4000 [ 10%]  (Warmup)
Chain 3: Iteration:  800 / 4000 [ 20%]  (Warmup)
Chain 1: Iteration:  800 / 4000 [ 20%]  (Warmup)
Chain 2: Iteration:  800 / 4000 [ 20%]  (Warmup)
Chain 4: Iteration:  800 / 4000 [ 20%]  (Warmup)
Chain 3: Iteration: 1200 / 4000 [ 30%]  (Warmup)
Chain 1: Iteration: 1200 / 4000 [ 30%]  (Warmup)
Chain 2: Iteration: 1200 / 4000 [ 30%]  (Warmup)
Chain 4: Iteration: 1200 / 4000 [ 30%]  (Warmup)
Chain 3: Iteration: 1600 / 4000 [ 40%]  (Warmup)
Chain 1: Iteration: 1600 / 4000 [ 40%]  (Warmup)
Chain 2: Iteration: 1600 / 4000 [ 40%]  (Warmup)
Chain 4: Iteration: 1600 / 4000 [ 40%]  (Warmup)
Chain 3: Iteration: 2000 / 4000 [ 50%]  (Warmup)
Chain 3: Iteration: 2001 / 4000 [ 50%]  (Sampling)
Chain 1: Iteration: 2000 / 4000 [ 50%]  (Warmup)
Chain 1: Iteration: 2001 / 4000 [ 50%]  (Sampling)
Chain 2: Iteration: 2000 / 4000 [ 50%]  (Warmup)
Chain 2: Iteration: 2001 / 4000 [ 50%]  (Sampling)
Chain 4: Iteration: 2000 / 4000 [ 50%]  (Warmup)
Chain 4: Iteration: 2001 / 4000 [ 50%]  (Sampling)
Chain 1: Iteration: 2400 / 4000 [ 60%]  (Sampling)
Chain 3: Iteration: 2400 / 4000 [ 60%]  (Sampling)
Chain 2: Iteration: 2400 / 4000 [ 60%]  (Sampling)
Chain 4: Iteration: 2400 / 4000 [ 60%]  (Sampling)
Chain 1: Iteration: 2800 / 4000 [ 70%]  (Sampling)
Chain 3: Iteration: 2800 / 4000 [ 70%]  (Sampling)
Chain 2: Iteration: 2800 / 4000 [ 70%]  (Sampling)
Chain 4: Iteration: 2800 / 4000 [ 70%]  (Sampling)
Chain 1: Iteration: 3200 / 4000 [ 80%]  (Sampling)
Chain 2: Iteration: 3200 / 4000 [ 80%]  (Sampling)
Chain 3: Iteration: 3200 / 4000 [ 80%]  (Sampling)
Chain 4: Iteration: 3200 / 4000 [ 80%]  (Sampling)
Chain 1: Iteration: 3600 / 4000 [ 90%]  (Sampling)
Chain 2: Iteration: 3600 / 4000 [ 90%]  (Sampling)
Chain 3: Iteration: 3600 / 4000 [ 90%]  (Sampling)
Chain 4: Iteration: 3600 / 4000 [ 90%]  (Sampling)
Chain 1: Iteration: 4000 / 4000 [100%]  (Sampling)
Chain 1: 
Chain 1:  Elapsed Time: 24.056 seconds (Warm-up)
Chain 1:                22.657 seconds (Sampling)
Chain 1:                46.713 seconds (Total)
Chain 1: 
Chain 2: Iteration: 4000 / 4000 [100%]  (Sampling)
Chain 2: 
Chain 2:  Elapsed Time: 24.504 seconds (Warm-up)
Chain 2:                24.956 seconds (Sampling)
Chain 2:                49.46 seconds (Total)
Chain 2: 
Chain 4: Iteration: 4000 / 4000 [100%]  (Sampling)
Chain 4: 
Chain 4:  Elapsed Time: 25.634 seconds (Warm-up)
Chain 4:                24.934 seconds (Sampling)
Chain 4:                50.568 seconds (Total)
Chain 4: 
Chain 3: Iteration: 4000 / 4000 [100%]  (Sampling)
Chain 3: 
Chain 3:  Elapsed Time: 23.278 seconds (Warm-up)
Chain 3:                27.401 seconds (Sampling)
Chain 3:                50.679 seconds (Total)
Chain 3: 

SAMPLING FOR MODEL 'ratio_v2_joint_bb' NOW (CHAIN 1).

SAMPLING FOR MODEL 'ratio_v2_joint_bb' NOW (CHAIN 2).
Chain 1: 
Chain 1: Gradient evaluation took 0.001024 seconds
Chain 1: 1000 transitions using 10 leapfrog steps per transition would take 10.24 seconds.
Chain 1: Adjust your expectations accordingly!
Chain 1: 
Chain 1: 
Chain 1: Iteration:    1 / 4000 [  0%]  (Warmup)

SAMPLING FOR MODEL 'ratio_v2_joint_bb' NOW (CHAIN 3).
Chain 2: 
Chain 2: Gradient evaluation took 0.000904 seconds
Chain 2: 1000 transitions using 10 leapfrog steps per transition would take 9.04 seconds.
Chain 2: Adjust your expectations accordingly!
Chain 2: 
Chain 2: 
Chain 2: Iteration:    1 / 4000 [  0%]  (Warmup)

SAMPLING FOR MODEL 'ratio_v2_joint_bb' NOW (CHAIN 4).
Chain 3: 
Chain 3: Gradient evaluation took 0.001075 seconds
Chain 3: 1000 transitions using 10 leapfrog steps per transition would take 10.75 seconds.
Chain 3: Adjust your expectations accordingly!
Chain 3: 
Chain 3: 
Chain 3: Iteration:    1 / 4000 [  0%]  (Warmup)
Chain 4: 
Chain 4: Gradient evaluation took 0.000868 seconds
Chain 4: 1000 transitions using 10 leapfrog steps per transition would take 8.68 seconds.
Chain 4: Adjust your expectations accordingly!
Chain 4: 
Chain 4: 
Chain 4: Iteration:    1 / 4000 [  0%]  (Warmup)
Chain 2: Iteration:  400 / 4000 [ 10%]  (Warmup)
Chain 1: Iteration:  400 / 4000 [ 10%]  (Warmup)
Chain 3: Iteration:  400 / 4000 [ 10%]  (Warmup)
Chain 4: Iteration:  400 / 4000 [ 10%]  (Warmup)
Chain 1: Iteration:  800 / 4000 [ 20%]  (Warmup)
Chain 2: Iteration:  800 / 4000 [ 20%]  (Warmup)
Chain 3: Iteration:  800 / 4000 [ 20%]  (Warmup)
Chain 4: Iteration:  800 / 4000 [ 20%]  (Warmup)
Chain 1: Iteration: 1200 / 4000 [ 30%]  (Warmup)
Chain 2: Iteration: 1200 / 4000 [ 30%]  (Warmup)
Chain 3: Iteration: 1200 / 4000 [ 30%]  (Warmup)
Chain 4: Iteration: 1200 / 4000 [ 30%]  (Warmup)
Chain 1: Iteration: 1600 / 4000 [ 40%]  (Warmup)
Chain 2: Iteration: 1600 / 4000 [ 40%]  (Warmup)
Chain 3: Iteration: 1600 / 4000 [ 40%]  (Warmup)
Chain 4: Iteration: 1600 / 4000 [ 40%]  (Warmup)
Chain 1: Iteration: 2000 / 4000 [ 50%]  (Warmup)
Chain 1: Iteration: 2001 / 4000 [ 50%]  (Sampling)
Chain 2: Iteration: 2000 / 4000 [ 50%]  (Warmup)
Chain 2: Iteration: 2001 / 4000 [ 50%]  (Sampling)
Chain 3: Iteration: 2000 / 4000 [ 50%]  (Warmup)
Chain 3: Iteration: 2001 / 4000 [ 50%]  (Sampling)
Chain 1: Iteration: 2400 / 4000 [ 60%]  (Sampling)
Chain 4: Iteration: 2000 / 4000 [ 50%]  (Warmup)
Chain 4: Iteration: 2001 / 4000 [ 50%]  (Sampling)
Chain 2: Iteration: 2400 / 4000 [ 60%]  (Sampling)
Chain 3: Iteration: 2400 / 4000 [ 60%]  (Sampling)
Chain 2: Iteration: 2800 / 4000 [ 70%]  (Sampling)
Chain 1: Iteration: 2800 / 4000 [ 70%]  (Sampling)
Chain 3: Iteration: 2800 / 4000 [ 70%]  (Sampling)
Chain 4: Iteration: 2400 / 4000 [ 60%]  (Sampling)
Chain 2: Iteration: 3200 / 4000 [ 80%]  (Sampling)
Chain 1: Iteration: 3200 / 4000 [ 80%]  (Sampling)
Chain 3: Iteration: 3200 / 4000 [ 80%]  (Sampling)
Chain 2: Iteration: 3600 / 4000 [ 90%]  (Sampling)
Chain 1: Iteration: 3600 / 4000 [ 90%]  (Sampling)
Chain 4: Iteration: 2800 / 4000 [ 70%]  (Sampling)
Chain 3: Iteration: 3600 / 4000 [ 90%]  (Sampling)
Chain 2: Iteration: 4000 / 4000 [100%]  (Sampling)
Chain 2: 
Chain 2:  Elapsed Time: 19.901 seconds (Warm-up)
Chain 2:                17.393 seconds (Sampling)
Chain 2:                37.294 seconds (Total)
Chain 2: 
Chain 1: Iteration: 4000 / 4000 [100%]  (Sampling)
Chain 1: 
Chain 1:  Elapsed Time: 19.338 seconds (Warm-up)
Chain 1:                18.855 seconds (Sampling)
Chain 1:                38.193 seconds (Total)
Chain 1: 
Chain 3: Iteration: 4000 / 4000 [100%]  (Sampling)
Chain 3: 
Chain 3:  Elapsed Time: 21.176 seconds (Warm-up)
Chain 3:                18.198 seconds (Sampling)
Chain 3:                39.374 seconds (Total)
Chain 3: 
Chain 4: Iteration: 3200 / 4000 [ 80%]  (Sampling)
Chain 4: Iteration: 3600 / 4000 [ 90%]  (Sampling)
Chain 4: Iteration: 4000 / 4000 [100%]  (Sampling)
Chain 4: 
Chain 4:  Elapsed Time: 22.913 seconds (Warm-up)
Chain 4:                31.526 seconds (Sampling)
Chain 4:                54.439 seconds (Total)
Chain 4: 

SAMPLING FOR MODEL 'ratio_v2_joint_bb' NOW (CHAIN 1).

SAMPLING FOR MODEL 'ratio_v2_joint_bb' NOW (CHAIN 2).
Chain 1: 
Chain 1: Gradient evaluation took 0.000962 seconds
Chain 1: 1000 transitions using 10 leapfrog steps per transition would take 9.62 seconds.
Chain 1: Adjust your expectations accordingly!
Chain 1: 
Chain 1: 
Chain 1: Iteration:    1 / 4000 [  0%]  (Warmup)

SAMPLING FOR MODEL 'ratio_v2_joint_bb' NOW (CHAIN 3).
Chain 2: 
Chain 2: Gradient evaluation took 0.000819 seconds
Chain 2: 1000 transitions using 10 leapfrog steps per transition would take 8.19 seconds.
Chain 2: Adjust your expectations accordingly!
Chain 2: 
Chain 2: 
Chain 2: Iteration:    1 / 4000 [  0%]  (Warmup)

SAMPLING FOR MODEL 'ratio_v2_joint_bb' NOW (CHAIN 4).
Chain 3: 
Chain 3: Gradient evaluation took 0.000992 seconds
Chain 3: 1000 transitions using 10 leapfrog steps per transition would take 9.92 seconds.
Chain 3: Adjust your expectations accordingly!
Chain 3: 
Chain 3: 
Chain 3: Iteration:    1 / 4000 [  0%]  (Warmup)
Chain 4: 
Chain 4: Gradient evaluation took 0.00076 seconds
Chain 4: 1000 transitions using 10 leapfrog steps per transition would take 7.6 seconds.
Chain 4: Adjust your expectations accordingly!
Chain 4: 
Chain 4: 
Chain 4: Iteration:    1 / 4000 [  0%]  (Warmup)
Chain 1: Iteration:  400 / 4000 [ 10%]  (Warmup)
Chain 3: Iteration:  400 / 4000 [ 10%]  (Warmup)
Chain 2: Iteration:  400 / 4000 [ 10%]  (Warmup)
Chain 4: Iteration:  400 / 4000 [ 10%]  (Warmup)
Chain 1: Iteration:  800 / 4000 [ 20%]  (Warmup)
Chain 3: Iteration:  800 / 4000 [ 20%]  (Warmup)
Chain 2: Iteration:  800 / 4000 [ 20%]  (Warmup)
Chain 4: Iteration:  800 / 4000 [ 20%]  (Warmup)
Chain 3: Iteration: 1200 / 4000 [ 30%]  (Warmup)
Chain 1: Iteration: 1200 / 4000 [ 30%]  (Warmup)
Chain 2: Iteration: 1200 / 4000 [ 30%]  (Warmup)
Chain 4: Iteration: 1200 / 4000 [ 30%]  (Warmup)
Chain 3: Iteration: 1600 / 4000 [ 40%]  (Warmup)
Chain 2: Iteration: 1600 / 4000 [ 40%]  (Warmup)
Chain 1: Iteration: 1600 / 4000 [ 40%]  (Warmup)
Chain 4: Iteration: 1600 / 4000 [ 40%]  (Warmup)
Chain 3: Iteration: 2000 / 4000 [ 50%]  (Warmup)
Chain 3: Iteration: 2001 / 4000 [ 50%]  (Sampling)
Chain 1: Iteration: 2000 / 4000 [ 50%]  (Warmup)
Chain 1: Iteration: 2001 / 4000 [ 50%]  (Sampling)
Chain 4: Iteration: 2000 / 4000 [ 50%]  (Warmup)
Chain 4: Iteration: 2001 / 4000 [ 50%]  (Sampling)
Chain 2: Iteration: 2000 / 4000 [ 50%]  (Warmup)
Chain 2: Iteration: 2001 / 4000 [ 50%]  (Sampling)
Chain 3: Iteration: 2400 / 4000 [ 60%]  (Sampling)
Chain 1: Iteration: 2400 / 4000 [ 60%]  (Sampling)
Chain 4: Iteration: 2400 / 4000 [ 60%]  (Sampling)
Chain 3: Iteration: 2800 / 4000 [ 70%]  (Sampling)
Chain 2: Iteration: 2400 / 4000 [ 60%]  (Sampling)
Chain 1: Iteration: 2800 / 4000 [ 70%]  (Sampling)
Chain 4: Iteration: 2800 / 4000 [ 70%]  (Sampling)
Chain 3: Iteration: 3200 / 4000 [ 80%]  (Sampling)
Chain 1: Iteration: 3200 / 4000 [ 80%]  (Sampling)
Chain 4: Iteration: 3200 / 4000 [ 80%]  (Sampling)
Chain 2: Iteration: 2800 / 4000 [ 70%]  (Sampling)
Chain 3: Iteration: 3600 / 4000 [ 90%]  (Sampling)
Chain 1: Iteration: 3600 / 4000 [ 90%]  (Sampling)
Chain 4: Iteration: 3600 / 4000 [ 90%]  (Sampling)
Chain 3: Iteration: 4000 / 4000 [100%]  (Sampling)
Chain 3: 
Chain 3:  Elapsed Time: 20.661 seconds (Warm-up)
Chain 3:                17.428 seconds (Sampling)
Chain 3:                38.089 seconds (Total)
Chain 3: 
Chain 1: Iteration: 4000 / 4000 [100%]  (Sampling)
Chain 1: 
Chain 1:  Elapsed Time: 21.299 seconds (Warm-up)
Chain 1:                18.144 seconds (Sampling)
Chain 1:                39.443 seconds (Total)
Chain 1: 
Chain 4: Iteration: 4000 / 4000 [100%]  (Sampling)
Chain 4: 
Chain 4:  Elapsed Time: 21.453 seconds (Warm-up)
Chain 4:                18.403 seconds (Sampling)
Chain 4:                39.856 seconds (Total)
Chain 4: 
Chain 2: Iteration: 3200 / 4000 [ 80%]  (Sampling)
Chain 2: Iteration: 3600 / 4000 [ 90%]  (Sampling)
Chain 2: Iteration: 4000 / 4000 [100%]  (Sampling)
Chain 2: 
Chain 2:  Elapsed Time: 21.759 seconds (Warm-up)
Chain 2:                32.114 seconds (Sampling)
Chain 2:                53.873 seconds (Total)
Chain 2: 

SAMPLING FOR MODEL 'ratio_v2_joint_bb' NOW (CHAIN 1).

SAMPLING FOR MODEL 'ratio_v2_joint_bb' NOW (CHAIN 2).
Chain 1: 
Chain 1: Gradient evaluation took 0.001014 seconds
Chain 1: 1000 transitions using 10 leapfrog steps per transition would take 10.14 seconds.
Chain 1: Adjust your expectations accordingly!
Chain 1: 
Chain 1: 
Chain 1: Iteration:    1 / 4000 [  0%]  (Warmup)

SAMPLING FOR MODEL 'ratio_v2_joint_bb' NOW (CHAIN 3).
Chain 2: 
Chain 2: Gradient evaluation took 0.000946 seconds
Chain 2: 1000 transitions using 10 leapfrog steps per transition would take 9.46 seconds.
Chain 2: Adjust your expectations accordingly!
Chain 2: 
Chain 2: 
Chain 2: Iteration:    1 / 4000 [  0%]  (Warmup)

SAMPLING FOR MODEL 'ratio_v2_joint_bb' NOW (CHAIN 4).
Chain 3: 
Chain 3: Gradient evaluation took 0.000941 seconds
Chain 3: 1000 transitions using 10 leapfrog steps per transition would take 9.41 seconds.
Chain 3: Adjust your expectations accordingly!
Chain 3: 
Chain 3: 
Chain 3: Iteration:    1 / 4000 [  0%]  (Warmup)
Chain 4: 
Chain 4: Gradient evaluation took 0.000874 seconds
Chain 4: 1000 transitions using 10 leapfrog steps per transition would take 8.74 seconds.
Chain 4: Adjust your expectations accordingly!
Chain 4: 
Chain 4: 
Chain 4: Iteration:    1 / 4000 [  0%]  (Warmup)
Chain 1: Iteration:  400 / 4000 [ 10%]  (Warmup)
Chain 3: Iteration:  400 / 4000 [ 10%]  (Warmup)
Chain 2: Iteration:  400 / 4000 [ 10%]  (Warmup)
Chain 4: Iteration:  400 / 4000 [ 10%]  (Warmup)
Chain 1: Iteration:  800 / 4000 [ 20%]  (Warmup)
Chain 3: Iteration:  800 / 4000 [ 20%]  (Warmup)
Chain 2: Iteration:  800 / 4000 [ 20%]  (Warmup)
Chain 4: Iteration:  800 / 4000 [ 20%]  (Warmup)
Chain 1: Iteration: 1200 / 4000 [ 30%]  (Warmup)
Chain 3: Iteration: 1200 / 4000 [ 30%]  (Warmup)
Chain 4: Iteration: 1200 / 4000 [ 30%]  (Warmup)
Chain 2: Iteration: 1200 / 4000 [ 30%]  (Warmup)
Chain 1: Iteration: 1600 / 4000 [ 40%]  (Warmup)
Chain 2: Iteration: 1600 / 4000 [ 40%]  (Warmup)
Chain 4: Iteration: 1600 / 4000 [ 40%]  (Warmup)
Chain 3: Iteration: 1600 / 4000 [ 40%]  (Warmup)
Chain 1: Iteration: 2000 / 4000 [ 50%]  (Warmup)
Chain 1: Iteration: 2001 / 4000 [ 50%]  (Sampling)
Chain 2: Iteration: 2000 / 4000 [ 50%]  (Warmup)
Chain 2: Iteration: 2001 / 4000 [ 50%]  (Sampling)
Chain 3: Iteration: 2000 / 4000 [ 50%]  (Warmup)
Chain 3: Iteration: 2001 / 4000 [ 50%]  (Sampling)
Chain 4: Iteration: 2000 / 4000 [ 50%]  (Warmup)
Chain 4: Iteration: 2001 / 4000 [ 50%]  (Sampling)
Chain 1: Iteration: 2400 / 4000 [ 60%]  (Sampling)
Chain 2: Iteration: 2400 / 4000 [ 60%]  (Sampling)
Chain 1: Iteration: 2800 / 4000 [ 70%]  (Sampling)
Chain 3: Iteration: 2400 / 4000 [ 60%]  (Sampling)
Chain 4: Iteration: 2400 / 4000 [ 60%]  (Sampling)
Chain 2: Iteration: 2800 / 4000 [ 70%]  (Sampling)
Chain 1: Iteration: 3200 / 4000 [ 80%]  (Sampling)
Chain 2: Iteration: 3200 / 4000 [ 80%]  (Sampling)
Chain 3: Iteration: 2800 / 4000 [ 70%]  (Sampling)
Chain 4: Iteration: 2800 / 4000 [ 70%]  (Sampling)
Chain 1: Iteration: 3600 / 4000 [ 90%]  (Sampling)
Chain 2: Iteration: 3600 / 4000 [ 90%]  (Sampling)
Chain 1: Iteration: 4000 / 4000 [100%]  (Sampling)
Chain 1: 
Chain 1:  Elapsed Time: 55.946 seconds (Warm-up)
Chain 1:                45.176 seconds (Sampling)
Chain 1:                101.122 seconds (Total)
Chain 1: 
Chain 3: Iteration: 3200 / 4000 [ 80%]  (Sampling)
Chain 4: Iteration: 3200 / 4000 [ 80%]  (Sampling)
Chain 2: Iteration: 4000 / 4000 [100%]  (Sampling)
Chain 2: 
Chain 2:  Elapsed Time: 56.417 seconds (Warm-up)
Chain 2:                49.824 seconds (Sampling)
Chain 2:                106.241 seconds (Total)
Chain 2: 
Chain 3: Iteration: 3600 / 4000 [ 90%]  (Sampling)
Chain 4: Iteration: 3600 / 4000 [ 90%]  (Sampling)
Chain 3: Iteration: 4000 / 4000 [100%]  (Sampling)
Chain 3: 
Chain 3:  Elapsed Time: 60.975 seconds (Warm-up)
Chain 3:                69.067 seconds (Sampling)
Chain 3:                130.042 seconds (Total)
Chain 3: 
Chain 4: Iteration: 4000 / 4000 [100%]  (Sampling)
Chain 4: 
Chain 4:  Elapsed Time: 61.066 seconds (Warm-up)
Chain 4:                71.003 seconds (Sampling)
Chain 4:                132.069 seconds (Total)
Chain 4: 

SAMPLING FOR MODEL 'ratio_v2_joint_bb' NOW (CHAIN 1).

SAMPLING FOR MODEL 'ratio_v2_joint_bb' NOW (CHAIN 2).
Chain 1: 
Chain 1: Gradient evaluation took 0.000991 seconds
Chain 1: 1000 transitions using 10 leapfrog steps per transition would take 9.91 seconds.
Chain 1: Adjust your expectations accordingly!
Chain 1: 
Chain 1: 
Chain 1: Iteration:    1 / 4000 [  0%]  (Warmup)

SAMPLING FOR MODEL 'ratio_v2_joint_bb' NOW (CHAIN 3).
Chain 2: 
Chain 2: Gradient evaluation took 0.001005 seconds
Chain 2: 1000 transitions using 10 leapfrog steps per transition would take 10.05 seconds.
Chain 2: Adjust your expectations accordingly!
Chain 2: 
Chain 2: 
Chain 2: Iteration:    1 / 4000 [  0%]  (Warmup)

SAMPLING FOR MODEL 'ratio_v2_joint_bb' NOW (CHAIN 4).
Chain 3: 
Chain 3: Gradient evaluation took 0.001022 seconds
Chain 3: 1000 transitions using 10 leapfrog steps per transition would take 10.22 seconds.
Chain 3: Adjust your expectations accordingly!
Chain 3: 
Chain 3: 
Chain 3: Iteration:    1 / 4000 [  0%]  (Warmup)
Chain 4: 
Chain 4: Gradient evaluation took 0.000963 seconds
Chain 4: 1000 transitions using 10 leapfrog steps per transition would take 9.63 seconds.
Chain 4: Adjust your expectations accordingly!
Chain 4: 
Chain 4: 
Chain 4: Iteration:    1 / 4000 [  0%]  (Warmup)
Chain 3: Iteration:  400 / 4000 [ 10%]  (Warmup)
Chain 2: Iteration:  400 / 4000 [ 10%]  (Warmup)
Chain 1: Iteration:  400 / 4000 [ 10%]  (Warmup)
Chain 4: Iteration:  400 / 4000 [ 10%]  (Warmup)
Chain 3: Iteration:  800 / 4000 [ 20%]  (Warmup)
Chain 1: Iteration:  800 / 4000 [ 20%]  (Warmup)
Chain 2: Iteration:  800 / 4000 [ 20%]  (Warmup)
Chain 4: Iteration:  800 / 4000 [ 20%]  (Warmup)
Chain 1: Iteration: 1200 / 4000 [ 30%]  (Warmup)
Chain 3: Iteration: 1200 / 4000 [ 30%]  (Warmup)
Chain 2: Iteration: 1200 / 4000 [ 30%]  (Warmup)
Chain 4: Iteration: 1200 / 4000 [ 30%]  (Warmup)
Chain 1: Iteration: 1600 / 4000 [ 40%]  (Warmup)
Chain 2: Iteration: 1600 / 4000 [ 40%]  (Warmup)
Chain 3: Iteration: 1600 / 4000 [ 40%]  (Warmup)
Chain 4: Iteration: 1600 / 4000 [ 40%]  (Warmup)
Chain 2: Iteration: 2000 / 4000 [ 50%]  (Warmup)
Chain 2: Iteration: 2001 / 4000 [ 50%]  (Sampling)
Chain 1: Iteration: 2000 / 4000 [ 50%]  (Warmup)
Chain 1: Iteration: 2001 / 4000 [ 50%]  (Sampling)
Chain 3: Iteration: 2000 / 4000 [ 50%]  (Warmup)
Chain 3: Iteration: 2001 / 4000 [ 50%]  (Sampling)
Chain 4: Iteration: 2000 / 4000 [ 50%]  (Warmup)
Chain 4: Iteration: 2001 / 4000 [ 50%]  (Sampling)
Chain 2: Iteration: 2400 / 4000 [ 60%]  (Sampling)
Chain 4: Iteration: 2400 / 4000 [ 60%]  (Sampling)
Chain 3: Iteration: 2400 / 4000 [ 60%]  (Sampling)
Chain 1: Iteration: 2400 / 4000 [ 60%]  (Sampling)
Chain 2: Iteration: 2800 / 4000 [ 70%]  (Sampling)
Chain 4: Iteration: 2800 / 4000 [ 70%]  (Sampling)
Chain 3: Iteration: 2800 / 4000 [ 70%]  (Sampling)
Chain 4: Iteration: 3200 / 4000 [ 80%]  (Sampling)
Chain 1: Iteration: 2800 / 4000 [ 70%]  (Sampling)
Chain 2: Iteration: 3200 / 4000 [ 80%]  (Sampling)
Chain 4: Iteration: 3600 / 4000 [ 90%]  (Sampling)
Chain 3: Iteration: 3200 / 4000 [ 80%]  (Sampling)
Chain 2: Iteration: 3600 / 4000 [ 90%]  (Sampling)
Chain 4: Iteration: 4000 / 4000 [100%]  (Sampling)
Chain 4: 
Chain 4:  Elapsed Time: 78.564 seconds (Warm-up)
Chain 4:                45.757 seconds (Sampling)
Chain 4:                124.321 seconds (Total)
Chain 4: 
Chain 1: Iteration: 3200 / 4000 [ 80%]  (Sampling)
Chain 3: Iteration: 3600 / 4000 [ 90%]  (Sampling)
Chain 2: Iteration: 4000 / 4000 [100%]  (Sampling)
Chain 2: 
Chain 2:  Elapsed Time: 70.842 seconds (Warm-up)
Chain 2:                62.208 seconds (Sampling)
Chain 2:                133.05 seconds (Total)
Chain 2: 
Chain 3: Iteration: 4000 / 4000 [100%]  (Sampling)
Chain 3: 
Chain 3:  Elapsed Time: 76.498 seconds (Warm-up)
Chain 3:                65.42 seconds (Sampling)
Chain 3:                141.918 seconds (Total)
Chain 3: 
Chain 1: Iteration: 3600 / 4000 [ 90%]  (Sampling)
Chain 1: Iteration: 4000 / 4000 [100%]  (Sampling)
Chain 1: 
Chain 1:  Elapsed Time: 73.067 seconds (Warm-up)
Chain 1:                87.776 seconds (Sampling)
Chain 1:                160.843 seconds (Total)
Chain 1: 

SAMPLING FOR MODEL 'ratio_v2_joint_bb' NOW (CHAIN 1).

SAMPLING FOR MODEL 'ratio_v2_joint_bb' NOW (CHAIN 2).
Chain 1: 
Chain 1: Gradient evaluation took 0.001034 seconds
Chain 1: 1000 transitions using 10 leapfrog steps per transition would take 10.34 seconds.
Chain 1: Adjust your expectations accordingly!
Chain 1: 
Chain 1: 
Chain 1: Iteration:    1 / 4000 [  0%]  (Warmup)

SAMPLING FOR MODEL 'ratio_v2_joint_bb' NOW (CHAIN 3).
Chain 2: 
Chain 2: Gradient evaluation took 0.001072 seconds
Chain 2: 1000 transitions using 10 leapfrog steps per transition would take 10.72 seconds.
Chain 2: Adjust your expectations accordingly!
Chain 2: 
Chain 2: 
Chain 2: Iteration:    1 / 4000 [  0%]  (Warmup)

SAMPLING FOR MODEL 'ratio_v2_joint_bb' NOW (CHAIN 4).
Chain 3: 
Chain 3: Gradient evaluation took 0.00101 seconds
Chain 3: 1000 transitions using 10 leapfrog steps per transition would take 10.1 seconds.
Chain 3: Adjust your expectations accordingly!
Chain 3: 
Chain 3: 
Chain 3: Iteration:    1 / 4000 [  0%]  (Warmup)
Chain 4: 
Chain 4: Gradient evaluation took 0.001035 seconds
Chain 4: 1000 transitions using 10 leapfrog steps per transition would take 10.35 seconds.
Chain 4: Adjust your expectations accordingly!
Chain 4: 
Chain 4: 
Chain 4: Iteration:    1 / 4000 [  0%]  (Warmup)
Chain 3: Iteration:  400 / 4000 [ 10%]  (Warmup)
Chain 2: Iteration:  400 / 4000 [ 10%]  (Warmup)
Chain 1: Iteration:  400 / 4000 [ 10%]  (Warmup)
Chain 4: Iteration:  400 / 4000 [ 10%]  (Warmup)
Chain 2: Iteration:  800 / 4000 [ 20%]  (Warmup)
Chain 3: Iteration:  800 / 4000 [ 20%]  (Warmup)
Chain 1: Iteration:  800 / 4000 [ 20%]  (Warmup)
Chain 4: Iteration:  800 / 4000 [ 20%]  (Warmup)
Chain 3: Iteration: 1200 / 4000 [ 30%]  (Warmup)
Chain 2: Iteration: 1200 / 4000 [ 30%]  (Warmup)
Chain 1: Iteration: 1200 / 4000 [ 30%]  (Warmup)
Chain 4: Iteration: 1200 / 4000 [ 30%]  (Warmup)
Chain 3: Iteration: 1600 / 4000 [ 40%]  (Warmup)
Chain 2: Iteration: 1600 / 4000 [ 40%]  (Warmup)
Chain 1: Iteration: 1600 / 4000 [ 40%]  (Warmup)
Chain 4: Iteration: 1600 / 4000 [ 40%]  (Warmup)
Chain 3: Iteration: 2000 / 4000 [ 50%]  (Warmup)
Chain 3: Iteration: 2001 / 4000 [ 50%]  (Sampling)
Chain 2: Iteration: 2000 / 4000 [ 50%]  (Warmup)
Chain 2: Iteration: 2001 / 4000 [ 50%]  (Sampling)
Chain 1: Iteration: 2000 / 4000 [ 50%]  (Warmup)
Chain 1: Iteration: 2001 / 4000 [ 50%]  (Sampling)
Chain 4: Iteration: 2000 / 4000 [ 50%]  (Warmup)
Chain 4: Iteration: 2001 / 4000 [ 50%]  (Sampling)
Chain 3: Iteration: 2400 / 4000 [ 60%]  (Sampling)
Chain 1: Iteration: 2400 / 4000 [ 60%]  (Sampling)
Chain 2: Iteration: 2400 / 4000 [ 60%]  (Sampling)
Chain 1: Iteration: 2800 / 4000 [ 70%]  (Sampling)
Chain 4: Iteration: 2400 / 4000 [ 60%]  (Sampling)
Chain 3: Iteration: 2800 / 4000 [ 70%]  (Sampling)
Chain 2: Iteration: 2800 / 4000 [ 70%]  (Sampling)
Chain 1: Iteration: 3200 / 4000 [ 80%]  (Sampling)
Chain 3: Iteration: 3200 / 4000 [ 80%]  (Sampling)
Chain 4: Iteration: 2800 / 4000 [ 70%]  (Sampling)
Chain 2: Iteration: 3200 / 4000 [ 80%]  (Sampling)
Chain 1: Iteration: 3600 / 4000 [ 90%]  (Sampling)
Chain 3: Iteration: 3600 / 4000 [ 90%]  (Sampling)
Chain 2: Iteration: 3600 / 4000 [ 90%]  (Sampling)
Chain 4: Iteration: 3200 / 4000 [ 80%]  (Sampling)
Chain 1: Iteration: 4000 / 4000 [100%]  (Sampling)
Chain 1: 
Chain 1:  Elapsed Time: 71.83 seconds (Warm-up)
Chain 1:                71.311 seconds (Sampling)
Chain 1:                143.141 seconds (Total)
Chain 1: 
Chain 3: Iteration: 4000 / 4000 [100%]  (Sampling)
Chain 3: 
Chain 3:  Elapsed Time: 65.129 seconds (Warm-up)
Chain 3:                87.639 seconds (Sampling)
Chain 3:                152.768 seconds (Total)
Chain 3: 
Chain 2: Iteration: 4000 / 4000 [100%]  (Sampling)
Chain 2: 
Chain 2:  Elapsed Time: 69.259 seconds (Warm-up)
Chain 2:                85.593 seconds (Sampling)
Chain 2:                154.852 seconds (Total)
Chain 2: 
Chain 4: Iteration: 3600 / 4000 [ 90%]  (Sampling)
Chain 4: Iteration: 4000 / 4000 [100%]  (Sampling)
Chain 4: 
Chain 4:  Elapsed Time: 80.934 seconds (Warm-up)
Chain 4:                94.271 seconds (Sampling)
Chain 4:                175.205 seconds (Total)
Chain 4: 

SAMPLING FOR MODEL 'ratio_v2_joint_bb' NOW (CHAIN 1).

SAMPLING FOR MODEL 'ratio_v2_joint_bb' NOW (CHAIN 2).

SAMPLING FOR MODEL 'ratio_v2_joint_bb' NOW (CHAIN 3).

SAMPLING FOR MODEL 'ratio_v2_joint_bb' NOW (CHAIN 4).
Chain 1: 
Chain 1: Gradient evaluation took 0.000995 seconds
Chain 1: 1000 transitions using 10 leapfrog steps per transition would take 9.95 seconds.
Chain 1: Adjust your expectations accordingly!
Chain 1: 
Chain 1: 
Chain 1: Iteration:    1 / 4000 [  0%]  (Warmup)
Chain 2: 
Chain 2: Gradient evaluation took 0.001006 seconds
Chain 2: 1000 transitions using 10 leapfrog steps per transition would take 10.06 seconds.
Chain 2: Adjust your expectations accordingly!
Chain 2: 
Chain 2: 
Chain 2: Iteration:    1 / 4000 [  0%]  (Warmup)
Chain 3: 
Chain 3: Gradient evaluation took 0.000964 seconds
Chain 3: 1000 transitions using 10 leapfrog steps per transition would take 9.64 seconds.
Chain 3: Adjust your expectations accordingly!
Chain 3: 
Chain 3: 
Chain 3: Iteration:    1 / 4000 [  0%]  (Warmup)
Chain 4: 
Chain 4: Gradient evaluation took 0.001011 seconds
Chain 4: 1000 transitions using 10 leapfrog steps per transition would take 10.11 seconds.
Chain 4: Adjust your expectations accordingly!
Chain 4: 
Chain 4: 
Chain 4: Iteration:    1 / 4000 [  0%]  (Warmup)
Chain 4: Iteration:  400 / 4000 [ 10%]  (Warmup)
Chain 2: Iteration:  400 / 4000 [ 10%]  (Warmup)
Chain 3: Iteration:  400 / 4000 [ 10%]  (Warmup)
Chain 4: Iteration:  800 / 4000 [ 20%]  (Warmup)
Chain 1: Iteration:  400 / 4000 [ 10%]  (Warmup)
Chain 2: Iteration:  800 / 4000 [ 20%]  (Warmup)
Chain 3: Iteration:  800 / 4000 [ 20%]  (Warmup)
Chain 4: Iteration: 1200 / 4000 [ 30%]  (Warmup)
Chain 1: Iteration:  800 / 4000 [ 20%]  (Warmup)
Chain 2: Iteration: 1200 / 4000 [ 30%]  (Warmup)
Chain 3: Iteration: 1200 / 4000 [ 30%]  (Warmup)
Chain 4: Iteration: 1600 / 4000 [ 40%]  (Warmup)
Chain 1: Iteration: 1200 / 4000 [ 30%]  (Warmup)
Chain 2: Iteration: 1600 / 4000 [ 40%]  (Warmup)
Chain 3: Iteration: 1600 / 4000 [ 40%]  (Warmup)
Chain 4: Iteration: 2000 / 4000 [ 50%]  (Warmup)
Chain 4: Iteration: 2001 / 4000 [ 50%]  (Sampling)
Chain 1: Iteration: 1600 / 4000 [ 40%]  (Warmup)
Chain 2: Iteration: 2000 / 4000 [ 50%]  (Warmup)
Chain 2: Iteration: 2001 / 4000 [ 50%]  (Sampling)
Chain 3: Iteration: 2000 / 4000 [ 50%]  (Warmup)
Chain 3: Iteration: 2001 / 4000 [ 50%]  (Sampling)
Chain 1: Iteration: 2000 / 4000 [ 50%]  (Warmup)
Chain 1: Iteration: 2001 / 4000 [ 50%]  (Sampling)
Chain 4: Iteration: 2400 / 4000 [ 60%]  (Sampling)
Chain 3: Iteration: 2400 / 4000 [ 60%]  (Sampling)
Chain 1: Iteration: 2400 / 4000 [ 60%]  (Sampling)
Chain 2: Iteration: 2400 / 4000 [ 60%]  (Sampling)
Chain 4: Iteration: 2800 / 4000 [ 70%]  (Sampling)
Chain 1: Iteration: 2800 / 4000 [ 70%]  (Sampling)
Chain 3: Iteration: 2800 / 4000 [ 70%]  (Sampling)
Chain 1: Iteration: 3200 / 4000 [ 80%]  (Sampling)
Chain 2: Iteration: 2800 / 4000 [ 70%]  (Sampling)
Chain 4: Iteration: 3200 / 4000 [ 80%]  (Sampling)
Chain 3: Iteration: 3200 / 4000 [ 80%]  (Sampling)
Chain 1: Iteration: 3600 / 4000 [ 90%]  (Sampling)
Chain 3: Iteration: 3600 / 4000 [ 90%]  (Sampling)
Chain 4: Iteration: 3600 / 4000 [ 90%]  (Sampling)
Chain 2: Iteration: 3200 / 4000 [ 80%]  (Sampling)
Chain 1: Iteration: 4000 / 4000 [100%]  (Sampling)
Chain 1: 
Chain 1:  Elapsed Time: 71.556 seconds (Warm-up)
Chain 1:                52.116 seconds (Sampling)
Chain 1:                123.672 seconds (Total)
Chain 1: 
Chain 3: Iteration: 4000 / 4000 [100%]  (Sampling)
Chain 3: 
Chain 3:  Elapsed Time: 67.595 seconds (Warm-up)
Chain 3:                64.056 seconds (Sampling)
Chain 3:                131.651 seconds (Total)
Chain 3: 
Chain 4: Iteration: 4000 / 4000 [100%]  (Sampling)
Chain 4: 
Chain 4:  Elapsed Time: 59.247 seconds (Warm-up)
Chain 4:                75.11 seconds (Sampling)
Chain 4:                134.357 seconds (Total)
Chain 4: 
Chain 2: Iteration: 3600 / 4000 [ 90%]  (Sampling)
Chain 2: Iteration: 4000 / 4000 [100%]  (Sampling)
Chain 2: 
Chain 2:  Elapsed Time: 67.277 seconds (Warm-up)
Chain 2:                90.863 seconds (Sampling)
Chain 2:                158.14 seconds (Total)
Chain 2: 

SAMPLING FOR MODEL 'ratio_v2_joint_bb' NOW (CHAIN 1).
Chain 1: 
Chain 1: Gradient evaluation took 0.000915 seconds
SAMPLING
 FOR MODEL 'ratio_v2_joint_bbChain 1' NOW (CHAIN : 1000 transitions using 10 leapfrog steps per transition would take 9.15 seconds.2).

Chain 1: Adjust your expectations accordingly!
Chain 1: 
Chain 1: 
Chain 1: Iteration:    1 / 4000 [  0%]  (Warmup)
Chain 2: 
Chain 2: Gradient evaluation took 0.000952 seconds
Chain 2: 1000 transitions using 10 leapfrog steps per transition would take 9.52 seconds.
Chain 2: Adjust your expectations accordingly!
Chain 2: 

SAMPLINGChain 2 FOR MODEL 'ratio_v2_joint_bb: 
' NOW (CHAIN 3).
Chain 2: Iteration:    1 / 4000 [  0%]  (Warmup)

SAMPLING FOR MODEL 'ratio_v2_joint_bb' NOW (CHAIN 4).
Chain 3: 
Chain 3: Gradient evaluation took 0.001324 seconds
Chain 3: 1000 transitions using 10 leapfrog steps per transition would take 13.24 seconds.
Chain 3: Adjust your expectations accordingly!
Chain 3: 
Chain 3: 
Chain 3: Iteration:    1 / 4000 [  0%]  (Warmup)
Chain 4: 
Chain 4: Gradient evaluation took 0.002545 seconds
Chain 4: 1000 transitions using 10 leapfrog steps per transition would take 25.45 seconds.
Chain 4: Adjust your expectations accordingly!
Chain 4: 
Chain 4: 
Chain 4: Iteration:    1 / 4000 [  0%]  (Warmup)
Chain 3: Iteration:  400 / 4000 [ 10%]  (Warmup)
Chain 2: Iteration:  400 / 4000 [ 10%]  (Warmup)
Chain 4: Iteration:  400 / 4000 [ 10%]  (Warmup)
Chain 1: Iteration:  400 / 4000 [ 10%]  (Warmup)
Chain 3: Iteration:  800 / 4000 [ 20%]  (Warmup)
Chain 4: Iteration:  800 / 4000 [ 20%]  (Warmup)
Chain 2: Iteration:  800 / 4000 [ 20%]  (Warmup)
Chain 1: Iteration:  800 / 4000 [ 20%]  (Warmup)
Chain 3: Iteration: 1200 / 4000 [ 30%]  (Warmup)
Chain 2: Iteration: 1200 / 4000 [ 30%]  (Warmup)
Chain 4: Iteration: 1200 / 4000 [ 30%]  (Warmup)
Chain 1: Iteration: 1200 / 4000 [ 30%]  (Warmup)
Chain 3: Iteration: 1600 / 4000 [ 40%]  (Warmup)
Chain 2: Iteration: 1600 / 4000 [ 40%]  (Warmup)
Chain 4: Iteration: 1600 / 4000 [ 40%]  (Warmup)
Chain 1: Iteration: 1600 / 4000 [ 40%]  (Warmup)
Chain 3: Iteration: 2000 / 4000 [ 50%]  (Warmup)
Chain 3: Iteration: 2001 / 4000 [ 50%]  (Sampling)
Chain 2: Iteration: 2000 / 4000 [ 50%]  (Warmup)
Chain 2: Iteration: 2001 / 4000 [ 50%]  (Sampling)
Chain 1: Iteration: 2000 / 4000 [ 50%]  (Warmup)
Chain 1: Iteration: 2001 / 4000 [ 50%]  (Sampling)
Chain 4: Iteration: 2000 / 4000 [ 50%]  (Warmup)
Chain 4: Iteration: 2001 / 4000 [ 50%]  (Sampling)
Chain 3: Iteration: 2400 / 4000 [ 60%]  (Sampling)
Chain 1: Iteration: 2400 / 4000 [ 60%]  (Sampling)
Chain 2: Iteration: 2400 / 4000 [ 60%]  (Sampling)
Chain 4: Iteration: 2400 / 4000 [ 60%]  (Sampling)
Chain 1: Iteration: 2800 / 4000 [ 70%]  (Sampling)
Chain 3: Iteration: 2800 / 4000 [ 70%]  (Sampling)
Chain 2: Iteration: 2800 / 4000 [ 70%]  (Sampling)
Chain 1: Iteration: 3200 / 4000 [ 80%]  (Sampling)
Chain 4: Iteration: 2800 / 4000 [ 70%]  (Sampling)
Chain 1: Iteration: 3600 / 4000 [ 90%]  (Sampling)
Chain 2: Iteration: 3200 / 4000 [ 80%]  (Sampling)
Chain 3: Iteration: 3200 / 4000 [ 80%]  (Sampling)
Chain 4: Iteration: 3200 / 4000 [ 80%]  (Sampling)
Chain 1: Iteration: 4000 / 4000 [100%]  (Sampling)
Chain 1: 
Chain 1:  Elapsed Time: 69.594 seconds (Warm-up)
Chain 1:                50.752 seconds (Sampling)
Chain 1:                120.346 seconds (Total)
Chain 1: 
Chain 2: Iteration: 3600 / 4000 [ 90%]  (Sampling)
Chain 3: Iteration: 3600 / 4000 [ 90%]  (Sampling)
Chain 4: Iteration: 3600 / 4000 [ 90%]  (Sampling)
Chain 2: Iteration: 4000 / 4000 [100%]  (Sampling)
Chain 2: 
Chain 2:  Elapsed Time: 63.801 seconds (Warm-up)
Chain 2:                79.636 seconds (Sampling)
Chain 2:                143.437 seconds (Total)
Chain 2: 
Chain 3: Iteration: 4000 / 4000 [100%]  (Sampling)
Chain 3: 
Chain 3:  Elapsed Time: 61.232 seconds (Warm-up)
Chain 3:                84.433 seconds (Sampling)
Chain 3:                145.665 seconds (Total)
Chain 3: 
Chain 4: Iteration: 4000 / 4000 [100%]  (Sampling)
Chain 4: 
Chain 4:  Elapsed Time: 70.707 seconds (Warm-up)
Chain 4:                75.892 seconds (Sampling)
Chain 4:                146.599 seconds (Total)
Chain 4: 

SAMPLING FOR MODEL 'ratio_v2_joint_bb' NOW (CHAIN 1).

SAMPLING FOR MODEL 'ratio_v2_joint_bb' NOW (CHAIN 2).
Chain 1: 
Chain 1: Gradient evaluation took 0.000866 seconds
Chain 1: 1000 transitions using 10 leapfrog steps per transition would take 8.66 seconds.
Chain 1: Adjust your expectations accordingly!
Chain 1: 
Chain 1: 
Chain 1: Iteration:    1 / 4000 [  0%]  (Warmup)

SAMPLING FOR MODEL 'ratio_v2_joint_bb' NOW (CHAIN 3).
Chain 2: 
Chain 2: Gradient evaluation took 0.00087 seconds
Chain 2: 1000 transitions using 10 leapfrog steps per transition would take 8.7 seconds.
Chain 2: Adjust your expectations accordingly!
Chain 2: 
Chain 2: 
Chain 2: Iteration:    1 / 4000 [  0%]  (Warmup)

SAMPLING FOR MODEL 'ratio_v2_joint_bb' NOW (CHAIN 4).
Chain 3: 
Chain 3: Gradient evaluation took 0.00085 seconds
Chain 3: 1000 transitions using 10 leapfrog steps per transition would take 8.5 seconds.
Chain 3: Adjust your expectations accordingly!
Chain 3: 
Chain 3: 
Chain 3: Iteration:    1 / 4000 [  0%]  (Warmup)
Chain 4: 
Chain 4: Gradient evaluation took 0.00086 seconds
Chain 4: 1000 transitions using 10 leapfrog steps per transition would take 8.6 seconds.
Chain 4: Adjust your expectations accordingly!
Chain 4: 
Chain 4: 
Chain 4: Iteration:    1 / 4000 [  0%]  (Warmup)
Chain 4: Iteration:  400 / 4000 [ 10%]  (Warmup)
Chain 1: Iteration:  400 / 4000 [ 10%]  (Warmup)
Chain 3: Iteration:  400 / 4000 [ 10%]  (Warmup)
Chain 2: Iteration:  400 / 4000 [ 10%]  (Warmup)
Chain 4: Iteration:  800 / 4000 [ 20%]  (Warmup)
Chain 1: Iteration:  800 / 4000 [ 20%]  (Warmup)
Chain 2: Iteration:  800 / 4000 [ 20%]  (Warmup)
Chain 3: Iteration:  800 / 4000 [ 20%]  (Warmup)
Chain 4: Iteration: 1200 / 4000 [ 30%]  (Warmup)
Chain 2: Iteration: 1200 / 4000 [ 30%]  (Warmup)
Chain 1: Iteration: 1200 / 4000 [ 30%]  (Warmup)
Chain 3: Iteration: 1200 / 4000 [ 30%]  (Warmup)
Chain 4: Iteration: 1600 / 4000 [ 40%]  (Warmup)
Chain 1: Iteration: 1600 / 4000 [ 40%]  (Warmup)
Chain 2: Iteration: 1600 / 4000 [ 40%]  (Warmup)
Chain 3: Iteration: 1600 / 4000 [ 40%]  (Warmup)
Chain 4: Iteration: 2000 / 4000 [ 50%]  (Warmup)
Chain 4: Iteration: 2001 / 4000 [ 50%]  (Sampling)
Chain 2: Iteration: 2000 / 4000 [ 50%]  (Warmup)
Chain 2: Iteration: 2001 / 4000 [ 50%]  (Sampling)
Chain 1: Iteration: 2000 / 4000 [ 50%]  (Warmup)
Chain 1: Iteration: 2001 / 4000 [ 50%]  (Sampling)
Chain 4: Iteration: 2400 / 4000 [ 60%]  (Sampling)
Chain 3: Iteration: 2000 / 4000 [ 50%]  (Warmup)
Chain 3: Iteration: 2001 / 4000 [ 50%]  (Sampling)
Chain 4: Iteration: 2800 / 4000 [ 70%]  (Sampling)
Chain 2: Iteration: 2400 / 4000 [ 60%]  (Sampling)
Chain 1: Iteration: 2400 / 4000 [ 60%]  (Sampling)
Chain 3: Iteration: 2400 / 4000 [ 60%]  (Sampling)
Chain 4: Iteration: 3200 / 4000 [ 80%]  (Sampling)
Chain 2: Iteration: 2800 / 4000 [ 70%]  (Sampling)
Chain 4: Iteration: 3600 / 4000 [ 90%]  (Sampling)
Chain 3: Iteration: 2800 / 4000 [ 70%]  (Sampling)
Chain 1: Iteration: 2800 / 4000 [ 70%]  (Sampling)
Chain 4: Iteration: 4000 / 4000 [100%]  (Sampling)
Chain 4: 
Chain 4:  Elapsed Time: 56.146 seconds (Warm-up)
Chain 4:                42.048 seconds (Sampling)
Chain 4:                98.194 seconds (Total)
Chain 4: 
Chain 2: Iteration: 3200 / 4000 [ 80%]  (Sampling)
Chain 3: Iteration: 3200 / 4000 [ 80%]  (Sampling)
Chain 1: Iteration: 3200 / 4000 [ 80%]  (Sampling)
Chain 2: Iteration: 3600 / 4000 [ 90%]  (Sampling)
Chain 3: Iteration: 3600 / 4000 [ 90%]  (Sampling)
Chain 1: Iteration: 3600 / 4000 [ 90%]  (Sampling)
Chain 2: Iteration: 4000 / 4000 [100%]  (Sampling)
Chain 2: 
Chain 2:  Elapsed Time: 63.829 seconds (Warm-up)
Chain 2:                62.548 seconds (Sampling)
Chain 2:                126.377 seconds (Total)
Chain 2: 
Chain 3: Iteration: 4000 / 4000 [100%]  (Sampling)
Chain 3: 
Chain 3:  Elapsed Time: 65.517 seconds (Warm-up)
Chain 3:                63.017 seconds (Sampling)
Chain 3:                128.534 seconds (Total)
Chain 3: 
Chain 1: Iteration: 4000 / 4000 [100%]  (Sampling)
Chain 1: 
Chain 1:  Elapsed Time: 64.54 seconds (Warm-up)
Chain 1:                68.05 seconds (Sampling)
Chain 1:                132.59 seconds (Total)
Chain 1: 

SAMPLING FOR MODEL 'ratio_v2_joint_bb' NOW (CHAIN 1).
Chain 1: 

SAMPLING FOR MODEL 'Chain 1ratio_v2_joint_bb' NOW (CHAIN : Gradient evaluation took 0.000952 seconds2).

Chain 1: 1000 transitions using 10 leapfrog steps per transition would take 9.52 seconds.
Chain 1: Adjust your expectations accordingly!
Chain 1: 
Chain 1: 
Chain 1: Iteration:    1 / 4000 [  0%]  (Warmup)
Chain 2: 
Chain 2
: Gradient evaluation took 0.000934 secondsSAMPLING FOR MODEL '
ratio_v2_joint_bb' NOW (CHAIN Chain 23).
: 1000 transitions using 10 leapfrog steps per transition would take 9.34 seconds.
Chain 2: Adjust your expectations accordingly!
Chain 2: 
Chain 2: 
Chain 2: Iteration:    1 / 4000 [  0%]  (Warmup)

SAMPLING FOR MODEL 'ratio_v2_joint_bb' NOW (CHAIN 4).
Chain 3: 
Chain 3: Gradient evaluation took 0.000877 seconds
Chain 3: 1000 transitions using 10 leapfrog steps per transition would take 8.77 seconds.
Chain 3: Adjust your expectations accordingly!
Chain 3: 
Chain 3: 
Chain 3: Iteration:    1 / 4000 [  0%]  (Warmup)
Chain 4: 
Chain 4: Gradient evaluation took 0.000855 seconds
Chain 4: 1000 transitions using 10 leapfrog steps per transition would take 8.55 seconds.
Chain 4: Adjust your expectations accordingly!
Chain 4: 
Chain 4: 
Chain 4: Iteration:    1 / 4000 [  0%]  (Warmup)
Chain 3: Iteration:  400 / 4000 [ 10%]  (Warmup)
Chain 4: Iteration:  400 / 4000 [ 10%]  (Warmup)
Chain 2: Iteration:  400 / 4000 [ 10%]  (Warmup)
Chain 1: Iteration:  400 / 4000 [ 10%]  (Warmup)
Chain 2: Iteration:  800 / 4000 [ 20%]  (Warmup)
Chain 3: Iteration:  800 / 4000 [ 20%]  (Warmup)
Chain 4: Iteration:  800 / 4000 [ 20%]  (Warmup)
Chain 1: Iteration:  800 / 4000 [ 20%]  (Warmup)
Chain 2: Iteration: 1200 / 4000 [ 30%]  (Warmup)
Chain 4: Iteration: 1200 / 4000 [ 30%]  (Warmup)
Chain 3: Iteration: 1200 / 4000 [ 30%]  (Warmup)
Chain 1: Iteration: 1200 / 4000 [ 30%]  (Warmup)
Chain 3: Iteration: 1600 / 4000 [ 40%]  (Warmup)
Chain 2: Iteration: 1600 / 4000 [ 40%]  (Warmup)
Chain 1: Iteration: 1600 / 4000 [ 40%]  (Warmup)
Chain 4: Iteration: 1600 / 4000 [ 40%]  (Warmup)
Chain 3: Iteration: 2000 / 4000 [ 50%]  (Warmup)
Chain 3: Iteration: 2001 / 4000 [ 50%]  (Sampling)
Chain 1: Iteration: 2000 / 4000 [ 50%]  (Warmup)
Chain 1: Iteration: 2001 / 4000 [ 50%]  (Sampling)
Chain 4: Iteration: 2000 / 4000 [ 50%]  (Warmup)
Chain 4: Iteration: 2001 / 4000 [ 50%]  (Sampling)
Chain 2: Iteration: 2000 / 4000 [ 50%]  (Warmup)
Chain 2: Iteration: 2001 / 4000 [ 50%]  (Sampling)
Chain 4: Iteration: 2400 / 4000 [ 60%]  (Sampling)
Chain 3: Iteration: 2400 / 4000 [ 60%]  (Sampling)
Chain 1: Iteration: 2400 / 4000 [ 60%]  (Sampling)
Chain 2: Iteration: 2400 / 4000 [ 60%]  (Sampling)
Chain 4: Iteration: 2800 / 4000 [ 70%]  (Sampling)
Chain 3: Iteration: 2800 / 4000 [ 70%]  (Sampling)
Chain 1: Iteration: 2800 / 4000 [ 70%]  (Sampling)
Chain 4: Iteration: 3200 / 4000 [ 80%]  (Sampling)
Chain 2: Iteration: 2800 / 4000 [ 70%]  (Sampling)
Chain 3: Iteration: 3200 / 4000 [ 80%]  (Sampling)
Chain 1: Iteration: 3200 / 4000 [ 80%]  (Sampling)
Chain 4: Iteration: 3600 / 4000 [ 90%]  (Sampling)
Chain 2: Iteration: 3200 / 4000 [ 80%]  (Sampling)
Chain 3: Iteration: 3600 / 4000 [ 90%]  (Sampling)
Chain 4: Iteration: 4000 / 4000 [100%]  (Sampling)
Chain 4: 
Chain 4:  Elapsed Time: 69.019 seconds (Warm-up)
Chain 4:                62.82 seconds (Sampling)
Chain 4:                131.839 seconds (Total)
Chain 4: 
Chain 1: Iteration: 3600 / 4000 [ 90%]  (Sampling)
Chain 2: Iteration: 3600 / 4000 [ 90%]  (Sampling)
Chain 3: Iteration: 4000 / 4000 [100%]  (Sampling)
Chain 3: 
Chain 3:  Elapsed Time: 65.739 seconds (Warm-up)
Chain 3:                81.858 seconds (Sampling)
Chain 3:                147.597 seconds (Total)
Chain 3: 
Chain 1: Iteration: 4000 / 4000 [100%]  (Sampling)
Chain 1: 
Chain 1:  Elapsed Time: 66.261 seconds (Warm-up)
Chain 1:                84.016 seconds (Sampling)
Chain 1:                150.277 seconds (Total)
Chain 1: 
Chain 2: Iteration: 4000 / 4000 [100%]  (Sampling)
Chain 2: 
Chain 2:  Elapsed Time: 69.352 seconds (Warm-up)
Chain 2:                94.441 seconds (Sampling)
Chain 2:                163.793 seconds (Total)
Chain 2: 

SAMPLING FOR MODEL 'ratio_v2_joint_bb' NOW (CHAIN 1).

SAMPLING FOR MODEL 'ratio_v2_joint_bb' NOW (CHAIN 2).
Chain 1: 
Chain 1: Gradient evaluation took 0.000959 seconds
Chain 1: 1000 transitions using 10 leapfrog steps per transition would take 9.59 seconds.
Chain 1: Adjust your expectations accordingly!
Chain 1: 
Chain 1: 
Chain 1: Iteration:    1 / 4000 [  0%]  (Warmup)

SAMPLING FOR MODEL 'ratio_v2_joint_bb' NOW (CHAIN 3).
Chain 2: 
Chain 2: Gradient evaluation took 0.000983 seconds
Chain 2: 1000 transitions using 10 leapfrog steps per transition would take 9.83 seconds.
Chain 2: Adjust your expectations accordingly!
Chain 2: 
Chain 2: 
Chain 2: Iteration:    1 / 4000 [  0%]  (Warmup)

SAMPLING FOR MODEL 'ratio_v2_joint_bb' NOW (CHAIN 4).
Chain 3: 
Chain 3: Gradient evaluation took 0.000954 seconds
Chain 3: 1000 transitions using 10 leapfrog steps per transition would take 9.54 seconds.
Chain 3: Adjust your expectations accordingly!
Chain 3: 
Chain 3: 
Chain 3: Iteration:    1 / 4000 [  0%]  (Warmup)
Chain 4: 
Chain 4: Gradient evaluation took 0.001009 seconds
Chain 4: 1000 transitions using 10 leapfrog steps per transition would take 10.09 seconds.
Chain 4: Adjust your expectations accordingly!
Chain 4: 
Chain 4: 
Chain 4: Iteration:    1 / 4000 [  0%]  (Warmup)
Chain 2: Iteration:  400 / 4000 [ 10%]  (Warmup)
Chain 3: Iteration:  400 / 4000 [ 10%]  (Warmup)
Chain 1: Iteration:  400 / 4000 [ 10%]  (Warmup)
Chain 4: Iteration:  400 / 4000 [ 10%]  (Warmup)
Chain 1: Iteration:  800 / 4000 [ 20%]  (Warmup)
Chain 2: Iteration:  800 / 4000 [ 20%]  (Warmup)
Chain 3: Iteration:  800 / 4000 [ 20%]  (Warmup)
Chain 4: Iteration:  800 / 4000 [ 20%]  (Warmup)
Chain 1: Iteration: 1200 / 4000 [ 30%]  (Warmup)
Chain 3: Iteration: 1200 / 4000 [ 30%]  (Warmup)
Chain 2: Iteration: 1200 / 4000 [ 30%]  (Warmup)
Chain 4: Iteration: 1200 / 4000 [ 30%]  (Warmup)
Chain 3: Iteration: 1600 / 4000 [ 40%]  (Warmup)
Chain 1: Iteration: 1600 / 4000 [ 40%]  (Warmup)
Chain 2: Iteration: 1600 / 4000 [ 40%]  (Warmup)
Chain 4: Iteration: 1600 / 4000 [ 40%]  (Warmup)
Chain 3: Iteration: 2000 / 4000 [ 50%]  (Warmup)
Chain 3: Iteration: 2001 / 4000 [ 50%]  (Sampling)
Chain 4: Iteration: 2000 / 4000 [ 50%]  (Warmup)
Chain 4: Iteration: 2001 / 4000 [ 50%]  (Sampling)
Chain 1: Iteration: 2000 / 4000 [ 50%]  (Warmup)
Chain 1: Iteration: 2001 / 4000 [ 50%]  (Sampling)
Chain 2: Iteration: 2000 / 4000 [ 50%]  (Warmup)
Chain 2: Iteration: 2001 / 4000 [ 50%]  (Sampling)
Chain 3: Iteration: 2400 / 4000 [ 60%]  (Sampling)
Chain 4: Iteration: 2400 / 4000 [ 60%]  (Sampling)
Chain 2: Iteration: 2400 / 4000 [ 60%]  (Sampling)
Chain 3: Iteration: 2800 / 4000 [ 70%]  (Sampling)
Chain 1: Iteration: 2400 / 4000 [ 60%]  (Sampling)
Chain 2: Iteration: 2800 / 4000 [ 70%]  (Sampling)
Chain 4: Iteration: 2800 / 4000 [ 70%]  (Sampling)
Chain 3: Iteration: 3200 / 4000 [ 80%]  (Sampling)
Chain 2: Iteration: 3200 / 4000 [ 80%]  (Sampling)
Chain 4: Iteration: 3200 / 4000 [ 80%]  (Sampling)
Chain 3: Iteration: 3600 / 4000 [ 90%]  (Sampling)
Chain 1: Iteration: 2800 / 4000 [ 70%]  (Sampling)
Chain 2: Iteration: 3600 / 4000 [ 90%]  (Sampling)
Chain 4: Iteration: 3600 / 4000 [ 90%]  (Sampling)
Chain 3: Iteration: 4000 / 4000 [100%]  (Sampling)
Chain 3: 
Chain 3:  Elapsed Time: 75.26 seconds (Warm-up)
Chain 3:                88.055 seconds (Sampling)
Chain 3:                163.315 seconds (Total)
Chain 3: 
Chain 2: Iteration: 4000 / 4000 [100%]  (Sampling)
Chain 2: 
Chain 2:  Elapsed Time: 87.281 seconds (Warm-up)
Chain 2:                81.84 seconds (Sampling)
Chain 2:                169.121 seconds (Total)
Chain 2: 
Chain 4: Iteration: 4000 / 4000 [100%]  (Sampling)
Chain 4: 
Chain 4:  Elapsed Time: 84.191 seconds (Warm-up)
Chain 4:                87.271 seconds (Sampling)
Chain 4:                171.462 seconds (Total)
Chain 4: 
Chain 1: Iteration: 3200 / 4000 [ 80%]  (Sampling)
Chain 1: Iteration: 3600 / 4000 [ 90%]  (Sampling)
Chain 1: Iteration: 4000 / 4000 [100%]  (Sampling)
Chain 1: 
Chain 1:  Elapsed Time: 85.62 seconds (Warm-up)
Chain 1:                162.014 seconds (Sampling)
Chain 1:                247.634 seconds (Total)
Chain 1: 

SAMPLING FOR MODEL 'ratio_v2_joint_bb' NOW (CHAIN 1).

SAMPLING FOR MODEL 'ratio_v2_joint_bb' NOW (CHAIN 2).

SAMPLING FOR MODEL 'ratio_v2_joint_bb' NOW (CHAIN 3).

SAMPLING FOR MODEL 'ratio_v2_joint_bb' NOW (CHAIN 4).
Chain 1: 
Chain 1: Gradient evaluation took 0.00097 seconds
Chain 1: 1000 transitions using 10 leapfrog steps per transition would take 9.7 seconds.
Chain 1: Adjust your expectations accordingly!
Chain 1: 
Chain 1: 
Chain 1: Iteration:    1 / 4000 [  0%]  (Warmup)
Chain 2: 
Chain 2: Gradient evaluation took 0.00097 seconds
Chain 2: 1000 transitions using 10 leapfrog steps per transition would take 9.7 seconds.
Chain 2: Adjust your expectations accordingly!
Chain 2: 
Chain 2: 
Chain 2: Iteration:    1 / 4000 [  0%]  (Warmup)
Chain 3: 
Chain 3: Gradient evaluation took 0.001199 seconds
Chain 3: 1000 transitions using 10 leapfrog steps per transition would take 11.99 seconds.
Chain 3: Adjust your expectations accordingly!
Chain 3: 
Chain 3: 
Chain 3: Iteration:    1 / 4000 [  0%]  (Warmup)
Chain 4: 
Chain 4: Gradient evaluation took 0.000974 seconds
Chain 4: 1000 transitions using 10 leapfrog steps per transition would take 9.74 seconds.
Chain 4: Adjust your expectations accordingly!
Chain 4: 
Chain 4: 
Chain 4: Iteration:    1 / 4000 [  0%]  (Warmup)
Chain 2: Iteration:  400 / 4000 [ 10%]  (Warmup)
Chain 3: Iteration:  400 / 4000 [ 10%]  (Warmup)
Chain 4: Iteration:  400 / 4000 [ 10%]  (Warmup)
Chain 1: Iteration:  400 / 4000 [ 10%]  (Warmup)
Chain 2: Iteration:  800 / 4000 [ 20%]  (Warmup)
Chain 3: Iteration:  800 / 4000 [ 20%]  (Warmup)
Chain 1: Iteration:  800 / 4000 [ 20%]  (Warmup)
Chain 4: Iteration:  800 / 4000 [ 20%]  (Warmup)
Chain 2: Iteration: 1200 / 4000 [ 30%]  (Warmup)
Chain 3: Iteration: 1200 / 4000 [ 30%]  (Warmup)
Chain 1: Iteration: 1200 / 4000 [ 30%]  (Warmup)
Chain 4: Iteration: 1200 / 4000 [ 30%]  (Warmup)
Chain 2: Iteration: 1600 / 4000 [ 40%]  (Warmup)
Chain 3: Iteration: 1600 / 4000 [ 40%]  (Warmup)
Chain 1: Iteration: 1600 / 4000 [ 40%]  (Warmup)
Chain 4: Iteration: 1600 / 4000 [ 40%]  (Warmup)
Chain 3: Iteration: 2000 / 4000 [ 50%]  (Warmup)
Chain 3: Iteration: 2001 / 4000 [ 50%]  (Sampling)
Chain 2: Iteration: 2000 / 4000 [ 50%]  (Warmup)
Chain 2: Iteration: 2001 / 4000 [ 50%]  (Sampling)
Chain 1: Iteration: 2000 / 4000 [ 50%]  (Warmup)
Chain 1: Iteration: 2001 / 4000 [ 50%]  (Sampling)
Chain 4: Iteration: 2000 / 4000 [ 50%]  (Warmup)
Chain 4: Iteration: 2001 / 4000 [ 50%]  (Sampling)
Chain 3: Iteration: 2400 / 4000 [ 60%]  (Sampling)
Chain 2: Iteration: 2400 / 4000 [ 60%]  (Sampling)
Chain 1: Iteration: 2400 / 4000 [ 60%]  (Sampling)
Chain 4: Iteration: 2400 / 4000 [ 60%]  (Sampling)
Chain 3: Iteration: 2800 / 4000 [ 70%]  (Sampling)
Chain 2: Iteration: 2800 / 4000 [ 70%]  (Sampling)
Chain 4: Iteration: 2800 / 4000 [ 70%]  (Sampling)
Chain 1: Iteration: 2800 / 4000 [ 70%]  (Sampling)
Chain 3: Iteration: 3200 / 4000 [ 80%]  (Sampling)
Chain 2: Iteration: 3200 / 4000 [ 80%]  (Sampling)
Chain 4: Iteration: 3200 / 4000 [ 80%]  (Sampling)
Chain 1: Iteration: 3200 / 4000 [ 80%]  (Sampling)
Chain 3: Iteration: 3600 / 4000 [ 90%]  (Sampling)
Chain 2: Iteration: 3600 / 4000 [ 90%]  (Sampling)
Chain 4: Iteration: 3600 / 4000 [ 90%]  (Sampling)
Chain 1: Iteration: 3600 / 4000 [ 90%]  (Sampling)
Chain 3: Iteration: 4000 / 4000 [100%]  (Sampling)
Chain 3: 
Chain 3:  Elapsed Time: 59.389 seconds (Warm-up)
Chain 3:                65.777 seconds (Sampling)
Chain 3:                125.166 seconds (Total)
Chain 3: 
Chain 2: Iteration: 4000 / 4000 [100%]  (Sampling)
Chain 2: 
Chain 2:  Elapsed Time: 59.958 seconds (Warm-up)
Chain 2:                73.243 seconds (Sampling)
Chain 2:                133.201 seconds (Total)
Chain 2: 
Chain 4: Iteration: 4000 / 4000 [100%]  (Sampling)
Chain 4: 
Chain 4:  Elapsed Time: 65.621 seconds (Warm-up)
Chain 4:                67.919 seconds (Sampling)
Chain 4:                133.54 seconds (Total)
Chain 4: 
Chain 1: Iteration: 4000 / 4000 [100%]  (Sampling)
Chain 1: 
Chain 1:  Elapsed Time: 63.545 seconds (Warm-up)
Chain 1:                77.046 seconds (Sampling)
Chain 1:                140.591 seconds (Total)
Chain 1: 

SAMPLING FOR MODEL 'ratio_v2_joint_bb' NOW (CHAIN 1).

SAMPLING FOR MODEL 'ratio_v2_joint_bb' NOW (CHAIN 2).
Chain 1: 
Chain 1: Gradient evaluation took 0.000899 seconds
Chain 1: 1000 transitions using 10 leapfrog steps per transition would take 8.99 seconds.
Chain 1: Adjust your expectations accordingly!
Chain 1: 
Chain 1: 
Chain 1: Iteration:    1 / 4000 [  0%]  (Warmup)

SAMPLING FOR MODEL 'ratio_v2_joint_bb' NOW (CHAIN 3).
Chain 2: 
Chain 2: Gradient evaluation took 0.000957 seconds
Chain 2: 1000 transitions using 10 leapfrog steps per transition would take 9.57 seconds.
Chain 2: Adjust your expectations accordingly!
Chain 2: 
Chain 2: 
Chain 2: Iteration:    1 / 4000 [  0%]  (Warmup)

SAMPLING FOR MODEL 'ratio_v2_joint_bb' NOW (CHAIN 4).
Chain 3: 
Chain 3: Gradient evaluation took 0.000889 seconds
Chain 3: 1000 transitions using 10 leapfrog steps per transition would take 8.89 seconds.
Chain 3: Adjust your expectations accordingly!
Chain 3: 
Chain 3: 
Chain 3: Iteration:    1 / 4000 [  0%]  (Warmup)
Chain 4: 
Chain 4: Gradient evaluation took 0.000909 seconds
Chain 4: 1000 transitions using 10 leapfrog steps per transition would take 9.09 seconds.
Chain 4: Adjust your expectations accordingly!
Chain 4: 
Chain 4: 
Chain 4: Iteration:    1 / 4000 [  0%]  (Warmup)
Chain 3: Iteration:  400 / 4000 [ 10%]  (Warmup)
Chain 4: Iteration:  400 / 4000 [ 10%]  (Warmup)
Chain 1: Iteration:  400 / 4000 [ 10%]  (Warmup)
Chain 2: Iteration:  400 / 4000 [ 10%]  (Warmup)
Chain 3: Iteration:  800 / 4000 [ 20%]  (Warmup)
Chain 4: Iteration:  800 / 4000 [ 20%]  (Warmup)
Chain 1: Iteration:  800 / 4000 [ 20%]  (Warmup)
Chain 2: Iteration:  800 / 4000 [ 20%]  (Warmup)
Chain 3: Iteration: 1200 / 4000 [ 30%]  (Warmup)
Chain 4: Iteration: 1200 / 4000 [ 30%]  (Warmup)
Chain 1: Iteration: 1200 / 4000 [ 30%]  (Warmup)
Chain 2: Iteration: 1200 / 4000 [ 30%]  (Warmup)
Chain 3: Iteration: 1600 / 4000 [ 40%]  (Warmup)
Chain 4: Iteration: 1600 / 4000 [ 40%]  (Warmup)
Chain 1: Iteration: 1600 / 4000 [ 40%]  (Warmup)
Chain 2: Iteration: 1600 / 4000 [ 40%]  (Warmup)
Chain 4: Iteration: 2000 / 4000 [ 50%]  (Warmup)
Chain 4: Iteration: 2001 / 4000 [ 50%]  (Sampling)
Chain 3: Iteration: 2000 / 4000 [ 50%]  (Warmup)
Chain 3: Iteration: 2001 / 4000 [ 50%]  (Sampling)
Chain 1: Iteration: 2000 / 4000 [ 50%]  (Warmup)
Chain 1: Iteration: 2001 / 4000 [ 50%]  (Sampling)
Chain 2: Iteration: 2000 / 4000 [ 50%]  (Warmup)
Chain 2: Iteration: 2001 / 4000 [ 50%]  (Sampling)
Chain 4: Iteration: 2400 / 4000 [ 60%]  (Sampling)
Chain 1: Iteration: 2400 / 4000 [ 60%]  (Sampling)
Chain 3: Iteration: 2400 / 4000 [ 60%]  (Sampling)
Chain 2: Iteration: 2400 / 4000 [ 60%]  (Sampling)
Chain 4: Iteration: 2800 / 4000 [ 70%]  (Sampling)
Chain 1: Iteration: 2800 / 4000 [ 70%]  (Sampling)
Chain 4: Iteration: 3200 / 4000 [ 80%]  (Sampling)
Chain 2: Iteration: 2800 / 4000 [ 70%]  (Sampling)
Chain 3: Iteration: 2800 / 4000 [ 70%]  (Sampling)
Chain 1: Iteration: 3200 / 4000 [ 80%]  (Sampling)
Chain 4: Iteration: 3600 / 4000 [ 90%]  (Sampling)
Chain 2: Iteration: 3200 / 4000 [ 80%]  (Sampling)
Chain 1: Iteration: 3600 / 4000 [ 90%]  (Sampling)
Chain 3: Iteration: 3200 / 4000 [ 80%]  (Sampling)
Chain 4: Iteration: 4000 / 4000 [100%]  (Sampling)
Chain 4: 
Chain 4:  Elapsed Time: 58.922 seconds (Warm-up)
Chain 4:                58.87 seconds (Sampling)
Chain 4:                117.792 seconds (Total)
Chain 4: 
Chain 2: Iteration: 3600 / 4000 [ 90%]  (Sampling)
Chain 1: Iteration: 4000 / 4000 [100%]  (Sampling)
Chain 1: 
Chain 1:  Elapsed Time: 63.179 seconds (Warm-up)
Chain 1:                64.799 seconds (Sampling)
Chain 1:                127.978 seconds (Total)
Chain 1: 
Chain 3: Iteration: 3600 / 4000 [ 90%]  (Sampling)
Chain 2: Iteration: 4000 / 4000 [100%]  (Sampling)
Chain 2: 
Chain 2:  Elapsed Time: 69.727 seconds (Warm-up)
Chain 2:                64.431 seconds (Sampling)
Chain 2:                134.158 seconds (Total)
Chain 2: 
Chain 3: Iteration: 4000 / 4000 [100%]  (Sampling)
Chain 3: 
Chain 3:  Elapsed Time: 62.345 seconds (Warm-up)
Chain 3:                89.265 seconds (Sampling)
Chain 3:                151.61 seconds (Total)
Chain 3: 

SAMPLING FOR MODEL 'ratio_v2_joint_bb' NOW (CHAIN 1).
Chain 1: 
Chain 1: Gradient evaluation took 0.000929 seconds
Chain 1: 1000 transitions using 10 leapfrog steps per transition would take 9.29 seconds.
Chain 1: Adjust your expectations accordingly!
Chain 1: 
Chain 1: 

SAMPLING FOR MODEL 'ratio_v2_joint_bb' NOW (CHAIN 2).
Chain 1: Iteration:    1 / 4000 [  0%]  (Warmup)
Chain 2: 
Chain 2: Gradient evaluation took 0.000911 seconds
Chain 2: 1000 transitions using 10 leapfrog steps per transition would take 9.11 seconds.
Chain 2: Adjust your expectations accordingly!
Chain 2: 

SAMPLINGChain 2 FOR MODEL 'ratio_v2_joint_bb: 
' NOW (CHAIN 3).
Chain 2: Iteration:    1 / 4000 [  0%]  (Warmup)
Chain 3: 
Chain 3: Gradient evaluation took 0.000883 seconds
Chain 3: 
SAMPLING1000 transitions using 10 leapfrog steps per transition would take 8.83 seconds.
 FOR MODEL 'Chain 3ratio_v2_joint_bb' NOW (CHAIN : Adjust your expectations accordingly!4).

Chain 3: 
Chain 3: 
Chain 3: Iteration:    1 / 4000 [  0%]  (Warmup)
Chain 4: 
Chain 4: Gradient evaluation took 0.000892 seconds
Chain 4: 1000 transitions using 10 leapfrog steps per transition would take 8.92 seconds.
Chain 4: Adjust your expectations accordingly!
Chain 4: 
Chain 4: 
Chain 4: Iteration:    1 / 4000 [  0%]  (Warmup)
Chain 1: Iteration:  400 / 4000 [ 10%]  (Warmup)
Chain 3: Iteration:  400 / 4000 [ 10%]  (Warmup)
Chain 4: Iteration:  400 / 4000 [ 10%]  (Warmup)
Chain 2: Iteration:  400 / 4000 [ 10%]  (Warmup)
Chain 1: Iteration:  800 / 4000 [ 20%]  (Warmup)
Chain 3: Iteration:  800 / 4000 [ 20%]  (Warmup)
Chain 2: Iteration:  800 / 4000 [ 20%]  (Warmup)
Chain 4: Iteration:  800 / 4000 [ 20%]  (Warmup)
Chain 1: Iteration: 1200 / 4000 [ 30%]  (Warmup)
Chain 3: Iteration: 1200 / 4000 [ 30%]  (Warmup)
Chain 2: Iteration: 1200 / 4000 [ 30%]  (Warmup)
Chain 1: Iteration: 1600 / 4000 [ 40%]  (Warmup)
Chain 4: Iteration: 1200 / 4000 [ 30%]  (Warmup)
Chain 3: Iteration: 1600 / 4000 [ 40%]  (Warmup)
Chain 2: Iteration: 1600 / 4000 [ 40%]  (Warmup)
Chain 4: Iteration: 1600 / 4000 [ 40%]  (Warmup)
Chain 1: Iteration: 2000 / 4000 [ 50%]  (Warmup)
Chain 1: Iteration: 2001 / 4000 [ 50%]  (Sampling)
Chain 3: Iteration: 2000 / 4000 [ 50%]  (Warmup)
Chain 3: Iteration: 2001 / 4000 [ 50%]  (Sampling)
Chain 2: Iteration: 2000 / 4000 [ 50%]  (Warmup)
Chain 2: Iteration: 2001 / 4000 [ 50%]  (Sampling)
Chain 4: Iteration: 2000 / 4000 [ 50%]  (Warmup)
Chain 4: Iteration: 2001 / 4000 [ 50%]  (Sampling)
Chain 1: Iteration: 2400 / 4000 [ 60%]  (Sampling)
Chain 3: Iteration: 2400 / 4000 [ 60%]  (Sampling)
Chain 4: Iteration: 2400 / 4000 [ 60%]  (Sampling)
Chain 2: Iteration: 2400 / 4000 [ 60%]  (Sampling)
Chain 1: Iteration: 2800 / 4000 [ 70%]  (Sampling)
Chain 3: Iteration: 2800 / 4000 [ 70%]  (Sampling)
Chain 4: Iteration: 2800 / 4000 [ 70%]  (Sampling)
Chain 1: Iteration: 3200 / 4000 [ 80%]  (Sampling)
Chain 2: Iteration: 2800 / 4000 [ 70%]  (Sampling)
Chain 3: Iteration: 3200 / 4000 [ 80%]  (Sampling)
Chain 4: Iteration: 3200 / 4000 [ 80%]  (Sampling)
Chain 1: Iteration: 3600 / 4000 [ 90%]  (Sampling)
Chain 2: Iteration: 3200 / 4000 [ 80%]  (Sampling)
Chain 3: Iteration: 3600 / 4000 [ 90%]  (Sampling)
Chain 4: Iteration: 3600 / 4000 [ 90%]  (Sampling)
Chain 1: Iteration: 4000 / 4000 [100%]  (Sampling)
Chain 1: 
Chain 1:  Elapsed Time: 59.741 seconds (Warm-up)
Chain 1:                75.207 seconds (Sampling)
Chain 1:                134.948 seconds (Total)
Chain 1: 
Chain 3: Iteration: 4000 / 4000 [100%]  (Sampling)
Chain 3: 
Chain 3:  Elapsed Time: 65.007 seconds (Warm-up)
Chain 3:                73.451 seconds (Sampling)
Chain 3:                138.458 seconds (Total)
Chain 3: 
Chain 2: Iteration: 3600 / 4000 [ 90%]  (Sampling)
Chain 4: Iteration: 4000 / 4000 [100%]  (Sampling)
Chain 4: 
Chain 4:  Elapsed Time: 70.063 seconds (Warm-up)
Chain 4:                74.788 seconds (Sampling)
Chain 4:                144.851 seconds (Total)
Chain 4: 
Chain 2: Iteration: 4000 / 4000 [100%]  (Sampling)
Chain 2: 
Chain 2:  Elapsed Time: 68.978 seconds (Warm-up)
Chain 2:                91.982 seconds (Sampling)
Chain 2:                160.96 seconds (Total)
Chain 2: 

SAMPLING FOR MODEL 'ratio_v2_joint_bb' NOW (CHAIN 1).

SAMPLING FOR MODEL 'ratio_v2_joint_bb' NOW (CHAIN 2).
Chain 1: 
Chain 1: Gradient evaluation took 0.001045 seconds
Chain 1: 1000 transitions using 10 leapfrog steps per transition would take 10.45 seconds.
Chain 1: Adjust your expectations accordingly!
Chain 1: 
Chain 1: 
Chain 1: Iteration:    1 / 4000 [  0%]  (Warmup)

SAMPLING FOR MODEL 'ratio_v2_joint_bb' NOW (CHAIN 3).
Chain 2: 
Chain 2: Gradient evaluation took 0.00108 seconds
Chain 2: 1000 transitions using 10 leapfrog steps per transition would take 10.8 seconds.
Chain 2: Adjust your expectations accordingly!
Chain 2: 
Chain 2: 
Chain 2: Iteration:    1 / 4000 [  0%]  (Warmup)

SAMPLING FOR MODEL 'ratio_v2_joint_bb' NOW (CHAIN 4).
Chain 3: 
Chain 3: Gradient evaluation took 0.001055 seconds
Chain 3: 1000 transitions using 10 leapfrog steps per transition would take 10.55 seconds.
Chain 3: Adjust your expectations accordingly!
Chain 3: 
Chain 3: 
Chain 3: Iteration:    1 / 4000 [  0%]  (Warmup)
Chain 4: 
Chain 4: Gradient evaluation took 0.001062 seconds
Chain 4: 1000 transitions using 10 leapfrog steps per transition would take 10.62 seconds.
Chain 4: Adjust your expectations accordingly!
Chain 4: 
Chain 4: 
Chain 4: Iteration:    1 / 4000 [  0%]  (Warmup)
Chain 2: Iteration:  400 / 4000 [ 10%]  (Warmup)
Chain 1: Iteration:  400 / 4000 [ 10%]  (Warmup)
Chain 3: Iteration:  400 / 4000 [ 10%]  (Warmup)
Chain 2: Iteration:  800 / 4000 [ 20%]  (Warmup)
Chain 1: Iteration:  800 / 4000 [ 20%]  (Warmup)
Chain 4: Iteration:  400 / 4000 [ 10%]  (Warmup)
Chain 3: Iteration:  800 / 4000 [ 20%]  (Warmup)
Chain 1: Iteration: 1200 / 4000 [ 30%]  (Warmup)
Chain 4: Iteration:  800 / 4000 [ 20%]  (Warmup)
Chain 2: Iteration: 1200 / 4000 [ 30%]  (Warmup)
Chain 1: Iteration: 1600 / 4000 [ 40%]  (Warmup)
Chain 3: Iteration: 1200 / 4000 [ 30%]  (Warmup)
Chain 2: Iteration: 1600 / 4000 [ 40%]  (Warmup)
Chain 4: Iteration: 1200 / 4000 [ 30%]  (Warmup)
Chain 1: Iteration: 2000 / 4000 [ 50%]  (Warmup)
Chain 1: Iteration: 2001 / 4000 [ 50%]  (Sampling)
Chain 3: Iteration: 1600 / 4000 [ 40%]  (Warmup)
Chain 4: Iteration: 1600 / 4000 [ 40%]  (Warmup)
Chain 2: Iteration: 2000 / 4000 [ 50%]  (Warmup)
Chain 2: Iteration: 2001 / 4000 [ 50%]  (Sampling)
Chain 1: Iteration: 2400 / 4000 [ 60%]  (Sampling)
Chain 3: Iteration: 2000 / 4000 [ 50%]  (Warmup)
Chain 3: Iteration: 2001 / 4000 [ 50%]  (Sampling)
Chain 4: Iteration: 2000 / 4000 [ 50%]  (Warmup)
Chain 4: Iteration: 2001 / 4000 [ 50%]  (Sampling)
Chain 2: Iteration: 2400 / 4000 [ 60%]  (Sampling)
Chain 3: Iteration: 2400 / 4000 [ 60%]  (Sampling)
Chain 1: Iteration: 2800 / 4000 [ 70%]  (Sampling)
Chain 4: Iteration: 2400 / 4000 [ 60%]  (Sampling)
Chain 2: Iteration: 2800 / 4000 [ 70%]  (Sampling)
Chain 3: Iteration: 2800 / 4000 [ 70%]  (Sampling)
Chain 1: Iteration: 3200 / 4000 [ 80%]  (Sampling)
Chain 4: Iteration: 2800 / 4000 [ 70%]  (Sampling)
Chain 2: Iteration: 3200 / 4000 [ 80%]  (Sampling)
Chain 3: Iteration: 3200 / 4000 [ 80%]  (Sampling)
Chain 4: Iteration: 3200 / 4000 [ 80%]  (Sampling)
Chain 1: Iteration: 3600 / 4000 [ 90%]  (Sampling)
Chain 2: Iteration: 3600 / 4000 [ 90%]  (Sampling)
Chain 4: Iteration: 3600 / 4000 [ 90%]  (Sampling)
Chain 3: Iteration: 3600 / 4000 [ 90%]  (Sampling)
Chain 1: Iteration: 4000 / 4000 [100%]  (Sampling)
Chain 1: 
Chain 1:  Elapsed Time: 68.006 seconds (Warm-up)
Chain 1:                93.43 seconds (Sampling)
Chain 1:                161.436 seconds (Total)
Chain 1: 
Chain 2: Iteration: 4000 / 4000 [100%]  (Sampling)
Chain 2: 
Chain 2:  Elapsed Time: 74.107 seconds (Warm-up)
Chain 2:                92.014 seconds (Sampling)
Chain 2:                166.121 seconds (Total)
Chain 2: 
Chain 4: Iteration: 4000 / 4000 [100%]  (Sampling)
Chain 4: 
Chain 4:  Elapsed Time: 86.855 seconds (Warm-up)
Chain 4:                87.074 seconds (Sampling)
Chain 4:                173.929 seconds (Total)
Chain 4: 
Chain 3: Iteration: 4000 / 4000 [100%]  (Sampling)
Chain 3: 
Chain 3:  Elapsed Time: 86.597 seconds (Warm-up)
Chain 3:                90.284 seconds (Sampling)
Chain 3:                176.881 seconds (Total)
Chain 3: 

SAMPLING FOR MODEL 'ratio_v2_joint_bb' NOW (CHAIN 1).

SAMPLING FOR MODEL 'ratio_v2_joint_bb' NOW (CHAIN 2).
Chain 1: 
Chain 1: Gradient evaluation took 0.000923 seconds
Chain 1: 1000 transitions using 10 leapfrog steps per transition would take 9.23 seconds.
Chain 1: Adjust your expectations accordingly!
Chain 1: 
Chain 1: 
Chain 1: Iteration:    1 / 4000 [  0%]  (Warmup)

SAMPLING FOR MODEL 'ratio_v2_joint_bb' NOW (CHAIN 3).
Chain 2: 
Chain 2: Gradient evaluation took 0.000968 seconds
Chain 2: 1000 transitions using 10 leapfrog steps per transition would take 9.68 seconds.
Chain 2: Adjust your expectations accordingly!
Chain 2: 
Chain 2: 
Chain 2: Iteration:    1 / 4000 [  0%]  (Warmup)

SAMPLING FOR MODEL 'ratio_v2_joint_bb' NOW (CHAIN 4).
Chain 3: 
Chain 3: Gradient evaluation took 0.000863 seconds
Chain 3: 1000 transitions using 10 leapfrog steps per transition would take 8.63 seconds.
Chain 3: Adjust your expectations accordingly!
Chain 3: 
Chain 3: 
Chain 3: Iteration:    1 / 4000 [  0%]  (Warmup)
Chain 4: 
Chain 4: Gradient evaluation took 0.00108 seconds
Chain 4: 1000 transitions using 10 leapfrog steps per transition would take 10.8 seconds.
Chain 4: Adjust your expectations accordingly!
Chain 4: 
Chain 4: 
Chain 4: Iteration:    1 / 4000 [  0%]  (Warmup)
Chain 4: Iteration:  400 / 4000 [ 10%]  (Warmup)
Chain 1: Iteration:  400 / 4000 [ 10%]  (Warmup)
Chain 3: Iteration:  400 / 4000 [ 10%]  (Warmup)
Chain 2: Iteration:  400 / 4000 [ 10%]  (Warmup)
Chain 4: Iteration:  800 / 4000 [ 20%]  (Warmup)
Chain 3: Iteration:  800 / 4000 [ 20%]  (Warmup)
Chain 1: Iteration:  800 / 4000 [ 20%]  (Warmup)
Chain 2: Iteration:  800 / 4000 [ 20%]  (Warmup)
Chain 4: Iteration: 1200 / 4000 [ 30%]  (Warmup)
Chain 3: Iteration: 1200 / 4000 [ 30%]  (Warmup)
Chain 2: Iteration: 1200 / 4000 [ 30%]  (Warmup)
Chain 1: Iteration: 1200 / 4000 [ 30%]  (Warmup)
Chain 4: Iteration: 1600 / 4000 [ 40%]  (Warmup)
Chain 3: Iteration: 1600 / 4000 [ 40%]  (Warmup)
Chain 2: Iteration: 1600 / 4000 [ 40%]  (Warmup)
Chain 1: Iteration: 1600 / 4000 [ 40%]  (Warmup)
Chain 4: Iteration: 2000 / 4000 [ 50%]  (Warmup)
Chain 3: Iteration: 2000 / 4000 [ 50%]  (Warmup)
Chain 4: Iteration: 2001 / 4000 [ 50%]  (Sampling)
Chain 3: Iteration: 2001 / 4000 [ 50%]  (Sampling)
Chain 2: Iteration: 2000 / 4000 [ 50%]  (Warmup)
Chain 2: Iteration: 2001 / 4000 [ 50%]  (Sampling)
Chain 1: Iteration: 2000 / 4000 [ 50%]  (Warmup)
Chain 1: Iteration: 2001 / 4000 [ 50%]  (Sampling)
Chain 3: Iteration: 2400 / 4000 [ 60%]  (Sampling)
Chain 2: Iteration: 2400 / 4000 [ 60%]  (Sampling)
Chain 4: Iteration: 2400 / 4000 [ 60%]  (Sampling)
Chain 3: Iteration: 2800 / 4000 [ 70%]  (Sampling)
Chain 2: Iteration: 2800 / 4000 [ 70%]  (Sampling)
Chain 1: Iteration: 2400 / 4000 [ 60%]  (Sampling)
Chain 3: Iteration: 3200 / 4000 [ 80%]  (Sampling)
Chain 2: Iteration: 3200 / 4000 [ 80%]  (Sampling)
Chain 4: Iteration: 2800 / 4000 [ 70%]  (Sampling)
Chain 3: Iteration: 3600 / 4000 [ 90%]  (Sampling)
Chain 2: Iteration: 3600 / 4000 [ 90%]  (Sampling)
Chain 1: Iteration: 2800 / 4000 [ 70%]  (Sampling)
Chain 3: Iteration: 4000 / 4000 [100%]  (Sampling)
Chain 3: 
Chain 3:  Elapsed Time: 68.002 seconds (Warm-up)
Chain 3:                50.239 seconds (Sampling)
Chain 3:                118.241 seconds (Total)
Chain 3: 
Chain 2: Iteration: 4000 / 4000 [100%]  (Sampling)
Chain 2: 
Chain 2:  Elapsed Time: 72.151 seconds (Warm-up)
Chain 2:                48.242 seconds (Sampling)
Chain 2:                120.393 seconds (Total)
Chain 2: 
Chain 4: Iteration: 3200 / 4000 [ 80%]  (Sampling)
Chain 1: Iteration: 3200 / 4000 [ 80%]  (Sampling)
Chain 4: Iteration: 3600 / 4000 [ 90%]  (Sampling)
Chain 1: Iteration: 3600 / 4000 [ 90%]  (Sampling)
Chain 4: Iteration: 4000 / 4000 [100%]  (Sampling)
Chain 4: 
Chain 4:  Elapsed Time: 67.904 seconds (Warm-up)
Chain 4:                91.893 seconds (Sampling)
Chain 4:                159.797 seconds (Total)
Chain 4: 
Chain 1: Iteration: 4000 / 4000 [100%]  (Sampling)
Chain 1: 
Chain 1:  Elapsed Time: 77.942 seconds (Warm-up)
Chain 1:                91.711 seconds (Sampling)
Chain 1:                169.653 seconds (Total)
Chain 1: 

SAMPLING FOR MODEL 'ratio_v2_joint_bb' NOW (CHAIN 1).

SAMPLING FOR MODEL 'ratio_v2_joint_bb' NOW (CHAIN 2).
Chain 1: 
Chain 1: Gradient evaluation took 0.00102 seconds
Chain 1: 1000 transitions using 10 leapfrog steps per transition would take 10.2 seconds.
Chain 1: Adjust your expectations accordingly!
Chain 1: 
Chain 1: 
Chain 1: Iteration:    1 / 4000 [  0%]  (Warmup)

SAMPLING FOR MODEL 'ratio_v2_joint_bb' NOW (CHAIN 3).
Chain 2: 
Chain 2: Gradient evaluation took 0.000955 seconds
Chain 2: 1000 transitions using 10 leapfrog steps per transition would take 9.55 seconds.
Chain 2: Adjust your expectations accordingly!
Chain 2: 
Chain 2: 
Chain 2: Iteration:    1 / 4000 [  0%]  (Warmup)

SAMPLING FOR MODEL 'ratio_v2_joint_bb' NOW (CHAIN 4).
Chain 3: 
Chain 3: Gradient evaluation took 0.000883 seconds
Chain 3: 1000 transitions using 10 leapfrog steps per transition would take 8.83 seconds.
Chain 3: Adjust your expectations accordingly!
Chain 3: 
Chain 3: 
Chain 3: Iteration:    1 / 4000 [  0%]  (Warmup)
Chain 4: 
Chain 4: Gradient evaluation took 0.00093 seconds
Chain 4: 1000 transitions using 10 leapfrog steps per transition would take 9.3 seconds.
Chain 4: Adjust your expectations accordingly!
Chain 4: 
Chain 4: 
Chain 4: Iteration:    1 / 4000 [  0%]  (Warmup)
Chain 4: Iteration:  400 / 4000 [ 10%]  (Warmup)
Chain 1: Iteration:  400 / 4000 [ 10%]  (Warmup)
Chain 3: Iteration:  400 / 4000 [ 10%]  (Warmup)
Chain 2: Iteration:  400 / 4000 [ 10%]  (Warmup)
Chain 1: Iteration:  800 / 4000 [ 20%]  (Warmup)
Chain 3: Iteration:  800 / 4000 [ 20%]  (Warmup)
Chain 4: Iteration:  800 / 4000 [ 20%]  (Warmup)
Chain 2: Iteration:  800 / 4000 [ 20%]  (Warmup)
Chain 3: Iteration: 1200 / 4000 [ 30%]  (Warmup)
Chain 1: Iteration: 1200 / 4000 [ 30%]  (Warmup)
Chain 2: Iteration: 1200 / 4000 [ 30%]  (Warmup)
Chain 4: Iteration: 1200 / 4000 [ 30%]  (Warmup)
Chain 3: Iteration: 1600 / 4000 [ 40%]  (Warmup)
Chain 1: Iteration: 1600 / 4000 [ 40%]  (Warmup)
Chain 2: Iteration: 1600 / 4000 [ 40%]  (Warmup)
Chain 4: Iteration: 1600 / 4000 [ 40%]  (Warmup)
Chain 3: Iteration: 2000 / 4000 [ 50%]  (Warmup)
Chain 3: Iteration: 2001 / 4000 [ 50%]  (Sampling)
Chain 1: Iteration: 2000 / 4000 [ 50%]  (Warmup)
Chain 1: Iteration: 2001 / 4000 [ 50%]  (Sampling)
Chain 2: Iteration: 2000 / 4000 [ 50%]  (Warmup)
Chain 2: Iteration: 2001 / 4000 [ 50%]  (Sampling)
Chain 4: Iteration: 2000 / 4000 [ 50%]  (Warmup)
Chain 4: Iteration: 2001 / 4000 [ 50%]  (Sampling)
Chain 3: Iteration: 2400 / 4000 [ 60%]  (Sampling)
Chain 1: Iteration: 2400 / 4000 [ 60%]  (Sampling)
Chain 4: Iteration: 2400 / 4000 [ 60%]  (Sampling)
Chain 2: Iteration: 2400 / 4000 [ 60%]  (Sampling)
Chain 4: Iteration: 2800 / 4000 [ 70%]  (Sampling)
Chain 3: Iteration: 2800 / 4000 [ 70%]  (Sampling)
Chain 1: Iteration: 2800 / 4000 [ 70%]  (Sampling)
Chain 4: Iteration: 3200 / 4000 [ 80%]  (Sampling)
Chain 2: Iteration: 2800 / 4000 [ 70%]  (Sampling)
Chain 4: Iteration: 3600 / 4000 [ 90%]  (Sampling)
Chain 3: Iteration: 3200 / 4000 [ 80%]  (Sampling)
Chain 1: Iteration: 3200 / 4000 [ 80%]  (Sampling)
Chain 2: Iteration: 3200 / 4000 [ 80%]  (Sampling)
Chain 4: Iteration: 4000 / 4000 [100%]  (Sampling)
Chain 4: 
Chain 4:  Elapsed Time: 67.012 seconds (Warm-up)
Chain 4:                43.425 seconds (Sampling)
Chain 4:                110.437 seconds (Total)
Chain 4: 
Chain 3: Iteration: 3600 / 4000 [ 90%]  (Sampling)
Chain 1: Iteration: 3600 / 4000 [ 90%]  (Sampling)
Chain 2: Iteration: 3600 / 4000 [ 90%]  (Sampling)
Chain 3: Iteration: 4000 / 4000 [100%]  (Sampling)
Chain 3: 
Chain 3:  Elapsed Time: 58.426 seconds (Warm-up)
Chain 3:                76.753 seconds (Sampling)
Chain 3:                135.179 seconds (Total)
Chain 3: 
Chain 2: Iteration: 4000 / 4000 [100%]  (Sampling)
Chain 2: 
Chain 2:  Elapsed Time: 64.301 seconds (Warm-up)
Chain 2:                74.84 seconds (Sampling)
Chain 2:                139.141 seconds (Total)
Chain 2: 
Chain 1: Iteration: 4000 / 4000 [100%]  (Sampling)
Chain 1: 
Chain 1:  Elapsed Time: 60.105 seconds (Warm-up)
Chain 1:                79.818 seconds (Sampling)
Chain 1:                139.923 seconds (Total)
Chain 1: 

SAMPLING FOR MODEL 'ratio_v2_joint_bb' NOW (CHAIN 1).

SAMPLING FOR MODEL 'ratio_v2_joint_bb' NOW (CHAIN 2).
Chain 1: 
Chain 1: Gradient evaluation took 0.001 seconds
Chain 1: 1000 transitions using 10 leapfrog steps per transition would take 10 seconds.
Chain 1: Adjust your expectations accordingly!
Chain 1: 
Chain 1: 
Chain 1: Iteration:    1 / 4000 [  0%]  (Warmup)

SAMPLING FOR MODEL 'ratio_v2_joint_bb' NOW (CHAIN 3).
Chain 2: 
Chain 2: Gradient evaluation took 0.001051 seconds
Chain 2: 1000 transitions using 10 leapfrog steps per transition would take 10.51 seconds.
Chain 2: Adjust your expectations accordingly!
Chain 2: 
Chain 2: 
Chain 2: Iteration:    1 / 4000 [  0%]  (Warmup)

SAMPLING FOR MODEL 'ratio_v2_joint_bb' NOW (CHAIN 4).
Chain 3: 
Chain 3: Gradient evaluation took 0.001011 seconds
Chain 3: 1000 transitions using 10 leapfrog steps per transition would take 10.11 seconds.
Chain 3: Adjust your expectations accordingly!
Chain 3: 
Chain 3: 
Chain 3: Iteration:    1 / 4000 [  0%]  (Warmup)
Chain 4: 
Chain 4: Gradient evaluation took 0.000984 seconds
Chain 4: 1000 transitions using 10 leapfrog steps per transition would take 9.84 seconds.
Chain 4: Adjust your expectations accordingly!
Chain 4: 
Chain 4: 
Chain 4: Iteration:    1 / 4000 [  0%]  (Warmup)
Chain 1: Iteration:  400 / 4000 [ 10%]  (Warmup)
Chain 2: Iteration:  400 / 4000 [ 10%]  (Warmup)
Chain 4: Iteration:  400 / 4000 [ 10%]  (Warmup)
Chain 3: Iteration:  400 / 4000 [ 10%]  (Warmup)
Chain 1: Iteration:  800 / 4000 [ 20%]  (Warmup)
Chain 2: Iteration:  800 / 4000 [ 20%]  (Warmup)
Chain 4: Iteration:  800 / 4000 [ 20%]  (Warmup)
Chain 3: Iteration:  800 / 4000 [ 20%]  (Warmup)
Chain 1: Iteration: 1200 / 4000 [ 30%]  (Warmup)
Chain 4: Iteration: 1200 / 4000 [ 30%]  (Warmup)
Chain 2: Iteration: 1200 / 4000 [ 30%]  (Warmup)
Chain 3: Iteration: 1200 / 4000 [ 30%]  (Warmup)
Chain 1: Iteration: 1600 / 4000 [ 40%]  (Warmup)
Chain 2: Iteration: 1600 / 4000 [ 40%]  (Warmup)
Chain 4: Iteration: 1600 / 4000 [ 40%]  (Warmup)
Chain 3: Iteration: 1600 / 4000 [ 40%]  (Warmup)
Chain 1: Iteration: 2000 / 4000 [ 50%]  (Warmup)
Chain 1: Iteration: 2001 / 4000 [ 50%]  (Sampling)
Chain 2: Iteration: 2000 / 4000 [ 50%]  (Warmup)
Chain 2: Iteration: 2001 / 4000 [ 50%]  (Sampling)
Chain 3: Iteration: 2000 / 4000 [ 50%]  (Warmup)
Chain 3: Iteration: 2001 / 4000 [ 50%]  (Sampling)
Chain 4: Iteration: 2000 / 4000 [ 50%]  (Warmup)
Chain 4: Iteration: 2001 / 4000 [ 50%]  (Sampling)
Chain 2: Iteration: 2400 / 4000 [ 60%]  (Sampling)
Chain 3: Iteration: 2400 / 4000 [ 60%]  (Sampling)
Chain 1: Iteration: 2400 / 4000 [ 60%]  (Sampling)
Chain 4: Iteration: 2400 / 4000 [ 60%]  (Sampling)
Chain 3: Iteration: 2800 / 4000 [ 70%]  (Sampling)
Chain 2: Iteration: 2800 / 4000 [ 70%]  (Sampling)
Chain 4: Iteration: 2800 / 4000 [ 70%]  (Sampling)
Chain 1: Iteration: 2800 / 4000 [ 70%]  (Sampling)
Chain 3: Iteration: 3200 / 4000 [ 80%]  (Sampling)
Chain 2: Iteration: 3200 / 4000 [ 80%]  (Sampling)
Chain 4: Iteration: 3200 / 4000 [ 80%]  (Sampling)
Chain 3: Iteration: 3600 / 4000 [ 90%]  (Sampling)
Chain 1: Iteration: 3200 / 4000 [ 80%]  (Sampling)
Chain 2: Iteration: 3600 / 4000 [ 90%]  (Sampling)
Chain 4: Iteration: 3600 / 4000 [ 90%]  (Sampling)
Chain 3: Iteration: 4000 / 4000 [100%]  (Sampling)
Chain 3: 
Chain 3:  Elapsed Time: 65.104 seconds (Warm-up)
Chain 3:                43.856 seconds (Sampling)
Chain 3:                108.96 seconds (Total)
Chain 3: 
Chain 2: Iteration: 4000 / 4000 [100%]  (Sampling)
Chain 2: 
Chain 2:  Elapsed Time: 64.507 seconds (Warm-up)
Chain 2:                46.295 seconds (Sampling)
Chain 2:                110.802 seconds (Total)
Chain 2: 
Chain 1: Iteration: 3600 / 4000 [ 90%]  (Sampling)
Chain 4: Iteration: 4000 / 4000 [100%]  (Sampling)
Chain 4: 
Chain 4:  Elapsed Time: 67.489 seconds (Warm-up)
Chain 4:                47.248 seconds (Sampling)
Chain 4:                114.737 seconds (Total)
Chain 4: 
Chain 1: Iteration: 4000 / 4000 [100%]  (Sampling)
Chain 1: 
Chain 1:  Elapsed Time: 61.02 seconds (Warm-up)
Chain 1:                66.531 seconds (Sampling)
Chain 1:                127.551 seconds (Total)
Chain 1: 

SAMPLING FOR MODEL 'ratio_v2_joint_bb' NOW (CHAIN 1).

SAMPLING FOR MODEL 'ratio_v2_joint_bb' NOW (CHAIN 2).
Chain 1: 
Chain 1: Gradient evaluation took 0.000952 seconds
Chain 1: 1000 transitions using 10 leapfrog steps per transition would take 9.52 seconds.
Chain 1: Adjust your expectations accordingly!
Chain 1: 
Chain 1: 
Chain 1: Iteration:    1 / 4000 [  0%]  (Warmup)

SAMPLING FOR MODEL 'ratio_v2_joint_bb' NOW (CHAIN 3).
Chain 2: 
Chain 2: Gradient evaluation took 0.00101 seconds
Chain 2: 1000 transitions using 10 leapfrog steps per transition would take 10.1 seconds.
Chain 2: Adjust your expectations accordingly!
Chain 2: 
Chain 2: 
Chain 2: Iteration:    1 / 4000 [  0%]  (Warmup)

SAMPLING FOR MODEL 'ratio_v2_joint_bb' NOW (CHAIN 4).
Chain 3: 
Chain 3: Gradient evaluation took 0.001148 seconds
Chain 3: 1000 transitions using 10 leapfrog steps per transition would take 11.48 seconds.
Chain 3: Adjust your expectations accordingly!
Chain 3: 
Chain 3: 
Chain 3: Iteration:    1 / 4000 [  0%]  (Warmup)
Chain 4: 
Chain 4: Gradient evaluation took 0.000953 seconds
Chain 4: 1000 transitions using 10 leapfrog steps per transition would take 9.53 seconds.
Chain 4: Adjust your expectations accordingly!
Chain 4: 
Chain 4: 
Chain 4: Iteration:    1 / 4000 [  0%]  (Warmup)
Chain 2: Iteration:  400 / 4000 [ 10%]  (Warmup)
Chain 4: Iteration:  400 / 4000 [ 10%]  (Warmup)
Chain 3: Iteration:  400 / 4000 [ 10%]  (Warmup)
Chain 1: Iteration:  400 / 4000 [ 10%]  (Warmup)
Chain 2: Iteration:  800 / 4000 [ 20%]  (Warmup)
Chain 4: Iteration:  800 / 4000 [ 20%]  (Warmup)
Chain 3: Iteration:  800 / 4000 [ 20%]  (Warmup)
Chain 1: Iteration:  800 / 4000 [ 20%]  (Warmup)
Chain 2: Iteration: 1200 / 4000 [ 30%]  (Warmup)
Chain 4: Iteration: 1200 / 4000 [ 30%]  (Warmup)
Chain 3: Iteration: 1200 / 4000 [ 30%]  (Warmup)
Chain 1: Iteration: 1200 / 4000 [ 30%]  (Warmup)
Chain 2: Iteration: 1600 / 4000 [ 40%]  (Warmup)
Chain 4: Iteration: 1600 / 4000 [ 40%]  (Warmup)
Chain 3: Iteration: 1600 / 4000 [ 40%]  (Warmup)
Chain 1: Iteration: 1600 / 4000 [ 40%]  (Warmup)
Chain 2: Iteration: 2000 / 4000 [ 50%]  (Warmup)
Chain 2: Iteration: 2001 / 4000 [ 50%]  (Sampling)
Chain 3: Iteration: 2000 / 4000 [ 50%]  (Warmup)
Chain 3: Iteration: 2001 / 4000 [ 50%]  (Sampling)
Chain 4: Iteration: 2000 / 4000 [ 50%]  (Warmup)
Chain 4: Iteration: 2001 / 4000 [ 50%]  (Sampling)
Chain 1: Iteration: 2000 / 4000 [ 50%]  (Warmup)
Chain 1: Iteration: 2001 / 4000 [ 50%]  (Sampling)
Chain 2: Iteration: 2400 / 4000 [ 60%]  (Sampling)
Chain 3: Iteration: 2400 / 4000 [ 60%]  (Sampling)
Chain 4: Iteration: 2400 / 4000 [ 60%]  (Sampling)
Chain 1: Iteration: 2400 / 4000 [ 60%]  (Sampling)
Chain 2: Iteration: 2800 / 4000 [ 70%]  (Sampling)
Chain 3: Iteration: 2800 / 4000 [ 70%]  (Sampling)
Chain 4: Iteration: 2800 / 4000 [ 70%]  (Sampling)
Chain 2: Iteration: 3200 / 4000 [ 80%]  (Sampling)
Chain 3: Iteration: 3200 / 4000 [ 80%]  (Sampling)
Chain 4: Iteration: 3200 / 4000 [ 80%]  (Sampling)
Chain 1: Iteration: 2800 / 4000 [ 70%]  (Sampling)
Chain 3: Iteration: 3600 / 4000 [ 90%]  (Sampling)
Chain 2: Iteration: 3600 / 4000 [ 90%]  (Sampling)
Chain 4: Iteration: 3600 / 4000 [ 90%]  (Sampling)
Chain 1: Iteration: 3200 / 4000 [ 80%]  (Sampling)
Chain 3: Iteration: 4000 / 4000 [100%]  (Sampling)
Chain 3: 
Chain 3:  Elapsed Time: 62.03 seconds (Warm-up)
Chain 3:                71.423 seconds (Sampling)
Chain 3:                133.453 seconds (Total)
Chain 3: 
Chain 2: Iteration: 4000 / 4000 [100%]  (Sampling)
Chain 2: 
Chain 2:  Elapsed Time: 61.016 seconds (Warm-up)
Chain 2:                72.736 seconds (Sampling)
Chain 2:                133.752 seconds (Total)
Chain 2: 
Chain 4: Iteration: 4000 / 4000 [100%]  (Sampling)
Chain 4: 
Chain 4:  Elapsed Time: 62.077 seconds (Warm-up)
Chain 4:                75.054 seconds (Sampling)
Chain 4:                137.131 seconds (Total)
Chain 4: 
Chain 1: Iteration: 3600 / 4000 [ 90%]  (Sampling)
Chain 1: Iteration: 4000 / 4000 [100%]  (Sampling)
Chain 1: 
Chain 1:  Elapsed Time: 65.522 seconds (Warm-up)
Chain 1:                113.809 seconds (Sampling)
Chain 1:                179.331 seconds (Total)
Chain 1: 

SAMPLING FOR MODEL 'ratio_v2_joint_bb' NOW (CHAIN 1).

SAMPLING FOR MODEL 'ratio_v2_joint_bb' NOW (CHAIN 2).
Chain 1: 
Chain 1: Gradient evaluation took 0.000843 seconds
Chain 1: 1000 transitions using 10 leapfrog steps per transition would take 8.43 seconds.
Chain 1: Adjust your expectations accordingly!
Chain 1: 
Chain 1: 
Chain 1: Iteration:    1 / 4000 [  0%]  (Warmup)

SAMPLING FOR MODEL 'ratio_v2_joint_bb' NOW (CHAIN 3).
Chain 2: 
Chain 2: Gradient evaluation took 0.000896 seconds
Chain 2: 1000 transitions using 10 leapfrog steps per transition would take 8.96 seconds.
Chain 2: Adjust your expectations accordingly!
Chain 2: 
Chain 2: 
Chain 2: Iteration:    1 / 4000 [  0%]  (Warmup)

SAMPLING FOR MODEL 'ratio_v2_joint_bb' NOW (CHAIN 4).
Chain 3: 
Chain 3: Gradient evaluation took 0.000859 seconds
Chain 3: 1000 transitions using 10 leapfrog steps per transition would take 8.59 seconds.
Chain 3: Adjust your expectations accordingly!
Chain 3: 
Chain 3: 
Chain 3: Iteration:    1 / 4000 [  0%]  (Warmup)
Chain 4: 
Chain 4: Gradient evaluation took 0.000861 seconds
Chain 4: 1000 transitions using 10 leapfrog steps per transition would take 8.61 seconds.
Chain 4: Adjust your expectations accordingly!
Chain 4: 
Chain 4: 
Chain 4: Iteration:    1 / 4000 [  0%]  (Warmup)
Chain 1: Iteration:  400 / 4000 [ 10%]  (Warmup)
Chain 3: Iteration:  400 / 4000 [ 10%]  (Warmup)
Chain 4: Iteration:  400 / 4000 [ 10%]  (Warmup)
Chain 2: Iteration:  400 / 4000 [ 10%]  (Warmup)
Chain 1: Iteration:  800 / 4000 [ 20%]  (Warmup)
Chain 3: Iteration:  800 / 4000 [ 20%]  (Warmup)
Chain 4: Iteration:  800 / 4000 [ 20%]  (Warmup)
Chain 2: Iteration:  800 / 4000 [ 20%]  (Warmup)
Chain 1: Iteration: 1200 / 4000 [ 30%]  (Warmup)
Chain 3: Iteration: 1200 / 4000 [ 30%]  (Warmup)
Chain 4: Iteration: 1200 / 4000 [ 30%]  (Warmup)
Chain 2: Iteration: 1200 / 4000 [ 30%]  (Warmup)
Chain 1: Iteration: 1600 / 4000 [ 40%]  (Warmup)
Chain 3: Iteration: 1600 / 4000 [ 40%]  (Warmup)
Chain 2: Iteration: 1600 / 4000 [ 40%]  (Warmup)
Chain 4: Iteration: 1600 / 4000 [ 40%]  (Warmup)
Chain 3: Iteration: 2000 / 4000 [ 50%]  (Warmup)
Chain 3: Iteration: 2001 / 4000 [ 50%]  (Sampling)
Chain 1: Iteration: 2000 / 4000 [ 50%]  (Warmup)
Chain 1: Iteration: 2001 / 4000 [ 50%]  (Sampling)
Chain 2: Iteration: 2000 / 4000 [ 50%]  (Warmup)
Chain 2: Iteration: 2001 / 4000 [ 50%]  (Sampling)
Chain 4: Iteration: 2000 / 4000 [ 50%]  (Warmup)
Chain 4: Iteration: 2001 / 4000 [ 50%]  (Sampling)
Chain 3: Iteration: 2400 / 4000 [ 60%]  (Sampling)
Chain 1: Iteration: 2400 / 4000 [ 60%]  (Sampling)
Chain 2: Iteration: 2400 / 4000 [ 60%]  (Sampling)
Chain 4: Iteration: 2400 / 4000 [ 60%]  (Sampling)
Chain 3: Iteration: 2800 / 4000 [ 70%]  (Sampling)
Chain 1: Iteration: 2800 / 4000 [ 70%]  (Sampling)
Chain 2: Iteration: 2800 / 4000 [ 70%]  (Sampling)
Chain 4: Iteration: 2800 / 4000 [ 70%]  (Sampling)
Chain 2: Iteration: 3200 / 4000 [ 80%]  (Sampling)
Chain 1: Iteration: 3200 / 4000 [ 80%]  (Sampling)
Chain 3: Iteration: 3200 / 4000 [ 80%]  (Sampling)
Chain 4: Iteration: 3200 / 4000 [ 80%]  (Sampling)
Chain 2: Iteration: 3600 / 4000 [ 90%]  (Sampling)
Chain 1: Iteration: 3600 / 4000 [ 90%]  (Sampling)
Chain 3: Iteration: 3600 / 4000 [ 90%]  (Sampling)
Chain 4: Iteration: 3600 / 4000 [ 90%]  (Sampling)
Chain 2: Iteration: 4000 / 4000 [100%]  (Sampling)
Chain 2: 
Chain 2:  Elapsed Time: 70.701 seconds (Warm-up)
Chain 2:                76.117 seconds (Sampling)
Chain 2:                146.818 seconds (Total)
Chain 2: 
Chain 1: Iteration: 4000 / 4000 [100%]  (Sampling)
Chain 1: 
Chain 1:  Elapsed Time: 66.308 seconds (Warm-up)
Chain 1:                82.206 seconds (Sampling)
Chain 1:                148.514 seconds (Total)
Chain 1: 
Chain 3: Iteration: 4000 / 4000 [100%]  (Sampling)
Chain 3: 
Chain 3:  Elapsed Time: 65.301 seconds (Warm-up)
Chain 3:                85.723 seconds (Sampling)
Chain 3:                151.024 seconds (Total)
Chain 3: 
Chain 4: Iteration: 4000 / 4000 [100%]  (Sampling)
Chain 4: 
Chain 4:  Elapsed Time: 70.703 seconds (Warm-up)
Chain 4:                83.695 seconds (Sampling)
Chain 4:                154.398 seconds (Total)
Chain 4: 

SAMPLING FOR MODEL 'ratio_v2_joint_bb' NOW (CHAIN 1).

SAMPLING FOR MODEL 'ratio_v2_joint_bb' NOW (CHAIN 2).
Chain 1: 
Chain 1: Gradient evaluation took 0.001034 seconds
Chain 1: 1000 transitions using 10 leapfrog steps per transition would take 10.34 seconds.
Chain 1: Adjust your expectations accordingly!
Chain 1: 
Chain 1: 
Chain 1: Iteration:    1 / 4000 [  0%]  (Warmup)

SAMPLING FOR MODEL 'ratio_v2_joint_bb' NOW (CHAIN 3).
Chain 2: 
Chain 2: Gradient evaluation took 0.00106 seconds
Chain 2: 1000 transitions using 10 leapfrog steps per transition would take 10.6 seconds.
Chain 2: Adjust your expectations accordingly!
Chain 2: 
Chain 2: 
Chain 2: Iteration:    1 / 4000 [  0%]  (Warmup)

SAMPLING FOR MODEL 'ratio_v2_joint_bb' NOW (CHAIN 4).
Chain 3: 
Chain 3: Gradient evaluation took 0.001028 seconds
Chain 3: 1000 transitions using 10 leapfrog steps per transition would take 10.28 seconds.
Chain 3: Adjust your expectations accordingly!
Chain 3: 
Chain 3: 
Chain 3: Iteration:    1 / 4000 [  0%]  (Warmup)
Chain 4: 
Chain 4: Gradient evaluation took 0.001256 seconds
Chain 4: 1000 transitions using 10 leapfrog steps per transition would take 12.56 seconds.
Chain 4: Adjust your expectations accordingly!
Chain 4: 
Chain 4: 
Chain 4: Iteration:    1 / 4000 [  0%]  (Warmup)
Chain 4: Iteration:  400 / 4000 [ 10%]  (Warmup)
Chain 2: Iteration:  400 / 4000 [ 10%]  (Warmup)
Chain 3: Iteration:  400 / 4000 [ 10%]  (Warmup)
Chain 1: Iteration:  400 / 4000 [ 10%]  (Warmup)
Chain 4: Iteration:  800 / 4000 [ 20%]  (Warmup)
Chain 2: Iteration:  800 / 4000 [ 20%]  (Warmup)
Chain 1: Iteration:  800 / 4000 [ 20%]  (Warmup)
Chain 3: Iteration:  800 / 4000 [ 20%]  (Warmup)
Chain 4: Iteration: 1200 / 4000 [ 30%]  (Warmup)
Chain 1: Iteration: 1200 / 4000 [ 30%]  (Warmup)
Chain 2: Iteration: 1200 / 4000 [ 30%]  (Warmup)
Chain 4: Iteration: 1600 / 4000 [ 40%]  (Warmup)
Chain 3: Iteration: 1200 / 4000 [ 30%]  (Warmup)
Chain 1: Iteration: 1600 / 4000 [ 40%]  (Warmup)
Chain 2: Iteration: 1600 / 4000 [ 40%]  (Warmup)
Chain 4: Iteration: 2000 / 4000 [ 50%]  (Warmup)
Chain 4: Iteration: 2001 / 4000 [ 50%]  (Sampling)
Chain 3: Iteration: 1600 / 4000 [ 40%]  (Warmup)
Chain 1: Iteration: 2000 / 4000 [ 50%]  (Warmup)
Chain 1: Iteration: 2001 / 4000 [ 50%]  (Sampling)
Chain 2: Iteration: 2000 / 4000 [ 50%]  (Warmup)
Chain 2: Iteration: 2001 / 4000 [ 50%]  (Sampling)
Chain 3: Iteration: 2000 / 4000 [ 50%]  (Warmup)
Chain 3: Iteration: 2001 / 4000 [ 50%]  (Sampling)
Chain 2: Iteration: 2400 / 4000 [ 60%]  (Sampling)
Chain 4: Iteration: 2400 / 4000 [ 60%]  (Sampling)
Chain 1: Iteration: 2400 / 4000 [ 60%]  (Sampling)
Chain 3: Iteration: 2400 / 4000 [ 60%]  (Sampling)
Chain 2: Iteration: 2800 / 4000 [ 70%]  (Sampling)
Chain 3: Iteration: 2800 / 4000 [ 70%]  (Sampling)
Chain 1: Iteration: 2800 / 4000 [ 70%]  (Sampling)
Chain 4: Iteration: 2800 / 4000 [ 70%]  (Sampling)
Chain 3: Iteration: 3200 / 4000 [ 80%]  (Sampling)
Chain 2: Iteration: 3200 / 4000 [ 80%]  (Sampling)
Chain 1: Iteration: 3200 / 4000 [ 80%]  (Sampling)
Chain 3: Iteration: 3600 / 4000 [ 90%]  (Sampling)
Chain 2: Iteration: 3600 / 4000 [ 90%]  (Sampling)
Chain 4: Iteration: 3200 / 4000 [ 80%]  (Sampling)
Chain 3: Iteration: 4000 / 4000 [100%]  (Sampling)
Chain 3: 
Chain 3:  Elapsed Time: 98.616 seconds (Warm-up)
Chain 3:                71.001 seconds (Sampling)
Chain 3:                169.617 seconds (Total)
Chain 3: 
Chain 1: Iteration: 3600 / 4000 [ 90%]  (Sampling)
Chain 2: Iteration: 4000 / 4000 [100%]  (Sampling)
Chain 2: 
Chain 2:  Elapsed Time: 89.117 seconds (Warm-up)
Chain 2:                90.413 seconds (Sampling)
Chain 2:                179.53 seconds (Total)
Chain 2: 
Chain 4: Iteration: 3600 / 4000 [ 90%]  (Sampling)
Chain 1: Iteration: 4000 / 4000 [100%]  (Sampling)
Chain 1: 
Chain 1:  Elapsed Time: 88.214 seconds (Warm-up)
Chain 1:                111.885 seconds (Sampling)
Chain 1:                200.099 seconds (Total)
Chain 1: 
Chain 4: Iteration: 4000 / 4000 [100%]  (Sampling)
Chain 4: 
Chain 4:  Elapsed Time: 78.199 seconds (Warm-up)
Chain 4:                149.536 seconds (Sampling)
Chain 4:                227.735 seconds (Total)
Chain 4: 

SAMPLING FOR MODEL 'ratio_v2_joint_bb' NOW (CHAIN 1).

SAMPLING FOR MODEL 'ratio_v2_joint_bb' NOW (CHAIN 2).
Chain 1: 
Chain 1: Gradient evaluation took 0.001071 seconds
Chain 1: 1000 transitions using 10 leapfrog steps per transition would take 10.71 seconds.
Chain 1: Adjust your expectations accordingly!
Chain 1: 
Chain 1: 
Chain 1: Iteration:    1 / 4000 [  0%]  (Warmup)

SAMPLING FOR MODEL 'ratio_v2_joint_bb' NOW (CHAIN 3).
Chain 2: 
Chain 2: Gradient evaluation took 0.000946 seconds
Chain 2: 1000 transitions using 10 leapfrog steps per transition would take 9.46 seconds.
Chain 2: Adjust your expectations accordingly!
Chain 2: 
Chain 2: 
Chain 2: Iteration:    1 / 4000 [  0%]  (Warmup)

SAMPLING FOR MODEL 'ratio_v2_joint_bb' NOW (CHAIN 4).
Chain 3: 
Chain 3: Gradient evaluation took 0.000883 seconds
Chain 3: 1000 transitions using 10 leapfrog steps per transition would take 8.83 seconds.
Chain 3: Adjust your expectations accordingly!
Chain 3: 
Chain 3: 
Chain 3: Iteration:    1 / 4000 [  0%]  (Warmup)
Chain 4: 
Chain 4: Gradient evaluation took 0.000914 seconds
Chain 4: 1000 transitions using 10 leapfrog steps per transition would take 9.14 seconds.
Chain 4: Adjust your expectations accordingly!
Chain 4: 
Chain 4: 
Chain 4: Iteration:    1 / 4000 [  0%]  (Warmup)
Chain 3: Iteration:  400 / 4000 [ 10%]  (Warmup)
Chain 2: Iteration:  400 / 4000 [ 10%]  (Warmup)
Chain 1: Iteration:  400 / 4000 [ 10%]  (Warmup)
Chain 4: Iteration:  400 / 4000 [ 10%]  (Warmup)
Chain 3: Iteration:  800 / 4000 [ 20%]  (Warmup)
Chain 2: Iteration:  800 / 4000 [ 20%]  (Warmup)
Chain 1: Iteration:  800 / 4000 [ 20%]  (Warmup)
Chain 4: Iteration:  800 / 4000 [ 20%]  (Warmup)
Chain 3: Iteration: 1200 / 4000 [ 30%]  (Warmup)
Chain 2: Iteration: 1200 / 4000 [ 30%]  (Warmup)
Chain 1: Iteration: 1200 / 4000 [ 30%]  (Warmup)
Chain 4: Iteration: 1200 / 4000 [ 30%]  (Warmup)
Chain 3: Iteration: 1600 / 4000 [ 40%]  (Warmup)
Chain 2: Iteration: 1600 / 4000 [ 40%]  (Warmup)
Chain 1: Iteration: 1600 / 4000 [ 40%]  (Warmup)
Chain 4: Iteration: 1600 / 4000 [ 40%]  (Warmup)
Chain 2: Iteration: 2000 / 4000 [ 50%]  (Warmup)
Chain 3: Iteration: 2000 / 4000 [ 50%]  (Warmup)
Chain 2: Iteration: 2001 / 4000 [ 50%]  (Sampling)
Chain 3: Iteration: 2001 / 4000 [ 50%]  (Sampling)
Chain 1: Iteration: 2000 / 4000 [ 50%]  (Warmup)
Chain 1: Iteration: 2001 / 4000 [ 50%]  (Sampling)
Chain 4: Iteration: 2000 / 4000 [ 50%]  (Warmup)
Chain 4: Iteration: 2001 / 4000 [ 50%]  (Sampling)
Chain 2: Iteration: 2400 / 4000 [ 60%]  (Sampling)
Chain 1: Iteration: 2400 / 4000 [ 60%]  (Sampling)
Chain 3: Iteration: 2400 / 4000 [ 60%]  (Sampling)
Chain 2: Iteration: 2800 / 4000 [ 70%]  (Sampling)
Chain 1: Iteration: 2800 / 4000 [ 70%]  (Sampling)
Chain 4: Iteration: 2400 / 4000 [ 60%]  (Sampling)
Chain 2: Iteration: 3200 / 4000 [ 80%]  (Sampling)
Chain 1: Iteration: 3200 / 4000 [ 80%]  (Sampling)
Chain 3: Iteration: 2800 / 4000 [ 70%]  (Sampling)
Chain 2: Iteration: 3600 / 4000 [ 90%]  (Sampling)
Chain 1: Iteration: 3600 / 4000 [ 90%]  (Sampling)
Chain 4: Iteration: 2800 / 4000 [ 70%]  (Sampling)
Chain 3: Iteration: 3200 / 4000 [ 80%]  (Sampling)
Chain 2: Iteration: 4000 / 4000 [100%]  (Sampling)
Chain 2: 
Chain 2:  Elapsed Time: 61.116 seconds (Warm-up)
Chain 2:                41.448 seconds (Sampling)
Chain 2:                102.564 seconds (Total)
Chain 2: 
Chain 1: Iteration: 4000 / 4000 [100%]  (Sampling)
Chain 1: 
Chain 1:  Elapsed Time: 62.947 seconds (Warm-up)
Chain 1:                40.323 seconds (Sampling)
Chain 1:                103.27 seconds (Total)
Chain 1: 
Chain 3: Iteration: 3600 / 4000 [ 90%]  (Sampling)
Chain 4: Iteration: 3200 / 4000 [ 80%]  (Sampling)
Chain 3: Iteration: 4000 / 4000 [100%]  (Sampling)
Chain 3: 
Chain 3:  Elapsed Time: 61.054 seconds (Warm-up)
Chain 3:                65.309 seconds (Sampling)
Chain 3:                126.363 seconds (Total)
Chain 3: 
Chain 4: Iteration: 3600 / 4000 [ 90%]  (Sampling)
Chain 4: Iteration: 4000 / 4000 [100%]  (Sampling)
Chain 4: 
Chain 4:  Elapsed Time: 67.794 seconds (Warm-up)
Chain 4:                76.867 seconds (Sampling)
Chain 4:                144.661 seconds (Total)
Chain 4: 

SAMPLING FOR MODEL 'ratio_v2_joint_bb' NOW (CHAIN 1).

SAMPLING FOR MODEL 'ratio_v2_joint_bb' NOW (CHAIN 2).
Chain 1: 
Chain 1: Gradient evaluation took 0.001007 seconds
Chain 1: 1000 transitions using 10 leapfrog steps per transition would take 10.07 seconds.
Chain 1: Adjust your expectations accordingly!
Chain 1: 
Chain 1: 
Chain 1: Iteration:    1 / 4000 [  0%]  (Warmup)

SAMPLING FOR MODEL 'ratio_v2_joint_bb' NOW (CHAIN 3).
Chain 2: 
Chain 2: Gradient evaluation took 0.001044 seconds
Chain 2: 1000 transitions using 10 leapfrog steps per transition would take 10.44 seconds.
Chain 2: Adjust your expectations accordingly!
Chain 2: 
Chain 2: 
Chain 2: Iteration:    1 / 4000 [  0%]  (Warmup)

SAMPLING FOR MODEL 'ratio_v2_joint_bb' NOW (CHAIN 4).
Chain 3: 
Chain 3: Gradient evaluation took 0.000998 seconds
Chain 3: 1000 transitions using 10 leapfrog steps per transition would take 9.98 seconds.
Chain 3: Adjust your expectations accordingly!
Chain 3: 
Chain 3: 
Chain 3: Iteration:    1 / 4000 [  0%]  (Warmup)
Chain 4: 
Chain 4: Gradient evaluation took 0.000976 seconds
Chain 4: 1000 transitions using 10 leapfrog steps per transition would take 9.76 seconds.
Chain 4: Adjust your expectations accordingly!
Chain 4: 
Chain 4: 
Chain 4: Iteration:    1 / 4000 [  0%]  (Warmup)
Chain 4: Iteration:  400 / 4000 [ 10%]  (Warmup)
Chain 1: Iteration:  400 / 4000 [ 10%]  (Warmup)
Chain 2: Iteration:  400 / 4000 [ 10%]  (Warmup)
Chain 3: Iteration:  400 / 4000 [ 10%]  (Warmup)
Chain 2: Iteration:  800 / 4000 [ 20%]  (Warmup)
Chain 4: Iteration:  800 / 4000 [ 20%]  (Warmup)
Chain 1: Iteration:  800 / 4000 [ 20%]  (Warmup)
Chain 3: Iteration:  800 / 4000 [ 20%]  (Warmup)
Chain 2: Iteration: 1200 / 4000 [ 30%]  (Warmup)
Chain 4: Iteration: 1200 / 4000 [ 30%]  (Warmup)
Chain 1: Iteration: 1200 / 4000 [ 30%]  (Warmup)
Chain 3: Iteration: 1200 / 4000 [ 30%]  (Warmup)
Chain 2: Iteration: 1600 / 4000 [ 40%]  (Warmup)
Chain 1: Iteration: 1600 / 4000 [ 40%]  (Warmup)
Chain 4: Iteration: 1600 / 4000 [ 40%]  (Warmup)
Chain 3: Iteration: 1600 / 4000 [ 40%]  (Warmup)
Chain 2: Iteration: 2000 / 4000 [ 50%]  (Warmup)
Chain 2: Iteration: 2001 / 4000 [ 50%]  (Sampling)
Chain 1: Iteration: 2000 / 4000 [ 50%]  (Warmup)
Chain 1: Iteration: 2001 / 4000 [ 50%]  (Sampling)
Chain 4: Iteration: 2000 / 4000 [ 50%]  (Warmup)
Chain 4: Iteration: 2001 / 4000 [ 50%]  (Sampling)
Chain 3: Iteration: 2000 / 4000 [ 50%]  (Warmup)
Chain 3: Iteration: 2001 / 4000 [ 50%]  (Sampling)
Chain 1: Iteration: 2400 / 4000 [ 60%]  (Sampling)
Chain 2: Iteration: 2400 / 4000 [ 60%]  (Sampling)
Chain 1: Iteration: 2800 / 4000 [ 70%]  (Sampling)
Chain 4: Iteration: 2400 / 4000 [ 60%]  (Sampling)
Chain 3: Iteration: 2400 / 4000 [ 60%]  (Sampling)
Chain 2: Iteration: 2800 / 4000 [ 70%]  (Sampling)
Chain 1: Iteration: 3200 / 4000 [ 80%]  (Sampling)
Chain 3: Iteration: 2800 / 4000 [ 70%]  (Sampling)
Chain 4: Iteration: 2800 / 4000 [ 70%]  (Sampling)
Chain 1: Iteration: 3600 / 4000 [ 90%]  (Sampling)
Chain 2: Iteration: 3200 / 4000 [ 80%]  (Sampling)
Chain 1: Iteration: 4000 / 4000 [100%]  (Sampling)
Chain 1: 
Chain 1:  Elapsed Time: 56.993 seconds (Warm-up)
Chain 1:                46.012 seconds (Sampling)
Chain 1:                103.005 seconds (Total)
Chain 1: 
Chain 3: Iteration: 3200 / 4000 [ 80%]  (Sampling)
Chain 2: Iteration: 3600 / 4000 [ 90%]  (Sampling)
Chain 4: Iteration: 3200 / 4000 [ 80%]  (Sampling)
Chain 2: Iteration: 4000 / 4000 [100%]  (Sampling)
Chain 3: Iteration: 3600 / 4000 [ 90%]  (Sampling)
Chain 2: 
Chain 2:  Elapsed Time: 55.71 seconds (Warm-up)
Chain 2:                67.158 seconds (Sampling)
Chain 2:                122.868 seconds (Total)
Chain 2: 
Chain 4: Iteration: 3600 / 4000 [ 90%]  (Sampling)
Chain 3: Iteration: 4000 / 4000 [100%]  (Sampling)
Chain 3: 
Chain 3:  Elapsed Time: 63.774 seconds (Warm-up)
Chain 3:                73.852 seconds (Sampling)
Chain 3:                137.626 seconds (Total)
Chain 3: 
Chain 4: Iteration: 4000 / 4000 [100%]  (Sampling)
Chain 4: 
Chain 4:  Elapsed Time: 60.151 seconds (Warm-up)
Chain 4:                84.43 seconds (Sampling)
Chain 4:                144.581 seconds (Total)
Chain 4: 

SAMPLING FOR MODEL 'ratio_v2_joint_bb' NOW (CHAIN 1).

SAMPLING FOR MODEL 'ratio_v2_joint_bb' NOW (CHAIN 2).
Chain 1: 
Chain 1: Gradient evaluation took 0.001054 seconds
Chain 1: 1000 transitions using 10 leapfrog steps per transition would take 10.54 seconds.
Chain 1: Adjust your expectations accordingly!
Chain 1: 
Chain 1: 
Chain 1: Iteration:    1 / 4000 [  0%]  (Warmup)

SAMPLING FOR MODEL 'ratio_v2_joint_bb' NOW (CHAIN 3).
Chain 2: 
Chain 2: Gradient evaluation took 0.000986 seconds
Chain 2: 1000 transitions using 10 leapfrog steps per transition would take 9.86 seconds.
Chain 2: Adjust your expectations accordingly!
Chain 2: 
Chain 2: 
Chain 2: Iteration:    1 / 4000 [  0%]  (Warmup)

SAMPLING FOR MODEL 'ratio_v2_joint_bb' NOW (CHAIN 4).
Chain 3: 
Chain 3: Gradient evaluation took 0.00114 seconds
Chain 3: 1000 transitions using 10 leapfrog steps per transition would take 11.4 seconds.
Chain 3: Adjust your expectations accordingly!
Chain 3: 
Chain 3: 
Chain 3: Iteration:    1 / 4000 [  0%]  (Warmup)
Chain 4: 
Chain 4: Gradient evaluation took 0.000989 seconds
Chain 4: 1000 transitions using 10 leapfrog steps per transition would take 9.89 seconds.
Chain 4: Adjust your expectations accordingly!
Chain 4: 
Chain 4: 
Chain 4: Iteration:    1 / 4000 [  0%]  (Warmup)
Chain 1: Iteration:  400 / 4000 [ 10%]  (Warmup)
Chain 4: Iteration:  400 / 4000 [ 10%]  (Warmup)
Chain 2: Iteration:  400 / 4000 [ 10%]  (Warmup)
Chain 3: Iteration:  400 / 4000 [ 10%]  (Warmup)
Chain 2: Iteration:  800 / 4000 [ 20%]  (Warmup)
Chain 3: Iteration:  800 / 4000 [ 20%]  (Warmup)
Chain 1: Iteration:  800 / 4000 [ 20%]  (Warmup)
Chain 4: Iteration:  800 / 4000 [ 20%]  (Warmup)
Chain 2: Iteration: 1200 / 4000 [ 30%]  (Warmup)
Chain 3: Iteration: 1200 / 4000 [ 30%]  (Warmup)
Chain 4: Iteration: 1200 / 4000 [ 30%]  (Warmup)
Chain 1: Iteration: 1200 / 4000 [ 30%]  (Warmup)
Chain 2: Iteration: 1600 / 4000 [ 40%]  (Warmup)
Chain 3: Iteration: 1600 / 4000 [ 40%]  (Warmup)
Chain 4: Iteration: 1600 / 4000 [ 40%]  (Warmup)
Chain 1: Iteration: 1600 / 4000 [ 40%]  (Warmup)
Chain 2: Iteration: 2000 / 4000 [ 50%]  (Warmup)
Chain 2: Iteration: 2001 / 4000 [ 50%]  (Sampling)
Chain 3: Iteration: 2000 / 4000 [ 50%]  (Warmup)
Chain 3: Iteration: 2001 / 4000 [ 50%]  (Sampling)
Chain 4: Iteration: 2000 / 4000 [ 50%]  (Warmup)
Chain 4: Iteration: 2001 / 4000 [ 50%]  (Sampling)
Chain 1: Iteration: 2000 / 4000 [ 50%]  (Warmup)
Chain 1: Iteration: 2001 / 4000 [ 50%]  (Sampling)
Chain 3: Iteration: 2400 / 4000 [ 60%]  (Sampling)
Chain 2: Iteration: 2400 / 4000 [ 60%]  (Sampling)
Chain 4: Iteration: 2400 / 4000 [ 60%]  (Sampling)
Chain 1: Iteration: 2400 / 4000 [ 60%]  (Sampling)
Chain 3: Iteration: 2800 / 4000 [ 70%]  (Sampling)
Chain 2: Iteration: 2800 / 4000 [ 70%]  (Sampling)
Chain 4: Iteration: 2800 / 4000 [ 70%]  (Sampling)
Chain 1: Iteration: 2800 / 4000 [ 70%]  (Sampling)
Chain 3: Iteration: 3200 / 4000 [ 80%]  (Sampling)
Chain 2: Iteration: 3200 / 4000 [ 80%]  (Sampling)
Chain 4: Iteration: 3200 / 4000 [ 80%]  (Sampling)
Chain 1: Iteration: 3200 / 4000 [ 80%]  (Sampling)
Chain 3: Iteration: 3600 / 4000 [ 90%]  (Sampling)
Chain 2: Iteration: 3600 / 4000 [ 90%]  (Sampling)
Chain 4: Iteration: 3600 / 4000 [ 90%]  (Sampling)
Chain 1: Iteration: 3600 / 4000 [ 90%]  (Sampling)
Chain 3: Iteration: 4000 / 4000 [100%]  (Sampling)
Chain 3: 
Chain 3:  Elapsed Time: 46.504 seconds (Warm-up)
Chain 3:                60.877 seconds (Sampling)
Chain 3:                107.381 seconds (Total)
Chain 3: 
Chain 2: Iteration: 4000 / 4000 [100%]  (Sampling)
Chain 2: 
Chain 2:  Elapsed Time: 46.079 seconds (Warm-up)
Chain 2:                63.214 seconds (Sampling)
Chain 2:                109.293 seconds (Total)
Chain 2: 
Chain 4: Iteration: 4000 / 4000 [100%]  (Sampling)
Chain 4: 
Chain 4:  Elapsed Time: 48.234 seconds (Warm-up)
Chain 4:                64.003 seconds (Sampling)
Chain 4:                112.237 seconds (Total)
Chain 4: 
Chain 1: Iteration: 4000 / 4000 [100%]  (Sampling)
Chain 1: 
Chain 1:  Elapsed Time: 48.6 seconds (Warm-up)
Chain 1:                68.226 seconds (Sampling)
Chain 1:                116.826 seconds (Total)
Chain 1: 

SAMPLING FOR MODEL 'ratio_v2_joint_bb' NOW (CHAIN 1).

SAMPLING FOR MODEL 'ratio_v2_joint_bb' NOW (CHAIN 2).
Chain 1: 
Chain 1: Gradient evaluation took 0.001016 seconds
Chain 1: 1000 transitions using 10 leapfrog steps per transition would take 10.16 seconds.
Chain 1: Adjust your expectations accordingly!
Chain 1: 
Chain 1: 
Chain 1: Iteration:    1 / 4000 [  0%]  (Warmup)

SAMPLING FOR MODEL 'ratio_v2_joint_bb' NOW (CHAIN 3).
Chain 2: 
Chain 2: Gradient evaluation took 0.000899 seconds
Chain 2: 1000 transitions using 10 leapfrog steps per transition would take 8.99 seconds.
Chain 2: Adjust your expectations accordingly!
Chain 2: 
Chain 2: 
Chain 2: Iteration:    1 / 4000 [  0%]  (Warmup)

SAMPLING FOR MODEL 'ratio_v2_joint_bb' NOW (CHAIN 4).
Chain 3: 
Chain 3: Gradient evaluation took 0.000918 seconds
Chain 3: 1000 transitions using 10 leapfrog steps per transition would take 9.18 seconds.
Chain 3: Adjust your expectations accordingly!
Chain 3: 
Chain 3: 
Chain 3: Iteration:    1 / 4000 [  0%]  (Warmup)
Chain 4: 
Chain 4: Gradient evaluation took 0.000909 seconds
Chain 4: 1000 transitions using 10 leapfrog steps per transition would take 9.09 seconds.
Chain 4: Adjust your expectations accordingly!
Chain 4: 
Chain 4: 
Chain 4: Iteration:    1 / 4000 [  0%]  (Warmup)
Chain 1: Iteration:  400 / 4000 [ 10%]  (Warmup)
Chain 3: Iteration:  400 / 4000 [ 10%]  (Warmup)
Chain 2: Iteration:  400 / 4000 [ 10%]  (Warmup)
Chain 4: Iteration:  400 / 4000 [ 10%]  (Warmup)
Chain 1: Iteration:  800 / 4000 [ 20%]  (Warmup)
Chain 4: Iteration:  800 / 4000 [ 20%]  (Warmup)
Chain 3: Iteration:  800 / 4000 [ 20%]  (Warmup)
Chain 2: Iteration:  800 / 4000 [ 20%]  (Warmup)
Chain 1: Iteration: 1200 / 4000 [ 30%]  (Warmup)
Chain 2: Iteration: 1200 / 4000 [ 30%]  (Warmup)
Chain 3: Iteration: 1200 / 4000 [ 30%]  (Warmup)
Chain 4: Iteration: 1200 / 4000 [ 30%]  (Warmup)
Chain 1: Iteration: 1600 / 4000 [ 40%]  (Warmup)
Chain 2: Iteration: 1600 / 4000 [ 40%]  (Warmup)
Chain 3: Iteration: 1600 / 4000 [ 40%]  (Warmup)
Chain 4: Iteration: 1600 / 4000 [ 40%]  (Warmup)
Chain 1: Iteration: 2000 / 4000 [ 50%]  (Warmup)
Chain 1: Iteration: 2001 / 4000 [ 50%]  (Sampling)
Chain 2: Iteration: 2000 / 4000 [ 50%]  (Warmup)
Chain 2: Iteration: 2001 / 4000 [ 50%]  (Sampling)
Chain 3: Iteration: 2000 / 4000 [ 50%]  (Warmup)
Chain 3: Iteration: 2001 / 4000 [ 50%]  (Sampling)
Chain 4: Iteration: 2000 / 4000 [ 50%]  (Warmup)
Chain 4: Iteration: 2001 / 4000 [ 50%]  (Sampling)
Chain 1: Iteration: 2400 / 4000 [ 60%]  (Sampling)
Chain 2: Iteration: 2400 / 4000 [ 60%]  (Sampling)
Chain 3: Iteration: 2400 / 4000 [ 60%]  (Sampling)
Chain 4: Iteration: 2400 / 4000 [ 60%]  (Sampling)
Chain 1: Iteration: 2800 / 4000 [ 70%]  (Sampling)
Chain 2: Iteration: 2800 / 4000 [ 70%]  (Sampling)
Chain 3: Iteration: 2800 / 4000 [ 70%]  (Sampling)
Chain 4: Iteration: 2800 / 4000 [ 70%]  (Sampling)
Chain 1: Iteration: 3200 / 4000 [ 80%]  (Sampling)
Chain 2: Iteration: 3200 / 4000 [ 80%]  (Sampling)
Chain 3: Iteration: 3200 / 4000 [ 80%]  (Sampling)
Chain 4: Iteration: 3200 / 4000 [ 80%]  (Sampling)
Chain 1: Iteration: 3600 / 4000 [ 90%]  (Sampling)
Chain 2: Iteration: 3600 / 4000 [ 90%]  (Sampling)
Chain 4: Iteration: 3600 / 4000 [ 90%]  (Sampling)
Chain 3: Iteration: 3600 / 4000 [ 90%]  (Sampling)
Chain 1: Iteration: 4000 / 4000 [100%]  (Sampling)
Chain 1: 
Chain 1:  Elapsed Time: 53.167 seconds (Warm-up)
Chain 1:                46.28 seconds (Sampling)
Chain 1:                99.447 seconds (Total)
Chain 1: 
Chain 2: Iteration: 4000 / 4000 [100%]  (Sampling)
Chain 2: 
Chain 2:  Elapsed Time: 56.669 seconds (Warm-up)
Chain 2:                46.049 seconds (Sampling)
Chain 2:                102.718 seconds (Total)
Chain 2: 
Chain 4: Iteration: 4000 / 4000 [100%]  (Sampling)
Chain 4: 
Chain 4:  Elapsed Time: 59.286 seconds (Warm-up)
Chain 4:                46.142 seconds (Sampling)
Chain 4:                105.428 seconds (Total)
Chain 4: 
Chain 3: Iteration: 4000 / 4000 [100%]  (Sampling)
Chain 3: 
Chain 3:  Elapsed Time: 58.788 seconds (Warm-up)
Chain 3:                47.259 seconds (Sampling)
Chain 3:                106.047 seconds (Total)
Chain 3: 

SAMPLING FOR MODEL 'ratio_v2_joint_bb' NOW (CHAIN 1).

SAMPLING FOR MODEL 'ratio_v2_joint_bb' NOW (CHAIN 2).
Chain 1: 
Chain 1: Gradient evaluation took 0.000955 seconds
Chain 1: 1000 transitions using 10 leapfrog steps per transition would take 9.55 seconds.
Chain 1: Adjust your expectations accordingly!
Chain 1: 
Chain 1: 
Chain 1: Iteration:    1 / 4000 [  0%]  (Warmup)

SAMPLING FOR MODEL 'ratio_v2_joint_bb' NOW (CHAIN 3).
Chain 2: 
Chain 2: Gradient evaluation took 0.000905 seconds
Chain 2: 1000 transitions using 10 leapfrog steps per transition would take 9.05 seconds.
Chain 2: Adjust your expectations accordingly!
Chain 2: 
Chain 2: 
Chain 2: Iteration:    1 / 4000 [  0%]  (Warmup)

SAMPLING FOR MODEL 'ratio_v2_joint_bb' NOW (CHAIN 4).
Chain 3: 
Chain 3: Gradient evaluation took 0.000926 seconds
Chain 3: 1000 transitions using 10 leapfrog steps per transition would take 9.26 seconds.
Chain 3: Adjust your expectations accordingly!
Chain 3: 
Chain 3: 
Chain 3: Iteration:    1 / 4000 [  0%]  (Warmup)
Chain 4: 
Chain 4: Gradient evaluation took 0.00091 seconds
Chain 4: 1000 transitions using 10 leapfrog steps per transition would take 9.1 seconds.
Chain 4: Adjust your expectations accordingly!
Chain 4: 
Chain 4: 
Chain 4: Iteration:    1 / 4000 [  0%]  (Warmup)
Chain 2: Iteration:  400 / 4000 [ 10%]  (Warmup)
Chain 1: Iteration:  400 / 4000 [ 10%]  (Warmup)
Chain 3: Iteration:  400 / 4000 [ 10%]  (Warmup)
Chain 4: Iteration:  400 / 4000 [ 10%]  (Warmup)
Chain 2: Iteration:  800 / 4000 [ 20%]  (Warmup)
Chain 4: Iteration:  800 / 4000 [ 20%]  (Warmup)
Chain 1: Iteration:  800 / 4000 [ 20%]  (Warmup)
Chain 3: Iteration:  800 / 4000 [ 20%]  (Warmup)
Chain 1: Iteration: 1200 / 4000 [ 30%]  (Warmup)
Chain 2: Iteration: 1200 / 4000 [ 30%]  (Warmup)
Chain 4: Iteration: 1200 / 4000 [ 30%]  (Warmup)
Chain 3: Iteration: 1200 / 4000 [ 30%]  (Warmup)
Chain 1: Iteration: 1600 / 4000 [ 40%]  (Warmup)
Chain 2: Iteration: 1600 / 4000 [ 40%]  (Warmup)
Chain 4: Iteration: 1600 / 4000 [ 40%]  (Warmup)
Chain 3: Iteration: 1600 / 4000 [ 40%]  (Warmup)
Chain 4: Iteration: 2000 / 4000 [ 50%]  (Warmup)
Chain 4: Iteration: 2001 / 4000 [ 50%]  (Sampling)
Chain 2: Iteration: 2000 / 4000 [ 50%]  (Warmup)
Chain 2: Iteration: 2001 / 4000 [ 50%]  (Sampling)
Chain 1: Iteration: 2000 / 4000 [ 50%]  (Warmup)
Chain 1: Iteration: 2001 / 4000 [ 50%]  (Sampling)
Chain 3: Iteration: 2000 / 4000 [ 50%]  (Warmup)
Chain 3: Iteration: 2001 / 4000 [ 50%]  (Sampling)
Chain 4: Iteration: 2400 / 4000 [ 60%]  (Sampling)
Chain 3: Iteration: 2400 / 4000 [ 60%]  (Sampling)
Chain 1: Iteration: 2400 / 4000 [ 60%]  (Sampling)
Chain 2: Iteration: 2400 / 4000 [ 60%]  (Sampling)
Chain 4: Iteration: 2800 / 4000 [ 70%]  (Sampling)
Chain 3: Iteration: 2800 / 4000 [ 70%]  (Sampling)
Chain 1: Iteration: 2800 / 4000 [ 70%]  (Sampling)
Chain 4: Iteration: 3200 / 4000 [ 80%]  (Sampling)
Chain 3: Iteration: 3200 / 4000 [ 80%]  (Sampling)
Chain 2: Iteration: 2800 / 4000 [ 70%]  (Sampling)
Chain 4: Iteration: 3600 / 4000 [ 90%]  (Sampling)
Chain 3: Iteration: 3600 / 4000 [ 90%]  (Sampling)
Chain 1: Iteration: 3200 / 4000 [ 80%]  (Sampling)
Chain 4: Iteration: 4000 / 4000 [100%]  (Sampling)
Chain 4: 
Chain 4:  Elapsed Time: 54.261 seconds (Warm-up)
Chain 4:                46.297 seconds (Sampling)
Chain 4:                100.558 seconds (Total)
Chain 4: 
Chain 2: Iteration: 3200 / 4000 [ 80%]  (Sampling)
Chain 3: Iteration: 4000 / 4000 [100%]  (Sampling)
Chain 3: 
Chain 3:  Elapsed Time: 57.226 seconds (Warm-up)
Chain 3:                46.327 seconds (Sampling)
Chain 3:                103.553 seconds (Total)
Chain 3: 
Chain 1: Iteration: 3600 / 4000 [ 90%]  (Sampling)
Chain 2: Iteration: 3600 / 4000 [ 90%]  (Sampling)
Chain 1: Iteration: 4000 / 4000 [100%]  (Sampling)
Chain 1: 
Chain 1:  Elapsed Time: 55.297 seconds (Warm-up)
Chain 1:                66.731 seconds (Sampling)
Chain 1:                122.028 seconds (Total)
Chain 1: 
Chain 2: Iteration: 4000 / 4000 [100%]  (Sampling)
Chain 2: 
Chain 2:  Elapsed Time: 54.978 seconds (Warm-up)
Chain 2:                79.912 seconds (Sampling)
Chain 2:                134.89 seconds (Total)
Chain 2: 

SAMPLING FOR MODEL 'ratio_v2_joint_bb' NOW (CHAIN 1).

SAMPLING FOR MODEL 'ratio_v2_joint_bb' NOW (CHAIN 2).
Chain 1: 
Chain 1: Gradient evaluation took 0.001202 seconds
Chain 1: 1000 transitions using 10 leapfrog steps per transition would take 12.02 seconds.
Chain 1: Adjust your expectations accordingly!
Chain 1: 
Chain 1: 
Chain 1: Iteration:    1 / 4000 [  0%]  (Warmup)

SAMPLING FOR MODEL 'ratio_v2_joint_bb' NOW (CHAIN 3).
Chain 2: 
Chain 2: Gradient evaluation took 0.001033 seconds
Chain 2: 1000 transitions using 10 leapfrog steps per transition would take 10.33 seconds.
Chain 2: Adjust your expectations accordingly!
Chain 2: 
Chain 2: 
Chain 2: Iteration:    1 / 4000 [  0%]  (Warmup)

SAMPLING FOR MODEL 'ratio_v2_joint_bb' NOW (CHAIN 4).
Chain 3: 
Chain 3: Gradient evaluation took 0.001072 seconds
Chain 3: 1000 transitions using 10 leapfrog steps per transition would take 10.72 seconds.
Chain 3: Adjust your expectations accordingly!
Chain 3: 
Chain 3: 
Chain 3: Iteration:    1 / 4000 [  0%]  (Warmup)
Chain 4: 
Chain 4: Gradient evaluation took 0.001028 seconds
Chain 4: 1000 transitions using 10 leapfrog steps per transition would take 10.28 seconds.
Chain 4: Adjust your expectations accordingly!
Chain 4: 
Chain 4: 
Chain 4: Iteration:    1 / 4000 [  0%]  (Warmup)
Chain 3: Iteration:  400 / 4000 [ 10%]  (Warmup)
Chain 4: Iteration:  400 / 4000 [ 10%]  (Warmup)
Chain 1: Iteration:  400 / 4000 [ 10%]  (Warmup)
Chain 2: Iteration:  400 / 4000 [ 10%]  (Warmup)
Chain 3: Iteration:  800 / 4000 [ 20%]  (Warmup)
Chain 1: Iteration:  800 / 4000 [ 20%]  (Warmup)
Chain 4: Iteration:  800 / 4000 [ 20%]  (Warmup)
Chain 2: Iteration:  800 / 4000 [ 20%]  (Warmup)
Chain 3: Iteration: 1200 / 4000 [ 30%]  (Warmup)
Chain 4: Iteration: 1200 / 4000 [ 30%]  (Warmup)
Chain 1: Iteration: 1200 / 4000 [ 30%]  (Warmup)
Chain 2: Iteration: 1200 / 4000 [ 30%]  (Warmup)
Chain 3: Iteration: 1600 / 4000 [ 40%]  (Warmup)
Chain 4: Iteration: 1600 / 4000 [ 40%]  (Warmup)
Chain 1: Iteration: 1600 / 4000 [ 40%]  (Warmup)
Chain 2: Iteration: 1600 / 4000 [ 40%]  (Warmup)
Chain 3: Iteration: 2000 / 4000 [ 50%]  (Warmup)
Chain 3: Iteration: 2001 / 4000 [ 50%]  (Sampling)
Chain 4: Iteration: 2000 / 4000 [ 50%]  (Warmup)
Chain 4: Iteration: 2001 / 4000 [ 50%]  (Sampling)
Chain 1: Iteration: 2000 / 4000 [ 50%]  (Warmup)
Chain 1: Iteration: 2001 / 4000 [ 50%]  (Sampling)
Chain 2: Iteration: 2000 / 4000 [ 50%]  (Warmup)
Chain 2: Iteration: 2001 / 4000 [ 50%]  (Sampling)
Chain 1: Iteration: 2400 / 4000 [ 60%]  (Sampling)
Chain 2: Iteration: 2400 / 4000 [ 60%]  (Sampling)
Chain 3: Iteration: 2400 / 4000 [ 60%]  (Sampling)
Chain 4: Iteration: 2400 / 4000 [ 60%]  (Sampling)
Chain 1: Iteration: 2800 / 4000 [ 70%]  (Sampling)
Chain 2: Iteration: 2800 / 4000 [ 70%]  (Sampling)
Chain 3: Iteration: 2800 / 4000 [ 70%]  (Sampling)
Chain 1: Iteration: 3200 / 4000 [ 80%]  (Sampling)
Chain 2: Iteration: 3200 / 4000 [ 80%]  (Sampling)
Chain 4: Iteration: 2800 / 4000 [ 70%]  (Sampling)
Chain 1: Iteration: 3600 / 4000 [ 90%]  (Sampling)
Chain 2: Iteration: 3600 / 4000 [ 90%]  (Sampling)
Chain 3: Iteration: 3200 / 4000 [ 80%]  (Sampling)
Chain 2: Iteration: 4000 / 4000 [100%]  (Sampling)
Chain 2: 
Chain 2:  Elapsed Time: 52.981 seconds (Warm-up)
Chain 2:                43.188 seconds (Sampling)
Chain 2:                96.169 seconds (Total)
Chain 2: 
Chain 1: Iteration: 4000 / 4000 [100%]  (Sampling)
Chain 1: 
Chain 1:  Elapsed Time: 50.952 seconds (Warm-up)
Chain 1:                46.123 seconds (Sampling)
Chain 1:                97.075 seconds (Total)
Chain 1: 
Chain 4: Iteration: 3200 / 4000 [ 80%]  (Sampling)
Chain 3: Iteration: 3600 / 4000 [ 90%]  (Sampling)
Chain 3: Iteration: 4000 / 4000 [100%]  (Sampling)
Chain 3: 
Chain 3:  Elapsed Time: 50.037 seconds (Warm-up)
Chain 3:                67.347 seconds (Sampling)
Chain 3:                117.384 seconds (Total)
Chain 3: 
Chain 4: Iteration: 3600 / 4000 [ 90%]  (Sampling)
Chain 4: Iteration: 4000 / 4000 [100%]  (Sampling)
Chain 4: 
Chain 4:  Elapsed Time: 50.49 seconds (Warm-up)
Chain 4:                86.084 seconds (Sampling)
Chain 4:                136.574 seconds (Total)
Chain 4: 

SAMPLING FOR MODEL 'ratio_v2_joint_bb' NOW (CHAIN 1).

SAMPLING FOR MODEL 'ratio_v2_joint_bb' NOW (CHAIN 2).
Chain 1: 
Chain 1: Gradient evaluation took 0.000911 seconds
Chain 1: 1000 transitions using 10 leapfrog steps per transition would take 9.11 seconds.
Chain 1: Adjust your expectations accordingly!
Chain 1: 
Chain 1: 
Chain 1: Iteration:    1 / 4000 [  0%]  (Warmup)

SAMPLING FOR MODEL 'ratio_v2_joint_bb' NOW (CHAIN Chain 3).
2: 
Chain 2: Gradient evaluation took 0.00086 seconds
Chain 2: 1000 transitions using 10 leapfrog steps per transition would take 8.6 seconds.
Chain 2: Adjust your expectations accordingly!
Chain 2: 
Chain 2: 
Chain 2: Iteration:    1 / 4000 [  0%]  (Warmup)

SAMPLING FOR MODEL 'ratio_v2_joint_bb' NOW (CHAIN 4).
Chain 3: 
Chain 3: Gradient evaluation took 0.000966 seconds
Chain 3: 1000 transitions using 10 leapfrog steps per transition would take 9.66 seconds.
Chain 3: Adjust your expectations accordingly!
Chain 3: 
Chain 3: 
Chain 3: Iteration:    1 / 4000 [  0%]  (Warmup)
Chain 4: 
Chain 4: Gradient evaluation took 0.000891 seconds
Chain 4: 1000 transitions using 10 leapfrog steps per transition would take 8.91 seconds.
Chain 4: Adjust your expectations accordingly!
Chain 4: 
Chain 4: 
Chain 4: Iteration:    1 / 4000 [  0%]  (Warmup)
Chain 3: Iteration:  400 / 4000 [ 10%]  (Warmup)
Chain 2: Iteration:  400 / 4000 [ 10%]  (Warmup)
Chain 1: Iteration:  400 / 4000 [ 10%]  (Warmup)
Chain 4: Iteration:  400 / 4000 [ 10%]  (Warmup)
Chain 3: Iteration:  800 / 4000 [ 20%]  (Warmup)
Chain 2: Iteration:  800 / 4000 [ 20%]  (Warmup)
Chain 1: Iteration:  800 / 4000 [ 20%]  (Warmup)
Chain 4: Iteration:  800 / 4000 [ 20%]  (Warmup)
Chain 3: Iteration: 1200 / 4000 [ 30%]  (Warmup)
Chain 2: Iteration: 1200 / 4000 [ 30%]  (Warmup)
Chain 1: Iteration: 1200 / 4000 [ 30%]  (Warmup)
Chain 4: Iteration: 1200 / 4000 [ 30%]  (Warmup)
Chain 3: Iteration: 1600 / 4000 [ 40%]  (Warmup)
Chain 2: Iteration: 1600 / 4000 [ 40%]  (Warmup)
Chain 1: Iteration: 1600 / 4000 [ 40%]  (Warmup)
Chain 4: Iteration: 1600 / 4000 [ 40%]  (Warmup)
Chain 3: Iteration: 2000 / 4000 [ 50%]  (Warmup)
Chain 3: Iteration: 2001 / 4000 [ 50%]  (Sampling)
Chain 2: Iteration: 2000 / 4000 [ 50%]  (Warmup)
Chain 2: Iteration: 2001 / 4000 [ 50%]  (Sampling)
Chain 1: Iteration: 2000 / 4000 [ 50%]  (Warmup)
Chain 1: Iteration: 2001 / 4000 [ 50%]  (Sampling)
Chain 4: Iteration: 2000 / 4000 [ 50%]  (Warmup)
Chain 4: Iteration: 2001 / 4000 [ 50%]  (Sampling)
Chain 3: Iteration: 2400 / 4000 [ 60%]  (Sampling)
Chain 3: Iteration: 2800 / 4000 [ 70%]  (Sampling)
Chain 2: Iteration: 2400 / 4000 [ 60%]  (Sampling)
Chain 4: Iteration: 2400 / 4000 [ 60%]  (Sampling)
Chain 1: Iteration: 2400 / 4000 [ 60%]  (Sampling)
Chain 3: Iteration: 3200 / 4000 [ 80%]  (Sampling)
Chain 2: Iteration: 2800 / 4000 [ 70%]  (Sampling)
Chain 3: Iteration: 3600 / 4000 [ 90%]  (Sampling)
Chain 4: Iteration: 2800 / 4000 [ 70%]  (Sampling)
Chain 1: Iteration: 2800 / 4000 [ 70%]  (Sampling)
Chain 3: Iteration: 4000 / 4000 [100%]  (Sampling)
Chain 3: 
Chain 3:  Elapsed Time: 50.952 seconds (Warm-up)
Chain 3:                45.472 seconds (Sampling)
Chain 3:                96.424 seconds (Total)
Chain 3: 
Chain 4: Iteration: 3200 / 4000 [ 80%]  (Sampling)
Chain 2: Iteration: 3200 / 4000 [ 80%]  (Sampling)
Chain 1: Iteration: 3200 / 4000 [ 80%]  (Sampling)
Chain 4: Iteration: 3600 / 4000 [ 90%]  (Sampling)
Chain 2: Iteration: 3600 / 4000 [ 90%]  (Sampling)
Chain 1: Iteration: 3600 / 4000 [ 90%]  (Sampling)
Chain 4: Iteration: 4000 / 4000 [100%]  (Sampling)
Chain 4: 
Chain 4:  Elapsed Time: 57.698 seconds (Warm-up)
Chain 4:                75.008 seconds (Sampling)
Chain 4:                132.706 seconds (Total)
Chain 4: 
Chain 2: Iteration: 4000 / 4000 [100%]  (Sampling)
Chain 2: 
Chain 2:  Elapsed Time: 53.212 seconds (Warm-up)
Chain 2:                83.633 seconds (Sampling)
Chain 2:                136.845 seconds (Total)
Chain 2: 
Chain 1: Iteration: 4000 / 4000 [100%]  (Sampling)
Chain 1: 
Chain 1:  Elapsed Time: 56.337 seconds (Warm-up)
Chain 1:                82.919 seconds (Sampling)
Chain 1:                139.256 seconds (Total)
Chain 1: 

SAMPLING FOR MODEL 'ratio_v2_joint_bb' NOW (CHAIN 1).

SAMPLING FOR MODEL 'ratio_v2_joint_bb' NOW (CHAIN 2).
Chain 1: 
Chain 1: Gradient evaluation took 0.000928 seconds
Chain 1: 1000 transitions using 10 leapfrog steps per transition would take 9.28 seconds.
Chain 1: Adjust your expectations accordingly!
Chain 1: 
Chain 1: 
Chain 1: Iteration:    1 / 4000 [  0%]  (Warmup)

SAMPLING FOR MODEL 'ratio_v2_joint_bb' NOW (CHAIN 3).
Chain 2: 
Chain 2: Gradient evaluation took 0.00092 seconds
Chain 2: 1000 transitions using 10 leapfrog steps per transition would take 9.2 seconds.
Chain 2: Adjust your expectations accordingly!
Chain 2: 
Chain 2: 
Chain 2: Iteration:    1 / 4000 [  0%]  (Warmup)

SAMPLING FOR MODEL 'ratio_v2_joint_bb' NOW (CHAIN 4).
Chain 3: 
Chain 3: Gradient evaluation took 0.000901 seconds
Chain 3: 1000 transitions using 10 leapfrog steps per transition would take 9.01 seconds.
Chain 3: Adjust your expectations accordingly!
Chain 3: 
Chain 3: 
Chain 3: Iteration:    1 / 4000 [  0%]  (Warmup)
Chain 4: 
Chain 4: Gradient evaluation took 0.0009 seconds
Chain 4: 1000 transitions using 10 leapfrog steps per transition would take 9 seconds.
Chain 4: Adjust your expectations accordingly!
Chain 4: 
Chain 4: 
Chain 4: Iteration:    1 / 4000 [  0%]  (Warmup)
Chain 3: Iteration:  400 / 4000 [ 10%]  (Warmup)
Chain 1: Iteration:  400 / 4000 [ 10%]  (Warmup)
Chain 4: Iteration:  400 / 4000 [ 10%]  (Warmup)
Chain 2: Iteration:  400 / 4000 [ 10%]  (Warmup)
Chain 3: Iteration:  800 / 4000 [ 20%]  (Warmup)
Chain 1: Iteration:  800 / 4000 [ 20%]  (Warmup)
Chain 4: Iteration:  800 / 4000 [ 20%]  (Warmup)
Chain 2: Iteration:  800 / 4000 [ 20%]  (Warmup)
Chain 1: Iteration: 1200 / 4000 [ 30%]  (Warmup)
Chain 3: Iteration: 1200 / 4000 [ 30%]  (Warmup)
Chain 4: Iteration: 1200 / 4000 [ 30%]  (Warmup)
Chain 2: Iteration: 1200 / 4000 [ 30%]  (Warmup)
Chain 1: Iteration: 1600 / 4000 [ 40%]  (Warmup)
Chain 3: Iteration: 1600 / 4000 [ 40%]  (Warmup)
Chain 4: Iteration: 1600 / 4000 [ 40%]  (Warmup)
Chain 2: Iteration: 1600 / 4000 [ 40%]  (Warmup)
Chain 1: Iteration: 2000 / 4000 [ 50%]  (Warmup)
Chain 1: Iteration: 2001 / 4000 [ 50%]  (Sampling)
Chain 3: Iteration: 2000 / 4000 [ 50%]  (Warmup)
Chain 3: Iteration: 2001 / 4000 [ 50%]  (Sampling)
Chain 2: Iteration: 2000 / 4000 [ 50%]  (Warmup)
Chain 2: Iteration: 2001 / 4000 [ 50%]  (Sampling)
Chain 4: Iteration: 2000 / 4000 [ 50%]  (Warmup)
Chain 4: Iteration: 2001 / 4000 [ 50%]  (Sampling)
Chain 1: Iteration: 2400 / 4000 [ 60%]  (Sampling)
Chain 2: Iteration: 2400 / 4000 [ 60%]  (Sampling)
Chain 3: Iteration: 2400 / 4000 [ 60%]  (Sampling)
Chain 1: Iteration: 2800 / 4000 [ 70%]  (Sampling)
Chain 4: Iteration: 2400 / 4000 [ 60%]  (Sampling)
Chain 2: Iteration: 2800 / 4000 [ 70%]  (Sampling)
Chain 1: Iteration: 3200 / 4000 [ 80%]  (Sampling)
Chain 2: Iteration: 3200 / 4000 [ 80%]  (Sampling)
Chain 3: Iteration: 2800 / 4000 [ 70%]  (Sampling)
Chain 4: Iteration: 2800 / 4000 [ 70%]  (Sampling)
Chain 1: Iteration: 3600 / 4000 [ 90%]  (Sampling)
Chain 2: Iteration: 3600 / 4000 [ 90%]  (Sampling)
Chain 1: Iteration: 4000 / 4000 [100%]  (Sampling)
Chain 1: 
Chain 1:  Elapsed Time: 47.213 seconds (Warm-up)
Chain 1:                39.362 seconds (Sampling)
Chain 1:                86.575 seconds (Total)
Chain 1: 
Chain 2: Iteration: 4000 / 4000 [100%]  (Sampling)
Chain 2: 
Chain 2:  Elapsed Time: 49.849 seconds (Warm-up)
Chain 2:                39.399 seconds (Sampling)
Chain 2:                89.248 seconds (Total)
Chain 2: 
Chain 3: Iteration: 3200 / 4000 [ 80%]  (Sampling)
Chain 4: Iteration: 3200 / 4000 [ 80%]  (Sampling)
Chain 3: Iteration: 3600 / 4000 [ 90%]  (Sampling)
Chain 4: Iteration: 3600 / 4000 [ 90%]  (Sampling)
Chain 3: Iteration: 4000 / 4000 [100%]  (Sampling)
Chain 3: 
Chain 3:  Elapsed Time: 48.709 seconds (Warm-up)
Chain 3:                69.627 seconds (Sampling)
Chain 3:                118.336 seconds (Total)
Chain 3: 
Chain 4: Iteration: 4000 / 4000 [100%]  (Sampling)
Chain 4: 
Chain 4:  Elapsed Time: 50.85 seconds (Warm-up)
Chain 4:                69.065 seconds (Sampling)
Chain 4:                119.915 seconds (Total)
Chain 4: 

SAMPLING FOR MODEL 'ratio_v2_joint_bb' NOW (CHAIN 1).

SAMPLING FOR MODEL 'ratio_v2_joint_bb' NOW (CHAIN 2).
Chain 1: 
Chain 1: Gradient evaluation took 0.001168 seconds
Chain 1: 1000 transitions using 10 leapfrog steps per transition would take 11.68 seconds.
Chain 1: Adjust your expectations accordingly!
Chain 1: 
Chain 1: 
Chain 1: Iteration:    1 / 4000 [  0%]  (Warmup)

SAMPLING FOR MODEL 'ratio_v2_joint_bb' NOW (CHAIN 3).
Chain 2: 
Chain 2: Gradient evaluation took 0.001137 seconds
Chain 2: 1000 transitions using 10 leapfrog steps per transition would take 11.37 seconds.
Chain 2: Adjust your expectations accordingly!
Chain 2: 
Chain 2: 
Chain 2: Iteration:    1 / 4000 [  0%]  (Warmup)

SAMPLING FOR MODEL 'ratio_v2_joint_bb' NOW (CHAIN 4).
Chain 3: 
Chain 3: Gradient evaluation took 0.001127 seconds
Chain 3: 1000 transitions using 10 leapfrog steps per transition would take 11.27 seconds.
Chain 3: Adjust your expectations accordingly!
Chain 3: 
Chain 3: 
Chain 3: Iteration:    1 / 4000 [  0%]  (Warmup)
Chain 4: 
Chain 4: Gradient evaluation took 0.001144 seconds
Chain 4: 1000 transitions using 10 leapfrog steps per transition would take 11.44 seconds.
Chain 4: Adjust your expectations accordingly!
Chain 4: 
Chain 4: 
Chain 4: Iteration:    1 / 4000 [  0%]  (Warmup)
Chain 1: Iteration:  400 / 4000 [ 10%]  (Warmup)
Chain 2: Iteration:  400 / 4000 [ 10%]  (Warmup)
Chain 4: Iteration:  400 / 4000 [ 10%]  (Warmup)
Chain 3: Iteration:  400 / 4000 [ 10%]  (Warmup)
Chain 1: Iteration:  800 / 4000 [ 20%]  (Warmup)
Chain 2: Iteration:  800 / 4000 [ 20%]  (Warmup)
Chain 4: Iteration:  800 / 4000 [ 20%]  (Warmup)
Chain 3: Iteration:  800 / 4000 [ 20%]  (Warmup)
Chain 2: Iteration: 1200 / 4000 [ 30%]  (Warmup)
Chain 4: Iteration: 1200 / 4000 [ 30%]  (Warmup)
Chain 1: Iteration: 1200 / 4000 [ 30%]  (Warmup)
Chain 3: Iteration: 1200 / 4000 [ 30%]  (Warmup)
Chain 2: Iteration: 1600 / 4000 [ 40%]  (Warmup)
Chain 4: Iteration: 1600 / 4000 [ 40%]  (Warmup)
Chain 1: Iteration: 1600 / 4000 [ 40%]  (Warmup)
Chain 3: Iteration: 1600 / 4000 [ 40%]  (Warmup)
Chain 2: Iteration: 2000 / 4000 [ 50%]  (Warmup)
Chain 2: Iteration: 2001 / 4000 [ 50%]  (Sampling)
Chain 1: Iteration: 2000 / 4000 [ 50%]  (Warmup)
Chain 1: Iteration: 2001 / 4000 [ 50%]  (Sampling)
Chain 4: Iteration: 2000 / 4000 [ 50%]  (Warmup)
Chain 4: Iteration: 2001 / 4000 [ 50%]  (Sampling)
Chain 3: Iteration: 2000 / 4000 [ 50%]  (Warmup)
Chain 3: Iteration: 2001 / 4000 [ 50%]  (Sampling)
Chain 2: Iteration: 2400 / 4000 [ 60%]  (Sampling)
Chain 1: Iteration: 2400 / 4000 [ 60%]  (Sampling)
Chain 4: Iteration: 2400 / 4000 [ 60%]  (Sampling)
Chain 2: Iteration: 2800 / 4000 [ 70%]  (Sampling)
Chain 4: Iteration: 2800 / 4000 [ 70%]  (Sampling)
Chain 1: Iteration: 2800 / 4000 [ 70%]  (Sampling)
Chain 3: Iteration: 2400 / 4000 [ 60%]  (Sampling)
Chain 2: Iteration: 3200 / 4000 [ 80%]  (Sampling)
Chain 4: Iteration: 3200 / 4000 [ 80%]  (Sampling)
Chain 1: Iteration: 3200 / 4000 [ 80%]  (Sampling)
Chain 2: Iteration: 3600 / 4000 [ 90%]  (Sampling)
Chain 3: Iteration: 2800 / 4000 [ 70%]  (Sampling)
Chain 4: Iteration: 3600 / 4000 [ 90%]  (Sampling)
Chain 1: Iteration: 3600 / 4000 [ 90%]  (Sampling)
Chain 2: Iteration: 4000 / 4000 [100%]  (Sampling)
Chain 2: 
Chain 2:  Elapsed Time: 55.517 seconds (Warm-up)
Chain 2:                45.747 seconds (Sampling)
Chain 2:                101.264 seconds (Total)
Chain 2: 
Chain 4: Iteration: 4000 / 4000 [100%]  (Sampling)
Chain 4: 
Chain 4:  Elapsed Time: 56.677 seconds (Warm-up)
Chain 4:                45.701 seconds (Sampling)
Chain 4:                102.378 seconds (Total)
Chain 4: 
Chain 1: Iteration: 4000 / 4000 [100%]  (Sampling)
Chain 1: 
Chain 1:  Elapsed Time: 56.498 seconds (Warm-up)
Chain 1:                46.457 seconds (Sampling)
Chain 1:                102.955 seconds (Total)
Chain 1: 
Chain 3: Iteration: 3200 / 4000 [ 80%]  (Sampling)
Chain 3: Iteration: 3600 / 4000 [ 90%]  (Sampling)
Chain 3: Iteration: 4000 / 4000 [100%]  (Sampling)
Chain 3: 
Chain 3:  Elapsed Time: 59.642 seconds (Warm-up)
Chain 3:                83.94 seconds (Sampling)
Chain 3:                143.582 seconds (Total)
Chain 3: 

SAMPLING FOR MODEL 'ratio_v2_joint_bb' NOW (CHAIN 1).

SAMPLING FOR MODEL 'ratio_v2_joint_bb' NOW (CHAIN 2).
Chain 1: 
Chain 1: Gradient evaluation took 0.001123 seconds
Chain 1: 1000 transitions using 10 leapfrog steps per transition would take 11.23 seconds.
Chain 1: Adjust your expectations accordingly!
Chain 1: 
Chain 1: 
Chain 1: Iteration:    1 / 4000 [  0%]  (Warmup)

SAMPLING FOR MODEL 'ratio_v2_joint_bb' NOW (CHAIN 3).
Chain 2: 
Chain 2: Gradient evaluation took 0.001027 seconds
Chain 2: 1000 transitions using 10 leapfrog steps per transition would take 10.27 seconds.
Chain 2: Adjust your expectations accordingly!
Chain 2: 
Chain 2: 
Chain 2: Iteration:    1 / 4000 [  0%]  (Warmup)

SAMPLING FOR MODEL 'ratio_v2_joint_bb' NOW (CHAIN 4).
Chain 3: 
Chain 3: Gradient evaluation took 0.001045 seconds
Chain 3: 1000 transitions using 10 leapfrog steps per transition would take 10.45 seconds.
Chain 3: Adjust your expectations accordingly!
Chain 3: 
Chain 3: 
Chain 3: Iteration:    1 / 4000 [  0%]  (Warmup)
Chain 4: 
Chain 4: Gradient evaluation took 0.001044 seconds
Chain 4: 1000 transitions using 10 leapfrog steps per transition would take 10.44 seconds.
Chain 4: Adjust your expectations accordingly!
Chain 4: 
Chain 4: 
Chain 4: Iteration:    1 / 4000 [  0%]  (Warmup)
Chain 1: Iteration:  400 / 4000 [ 10%]  (Warmup)
Chain 2: Iteration:  400 / 4000 [ 10%]  (Warmup)
Chain 4: Iteration:  400 / 4000 [ 10%]  (Warmup)
Chain 3: Iteration:  400 / 4000 [ 10%]  (Warmup)
Chain 1: Iteration:  800 / 4000 [ 20%]  (Warmup)
Chain 4: Iteration:  800 / 4000 [ 20%]  (Warmup)
Chain 2: Iteration:  800 / 4000 [ 20%]  (Warmup)
Chain 3: Iteration:  800 / 4000 [ 20%]  (Warmup)
Chain 4: Iteration: 1200 / 4000 [ 30%]  (Warmup)
Chain 1: Iteration: 1200 / 4000 [ 30%]  (Warmup)
Chain 3: Iteration: 1200 / 4000 [ 30%]  (Warmup)
Chain 2: Iteration: 1200 / 4000 [ 30%]  (Warmup)
Chain 4: Iteration: 1600 / 4000 [ 40%]  (Warmup)
Chain 1: Iteration: 1600 / 4000 [ 40%]  (Warmup)
Chain 3: Iteration: 1600 / 4000 [ 40%]  (Warmup)
Chain 2: Iteration: 1600 / 4000 [ 40%]  (Warmup)
Chain 4: Iteration: 2000 / 4000 [ 50%]  (Warmup)
Chain 4: Iteration: 2001 / 4000 [ 50%]  (Sampling)
Chain 1: Iteration: 2000 / 4000 [ 50%]  (Warmup)
Chain 1: Iteration: 2001 / 4000 [ 50%]  (Sampling)
Chain 2: Iteration: 2000 / 4000 [ 50%]  (Warmup)
Chain 2: Iteration: 2001 / 4000 [ 50%]  (Sampling)
Chain 3: Iteration: 2000 / 4000 [ 50%]  (Warmup)
Chain 3: Iteration: 2001 / 4000 [ 50%]  (Sampling)
Chain 4: Iteration: 2400 / 4000 [ 60%]  (Sampling)
Chain 1: Iteration: 2400 / 4000 [ 60%]  (Sampling)
Chain 2: Iteration: 2400 / 4000 [ 60%]  (Sampling)
Chain 3: Iteration: 2400 / 4000 [ 60%]  (Sampling)
Chain 4: Iteration: 2800 / 4000 [ 70%]  (Sampling)
Chain 1: Iteration: 2800 / 4000 [ 70%]  (Sampling)
Chain 2: Iteration: 2800 / 4000 [ 70%]  (Sampling)
Chain 3: Iteration: 2800 / 4000 [ 70%]  (Sampling)
Chain 4: Iteration: 3200 / 4000 [ 80%]  (Sampling)
Chain 1: Iteration: 3200 / 4000 [ 80%]  (Sampling)
Chain 2: Iteration: 3200 / 4000 [ 80%]  (Sampling)
Chain 3: Iteration: 3200 / 4000 [ 80%]  (Sampling)
Chain 4: Iteration: 3600 / 4000 [ 90%]  (Sampling)
Chain 1: Iteration: 3600 / 4000 [ 90%]  (Sampling)
Chain 2: Iteration: 3600 / 4000 [ 90%]  (Sampling)
Chain 3: Iteration: 3600 / 4000 [ 90%]  (Sampling)
Chain 4: Iteration: 4000 / 4000 [100%]  (Sampling)
Chain 4: 
Chain 4:  Elapsed Time: 51.208 seconds (Warm-up)
Chain 4:                45.174 seconds (Sampling)
Chain 4:                96.382 seconds (Total)
Chain 4: 
Chain 1: Iteration: 4000 / 4000 [100%]  (Sampling)
Chain 1: 
Chain 1:  Elapsed Time: 51.922 seconds (Warm-up)
Chain 1:                45.174 seconds (Sampling)
Chain 1:                97.096 seconds (Total)
Chain 1: 
Chain 2: Iteration: 4000 / 4000 [100%]  (Sampling)
Chain 2: 
Chain 2:  Elapsed Time: 52.112 seconds (Warm-up)
Chain 2:                45.172 seconds (Sampling)
Chain 2:                97.284 seconds (Total)
Chain 2: 
Chain 3: Iteration: 4000 / 4000 [100%]  (Sampling)
Chain 3: 
Chain 3:  Elapsed Time: 52.522 seconds (Warm-up)
Chain 3:                47.386 seconds (Sampling)
Chain 3:                99.908 seconds (Total)
Chain 3: 

SAMPLING FOR MODEL 'ratio_v2_joint_bb' NOW (CHAIN 1).

SAMPLING FOR MODEL 'ratio_v2_joint_bb' NOW (CHAIN 2).
Chain 1: 
Chain 1: Gradient evaluation took 0.001056 seconds
Chain 1: 1000 transitions using 10 leapfrog steps per transition would take 10.56 seconds.
Chain 1: Adjust your expectations accordingly!
Chain 1: 
Chain 1: 
Chain 1: Iteration:    1 / 4000 [  0%]  (Warmup)

SAMPLING FOR MODEL 'ratio_v2_joint_bb' NOW (CHAIN 3).
Chain 2: 
Chain 2: Gradient evaluation took 0.00105 seconds
Chain 2: 1000 transitions using 10 leapfrog steps per transition would take 10.5 seconds.
Chain 2: Adjust your expectations accordingly!
Chain 2: 
Chain 2: 
Chain 2: Iteration:    1 / 4000 [  0%]  (Warmup)

SAMPLING FOR MODEL 'ratio_v2_joint_bb' NOW (CHAIN 4).
Chain 3: 
Chain 3: Gradient evaluation took 0.001008 seconds
Chain 3: 1000 transitions using 10 leapfrog steps per transition would take 10.08 seconds.
Chain 3: Adjust your expectations accordingly!
Chain 3: 
Chain 3: 
Chain 3: Iteration:    1 / 4000 [  0%]  (Warmup)
Chain 4: 
Chain 4: Gradient evaluation took 0.001024 seconds
Chain 4: 1000 transitions using 10 leapfrog steps per transition would take 10.24 seconds.
Chain 4: Adjust your expectations accordingly!
Chain 4: 
Chain 4: 
Chain 4: Iteration:    1 / 4000 [  0%]  (Warmup)
Chain 1: Iteration:  400 / 4000 [ 10%]  (Warmup)
Chain 2: Iteration:  400 / 4000 [ 10%]  (Warmup)
Chain 3: Iteration:  400 / 4000 [ 10%]  (Warmup)
Chain 4: Iteration:  400 / 4000 [ 10%]  (Warmup)
Chain 1: Iteration:  800 / 4000 [ 20%]  (Warmup)
Chain 3: Iteration:  800 / 4000 [ 20%]  (Warmup)
Chain 2: Iteration:  800 / 4000 [ 20%]  (Warmup)
Chain 4: Iteration:  800 / 4000 [ 20%]  (Warmup)
Chain 1: Iteration: 1200 / 4000 [ 30%]  (Warmup)
Chain 3: Iteration: 1200 / 4000 [ 30%]  (Warmup)
Chain 2: Iteration: 1200 / 4000 [ 30%]  (Warmup)
Chain 4: Iteration: 1200 / 4000 [ 30%]  (Warmup)
Chain 1: Iteration: 1600 / 4000 [ 40%]  (Warmup)
Chain 3: Iteration: 1600 / 4000 [ 40%]  (Warmup)
Chain 2: Iteration: 1600 / 4000 [ 40%]  (Warmup)
Chain 4: Iteration: 1600 / 4000 [ 40%]  (Warmup)
Chain 1: Iteration: 2000 / 4000 [ 50%]  (Warmup)
Chain 1: Iteration: 2001 / 4000 [ 50%]  (Sampling)
Chain 3: Iteration: 2000 / 4000 [ 50%]  (Warmup)
Chain 3: Iteration: 2001 / 4000 [ 50%]  (Sampling)
Chain 2: Iteration: 2000 / 4000 [ 50%]  (Warmup)
Chain 2: Iteration: 2001 / 4000 [ 50%]  (Sampling)
Chain 4: Iteration: 2000 / 4000 [ 50%]  (Warmup)
Chain 4: Iteration: 2001 / 4000 [ 50%]  (Sampling)
Chain 1: Iteration: 2400 / 4000 [ 60%]  (Sampling)
Chain 3: Iteration: 2400 / 4000 [ 60%]  (Sampling)
Chain 2: Iteration: 2400 / 4000 [ 60%]  (Sampling)
Chain 4: Iteration: 2400 / 4000 [ 60%]  (Sampling)
Chain 1: Iteration: 2800 / 4000 [ 70%]  (Sampling)
Chain 3: Iteration: 2800 / 4000 [ 70%]  (Sampling)
Chain 2: Iteration: 2800 / 4000 [ 70%]  (Sampling)
Chain 1: Iteration: 3200 / 4000 [ 80%]  (Sampling)
Chain 3: Iteration: 3200 / 4000 [ 80%]  (Sampling)
Chain 2: Iteration: 3200 / 4000 [ 80%]  (Sampling)
Chain 4: Iteration: 2800 / 4000 [ 70%]  (Sampling)
Chain 1: Iteration: 3600 / 4000 [ 90%]  (Sampling)
Chain 3: Iteration: 3600 / 4000 [ 90%]  (Sampling)
Chain 2: Iteration: 3600 / 4000 [ 90%]  (Sampling)
Chain 4: Iteration: 3200 / 4000 [ 80%]  (Sampling)
Chain 1: Iteration: 4000 / 4000 [100%]  (Sampling)
Chain 1: 
Chain 1:  Elapsed Time: 47.499 seconds (Warm-up)
Chain 1:                40.55 seconds (Sampling)
Chain 1:                88.049 seconds (Total)
Chain 1: 
Chain 2: Iteration: 4000 / 4000 [100%]  (Sampling)
Chain 3: Iteration: 4000 / 4000 [100%]  (Sampling)
Chain 2: 
Chain 2:  Elapsed Time: 48.492 seconds (Warm-up)
Chain 2:                40.66 seconds (Sampling)
Chain 2:                89.152 seconds (Total)
Chain 2: 
Chain 3: 
Chain 3:  Elapsed Time: 47.88 seconds (Warm-up)
Chain 3:                41.206 seconds (Sampling)
Chain 3:                89.086 seconds (Total)
Chain 3: 
Chain 4: Iteration: 3600 / 4000 [ 90%]  (Sampling)
Chain 4: Iteration: 4000 / 4000 [100%]  (Sampling)
Chain 4: 
Chain 4:  Elapsed Time: 51.198 seconds (Warm-up)
Chain 4:                58.496 seconds (Sampling)
Chain 4:                109.694 seconds (Total)
Chain 4: 

SAMPLING FOR MODEL 'ratio_v2_joint_bb' NOW (CHAIN 1).

SAMPLING FOR MODEL 'ratio_v2_joint_bb' NOW (CHAIN 2).

SAMPLING FOR MODEL 'ratio_v2_joint_bb' NOW (CHAIN 3).

SAMPLING FOR MODEL 'ratio_v2_joint_bb' NOW (CHAIN 4).
Chain 1: 
Chain 1: Gradient evaluation took 0.001021 seconds
Chain 1: 1000 transitions using 10 leapfrog steps per transition would take 10.21 seconds.
Chain 1: Adjust your expectations accordingly!
Chain 1: 
Chain 1: 
Chain 1: Iteration:    1 / 4000 [  0%]  (Warmup)
Chain 2: 
Chain 2: Gradient evaluation took 0.001039 seconds
Chain 2: 1000 transitions using 10 leapfrog steps per transition would take 10.39 seconds.
Chain 2: Adjust your expectations accordingly!
Chain 2: 
Chain 2: 
Chain 2: Iteration:    1 / 4000 [  0%]  (Warmup)
Chain 3: 
Chain 3: Gradient evaluation took 0.00098 seconds
Chain 3: 1000 transitions using 10 leapfrog steps per transition would take 9.8 seconds.
Chain 3: Adjust your expectations accordingly!
Chain 3: 
Chain 3: 
Chain 3: Iteration:    1 / 4000 [  0%]  (Warmup)
Chain 4: 
Chain 4: Gradient evaluation took 0.000941 seconds
Chain 4: 1000 transitions using 10 leapfrog steps per transition would take 9.41 seconds.
Chain 4: Adjust your expectations accordingly!
Chain 4: 
Chain 4: 
Chain 4: Iteration:    1 / 4000 [  0%]  (Warmup)
Chain 3: Iteration:  400 / 4000 [ 10%]  (Warmup)
Chain 1: Iteration:  400 / 4000 [ 10%]  (Warmup)
Chain 2: Iteration:  400 / 4000 [ 10%]  (Warmup)
Chain 4: Iteration:  400 / 4000 [ 10%]  (Warmup)
Chain 3: Iteration:  800 / 4000 [ 20%]  (Warmup)
Chain 1: Iteration:  800 / 4000 [ 20%]  (Warmup)
Chain 2: Iteration:  800 / 4000 [ 20%]  (Warmup)
Chain 4: Iteration:  800 / 4000 [ 20%]  (Warmup)
Chain 3: Iteration: 1200 / 4000 [ 30%]  (Warmup)
Chain 1: Iteration: 1200 / 4000 [ 30%]  (Warmup)
Chain 4: Iteration: 1200 / 4000 [ 30%]  (Warmup)
Chain 2: Iteration: 1200 / 4000 [ 30%]  (Warmup)
Chain 3: Iteration: 1600 / 4000 [ 40%]  (Warmup)
Chain 1: Iteration: 1600 / 4000 [ 40%]  (Warmup)
Chain 4: Iteration: 1600 / 4000 [ 40%]  (Warmup)
Chain 2: Iteration: 1600 / 4000 [ 40%]  (Warmup)
Chain 3: Iteration: 2000 / 4000 [ 50%]  (Warmup)
Chain 3: Iteration: 2001 / 4000 [ 50%]  (Sampling)
Chain 1: Iteration: 2000 / 4000 [ 50%]  (Warmup)
Chain 1: Iteration: 2001 / 4000 [ 50%]  (Sampling)
Chain 4: Iteration: 2000 / 4000 [ 50%]  (Warmup)
Chain 4: Iteration: 2001 / 4000 [ 50%]  (Sampling)
Chain 2: Iteration: 2000 / 4000 [ 50%]  (Warmup)
Chain 2: Iteration: 2001 / 4000 [ 50%]  (Sampling)
Chain 3: Iteration: 2400 / 4000 [ 60%]  (Sampling)
Chain 1: Iteration: 2400 / 4000 [ 60%]  (Sampling)
Chain 3: Iteration: 2800 / 4000 [ 70%]  (Sampling)
Chain 2: Iteration: 2400 / 4000 [ 60%]  (Sampling)
Chain 4: Iteration: 2400 / 4000 [ 60%]  (Sampling)
Chain 1: Iteration: 2800 / 4000 [ 70%]  (Sampling)
Chain 3: Iteration: 3200 / 4000 [ 80%]  (Sampling)
Chain 2: Iteration: 2800 / 4000 [ 70%]  (Sampling)
Chain 3: Iteration: 3600 / 4000 [ 90%]  (Sampling)
Chain 1: Iteration: 3200 / 4000 [ 80%]  (Sampling)
Chain 4: Iteration: 2800 / 4000 [ 70%]  (Sampling)
Chain 3: Iteration: 4000 / 4000 [100%]  (Sampling)
Chain 3: 
Chain 3:  Elapsed Time: 47.97 seconds (Warm-up)
Chain 3:                41.12 seconds (Sampling)
Chain 3:                89.09 seconds (Total)
Chain 3: 
Chain 2: Iteration: 3200 / 4000 [ 80%]  (Sampling)
Chain 1: Iteration: 3600 / 4000 [ 90%]  (Sampling)
Chain 4: Iteration: 3200 / 4000 [ 80%]  (Sampling)
Chain 2: Iteration: 3600 / 4000 [ 90%]  (Sampling)
Chain 1: Iteration: 4000 / 4000 [100%]  (Sampling)
Chain 1: 
Chain 1:  Elapsed Time: 48.473 seconds (Warm-up)
Chain 1:                56.443 seconds (Sampling)
Chain 1:                104.916 seconds (Total)
Chain 1: 
Chain 2: Iteration: 4000 / 4000 [100%]  (Sampling)
Chain 2: 
Chain 2:  Elapsed Time: 52.062 seconds (Warm-up)
Chain 2:                63.12 seconds (Sampling)
Chain 2:                115.182 seconds (Total)
Chain 2: 
Chain 4: Iteration: 3600 / 4000 [ 90%]  (Sampling)
Chain 4: Iteration: 4000 / 4000 [100%]  (Sampling)
Chain 4: 
Chain 4:  Elapsed Time: 51.375 seconds (Warm-up)
Chain 4:                79.863 seconds (Sampling)
Chain 4:                131.238 seconds (Total)
Chain 4: 
2026-09-18 22:34:25 CV_ROUTE schemeA_tobit 10 
2026-09-18 22:59:23 FORMAL_V2_COMPLETE 
