Command: docker build --progress=plain -t ratio-analysis-v3-1-local:validated "C:\Users\minfei\Documents\Codex\2026-09-09\02-08-r-x20-2\work\ratio_analysis_20260914_v3"
#0 building with "desktop-linux" instance using docker driver

#1 [internal] load build definition from Dockerfile
#1 transferring dockerfile: 938B done
#1 DONE 0.1s

#2 [internal] load metadata for docker.io/rocker/r2u:24.04@sha256:dc2a96c3b368969635c25c177c64514ba8e37cf2259dd3584de7c33520191d92
#2 DONE 3.9s

#3 [internal] load .dockerignore
#3 transferring context: 2B done
#3 DONE 0.0s

#4 [1/6] FROM docker.io/rocker/r2u:24.04@sha256:dc2a96c3b368969635c25c177c64514ba8e37cf2259dd3584de7c33520191d92
#4 resolve docker.io/rocker/r2u:24.04@sha256:dc2a96c3b368969635c25c177c64514ba8e37cf2259dd3584de7c33520191d92 0.0s done
#4 CACHED

#5 [2/6] RUN apt-get update && apt-get install -y --no-install-recommends     r-cran-brms r-cran-rstan r-cran-posterior r-cran-digest     ca-certificates curl     && rm -rf /var/lib/apt/lists/*
#5 ...

#6 [internal] load build context
#6 transferring context: 183.45kB 0.0s done
#6 DONE 0.1s

#5 [2/6] RUN apt-get update && apt-get install -y --no-install-recommends     r-cran-brms r-cran-rstan r-cran-posterior r-cran-digest     ca-certificates curl     && rm -rf /var/lib/apt/lists/*
#5 2.303 Get:1 http://security.ubuntu.com/ubuntu noble-security InRelease [126 kB]
#5 2.890 Get:2 https://cloud.r-project.org/bin/linux/ubuntu noble-cran40/ InRelease [3,631 B]
#5 3.014 Get:3 https://cloud.r-project.org/bin/linux/ubuntu noble-cran40/ Packages [73.2 kB]
#5 3.415 Get:4 http://archive.ubuntu.com/ubuntu noble InRelease [256 kB]
#5 3.851 Get:5 https://r2u.stat.illinois.edu/ubuntu noble InRelease [9,161 B]
#5 4.137 Get:6 https://r2u.stat.illinois.edu/ubuntu noble/main arm64 Packages [2,949 kB]
#5 4.149 Get:7 http://security.ubuntu.com/ubuntu noble-security/restricted amd64 Packages [1,801 kB]
#5 4.987 Get:8 http://archive.ubuntu.com/ubuntu noble-updates InRelease [126 kB]
#5 5.375 Get:9 https://r2u.stat.illinois.edu/ubuntu noble/main amd64 Packages [3,012 kB]
#5 6.049 Get:10 http://archive.ubuntu.com/ubuntu noble-backports InRelease [126 kB]
#5 6.307 Get:11 http://security.ubuntu.com/ubuntu noble-security/universe amd64 Packages [1,533 kB]
#5 6.633 Get:12 https://r2u.stat.illinois.edu/ubuntu noble/main all Packages [10.2 MB]
#5 7.237 Get:13 http://security.ubuntu.com/ubuntu noble-security/multiverse amd64 Packages [50.0 kB]
#5 11.71 Get:14 http://security.ubuntu.com/ubuntu noble-security/main amd64 Packages [1,245 kB]
#5 12.20 Get:15 http://archive.ubuntu.com/ubuntu noble/main amd64 Packages [1,808 kB]
#5 14.58 Get:16 http://archive.ubuntu.com/ubuntu noble/restricted amd64 Packages [117 kB]
#5 18.65 Get:17 http://archive.ubuntu.com/ubuntu noble/multiverse amd64 Packages [331 kB]
#5 26.11 Get:18 http://archive.ubuntu.com/ubuntu noble/universe amd64 Packages [19.3 MB]
#5 27.88 Get:19 http://archive.ubuntu.com/ubuntu noble-updates/multiverse amd64 Packages [56.2 kB]
#5 31.14 Get:20 http://archive.ubuntu.com/ubuntu noble-updates/universe amd64 Packages [2,149 kB]
#5 33.76 Get:21 http://archive.ubuntu.com/ubuntu noble-updates/restricted amd64 Packages [1,960 kB]
#5 36.75 Get:22 http://archive.ubuntu.com/ubuntu noble-updates/main amd64 Packages [1,580 kB]
#5 37.41 Get:23 http://archive.ubuntu.com/ubuntu noble-backports/multiverse amd64 Packages [671 B]
#5 47.36 Get:24 http://archive.ubuntu.com/ubuntu noble-backports/main amd64 Packages [78.5 kB]
#5 48.26 Get:25 http://archive.ubuntu.com/ubuntu noble-backports/universe amd64 Packages [40.4 kB]
#5 48.28 Fetched 48.9 MB in 48s (1,022 kB/s)
#5 48.28 Reading package lists...
#5 50.12 Reading package lists...
#5 51.84 Building dependency tree...
#5 52.21 Reading state information...
#5 52.65 ca-certificates is already the newest version (20260601~24.04.1).
#5 52.65 The following additional packages will be installed:
#5 52.65   libhwloc15 libtbb12 libtbbbind-2-5 libtbbmalloc2 r-cran-abind
#5 52.65   r-cran-backports r-cran-bayesplot r-cran-bh r-cran-bridgesampling
#5 52.65   r-cran-brobdingnag r-cran-callr r-cran-checkmate r-cran-cli r-cran-coda
#5 52.65   r-cran-cpp11 r-cran-desc r-cran-distributional r-cran-dplyr r-cran-farver
#5 52.65   r-cran-future r-cran-future.apply r-cran-generics r-cran-ggdist
#5 52.65   r-cran-ggplot2 r-cran-ggridges r-cran-globals r-cran-glue r-cran-gridextra
#5 52.65   r-cran-gtable r-cran-inline r-cran-isoband r-cran-labeling r-cran-lifecycle
#5 52.65   r-cran-listenv r-cran-loo r-cran-magrittr r-cran-matrixstats r-cran-mvtnorm
#5 52.65   r-cran-nleqslv r-cran-numderiv r-cran-otel r-cran-parallelly r-cran-pillar
#5 52.65   r-cran-pkgbuild r-cran-pkgconfig r-cran-plyr r-cran-processx r-cran-ps
#5 52.65   r-cran-purrr r-cran-quadprog r-cran-quickjsr r-cran-r6 r-cran-rcolorbrewer
#5 52.65   r-cran-rcpp r-cran-rcppeigen r-cran-rcppparallel r-cran-reshape2
#5 52.65   r-cran-rlang r-cran-rstantools r-cran-s7 r-cran-scales r-cran-stanheaders
#5 52.65   r-cran-stringi r-cran-stringr r-cran-tensora r-cran-tibble r-cran-tidyr
#5 52.65   r-cran-tidyselect r-cran-utf8 r-cran-vctrs r-cran-viridislite r-cran-withr
#5 52.65 Suggested packages:
#5 52.65   libhwloc-contrib-plugins r-cran-ggfortify r-cran-hexbin r-cran-knitr
#5 52.65   r-cran-monotone r-cran-patchwork r-cran-rmarkdown r-cran-rstanarm
#5 52.65   r-cran-shinystan r-cran-testthat r-cran-vdiffr r-cran-r2jags r-cran-rjags
#5 52.65   r-cran-runjags r-cran-r.rsp r-cran-bayesfactor r-cran-nimble r-cran-mcmcpack
#5 52.65   r-cran-emmeans r-cran-projpred r-cran-priorsense r-cran-splines2
#5 52.65   r-cran-rwiener r-cran-rtdists r-cran-extradistr r-cran-mice r-cran-spdep
#5 52.65   r-cran-mnormt r-cran-lme4 r-cran-mcmcglmm r-cran-ape r-cran-arm
#5 52.65   r-cran-statmod r-cran-diffobj r-cran-betareg r-cran-shiny r-cran-ragg
#5 52.65   r-cran-colorspace r-cran-mirai r-cran-future.mirai r-cran-cubature
#5 52.65   r-cran-markdown r-cran-asciicast r-cran-carrier r-cran-otelsdk
#5 52.65   r-cran-rprojroot r-cran-spelling r-cran-fastmatch r-cran-data.table
#5 52.65   r-cran-devtools r-cran-microbenchmark r-cran-tinytest r-cran-covr
#5 52.65   r-cran-crayon r-cran-htmltools r-cran-htmlwidgets r-cran-rstudioapi
#5 52.65   r-cran-whoami r-cran-bench r-cran-brio r-cran-decor r-cran-lobstr
#5 52.65   r-cran-mockery r-cran-progress r-cran-gh r-cran-simplermarkdown
#5 52.65   r-cran-rbenchmark r-cran-actuar r-cran-evd r-cran-gk r-cran-laplacesdemon
#5 52.65   r-cran-pkgdown r-cran-tweediedistr r-cran-broom r-cran-dbi r-cran-dbplyr
#5 52.65   r-cran-lahman r-cran-nycflights13 r-cran-rsqlite r-cran-rhpcblasctl
#5 52.65   r-cran-pkgload r-cran-fda r-cran-beeswarm r-cran-svglite r-cran-fontquiver
#5 52.65   r-cran-sysfonts r-cran-showtext r-cran-ggplot2movies r-cran-hmisc r-cran-hms
#5 52.65   r-cran-mapproj r-cran-maps r-cran-multcomp r-cran-munsell r-cran-profvis
#5 52.65   r-cran-quantreg r-cran-quarto r-cran-roxygen2 r-cran-sf r-cran-xml2
#5 52.65   r-cran-forcats r-cran-waldo r-cran-egg r-cran-magick r-cran-lintr
#5 52.65   r-cran-tidyverse r-cran-r.utils r-cran-base64enc r-cran-r.devices
#5 52.65   r-cran-qrng r-cran-bibtex r-cran-jsonlite r-cran-commonmark r-cran-bit64
#5 52.65   r-cran-debugme r-cran-diagrammer r-cran-formattable r-cran-lubridate
#5 52.65   r-cran-nanotime r-cran-palmerpenguins r-cran-units r-cran-disposables
#5 52.65   r-cran-doparallel r-cran-foreach r-cran-iterators r-cran-itertools
#5 52.65   r-cran-caret r-cran-gbm r-cran-randomforest r-cran-e1071 r-cran-curl
#5 52.65   r-cran-webfakes r-cran-pingr r-cran-httr r-cran-pkgkitten r-cran-fs
#5 52.65   r-cran-usethis r-cran-v8 r-cran-dichromat r-cran-gt r-cran-blob
#5 52.65   r-cran-evaluate r-cran-here r-cran-readr r-cran-repurrrsive r-cran-zeallot
#5 52.65 Recommended packages:
#5 52.65   libhwloc-plugins
#5 52.99 The following NEW packages will be installed:
#5 52.99   curl libhwloc15 libtbb12 libtbbbind-2-5 libtbbmalloc2 r-cran-abind
#5 52.99   r-cran-backports r-cran-bayesplot r-cran-bh r-cran-bridgesampling
#5 52.99   r-cran-brms r-cran-brobdingnag r-cran-callr r-cran-checkmate r-cran-cli
#5 52.99   r-cran-coda r-cran-cpp11 r-cran-desc r-cran-digest r-cran-distributional
#5 52.99   r-cran-dplyr r-cran-farver r-cran-future r-cran-future.apply r-cran-generics
#5 52.99   r-cran-ggdist r-cran-ggplot2 r-cran-ggridges r-cran-globals r-cran-glue
#5 52.99   r-cran-gridextra r-cran-gtable r-cran-inline r-cran-isoband r-cran-labeling
#5 52.99   r-cran-lifecycle r-cran-listenv r-cran-loo r-cran-magrittr
#5 52.99   r-cran-matrixstats r-cran-mvtnorm r-cran-nleqslv r-cran-numderiv r-cran-otel
#5 52.99   r-cran-parallelly r-cran-pillar r-cran-pkgbuild r-cran-pkgconfig r-cran-plyr
#5 52.99   r-cran-posterior r-cran-processx r-cran-ps r-cran-purrr r-cran-quadprog
#5 52.99   r-cran-quickjsr r-cran-r6 r-cran-rcolorbrewer r-cran-rcpp r-cran-rcppeigen
#5 52.99   r-cran-rcppparallel r-cran-reshape2 r-cran-rlang r-cran-rstan
#5 52.99   r-cran-rstantools r-cran-s7 r-cran-scales r-cran-stanheaders r-cran-stringi
#5 52.99   r-cran-stringr r-cran-tensora r-cran-tibble r-cran-tidyr r-cran-tidyselect
#5 52.99   r-cran-utf8 r-cran-vctrs r-cran-viridislite r-cran-withr
#5 54.13 0 upgraded, 77 newly installed, 0 to remove and 24 not upgraded.
#5 54.13 Need to get 75.9 MB of archives.
#5 54.13 After this operation, 266 MB of additional disk space will be used.
#5 54.13 Get:1 https://r2u.stat.illinois.edu/ubuntu noble/main all r-cran-abind all 1.4-8-1.ca2404.1 [66.0 kB]
#5 54.53 Get:2 https://r2u.stat.illinois.edu/ubuntu noble/main amd64 r-cran-backports amd64 1.5.1-1.ca2404.1 [114 kB]
#5 54.69 Get:3 https://r2u.stat.illinois.edu/ubuntu noble/main amd64 r-cran-cli amd64 3.6.6-1.ca2404.1 [1,308 kB]
#5 54.87 Get:4 http://archive.ubuntu.com/ubuntu noble-updates/main amd64 curl amd64 8.5.0-2ubuntu10.13 [226 kB]
#5 55.19 Get:5 https://r2u.stat.illinois.edu/ubuntu noble/main all r-cran-generics all 0.1.4-1.ca2404.1 [79.8 kB]
#5 55.19 Get:6 https://r2u.stat.illinois.edu/ubuntu noble/main amd64 r-cran-glue amd64 1.8.1-1.ca2404.1 [162 kB]
#5 55.19 Get:7 https://r2u.stat.illinois.edu/ubuntu noble/main amd64 r-cran-rlang amd64 1.3.0-1.ca2404.1 [1,561 kB]
#5 55.56 Get:8 https://r2u.stat.illinois.edu/ubuntu noble/main all r-cran-lifecycle all 1.0.5-1.ca2404.1 [122 kB]
#5 55.58 Get:9 https://r2u.stat.illinois.edu/ubuntu noble/main amd64 r-cran-magrittr amd64 2.0.5-1.ca2404.1 [199 kB]
#5 55.61 Get:10 https://r2u.stat.illinois.edu/ubuntu noble/main amd64 r-cran-utf8 amd64 1.2.6-1.ca2404.1 [138 kB]
#5 55.80 Get:11 https://r2u.stat.illinois.edu/ubuntu noble/main amd64 r-cran-vctrs amd64 0.7.3-1.ca2404.3 [1,768 kB]
#5 56.15 Get:12 https://r2u.stat.illinois.edu/ubuntu noble/main all r-cran-pillar all 1.11.1-1.ca2404.1 [608 kB]
#5 56.30 Get:13 https://r2u.stat.illinois.edu/ubuntu noble/main all r-cran-r6 all 2.6.1-1.ca2404.1 [86.9 kB]
#5 56.32 Get:14 https://r2u.stat.illinois.edu/ubuntu noble/main all r-cran-pkgconfig all 2.0.3-1.ca2404.1 [19.4 kB]
#5 56.32 Get:15 https://r2u.stat.illinois.edu/ubuntu noble/main amd64 r-cran-tibble amd64 3.3.1-1.ca2404.1 [578 kB]
#5 56.46 Get:16 https://r2u.stat.illinois.edu/ubuntu noble/main all r-cran-withr all 3.0.3-1.ca2404.1 [220 kB]
#5 56.48 Get:17 https://r2u.stat.illinois.edu/ubuntu noble/main amd64 r-cran-tidyselect amd64 1.2.1-1.ca2404.1 [211 kB]
#5 56.62 Get:18 https://r2u.stat.illinois.edu/ubuntu noble/main amd64 r-cran-dplyr amd64 1.2.1-1.ca2404.1 [1,427 kB]
#5 56.93 Get:19 https://r2u.stat.illinois.edu/ubuntu noble/main all r-cran-gtable all 0.3.6-1.ca2404.1 [219 kB]
#5 57.00 Get:20 https://r2u.stat.illinois.edu/ubuntu noble/main all r-cran-cpp11 all 0.5.5-1.ca2404.1 [238 kB]
#5 57.14 Get:21 https://r2u.stat.illinois.edu/ubuntu noble/main amd64 r-cran-isoband amd64 0.3.0-1.ca2404.1 [1,644 kB]
#5 57.42 Get:22 http://archive.ubuntu.com/ubuntu noble/universe amd64 libhwloc15 amd64 2.10.0-1build1 [172 kB]
#5 57.74 Get:23 https://r2u.stat.illinois.edu/ubuntu noble/main amd64 r-cran-s7 amd64 0.2.2-1.ca2404.1 [299 kB]
#5 57.86 Get:24 https://r2u.stat.illinois.edu/ubuntu noble/main amd64 r-cran-farver amd64 2.1.2-1.ca2404.2 [1,403 kB]
#5 58.32 Get:25 http://archive.ubuntu.com/ubuntu noble/universe amd64 libtbbmalloc2 amd64 2021.11.0-2ubuntu2 [60.5 kB]
#5 58.40 Get:26 https://r2u.stat.illinois.edu/ubuntu noble/main all r-cran-labeling all 0.4.3-1.ca2404.1 [62.0 kB]
#5 58.43 Get:27 https://r2u.stat.illinois.edu/ubuntu noble/main all r-cran-rcolorbrewer all 1.1-3-1.ca2404.1 [52.9 kB]
#5 58.45 Get:28 https://r2u.stat.illinois.edu/ubuntu noble/main all r-cran-viridislite all 0.4.3-1.ca2404.1 [1,297 kB]
#5 58.93 Get:29 https://r2u.stat.illinois.edu/ubuntu noble/main all r-cran-scales all 1.4.0-1.ca2404.1 [762 kB]
#5 59.13 Get:30 http://archive.ubuntu.com/ubuntu noble/universe amd64 libtbbbind-2-5 amd64 2021.11.0-2ubuntu2 [16.4 kB]
#5 59.20 Get:31 https://r2u.stat.illinois.edu/ubuntu noble/main all r-cran-ggplot2 all 4.0.3-1.ca2404.1 [7,780 kB]
#5 60.17 Get:32 http://archive.ubuntu.com/ubuntu noble/universe amd64 libtbb12 amd64 2021.11.0-2ubuntu2 [106 kB]
#5 61.82 Get:33 https://r2u.stat.illinois.edu/ubuntu noble/main all r-cran-numderiv all 2016.8-1.1-1.ca2404.1 [115 kB]
#5 61.86 Get:34 https://r2u.stat.illinois.edu/ubuntu noble/main all r-cran-distributional all 0.9.0-1.ca2404.1 [669 kB]
#5 62.06 Get:35 https://r2u.stat.illinois.edu/ubuntu noble/main amd64 r-cran-quadprog amd64 1.5-8-1.ca2404.2 [31.6 kB]
#5 62.07 Get:36 https://r2u.stat.illinois.edu/ubuntu noble/main amd64 r-cran-rcpp amd64 1.1.2-1.ca2404.1 [2,075 kB]
#5 62.70 Get:37 https://r2u.stat.illinois.edu/ubuntu noble/main amd64 r-cran-ggdist amd64 3.3.3-1.ca2404.1 [2,701 kB]
#5 63.48 Get:38 https://r2u.stat.illinois.edu/ubuntu noble/main all r-cran-ggridges all 0.5.7-1.ca2404.1 [2,149 kB]
#5 64.07 Get:39 https://r2u.stat.illinois.edu/ubuntu noble/main amd64 r-cran-checkmate amd64 2.3.4-1.ca2404.1 [708 kB]
#5 64.26 Get:40 https://r2u.stat.illinois.edu/ubuntu noble/main amd64 r-cran-tensora amd64 0.36.2.1-1.ca2404.1 [218 kB]
#5 64.32 Get:41 https://r2u.stat.illinois.edu/ubuntu noble/main amd64 r-cran-matrixstats amd64 1.5.0-1.ca2404.2 [440 kB]
#5 64.43 Get:42 https://r2u.stat.illinois.edu/ubuntu noble/main all r-cran-posterior all 1.7.0-1.ca2404.1 [980 kB]
#5 64.69 Get:43 https://r2u.stat.illinois.edu/ubuntu noble/main amd64 r-cran-plyr amd64 1.8.9-1.ca2404.1 [774 kB]
#5 64.89 Get:44 https://r2u.stat.illinois.edu/ubuntu noble/main amd64 r-cran-stringi amd64 1.8.9-1.ca2404.1 [911 kB]
#5 65.12 Get:45 https://r2u.stat.illinois.edu/ubuntu noble/main all r-cran-stringr all 1.6.0-1.ca2404.1 [309 kB]
#5 65.20 Get:46 https://r2u.stat.illinois.edu/ubuntu noble/main amd64 r-cran-reshape2 amd64 1.4.5-1.ca2404.1 [116 kB]
#5 65.23 Get:47 https://r2u.stat.illinois.edu/ubuntu noble/main amd64 r-cran-purrr amd64 1.2.2-1.ca2404.1 [534 kB]
#5 65.37 Get:48 https://r2u.stat.illinois.edu/ubuntu noble/main amd64 r-cran-tidyr amd64 1.3.2-1.ca2404.1 [1,111 kB]
#5 65.65 Get:49 https://r2u.stat.illinois.edu/ubuntu noble/main all r-cran-bayesplot all 1.16.0-1.ca2404.1 [5,827 kB]
#5 70.52 Get:50 https://r2u.stat.illinois.edu/ubuntu noble/main all r-cran-bh all 1.90.0-1-1.ca2404.1 [9,043 kB]
#5 83.52 Get:51 https://r2u.stat.illinois.edu/ubuntu noble/main amd64 r-cran-mvtnorm amd64 1.4-2-1.ca2404.1 [1,027 kB]
#5 85.16 Get:52 https://r2u.stat.illinois.edu/ubuntu noble/main all r-cran-brobdingnag all 1.3-1-1.ca2404.1 [984 kB]
#5 87.11 Get:53 https://r2u.stat.illinois.edu/ubuntu noble/main all r-cran-coda all 0.19-4.1-1.ca2404.1 [326 kB]
#5 88.06 Get:54 https://r2u.stat.illinois.edu/ubuntu noble/main all r-cran-bridgesampling all 1.2-1-1.ca2404.1 [1,177 kB]
#5 91.56 Get:55 https://r2u.stat.illinois.edu/ubuntu noble/main amd64 r-cran-rcppparallel amd64 6.2.1-1.ca2404.1 [454 kB]
#5 92.81 Get:56 https://r2u.stat.illinois.edu/ubuntu noble/main amd64 r-cran-rcppeigen amd64 0.3.4.0.2-1.ca2404.1 [1,423 kB]
#5 96.34 Get:57 https://r2u.stat.illinois.edu/ubuntu noble/main amd64 r-cran-stanheaders amd64 2.39.1-1.ca2404.1 [1,494 kB]
#5 98.41 Get:58 https://r2u.stat.illinois.edu/ubuntu noble/main all r-cran-inline all 0.3.21-1.ca2404.1 [130 kB]
#5 98.52 Get:59 https://r2u.stat.illinois.edu/ubuntu noble/main all r-cran-gridextra all 2.3.1-1.ca2404.1 [510 kB]
#5 98.97 Get:60 https://r2u.stat.illinois.edu/ubuntu noble/main all r-cran-loo all 2.10.1-1.ca2404.1 [1,751 kB]
#5 100.2 Get:61 https://r2u.stat.illinois.edu/ubuntu noble/main all r-cran-otel all 0.2.0-1.ca2404.1 [277 kB]
#5 100.3 Get:62 https://r2u.stat.illinois.edu/ubuntu noble/main amd64 r-cran-ps amd64 1.9.3-1.ca2404.1 [400 kB]
#5 100.6 Get:63 https://r2u.stat.illinois.edu/ubuntu noble/main amd64 r-cran-processx amd64 3.9.0-1.ca2404.1 [405 kB]
#5 100.7 Get:64 https://r2u.stat.illinois.edu/ubuntu noble/main all r-cran-callr all 3.8.0-1.ca2404.1 [466 kB]
#5 101.1 Get:65 https://r2u.stat.illinois.edu/ubuntu noble/main all r-cran-desc all 1.4.3-1.ca2404.1 [331 kB]
#5 101.1 Get:66 https://r2u.stat.illinois.edu/ubuntu noble/main all r-cran-pkgbuild all 1.4.8-1.ca2404.1 [201 kB]
#5 101.2 Get:67 https://r2u.stat.illinois.edu/ubuntu noble/main amd64 r-cran-quickjsr amd64 1.11.0-1.ca2404.1 [733 kB]
#5 101.7 Get:68 https://r2u.stat.illinois.edu/ubuntu noble/main amd64 r-cran-rstan amd64 2.32.7-1.ca2404.2 [2,031 kB]
#5 103.3 Get:69 https://r2u.stat.illinois.edu/ubuntu noble/main all r-cran-rstantools all 2.7.1-1.ca2404.1 [539 kB]
#5 103.7 Get:70 https://r2u.stat.illinois.edu/ubuntu noble/main amd64 r-cran-digest amd64 0.6.39-1.ca2404.1 [208 kB]
#5 103.9 Get:71 https://r2u.stat.illinois.edu/ubuntu noble/main all r-cran-globals all 0.19.1-1.ca2404.1 [163 kB]
#5 104.0 Get:72 https://r2u.stat.illinois.edu/ubuntu noble/main all r-cran-listenv all 1.0.0-1.ca2404.1 [124 kB]
#5 104.2 Get:73 https://r2u.stat.illinois.edu/ubuntu noble/main amd64 r-cran-parallelly amd64 1.48.0-1.ca2404.1 [619 kB]
#5 104.8 Get:74 https://r2u.stat.illinois.edu/ubuntu noble/main all r-cran-future all 1.75.0-1.ca2404.1 [954 kB]
#5 106.4 Get:75 https://r2u.stat.illinois.edu/ubuntu noble/main all r-cran-future.apply all 1.20.2-1.ca2404.1 [191 kB]
#5 106.8 Get:76 https://r2u.stat.illinois.edu/ubuntu noble/main amd64 r-cran-nleqslv amd64 3.3.7-1.ca2404.1 [107 kB]
#5 107.0 Get:77 https://r2u.stat.illinois.edu/ubuntu noble/main all r-cran-brms all 2.23.0-1.ca2404.1 [7,140 kB]
#5 129.7 debconf: delaying package configuration, since apt-utils is not installed
#5 129.8 Fetched 75.9 MB in 1min 16s (993 kB/s)
#5 129.8 Selecting previously unselected package curl.
#5 129.8 (Reading database ... 
(Reading database ... 5%
(Reading database ... 10%
(Reading database ... 15%
(Reading database ... 20%
(Reading database ... 25%
(Reading database ... 30%
(Reading database ... 35%
(Reading database ... 40%
(Reading database ... 45%
(Reading database ... 50%
(Reading database ... 55%
(Reading database ... 60%
(Reading database ... 65%
(Reading database ... 70%
(Reading database ... 75%
(Reading database ... 80%
(Reading database ... 85%
(Reading database ... 90%
(Reading database ... 95%
(Reading database ... 100%
(Reading database ... 17715 files and directories currently installed.)
#5 129.9 Preparing to unpack .../00-curl_8.5.0-2ubuntu10.13_amd64.deb ...
#5 129.9 Unpacking curl (8.5.0-2ubuntu10.13) ...
#5 130.0 Selecting previously unselected package libhwloc15:amd64.
#5 130.0 Preparing to unpack .../01-libhwloc15_2.10.0-1build1_amd64.deb ...
#5 130.0 Unpacking libhwloc15:amd64 (2.10.0-1build1) ...
#5 130.1 Selecting previously unselected package libtbbmalloc2:amd64.
#5 130.1 Preparing to unpack .../02-libtbbmalloc2_2021.11.0-2ubuntu2_amd64.deb ...
#5 130.1 Unpacking libtbbmalloc2:amd64 (2021.11.0-2ubuntu2) ...
#5 130.1 Selecting previously unselected package libtbbbind-2-5:amd64.
#5 130.1 Preparing to unpack .../03-libtbbbind-2-5_2021.11.0-2ubuntu2_amd64.deb ...
#5 130.1 Unpacking libtbbbind-2-5:amd64 (2021.11.0-2ubuntu2) ...
#5 130.2 Selecting previously unselected package libtbb12:amd64.
#5 130.2 Preparing to unpack .../04-libtbb12_2021.11.0-2ubuntu2_amd64.deb ...
#5 130.2 Unpacking libtbb12:amd64 (2021.11.0-2ubuntu2) ...
#5 130.2 Selecting previously unselected package r-cran-abind.
#5 130.2 Preparing to unpack .../05-r-cran-abind_1.4-8-1.ca2404.1_all.deb ...
#5 130.2 Unpacking r-cran-abind (1.4-8-1.ca2404.1) ...
#5 130.3 Selecting previously unselected package r-cran-backports.
#5 130.3 Preparing to unpack .../06-r-cran-backports_1.5.1-1.ca2404.1_amd64.deb ...
#5 130.3 Unpacking r-cran-backports (1.5.1-1.ca2404.1) ...
#5 130.3 Selecting previously unselected package r-cran-cli.
#5 130.3 Preparing to unpack .../07-r-cran-cli_3.6.6-1.ca2404.1_amd64.deb ...
#5 130.4 Unpacking r-cran-cli (3.6.6-1.ca2404.1) ...
#5 130.4 Selecting previously unselected package r-cran-generics.
#5 130.4 Preparing to unpack .../08-r-cran-generics_0.1.4-1.ca2404.1_all.deb ...
#5 130.4 Unpacking r-cran-generics (0.1.4-1.ca2404.1) ...
#5 130.5 Selecting previously unselected package r-cran-glue.
#5 130.5 Preparing to unpack .../09-r-cran-glue_1.8.1-1.ca2404.1_amd64.deb ...
#5 130.5 Unpacking r-cran-glue (1.8.1-1.ca2404.1) ...
#5 130.5 Selecting previously unselected package r-cran-rlang.
#5 130.5 Preparing to unpack .../10-r-cran-rlang_1.3.0-1.ca2404.1_amd64.deb ...
#5 130.5 Unpacking r-cran-rlang (1.3.0-1.ca2404.1) ...
#5 130.6 Selecting previously unselected package r-cran-lifecycle.
#5 130.6 Preparing to unpack .../11-r-cran-lifecycle_1.0.5-1.ca2404.1_all.deb ...
#5 130.6 Unpacking r-cran-lifecycle (1.0.5-1.ca2404.1) ...
#5 130.7 Selecting previously unselected package r-cran-magrittr.
#5 130.7 Preparing to unpack .../12-r-cran-magrittr_2.0.5-1.ca2404.1_amd64.deb ...
#5 130.7 Unpacking r-cran-magrittr (2.0.5-1.ca2404.1) ...
#5 130.7 Selecting previously unselected package r-cran-utf8.
#5 130.7 Preparing to unpack .../13-r-cran-utf8_1.2.6-1.ca2404.1_amd64.deb ...
#5 130.7 Unpacking r-cran-utf8 (1.2.6-1.ca2404.1) ...
#5 130.8 Selecting previously unselected package r-cran-vctrs.
#5 130.8 Preparing to unpack .../14-r-cran-vctrs_0.7.3-1.ca2404.3_amd64.deb ...
#5 130.8 Unpacking r-cran-vctrs (0.7.3-1.ca2404.3) ...
#5 130.9 Selecting previously unselected package r-cran-pillar.
#5 130.9 Preparing to unpack .../15-r-cran-pillar_1.11.1-1.ca2404.1_all.deb ...
#5 130.9 Unpacking r-cran-pillar (1.11.1-1.ca2404.1) ...
#5 130.9 Selecting previously unselected package r-cran-r6.
#5 130.9 Preparing to unpack .../16-r-cran-r6_2.6.1-1.ca2404.1_all.deb ...
#5 130.9 Unpacking r-cran-r6 (2.6.1-1.ca2404.1) ...
#5 131.0 Selecting previously unselected package r-cran-pkgconfig.
#5 131.0 Preparing to unpack .../17-r-cran-pkgconfig_2.0.3-1.ca2404.1_all.deb ...
#5 131.0 Unpacking r-cran-pkgconfig (2.0.3-1.ca2404.1) ...
#5 131.0 Selecting previously unselected package r-cran-tibble.
#5 131.0 Preparing to unpack .../18-r-cran-tibble_3.3.1-1.ca2404.1_amd64.deb ...
#5 131.0 Unpacking r-cran-tibble (3.3.1-1.ca2404.1) ...
#5 131.1 Selecting previously unselected package r-cran-withr.
#5 131.1 Preparing to unpack .../19-r-cran-withr_3.0.3-1.ca2404.1_all.deb ...
#5 131.1 Unpacking r-cran-withr (3.0.3-1.ca2404.1) ...
#5 131.2 Selecting previously unselected package r-cran-tidyselect.
#5 131.2 Preparing to unpack .../20-r-cran-tidyselect_1.2.1-1.ca2404.1_amd64.deb ...
#5 131.2 Unpacking r-cran-tidyselect (1.2.1-1.ca2404.1) ...
#5 131.2 Selecting previously unselected package r-cran-dplyr.
#5 131.2 Preparing to unpack .../21-r-cran-dplyr_1.2.1-1.ca2404.1_amd64.deb ...
#5 131.2 Unpacking r-cran-dplyr (1.2.1-1.ca2404.1) ...
#5 131.3 Selecting previously unselected package r-cran-gtable.
#5 131.3 Preparing to unpack .../22-r-cran-gtable_0.3.6-1.ca2404.1_all.deb ...
#5 131.3 Unpacking r-cran-gtable (0.3.6-1.ca2404.1) ...
#5 131.4 Selecting previously unselected package r-cran-cpp11.
#5 131.4 Preparing to unpack .../23-r-cran-cpp11_0.5.5-1.ca2404.1_all.deb ...
#5 131.4 Unpacking r-cran-cpp11 (0.5.5-1.ca2404.1) ...
#5 131.4 Selecting previously unselected package r-cran-isoband.
#5 131.4 Preparing to unpack .../24-r-cran-isoband_0.3.0-1.ca2404.1_amd64.deb ...
#5 131.4 Unpacking r-cran-isoband (0.3.0-1.ca2404.1) ...
#5 131.5 Selecting previously unselected package r-cran-s7.
#5 131.5 Preparing to unpack .../25-r-cran-s7_0.2.2-1.ca2404.1_amd64.deb ...
#5 131.5 Unpacking r-cran-s7 (0.2.2-1.ca2404.1) ...
#5 131.6 Selecting previously unselected package r-cran-farver.
#5 131.6 Preparing to unpack .../26-r-cran-farver_2.1.2-1.ca2404.2_amd64.deb ...
#5 131.6 Unpacking r-cran-farver (2.1.2-1.ca2404.2) ...
#5 131.6 Selecting previously unselected package r-cran-labeling.
#5 131.6 Preparing to unpack .../27-r-cran-labeling_0.4.3-1.ca2404.1_all.deb ...
#5 131.7 Unpacking r-cran-labeling (0.4.3-1.ca2404.1) ...
#5 131.7 Selecting previously unselected package r-cran-rcolorbrewer.
#5 131.7 Preparing to unpack .../28-r-cran-rcolorbrewer_1.1-3-1.ca2404.1_all.deb ...
#5 131.7 Unpacking r-cran-rcolorbrewer (1.1-3-1.ca2404.1) ...
#5 131.8 Selecting previously unselected package r-cran-viridislite.
#5 131.8 Preparing to unpack .../29-r-cran-viridislite_0.4.3-1.ca2404.1_all.deb ...
#5 131.8 Unpacking r-cran-viridislite (0.4.3-1.ca2404.1) ...
#5 131.8 Selecting previously unselected package r-cran-scales.
#5 131.8 Preparing to unpack .../30-r-cran-scales_1.4.0-1.ca2404.1_all.deb ...
#5 131.8 Unpacking r-cran-scales (1.4.0-1.ca2404.1) ...
#5 131.9 Selecting previously unselected package r-cran-ggplot2.
#5 131.9 Preparing to unpack .../31-r-cran-ggplot2_4.0.3-1.ca2404.1_all.deb ...
#5 131.9 Unpacking r-cran-ggplot2 (4.0.3-1.ca2404.1) ...
#5 132.0 Selecting previously unselected package r-cran-numderiv.
#5 132.0 Preparing to unpack .../32-r-cran-numderiv_2016.8-1.1-1.ca2404.1_all.deb ...
#5 132.0 Unpacking r-cran-numderiv (2016.8-1.1-1.ca2404.1) ...
#5 132.1 Selecting previously unselected package r-cran-distributional.
#5 132.1 Preparing to unpack .../33-r-cran-distributional_0.9.0-1.ca2404.1_all.deb ...
#5 132.1 Unpacking r-cran-distributional (0.9.0-1.ca2404.1) ...
#5 132.1 Selecting previously unselected package r-cran-quadprog.
#5 132.1 Preparing to unpack .../34-r-cran-quadprog_1.5-8-1.ca2404.2_amd64.deb ...
#5 132.1 Unpacking r-cran-quadprog (1.5-8-1.ca2404.2) ...
#5 132.2 Selecting previously unselected package r-cran-rcpp.
#5 132.2 Preparing to unpack .../35-r-cran-rcpp_1.1.2-1.ca2404.1_amd64.deb ...
#5 132.2 Unpacking r-cran-rcpp (1.1.2-1.ca2404.1) ...
#5 132.4 Selecting previously unselected package r-cran-ggdist.
#5 132.4 Preparing to unpack .../36-r-cran-ggdist_3.3.3-1.ca2404.1_amd64.deb ...
#5 132.4 Unpacking r-cran-ggdist (3.3.3-1.ca2404.1) ...
#5 132.5 Selecting previously unselected package r-cran-ggridges.
#5 132.5 Preparing to unpack .../37-r-cran-ggridges_0.5.7-1.ca2404.1_all.deb ...
#5 132.5 Unpacking r-cran-ggridges (0.5.7-1.ca2404.1) ...
#5 132.6 Selecting previously unselected package r-cran-checkmate.
#5 132.6 Preparing to unpack .../38-r-cran-checkmate_2.3.4-1.ca2404.1_amd64.deb ...
#5 132.6 Unpacking r-cran-checkmate (2.3.4-1.ca2404.1) ...
#5 132.6 Selecting previously unselected package r-cran-tensora.
#5 132.6 Preparing to unpack .../39-r-cran-tensora_0.36.2.1-1.ca2404.1_amd64.deb ...
#5 132.6 Unpacking r-cran-tensora (0.36.2.1-1.ca2404.1) ...
#5 132.7 Selecting previously unselected package r-cran-matrixstats.
#5 132.7 Preparing to unpack .../40-r-cran-matrixstats_1.5.0-1.ca2404.2_amd64.deb ...
#5 132.7 Unpacking r-cran-matrixstats (1.5.0-1.ca2404.2) ...
#5 132.8 Selecting previously unselected package r-cran-posterior.
#5 132.8 Preparing to unpack .../41-r-cran-posterior_1.7.0-1.ca2404.1_all.deb ...
#5 132.8 Unpacking r-cran-posterior (1.7.0-1.ca2404.1) ...
#5 132.8 Selecting previously unselected package r-cran-plyr.
#5 132.8 Preparing to unpack .../42-r-cran-plyr_1.8.9-1.ca2404.1_amd64.deb ...
#5 132.8 Unpacking r-cran-plyr (1.8.9-1.ca2404.1) ...
#5 132.9 Selecting previously unselected package r-cran-stringi.
#5 132.9 Preparing to unpack .../43-r-cran-stringi_1.8.9-1.ca2404.1_amd64.deb ...
#5 132.9 Unpacking r-cran-stringi (1.8.9-1.ca2404.1) ...
#5 132.9 Selecting previously unselected package r-cran-stringr.
#5 132.9 Preparing to unpack .../44-r-cran-stringr_1.6.0-1.ca2404.1_all.deb ...
#5 133.0 Unpacking r-cran-stringr (1.6.0-1.ca2404.1) ...
#5 133.0 Selecting previously unselected package r-cran-reshape2.
#5 133.0 Preparing to unpack .../45-r-cran-reshape2_1.4.5-1.ca2404.1_amd64.deb ...
#5 133.0 Unpacking r-cran-reshape2 (1.4.5-1.ca2404.1) ...
#5 133.1 Selecting previously unselected package r-cran-purrr.
#5 133.1 Preparing to unpack .../46-r-cran-purrr_1.2.2-1.ca2404.1_amd64.deb ...
#5 133.1 Unpacking r-cran-purrr (1.2.2-1.ca2404.1) ...
#5 133.1 Selecting previously unselected package r-cran-tidyr.
#5 133.1 Preparing to unpack .../47-r-cran-tidyr_1.3.2-1.ca2404.1_amd64.deb ...
#5 133.1 Unpacking r-cran-tidyr (1.3.2-1.ca2404.1) ...
#5 133.2 Selecting previously unselected package r-cran-bayesplot.
#5 133.2 Preparing to unpack .../48-r-cran-bayesplot_1.16.0-1.ca2404.1_all.deb ...
#5 133.2 Unpacking r-cran-bayesplot (1.16.0-1.ca2404.1) ...
#5 133.3 Selecting previously unselected package r-cran-bh.
#5 133.3 Preparing to unpack .../49-r-cran-bh_1.90.0-1-1.ca2404.1_all.deb ...
#5 133.3 Unpacking r-cran-bh (1.90.0-1-1.ca2404.1) ...
#5 136.8 Selecting previously unselected package r-cran-mvtnorm.
#5 136.8 Preparing to unpack .../50-r-cran-mvtnorm_1.4-2-1.ca2404.1_amd64.deb ...
#5 136.8 Unpacking r-cran-mvtnorm (1.4-2-1.ca2404.1) ...
#5 136.9 Selecting previously unselected package r-cran-brobdingnag.
#5 136.9 Preparing to unpack .../51-r-cran-brobdingnag_1.3-1-1.ca2404.1_all.deb ...
#5 136.9 Unpacking r-cran-brobdingnag (1.3-1-1.ca2404.1) ...
#5 137.0 Selecting previously unselected package r-cran-coda.
#5 137.0 Preparing to unpack .../52-r-cran-coda_0.19-4.1-1.ca2404.1_all.deb ...
#5 137.0 Unpacking r-cran-coda (0.19-4.1-1.ca2404.1) ...
#5 137.0 Selecting previously unselected package r-cran-bridgesampling.
#5 137.0 Preparing to unpack .../53-r-cran-bridgesampling_1.2-1-1.ca2404.1_all.deb ...
#5 137.0 Unpacking r-cran-bridgesampling (1.2-1-1.ca2404.1) ...
#5 137.1 Selecting previously unselected package r-cran-rcppparallel.
#5 137.1 Preparing to unpack .../54-r-cran-rcppparallel_6.2.1-1.ca2404.1_amd64.deb ...
#5 137.1 Unpacking r-cran-rcppparallel (6.2.1-1.ca2404.1) ...
#5 137.2 Selecting previously unselected package r-cran-rcppeigen.
#5 137.2 Preparing to unpack .../55-r-cran-rcppeigen_0.3.4.0.2-1.ca2404.1_amd64.deb ...
#5 137.2 Unpacking r-cran-rcppeigen (0.3.4.0.2-1.ca2404.1) ...
#5 137.5 Selecting previously unselected package r-cran-stanheaders.
#5 137.5 Preparing to unpack .../56-r-cran-stanheaders_2.39.1-1.ca2404.1_amd64.deb ...
#5 137.5 Unpacking r-cran-stanheaders (2.39.1-1.ca2404.1) ...
#5 138.1 Selecting previously unselected package r-cran-inline.
#5 138.1 Preparing to unpack .../57-r-cran-inline_0.3.21-1.ca2404.1_all.deb ...
#5 138.1 Unpacking r-cran-inline (0.3.21-1.ca2404.1) ...
#5 138.2 Selecting previously unselected package r-cran-gridextra.
#5 138.2 Preparing to unpack .../58-r-cran-gridextra_2.3.1-1.ca2404.1_all.deb ...
#5 138.2 Unpacking r-cran-gridextra (2.3.1-1.ca2404.1) ...
#5 138.2 Selecting previously unselected package r-cran-loo.
#5 138.2 Preparing to unpack .../59-r-cran-loo_2.10.1-1.ca2404.1_all.deb ...
#5 138.3 Unpacking r-cran-loo (2.10.1-1.ca2404.1) ...
#5 138.3 Selecting previously unselected package r-cran-otel.
#5 138.3 Preparing to unpack .../60-r-cran-otel_0.2.0-1.ca2404.1_all.deb ...
#5 138.3 Unpacking r-cran-otel (0.2.0-1.ca2404.1) ...
#5 138.4 Selecting previously unselected package r-cran-ps.
#5 138.4 Preparing to unpack .../61-r-cran-ps_1.9.3-1.ca2404.1_amd64.deb ...
#5 138.4 Unpacking r-cran-ps (1.9.3-1.ca2404.1) ...
#5 138.4 Selecting previously unselected package r-cran-processx.
#5 138.4 Preparing to unpack .../62-r-cran-processx_3.9.0-1.ca2404.1_amd64.deb ...
#5 138.5 Unpacking r-cran-processx (3.9.0-1.ca2404.1) ...
#5 138.5 Selecting previously unselected package r-cran-callr.
#5 138.5 Preparing to unpack .../63-r-cran-callr_3.8.0-1.ca2404.1_all.deb ...
#5 138.5 Unpacking r-cran-callr (3.8.0-1.ca2404.1) ...
#5 138.6 Selecting previously unselected package r-cran-desc.
#5 138.6 Preparing to unpack .../64-r-cran-desc_1.4.3-1.ca2404.1_all.deb ...
#5 138.6 Unpacking r-cran-desc (1.4.3-1.ca2404.1) ...
#5 138.6 Selecting previously unselected package r-cran-pkgbuild.
#5 138.7 Preparing to unpack .../65-r-cran-pkgbuild_1.4.8-1.ca2404.1_all.deb ...
#5 138.7 Unpacking r-cran-pkgbuild (1.4.8-1.ca2404.1) ...
#5 138.7 Selecting previously unselected package r-cran-quickjsr.
#5 138.7 Preparing to unpack .../66-r-cran-quickjsr_1.11.0-1.ca2404.1_amd64.deb ...
#5 138.7 Unpacking r-cran-quickjsr (1.11.0-1.ca2404.1) ...
#5 138.8 Selecting previously unselected package r-cran-rstan.
#5 138.8 Preparing to unpack .../67-r-cran-rstan_2.32.7-1.ca2404.2_amd64.deb ...
#5 138.8 Unpacking r-cran-rstan (2.32.7-1.ca2404.2) ...
#5 138.9 Selecting previously unselected package r-cran-rstantools.
#5 138.9 Preparing to unpack .../68-r-cran-rstantools_2.7.1-1.ca2404.1_all.deb ...
#5 138.9 Unpacking r-cran-rstantools (2.7.1-1.ca2404.1) ...
#5 139.0 Selecting previously unselected package r-cran-digest.
#5 139.0 Preparing to unpack .../69-r-cran-digest_0.6.39-1.ca2404.1_amd64.deb ...
#5 139.0 Unpacking r-cran-digest (0.6.39-1.ca2404.1) ...
#5 139.0 Selecting previously unselected package r-cran-globals.
#5 139.0 Preparing to unpack .../70-r-cran-globals_0.19.1-1.ca2404.1_all.deb ...
#5 139.0 Unpacking r-cran-globals (0.19.1-1.ca2404.1) ...
#5 139.1 Selecting previously unselected package r-cran-listenv.
#5 139.1 Preparing to unpack .../71-r-cran-listenv_1.0.0-1.ca2404.1_all.deb ...
#5 139.1 Unpacking r-cran-listenv (1.0.0-1.ca2404.1) ...
#5 139.2 Selecting previously unselected package r-cran-parallelly.
#5 139.2 Preparing to unpack .../72-r-cran-parallelly_1.48.0-1.ca2404.1_amd64.deb ...
#5 139.2 Unpacking r-cran-parallelly (1.48.0-1.ca2404.1) ...
#5 139.3 Selecting previously unselected package r-cran-future.
#5 139.3 Preparing to unpack .../73-r-cran-future_1.75.0-1.ca2404.1_all.deb ...
#5 139.3 Unpacking r-cran-future (1.75.0-1.ca2404.1) ...
#5 139.4 Selecting previously unselected package r-cran-future.apply.
#5 139.4 Preparing to unpack .../74-r-cran-future.apply_1.20.2-1.ca2404.1_all.deb ...
#5 139.4 Unpacking r-cran-future.apply (1.20.2-1.ca2404.1) ...
#5 139.4 Selecting previously unselected package r-cran-nleqslv.
#5 139.4 Preparing to unpack .../75-r-cran-nleqslv_3.3.7-1.ca2404.1_amd64.deb ...
#5 139.4 Unpacking r-cran-nleqslv (3.3.7-1.ca2404.1) ...
#5 139.5 Selecting previously unselected package r-cran-brms.
#5 139.5 Preparing to unpack .../76-r-cran-brms_2.23.0-1.ca2404.1_all.deb ...
#5 139.5 Unpacking r-cran-brms (2.23.0-1.ca2404.1) ...
#5 139.6 Setting up r-cran-nleqslv (3.3.7-1.ca2404.1) ...
#5 139.7 Setting up r-cran-bh (1.90.0-1-1.ca2404.1) ...
#5 139.7 Setting up libtbbmalloc2:amd64 (2021.11.0-2ubuntu2) ...
#5 139.7 Setting up r-cran-rcpp (1.1.2-1.ca2404.1) ...
#5 139.7 Setting up r-cran-inline (0.3.21-1.ca2404.1) ...
#5 139.7 Setting up r-cran-rlang (1.3.0-1.ca2404.1) ...
#5 139.7 Setting up r-cran-matrixstats (1.5.0-1.ca2404.2) ...
#5 139.8 Setting up r-cran-listenv (1.0.0-1.ca2404.1) ...
#5 139.8 Setting up r-cran-withr (3.0.3-1.ca2404.1) ...
#5 139.8 Setting up r-cran-backports (1.5.1-1.ca2404.1) ...
#5 139.8 Setting up r-cran-generics (0.1.4-1.ca2404.1) ...
#5 139.8 Setting up r-cran-abind (1.4-8-1.ca2404.1) ...
#5 139.8 Setting up r-cran-digest (0.6.39-1.ca2404.1) ...
#5 139.9 Setting up r-cran-checkmate (2.3.4-1.ca2404.1) ...
#5 139.9 Setting up r-cran-glue (1.8.1-1.ca2404.1) ...
#5 139.9 Setting up r-cran-tensora (0.36.2.1-1.ca2404.1) ...
#5 139.9 Setting up r-cran-cli (3.6.6-1.ca2404.1) ...
#5 139.9 Setting up r-cran-lifecycle (1.0.5-1.ca2404.1) ...
#5 139.9 Setting up r-cran-pkgconfig (2.0.3-1.ca2404.1) ...
#5 140.0 Setting up r-cran-quickjsr (1.11.0-1.ca2404.1) ...
#5 140.0 Setting up r-cran-utf8 (1.2.6-1.ca2404.1) ...
#5 140.0 Setting up r-cran-parallelly (1.48.0-1.ca2404.1) ...
#5 140.0 Setting up r-cran-stringi (1.8.9-1.ca2404.1) ...
#5 140.0 Setting up r-cran-s7 (0.2.2-1.ca2404.1) ...
#5 140.0 Setting up r-cran-cpp11 (0.5.5-1.ca2404.1) ...
#5 140.1 Setting up r-cran-mvtnorm (1.4-2-1.ca2404.1) ...
#5 140.1 Setting up r-cran-plyr (1.8.9-1.ca2404.1) ...
#5 140.1 Setting up r-cran-rcolorbrewer (1.1-3-1.ca2404.1) ...
#5 140.1 Setting up r-cran-isoband (0.3.0-1.ca2404.1) ...
#5 140.1 Setting up libhwloc15:amd64 (2.10.0-1build1) ...
#5 140.2 Setting up r-cran-gtable (0.3.6-1.ca2404.1) ...
#5 140.2 Setting up r-cran-otel (0.2.0-1.ca2404.1) ...
#5 140.2 Setting up r-cran-labeling (0.4.3-1.ca2404.1) ...
#5 140.2 Setting up r-cran-ps (1.9.3-1.ca2404.1) ...
#5 140.2 Setting up r-cran-farver (2.1.2-1.ca2404.2) ...
#5 140.2 Setting up r-cran-viridislite (0.4.3-1.ca2404.1) ...
#5 140.3 Setting up curl (8.5.0-2ubuntu10.13) ...
#5 140.3 Setting up r-cran-r6 (2.6.1-1.ca2404.1) ...
#5 140.3 Setting up r-cran-globals (0.19.1-1.ca2404.1) ...
#5 140.3 Setting up r-cran-numderiv (2016.8-1.1-1.ca2404.1) ...
#5 140.3 Setting up r-cran-coda (0.19-4.1-1.ca2404.1) ...
#5 140.3 Setting up r-cran-magrittr (2.0.5-1.ca2404.1) ...
#5 140.4 Setting up r-cran-vctrs (0.7.3-1.ca2404.3) ...
#5 140.4 Setting up r-cran-brobdingnag (1.3-1-1.ca2404.1) ...
#5 140.4 Setting up r-cran-rcppeigen (0.3.4.0.2-1.ca2404.1) ...
#5 140.4 Setting up r-cran-quadprog (1.5-8-1.ca2404.2) ...
#5 140.4 Setting up r-cran-pillar (1.11.1-1.ca2404.1) ...
#5 140.4 Setting up r-cran-stringr (1.6.0-1.ca2404.1) ...
#5 140.5 Setting up r-cran-distributional (0.9.0-1.ca2404.1) ...
#5 140.5 Setting up r-cran-processx (3.9.0-1.ca2404.1) ...
#5 140.5 Setting up r-cran-desc (1.4.3-1.ca2404.1) ...
#5 140.5 Setting up r-cran-tibble (3.3.1-1.ca2404.1) ...
#5 140.5 Setting up r-cran-future (1.75.0-1.ca2404.1) ...
#5 140.6 Setting up libtbbbind-2-5:amd64 (2021.11.0-2ubuntu2) ...
#5 140.6 Setting up r-cran-tidyselect (1.2.1-1.ca2404.1) ...
#5 140.6 Setting up r-cran-reshape2 (1.4.5-1.ca2404.1) ...
#5 140.6 Setting up r-cran-future.apply (1.20.2-1.ca2404.1) ...
#5 140.6 Setting up r-cran-gridextra (2.3.1-1.ca2404.1) ...
#5 140.6 Setting up r-cran-scales (1.4.0-1.ca2404.1) ...
#5 140.7 Setting up r-cran-purrr (1.2.2-1.ca2404.1) ...
#5 140.7 Setting up r-cran-bridgesampling (1.2-1-1.ca2404.1) ...
#5 140.7 Setting up r-cran-dplyr (1.2.1-1.ca2404.1) ...
#5 140.7 Setting up r-cran-posterior (1.7.0-1.ca2404.1) ...
#5 140.7 Setting up r-cran-callr (3.8.0-1.ca2404.1) ...
#5 140.7 Setting up r-cran-ggplot2 (4.0.3-1.ca2404.1) ...
#5 140.8 Setting up libtbb12:amd64 (2021.11.0-2ubuntu2) ...
#5 140.8 Setting up r-cran-tidyr (1.3.2-1.ca2404.1) ...
#5 140.8 Setting up r-cran-pkgbuild (1.4.8-1.ca2404.1) ...
#5 140.8 Setting up r-cran-loo (2.10.1-1.ca2404.1) ...
#5 140.8 Setting up r-cran-ggridges (0.5.7-1.ca2404.1) ...
#5 140.8 Setting up r-cran-rcppparallel (6.2.1-1.ca2404.1) ...
#5 140.9 Setting up r-cran-stanheaders (2.39.1-1.ca2404.1) ...
#5 140.9 Setting up r-cran-ggdist (3.3.3-1.ca2404.1) ...
#5 140.9 Setting up r-cran-bayesplot (1.16.0-1.ca2404.1) ...
#5 140.9 Setting up r-cran-rstantools (2.7.1-1.ca2404.1) ...
#5 140.9 Setting up r-cran-rstan (2.32.7-1.ca2404.2) ...
#5 141.0 Setting up r-cran-brms (2.23.0-1.ca2404.1) ...
#5 141.0 Processing triggers for libc-bin (2.39-0ubuntu8.8) ...
#5 DONE 141.7s

#7 [3/6] COPY renv.lock /opt/ratio-analysis-v3.1/renv.lock
#7 DONE 0.2s

#8 [4/6] COPY scripts/restore_environment.R /opt/ratio-analysis-v3.1/scripts/restore_environment.R
#8 DONE 0.1s

#9 [5/6] RUN Rscript /opt/ratio-analysis-v3.1/scripts/restore_environment.R     --lockfile /opt/ratio-analysis-v3.1/renv.lock     --library /usr/local/lib/R/site-library
#9 0.654 Untracing function "install.packages" in package "utils"
#9 0.686 trying URL 'https://cran.r-project.org/src/contrib/renv_1.2.4.tar.gz'
#9 3.790 Content type 'application/x-gzip' length 1438389 bytes (1.4 MB)
#9 3.790 ==================================================
#9 4.981 downloaded 1.4 MB
#9 4.981 
#9 5.850 * installing *source* package ‘renv’ ...
#9 5.850 ** this is package ‘renv’ version ‘1.2.4’
#9 5.870 ** package ‘renv’ successfully unpacked and MD5 sums checked
#9 5.870 ** using staged installation
#9 5.897 ** R
#9 6.068 ** inst
#9 6.083 ** byte-compile and prepare package for lazy loading
#9 23.57 ** libs
#9 23.57 using C compiler: ‘x86_64-linux-gnu-gcc (Ubuntu 13.3.0-6ubuntu2~24.04.1) 13.3.0’
#9 23.57 x86_64-linux-gnu-gcc -std=gnu2x -I"/usr/share/R/include" -DNDEBUG       -fpic  -g -O2 -fno-omit-frame-pointer -mno-omit-leaf-frame-pointer -ffile-prefix-map=/build/r-base-SRqRsK/r-base-4.6.1=. -fstack-protector-strong -fstack-clash-protection -Wformat -Werror=format-security -fcf-protection -fdebug-prefix-map=/build/r-base-SRqRsK/r-base-4.6.1=/usr/src/r-base-4.6.1-6.2404.0 -Wdate-time -D_FORTIFY_SOURCE=3  -c renv.c -o renv.o
#9 23.57 x86_64-linux-gnu-gcc -std=gnu2x -shared -L/usr/lib/R/lib -Wl,-Bsymbolic-functions -flto=auto -ffat-lto-objects -Wl,-z,relro -o renv.so renv.o -L/usr/lib/R/lib -lR
#9 23.57 ** help
#9 23.78 *** installing help indices
#9 23.96 *** copying figures
#9 23.96 ** building package indices
#9 24.34 ** installing vignettes
#9 24.35 ** testing if installed package can be loaded from temporary location
#9 24.78 ** checking absolute paths in shared objects and dynamic libraries
#9 24.80 ** testing if installed package can be loaded from final location
#9 25.57 ** testing if installed package keeps a record of temporary installation path
#9 25.58 * DONE (renv)
#9 26.06 Restoring pinned package versions: BH, Brobdingnag, Matrix, RColorBrewer, abind, bridgesampling, coda, codetools, jsonlite, lattice, mgcv, mvtnorm, nlme, numDeriv, quadprog 
#9 26.47 The following required system packages are not installed:
#9 26.47 - cmake   [required by RcppParallel]
#9 26.47 - pandoc  [required by bayesplot, loo, rstantools]
#9 26.47 The R packages depending on these system packages may fail to install.
#9 26.47 
#9 26.47 An administrator can install these packages with:
#9 26.47 - sudo apt install cmake pandoc
#9 26.47 
#9 26.92 - Querying repositories for available source packages ... Done!
#9 33.79 The following package(s) will be updated:
#9 33.79 
#9 33.79 # CRAN -----------------------------------------------------------------------
#9 33.79 - BH               [* -> 1.90.0-1]
#9 33.79 - bridgesampling   [* -> 1.2-1]
#9 33.79 - Brobdingnag      [* -> 1.3-1]
#9 33.79 - cli              [* -> 3.6.6]
#9 33.79 - glue             [* -> 1.8.1]
#9 33.79 - lattice          [* -> 0.23-1]
#9 33.79 - lifecycle        [* -> 1.0.5]
#9 33.79 - magrittr         [* -> 2.0.5]
#9 33.79 - Matrix           [* -> 1.7-6]
#9 33.79 - mvtnorm          [* -> 1.4-2]
#9 33.79 - nlme             [* -> 3.1-170]
#9 33.79 - rlang            [* -> 1.3.0]
#9 33.79 - stringi          [* -> 1.8.9]
#9 33.79 - vctrs            [* -> 0.7.3]
#9 33.79 - viridisLite      [* -> 0.4.3]
#9 33.79 
#9 33.79 # RSPM -----------------------------------------------------------------------
#9 33.79 - abind            [* -> 1.4-8]
#9 33.79 - coda             [* -> 0.19-4.1]
#9 33.79 - codetools        [* -> 0.2-20]
#9 33.79 - farver           [* -> 2.1.2]
#9 33.79 - jsonlite         [* -> 2.0.0]
#9 33.79 - labeling         [* -> 0.4.3]
#9 33.79 - mgcv             [* -> 1.9-4]
#9 33.79 - numDeriv         [* -> 2016.8-1.1]
#9 33.79 - quadprog         [* -> 1.5-8]
#9 33.79 - R6               [* -> 2.6.1]
#9 33.79 - RColorBrewer     [* -> 1.1-3]
#9 33.79 - scales           [* -> 1.4.0]
#9 33.79 - stringr          [* -> 1.6.0]
#9 33.79 
#9 33.85 # Downloading packages -------------------------------------------------------
#9 34.29 
  (0/28) Downloading: R6, labeling, RColorBrewer, numDeriv, ...                 
                                                                                
✔ RColorBrewer 1.1-3                       [12 kB in 0.76s]
#9 35.34 
  (1/28) Downloading: R6, labeling, numDeriv, codetools, ...                    
                                                                                
✔ labeling 0.4.3                           [10 kB in 0.77s]
#9 35.35 
  (2/28) Downloading: R6, numDeriv, codetools, mgcv, ...                        
                                                                                
✔ codetools 0.2-20                         [39 kB in 0.84s]
#9 35.42 
  (3/28) Downloading: R6, numDeriv, mgcv, Matrix, ...                           
                                                                                
✔ numDeriv 2016.8-1.1                      [76 kB in 0.85s]
#9 35.43 
  (4/28) Downloading: R6, mgcv, Matrix, lattice, ...                            
                                                                                
✔ abind 1.4-8                              [22 kB in 0.88s]
#9 35.47 
  (5/28) Downloading: R6, mgcv, Matrix, lattice, ...                            
                                                                                
✔ R6 2.6.1                                 [65 kB in 0.94s]
#9 35.52 
  (6/28) Downloading: mgcv, Matrix, lattice, farver, ...                        
                                                                                
✔ stringr 1.6.0                            [196 kB in 0.97s]
#9 35.55 
  (7/28) Downloading: mgcv, Matrix, lattice, farver, ...                        
                                                                                
✔ magrittr 2.0.5                           [282 kB in 1.1s]
#9 35.65 
  (8/28) Downloading: mgcv, Matrix, lattice, farver, ...                        
                                                                                
✔ coda 0.19-4.1                            [74 kB in 1.1s]
#9 35.65 
  (9/28) Downloading: mgcv, Matrix, lattice, farver, ...                        
                                                                                
✔ lifecycle 1.0.5                          [107 kB in 0.36s]
#9 35.71 
  (10/28) Downloading: mgcv, Matrix, lattice, farver, ...                       
                                                                                
✔ farver 2.1.2                             [1.3 MB in 1.4s]
#9 36.02 
  (11/28) Downloading: mgcv, Matrix, lattice, bridgesampling, ...               
                                                                                
✔ cli 3.6.6                                [644 kB in 1.1s]
#9 36.55 
  (12/28) Downloading: mgcv, Matrix, lattice, bridgesampling, ...               
                                                                                
✔ glue 1.8.1                               [130 kB in 2.1s]
#9 36.69 
  (13/28) Downloading: mgcv, Matrix, lattice, bridgesampling, ...               
                                                                                
✔ Matrix 1.7-6                             [2.5 MB in 2.2s]
#9 36.81 
  (14/28) Downloading: mgcv, lattice, bridgesampling, BH, ...                   
                                                                                
✔ lattice 0.23-1                           [683 kB in 2.4s]
#9 36.97 
  (15/28) Downloading: mgcv, bridgesampling, BH, mvtnorm, ...                   
                                                                                
✔ viridisLite 0.4.3                        [1.3 MB in 3.3s]
#9 38.81 
  (16/28) Downloading: mgcv, bridgesampling, BH, mvtnorm, ...                   
                                                                                
✔ bridgesampling 1.2-1                     [1.2 MB in 4.3s]
#9 38.92 
  (17/28) Downloading: mgcv, BH, mvtnorm, Brobdingnag, ...                      
                                                                                
✔ mgcv 1.9-4                               [1.2 MB in 4.3s]
#9 38.93 
  (18/28) Downloading: BH, mvtnorm, Brobdingnag, scales, ...                    
                                                                                
✔ scales 1.4.0                             [329 kB in 3.7s]
#9 39.23 
  (19/28) Downloading: BH, mvtnorm, Brobdingnag, vctrs, ...                     
                                                                                
✔ mvtnorm 1.4-2                            [1.0 MB in 4.9s]
#9 40.29 
  (20/28) Downloading: BH, Brobdingnag, vctrs, nlme, ...                        
                                                                                
✔ vctrs 0.7.3                              [1.1 MB in 5.7s]
#9 41.24 
  (21/28) Downloading: BH, Brobdingnag, nlme, quadprog, ...                     
                                                                                
✔ Brobdingnag 1.3-1                        [342 kB in 6.1s]
#9 41.51 
  (22/28) Downloading: BH, nlme, quadprog, rlang, ...                           
                                                                                
✔ quadprog 1.5-8                           [36 kB in 5.9s]
#9 41.54 
  (23/28) Downloading: BH, nlme, rlang, jsonlite, ...                           
                                                                                
✔ rlang 1.3.0                              [784 kB in 6.4s]
#9 42.11 
  (24/28) Downloading: BH, nlme, jsonlite, stringi                              
                                                                                
✔ nlme 3.1-170                             [843 kB in 7.0s]
#9 42.69 
  (25/28) Downloading: BH, jsonlite, stringi                                    
                                                                                
✔ jsonlite 2.0.0                           [1.1 MB in 7.3s]
#9 43.33 
  (26/28) Downloading: BH, stringi                                              
                                                                                
✔ stringi 1.8.9                            [11.9 MB in 13s]
#9 49.80 
  (27/28) Downloading: BH                                                       
                                                                                
✔ BH 1.90.0-1                              [14.3 MB in 17s]
#9 52.09 
                                                                                
Successfully downloaded 28 packages in 18 seconds.
#9 52.10 
#9 52.10 # Installing packages --------------------------------------------------------
#9 53.68 
  (0/28) Installing: abind, BH, cli, codetools                                  
  (0/28) Installing: abind, BH, cli, codetools                                  
  (0/28) Installing: abind, BH, cli, codetools                                  
  (0/28) Installing: abind, BH, cli, codetools                                  
  (0/28) Installing: abind, BH, cli, codetools                                  
                                                                                
✔ abind 1.4-8                              [built from source in 2.0s]
#9 55.73 
  (1/28) Installing: BH, cli, codetools                                         
  (1/28) Installing: BH, cli, codetools, farver                                 
  (1/28) Installing: BH, cli, codetools, farver                                 
                                                                                
✔ codetools 0.2-20                         [built from source in 2.4s]
#9 56.09 
  (2/28) Installing: BH, cli, farver                                            
  (2/28) Installing: BH, cli, farver, glue                                      
  (2/28) Installing: BH, cli, farver, glue                                      
                                                                                
✔ BH 1.90.0-1                              [built from source in 4.7s]
#9 59.22 
  (3/28) Installing: cli, farver, glue                                          
  (3/28) Installing: cli, farver, glue, jsonlite                                
                                                                                
✔ glue 1.8.1                               [built from source in 3.1s]
#9 59.26 
  (4/28) Installing: cli, farver, jsonlite                                      
  (4/28) Installing: cli, farver, jsonlite, labeling                            
  (4/28) Installing: cli, farver, jsonlite, labeling                            
  (4/28) Installing: cli, farver, jsonlite, labeling                            
                                                                                
✔ labeling 0.4.3                           [built from source in 2.0s]
#9 61.27 
  (5/28) Installing: cli, farver, jsonlite                                      
  (5/28) Installing: cli, farver, jsonlite, lattice                             
  (5/28) Installing: cli, farver, jsonlite, lattice                             
                                                                                
✔ jsonlite 2.0.0                           [built from source in 6.3s]
#9 65.52 
  (6/28) Installing: cli, farver, lattice                                       
  (6/28) Installing: cli, farver, lattice, magrittr                             
  (6/28) Installing: cli, farver, lattice, magrittr                             
                                                                                
✔ magrittr 2.0.5                           [built from source in 1.9s]
#9 67.44 
  (7/28) Installing: cli, farver, lattice                                       
  (7/28) Installing: cli, farver, lattice, mvtnorm                              
  (7/28) Installing: cli, farver, lattice, mvtnorm                              
                                                                                
✔ cli 3.6.6                                [built from source in 17s]
#9 70.67 
  (8/28) Installing: farver, lattice, mvtnorm                                   
  (8/28) Installing: farver, lattice, mvtnorm, numDeriv                         
  (8/28) Installing: farver, lattice, mvtnorm, numDeriv                         
                                                                                
✔ numDeriv 2016.8-1.1                      [built from source in 1.8s]
#9 72.46 
  (9/28) Installing: farver, lattice, mvtnorm                                   
  (9/28) Installing: farver, lattice, mvtnorm, quadprog                         
  (9/28) Installing: farver, lattice, mvtnorm, quadprog                         
                                                                                
✔ quadprog 1.5-8                           [built from source in 2.9s]
#9 75.44 
  (10/28) Installing: farver, lattice, mvtnorm                                  
  (10/28) Installing: farver, lattice, mvtnorm, R6                              
                                                                                
✔ mvtnorm 1.4-2                            [built from source in 8.1s]
#9 75.54 
  (11/28) Installing: farver, lattice, R6                                       
  (11/28) Installing: farver, lattice, R6, RColorBrewer                         
  (11/28) Installing: farver, lattice, R6, RColorBrewer                         
  (11/28) Installing: farver, lattice, R6, RColorBrewer                         
                                                                                
✔ lattice 0.23-1                           [built from source in 15s]
#9 76.21 
  (12/28) Installing: farver, R6, RColorBrewer                                  
  (12/28) Installing: farver, R6, RColorBrewer, rlang                           
  (12/28) Installing: farver, R6, RColorBrewer, rlang                           
                                                                                
✔ R6 2.6.1                                 [built from source in 1.9s]
#9 77.37 
  (13/28) Installing: farver, RColorBrewer, rlang                               
  (13/28) Installing: farver, RColorBrewer, rlang, stringi                      
  (13/28) Installing: farver, RColorBrewer, rlang, stringi                      
                                                                                
✔ RColorBrewer 1.1-3                       [built from source in 2.3s]
#9 77.87 
  (14/28) Installing: farver, rlang, stringi                                    
  (14/28) Installing: farver, rlang, stringi, viridisLite                       
  (14/28) Installing: farver, rlang, stringi, viridisLite                       
                                                                                
✔ viridisLite 0.4.3                        [built from source in 1.5s]
#9 79.37 
  (15/28) Installing: farver, rlang, stringi                                    
  (15/28) Installing: farver, rlang, stringi, coda                              
  (15/28) Installing: farver, rlang, stringi, coda                              
                                                                                
✔ coda 0.19-4.1                            [built from source in 4.6s]
#9 84.04 
  (16/28) Installing: farver, rlang, stringi                                    
  (16/28) Installing: farver, rlang, stringi, Matrix                            
  (16/28) Installing: farver, rlang, stringi, Matrix                            
  (16/28) Installing: farver, rlang, stringi, Matrix                            
                                                                                
✔ farver 2.1.2                             [built from source in 36s]
#9 91.80 
  (17/28) Installing: rlang, stringi, Matrix                                    
  (17/28) Installing: rlang, stringi, Matrix, nlme                              
  (17/28) Installing: rlang, stringi, Matrix, nlme                              
                                                                                
✔ rlang 1.3.0                              [built from source in 20s]
#9 95.81 
  (18/28) Installing: stringi, Matrix, nlme                                     
  (18/28) Installing: stringi, Matrix, nlme, lifecycle                          
  (18/28) Installing: stringi, Matrix, nlme, lifecycle                          
                                                                                
✔ lifecycle 1.0.5                          [built from source in 2.6s]
#9 98.47 
  (19/28) Installing: stringi, Matrix, nlme                                     
  (19/28) Installing: stringi, Matrix, nlme, scales                             
  (19/28) Installing: stringi, Matrix, nlme, scales                             
  (19/28) Installing: stringi, Matrix, nlme, scales                             
                                                                                
✔ scales 1.4.0                             [built from source in 8.1s]
#9 106.6 
  (20/28) Installing: stringi, Matrix, nlme                                     
  (20/28) Installing: stringi, Matrix, nlme, vctrs                              
  (20/28) Installing: stringi, Matrix, nlme, vctrs                              
  (20/28) Installing: stringi, Matrix, nlme, vctrs                              
                                                                                
✔ nlme 3.1-170                             [built from source in 24s]
#9 115.7 
  (21/28) Installing: stringi, Matrix, vctrs                                    
  (21/28) Installing: stringi, Matrix, vctrs                                    
  (21/28) Installing: stringi, Matrix, vctrs                                    
  (21/28) Installing: stringi, Matrix, vctrs                                    
  (21/28) Installing: stringi, Matrix, vctrs                                    
  (21/28) Installing: stringi, Matrix, vctrs                                    
  (21/28) Installing: stringi, Matrix, vctrs                                    
DOCKER_BUILD_EXIT_CODE=-1
BUILD_ATTEMPT_1_STOPPED: packageVersion normalizes hyphens to dots; raw DESCRIPTION Version is now compared. Added cmake/pandoc for source-restoration system requirements.
BUILD_ATTEMPT_2_COMMAND: docker build --progress=plain -t ratio-analysis-v3-1-local:validated "C:\Users\minfei\Documents\Codex\2026-09-09\02-08-r-x20-2\work\ratio_analysis_20260914_v3"
#0 building with "desktop-linux" instance using docker driver

#1 [internal] load build definition from Dockerfile
#1 transferring dockerfile: 951B done
#1 DONE 0.0s

#2 [internal] load metadata for docker.io/rocker/r2u:24.04@sha256:dc2a96c3b368969635c25c177c64514ba8e37cf2259dd3584de7c33520191d92
#2 DONE 4.4s

#3 [internal] load .dockerignore
#3 transferring context: 2B done
#3 DONE 0.0s

#4 [1/6] FROM docker.io/rocker/r2u:24.04@sha256:dc2a96c3b368969635c25c177c64514ba8e37cf2259dd3584de7c33520191d92
#4 resolve docker.io/rocker/r2u:24.04@sha256:dc2a96c3b368969635c25c177c64514ba8e37cf2259dd3584de7c33520191d92 0.0s done
#4 CACHED

#5 [internal] load build context
#5 transferring context: 4.77kB done
#5 DONE 0.0s

#6 [2/6] RUN apt-get update && apt-get install -y --no-install-recommends     r-cran-brms r-cran-rstan r-cran-posterior r-cran-digest     ca-certificates curl cmake pandoc     && rm -rf /var/lib/apt/lists/*
#6 3.722 Get:1 http://security.ubuntu.com/ubuntu noble-security InRelease [126 kB]
#6 4.117 Get:2 http://archive.ubuntu.com/ubuntu noble InRelease [256 kB]
#6 4.198 Get:3 https://cloud.r-project.org/bin/linux/ubuntu noble-cran40/ InRelease [3,631 B]
#6 4.329 Get:4 https://cloud.r-project.org/bin/linux/ubuntu noble-cran40/ Packages [73.2 kB]
#6 4.682 Get:5 https://r2u.stat.illinois.edu/ubuntu noble InRelease [9,161 B]
#6 4.966 Get:6 https://r2u.stat.illinois.edu/ubuntu noble/main arm64 Packages [2,949 kB]
#6 5.450 Get:7 http://archive.ubuntu.com/ubuntu noble-updates InRelease [126 kB]
#6 5.508 Get:8 http://security.ubuntu.com/ubuntu noble-security/universe amd64 Packages [1,533 kB]
#6 6.543 Get:9 http://archive.ubuntu.com/ubuntu noble-backports InRelease [126 kB]
#6 7.265 Get:10 https://r2u.stat.illinois.edu/ubuntu noble/main all Packages [10.2 MB]
#6 9.235 Get:11 http://archive.ubuntu.com/ubuntu noble/multiverse amd64 Packages [331 kB]
#6 9.547 Get:12 http://security.ubuntu.com/ubuntu noble-security/restricted amd64 Packages [1,801 kB]
#6 11.02 Get:13 http://archive.ubuntu.com/ubuntu noble/main amd64 Packages [1,808 kB]
#6 11.24 Get:14 http://security.ubuntu.com/ubuntu noble-security/main amd64 Packages [1,245 kB]
#6 12.50 Get:15 http://archive.ubuntu.com/ubuntu noble/restricted amd64 Packages [117 kB]
#6 12.70 Get:16 http://security.ubuntu.com/ubuntu noble-security/multiverse amd64 Packages [50.0 kB]
#6 18.92 Get:17 https://r2u.stat.illinois.edu/ubuntu noble/main amd64 Packages [3,012 kB]
#6 21.40 Get:18 http://archive.ubuntu.com/ubuntu noble/universe amd64 Packages [19.3 MB]
#6 22.88 Get:19 http://archive.ubuntu.com/ubuntu noble-updates/multiverse amd64 Packages [56.2 kB]
#6 25.76 Get:20 http://archive.ubuntu.com/ubuntu noble-updates/main amd64 Packages [1,580 kB]
#6 30.51 Get:21 http://archive.ubuntu.com/ubuntu noble-updates/universe amd64 Packages [2,149 kB]
#6 32.85 Get:22 http://archive.ubuntu.com/ubuntu noble-updates/restricted amd64 Packages [1,960 kB]
#6 33.49 Get:23 http://archive.ubuntu.com/ubuntu noble-backports/multiverse amd64 Packages [671 B]
#6 34.46 Get:24 http://archive.ubuntu.com/ubuntu noble-backports/main amd64 Packages [78.5 kB]
#6 35.20 Get:25 http://archive.ubuntu.com/ubuntu noble-backports/universe amd64 Packages [40.4 kB]
#6 35.22 Fetched 48.9 MB in 35s (1,402 kB/s)
#6 35.22 Reading package lists...
#6 37.01 Reading package lists...
#6 38.81 Building dependency tree...
#6 39.22 Reading state information...
#6 39.71 ca-certificates is already the newest version (20260601~24.04.1).
#6 39.71 The following additional packages will be installed:
#6 39.71   cmake-data libarchive13t64 libhwloc15 libjsoncpp25 liblua5.4-0 librhash0
#6 39.71   libtbb12 libtbbbind-2-5 libtbbmalloc2 libuv1t64 libxml2 libyaml-0-2
#6 39.71   pandoc-data r-cran-abind r-cran-backports r-cran-bayesplot r-cran-bh
#6 39.71   r-cran-bridgesampling r-cran-brobdingnag r-cran-callr r-cran-checkmate
#6 39.71   r-cran-cli r-cran-coda r-cran-cpp11 r-cran-desc r-cran-distributional
#6 39.71   r-cran-dplyr r-cran-farver r-cran-future r-cran-future.apply r-cran-generics
#6 39.71   r-cran-ggdist r-cran-ggplot2 r-cran-ggridges r-cran-globals r-cran-glue
#6 39.71   r-cran-gridextra r-cran-gtable r-cran-inline r-cran-isoband r-cran-labeling
#6 39.71   r-cran-lifecycle r-cran-listenv r-cran-loo r-cran-magrittr
#6 39.71   r-cran-matrixstats r-cran-mvtnorm r-cran-nleqslv r-cran-numderiv r-cran-otel
#6 39.71   r-cran-parallelly r-cran-pillar r-cran-pkgbuild r-cran-pkgconfig r-cran-plyr
#6 39.71   r-cran-processx r-cran-ps r-cran-purrr r-cran-quadprog r-cran-quickjsr
#6 39.71   r-cran-r6 r-cran-rcolorbrewer r-cran-rcpp r-cran-rcppeigen
#6 39.71   r-cran-rcppparallel r-cran-reshape2 r-cran-rlang r-cran-rstantools r-cran-s7
#6 39.71   r-cran-scales r-cran-stanheaders r-cran-stringi r-cran-stringr
#6 39.71   r-cran-tensora r-cran-tibble r-cran-tidyr r-cran-tidyselect r-cran-utf8
#6 39.71   r-cran-vctrs r-cran-viridislite r-cran-withr
#6 39.71 Suggested packages:
#6 39.71   cmake-doc cmake-format elpa-cmake-mode ninja-build lrzip
#6 39.71   libhwloc-contrib-plugins texlive-latex-recommended texlive-xetex
#6 39.71   texlive-luatex pandoc-citeproc texlive-latex-extra context wkhtmltopdf
#6 39.71   librsvg2-bin groff ghc nodejs php python ruby libjs-mathjax libjs-katex
#6 39.71   citation-style-language-styles r-cran-ggfortify r-cran-hexbin r-cran-knitr
#6 39.71   r-cran-monotone r-cran-patchwork r-cran-rmarkdown r-cran-rstanarm
#6 39.71   r-cran-shinystan r-cran-testthat r-cran-vdiffr r-cran-r2jags r-cran-rjags
#6 39.71   r-cran-runjags r-cran-r.rsp r-cran-bayesfactor r-cran-nimble r-cran-mcmcpack
#6 39.71   r-cran-emmeans r-cran-projpred r-cran-priorsense r-cran-splines2
#6 39.71   r-cran-rwiener r-cran-rtdists r-cran-extradistr r-cran-mice r-cran-spdep
#6 39.71   r-cran-mnormt r-cran-lme4 r-cran-mcmcglmm r-cran-ape r-cran-arm
#6 39.71   r-cran-statmod r-cran-diffobj r-cran-betareg r-cran-shiny r-cran-ragg
#6 39.71   r-cran-colorspace r-cran-mirai r-cran-future.mirai r-cran-cubature
#6 39.71   r-cran-markdown r-cran-asciicast r-cran-carrier r-cran-otelsdk
#6 39.71   r-cran-rprojroot r-cran-spelling r-cran-fastmatch r-cran-data.table
#6 39.71   r-cran-devtools r-cran-microbenchmark r-cran-tinytest r-cran-covr
#6 39.71   r-cran-crayon r-cran-htmltools r-cran-htmlwidgets r-cran-rstudioapi
#6 39.71   r-cran-whoami r-cran-bench r-cran-brio r-cran-decor r-cran-lobstr
#6 39.71   r-cran-mockery r-cran-progress r-cran-gh r-cran-simplermarkdown
#6 39.71   r-cran-rbenchmark r-cran-actuar r-cran-evd r-cran-gk r-cran-laplacesdemon
#6 39.71   r-cran-pkgdown r-cran-tweediedistr r-cran-broom r-cran-dbi r-cran-dbplyr
#6 39.71   r-cran-lahman r-cran-nycflights13 r-cran-rsqlite r-cran-rhpcblasctl
#6 39.71   r-cran-pkgload r-cran-fda r-cran-beeswarm r-cran-svglite r-cran-fontquiver
#6 39.71   r-cran-sysfonts r-cran-showtext r-cran-ggplot2movies r-cran-hmisc r-cran-hms
#6 39.71   r-cran-mapproj r-cran-maps r-cran-multcomp r-cran-munsell r-cran-profvis
#6 39.71   r-cran-quantreg r-cran-quarto r-cran-roxygen2 r-cran-sf r-cran-xml2
#6 39.71   r-cran-forcats r-cran-waldo r-cran-egg r-cran-magick r-cran-lintr
#6 39.71   r-cran-tidyverse r-cran-r.utils r-cran-base64enc r-cran-r.devices
#6 39.71   r-cran-qrng r-cran-bibtex r-cran-jsonlite r-cran-commonmark r-cran-bit64
#6 39.71   r-cran-debugme r-cran-diagrammer r-cran-formattable r-cran-lubridate
#6 39.71   r-cran-nanotime r-cran-palmerpenguins r-cran-units r-cran-disposables
#6 39.71   r-cran-doparallel r-cran-foreach r-cran-iterators r-cran-itertools
#6 39.71   r-cran-caret r-cran-gbm r-cran-randomforest r-cran-e1071 r-cran-curl
#6 39.71   r-cran-webfakes r-cran-pingr r-cran-httr r-cran-pkgkitten r-cran-fs
#6 39.71   r-cran-usethis r-cran-v8 r-cran-dichromat r-cran-gt r-cran-blob
#6 39.71   r-cran-evaluate r-cran-here r-cran-readr r-cran-repurrrsive r-cran-zeallot
#6 39.71 Recommended packages:
#6 39.71   libhwloc-plugins
#6 40.11 The following NEW packages will be installed:
#6 40.11   cmake cmake-data curl libarchive13t64 libhwloc15 libjsoncpp25 liblua5.4-0
#6 40.11   librhash0 libtbb12 libtbbbind-2-5 libtbbmalloc2 libuv1t64 libxml2
#6 40.11   libyaml-0-2 pandoc pandoc-data r-cran-abind r-cran-backports
#6 40.11   r-cran-bayesplot r-cran-bh r-cran-bridgesampling r-cran-brms
#6 40.11   r-cran-brobdingnag r-cran-callr r-cran-checkmate r-cran-cli r-cran-coda
#6 40.11   r-cran-cpp11 r-cran-desc r-cran-digest r-cran-distributional r-cran-dplyr
#6 40.11   r-cran-farver r-cran-future r-cran-future.apply r-cran-generics
#6 40.11   r-cran-ggdist r-cran-ggplot2 r-cran-ggridges r-cran-globals r-cran-glue
#6 40.11   r-cran-gridextra r-cran-gtable r-cran-inline r-cran-isoband r-cran-labeling
#6 40.11   r-cran-lifecycle r-cran-listenv r-cran-loo r-cran-magrittr
#6 40.11   r-cran-matrixstats r-cran-mvtnorm r-cran-nleqslv r-cran-numderiv r-cran-otel
#6 40.11   r-cran-parallelly r-cran-pillar r-cran-pkgbuild r-cran-pkgconfig r-cran-plyr
#6 40.11   r-cran-posterior r-cran-processx r-cran-ps r-cran-purrr r-cran-quadprog
#6 40.11   r-cran-quickjsr r-cran-r6 r-cran-rcolorbrewer r-cran-rcpp r-cran-rcppeigen
#6 40.11   r-cran-rcppparallel r-cran-reshape2 r-cran-rlang r-cran-rstan
#6 40.11   r-cran-rstantools r-cran-s7 r-cran-scales r-cran-stanheaders r-cran-stringi
#6 40.11   r-cran-stringr r-cran-tensora r-cran-tibble r-cran-tidyr r-cran-tidyselect
#6 40.11   r-cran-utf8 r-cran-vctrs r-cran-viridislite r-cran-withr
#6 41.25 0 upgraded, 88 newly installed, 0 to remove and 24 not upgraded.
#6 41.25 Need to get 118 MB of archives.
#6 41.25 After this operation, 519 MB of additional disk space will be used.
#6 41.25 Get:1 https://r2u.stat.illinois.edu/ubuntu noble/main all r-cran-abind all 1.4-8-1.ca2404.1 [66.0 kB]
#6 41.65 Get:2 https://r2u.stat.illinois.edu/ubuntu noble/main amd64 r-cran-backports amd64 1.5.1-1.ca2404.1 [114 kB]
#6 41.82 Get:3 https://r2u.stat.illinois.edu/ubuntu noble/main amd64 r-cran-cli amd64 3.6.6-1.ca2404.1 [1,308 kB]
#6 42.17 Get:4 http://archive.ubuntu.com/ubuntu noble-updates/main amd64 libxml2 amd64 2.9.14+dfsg-1.3ubuntu3.8 [764 kB]
#6 42.47 Get:5 https://r2u.stat.illinois.edu/ubuntu noble/main all r-cran-generics all 0.1.4-1.ca2404.1 [79.8 kB]
#6 42.49 Get:6 https://r2u.stat.illinois.edu/ubuntu noble/main amd64 r-cran-glue amd64 1.8.1-1.ca2404.1 [162 kB]
#6 42.50 Get:7 https://r2u.stat.illinois.edu/ubuntu noble/main amd64 r-cran-rlang amd64 1.3.0-1.ca2404.1 [1,561 kB]
#6 42.57 Get:8 https://r2u.stat.illinois.edu/ubuntu noble/main all r-cran-lifecycle all 1.0.5-1.ca2404.1 [122 kB]
#6 42.57 Get:9 https://r2u.stat.illinois.edu/ubuntu noble/main amd64 r-cran-magrittr amd64 2.0.5-1.ca2404.1 [199 kB]
#6 42.63 Get:10 https://r2u.stat.illinois.edu/ubuntu noble/main amd64 r-cran-utf8 amd64 1.2.6-1.ca2404.1 [138 kB]
#6 42.65 Get:11 https://r2u.stat.illinois.edu/ubuntu noble/main amd64 r-cran-vctrs amd64 0.7.3-1.ca2404.3 [1,768 kB]
#6 43.23 Get:12 http://archive.ubuntu.com/ubuntu noble/main amd64 libyaml-0-2 amd64 0.2.5-1build1 [51.5 kB]
#6 43.92 Get:13 https://r2u.stat.illinois.edu/ubuntu noble/main all r-cran-pillar all 1.11.1-1.ca2404.1 [608 kB]
#6 43.94 Get:14 https://r2u.stat.illinois.edu/ubuntu noble/main all r-cran-r6 all 2.6.1-1.ca2404.1 [86.9 kB]
#6 43.94 Get:15 https://r2u.stat.illinois.edu/ubuntu noble/main all r-cran-pkgconfig all 2.0.3-1.ca2404.1 [19.4 kB]
#6 43.94 Get:16 https://r2u.stat.illinois.edu/ubuntu noble/main amd64 r-cran-tibble amd64 3.3.1-1.ca2404.1 [578 kB]
#6 44.71 Get:17 https://r2u.stat.illinois.edu/ubuntu noble/main all r-cran-withr all 3.0.3-1.ca2404.1 [220 kB]
#6 44.84 Get:18 https://r2u.stat.illinois.edu/ubuntu noble/main amd64 r-cran-tidyselect amd64 1.2.1-1.ca2404.1 [211 kB]
#6 44.92 Get:19 https://r2u.stat.illinois.edu/ubuntu noble/main amd64 r-cran-dplyr amd64 1.2.1-1.ca2404.1 [1,427 kB]
#6 45.10 Get:20 http://archive.ubuntu.com/ubuntu noble/main amd64 libuv1t64 amd64 1.48.0-1.1build1 [97.3 kB]
#6 45.46 Get:21 https://r2u.stat.illinois.edu/ubuntu noble/main all r-cran-gtable all 0.3.6-1.ca2404.1 [219 kB]
#6 45.56 Get:22 https://r2u.stat.illinois.edu/ubuntu noble/main all r-cran-cpp11 all 0.5.5-1.ca2404.1 [238 kB]
#6 45.56 Get:23 https://r2u.stat.illinois.edu/ubuntu noble/main amd64 r-cran-isoband amd64 0.3.0-1.ca2404.1 [1,644 kB]
#6 46.28 Get:24 https://r2u.stat.illinois.edu/ubuntu noble/main amd64 r-cran-s7 amd64 0.2.2-1.ca2404.1 [299 kB]
#6 46.35 Get:25 https://r2u.stat.illinois.edu/ubuntu noble/main amd64 r-cran-farver amd64 2.1.2-1.ca2404.2 [1,403 kB]
#6 46.87 Get:26 https://r2u.stat.illinois.edu/ubuntu noble/main all r-cran-labeling all 0.4.3-1.ca2404.1 [62.0 kB]
#6 46.89 Get:27 https://r2u.stat.illinois.edu/ubuntu noble/main all r-cran-rcolorbrewer all 1.1-3-1.ca2404.1 [52.9 kB]
#6 46.93 Get:28 https://r2u.stat.illinois.edu/ubuntu noble/main all r-cran-viridislite all 0.4.3-1.ca2404.1 [1,297 kB]
#6 47.08 Get:29 http://archive.ubuntu.com/ubuntu noble-updates/main amd64 libarchive13t64 amd64 3.7.2-2ubuntu0.8 [383 kB]
#6 47.54 Get:30 https://r2u.stat.illinois.edu/ubuntu noble/main all r-cran-scales all 1.4.0-1.ca2404.1 [762 kB]
#6 47.90 Get:31 https://r2u.stat.illinois.edu/ubuntu noble/main all r-cran-ggplot2 all 4.0.3-1.ca2404.1 [7,780 kB]
#6 48.04 Get:32 http://archive.ubuntu.com/ubuntu noble/main amd64 libjsoncpp25 amd64 1.9.5-6build1 [82.8 kB]
#6 49.15 Get:33 http://archive.ubuntu.com/ubuntu noble/main amd64 librhash0 amd64 1.4.3-3build1 [129 kB]
#6 52.14 Get:34 https://r2u.stat.illinois.edu/ubuntu noble/main all r-cran-numderiv all 2016.8-1.1-1.ca2404.1 [115 kB]
#6 52.20 Get:35 https://r2u.stat.illinois.edu/ubuntu noble/main all r-cran-distributional all 0.9.0-1.ca2404.1 [669 kB]
#6 52.52 Get:36 https://r2u.stat.illinois.edu/ubuntu noble/main amd64 r-cran-quadprog amd64 1.5-8-1.ca2404.2 [31.6 kB]
#6 52.53 Get:37 https://r2u.stat.illinois.edu/ubuntu noble/main amd64 r-cran-rcpp amd64 1.1.2-1.ca2404.1 [2,075 kB]
#6 52.78 Get:38 http://archive.ubuntu.com/ubuntu noble/main amd64 cmake-data all 3.28.3-1build7 [2,155 kB]
#6 53.44 Get:39 https://r2u.stat.illinois.edu/ubuntu noble/main amd64 r-cran-ggdist amd64 3.3.3-1.ca2404.1 [2,701 kB]
#6 54.59 Get:40 https://r2u.stat.illinois.edu/ubuntu noble/main all r-cran-ggridges all 0.5.7-1.ca2404.1 [2,149 kB]
#6 57.12 Get:41 https://r2u.stat.illinois.edu/ubuntu noble/main amd64 r-cran-checkmate amd64 2.3.4-1.ca2404.1 [708 kB]
#6 58.14 Get:42 https://r2u.stat.illinois.edu/ubuntu noble/main amd64 r-cran-tensora amd64 0.36.2.1-1.ca2404.1 [218 kB]
#6 58.40 Get:43 https://r2u.stat.illinois.edu/ubuntu noble/main amd64 r-cran-matrixstats amd64 1.5.0-1.ca2404.2 [440 kB]
#6 58.96 Get:44 https://r2u.stat.illinois.edu/ubuntu noble/main all r-cran-posterior all 1.7.0-1.ca2404.1 [980 kB]
#6 59.99 Get:45 https://r2u.stat.illinois.edu/ubuntu noble/main amd64 r-cran-plyr amd64 1.8.9-1.ca2404.1 [774 kB]
#6 60.72 Get:46 https://r2u.stat.illinois.edu/ubuntu noble/main amd64 r-cran-stringi amd64 1.8.9-1.ca2404.1 [911 kB]
#6 61.47 Get:47 https://r2u.stat.illinois.edu/ubuntu noble/main all r-cran-stringr all 1.6.0-1.ca2404.1 [309 kB]
#6 61.62 Get:48 http://archive.ubuntu.com/ubuntu noble/main amd64 cmake amd64 3.28.3-1build7 [11.2 MB]
#6 61.72 Get:49 https://r2u.stat.illinois.edu/ubuntu noble/main amd64 r-cran-reshape2 amd64 1.4.5-1.ca2404.1 [116 kB]
#6 61.82 Get:50 https://r2u.stat.illinois.edu/ubuntu noble/main amd64 r-cran-purrr amd64 1.2.2-1.ca2404.1 [534 kB]
#6 62.20 Get:51 https://r2u.stat.illinois.edu/ubuntu noble/main amd64 r-cran-tidyr amd64 1.3.2-1.ca2404.1 [1,111 kB]
#6 63.62 Get:52 https://r2u.stat.illinois.edu/ubuntu noble/main all r-cran-bayesplot all 1.16.0-1.ca2404.1 [5,827 kB]
#6 69.43 Get:53 http://archive.ubuntu.com/ubuntu noble-updates/main amd64 curl amd64 8.5.0-2ubuntu10.13 [226 kB]
#6 71.12 Get:54 http://archive.ubuntu.com/ubuntu noble/universe amd64 libhwloc15 amd64 2.10.0-1build1 [172 kB]
#6 72.55 Get:55 http://archive.ubuntu.com/ubuntu noble/main amd64 liblua5.4-0 amd64 5.4.6-3build2 [166 kB]
#6 73.59 Get:56 https://r2u.stat.illinois.edu/ubuntu noble/main all r-cran-bh all 1.90.0-1-1.ca2404.1 [9,043 kB]
#6 73.66 Get:57 http://archive.ubuntu.com/ubuntu noble/universe amd64 libtbbmalloc2 amd64 2021.11.0-2ubuntu2 [60.5 kB]
#6 74.73 Get:58 http://archive.ubuntu.com/ubuntu noble/universe amd64 libtbbbind-2-5 amd64 2021.11.0-2ubuntu2 [16.4 kB]
#6 76.85 Get:59 http://archive.ubuntu.com/ubuntu noble/universe amd64 libtbb12 amd64 2021.11.0-2ubuntu2 [106 kB]
#6 78.15 Get:60 http://archive.ubuntu.com/ubuntu noble/universe amd64 pandoc-data all 3.1.3-1 [92.4 kB]
#6 89.02 Get:61 http://archive.ubuntu.com/ubuntu noble/universe amd64 pandoc amd64 3.1.3+ds-2 [26.9 MB]
#6 97.85 Get:62 https://r2u.stat.illinois.edu/ubuntu noble/main amd64 r-cran-mvtnorm amd64 1.4-2-1.ca2404.1 [1,027 kB]
#6 98.99 Get:63 https://r2u.stat.illinois.edu/ubuntu noble/main all r-cran-brobdingnag all 1.3-1-1.ca2404.1 [984 kB]
#6 99.97 Get:64 https://r2u.stat.illinois.edu/ubuntu noble/main all r-cran-coda all 0.19-4.1-1.ca2404.1 [326 kB]
#6 100.3 Get:65 https://r2u.stat.illinois.edu/ubuntu noble/main all r-cran-bridgesampling all 1.2-1-1.ca2404.1 [1,177 kB]
#6 101.4 Get:66 https://r2u.stat.illinois.edu/ubuntu noble/main amd64 r-cran-rcppparallel amd64 6.2.1-1.ca2404.1 [454 kB]
#6 101.8 Get:67 https://r2u.stat.illinois.edu/ubuntu noble/main amd64 r-cran-rcppeigen amd64 0.3.4.0.2-1.ca2404.1 [1,423 kB]
#6 103.4 Get:68 https://r2u.stat.illinois.edu/ubuntu noble/main amd64 r-cran-stanheaders amd64 2.39.1-1.ca2404.1 [1,494 kB]
#6 105.0 Get:69 https://r2u.stat.illinois.edu/ubuntu noble/main all r-cran-inline all 0.3.21-1.ca2404.1 [130 kB]
#6 105.2 Get:70 https://r2u.stat.illinois.edu/ubuntu noble/main all r-cran-gridextra all 2.3.1-1.ca2404.1 [510 kB]
#6 105.6 Get:71 https://r2u.stat.illinois.edu/ubuntu noble/main all r-cran-loo all 2.10.1-1.ca2404.1 [1,751 kB]
#6 107.4 Get:72 https://r2u.stat.illinois.edu/ubuntu noble/main all r-cran-otel all 0.2.0-1.ca2404.1 [277 kB]
#6 107.7 Get:73 https://r2u.stat.illinois.edu/ubuntu noble/main amd64 r-cran-ps amd64 1.9.3-1.ca2404.1 [400 kB]
#6 108.1 Get:74 https://r2u.stat.illinois.edu/ubuntu noble/main amd64 r-cran-processx amd64 3.9.0-1.ca2404.1 [405 kB]
#6 108.5 Get:75 https://r2u.stat.illinois.edu/ubuntu noble/main all r-cran-callr all 3.8.0-1.ca2404.1 [466 kB]
#6 108.9 Get:76 https://r2u.stat.illinois.edu/ubuntu noble/main all r-cran-desc all 1.4.3-1.ca2404.1 [331 kB]
#6 109.2 Get:77 https://r2u.stat.illinois.edu/ubuntu noble/main all r-cran-pkgbuild all 1.4.8-1.ca2404.1 [201 kB]
#6 109.4 Get:78 https://r2u.stat.illinois.edu/ubuntu noble/main amd64 r-cran-quickjsr amd64 1.11.0-1.ca2404.1 [733 kB]
#6 110.2 Get:79 https://r2u.stat.illinois.edu/ubuntu noble/main amd64 r-cran-rstan amd64 2.32.7-1.ca2404.2 [2,031 kB]
#6 112.2 Get:80 https://r2u.stat.illinois.edu/ubuntu noble/main all r-cran-rstantools all 2.7.1-1.ca2404.1 [539 kB]
#6 112.7 Get:81 https://r2u.stat.illinois.edu/ubuntu noble/main amd64 r-cran-digest amd64 0.6.39-1.ca2404.1 [208 kB]
#6 113.0 Get:82 https://r2u.stat.illinois.edu/ubuntu noble/main all r-cran-globals all 0.19.1-1.ca2404.1 [163 kB]
#6 113.2 Get:83 https://r2u.stat.illinois.edu/ubuntu noble/main all r-cran-listenv all 1.0.0-1.ca2404.1 [124 kB]
#6 113.3 Get:84 https://r2u.stat.illinois.edu/ubuntu noble/main amd64 r-cran-parallelly amd64 1.48.0-1.ca2404.1 [619 kB]
#6 114.0 Get:85 https://r2u.stat.illinois.edu/ubuntu noble/main all r-cran-future all 1.75.0-1.ca2404.1 [954 kB]
#6 115.0 Get:86 https://r2u.stat.illinois.edu/ubuntu noble/main all r-cran-future.apply all 1.20.2-1.ca2404.1 [191 kB]
#6 115.2 Get:87 https://r2u.stat.illinois.edu/ubuntu noble/main amd64 r-cran-nleqslv amd64 3.3.7-1.ca2404.1 [107 kB]
#6 115.3 Get:88 https://r2u.stat.illinois.edu/ubuntu noble/main all r-cran-brms all 2.23.0-1.ca2404.1 [7,140 kB]
#6 122.3 debconf: delaying package configuration, since apt-utils is not installed
#6 122.4 Fetched 118 MB in 1min 22s (1,438 kB/s)
#6 122.4 Selecting previously unselected package libxml2:amd64.
#6 122.4 (Reading database ... 
(Reading database ... 5%
(Reading database ... 10%
(Reading database ... 15%
(Reading database ... 20%
(Reading database ... 25%
(Reading database ... 30%
(Reading database ... 35%
(Reading database ... 40%
(Reading database ... 45%
(Reading database ... 50%
(Reading database ... 55%
(Reading database ... 60%
(Reading database ... 65%
(Reading database ... 70%
(Reading database ... 75%
(Reading database ... 80%
(Reading database ... 85%
(Reading database ... 90%
(Reading database ... 95%
(Reading database ... 100%
(Reading database ... 17715 files and directories currently installed.)
#6 122.4 Preparing to unpack .../00-libxml2_2.9.14+dfsg-1.3ubuntu3.8_amd64.deb ...
#6 122.5 Unpacking libxml2:amd64 (2.9.14+dfsg-1.3ubuntu3.8) ...
#6 122.5 Selecting previously unselected package libyaml-0-2:amd64.
#6 122.5 Preparing to unpack .../01-libyaml-0-2_0.2.5-1build1_amd64.deb ...
#6 122.5 Unpacking libyaml-0-2:amd64 (0.2.5-1build1) ...
#6 122.6 Selecting previously unselected package libuv1t64:amd64.
#6 122.6 Preparing to unpack .../02-libuv1t64_1.48.0-1.1build1_amd64.deb ...
#6 122.6 Unpacking libuv1t64:amd64 (1.48.0-1.1build1) ...
#6 122.6 Selecting previously unselected package libarchive13t64:amd64.
#6 122.6 Preparing to unpack .../03-libarchive13t64_3.7.2-2ubuntu0.8_amd64.deb ...
#6 122.6 Unpacking libarchive13t64:amd64 (3.7.2-2ubuntu0.8) ...
#6 122.7 Selecting previously unselected package libjsoncpp25:amd64.
#6 122.7 Preparing to unpack .../04-libjsoncpp25_1.9.5-6build1_amd64.deb ...
#6 122.7 Unpacking libjsoncpp25:amd64 (1.9.5-6build1) ...
#6 122.8 Selecting previously unselected package librhash0:amd64.
#6 122.8 Preparing to unpack .../05-librhash0_1.4.3-3build1_amd64.deb ...
#6 122.8 Unpacking librhash0:amd64 (1.4.3-3build1) ...
#6 122.8 Selecting previously unselected package cmake-data.
#6 122.8 Preparing to unpack .../06-cmake-data_3.28.3-1build7_all.deb ...
#6 122.8 Unpacking cmake-data (3.28.3-1build7) ...
#6 123.6 Selecting previously unselected package cmake.
#6 123.6 Preparing to unpack .../07-cmake_3.28.3-1build7_amd64.deb ...
#6 123.6 Unpacking cmake (3.28.3-1build7) ...
#6 123.9 Selecting previously unselected package curl.
#6 123.9 Preparing to unpack .../08-curl_8.5.0-2ubuntu10.13_amd64.deb ...
#6 123.9 Unpacking curl (8.5.0-2ubuntu10.13) ...
#6 124.0 Selecting previously unselected package libhwloc15:amd64.
#6 124.0 Preparing to unpack .../09-libhwloc15_2.10.0-1build1_amd64.deb ...
#6 124.0 Unpacking libhwloc15:amd64 (2.10.0-1build1) ...
#6 124.0 Selecting previously unselected package liblua5.4-0:amd64.
#6 124.0 Preparing to unpack .../10-liblua5.4-0_5.4.6-3build2_amd64.deb ...
#6 124.0 Unpacking liblua5.4-0:amd64 (5.4.6-3build2) ...
#6 124.1 Selecting previously unselected package libtbbmalloc2:amd64.
#6 124.1 Preparing to unpack .../11-libtbbmalloc2_2021.11.0-2ubuntu2_amd64.deb ...
#6 124.1 Unpacking libtbbmalloc2:amd64 (2021.11.0-2ubuntu2) ...
#6 124.1 Selecting previously unselected package libtbbbind-2-5:amd64.
#6 124.1 Preparing to unpack .../12-libtbbbind-2-5_2021.11.0-2ubuntu2_amd64.deb ...
#6 124.2 Unpacking libtbbbind-2-5:amd64 (2021.11.0-2ubuntu2) ...
#6 124.2 Selecting previously unselected package libtbb12:amd64.
#6 124.2 Preparing to unpack .../13-libtbb12_2021.11.0-2ubuntu2_amd64.deb ...
#6 124.2 Unpacking libtbb12:amd64 (2021.11.0-2ubuntu2) ...
#6 124.3 Selecting previously unselected package pandoc-data.
#6 124.3 Preparing to unpack .../14-pandoc-data_3.1.3-1_all.deb ...
#6 124.3 Unpacking pandoc-data (3.1.3-1) ...
#6 124.4 Selecting previously unselected package pandoc.
#6 124.4 Preparing to unpack .../15-pandoc_3.1.3+ds-2_amd64.deb ...
#6 124.4 Unpacking pandoc (3.1.3+ds-2) ...
#6 125.3 Selecting previously unselected package r-cran-abind.
#6 125.3 Preparing to unpack .../16-r-cran-abind_1.4-8-1.ca2404.1_all.deb ...
#6 125.3 Unpacking r-cran-abind (1.4-8-1.ca2404.1) ...
#6 125.3 Selecting previously unselected package r-cran-backports.
#6 125.3 Preparing to unpack .../17-r-cran-backports_1.5.1-1.ca2404.1_amd64.deb ...
#6 125.3 Unpacking r-cran-backports (1.5.1-1.ca2404.1) ...
#6 125.4 Selecting previously unselected package r-cran-cli.
#6 125.4 Preparing to unpack .../18-r-cran-cli_3.6.6-1.ca2404.1_amd64.deb ...
#6 125.4 Unpacking r-cran-cli (3.6.6-1.ca2404.1) ...
#6 125.5 Selecting previously unselected package r-cran-generics.
#6 125.5 Preparing to unpack .../19-r-cran-generics_0.1.4-1.ca2404.1_all.deb ...
#6 125.5 Unpacking r-cran-generics (0.1.4-1.ca2404.1) ...
#6 125.5 Selecting previously unselected package r-cran-glue.
#6 125.5 Preparing to unpack .../20-r-cran-glue_1.8.1-1.ca2404.1_amd64.deb ...
#6 125.5 Unpacking r-cran-glue (1.8.1-1.ca2404.1) ...
#6 125.6 Selecting previously unselected package r-cran-rlang.
#6 125.6 Preparing to unpack .../21-r-cran-rlang_1.3.0-1.ca2404.1_amd64.deb ...
#6 125.6 Unpacking r-cran-rlang (1.3.0-1.ca2404.1) ...
#6 125.6 Selecting previously unselected package r-cran-lifecycle.
#6 125.6 Preparing to unpack .../22-r-cran-lifecycle_1.0.5-1.ca2404.1_all.deb ...
#6 125.6 Unpacking r-cran-lifecycle (1.0.5-1.ca2404.1) ...
#6 125.7 Selecting previously unselected package r-cran-magrittr.
#6 125.7 Preparing to unpack .../23-r-cran-magrittr_2.0.5-1.ca2404.1_amd64.deb ...
#6 125.7 Unpacking r-cran-magrittr (2.0.5-1.ca2404.1) ...
#6 125.8 Selecting previously unselected package r-cran-utf8.
#6 125.8 Preparing to unpack .../24-r-cran-utf8_1.2.6-1.ca2404.1_amd64.deb ...
#6 125.8 Unpacking r-cran-utf8 (1.2.6-1.ca2404.1) ...
#6 125.8 Selecting previously unselected package r-cran-vctrs.
#6 125.8 Preparing to unpack .../25-r-cran-vctrs_0.7.3-1.ca2404.3_amd64.deb ...
#6 125.8 Unpacking r-cran-vctrs (0.7.3-1.ca2404.3) ...
#6 125.9 Selecting previously unselected package r-cran-pillar.
#6 125.9 Preparing to unpack .../26-r-cran-pillar_1.11.1-1.ca2404.1_all.deb ...
#6 125.9 Unpacking r-cran-pillar (1.11.1-1.ca2404.1) ...
#6 126.0 Selecting previously unselected package r-cran-r6.
#6 126.0 Preparing to unpack .../27-r-cran-r6_2.6.1-1.ca2404.1_all.deb ...
#6 126.0 Unpacking r-cran-r6 (2.6.1-1.ca2404.1) ...
#6 126.0 Selecting previously unselected package r-cran-pkgconfig.
#6 126.0 Preparing to unpack .../28-r-cran-pkgconfig_2.0.3-1.ca2404.1_all.deb ...
#6 126.0 Unpacking r-cran-pkgconfig (2.0.3-1.ca2404.1) ...
#6 126.1 Selecting previously unselected package r-cran-tibble.
#6 126.1 Preparing to unpack .../29-r-cran-tibble_3.3.1-1.ca2404.1_amd64.deb ...
#6 126.1 Unpacking r-cran-tibble (3.3.1-1.ca2404.1) ...
#6 126.1 Selecting previously unselected package r-cran-withr.
#6 126.1 Preparing to unpack .../30-r-cran-withr_3.0.3-1.ca2404.1_all.deb ...
#6 126.1 Unpacking r-cran-withr (3.0.3-1.ca2404.1) ...
#6 126.2 Selecting previously unselected package r-cran-tidyselect.
#6 126.2 Preparing to unpack .../31-r-cran-tidyselect_1.2.1-1.ca2404.1_amd64.deb ...
#6 126.2 Unpacking r-cran-tidyselect (1.2.1-1.ca2404.1) ...
#6 126.2 Selecting previously unselected package r-cran-dplyr.
#6 126.2 Preparing to unpack .../32-r-cran-dplyr_1.2.1-1.ca2404.1_amd64.deb ...
#6 126.3 Unpacking r-cran-dplyr (1.2.1-1.ca2404.1) ...
#6 126.3 Selecting previously unselected package r-cran-gtable.
#6 126.3 Preparing to unpack .../33-r-cran-gtable_0.3.6-1.ca2404.1_all.deb ...
#6 126.3 Unpacking r-cran-gtable (0.3.6-1.ca2404.1) ...
#6 126.4 Selecting previously unselected package r-cran-cpp11.
#6 126.4 Preparing to unpack .../34-r-cran-cpp11_0.5.5-1.ca2404.1_all.deb ...
#6 126.4 Unpacking r-cran-cpp11 (0.5.5-1.ca2404.1) ...
#6 126.5 Selecting previously unselected package r-cran-isoband.
#6 126.5 Preparing to unpack .../35-r-cran-isoband_0.3.0-1.ca2404.1_amd64.deb ...
#6 126.5 Unpacking r-cran-isoband (0.3.0-1.ca2404.1) ...
#6 126.5 Selecting previously unselected package r-cran-s7.
#6 126.5 Preparing to unpack .../36-r-cran-s7_0.2.2-1.ca2404.1_amd64.deb ...
#6 126.5 Unpacking r-cran-s7 (0.2.2-1.ca2404.1) ...
#6 126.6 Selecting previously unselected package r-cran-farver.
#6 126.6 Preparing to unpack .../37-r-cran-farver_2.1.2-1.ca2404.2_amd64.deb ...
#6 126.6 Unpacking r-cran-farver (2.1.2-1.ca2404.2) ...
#6 126.7 Selecting previously unselected package r-cran-labeling.
#6 126.7 Preparing to unpack .../38-r-cran-labeling_0.4.3-1.ca2404.1_all.deb ...
#6 126.7 Unpacking r-cran-labeling (0.4.3-1.ca2404.1) ...
#6 126.7 Selecting previously unselected package r-cran-rcolorbrewer.
#6 126.7 Preparing to unpack .../39-r-cran-rcolorbrewer_1.1-3-1.ca2404.1_all.deb ...
#6 126.7 Unpacking r-cran-rcolorbrewer (1.1-3-1.ca2404.1) ...
#6 126.8 Selecting previously unselected package r-cran-viridislite.
#6 126.8 Preparing to unpack .../40-r-cran-viridislite_0.4.3-1.ca2404.1_all.deb ...
#6 126.8 Unpacking r-cran-viridislite (0.4.3-1.ca2404.1) ...
#6 126.8 Selecting previously unselected package r-cran-scales.
#6 126.8 Preparing to unpack .../41-r-cran-scales_1.4.0-1.ca2404.1_all.deb ...
#6 126.8 Unpacking r-cran-scales (1.4.0-1.ca2404.1) ...
#6 126.9 Selecting previously unselected package r-cran-ggplot2.
#6 126.9 Preparing to unpack .../42-r-cran-ggplot2_4.0.3-1.ca2404.1_all.deb ...
#6 126.9 Unpacking r-cran-ggplot2 (4.0.3-1.ca2404.1) ...
#6 127.0 Selecting previously unselected package r-cran-numderiv.
#6 127.0 Preparing to unpack .../43-r-cran-numderiv_2016.8-1.1-1.ca2404.1_all.deb ...
#6 127.0 Unpacking r-cran-numderiv (2016.8-1.1-1.ca2404.1) ...
#6 127.1 Selecting previously unselected package r-cran-distributional.
#6 127.1 Preparing to unpack .../44-r-cran-distributional_0.9.0-1.ca2404.1_all.deb ...
#6 127.1 Unpacking r-cran-distributional (0.9.0-1.ca2404.1) ...
#6 127.1 Selecting previously unselected package r-cran-quadprog.
#6 127.1 Preparing to unpack .../45-r-cran-quadprog_1.5-8-1.ca2404.2_amd64.deb ...
#6 127.1 Unpacking r-cran-quadprog (1.5-8-1.ca2404.2) ...
#6 127.2 Selecting previously unselected package r-cran-rcpp.
#6 127.2 Preparing to unpack .../46-r-cran-rcpp_1.1.2-1.ca2404.1_amd64.deb ...
#6 127.2 Unpacking r-cran-rcpp (1.1.2-1.ca2404.1) ...
#6 127.4 Selecting previously unselected package r-cran-ggdist.
#6 127.4 Preparing to unpack .../47-r-cran-ggdist_3.3.3-1.ca2404.1_amd64.deb ...
#6 127.4 Unpacking r-cran-ggdist (3.3.3-1.ca2404.1) ...
#6 127.5 Selecting previously unselected package r-cran-ggridges.
#6 127.5 Preparing to unpack .../48-r-cran-ggridges_0.5.7-1.ca2404.1_all.deb ...
#6 127.5 Unpacking r-cran-ggridges (0.5.7-1.ca2404.1) ...
#6 127.6 Selecting previously unselected package r-cran-checkmate.
#6 127.6 Preparing to unpack .../49-r-cran-checkmate_2.3.4-1.ca2404.1_amd64.deb ...
#6 127.6 Unpacking r-cran-checkmate (2.3.4-1.ca2404.1) ...
#6 127.6 Selecting previously unselected package r-cran-tensora.
#6 127.6 Preparing to unpack .../50-r-cran-tensora_0.36.2.1-1.ca2404.1_amd64.deb ...
#6 127.6 Unpacking r-cran-tensora (0.36.2.1-1.ca2404.1) ...
#6 127.7 Selecting previously unselected package r-cran-matrixstats.
#6 127.7 Preparing to unpack .../51-r-cran-matrixstats_1.5.0-1.ca2404.2_amd64.deb ...
#6 127.7 Unpacking r-cran-matrixstats (1.5.0-1.ca2404.2) ...
#6 127.8 Selecting previously unselected package r-cran-posterior.
#6 127.8 Preparing to unpack .../52-r-cran-posterior_1.7.0-1.ca2404.1_all.deb ...
#6 127.8 Unpacking r-cran-posterior (1.7.0-1.ca2404.1) ...
#6 127.8 Selecting previously unselected package r-cran-plyr.
#6 127.8 Preparing to unpack .../53-r-cran-plyr_1.8.9-1.ca2404.1_amd64.deb ...
#6 127.8 Unpacking r-cran-plyr (1.8.9-1.ca2404.1) ...
#6 127.9 Selecting previously unselected package r-cran-stringi.
#6 127.9 Preparing to unpack .../54-r-cran-stringi_1.8.9-1.ca2404.1_amd64.deb ...
#6 127.9 Unpacking r-cran-stringi (1.8.9-1.ca2404.1) ...
#6 128.0 Selecting previously unselected package r-cran-stringr.
#6 128.0 Preparing to unpack .../55-r-cran-stringr_1.6.0-1.ca2404.1_all.deb ...
#6 128.0 Unpacking r-cran-stringr (1.6.0-1.ca2404.1) ...
#6 128.0 Selecting previously unselected package r-cran-reshape2.
#6 128.0 Preparing to unpack .../56-r-cran-reshape2_1.4.5-1.ca2404.1_amd64.deb ...
#6 128.0 Unpacking r-cran-reshape2 (1.4.5-1.ca2404.1) ...
#6 128.1 Selecting previously unselected package r-cran-purrr.
#6 128.1 Preparing to unpack .../57-r-cran-purrr_1.2.2-1.ca2404.1_amd64.deb ...
#6 128.1 Unpacking r-cran-purrr (1.2.2-1.ca2404.1) ...
#6 128.2 Selecting previously unselected package r-cran-tidyr.
#6 128.2 Preparing to unpack .../58-r-cran-tidyr_1.3.2-1.ca2404.1_amd64.deb ...
#6 128.2 Unpacking r-cran-tidyr (1.3.2-1.ca2404.1) ...
#6 128.2 Selecting previously unselected package r-cran-bayesplot.
#6 128.2 Preparing to unpack .../59-r-cran-bayesplot_1.16.0-1.ca2404.1_all.deb ...
#6 128.2 Unpacking r-cran-bayesplot (1.16.0-1.ca2404.1) ...
#6 128.4 Selecting previously unselected package r-cran-bh.
#6 128.4 Preparing to unpack .../60-r-cran-bh_1.90.0-1-1.ca2404.1_all.deb ...
#6 128.4 Unpacking r-cran-bh (1.90.0-1-1.ca2404.1) ...
#6 132.1 Selecting previously unselected package r-cran-mvtnorm.
#6 132.1 Preparing to unpack .../61-r-cran-mvtnorm_1.4-2-1.ca2404.1_amd64.deb ...
#6 132.2 Unpacking r-cran-mvtnorm (1.4-2-1.ca2404.1) ...
#6 132.3 Selecting previously unselected package r-cran-brobdingnag.
#6 132.3 Preparing to unpack .../62-r-cran-brobdingnag_1.3-1-1.ca2404.1_all.deb ...
#6 132.5 Unpacking r-cran-brobdingnag (1.3-1-1.ca2404.1) ...
#6 133.0 Selecting previously unselected package r-cran-coda.
#6 133.0 Preparing to unpack .../63-r-cran-coda_0.19-4.1-1.ca2404.1_all.deb ...
#6 133.0 Unpacking r-cran-coda (0.19-4.1-1.ca2404.1) ...
#6 133.0 Selecting previously unselected package r-cran-bridgesampling.
#6 133.0 Preparing to unpack .../64-r-cran-bridgesampling_1.2-1-1.ca2404.1_all.deb ...
#6 133.0 Unpacking r-cran-bridgesampling (1.2-1-1.ca2404.1) ...
#6 133.1 Selecting previously unselected package r-cran-rcppparallel.
#6 133.1 Preparing to unpack .../65-r-cran-rcppparallel_6.2.1-1.ca2404.1_amd64.deb ...
#6 133.1 Unpacking r-cran-rcppparallel (6.2.1-1.ca2404.1) ...
#6 133.2 Selecting previously unselected package r-cran-rcppeigen.
#6 133.2 Preparing to unpack .../66-r-cran-rcppeigen_0.3.4.0.2-1.ca2404.1_amd64.deb ...
#6 133.2 Unpacking r-cran-rcppeigen (0.3.4.0.2-1.ca2404.1) ...
#6 133.4 Selecting previously unselected package r-cran-stanheaders.
#6 133.5 Preparing to unpack .../67-r-cran-stanheaders_2.39.1-1.ca2404.1_amd64.deb ...
#6 133.5 Unpacking r-cran-stanheaders (2.39.1-1.ca2404.1) ...
#6 134.0 Selecting previously unselected package r-cran-inline.
#6 134.0 Preparing to unpack .../68-r-cran-inline_0.3.21-1.ca2404.1_all.deb ...
#6 134.0 Unpacking r-cran-inline (0.3.21-1.ca2404.1) ...
#6 134.1 Selecting previously unselected package r-cran-gridextra.
#6 134.1 Preparing to unpack .../69-r-cran-gridextra_2.3.1-1.ca2404.1_all.deb ...
#6 134.1 Unpacking r-cran-gridextra (2.3.1-1.ca2404.1) ...
#6 134.2 Selecting previously unselected package r-cran-loo.
#6 134.2 Preparing to unpack .../70-r-cran-loo_2.10.1-1.ca2404.1_all.deb ...
#6 134.2 Unpacking r-cran-loo (2.10.1-1.ca2404.1) ...
#6 134.2 Selecting previously unselected package r-cran-otel.
#6 134.2 Preparing to unpack .../71-r-cran-otel_0.2.0-1.ca2404.1_all.deb ...
#6 134.3 Unpacking r-cran-otel (0.2.0-1.ca2404.1) ...
#6 134.3 Selecting previously unselected package r-cran-ps.
#6 134.3 Preparing to unpack .../72-r-cran-ps_1.9.3-1.ca2404.1_amd64.deb ...
#6 134.3 Unpacking r-cran-ps (1.9.3-1.ca2404.1) ...
#6 134.4 Selecting previously unselected package r-cran-processx.
#6 134.4 Preparing to unpack .../73-r-cran-processx_3.9.0-1.ca2404.1_amd64.deb ...
#6 134.4 Unpacking r-cran-processx (3.9.0-1.ca2404.1) ...
#6 134.4 Selecting previously unselected package r-cran-callr.
#6 134.4 Preparing to unpack .../74-r-cran-callr_3.8.0-1.ca2404.1_all.deb ...
#6 134.4 Unpacking r-cran-callr (3.8.0-1.ca2404.1) ...
#6 134.5 Selecting previously unselected package r-cran-desc.
#6 134.5 Preparing to unpack .../75-r-cran-desc_1.4.3-1.ca2404.1_all.deb ...
#6 134.5 Unpacking r-cran-desc (1.4.3-1.ca2404.1) ...
#6 134.6 Selecting previously unselected package r-cran-pkgbuild.
#6 134.6 Preparing to unpack .../76-r-cran-pkgbuild_1.4.8-1.ca2404.1_all.deb ...
#6 134.6 Unpacking r-cran-pkgbuild (1.4.8-1.ca2404.1) ...
#6 134.6 Selecting previously unselected package r-cran-quickjsr.
#6 134.6 Preparing to unpack .../77-r-cran-quickjsr_1.11.0-1.ca2404.1_amd64.deb ...
#6 134.6 Unpacking r-cran-quickjsr (1.11.0-1.ca2404.1) ...
#6 134.7 Selecting previously unselected package r-cran-rstan.
#6 134.7 Preparing to unpack .../78-r-cran-rstan_2.32.7-1.ca2404.2_amd64.deb ...
#6 134.7 Unpacking r-cran-rstan (2.32.7-1.ca2404.2) ...
#6 134.8 Selecting previously unselected package r-cran-rstantools.
#6 134.8 Preparing to unpack .../79-r-cran-rstantools_2.7.1-1.ca2404.1_all.deb ...
#6 134.8 Unpacking r-cran-rstantools (2.7.1-1.ca2404.1) ...
#6 135.2 Selecting previously unselected package r-cran-digest.
#6 135.2 Preparing to unpack .../80-r-cran-digest_0.6.39-1.ca2404.1_amd64.deb ...
#6 135.2 Unpacking r-cran-digest (0.6.39-1.ca2404.1) ...
#6 135.2 Selecting previously unselected package r-cran-globals.
#6 135.2 Preparing to unpack .../81-r-cran-globals_0.19.1-1.ca2404.1_all.deb ...
#6 135.2 Unpacking r-cran-globals (0.19.1-1.ca2404.1) ...
#6 135.3 Selecting previously unselected package r-cran-listenv.
#6 135.3 Preparing to unpack .../82-r-cran-listenv_1.0.0-1.ca2404.1_all.deb ...
#6 135.3 Unpacking r-cran-listenv (1.0.0-1.ca2404.1) ...
#6 135.4 Selecting previously unselected package r-cran-parallelly.
#6 135.4 Preparing to unpack .../83-r-cran-parallelly_1.48.0-1.ca2404.1_amd64.deb ...
#6 135.4 Unpacking r-cran-parallelly (1.48.0-1.ca2404.1) ...
#6 135.5 Selecting previously unselected package r-cran-future.
#6 135.5 Preparing to unpack .../84-r-cran-future_1.75.0-1.ca2404.1_all.deb ...
#6 135.5 Unpacking r-cran-future (1.75.0-1.ca2404.1) ...
#6 135.6 Selecting previously unselected package r-cran-future.apply.
#6 135.6 Preparing to unpack .../85-r-cran-future.apply_1.20.2-1.ca2404.1_all.deb ...
#6 135.6 Unpacking r-cran-future.apply (1.20.2-1.ca2404.1) ...
#6 135.6 Selecting previously unselected package r-cran-nleqslv.
#6 135.6 Preparing to unpack .../86-r-cran-nleqslv_3.3.7-1.ca2404.1_amd64.deb ...
#6 135.6 Unpacking r-cran-nleqslv (3.3.7-1.ca2404.1) ...
#6 135.7 Selecting previously unselected package r-cran-brms.
#6 135.7 Preparing to unpack .../87-r-cran-brms_2.23.0-1.ca2404.1_all.deb ...
#6 135.7 Unpacking r-cran-brms (2.23.0-1.ca2404.1) ...
#6 135.8 Setting up r-cran-nleqslv (3.3.7-1.ca2404.1) ...
#6 135.8 Setting up r-cran-bh (1.90.0-1-1.ca2404.1) ...
#6 135.9 Setting up libtbbmalloc2:amd64 (2021.11.0-2ubuntu2) ...
#6 135.9 Setting up r-cran-rcpp (1.1.2-1.ca2404.1) ...
#6 135.9 Setting up r-cran-inline (0.3.21-1.ca2404.1) ...
#6 135.9 Setting up r-cran-rlang (1.3.0-1.ca2404.1) ...
#6 135.9 Setting up r-cran-matrixstats (1.5.0-1.ca2404.2) ...
#6 135.9 Setting up r-cran-listenv (1.0.0-1.ca2404.1) ...
#6 136.0 Setting up r-cran-withr (3.0.3-1.ca2404.1) ...
#6 136.0 Setting up r-cran-backports (1.5.1-1.ca2404.1) ...
#6 136.0 Setting up libyaml-0-2:amd64 (0.2.5-1build1) ...
#6 136.0 Setting up r-cran-generics (0.1.4-1.ca2404.1) ...
#6 136.0 Setting up r-cran-abind (1.4-8-1.ca2404.1) ...
#6 136.1 Setting up r-cran-digest (0.6.39-1.ca2404.1) ...
#6 136.1 Setting up libuv1t64:amd64 (1.48.0-1.1build1) ...
#6 136.1 Setting up r-cran-checkmate (2.3.4-1.ca2404.1) ...
#6 136.1 Setting up r-cran-glue (1.8.1-1.ca2404.1) ...
#6 136.1 Setting up r-cran-tensora (0.36.2.1-1.ca2404.1) ...
#6 136.1 Setting up r-cran-cli (3.6.6-1.ca2404.1) ...
#6 136.2 Setting up r-cran-lifecycle (1.0.5-1.ca2404.1) ...
#6 136.2 Setting up r-cran-pkgconfig (2.0.3-1.ca2404.1) ...
#6 136.2 Setting up r-cran-quickjsr (1.11.0-1.ca2404.1) ...
#6 136.2 Setting up r-cran-utf8 (1.2.6-1.ca2404.1) ...
#6 136.2 Setting up r-cran-parallelly (1.48.0-1.ca2404.1) ...
#6 136.2 Setting up r-cran-stringi (1.8.9-1.ca2404.1) ...
#6 136.3 Setting up r-cran-s7 (0.2.2-1.ca2404.1) ...
#6 136.3 Setting up r-cran-cpp11 (0.5.5-1.ca2404.1) ...
#6 136.3 Setting up r-cran-mvtnorm (1.4-2-1.ca2404.1) ...
#6 136.3 Setting up r-cran-plyr (1.8.9-1.ca2404.1) ...
#6 136.3 Setting up r-cran-rcolorbrewer (1.1-3-1.ca2404.1) ...
#6 136.3 Setting up r-cran-isoband (0.3.0-1.ca2404.1) ...
#6 136.4 Setting up libhwloc15:amd64 (2.10.0-1build1) ...
#6 136.4 Setting up r-cran-gtable (0.3.6-1.ca2404.1) ...
#6 136.4 Setting up r-cran-otel (0.2.0-1.ca2404.1) ...
#6 136.4 Setting up r-cran-labeling (0.4.3-1.ca2404.1) ...
#6 136.4 Setting up libjsoncpp25:amd64 (1.9.5-6build1) ...
#6 136.5 Setting up r-cran-ps (1.9.3-1.ca2404.1) ...
#6 136.5 Setting up r-cran-farver (2.1.2-1.ca2404.2) ...
#6 136.5 Setting up r-cran-viridislite (0.4.3-1.ca2404.1) ...
#6 136.5 Setting up librhash0:amd64 (1.4.3-3build1) ...
#6 136.5 Setting up liblua5.4-0:amd64 (5.4.6-3build2) ...
#6 136.5 Setting up cmake-data (3.28.3-1build7) ...
#6 136.6 Setting up curl (8.5.0-2ubuntu10.13) ...
#6 136.6 Setting up pandoc-data (3.1.3-1) ...
#6 136.6 Setting up r-cran-r6 (2.6.1-1.ca2404.1) ...
#6 136.6 Setting up r-cran-globals (0.19.1-1.ca2404.1) ...
#6 136.6 Setting up r-cran-numderiv (2016.8-1.1-1.ca2404.1) ...
#6 136.7 Setting up r-cran-coda (0.19-4.1-1.ca2404.1) ...
#6 136.7 Setting up r-cran-magrittr (2.0.5-1.ca2404.1) ...
#6 136.7 Setting up libxml2:amd64 (2.9.14+dfsg-1.3ubuntu3.8) ...
#6 136.7 Setting up r-cran-vctrs (0.7.3-1.ca2404.3) ...
#6 136.7 Setting up r-cran-brobdingnag (1.3-1-1.ca2404.1) ...
#6 136.7 Setting up r-cran-rcppeigen (0.3.4.0.2-1.ca2404.1) ...
#6 136.8 Setting up r-cran-quadprog (1.5-8-1.ca2404.2) ...
#6 136.8 Setting up r-cran-pillar (1.11.1-1.ca2404.1) ...
#6 136.8 Setting up r-cran-stringr (1.6.0-1.ca2404.1) ...
#6 136.8 Setting up r-cran-distributional (0.9.0-1.ca2404.1) ...
#6 136.8 Setting up r-cran-processx (3.9.0-1.ca2404.1) ...
#6 136.9 Setting up r-cran-desc (1.4.3-1.ca2404.1) ...
#6 136.9 Setting up r-cran-tibble (3.3.1-1.ca2404.1) ...
#6 136.9 Setting up r-cran-future (1.75.0-1.ca2404.1) ...
#6 136.9 Setting up libtbbbind-2-5:amd64 (2021.11.0-2ubuntu2) ...
#6 136.9 Setting up r-cran-tidyselect (1.2.1-1.ca2404.1) ...
#6 136.9 Setting up r-cran-reshape2 (1.4.5-1.ca2404.1) ...
#6 137.0 Setting up r-cran-future.apply (1.20.2-1.ca2404.1) ...
#6 137.0 Setting up pandoc (3.1.3+ds-2) ...
#6 137.0 Setting up r-cran-gridextra (2.3.1-1.ca2404.1) ...
#6 137.0 Setting up r-cran-scales (1.4.0-1.ca2404.1) ...
#6 137.0 Setting up r-cran-purrr (1.2.2-1.ca2404.1) ...
#6 137.1 Setting up r-cran-bridgesampling (1.2-1-1.ca2404.1) ...
#6 137.1 Setting up r-cran-dplyr (1.2.1-1.ca2404.1) ...
#6 137.1 Setting up libarchive13t64:amd64 (3.7.2-2ubuntu0.8) ...
#6 137.1 Setting up r-cran-posterior (1.7.0-1.ca2404.1) ...
#6 137.1 Setting up r-cran-callr (3.8.0-1.ca2404.1) ...
#6 137.1 Setting up r-cran-ggplot2 (4.0.3-1.ca2404.1) ...
#6 137.2 Setting up libtbb12:amd64 (2021.11.0-2ubuntu2) ...
#6 137.2 Setting up r-cran-tidyr (1.3.2-1.ca2404.1) ...
#6 137.2 Setting up r-cran-pkgbuild (1.4.8-1.ca2404.1) ...
#6 137.2 Setting up cmake (3.28.3-1build7) ...
#6 137.2 Setting up r-cran-loo (2.10.1-1.ca2404.1) ...
#6 137.2 Setting up r-cran-ggridges (0.5.7-1.ca2404.1) ...
#6 137.3 Setting up r-cran-rcppparallel (6.2.1-1.ca2404.1) ...
#6 137.3 Setting up r-cran-stanheaders (2.39.1-1.ca2404.1) ...
#6 137.3 Setting up r-cran-ggdist (3.3.3-1.ca2404.1) ...
#6 137.3 Setting up r-cran-bayesplot (1.16.0-1.ca2404.1) ...
#6 137.4 Setting up r-cran-rstantools (2.7.1-1.ca2404.1) ...
#6 137.4 Setting up r-cran-rstan (2.32.7-1.ca2404.2) ...
#6 137.4 Setting up r-cran-brms (2.23.0-1.ca2404.1) ...
#6 137.4 Processing triggers for libc-bin (2.39-0ubuntu8.8) ...
#6 DONE 138.3s

#7 [3/6] COPY renv.lock /opt/ratio-analysis-v3.1/renv.lock
#7 DONE 0.2s

#8 [4/6] COPY scripts/restore_environment.R /opt/ratio-analysis-v3.1/scripts/restore_environment.R
#8 DONE 0.1s

#9 [5/6] RUN Rscript /opt/ratio-analysis-v3.1/scripts/restore_environment.R     --lockfile /opt/ratio-analysis-v3.1/renv.lock     --library /usr/local/lib/R/site-library
#9 0.554 Untracing function "install.packages" in package "utils"
#9 0.570 trying URL 'https://cran.r-project.org/src/contrib/renv_1.2.4.tar.gz'
#9 3.394 Content type 'application/x-gzip' length 1438389 bytes (1.4 MB)
#9 3.394 ==================================================
#9 4.497 downloaded 1.4 MB
#9 4.497 
#9 5.356 * installing *source* package ‘renv’ ...
#9 5.356 ** this is package ‘renv’ version ‘1.2.4’
#9 5.376 ** package ‘renv’ successfully unpacked and MD5 sums checked
#9 5.377 ** using staged installation
#9 5.403 ** R
#9 5.573 ** inst
#9 5.582 ** byte-compile and prepare package for lazy loading
#9 22.70 ** libs
#9 22.70 using C compiler: ‘x86_64-linux-gnu-gcc (Ubuntu 13.3.0-6ubuntu2~24.04.1) 13.3.0’
#9 22.70 x86_64-linux-gnu-gcc -std=gnu2x -I"/usr/share/R/include" -DNDEBUG       -fpic  -g -O2 -fno-omit-frame-pointer -mno-omit-leaf-frame-pointer -ffile-prefix-map=/build/r-base-SRqRsK/r-base-4.6.1=. -fstack-protector-strong -fstack-clash-protection -Wformat -Werror=format-security -fcf-protection -fdebug-prefix-map=/build/r-base-SRqRsK/r-base-4.6.1=/usr/src/r-base-4.6.1-6.2404.0 -Wdate-time -D_FORTIFY_SOURCE=3  -c renv.c -o renv.o
#9 22.70 x86_64-linux-gnu-gcc -std=gnu2x -shared -L/usr/lib/R/lib -Wl,-Bsymbolic-functions -flto=auto -ffat-lto-objects -Wl,-z,relro -o renv.so renv.o -L/usr/lib/R/lib -lR
#9 22.70 ** help
#9 22.92 *** installing help indices
#9 23.09 *** copying figures
#9 23.09 ** building package indices
#9 23.47 ** installing vignettes
#9 23.48 ** testing if installed package can be loaded from temporary location
#9 23.90 ** checking absolute paths in shared objects and dynamic libraries
#9 23.91 ** testing if installed package can be loaded from final location
#9 24.72 ** testing if installed package keeps a record of temporary installation path
#9 24.73 * DONE (renv)
#9 25.22 Restoring pinned package versions: jsonlite 
#9 26.08 - Querying repositories for available source packages ... Done!
#9 31.36 The following package(s) will be updated:
#9 31.36 
#9 31.36 # RSPM -----------------------------------------------------------------------
#9 31.36 - jsonlite   [* -> 2.0.0]
#9 31.36 
#9 31.38 # Downloading packages -------------------------------------------------------
#9 31.73 
  (0/1) Downloading: jsonlite                                                   
                                                                                
✔ jsonlite 2.0.0                           [1.1 MB in 0.58s]
#9 32.56 
                                                                                
Successfully downloaded 1 package in 0.83 seconds.
#9 32.56 
#9 32.56 # Installing packages --------------------------------------------------------
#9 32.60 
  (0/1) Installing: jsonlite                                                    
  (0/1) Installing: jsonlite                                                    
  (0/1) Installing: jsonlite                                                    
                                                                                
✔ jsonlite 2.0.0                           [built from source in 6.0s]
#9 38.63 Successfully installed 1 package in 6.1 seconds.
#9 38.63 Error in cat("ENVIRONMENT_VERIFIED: R ", getRversion(), "; ", length(expected),  : 
#9 44.40   argument 2 (type 'list') cannot be handled by 'cat'
#9 44.40 Execution halted
#9 44.40 ENVIRONMENT_VERIFIED: R 
#9 ERROR: process "/bin/sh -c Rscript /opt/ratio-analysis-v3.1/scripts/restore_environment.R     --lockfile /opt/ratio-analysis-v3.1/renv.lock     --library /usr/local/lib/R/site-library" did not complete successfully: exit code: 1
------
 > [5/6] RUN Rscript /opt/ratio-analysis-v3.1/scripts/restore_environment.R     --lockfile /opt/ratio-analysis-v3.1/renv.lock     --library /usr/local/lib/R/site-library:
44.40 ENVIRONMENT_VERIFIED: R 

31.36 The following package(s) will be updated:
31.36 
31.36 # RSPM -----------------------------------------------------------------------
31.36 - jsonlite   [* -> 2.0.0]
31.36 
31.38 # Downloading packages -------------------------------------------------------
Error in cat("ENVIRONMENT_VERIFIED: R ", getRversion(), "; ", length(expected),  : 
44.40   argument 2 (type 'list') cannot be handled by 'cat'
44.40 Execution halted
------
Dockerfile:11
--------------------
  10 |     COPY scripts/restore_environment.R /opt/ratio-analysis-v3.1/scripts/restore_environment.R
  11 | >>> RUN Rscript /opt/ratio-analysis-v3.1/scripts/restore_environment.R \
  12 | >>>     --lockfile /opt/ratio-analysis-v3.1/renv.lock \
  13 | >>>     --library /usr/local/lib/R/site-library
  14 |     ENV RATIO_V31_LOCKFILE=/opt/ratio-analysis-v3.1/renv.lock
--------------------
ERROR: failed to build: failed to solve: process "/bin/sh -c Rscript /opt/ratio-analysis-v3.1/scripts/restore_environment.R     --lockfile /opt/ratio-analysis-v3.1/renv.lock     --library /usr/local/lib/R/site-library" did not complete successfully: exit code: 1
View build details: docker-desktop://dashboard/build/desktop-linux/desktop-linux/ty8xsimwcz5opl3phci4x159u
DOCKER_BUILD_EXIT_CODE=1
BUILD_ATTEMPT_2_FAILED: successful package restoration and all checks reached final log formatting; R numeric_version required as.character in cat. Fixed before retry.
BUILD_ATTEMPT_3_COMMAND: docker build --progress=plain -t ratio-analysis-v3-1-local:validated "C:\Users\minfei\Documents\Codex\2026-09-09\02-08-r-x20-2\work\ratio_analysis_20260914_v3"
#0 building with "desktop-linux" instance using docker driver

#1 [internal] load build definition from Dockerfile
#1 DONE 0.0s

#1 [internal] load build definition from Dockerfile
#1 transferring dockerfile: 951B done
#1 DONE 0.0s

#2 [internal] load metadata for docker.io/rocker/r2u:24.04@sha256:dc2a96c3b368969635c25c177c64514ba8e37cf2259dd3584de7c33520191d92
#2 DONE 0.0s

#3 [internal] load .dockerignore
#3 transferring context: 2B done
#3 DONE 0.0s

#4 [internal] load build context
#4 DONE 0.0s

#5 [1/6] FROM docker.io/rocker/r2u:24.04@sha256:dc2a96c3b368969635c25c177c64514ba8e37cf2259dd3584de7c33520191d92
#5 resolve docker.io/rocker/r2u:24.04@sha256:dc2a96c3b368969635c25c177c64514ba8e37cf2259dd3584de7c33520191d92
#5 resolve docker.io/rocker/r2u:24.04@sha256:dc2a96c3b368969635c25c177c64514ba8e37cf2259dd3584de7c33520191d92 0.0s done
#5 DONE 0.0s

#4 [internal] load build context
#4 transferring context: 4.79kB done
#4 DONE 0.0s

#6 [2/6] RUN apt-get update && apt-get install -y --no-install-recommends     r-cran-brms r-cran-rstan r-cran-posterior r-cran-digest     ca-certificates curl cmake pandoc     && rm -rf /var/lib/apt/lists/*
#6 CACHED

#7 [3/6] COPY renv.lock /opt/ratio-analysis-v3.1/renv.lock
#7 CACHED

#8 [4/6] COPY scripts/restore_environment.R /opt/ratio-analysis-v3.1/scripts/restore_environment.R
#8 DONE 0.0s

#9 [5/6] RUN Rscript /opt/ratio-analysis-v3.1/scripts/restore_environment.R     --lockfile /opt/ratio-analysis-v3.1/renv.lock     --library /usr/local/lib/R/site-library
#9 0.552 Untracing function "install.packages" in package "utils"
#9 0.569 trying URL 'https://cran.r-project.org/src/contrib/renv_1.2.4.tar.gz'
#9 3.046 Content type 'application/x-gzip' length 1438389 bytes (1.4 MB)
#9 3.046 ==================================================
#9 4.084 downloaded 1.4 MB
#9 4.084 
#9 4.970 * installing *source* package ‘renv’ ...
#9 4.970 ** this is package ‘renv’ version ‘1.2.4’
#9 4.991 ** package ‘renv’ successfully unpacked and MD5 sums checked
#9 4.991 ** using staged installation
#9 5.018 ** R
#9 5.188 ** inst
#9 5.196 ** byte-compile and prepare package for lazy loading
#9 23.13 ** libs
#9 23.13 using C compiler: ‘x86_64-linux-gnu-gcc (Ubuntu 13.3.0-6ubuntu2~24.04.1) 13.3.0’
#9 23.13 x86_64-linux-gnu-gcc -std=gnu2x -I"/usr/share/R/include" -DNDEBUG       -fpic  -g -O2 -fno-omit-frame-pointer -mno-omit-leaf-frame-pointer -ffile-prefix-map=/build/r-base-SRqRsK/r-base-4.6.1=. -fstack-protector-strong -fstack-clash-protection -Wformat -Werror=format-security -fcf-protection -fdebug-prefix-map=/build/r-base-SRqRsK/r-base-4.6.1=/usr/src/r-base-4.6.1-6.2404.0 -Wdate-time -D_FORTIFY_SOURCE=3  -c renv.c -o renv.o
#9 23.13 x86_64-linux-gnu-gcc -std=gnu2x -shared -L/usr/lib/R/lib -Wl,-Bsymbolic-functions -flto=auto -ffat-lto-objects -Wl,-z,relro -o renv.so renv.o -L/usr/lib/R/lib -lR
#9 23.13 ** help
#9 23.36 *** installing help indices
#9 23.55 *** copying figures
#9 23.55 ** building package indices
#9 23.94 ** installing vignettes
#9 23.95 ** testing if installed package can be loaded from temporary location
#9 24.38 ** checking absolute paths in shared objects and dynamic libraries
#9 24.39 ** testing if installed package can be loaded from final location
#9 25.17 ** testing if installed package keeps a record of temporary installation path
#9 25.18 * DONE (renv)
#9 25.65 Restoring pinned package versions: jsonlite 
#9 26.52 - Querying repositories for available source packages ... Done!
#9 31.88 The following package(s) will be updated:
#9 31.88 
#9 31.88 # RSPM -----------------------------------------------------------------------
#9 31.88 - jsonlite   [* -> 2.0.0]
#9 31.88 
#9 31.90 # Downloading packages -------------------------------------------------------
#9 32.26 
  (0/1) Downloading: jsonlite                                                   
                                                                                
✔ jsonlite 2.0.0                           [1.1 MB in 0.71s]
#9 33.20 
                                                                                
Successfully downloaded 1 package in 0.95 seconds.
#9 33.20 
#9 33.20 # Installing packages --------------------------------------------------------
#9 33.24 
  (0/1) Installing: jsonlite                                                    
  (0/1) Installing: jsonlite                                                    
  (0/1) Installing: jsonlite                                                    
                                                                                
✔ jsonlite 2.0.0                           [built from source in 6.0s]
#9 39.25 Successfully installed 1 package in 6 seconds.
#9 39.25 ENVIRONMENT_VERIFIED: R 4.6.1; 79 locked packages; complete Depends/Imports/LinkingTo closure.
#9 44.94 RUNTIME_LIBRARY=/usr/local/lib/R/site-library
#9 DONE 45.1s
#10 [6/6] WORKDIR /project
#10 DONE 0.1s

#11 exporting to image
#11 exporting layers
#11 exporting layers 23.4s done
#11 exporting manifest sha256:a92fca3dbb1166959b2cf06ed54e8b36cce8a6ad9956dd2f298e8b666d84f189 0.0s done
#11 exporting config sha256:399c3e80d64f31c23d51206836fa0d4b570803caf4eca587db99b78ab4469e79 0.0s done
#11 exporting attestation manifest sha256:0165b03e363c7f4a865a35faaefe9682fd2505da03e800e2e3253057ce1d077b 0.0s done
#11 exporting manifest list sha256:6c1e0e2737e6a03dda651cb8bbe1daaa908b5c852c44106a974345335ebc97be
#11 exporting manifest list sha256:6c1e0e2737e6a03dda651cb8bbe1daaa908b5c852c44106a974345335ebc97be 0.0s done
#11 naming to docker.io/library/ratio-analysis-v3-1-local:validated done
#11 unpacking to docker.io/library/ratio-analysis-v3-1-local:validated
#11 unpacking to docker.io/library/ratio-analysis-v3-1-local:validated 8.7s done
#11 DONE 32.3s

View build details: docker-desktop://dashboard/build/desktop-linux/desktop-linux/wm8zgp3bbtxejmbwq59igaw42
DOCKER_BUILD_EXIT_CODE=0
VALIDATION_COMMAND: docker run --rm --mount type=bind,source=<version_directory>,target=/project/v3,readonly ratio-analysis-v3-1-local:validated Rscript /project/v3/scripts/test_environment.R
Untracing function "install.packages" in package "utils"
All locked package versions already match; no restoration required.
ENVIRONMENT_VERIFIED: R 4.6.1; 79 locked packages; complete Depends/Imports/LinkingTo closure.
RUNTIME_LIBRARY=/usr/local/lib/R/site-library 
PASS: all 79 locked package versions, full dependency closure, and model namespaces.
- Lockfile written to "/tmp/Rtmpxdm4zU/file1de42584.lock".
NULL
PASS: altered R-version lock is rejected.
- Lockfile written to "/tmp/Rtmpxdm4zU/file1176f0670.lock".
NULL
PASS: missing transitive dependency in lock is rejected.
The following package(s) will be updated:

# RSPM -----------------------------------------------------------------------
- abind   [* -> 1.4-8]

# Downloading packages -------------------------------------------------------
[?25l
  (0/1) Downloading: abind                                                      
                                                                                
[32m✔[0m abind 1.4-8                              [22 kB in 0.69s]

                                                                                
Successfully downloaded 1 package in 0.98 seconds.

# Installing packages --------------------------------------------------------

  (0/1) Installing: abind                                                       
  (0/1) Installing: abind                                                       
                                                                                
[32m✔[0m abind 1.4-8                              [built from source in 1.9s]
Successfully installed 1 package in 2.1 seconds.
[?25hPASS: pinned RSPM/CRAN dependency restored into a clean temporary library.
ENVIRONMENT_TESTS_PASS; no MCMC was run.
ENVIRONMENT_TEST_EXIT_CODE=0
VALIDATED_IMAGE_INSPECTION="sha256:6c1e0e2737e6a03dda651cb8bbe1daaa908b5c852c44106a974345335ebc97be" "linux" "amd64"
cmake	3.28.3-1build7
libc6	2.39-0ubuntu8.8
libstdc++6	14.2.0-4ubuntu2~24.04.1
libtbb12	2021.11.0-2ubuntu2
pandoc	3.1.3+ds-2
r-base-core	4.6.1-6.2404.0
r-base-dev	4.6.1-6.2404.0
