"Threshold","FPR","TPR","EvalWeighting","Design","Model","TrainWeighting","Fold","AUC"
Inf,0,0,"record_equal","fivefold","Null","record_equal",1,0.5
0.761226369430631,1,1,"record_equal","fivefold","Null","record_equal",1,0.5
Inf,0,0,"record_equal","fivefold","Null","record_equal",2,0.5
0.808041890443593,1,1,"record_equal","fivefold","Null","record_equal",2,0.5
Inf,0,0,"record_equal","fivefold","Null","record_equal",3,0.5
0.765859308506557,1,1,"record_equal","fivefold","Null","record_equal",3,0.5
Inf,0,0,"record_equal","fivefold","Null","record_equal",4,0.5
0.670614467081798,1,1,"record_equal","fivefold","Null","record_equal",4,0.5
Inf,0,0,"record_equal","fivefold","Null","record_equal",5,0.5
0.764205716974947,1,1,"record_equal","fivefold","Null","record_equal",5,0.5
Inf,0,0,"record_equal","fivefold","Null","species_equal",1,0.5
0.687259792201258,1,1,"record_equal","fivefold","Null","species_equal",1,0.5
Inf,0,0,"record_equal","fivefold","Null","species_equal",2,0.5
0.73915918930201,1,1,"record_equal","fivefold","Null","species_equal",2,0.5
Inf,0,0,"record_equal","fivefold","Null","species_equal",3,0.5
0.683445975044472,1,1,"record_equal","fivefold","Null","species_equal",3,0.5
Inf,0,0,"record_equal","fivefold","Null","species_equal",4,0.5
0.667588873781338,1,1,"record_equal","fivefold","Null","species_equal",4,0.5
Inf,0,0,"record_equal","fivefold","Null","species_equal",5,0.5
0.679692947500751,1,1,"record_equal","fivefold","Null","species_equal",5,0.5
Inf,0,0,"record_equal","fivefold","M1","record_equal",1,0.66
0.864204330410039,0,0.133333333333333,"record_equal","fivefold","M1","record_equal",1,0.66
0.839866838982329,0.4,0.533333333333333,"record_equal","fivefold","M1","record_equal",1,0.66
0.767241905869522,0.6,0.733333333333333,"record_equal","fivefold","M1","record_equal",1,0.66
0.746825004120993,0.6,0.933333333333333,"record_equal","fivefold","M1","record_equal",1,0.66
0.718649406505276,0.6,1,"record_equal","fivefold","M1","record_equal",1,0.66
0.62371704153284,0.8,1,"record_equal","fivefold","M1","record_equal",1,0.66
0.252975306391936,1,1,"record_equal","fivefold","M1","record_equal",1,0.66
Inf,0,0,"record_equal","fivefold","M1","record_equal",2,0.861111111111111
0.876722345398707,0.166666666666667,0.75,"record_equal","fivefold","M1","record_equal",2,0.861111111111111
0.860667484403942,0.166666666666667,0.916666666666667,"record_equal","fivefold","M1","record_equal",2,0.861111111111111
0.726216494222929,0.583333333333333,0.916666666666667,"record_equal","fivefold","M1","record_equal",2,0.861111111111111
0.58918356751113,0.583333333333333,1,"record_equal","fivefold","M1","record_equal",2,0.861111111111111
0.373635784154495,1,1,"record_equal","fivefold","M1","record_equal",2,0.861111111111111
Inf,0,0,"record_equal","fivefold","M1","record_equal",3,0.860902255639098
0.859930783277936,0,0.210526315789474,"record_equal","fivefold","M1","record_equal",3,0.860902255639098
0.826684730215428,0,0.631578947368421,"record_equal","fivefold","M1","record_equal",3,0.860902255639098
0.7822876969002,0.142857142857143,0.684210526315789,"record_equal","fivefold","M1","record_equal",3,0.860902255639098
0.775556664074135,0.285714285714286,0.684210526315789,"record_equal","fivefold","M1","record_equal",3,0.860902255639098
0.724795821937417,0.571428571428571,1,"record_equal","fivefold","M1","record_equal",3,0.860902255639098
0.310597867329748,1,1,"record_equal","fivefold","M1","record_equal",3,0.860902255639098
Inf,0,0,"record_equal","fivefold","M1","record_equal",4,0.317901234567901
0.837430181075521,0,0.0925925925925926,"record_equal","fivefold","M1","record_equal",4,0.317901234567901
0.797640200311811,0.833333333333333,0.277777777777778,"record_equal","fivefold","M1","record_equal",4,0.317901234567901
0.773493588713109,0.833333333333333,0.481481481481481,"record_equal","fivefold","M1","record_equal",4,0.317901234567901
0.754377719911228,0.833333333333333,0.981481481481482,"record_equal","fivefold","M1","record_equal",4,0.317901234567901
0.447355112161177,1,0.981481481481482,"record_equal","fivefold","M1","record_equal",4,0.317901234567901
0.304693946504775,1,1,"record_equal","fivefold","M1","record_equal",4,0.317901234567901
Inf,0,0,"record_equal","fivefold","M1","record_equal",5,0.697916666666667
0.855053662658711,0,0.25,"record_equal","fivefold","M1","record_equal",5,0.697916666666667
0.853745214676032,0.333333333333333,0.6875,"record_equal","fivefold","M1","record_equal",5,0.697916666666667
0.614567021025863,0.833333333333333,0.8125,"record_equal","fivefold","M1","record_equal",5,0.697916666666667
0.469005179886048,0.833333333333333,1,"record_equal","fivefold","M1","record_equal",5,0.697916666666667
0.249416517097268,1,1,"record_equal","fivefold","M1","record_equal",5,0.697916666666667
Inf,0,0,"record_equal","fivefold","M1","species_equal",1,0.66
0.85201222649068,0,0.133333333333333,"record_equal","fivefold","M1","species_equal",1,0.66
0.790623148706071,0.4,0.533333333333333,"record_equal","fivefold","M1","species_equal",1,0.66
0.726685332898763,0.6,0.733333333333333,"record_equal","fivefold","M1","species_equal",1,0.66
0.697206494743819,0.6,0.933333333333333,"record_equal","fivefold","M1","species_equal",1,0.66
0.607604188684191,0.6,1,"record_equal","fivefold","M1","species_equal",1,0.66
0.592326496120846,0.8,1,"record_equal","fivefold","M1","species_equal",1,0.66
0.223517917524,1,1,"record_equal","fivefold","M1","species_equal",1,0.66
Inf,0,0,"record_equal","fivefold","M1","species_equal",2,0.861111111111111
0.876416867896131,0.166666666666667,0.75,"record_equal","fivefold","M1","species_equal",2,0.861111111111111
0.83370362143724,0.166666666666667,0.916666666666667,"record_equal","fivefold","M1","species_equal",2,0.861111111111111
0.646701679554431,0.583333333333333,0.916666666666667,"record_equal","fivefold","M1","species_equal",2,0.861111111111111
0.491680880028118,0.583333333333333,1,"record_equal","fivefold","M1","species_equal",2,0.861111111111111
0.268288392045198,1,1,"record_equal","fivefold","M1","species_equal",2,0.861111111111111
Inf,0,0,"record_equal","fivefold","M1","species_equal",3,0.793233082706767
0.863846556846989,0,0.210526315789474,"record_equal","fivefold","M1","species_equal",3,0.793233082706767
0.785497181997187,0.142857142857143,0.210526315789474,"record_equal","fivefold","M1","species_equal",3,0.793233082706767
0.777455539373978,0.142857142857143,0.631578947368421,"record_equal","fivefold","M1","species_equal",3,0.793233082706767
0.73592732976833,0.285714285714286,0.684210526315789,"record_equal","fivefold","M1","species_equal",3,0.793233082706767
0.668508850536474,0.571428571428571,1,"record_equal","fivefold","M1","species_equal",3,0.793233082706767
0.263274922759077,1,1,"record_equal","fivefold","M1","species_equal",3,0.793233082706767
Inf,0,0,"record_equal","fivefold","M1","species_equal",4,0.317901234567901
0.83894638592469,0,0.0925925925925926,"record_equal","fivefold","M1","species_equal",4,0.317901234567901
0.781604554249124,0.833333333333333,0.277777777777778,"record_equal","fivefold","M1","species_equal",4,0.317901234567901
0.770785822667565,0.833333333333333,0.481481481481481,"record_equal","fivefold","M1","species_equal",4,0.317901234567901
0.763298087123553,0.833333333333333,0.981481481481482,"record_equal","fivefold","M1","species_equal",4,0.317901234567901
0.441539105699354,1,0.981481481481482,"record_equal","fivefold","M1","species_equal",4,0.317901234567901
0.293872137140666,1,1,"record_equal","fivefold","M1","species_equal",4,0.317901234567901
Inf,0,0,"record_equal","fivefold","M1","species_equal",5,0.697916666666667
0.833555044012722,0,0.25,"record_equal","fivefold","M1","species_equal",5,0.697916666666667
0.805615408796578,0.333333333333333,0.6875,"record_equal","fivefold","M1","species_equal",5,0.697916666666667
0.525253003990081,0.833333333333333,0.8125,"record_equal","fivefold","M1","species_equal",5,0.697916666666667
0.385355022171805,0.833333333333333,1,"record_equal","fivefold","M1","species_equal",5,0.697916666666667
0.222684899309357,1,1,"record_equal","fivefold","M1","species_equal",5,0.697916666666667
Inf,0,0,"record_equal","fivefold","M2","record_equal",1,0.686666666666667
0.824522826934381,0,0.133333333333333,"record_equal","fivefold","M2","record_equal",1,0.686666666666667
0.821898552534922,0.4,0.6,"record_equal","fivefold","M2","record_equal",1,0.686666666666667
0.734465066045555,0.6,0.8,"record_equal","fivefold","M2","record_equal",1,0.686666666666667
0.713099256102621,0.6,1,"record_equal","fivefold","M2","record_equal",1,0.686666666666667
0.578467680095244,0.8,1,"record_equal","fivefold","M2","record_equal",1,0.686666666666667
0.258945436228132,1,1,"record_equal","fivefold","M2","record_equal",1,0.686666666666667
Inf,0,0,"record_equal","fivefold","M2","record_equal",2,0.888888888888889
0.83919603447075,0,0.166666666666667,"record_equal","fivefold","M2","record_equal",2,0.888888888888889
0.828590963990669,0.166666666666667,0.916666666666667,"record_equal","fivefold","M2","record_equal",2,0.888888888888889
0.673521908186112,0.583333333333333,0.916666666666667,"record_equal","fivefold","M2","record_equal",2,0.888888888888889
0.659179278990481,0.583333333333333,1,"record_equal","fivefold","M2","record_equal",2,0.888888888888889
0.428249965768622,1,1,"record_equal","fivefold","M2","record_equal",2,0.888888888888889
Inf,0,0,"record_equal","fivefold","M2","record_equal",3,0.74812030075188
0.830550361728517,0.142857142857143,0.210526315789474,"record_equal","fivefold","M2","record_equal",3,0.74812030075188
0.820750555774922,0.428571428571429,0.947368421052632,"record_equal","fivefold","M2","record_equal",3,0.74812030075188
0.776745500723599,0.571428571428571,1,"record_equal","fivefold","M2","record_equal",3,0.74812030075188
0.418543158635161,1,1,"record_equal","fivefold","M2","record_equal",3,0.74812030075188
Inf,0,0,"record_equal","fivefold","M2","record_equal",4,0.263888888888889
0.830429282629188,0.833333333333333,0.240740740740741,"record_equal","fivefold","M2","record_equal",4,0.263888888888889
0.762065370476649,0.833333333333333,0.444444444444444,"record_equal","fivefold","M2","record_equal",4,0.263888888888889
0.746538959022408,0.833333333333333,0.981481481481482,"record_equal","fivefold","M2","record_equal",4,0.263888888888889
0.495786159847799,1,0.981481481481482,"record_equal","fivefold","M2","record_equal",4,0.263888888888889
0.30020176855038,1,1,"record_equal","fivefold","M2","record_equal",4,0.263888888888889
Inf,0,0,"record_equal","fivefold","M2","record_equal",5,0.708333333333333
0.831264308228236,0.333333333333333,0.4375,"record_equal","fivefold","M2","record_equal",5,0.708333333333333
0.808377978659621,0.333333333333333,0.6875,"record_equal","fivefold","M2","record_equal",5,0.708333333333333
0.571185115583862,0.333333333333333,0.875,"record_equal","fivefold","M2","record_equal",5,0.708333333333333
0.560048028678471,0.833333333333333,1,"record_equal","fivefold","M2","record_equal",5,0.708333333333333
0.268287841654408,1,1,"record_equal","fivefold","M2","record_equal",5,0.708333333333333
Inf,0,0,"record_equal","fivefold","M2","species_equal",1,0.686666666666667
0.803626646535765,0,0.133333333333333,"record_equal","fivefold","M2","species_equal",1,0.686666666666667
0.774427110465046,0.4,0.6,"record_equal","fivefold","M2","species_equal",1,0.686666666666667
0.698780431654894,0.6,0.8,"record_equal","fivefold","M2","species_equal",1,0.686666666666667
0.668850585304981,0.6,1,"record_equal","fivefold","M2","species_equal",1,0.686666666666667
0.534059068884739,0.8,1,"record_equal","fivefold","M2","species_equal",1,0.686666666666667
0.22642710449043,1,1,"record_equal","fivefold","M2","species_equal",1,0.686666666666667
Inf,0,0,"record_equal","fivefold","M2","species_equal",2,0.895833333333333
0.825648287197222,0.166666666666667,0.75,"record_equal","fivefold","M2","species_equal",2,0.895833333333333
0.808753835472609,0.166666666666667,0.916666666666667,"record_equal","fivefold","M2","species_equal",2,0.895833333333333
0.604447815943664,0.166666666666667,1,"record_equal","fivefold","M2","species_equal",2,0.895833333333333
0.575725061267681,0.583333333333333,1,"record_equal","fivefold","M2","species_equal",2,0.895833333333333
0.297585022899801,1,1,"record_equal","fivefold","M2","species_equal",2,0.895833333333333
Inf,0,0,"record_equal","fivefold","M2","species_equal",3,0.74812030075188
0.840415397222724,0.142857142857143,0.210526315789474,"record_equal","fivefold","M2","species_equal",3,0.74812030075188
0.772996617542622,0.428571428571429,0.947368421052632,"record_equal","fivefold","M2","species_equal",3,0.74812030075188
0.741440370626234,0.571428571428571,1,"record_equal","fivefold","M2","species_equal",3,0.74812030075188
0.387350124725911,1,1,"record_equal","fivefold","M2","species_equal",3,0.74812030075188
Inf,0,0,"record_equal","fivefold","M2","species_equal",4,0.263888888888889
0.827940357994632,0.833333333333333,0.240740740740741,"record_equal","fivefold","M2","species_equal",4,0.263888888888889
0.760940772433862,0.833333333333333,0.444444444444444,"record_equal","fivefold","M2","species_equal",4,0.263888888888889
0.75561447299881,0.833333333333333,0.981481481481482,"record_equal","fivefold","M2","species_equal",4,0.263888888888889
0.513450168503424,1,0.981481481481482,"record_equal","fivefold","M2","species_equal",4,0.263888888888889
0.288645746113196,1,1,"record_equal","fivefold","M2","species_equal",4,0.263888888888889
Inf,0,0,"record_equal","fivefold","M2","species_equal",5,0.708333333333333
0.784750094058779,0.333333333333333,0.4375,"record_equal","fivefold","M2","species_equal",5,0.708333333333333
0.78393265460228,0.333333333333333,0.6875,"record_equal","fivefold","M2","species_equal",5,0.708333333333333
0.479080848770806,0.333333333333333,0.875,"record_equal","fivefold","M2","species_equal",5,0.708333333333333
0.470228534701615,0.833333333333333,1,"record_equal","fivefold","M2","species_equal",5,0.708333333333333
0.225165591605395,1,1,"record_equal","fivefold","M2","species_equal",5,0.708333333333333
Inf,0,0,"record_equal","fivefold","M3","record_equal",1,0.633333333333333
0.905388394357473,0,0.0666666666666667,"record_equal","fivefold","M3","record_equal",1,0.633333333333333
0.862436824656183,0,0.133333333333333,"record_equal","fivefold","M3","record_equal",1,0.633333333333333
0.850423404530479,0.4,0.466666666666667,"record_equal","fivefold","M3","record_equal",1,0.633333333333333
0.83030638238257,0.4,0.533333333333333,"record_equal","fivefold","M3","record_equal",1,0.633333333333333
0.775077640024867,0.6,0.733333333333333,"record_equal","fivefold","M3","record_equal",1,0.633333333333333
0.669107763398861,0.6,0.933333333333333,"record_equal","fivefold","M3","record_equal",1,0.633333333333333
0.599645686657011,0.8,0.933333333333333,"record_equal","fivefold","M3","record_equal",1,0.633333333333333
0.515714370245279,0.8,1,"record_equal","fivefold","M3","record_equal",1,0.633333333333333
0.238110895895995,1,1,"record_equal","fivefold","M3","record_equal",1,0.633333333333333
Inf,0,0,"record_equal","fivefold","M3","record_equal",2,0.868055555555556
0.860445704751697,0,0.166666666666667,"record_equal","fivefold","M3","record_equal",2,0.868055555555556
0.8493890409785,0.166666666666667,0.666666666666667,"record_equal","fivefold","M3","record_equal",2,0.868055555555556
0.705754595548014,0.166666666666667,0.916666666666667,"record_equal","fivefold","M3","record_equal",2,0.868055555555556
0.690278301188705,0.583333333333333,0.916666666666667,"record_equal","fivefold","M3","record_equal",2,0.868055555555556
0.594135674263151,0.583333333333333,1,"record_equal","fivefold","M3","record_equal",2,0.868055555555556
0.423292813227191,1,1,"record_equal","fivefold","M3","record_equal",2,0.868055555555556
Inf,0,0,"record_equal","fivefold","M3","record_equal",3,0.755639097744361
0.846221352924662,0.142857142857143,0.0526315789473684,"record_equal","fivefold","M3","record_equal",3,0.755639097744361
0.834285695577183,0.142857142857143,0.473684210526316,"record_equal","fivefold","M3","record_equal",3,0.755639097744361
0.832621339647285,0.428571428571429,0.789473684210526,"record_equal","fivefold","M3","record_equal",3,0.755639097744361
0.810135392702826,0.428571428571429,1,"record_equal","fivefold","M3","record_equal",3,0.755639097744361
0.808212450507076,0.571428571428571,1,"record_equal","fivefold","M3","record_equal",3,0.755639097744361
0.432726810349918,1,1,"record_equal","fivefold","M3","record_equal",3,0.755639097744361
Inf,0,0,"record_equal","fivefold","M3","record_equal",4,0.925925925925926
0.797598535246554,0,0.425925925925926,"record_equal","fivefold","M3","record_equal",4,0.925925925925926
0.786021727085528,0,0.62962962962963,"record_equal","fivefold","M3","record_equal",4,0.925925925925926
0.776705420396225,0,0.722222222222222,"record_equal","fivefold","M3","record_equal",4,0.925925925925926
0.766854961761477,0.166666666666667,0.87037037037037,"record_equal","fivefold","M3","record_equal",4,0.925925925925926
0.756474362694956,0.166666666666667,0.944444444444444,"record_equal","fivefold","M3","record_equal",4,0.925925925925926
0.684618793329781,0.833333333333333,0.944444444444444,"record_equal","fivefold","M3","record_equal",4,0.925925925925926
0.655297317823778,0.833333333333333,0.981481481481482,"record_equal","fivefold","M3","record_equal",4,0.925925925925926
0.560048196496655,1,0.981481481481482,"record_equal","fivefold","M3","record_equal",4,0.925925925925926
0.415443962632235,1,1,"record_equal","fivefold","M3","record_equal",4,0.925925925925926
Inf,0,0,"record_equal","fivefold","M3","record_equal",5,0.770833333333333
0.900168714927258,0,0.0625,"record_equal","fivefold","M3","record_equal",5,0.770833333333333
0.858817414284404,0,0.1875,"record_equal","fivefold","M3","record_equal",5,0.770833333333333
0.849739151089636,0.333333333333333,0.625,"record_equal","fivefold","M3","record_equal",5,0.770833333333333
0.828014577522079,0.333333333333333,0.6875,"record_equal","fivefold","M3","record_equal",5,0.770833333333333
0.635247403932563,0.333333333333333,0.875,"record_equal","fivefold","M3","record_equal",5,0.770833333333333
0.61712457321181,0.833333333333333,1,"record_equal","fivefold","M3","record_equal",5,0.770833333333333
0.312641608201619,1,1,"record_equal","fivefold","M3","record_equal",5,0.770833333333333
Inf,0,0,"record_equal","fivefold","M3","species_equal",1,0.633333333333333
0.867298914408587,0,0.0666666666666667,"record_equal","fivefold","M3","species_equal",1,0.633333333333333
0.852916872025348,0,0.133333333333333,"record_equal","fivefold","M3","species_equal",1,0.633333333333333
0.823313779642189,0.4,0.466666666666667,"record_equal","fivefold","M3","species_equal",1,0.633333333333333
0.773239299082621,0.4,0.533333333333333,"record_equal","fivefold","M3","species_equal",1,0.633333333333333
0.748046398446997,0.6,0.733333333333333,"record_equal","fivefold","M3","species_equal",1,0.633333333333333
0.662543161067892,0.6,0.933333333333333,"record_equal","fivefold","M3","species_equal",1,0.633333333333333
0.599283207279415,0.8,0.933333333333333,"record_equal","fivefold","M3","species_equal",1,0.633333333333333
0.545982242479109,0.8,1,"record_equal","fivefold","M3","species_equal",1,0.633333333333333
0.195069534327713,1,1,"record_equal","fivefold","M3","species_equal",1,0.633333333333333
Inf,0,0,"record_equal","fivefold","M3","species_equal",2,0.868055555555556
0.842367280877343,0,0.166666666666667,"record_equal","fivefold","M3","species_equal",2,0.868055555555556
0.82656225713078,0.166666666666667,0.666666666666667,"record_equal","fivefold","M3","species_equal",2,0.868055555555556
0.762198858535771,0.166666666666667,0.916666666666667,"record_equal","fivefold","M3","species_equal",2,0.868055555555556
0.654550928704096,0.583333333333333,0.916666666666667,"record_equal","fivefold","M3","species_equal",2,0.868055555555556
0.557586182997399,0.583333333333333,1,"record_equal","fivefold","M3","species_equal",2,0.868055555555556
0.272112728991704,1,1,"record_equal","fivefold","M3","species_equal",2,0.868055555555556
Inf,0,0,"record_equal","fivefold","M3","species_equal",3,0.635338345864662
0.831259581316725,0.285714285714286,0.315789473684211,"record_equal","fivefold","M3","species_equal",3,0.635338345864662
0.819289176970116,0.428571428571429,0.368421052631579,"record_equal","fivefold","M3","species_equal",3,0.635338345864662
0.803341458820982,0.428571428571429,0.789473684210526,"record_equal","fivefold","M3","species_equal",3,0.635338345864662
0.777542513172903,0.571428571428571,0.789473684210526,"record_equal","fivefold","M3","species_equal",3,0.635338345864662
0.772293175593836,0.571428571428571,1,"record_equal","fivefold","M3","species_equal",3,0.635338345864662
0.425134951145298,1,1,"record_equal","fivefold","M3","species_equal",3,0.635338345864662
Inf,0,0,"record_equal","fivefold","M3","species_equal",4,0.962962962962963
0.815514790130713,0,0.425925925925926,"record_equal","fivefold","M3","species_equal",4,0.962962962962963
0.786307617840537,0,0.62962962962963,"record_equal","fivefold","M3","species_equal",4,0.962962962962963
0.765600011162305,0,0.703703703703704,"record_equal","fivefold","M3","species_equal",4,0.962962962962963
0.755977035988529,0,0.796296296296296,"record_equal","fivefold","M3","species_equal",4,0.962962962962963
0.738452305733776,0.166666666666667,0.944444444444444,"record_equal","fivefold","M3","species_equal",4,0.962962962962963
0.684846827492587,0.166666666666667,0.981481481481482,"record_equal","fivefold","M3","species_equal",4,0.962962962962963
0.679534007044768,0.833333333333333,0.981481481481482,"record_equal","fivefold","M3","species_equal",4,0.962962962962963
0.569855205060309,1,0.981481481481482,"record_equal","fivefold","M3","species_equal",4,0.962962962962963
0.424291244214184,1,1,"record_equal","fivefold","M3","species_equal",4,0.962962962962963
Inf,0,0,"record_equal","fivefold","M3","species_equal",5,0.65625
0.861231009400203,0,0.125,"record_equal","fivefold","M3","species_equal",5,0.65625
0.813670143315865,0.333333333333333,0.5625,"record_equal","fivefold","M3","species_equal",5,0.65625
0.810813593992975,0.333333333333333,0.625,"record_equal","fivefold","M3","species_equal",5,0.65625
0.751384621522184,0.333333333333333,0.6875,"record_equal","fivefold","M3","species_equal",5,0.65625
0.575537612426421,0.833333333333333,0.8125,"record_equal","fivefold","M3","species_equal",5,0.65625
0.572777355621354,0.833333333333333,1,"record_equal","fivefold","M3","species_equal",5,0.65625
0.264384308081083,1,1,"record_equal","fivefold","M3","species_equal",5,0.65625
Inf,0,0,"record_equal","tenfold","Null","record_equal",1,0.5
0.749857653177462,1,1,"record_equal","tenfold","Null","record_equal",1,0.5
Inf,0,0,"record_equal","tenfold","Null","record_equal",2,0.5
0.776832025251512,1,1,"record_equal","tenfold","Null","record_equal",2,0.5
Inf,0,0,"record_equal","tenfold","Null","record_equal",3,0.5
0.764498730289167,1,1,"record_equal","tenfold","Null","record_equal",3,0.5
Inf,0,0,"record_equal","tenfold","Null","record_equal",4,0.5
0.729128624821564,1,1,"record_equal","tenfold","Null","record_equal",4,0.5
Inf,0,0,"record_equal","tenfold","Null","record_equal",5,0.5
0.738990304832763,1,1,"record_equal","tenfold","Null","record_equal",5,0.5
Inf,0,0,"record_equal","tenfold","Null","record_equal",6,0.5
0.756815652695797,1,1,"record_equal","tenfold","Null","record_equal",6,0.5
Inf,0,0,"record_equal","tenfold","Null","record_equal",7,0.5
0.747869508001179,1,1,"record_equal","tenfold","Null","record_equal",7,0.5
Inf,0,0,"record_equal","tenfold","Null","record_equal",8,0.5
0.763102963603441,1,1,"record_equal","tenfold","Null","record_equal",8,0.5
Inf,0,0,"record_equal","tenfold","Null","record_equal",9,0.5
0.77777865918406,1,1,"record_equal","tenfold","Null","record_equal",9,0.5
Inf,0,0,"record_equal","tenfold","Null","record_equal",10,0.5
0.786986365183889,1,1,"record_equal","tenfold","Null","record_equal",10,0.5
Inf,0,0,"record_equal","tenfold","Null","species_equal",1,0.5
0.679674227079295,1,1,"record_equal","tenfold","Null","species_equal",1,0.5
Inf,0,0,"record_equal","tenfold","Null","species_equal",2,0.5
0.688612362763235,1,1,"record_equal","tenfold","Null","species_equal",2,0.5
Inf,0,0,"record_equal","tenfold","Null","species_equal",3,0.5
0.708014159278454,1,1,"record_equal","tenfold","Null","species_equal",3,0.5
Inf,0,0,"record_equal","tenfold","Null","species_equal",4,0.5
0.666152511407982,1,1,"record_equal","tenfold","Null","species_equal",4,0.5
Inf,0,0,"record_equal","tenfold","Null","species_equal",5,0.5
0.660798076216914,1,1,"record_equal","tenfold","Null","species_equal",5,0.5
Inf,0,0,"record_equal","tenfold","Null","species_equal",6,0.5
0.723729044646853,1,1,"record_equal","tenfold","Null","species_equal",6,0.5
Inf,0,0,"record_equal","tenfold","Null","species_equal",7,0.5
0.679642850596773,1,1,"record_equal","tenfold","Null","species_equal",7,0.5
Inf,0,0,"record_equal","tenfold","Null","species_equal",8,0.5
0.689498755519513,1,1,"record_equal","tenfold","Null","species_equal",8,0.5
Inf,0,0,"record_equal","tenfold","Null","species_equal",9,0.5
0.697446922836613,1,1,"record_equal","tenfold","Null","species_equal",9,0.5
Inf,0,0,"record_equal","tenfold","Null","species_equal",10,0.5
0.724592710609252,1,1,"record_equal","tenfold","Null","species_equal",10,0.5
Inf,0,0,"record_equal","tenfold","M1","record_equal",1,0.666666666666667
0.849461968299151,0,0.444444444444444,"record_equal","tenfold","M1","record_equal",1,0.666666666666667
0.841207256792755,0,0.666666666666667,"record_equal","tenfold","M1","record_equal",1,0.666666666666667
0.58167128894649,1,0.666666666666667,"record_equal","tenfold","M1","record_equal",1,0.666666666666667
0.461863394236331,1,1,"record_equal","tenfold","M1","record_equal",1,0.666666666666667
Inf,0,0,"record_equal","tenfold","M1","record_equal",2,0.74
0.872570003679452,0,0.2,"record_equal","tenfold","M1","record_equal",2,0.74
0.855081046520426,0.2,0.8,"record_equal","tenfold","M1","record_equal",2,0.74
0.678002704197769,1,0.8,"record_equal","tenfold","M1","record_equal",2,0.74
0.409675051814763,1,1,"record_equal","tenfold","M1","record_equal",2,0.74
Inf,0,0,"record_equal","tenfold","M1","record_equal",3,0.861111111111111
0.862571373190332,0,0.166666666666667,"record_equal","tenfold","M1","record_equal",3,0.861111111111111
0.836956095483325,0.333333333333333,1,"record_equal","tenfold","M1","record_equal",3,0.861111111111111
0.273509858385956,1,1,"record_equal","tenfold","M1","record_equal",3,0.861111111111111
Inf,0,0,"record_equal","tenfold","M1","record_equal",4,0.75
0.854576544825271,0,0.1,"record_equal","tenfold","M1","record_equal",4,0.75
0.830546734610964,0,0.65,"record_equal","tenfold","M1","record_equal",4,0.75
0.816895581411121,1,0.85,"record_equal","tenfold","M1","record_equal",4,0.75
0.714624985981098,1,1,"record_equal","tenfold","M1","record_equal",4,0.75
Inf,0,0,"record_equal","tenfold","M1","record_equal",5,0.666666666666667
0.825846336353863,0,0.4,"record_equal","tenfold","M1","record_equal",5,0.666666666666667
0.705370993572838,1,0.933333333333333,"record_equal","tenfold","M1","record_equal",5,0.666666666666667
0.418602868337152,1,1,"record_equal","tenfold","M1","record_equal",5,0.666666666666667
Inf,0,0,"record_equal","tenfold","M1","record_equal",6,0.142857142857143
0.905760683381836,0.285714285714286,0,"record_equal","tenfold","M1","record_equal",6,0.142857142857143
0.854670049789749,0.857142857142857,0,"record_equal","tenfold","M1","record_equal",6,0.142857142857143
0.816681203432387,0.857142857142857,0.958333333333333,"record_equal","tenfold","M1","record_equal",6,0.142857142857143
0.730863631120076,0.857142857142857,1,"record_equal","tenfold","M1","record_equal",6,0.142857142857143
0.569643537819189,1,1,"record_equal","tenfold","M1","record_equal",6,0.142857142857143
Inf,0,0,"record_equal","tenfold","M1","record_equal",7,1
0.844080419103706,0,0.545454545454545,"record_equal","tenfold","M1","record_equal",7,1
0.827291708226309,0,0.818181818181818,"record_equal","tenfold","M1","record_equal",7,1
0.7377570320155,0,1,"record_equal","tenfold","M1","record_equal",7,1
0.259491711576073,1,1,"record_equal","tenfold","M1","record_equal",7,1
Inf,0,0,"record_equal","tenfold","M1","record_equal",8,0.914285714285714
0.847656512003684,0,0.571428571428571,"record_equal","tenfold","M1","record_equal",8,0.914285714285714
0.834980676225811,0.2,0.785714285714286,"record_equal","tenfold","M1","record_equal",8,0.914285714285714
0.767112620193673,0.4,1,"record_equal","tenfold","M1","record_equal",8,0.914285714285714
0.298189738562509,1,1,"record_equal","tenfold","M1","record_equal",8,0.914285714285714
Inf,0,0,"record_equal","tenfold","M1","record_equal",9,0.768518518518518
0.870935478093049,0,0.222222222222222,"record_equal","tenfold","M1","record_equal",9,0.768518518518518
0.788924933319384,0.166666666666667,0.333333333333333,"record_equal","tenfold","M1","record_equal",9,0.768518518518518
0.715831497784517,0.5,1,"record_equal","tenfold","M1","record_equal",9,0.768518518518518
0.662290836929668,1,1,"record_equal","tenfold","M1","record_equal",9,0.768518518518518
Inf,0,0,"record_equal","tenfold","M1","record_equal",10,0.888888888888889
0.834186440802628,0,0.333333333333333,"record_equal","tenfold","M1","record_equal",10,0.888888888888889
0.797398674796579,0.166666666666667,0.333333333333333,"record_equal","tenfold","M1","record_equal",10,0.888888888888889
0.5888358567623,0.166666666666667,1,"record_equal","tenfold","M1","record_equal",10,0.888888888888889
0.468776539026106,0.333333333333333,1,"record_equal","tenfold","M1","record_equal",10,0.888888888888889
0.318454042960693,1,1,"record_equal","tenfold","M1","record_equal",10,0.888888888888889
Inf,0,0,"record_equal","tenfold","M1","species_equal",1,0.666666666666667
0.842519679312348,0,0.444444444444444,"record_equal","tenfold","M1","species_equal",1,0.666666666666667
0.809716038309002,0,0.666666666666667,"record_equal","tenfold","M1","species_equal",1,0.666666666666667
0.564659784382495,1,0.666666666666667,"record_equal","tenfold","M1","species_equal",1,0.666666666666667
0.40589269456539,1,1,"record_equal","tenfold","M1","species_equal",1,0.666666666666667
Inf,0,0,"record_equal","tenfold","M1","species_equal",2,0.74
0.856011146091132,0,0.2,"record_equal","tenfold","M1","species_equal",2,0.74
0.80600995390435,0.2,0.8,"record_equal","tenfold","M1","species_equal",2,0.74
0.562653619708689,1,0.8,"record_equal","tenfold","M1","species_equal",2,0.74
0.302300615940023,1,1,"record_equal","tenfold","M1","species_equal",2,0.74
Inf,0,0,"record_equal","tenfold","M1","species_equal",3,0.861111111111111
0.852409649012447,0,0.166666666666667,"record_equal","tenfold","M1","species_equal",3,0.861111111111111
0.794240259834112,0.333333333333333,1,"record_equal","tenfold","M1","species_equal",3,0.861111111111111
0.275531826085825,1,1,"record_equal","tenfold","M1","species_equal",3,0.861111111111111
Inf,0,0,"record_equal","tenfold","M1","species_equal",4,0.75
0.846677000705689,0,0.1,"record_equal","tenfold","M1","species_equal",4,0.75
0.800765613965729,0,0.65,"record_equal","tenfold","M1","species_equal",4,0.75
0.779992341303478,1,0.85,"record_equal","tenfold","M1","species_equal",4,0.75
0.681524650575668,1,1,"record_equal","tenfold","M1","species_equal",4,0.75
Inf,0,0,"record_equal","tenfold","M1","species_equal",5,0.666666666666667
0.783454495173786,0,0.4,"record_equal","tenfold","M1","species_equal",5,0.666666666666667
0.675703843304353,1,0.933333333333333,"record_equal","tenfold","M1","species_equal",5,0.666666666666667
0.376924708510303,1,1,"record_equal","tenfold","M1","species_equal",5,0.666666666666667
Inf,0,0,"record_equal","tenfold","M1","species_equal",6,0.69047619047619
0.908255003338116,0.285714285714286,0,"record_equal","tenfold","M1","species_equal",6,0.69047619047619
0.817406642408992,0.285714285714286,0.958333333333333,"record_equal","tenfold","M1","species_equal",6,0.69047619047619
0.811779479791266,0.857142857142857,0.958333333333333,"record_equal","tenfold","M1","species_equal",6,0.69047619047619
0.660703786164898,0.857142857142857,1,"record_equal","tenfold","M1","species_equal",6,0.69047619047619
0.598695588498404,1,1,"record_equal","tenfold","M1","species_equal",6,0.69047619047619
Inf,0,0,"record_equal","tenfold","M1","species_equal",7,1
0.837179259609948,0,0.545454545454545,"record_equal","tenfold","M1","species_equal",7,1
0.788532702865249,0,0.818181818181818,"record_equal","tenfold","M1","species_equal",7,1
0.703550876115562,0,1,"record_equal","tenfold","M1","species_equal",7,1
0.238251426065163,1,1,"record_equal","tenfold","M1","species_equal",7,1
Inf,0,0,"record_equal","tenfold","M1","species_equal",8,0.914285714285714
0.847319466193443,0,0.571428571428571,"record_equal","tenfold","M1","species_equal",8,0.914285714285714
0.797558596283183,0.2,0.785714285714286,"record_equal","tenfold","M1","species_equal",8,0.914285714285714
0.728640201270148,0.4,1,"record_equal","tenfold","M1","species_equal",8,0.914285714285714
0.247245283078749,1,1,"record_equal","tenfold","M1","species_equal",8,0.914285714285714
Inf,0,0,"record_equal","tenfold","M1","species_equal",9,0.768518518518518
0.857638678449924,0,0.222222222222222,"record_equal","tenfold","M1","species_equal",9,0.768518518518518
0.755960920888282,0.166666666666667,0.333333333333333,"record_equal","tenfold","M1","species_equal",9,0.768518518518518
0.642498774662744,0.5,1,"record_equal","tenfold","M1","species_equal",9,0.768518518518518
0.597400491105904,1,1,"record_equal","tenfold","M1","species_equal",9,0.768518518518518
Inf,0,0,"record_equal","tenfold","M1","species_equal",10,0.833333333333333
0.823777739660337,0.166666666666667,0,"record_equal","tenfold","M1","species_equal",10,0.833333333333333
0.797438012792878,0.166666666666667,0.333333333333333,"record_equal","tenfold","M1","species_equal",10,0.833333333333333
0.509519418311804,0.166666666666667,1,"record_equal","tenfold","M1","species_equal",10,0.833333333333333
0.41750481619598,0.333333333333333,1,"record_equal","tenfold","M1","species_equal",10,0.833333333333333
0.263413583731283,1,1,"record_equal","tenfold","M1","species_equal",10,0.833333333333333
Inf,0,0,"record_equal","tenfold","M2","record_equal",1,1
0.821810404189223,0,0.222222222222222,"record_equal","tenfold","M2","record_equal",1,1
0.803176910245639,0,0.666666666666667,"record_equal","tenfold","M2","record_equal",1,1
0.565173559032519,0,1,"record_equal","tenfold","M2","record_equal",1,1
0.540609559208177,1,1,"record_equal","tenfold","M2","record_equal",1,1
Inf,0,0,"record_equal","tenfold","M2","record_equal",2,0.7
0.837326802346415,0.2,0.6,"record_equal","tenfold","M2","record_equal",2,0.7
0.831234436141592,0.2,0.8,"record_equal","tenfold","M2","record_equal",2,0.7
0.627018082151917,1,0.8,"record_equal","tenfold","M2","record_equal",2,0.7
0.344803985355215,1,1,"record_equal","tenfold","M2","record_equal",2,0.7
Inf,0,0,"record_equal","tenfold","M2","record_equal",3,0.861111111111111
0.826332256216427,0,0.166666666666667,"record_equal","tenfold","M2","record_equal",3,0.861111111111111
0.820761251304847,0.333333333333333,1,"record_equal","tenfold","M2","record_equal",3,0.861111111111111
0.286648696261403,1,1,"record_equal","tenfold","M2","record_equal",3,0.861111111111111
Inf,0,0,"record_equal","tenfold","M2","record_equal",4,0.75
0.818359110080806,0,0.1,"record_equal","tenfold","M2","record_equal",4,0.75
0.811875095517824,0,0.65,"record_equal","tenfold","M2","record_equal",4,0.75
0.80121338659406,1,0.85,"record_equal","tenfold","M2","record_equal",4,0.75
0.688880975998841,1,1,"record_equal","tenfold","M2","record_equal",4,0.75
Inf,0,0,"record_equal","tenfold","M2","record_equal",5,0.666666666666667
0.808730641376107,0,0.4,"record_equal","tenfold","M2","record_equal",5,0.666666666666667
0.808402767148404,1,0.933333333333333,"record_equal","tenfold","M2","record_equal",5,0.666666666666667
0.534353235136544,1,1,"record_equal","tenfold","M2","record_equal",5,0.666666666666667
Inf,0,0,"record_equal","tenfold","M2","record_equal",6,0.142857142857143
0.889135564301606,0.857142857142857,0,"record_equal","tenfold","M2","record_equal",6,0.142857142857143
0.805067252396985,0.857142857142857,1,"record_equal","tenfold","M2","record_equal",6,0.142857142857143
0.543086661561242,1,1,"record_equal","tenfold","M2","record_equal",6,0.142857142857143
Inf,0,0,"record_equal","tenfold","M2","record_equal",7,1
0.808951766785669,0,0.545454545454545,"record_equal","tenfold","M2","record_equal",7,1
0.808874267958435,0,1,"record_equal","tenfold","M2","record_equal",7,1
0.268809194724444,1,1,"record_equal","tenfold","M2","record_equal",7,1
Inf,0,0,"record_equal","tenfold","M2","record_equal",8,0.8
0.820956399976893,0.2,0.214285714285714,"record_equal","tenfold","M2","record_equal",8,0.8
0.80666596962586,0.2,0.785714285714286,"record_equal","tenfold","M2","record_equal",8,0.8
0.750930833159747,0.4,1,"record_equal","tenfold","M2","record_equal",8,0.8
0.407506970994963,1,1,"record_equal","tenfold","M2","record_equal",8,0.8
Inf,0,0,"record_equal","tenfold","M2","record_equal",9,0.768518518518518
0.84069506775456,0.333333333333333,0.666666666666667,"record_equal","tenfold","M2","record_equal",9,0.768518518518518
0.832136492032399,0.333333333333333,0.888888888888889,"record_equal","tenfold","M2","record_equal",9,0.768518518518518
0.765699762608524,0.5,1,"record_equal","tenfold","M2","record_equal",9,0.768518518518518
0.620945562297597,1,1,"record_equal","tenfold","M2","record_equal",9,0.768518518518518
Inf,0,0,"record_equal","tenfold","M2","record_equal",10,0.777777777777778
0.841750947183222,0.166666666666667,0,"record_equal","tenfold","M2","record_equal",10,0.777777777777778
0.823629316018484,0.166666666666667,0.333333333333333,"record_equal","tenfold","M2","record_equal",10,0.777777777777778
0.55945734778975,0.333333333333333,1,"record_equal","tenfold","M2","record_equal",10,0.777777777777778
0.336138546607685,1,1,"record_equal","tenfold","M2","record_equal",10,0.777777777777778
Inf,0,0,"record_equal","tenfold","M2","species_equal",1,1
0.793722002485426,0,0.444444444444444,"record_equal","tenfold","M2","species_equal",1,1
0.789442516968642,0,0.666666666666667,"record_equal","tenfold","M2","species_equal",1,1
0.521085602033744,0,1,"record_equal","tenfold","M2","species_equal",1,1
0.509715092955327,1,1,"record_equal","tenfold","M2","species_equal",1,1
Inf,0,0,"record_equal","tenfold","M2","species_equal",2,0.74
0.819680119706978,0,0.2,"record_equal","tenfold","M2","species_equal",2,0.74
0.791594715562414,0.2,0.8,"record_equal","tenfold","M2","species_equal",2,0.74
0.512122779795219,1,0.8,"record_equal","tenfold","M2","species_equal",2,0.74
0.25239071708517,1,1,"record_equal","tenfold","M2","species_equal",2,0.74
Inf,0,0,"record_equal","tenfold","M2","species_equal",3,0.861111111111111
0.817027893750638,0,0.166666666666667,"record_equal","tenfold","M2","species_equal",3,0.861111111111111
0.782425742594019,0.333333333333333,1,"record_equal","tenfold","M2","species_equal",3,0.861111111111111
0.281589340634586,1,1,"record_equal","tenfold","M2","species_equal",3,0.861111111111111
Inf,0,0,"record_equal","tenfold","M2","species_equal",4,0.75
0.809660044370499,0,0.1,"record_equal","tenfold","M2","species_equal",4,0.75
0.783964518049086,0,0.65,"record_equal","tenfold","M2","species_equal",4,0.75
0.765925911282062,1,0.85,"record_equal","tenfold","M2","species_equal",4,0.75
0.661564895266081,1,1,"record_equal","tenfold","M2","species_equal",4,0.75
Inf,0,0,"record_equal","tenfold","M2","species_equal",5,0.266666666666667
0.797511327856821,1,0.533333333333333,"record_equal","tenfold","M2","species_equal",5,0.266666666666667
0.765330213774733,1,0.933333333333333,"record_equal","tenfold","M2","species_equal",5,0.266666666666667
0.504606181183184,1,1,"record_equal","tenfold","M2","species_equal",5,0.266666666666667
Inf,0,0,"record_equal","tenfold","M2","species_equal",6,0.142857142857143
0.885624804454811,0.857142857142857,0,"record_equal","tenfold","M2","species_equal",6,0.142857142857143
0.806134533562088,0.857142857142857,1,"record_equal","tenfold","M2","species_equal",6,0.142857142857143
0.5486537532425,1,1,"record_equal","tenfold","M2","species_equal",6,0.142857142857143
Inf,0,0,"record_equal","tenfold","M2","species_equal",7,1
0.803493389878418,0,0.545454545454545,"record_equal","tenfold","M2","species_equal",7,1
0.769252160083591,0,1,"record_equal","tenfold","M2","species_equal",7,1
0.236939305314656,1,1,"record_equal","tenfold","M2","species_equal",7,1
Inf,0,0,"record_equal","tenfold","M2","species_equal",8,0.914285714285714
0.808682308535784,0,0.571428571428571,"record_equal","tenfold","M2","species_equal",8,0.914285714285714
0.783757923001131,0.2,0.785714285714286,"record_equal","tenfold","M2","species_equal",8,0.914285714285714
0.719520347707664,0.4,1,"record_equal","tenfold","M2","species_equal",8,0.914285714285714
0.379445874159257,1,1,"record_equal","tenfold","M2","species_equal",8,0.914285714285714
Inf,0,0,"record_equal","tenfold","M2","species_equal",9,0.842592592592593
0.813232315352125,0,0.222222222222222,"record_equal","tenfold","M2","species_equal",9,0.842592592592593
0.799589520087021,0.333333333333333,0.888888888888889,"record_equal","tenfold","M2","species_equal",9,0.842592592592593
0.736803764393238,0.5,1,"record_equal","tenfold","M2","species_equal",9,0.842592592592593
0.5455312975757,1,1,"record_equal","tenfold","M2","species_equal",9,0.842592592592593
Inf,0,0,"record_equal","tenfold","M2","species_equal",10,0.777777777777778
0.858975377351387,0.166666666666667,0,"record_equal","tenfold","M2","species_equal",10,0.777777777777778
0.795312239724022,0.166666666666667,0.333333333333333,"record_equal","tenfold","M2","species_equal",10,0.777777777777778
0.498412886095809,0.333333333333333,1,"record_equal","tenfold","M2","species_equal",10,0.777777777777778
0.232209290006031,1,1,"record_equal","tenfold","M2","species_equal",10,0.777777777777778
Inf,0,0,"record_equal","tenfold","M3","record_equal",1,1
0.834324828949167,0,0.222222222222222,"record_equal","tenfold","M3","record_equal",1,1
0.817180096012029,0,0.444444444444444,"record_equal","tenfold","M3","record_equal",1,1
0.619527231377172,0,0.666666666666667,"record_equal","tenfold","M3","record_equal",1,1
0.592226526591893,0,1,"record_equal","tenfold","M3","record_equal",1,1
0.576528556766428,1,1,"record_equal","tenfold","M3","record_equal",1,1
Inf,0,0,"record_equal","tenfold","M3","record_equal",2,0.7
0.856522702970485,0.2,0.6,"record_equal","tenfold","M3","record_equal",2,0.7
0.829604551241524,0.2,0.8,"record_equal","tenfold","M3","record_equal",2,0.7
0.660858065247082,1,0.8,"record_equal","tenfold","M3","record_equal",2,0.7
0.472937163271511,1,1,"record_equal","tenfold","M3","record_equal",2,0.7
Inf,0,0,"record_equal","tenfold","M3","record_equal",3,0.861111111111111
0.897417896169346,0,0.166666666666667,"record_equal","tenfold","M3","record_equal",3,0.861111111111111
0.841191794346464,0.333333333333333,1,"record_equal","tenfold","M3","record_equal",3,0.861111111111111
0.259805924605028,1,1,"record_equal","tenfold","M3","record_equal",3,0.861111111111111
Inf,0,0,"record_equal","tenfold","M3","record_equal",4,0.65
0.846655510136675,0,0.55,"record_equal","tenfold","M3","record_equal",4,0.65
0.823789286680245,1,0.75,"record_equal","tenfold","M3","record_equal",4,0.65
0.806543044791936,1,0.85,"record_equal","tenfold","M3","record_equal",4,0.65
0.679027147810672,1,1,"record_equal","tenfold","M3","record_equal",4,0.65
Inf,0,0,"record_equal","tenfold","M3","record_equal",5,0.666666666666667
0.823740627050601,0,0.4,"record_equal","tenfold","M3","record_equal",5,0.666666666666667
0.716936453604572,1,0.933333333333333,"record_equal","tenfold","M3","record_equal",5,0.666666666666667
0.508625151354026,1,1,"record_equal","tenfold","M3","record_equal",5,0.666666666666667
Inf,0,0,"record_equal","tenfold","M3","record_equal",6,0.69047619047619
0.87328571314955,0.285714285714286,0,"record_equal","tenfold","M3","record_equal",6,0.69047619047619
0.847103869241892,0.285714285714286,0.958333333333333,"record_equal","tenfold","M3","record_equal",6,0.69047619047619
0.763858284683092,0.857142857142857,0.958333333333333,"record_equal","tenfold","M3","record_equal",6,0.69047619047619
0.689088337389205,0.857142857142857,1,"record_equal","tenfold","M3","record_equal",6,0.69047619047619
0.62808047273163,1,1,"record_equal","tenfold","M3","record_equal",6,0.69047619047619
Inf,0,0,"record_equal","tenfold","M3","record_equal",7,1
0.841693902672595,0,0.0909090909090909,"record_equal","tenfold","M3","record_equal",7,1
0.824795734878691,0,0.363636363636364,"record_equal","tenfold","M3","record_equal",7,1
0.800785736795592,0,0.818181818181818,"record_equal","tenfold","M3","record_equal",7,1
0.515643514594707,0,1,"record_equal","tenfold","M3","record_equal",7,1
0.295114229166609,1,1,"record_equal","tenfold","M3","record_equal",7,1
Inf,0,0,"record_equal","tenfold","M3","record_equal",8,0.828571428571429
0.84237863491204,0,0.142857142857143,"record_equal","tenfold","M3","record_equal",8,0.828571428571429
0.833271956100035,0.2,0.357142857142857,"record_equal","tenfold","M3","record_equal",8,0.828571428571429
0.792223973488032,0.2,0.785714285714286,"record_equal","tenfold","M3","record_equal",8,0.828571428571429
0.772634141819839,0.4,1,"record_equal","tenfold","M3","record_equal",8,0.828571428571429
0.410273570297999,1,1,"record_equal","tenfold","M3","record_equal",8,0.828571428571429
Inf,0,0,"record_equal","tenfold","M3","record_equal",9,0.694444444444444
0.867964986894691,0.166666666666667,0.111111111111111,"record_equal","tenfold","M3","record_equal",9,0.694444444444444
0.829474193925175,0.166666666666667,0.222222222222222,"record_equal","tenfold","M3","record_equal",9,0.694444444444444
0.81998729403139,0.5,0.888888888888889,"record_equal","tenfold","M3","record_equal",9,0.694444444444444
0.719487128166039,0.5,1,"record_equal","tenfold","M3","record_equal",9,0.694444444444444
0.648092799250014,1,1,"record_equal","tenfold","M3","record_equal",9,0.694444444444444
Inf,0,0,"record_equal","tenfold","M3","record_equal",10,0.888888888888889
0.911072672584419,0,0.333333333333333,"record_equal","tenfold","M3","record_equal",10,0.888888888888889
0.805820998292587,0.166666666666667,0.333333333333333,"record_equal","tenfold","M3","record_equal",10,0.888888888888889
0.591129110119237,0.166666666666667,1,"record_equal","tenfold","M3","record_equal",10,0.888888888888889
0.553826706890807,0.333333333333333,1,"record_equal","tenfold","M3","record_equal",10,0.888888888888889
0.31376402032036,1,1,"record_equal","tenfold","M3","record_equal",10,0.888888888888889
Inf,0,0,"record_equal","tenfold","M3","species_equal",1,0.666666666666667
0.814283400996463,0,0.222222222222222,"record_equal","tenfold","M3","species_equal",1,0.666666666666667
0.762335246335486,0,0.444444444444444,"record_equal","tenfold","M3","species_equal",1,0.666666666666667
0.739483006497782,0,0.666666666666667,"record_equal","tenfold","M3","species_equal",1,0.666666666666667
0.590786206226661,1,0.666666666666667,"record_equal","tenfold","M3","species_equal",1,0.666666666666667
0.550564855613074,1,1,"record_equal","tenfold","M3","species_equal",1,0.666666666666667
Inf,0,0,"record_equal","tenfold","M3","species_equal",2,0.7
0.819714612537451,0.2,0.6,"record_equal","tenfold","M3","species_equal",2,0.7
0.761461490710617,0.2,0.8,"record_equal","tenfold","M3","species_equal",2,0.7
0.595660544850394,1,0.8,"record_equal","tenfold","M3","species_equal",2,0.7
0.413962636646102,1,1,"record_equal","tenfold","M3","species_equal",2,0.7
Inf,0,0,"record_equal","tenfold","M3","species_equal",3,0.861111111111111
0.819089863604101,0,0.166666666666667,"record_equal","tenfold","M3","species_equal",3,0.861111111111111
0.815349242045199,0.333333333333333,1,"record_equal","tenfold","M3","species_equal",3,0.861111111111111
0.250128241640854,1,1,"record_equal","tenfold","M3","species_equal",3,0.861111111111111
Inf,0,0,"record_equal","tenfold","M3","species_equal",4,0.65
0.828925095675856,0,0.55,"record_equal","tenfold","M3","species_equal",4,0.65
0.803203445961297,1,0.75,"record_equal","tenfold","M3","species_equal",4,0.65
0.754318473758501,1,0.85,"record_equal","tenfold","M3","species_equal",4,0.65
0.690396810058147,1,1,"record_equal","tenfold","M3","species_equal",4,0.65
Inf,0,0,"record_equal","tenfold","M3","species_equal",5,0.666666666666667
0.792604527710431,0,0.4,"record_equal","tenfold","M3","species_equal",5,0.666666666666667
0.649066506758643,1,0.933333333333333,"record_equal","tenfold","M3","species_equal",5,0.666666666666667
0.501404499110039,1,1,"record_equal","tenfold","M3","species_equal",5,0.666666666666667
Inf,0,0,"record_equal","tenfold","M3","species_equal",6,0.964285714285714
0.860443887482807,0,0.958333333333333,"record_equal","tenfold","M3","species_equal",6,0.964285714285714
0.852060825159454,0.285714285714286,0.958333333333333,"record_equal","tenfold","M3","species_equal",6,0.964285714285714
0.71103361953257,0.857142857142857,0.958333333333333,"record_equal","tenfold","M3","species_equal",6,0.964285714285714
0.670735932567311,0.857142857142857,1,"record_equal","tenfold","M3","species_equal",6,0.964285714285714
0.643981396438348,1,1,"record_equal","tenfold","M3","species_equal",6,0.964285714285714
Inf,0,0,"record_equal","tenfold","M3","species_equal",7,1
0.851800026250165,0,0.0909090909090909,"record_equal","tenfold","M3","species_equal",7,1
0.802264658554891,0,0.363636363636364,"record_equal","tenfold","M3","species_equal",7,1
0.756905606184703,0,0.818181818181818,"record_equal","tenfold","M3","species_equal",7,1
0.568176296750943,0,1,"record_equal","tenfold","M3","species_equal",7,1
0.263910663026776,1,1,"record_equal","tenfold","M3","species_equal",7,1
Inf,0,0,"record_equal","tenfold","M3","species_equal",8,0.828571428571429
0.851271280700728,0,0.142857142857143,"record_equal","tenfold","M3","species_equal",8,0.828571428571429
0.809372647095307,0.2,0.357142857142857,"record_equal","tenfold","M3","species_equal",8,0.828571428571429
0.754594315368159,0.2,0.785714285714286,"record_equal","tenfold","M3","species_equal",8,0.828571428571429
0.745359175563326,0.4,1,"record_equal","tenfold","M3","species_equal",8,0.828571428571429
0.374923820340676,1,1,"record_equal","tenfold","M3","species_equal",8,0.828571428571429
Inf,0,0,"record_equal","tenfold","M3","species_equal",9,0.657407407407407
0.842434283196092,0.166666666666667,0.111111111111111,"record_equal","tenfold","M3","species_equal",9,0.657407407407407
0.800016444728583,0.5,0.777777777777778,"record_equal","tenfold","M3","species_equal",9,0.657407407407407
0.776342927373526,0.5,0.888888888888889,"record_equal","tenfold","M3","species_equal",9,0.657407407407407
0.771080093683338,0.5,1,"record_equal","tenfold","M3","species_equal",9,0.657407407407407
0.616555340023766,1,1,"record_equal","tenfold","M3","species_equal",9,0.657407407407407
Inf,0,0,"record_equal","tenfold","M3","species_equal",10,0.777777777777778
0.870000225323799,0,0.333333333333333,"record_equal","tenfold","M3","species_equal",10,0.777777777777778
0.814409518015608,0.166666666666667,0.333333333333333,"record_equal","tenfold","M3","species_equal",10,0.777777777777778
0.580257090638793,0.333333333333333,0.333333333333333,"record_equal","tenfold","M3","species_equal",10,0.777777777777778
0.563182890591003,0.333333333333333,1,"record_equal","tenfold","M3","species_equal",10,0.777777777777778
0.184439209187504,1,1,"record_equal","tenfold","M3","species_equal",10,0.777777777777778
Inf,0,0,"species_equal","fivefold","Null","record_equal",1,0.5
0.761226369430631,1,1,"species_equal","fivefold","Null","record_equal",1,0.5
Inf,0,0,"species_equal","fivefold","Null","record_equal",2,0.5
0.808041890443593,1,1,"species_equal","fivefold","Null","record_equal",2,0.5
Inf,0,0,"species_equal","fivefold","Null","record_equal",3,0.5
0.765859308506557,1,1,"species_equal","fivefold","Null","record_equal",3,0.5
Inf,0,0,"species_equal","fivefold","Null","record_equal",4,0.5
0.670614467081798,1,1,"species_equal","fivefold","Null","record_equal",4,0.5
Inf,0,0,"species_equal","fivefold","Null","record_equal",5,0.5
0.764205716974947,1,1,"species_equal","fivefold","Null","record_equal",5,0.5
Inf,0,0,"species_equal","fivefold","Null","species_equal",1,0.5
0.687259792201258,1,1,"species_equal","fivefold","Null","species_equal",1,0.5
Inf,0,0,"species_equal","fivefold","Null","species_equal",2,0.5
0.73915918930201,1,1,"species_equal","fivefold","Null","species_equal",2,0.5
Inf,0,0,"species_equal","fivefold","Null","species_equal",3,0.5
0.683445975044472,1,1,"species_equal","fivefold","Null","species_equal",3,0.5
Inf,0,0,"species_equal","fivefold","Null","species_equal",4,0.5
0.667588873781338,1,1,"species_equal","fivefold","Null","species_equal",4,0.5
Inf,0,0,"species_equal","fivefold","Null","species_equal",5,0.5
0.679692947500751,1,1,"species_equal","fivefold","Null","species_equal",5,0.5
Inf,0,0,"species_equal","fivefold","M1","record_equal",1,0.857045143638851
0.864204330410039,0,0.27906976744186,"species_equal","fivefold","M1","record_equal",1,0.857045143638851
0.839866838982329,0.205882352941176,0.616279069767442,"species_equal","fivefold","M1","record_equal",1,0.857045143638851
0.767241905869522,0.294117647058823,0.720930232558139,"species_equal","fivefold","M1","record_equal",1,0.857045143638851
0.746825004120993,0.294117647058823,0.86046511627907,"species_equal","fivefold","M1","record_equal",1,0.857045143638851
0.718649406505276,0.294117647058823,1,"species_equal","fivefold","M1","record_equal",1,0.857045143638851
0.62371704153284,0.647058823529412,1,"species_equal","fivefold","M1","record_equal",1,0.857045143638851
0.252975306391936,1,1,"species_equal","fivefold","M1","record_equal",1,0.857045143638851
Inf,0,0,"species_equal","fivefold","M1","record_equal",2,0.78
0.876722345398707,0.2,0.6,"species_equal","fivefold","M1","record_equal",2,0.78
0.860667484403942,0.2,0.8,"species_equal","fivefold","M1","record_equal",2,0.78
0.726216494222929,0.6,0.8,"species_equal","fivefold","M1","record_equal",2,0.78
0.58918356751113,0.6,1,"species_equal","fivefold","M1","record_equal",2,0.78
0.373635784154495,1,1,"species_equal","fivefold","M1","record_equal",2,0.78
Inf,0,0,"species_equal","fivefold","M1","record_equal",3,0.932601880877743
0.859930783277936,0,0.275862068965517,"species_equal","fivefold","M1","record_equal",3,0.932601880877743
0.826684730215428,0,0.827586206896552,"species_equal","fivefold","M1","record_equal",3,0.932601880877743
0.7822876969002,0.181818181818182,0.896551724137931,"species_equal","fivefold","M1","record_equal",3,0.932601880877743
0.775556664074135,0.545454545454546,0.896551724137931,"species_equal","fivefold","M1","record_equal",3,0.932601880877743
0.724795821937417,0.636363636363636,1,"species_equal","fivefold","M1","record_equal",3,0.932601880877743
0.310597867329748,1,1,"species_equal","fivefold","M1","record_equal",3,0.932601880877743
Inf,0,0,"species_equal","fivefold","M1","record_equal",4,0.543365455893254
0.837430181075521,0,0.126760563380282,"species_equal","fivefold","M1","record_equal",4,0.543365455893254
0.797640200311811,0.526315789473684,0.366197183098592,"species_equal","fivefold","M1","record_equal",4,0.543365455893254
0.773493588713109,0.526315789473684,0.492957746478873,"species_equal","fivefold","M1","record_equal",4,0.543365455893254
0.754377719911228,0.526315789473684,0.873239436619718,"species_equal","fivefold","M1","record_equal",4,0.543365455893254
0.447355112161177,1,0.873239436619718,"species_equal","fivefold","M1","record_equal",4,0.543365455893254
0.304693946504775,1,1,"species_equal","fivefold","M1","record_equal",4,0.543365455893254
Inf,0,0,"species_equal","fivefold","M1","record_equal",5,0.824030445813701
0.855053662658711,0,0.404494382022472,"species_equal","fivefold","M1","record_equal",5,0.824030445813701
0.853745214676032,0.225806451612903,0.730337078651686,"species_equal","fivefold","M1","record_equal",5,0.824030445813701
0.614567021025863,0.612903225806452,0.865168539325843,"species_equal","fivefold","M1","record_equal",5,0.824030445813701
0.469005179886048,0.612903225806452,1,"species_equal","fivefold","M1","record_equal",5,0.824030445813701
0.249416517097268,1,1,"species_equal","fivefold","M1","record_equal",5,0.824030445813701
Inf,0,0,"species_equal","fivefold","M1","species_equal",1,0.857045143638851
0.85201222649068,0,0.27906976744186,"species_equal","fivefold","M1","species_equal",1,0.857045143638851
0.790623148706071,0.205882352941176,0.616279069767442,"species_equal","fivefold","M1","species_equal",1,0.857045143638851
0.726685332898763,0.294117647058823,0.720930232558139,"species_equal","fivefold","M1","species_equal",1,0.857045143638851
0.697206494743819,0.294117647058823,0.86046511627907,"species_equal","fivefold","M1","species_equal",1,0.857045143638851
0.607604188684191,0.294117647058823,1,"species_equal","fivefold","M1","species_equal",1,0.857045143638851
0.592326496120846,0.647058823529412,1,"species_equal","fivefold","M1","species_equal",1,0.857045143638851
0.223517917524,1,1,"species_equal","fivefold","M1","species_equal",1,0.857045143638851
Inf,0,0,"species_equal","fivefold","M1","species_equal",2,0.78
0.876416867896131,0.2,0.6,"species_equal","fivefold","M1","species_equal",2,0.78
0.83370362143724,0.2,0.8,"species_equal","fivefold","M1","species_equal",2,0.78
0.646701679554431,0.6,0.8,"species_equal","fivefold","M1","species_equal",2,0.78
0.491680880028118,0.6,1,"species_equal","fivefold","M1","species_equal",2,0.78
0.268288392045198,1,1,"species_equal","fivefold","M1","species_equal",2,0.78
Inf,0,0,"species_equal","fivefold","M1","species_equal",3,0.706896551724138
0.863846556846989,0,0.275862068965517,"species_equal","fivefold","M1","species_equal",3,0.706896551724138
0.785497181997187,0.363636363636364,0.275862068965517,"species_equal","fivefold","M1","species_equal",3,0.706896551724138
0.777455539373978,0.363636363636364,0.827586206896552,"species_equal","fivefold","M1","species_equal",3,0.706896551724138
0.73592732976833,0.545454545454546,0.896551724137931,"species_equal","fivefold","M1","species_equal",3,0.706896551724138
0.668508850536474,0.636363636363636,1,"species_equal","fivefold","M1","species_equal",3,0.706896551724138
0.263274922759077,1,1,"species_equal","fivefold","M1","species_equal",3,0.706896551724138
Inf,0,0,"species_equal","fivefold","M1","species_equal",4,0.543365455893254
0.83894638592469,0,0.126760563380282,"species_equal","fivefold","M1","species_equal",4,0.543365455893254
0.781604554249124,0.526315789473684,0.366197183098592,"species_equal","fivefold","M1","species_equal",4,0.543365455893254
0.770785822667565,0.526315789473684,0.492957746478873,"species_equal","fivefold","M1","species_equal",4,0.543365455893254
0.763298087123553,0.526315789473684,0.873239436619718,"species_equal","fivefold","M1","species_equal",4,0.543365455893254
0.441539105699354,1,0.873239436619718,"species_equal","fivefold","M1","species_equal",4,0.543365455893254
0.293872137140666,1,1,"species_equal","fivefold","M1","species_equal",4,0.543365455893254
Inf,0,0,"species_equal","fivefold","M1","species_equal",5,0.824030445813701
0.833555044012722,0,0.404494382022472,"species_equal","fivefold","M1","species_equal",5,0.824030445813701
0.805615408796578,0.225806451612903,0.730337078651686,"species_equal","fivefold","M1","species_equal",5,0.824030445813701
0.525253003990081,0.612903225806452,0.865168539325843,"species_equal","fivefold","M1","species_equal",5,0.824030445813701
0.385355022171805,0.612903225806452,1,"species_equal","fivefold","M1","species_equal",5,0.824030445813701
0.222684899309357,1,1,"species_equal","fivefold","M1","species_equal",5,0.824030445813701
Inf,0,0,"species_equal","fivefold","M2","record_equal",1,0.883720930232558
0.824522826934381,0,0.27906976744186,"species_equal","fivefold","M2","record_equal",1,0.883720930232558
0.821898552534922,0.205882352941176,0.755813953488372,"species_equal","fivefold","M2","record_equal",1,0.883720930232558
0.734465066045555,0.294117647058823,0.86046511627907,"species_equal","fivefold","M2","record_equal",1,0.883720930232558
0.713099256102621,0.294117647058823,1,"species_equal","fivefold","M2","record_equal",1,0.883720930232558
0.578467680095244,0.647058823529412,1,"species_equal","fivefold","M2","record_equal",1,0.883720930232558
0.258945436228132,1,1,"species_equal","fivefold","M2","record_equal",1,0.883720930232558
Inf,0,0,"species_equal","fivefold","M2","record_equal",2,0.82
0.83919603447075,0,0.2,"species_equal","fivefold","M2","record_equal",2,0.82
0.828590963990669,0.2,0.8,"species_equal","fivefold","M2","record_equal",2,0.82
0.673521908186112,0.6,0.8,"species_equal","fivefold","M2","record_equal",2,0.82
0.659179278990481,0.6,1,"species_equal","fivefold","M2","record_equal",2,0.82
0.428249965768622,1,1,"species_equal","fivefold","M2","record_equal",2,0.82
Inf,0,0,"species_equal","fivefold","M2","record_equal",3,0.644200626959248
0.830550361728517,0.363636363636364,0.275862068965517,"species_equal","fivefold","M2","record_equal",3,0.644200626959248
0.820750555774922,0.454545454545455,0.931034482758621,"species_equal","fivefold","M2","record_equal",3,0.644200626959248
0.776745500723599,0.636363636363636,1,"species_equal","fivefold","M2","record_equal",3,0.644200626959248
0.418543158635161,1,1,"species_equal","fivefold","M2","record_equal",3,0.644200626959248
Inf,0,0,"species_equal","fivefold","M2","record_equal",4,0.476649369903632
0.830429282629188,0.526315789473684,0.23943661971831,"species_equal","fivefold","M2","record_equal",4,0.476649369903632
0.762065370476649,0.526315789473684,0.366197183098592,"species_equal","fivefold","M2","record_equal",4,0.476649369903632
0.746538959022408,0.526315789473684,0.873239436619718,"species_equal","fivefold","M2","record_equal",4,0.476649369903632
0.495786159847799,1,0.873239436619718,"species_equal","fivefold","M2","record_equal",4,0.476649369903632
0.30020176855038,1,1,"species_equal","fivefold","M2","record_equal",4,0.476649369903632
Inf,0,0,"species_equal","fivefold","M2","record_equal",5,0.784885828198623
0.831264308228236,0.225806451612903,0.325842696629213,"species_equal","fivefold","M2","record_equal",5,0.784885828198623
0.808377978659621,0.225806451612903,0.730337078651686,"species_equal","fivefold","M2","record_equal",5,0.784885828198623
0.571185115583862,0.225806451612903,0.865168539325843,"species_equal","fivefold","M2","record_equal",5,0.784885828198623
0.560048028678471,0.612903225806452,1,"species_equal","fivefold","M2","record_equal",5,0.784885828198623
0.268287841654408,1,1,"species_equal","fivefold","M2","record_equal",5,0.784885828198623
Inf,0,0,"species_equal","fivefold","M2","species_equal",1,0.883720930232558
0.803626646535765,0,0.27906976744186,"species_equal","fivefold","M2","species_equal",1,0.883720930232558
0.774427110465046,0.205882352941176,0.755813953488372,"species_equal","fivefold","M2","species_equal",1,0.883720930232558
0.698780431654894,0.294117647058823,0.86046511627907,"species_equal","fivefold","M2","species_equal",1,0.883720930232558
0.668850585304981,0.294117647058823,1,"species_equal","fivefold","M2","species_equal",1,0.883720930232558
0.534059068884739,0.647058823529412,1,"species_equal","fivefold","M2","species_equal",1,0.883720930232558
0.22642710449043,1,1,"species_equal","fivefold","M2","species_equal",1,0.883720930232558
Inf,0,0,"species_equal","fivefold","M2","species_equal",2,0.86
0.825648287197222,0.2,0.6,"species_equal","fivefold","M2","species_equal",2,0.86
0.808753835472609,0.2,0.8,"species_equal","fivefold","M2","species_equal",2,0.86
0.604447815943664,0.2,1,"species_equal","fivefold","M2","species_equal",2,0.86
0.575725061267681,0.6,1,"species_equal","fivefold","M2","species_equal",2,0.86
0.297585022899801,1,1,"species_equal","fivefold","M2","species_equal",2,0.86
Inf,0,0,"species_equal","fivefold","M2","species_equal",3,0.644200626959248
0.840415397222724,0.363636363636364,0.275862068965517,"species_equal","fivefold","M2","species_equal",3,0.644200626959248
0.772996617542622,0.454545454545455,0.931034482758621,"species_equal","fivefold","M2","species_equal",3,0.644200626959248
0.741440370626234,0.636363636363636,1,"species_equal","fivefold","M2","species_equal",3,0.644200626959248
0.387350124725911,1,1,"species_equal","fivefold","M2","species_equal",3,0.644200626959248
Inf,0,0,"species_equal","fivefold","M2","species_equal",4,0.476649369903632
0.827940357994632,0.526315789473684,0.23943661971831,"species_equal","fivefold","M2","species_equal",4,0.476649369903632
0.760940772433862,0.526315789473684,0.366197183098592,"species_equal","fivefold","M2","species_equal",4,0.476649369903632
0.75561447299881,0.526315789473684,0.873239436619718,"species_equal","fivefold","M2","species_equal",4,0.476649369903632
0.513450168503424,1,0.873239436619718,"species_equal","fivefold","M2","species_equal",4,0.476649369903632
0.288645746113196,1,1,"species_equal","fivefold","M2","species_equal",4,0.476649369903632
Inf,0,0,"species_equal","fivefold","M2","species_equal",5,0.784885828198623
0.784750094058779,0.225806451612903,0.325842696629213,"species_equal","fivefold","M2","species_equal",5,0.784885828198623
0.78393265460228,0.225806451612903,0.730337078651686,"species_equal","fivefold","M2","species_equal",5,0.784885828198623
0.479080848770806,0.225806451612903,0.865168539325843,"species_equal","fivefold","M2","species_equal",5,0.784885828198623
0.470228534701615,0.612903225806452,1,"species_equal","fivefold","M2","species_equal",5,0.784885828198623
0.225165591605395,1,1,"species_equal","fivefold","M2","species_equal",5,0.784885828198623
Inf,0,0,"species_equal","fivefold","M3","record_equal",1,0.79343365253078
0.905388394357473,0,0.13953488372093,"species_equal","fivefold","M3","record_equal",1,0.79343365253078
0.862436824656183,0,0.27906976744186,"species_equal","fivefold","M3","record_equal",1,0.79343365253078
0.850423404530479,0.205882352941176,0.476744186046512,"species_equal","fivefold","M3","record_equal",1,0.79343365253078
0.83030638238257,0.205882352941176,0.616279069767442,"species_equal","fivefold","M3","record_equal",1,0.79343365253078
0.775077640024867,0.294117647058823,0.720930232558139,"species_equal","fivefold","M3","record_equal",1,0.79343365253078
0.669107763398861,0.294117647058823,0.86046511627907,"species_equal","fivefold","M3","record_equal",1,0.79343365253078
0.599645686657011,0.647058823529412,0.86046511627907,"species_equal","fivefold","M3","record_equal",1,0.79343365253078
0.515714370245279,0.647058823529412,1,"species_equal","fivefold","M3","record_equal",1,0.79343365253078
0.238110895895995,1,1,"species_equal","fivefold","M3","record_equal",1,0.79343365253078
Inf,0,0,"species_equal","fivefold","M3","record_equal",2,0.78
0.860445704751697,0,0.2,"species_equal","fivefold","M3","record_equal",2,0.78
0.8493890409785,0.2,0.4,"species_equal","fivefold","M3","record_equal",2,0.78
0.705754595548014,0.2,0.8,"species_equal","fivefold","M3","record_equal",2,0.78
0.690278301188705,0.6,0.8,"species_equal","fivefold","M3","record_equal",2,0.78
0.594135674263151,0.6,1,"species_equal","fivefold","M3","record_equal",2,0.78
0.423292813227191,1,1,"species_equal","fivefold","M3","record_equal",2,0.78
Inf,0,0,"species_equal","fivefold","M3","record_equal",3,0.794670846394984
0.846221352924662,0.181818181818182,0.0689655172413793,"species_equal","fivefold","M3","record_equal",3,0.794670846394984
0.834285695577183,0.181818181818182,0.620689655172414,"species_equal","fivefold","M3","record_equal",3,0.794670846394984
0.832621339647285,0.272727272727273,0.724137931034483,"species_equal","fivefold","M3","record_equal",3,0.794670846394984
0.810135392702826,0.272727272727273,1,"species_equal","fivefold","M3","record_equal",3,0.794670846394984
0.808212450507076,0.636363636363636,1,"species_equal","fivefold","M3","record_equal",3,0.794670846394984
0.432726810349918,1,1,"species_equal","fivefold","M3","record_equal",3,0.794670846394984
Inf,0,0,"species_equal","fivefold","M3","record_equal",4,0.790214974054855
0.797598535246554,0,0.126760563380282,"species_equal","fivefold","M3","record_equal",4,0.790214974054855
0.786021727085528,0,0.253521126760563,"species_equal","fivefold","M3","record_equal",4,0.790214974054855
0.776705420396225,0,0.380281690140845,"species_equal","fivefold","M3","record_equal",4,0.790214974054855
0.766854961761477,0.0526315789473684,0.492957746478873,"species_equal","fivefold","M3","record_equal",4,0.790214974054855
0.756474362694956,0.0526315789473684,0.746478873239437,"species_equal","fivefold","M3","record_equal",4,0.790214974054855
0.684618793329781,0.526315789473684,0.746478873239437,"species_equal","fivefold","M3","record_equal",4,0.790214974054855
0.655297317823778,0.526315789473684,0.873239436619718,"species_equal","fivefold","M3","record_equal",4,0.790214974054855
0.560048196496655,1,0.873239436619718,"species_equal","fivefold","M3","record_equal",4,0.790214974054855
0.415443962632235,1,1,"species_equal","fivefold","M3","record_equal",4,0.790214974054855
Inf,0,0,"species_equal","fivefold","M3","record_equal",5,0.845777455599855
0.900168714927258,0,0.134831460674157,"species_equal","fivefold","M3","record_equal",5,0.845777455599855
0.858817414284404,0,0.269662921348315,"species_equal","fivefold","M3","record_equal",5,0.845777455599855
0.849739151089636,0.225806451612903,0.595505617977528,"species_equal","fivefold","M3","record_equal",5,0.845777455599855
0.828014577522079,0.225806451612903,0.730337078651686,"species_equal","fivefold","M3","record_equal",5,0.845777455599855
0.635247403932563,0.225806451612903,0.865168539325843,"species_equal","fivefold","M3","record_equal",5,0.845777455599855
0.61712457321181,0.612903225806452,1,"species_equal","fivefold","M3","record_equal",5,0.845777455599855
0.312641608201619,1,1,"species_equal","fivefold","M3","record_equal",5,0.845777455599855
Inf,0,0,"species_equal","fivefold","M3","species_equal",1,0.79343365253078
0.867298914408587,0,0.13953488372093,"species_equal","fivefold","M3","species_equal",1,0.79343365253078
0.852916872025348,0,0.27906976744186,"species_equal","fivefold","M3","species_equal",1,0.79343365253078
0.823313779642189,0.205882352941176,0.476744186046512,"species_equal","fivefold","M3","species_equal",1,0.79343365253078
0.773239299082621,0.205882352941176,0.616279069767442,"species_equal","fivefold","M3","species_equal",1,0.79343365253078
0.748046398446997,0.294117647058823,0.720930232558139,"species_equal","fivefold","M3","species_equal",1,0.79343365253078
0.662543161067892,0.294117647058823,0.86046511627907,"species_equal","fivefold","M3","species_equal",1,0.79343365253078
0.599283207279415,0.647058823529412,0.86046511627907,"species_equal","fivefold","M3","species_equal",1,0.79343365253078
0.545982242479109,0.647058823529412,1,"species_equal","fivefold","M3","species_equal",1,0.79343365253078
0.195069534327713,1,1,"species_equal","fivefold","M3","species_equal",1,0.79343365253078
Inf,0,0,"species_equal","fivefold","M3","species_equal",2,0.78
0.842367280877343,0,0.2,"species_equal","fivefold","M3","species_equal",2,0.78
0.82656225713078,0.2,0.4,"species_equal","fivefold","M3","species_equal",2,0.78
0.762198858535771,0.2,0.8,"species_equal","fivefold","M3","species_equal",2,0.78
0.654550928704096,0.6,0.8,"species_equal","fivefold","M3","species_equal",2,0.78
0.557586182997399,0.6,1,"species_equal","fivefold","M3","species_equal",2,0.78
0.272112728991704,1,1,"species_equal","fivefold","M3","species_equal",2,0.78
Inf,0,0,"species_equal","fivefold","M3","species_equal",3,0.656739811912226
0.831259581316725,0.0909090909090909,0.103448275862069,"species_equal","fivefold","M3","species_equal",3,0.656739811912226
0.819289176970116,0.272727272727273,0.172413793103448,"species_equal","fivefold","M3","species_equal",3,0.656739811912226
0.803341458820982,0.272727272727273,0.724137931034483,"species_equal","fivefold","M3","species_equal",3,0.656739811912226
0.777542513172903,0.636363636363636,0.724137931034483,"species_equal","fivefold","M3","species_equal",3,0.656739811912226
0.772293175593836,0.636363636363636,1,"species_equal","fivefold","M3","species_equal",3,0.656739811912226
0.425134951145298,1,1,"species_equal","fivefold","M3","species_equal",3,0.656739811912226
Inf,0,0,"species_equal","fivefold","M3","species_equal",4,0.863602668643439
0.815514790130713,0,0.126760563380282,"species_equal","fivefold","M3","species_equal",4,0.863602668643439
0.786307617840537,0,0.253521126760563,"species_equal","fivefold","M3","species_equal",4,0.863602668643439
0.765600011162305,0,0.507042253521127,"species_equal","fivefold","M3","species_equal",4,0.863602668643439
0.755977035988529,0,0.633802816901408,"species_equal","fivefold","M3","species_equal",4,0.863602668643439
0.738452305733776,0.0526315789473684,0.746478873239437,"species_equal","fivefold","M3","species_equal",4,0.863602668643439
0.684846827492587,0.0526315789473684,0.873239436619718,"species_equal","fivefold","M3","species_equal",4,0.863602668643439
0.679534007044768,0.526315789473684,0.873239436619718,"species_equal","fivefold","M3","species_equal",4,0.863602668643439
0.569855205060309,1,0.873239436619718,"species_equal","fivefold","M3","species_equal",4,0.863602668643439
0.424291244214184,1,1,"species_equal","fivefold","M3","species_equal",4,0.863602668643439
Inf,0,0,"species_equal","fivefold","M3","species_equal",5,0.763138818412468
0.861231009400203,0,0.134831460674157,"species_equal","fivefold","M3","species_equal",5,0.763138818412468
0.813670143315865,0.225806451612903,0.460674157303371,"species_equal","fivefold","M3","species_equal",5,0.763138818412468
0.810813593992975,0.225806451612903,0.595505617977528,"species_equal","fivefold","M3","species_equal",5,0.763138818412468
0.751384621522184,0.225806451612903,0.730337078651686,"species_equal","fivefold","M3","species_equal",5,0.763138818412468
0.575537612426421,0.612903225806452,0.865168539325843,"species_equal","fivefold","M3","species_equal",5,0.763138818412468
0.572777355621354,0.612903225806452,1,"species_equal","fivefold","M3","species_equal",5,0.763138818412468
0.264384308081083,1,1,"species_equal","fivefold","M3","species_equal",5,0.763138818412468
Inf,0,0,"species_equal","tenfold","Null","record_equal",1,0.5
0.749857653177462,1,1,"species_equal","tenfold","Null","record_equal",1,0.5
Inf,0,0,"species_equal","tenfold","Null","record_equal",2,0.5
0.776832025251512,1,1,"species_equal","tenfold","Null","record_equal",2,0.5
Inf,0,0,"species_equal","tenfold","Null","record_equal",3,0.5
0.764498730289167,1,1,"species_equal","tenfold","Null","record_equal",3,0.5
Inf,0,0,"species_equal","tenfold","Null","record_equal",4,0.5
0.729128624821564,1,1,"species_equal","tenfold","Null","record_equal",4,0.5
Inf,0,0,"species_equal","tenfold","Null","record_equal",5,0.5
0.738990304832763,1,1,"species_equal","tenfold","Null","record_equal",5,0.5
Inf,0,0,"species_equal","tenfold","Null","record_equal",6,0.5
0.756815652695797,1,1,"species_equal","tenfold","Null","record_equal",6,0.5
Inf,0,0,"species_equal","tenfold","Null","record_equal",7,0.5
0.747869508001179,1,1,"species_equal","tenfold","Null","record_equal",7,0.5
Inf,0,0,"species_equal","tenfold","Null","record_equal",8,0.5
0.763102963603441,1,1,"species_equal","tenfold","Null","record_equal",8,0.5
Inf,0,0,"species_equal","tenfold","Null","record_equal",9,0.5
0.77777865918406,1,1,"species_equal","tenfold","Null","record_equal",9,0.5
Inf,0,0,"species_equal","tenfold","Null","record_equal",10,0.5
0.786986365183889,1,1,"species_equal","tenfold","Null","record_equal",10,0.5
Inf,0,0,"species_equal","tenfold","Null","species_equal",1,0.5
0.679674227079295,1,1,"species_equal","tenfold","Null","species_equal",1,0.5
Inf,0,0,"species_equal","tenfold","Null","species_equal",2,0.5
0.688612362763235,1,1,"species_equal","tenfold","Null","species_equal",2,0.5
Inf,0,0,"species_equal","tenfold","Null","species_equal",3,0.5
0.708014159278454,1,1,"species_equal","tenfold","Null","species_equal",3,0.5
Inf,0,0,"species_equal","tenfold","Null","species_equal",4,0.5
0.666152511407982,1,1,"species_equal","tenfold","Null","species_equal",4,0.5
Inf,0,0,"species_equal","tenfold","Null","species_equal",5,0.5
0.660798076216914,1,1,"species_equal","tenfold","Null","species_equal",5,0.5
Inf,0,0,"species_equal","tenfold","Null","species_equal",6,0.5
0.723729044646853,1,1,"species_equal","tenfold","Null","species_equal",6,0.5
Inf,0,0,"species_equal","tenfold","Null","species_equal",7,0.5
0.679642850596773,1,1,"species_equal","tenfold","Null","species_equal",7,0.5
Inf,0,0,"species_equal","tenfold","Null","species_equal",8,0.5
0.689498755519513,1,1,"species_equal","tenfold","Null","species_equal",8,0.5
Inf,0,0,"species_equal","tenfold","Null","species_equal",9,0.5
0.697446922836613,1,1,"species_equal","tenfold","Null","species_equal",9,0.5
Inf,0,0,"species_equal","tenfold","Null","species_equal",10,0.5
0.724592710609252,1,1,"species_equal","tenfold","Null","species_equal",10,0.5
Inf,0,0,"species_equal","tenfold","M1","record_equal",1,0.75
0.849461968299151,0,0.5,"species_equal","tenfold","M1","record_equal",1,0.75
0.841207256792755,0,0.75,"species_equal","tenfold","M1","record_equal",1,0.75
0.58167128894649,1,0.75,"species_equal","tenfold","M1","record_equal",1,0.75
0.461863394236331,1,1,"species_equal","tenfold","M1","record_equal",1,0.75
Inf,0,0,"species_equal","tenfold","M1","record_equal",2,0.670454545454546
0.872570003679452,0,0.272727272727273,"species_equal","tenfold","M1","record_equal",2,0.670454545454546
0.855081046520426,0.25,0.727272727272727,"species_equal","tenfold","M1","record_equal",2,0.670454545454546
0.678002704197769,1,0.727272727272727,"species_equal","tenfold","M1","record_equal",2,0.670454545454546
0.409675051814763,1,1,"species_equal","tenfold","M1","record_equal",2,0.670454545454546
Inf,0,0,"species_equal","tenfold","M1","record_equal",3,0.964646464646465
0.862571373190332,0,0.363636363636364,"species_equal","tenfold","M1","record_equal",3,0.964646464646465
0.836956095483325,0.111111111111111,1,"species_equal","tenfold","M1","record_equal",3,0.964646464646465
0.273509858385956,1,1,"species_equal","tenfold","M1","record_equal",3,0.964646464646465
Inf,0,0,"species_equal","tenfold","M1","record_equal",4,0.607142857142857
0.854576544825271,0,0.214285714285714,"species_equal","tenfold","M1","record_equal",4,0.607142857142857
0.830546734610964,0,0.428571428571429,"species_equal","tenfold","M1","record_equal",4,0.607142857142857
0.816895581411121,1,0.785714285714286,"species_equal","tenfold","M1","record_equal",4,0.607142857142857
0.714624985981098,1,1,"species_equal","tenfold","M1","record_equal",4,0.607142857142857
Inf,0,0,"species_equal","tenfold","M1","record_equal",5,0.704545454545454
0.825846336353863,0,0.613636363636364,"species_equal","tenfold","M1","record_equal",5,0.704545454545454
0.705370993572838,1,0.795454545454545,"species_equal","tenfold","M1","record_equal",5,0.704545454545454
0.418602868337152,1,1,"species_equal","tenfold","M1","record_equal",5,0.704545454545454
Inf,0,0,"species_equal","tenfold","M1","record_equal",6,0.333333333333333
0.905760683381836,0.333333333333333,0,"species_equal","tenfold","M1","record_equal",6,0.333333333333333
0.854670049789749,0.666666666666667,0,"species_equal","tenfold","M1","record_equal",6,0.333333333333333
0.816681203432387,0.666666666666667,0.5,"species_equal","tenfold","M1","record_equal",6,0.333333333333333
0.730863631120076,0.666666666666667,1,"species_equal","tenfold","M1","record_equal",6,0.333333333333333
0.569643537819189,1,1,"species_equal","tenfold","M1","record_equal",6,0.333333333333333
Inf,0,0,"species_equal","tenfold","M1","record_equal",7,1
0.844080419103706,0,0.5,"species_equal","tenfold","M1","record_equal",7,1
0.827291708226309,0,0.75,"species_equal","tenfold","M1","record_equal",7,1
0.7377570320155,0,1,"species_equal","tenfold","M1","record_equal",7,1
0.259491711576073,1,1,"species_equal","tenfold","M1","record_equal",7,1
Inf,0,0,"species_equal","tenfold","M1","record_equal",8,0.928571428571429
0.847656512003684,0,0.571428571428571,"species_equal","tenfold","M1","record_equal",8,0.928571428571429
0.834980676225811,0.166666666666667,0.785714285714286,"species_equal","tenfold","M1","record_equal",8,0.928571428571429
0.767112620193673,0.333333333333333,1,"species_equal","tenfold","M1","record_equal",8,0.928571428571429
0.298189738562509,1,1,"species_equal","tenfold","M1","record_equal",8,0.928571428571429
Inf,0,0,"species_equal","tenfold","M1","record_equal",9,0.895604395604396
0.870935478093049,0,0.615384615384615,"species_equal","tenfold","M1","record_equal",9,0.895604395604396
0.788924933319384,0.285714285714286,0.769230769230769,"species_equal","tenfold","M1","record_equal",9,0.895604395604396
0.715831497784517,0.428571428571429,1,"species_equal","tenfold","M1","record_equal",9,0.895604395604396
0.662290836929668,1,1,"species_equal","tenfold","M1","record_equal",9,0.895604395604396
Inf,0,0,"species_equal","tenfold","M1","record_equal",10,0.833333333333333
0.834186440802628,0,0.5,"species_equal","tenfold","M1","record_equal",10,0.833333333333333
0.797398674796579,0.333333333333333,0.5,"species_equal","tenfold","M1","record_equal",10,0.833333333333333
0.5888358567623,0.333333333333333,1,"species_equal","tenfold","M1","record_equal",10,0.833333333333333
0.468776539026106,0.666666666666667,1,"species_equal","tenfold","M1","record_equal",10,0.833333333333333
0.318454042960693,1,1,"species_equal","tenfold","M1","record_equal",10,0.833333333333333
Inf,0,0,"species_equal","tenfold","M1","species_equal",1,0.75
0.842519679312348,0,0.5,"species_equal","tenfold","M1","species_equal",1,0.75
0.809716038309002,0,0.75,"species_equal","tenfold","M1","species_equal",1,0.75
0.564659784382495,1,0.75,"species_equal","tenfold","M1","species_equal",1,0.75
0.40589269456539,1,1,"species_equal","tenfold","M1","species_equal",1,0.75
Inf,0,0,"species_equal","tenfold","M1","species_equal",2,0.670454545454546
0.856011146091132,0,0.272727272727273,"species_equal","tenfold","M1","species_equal",2,0.670454545454546
0.80600995390435,0.25,0.727272727272727,"species_equal","tenfold","M1","species_equal",2,0.670454545454546
0.562653619708689,1,0.727272727272727,"species_equal","tenfold","M1","species_equal",2,0.670454545454546
0.302300615940023,1,1,"species_equal","tenfold","M1","species_equal",2,0.670454545454546
Inf,0,0,"species_equal","tenfold","M1","species_equal",3,0.964646464646465
0.852409649012447,0,0.363636363636364,"species_equal","tenfold","M1","species_equal",3,0.964646464646465
0.794240259834112,0.111111111111111,1,"species_equal","tenfold","M1","species_equal",3,0.964646464646465
0.275531826085825,1,1,"species_equal","tenfold","M1","species_equal",3,0.964646464646465
Inf,0,0,"species_equal","tenfold","M1","species_equal",4,0.607142857142857
0.846677000705689,0,0.214285714285714,"species_equal","tenfold","M1","species_equal",4,0.607142857142857
0.800765613965729,0,0.428571428571429,"species_equal","tenfold","M1","species_equal",4,0.607142857142857
0.779992341303478,1,0.785714285714286,"species_equal","tenfold","M1","species_equal",4,0.607142857142857
0.681524650575668,1,1,"species_equal","tenfold","M1","species_equal",4,0.607142857142857
Inf,0,0,"species_equal","tenfold","M1","species_equal",5,0.704545454545454
0.783454495173786,0,0.613636363636364,"species_equal","tenfold","M1","species_equal",5,0.704545454545454
0.675703843304353,1,0.795454545454545,"species_equal","tenfold","M1","species_equal",5,0.704545454545454
0.376924708510303,1,1,"species_equal","tenfold","M1","species_equal",5,0.704545454545454
Inf,0,0,"species_equal","tenfold","M1","species_equal",6,0.5
0.908255003338116,0.333333333333333,0,"species_equal","tenfold","M1","species_equal",6,0.5
0.817406642408992,0.333333333333333,0.5,"species_equal","tenfold","M1","species_equal",6,0.5
0.811779479791266,0.666666666666667,0.5,"species_equal","tenfold","M1","species_equal",6,0.5
0.660703786164898,0.666666666666667,1,"species_equal","tenfold","M1","species_equal",6,0.5
0.598695588498404,1,1,"species_equal","tenfold","M1","species_equal",6,0.5
Inf,0,0,"species_equal","tenfold","M1","species_equal",7,1
0.837179259609948,0,0.5,"species_equal","tenfold","M1","species_equal",7,1
0.788532702865249,0,0.75,"species_equal","tenfold","M1","species_equal",7,1
0.703550876115562,0,1,"species_equal","tenfold","M1","species_equal",7,1
0.238251426065163,1,1,"species_equal","tenfold","M1","species_equal",7,1
Inf,0,0,"species_equal","tenfold","M1","species_equal",8,0.928571428571429
0.847319466193443,0,0.571428571428571,"species_equal","tenfold","M1","species_equal",8,0.928571428571429
0.797558596283183,0.166666666666667,0.785714285714286,"species_equal","tenfold","M1","species_equal",8,0.928571428571429
0.728640201270148,0.333333333333333,1,"species_equal","tenfold","M1","species_equal",8,0.928571428571429
0.247245283078749,1,1,"species_equal","tenfold","M1","species_equal",8,0.928571428571429
Inf,0,0,"species_equal","tenfold","M1","species_equal",9,0.895604395604396
0.857638678449924,0,0.615384615384615,"species_equal","tenfold","M1","species_equal",9,0.895604395604396
0.755960920888282,0.285714285714286,0.769230769230769,"species_equal","tenfold","M1","species_equal",9,0.895604395604396
0.642498774662744,0.428571428571429,1,"species_equal","tenfold","M1","species_equal",9,0.895604395604396
0.597400491105904,1,1,"species_equal","tenfold","M1","species_equal",9,0.895604395604396
Inf,0,0,"species_equal","tenfold","M1","species_equal",10,0.666666666666667
0.823777739660337,0.333333333333333,0,"species_equal","tenfold","M1","species_equal",10,0.666666666666667
0.797438012792878,0.333333333333333,0.5,"species_equal","tenfold","M1","species_equal",10,0.666666666666667
0.509519418311804,0.333333333333333,1,"species_equal","tenfold","M1","species_equal",10,0.666666666666667
0.41750481619598,0.666666666666667,1,"species_equal","tenfold","M1","species_equal",10,0.666666666666667
0.263413583731283,1,1,"species_equal","tenfold","M1","species_equal",10,0.666666666666667
Inf,0,0,"species_equal","tenfold","M2","record_equal",1,1
0.821810404189223,0,0.25,"species_equal","tenfold","M2","record_equal",1,1
0.803176910245639,0,0.75,"species_equal","tenfold","M2","record_equal",1,1
0.565173559032519,0,1,"species_equal","tenfold","M2","record_equal",1,1
0.540609559208177,1,1,"species_equal","tenfold","M2","record_equal",1,1
Inf,0,0,"species_equal","tenfold","M2","record_equal",2,0.602272727272727
0.837326802346415,0.25,0.454545454545455,"species_equal","tenfold","M2","record_equal",2,0.602272727272727
0.831234436141592,0.25,0.727272727272727,"species_equal","tenfold","M2","record_equal",2,0.602272727272727
0.627018082151917,1,0.727272727272727,"species_equal","tenfold","M2","record_equal",2,0.602272727272727
0.344803985355215,1,1,"species_equal","tenfold","M2","record_equal",2,0.602272727272727
Inf,0,0,"species_equal","tenfold","M2","record_equal",3,0.964646464646465
0.826332256216427,0,0.363636363636364,"species_equal","tenfold","M2","record_equal",3,0.964646464646465
0.820761251304847,0.111111111111111,1,"species_equal","tenfold","M2","record_equal",3,0.964646464646465
0.286648696261403,1,1,"species_equal","tenfold","M2","record_equal",3,0.964646464646465
Inf,0,0,"species_equal","tenfold","M2","record_equal",4,0.607142857142857
0.818359110080806,0,0.214285714285714,"species_equal","tenfold","M2","record_equal",4,0.607142857142857
0.811875095517824,0,0.428571428571429,"species_equal","tenfold","M2","record_equal",4,0.607142857142857
0.80121338659406,1,0.785714285714286,"species_equal","tenfold","M2","record_equal",4,0.607142857142857
0.688880975998841,1,1,"species_equal","tenfold","M2","record_equal",4,0.607142857142857
Inf,0,0,"species_equal","tenfold","M2","record_equal",5,0.704545454545454
0.808730641376107,0,0.613636363636364,"species_equal","tenfold","M2","record_equal",5,0.704545454545454
0.808402767148404,1,0.795454545454545,"species_equal","tenfold","M2","record_equal",5,0.704545454545454
0.534353235136544,1,1,"species_equal","tenfold","M2","record_equal",5,0.704545454545454
Inf,0,0,"species_equal","tenfold","M2","record_equal",6,0.333333333333333
0.889135564301606,0.666666666666667,0,"species_equal","tenfold","M2","record_equal",6,0.333333333333333
0.805067252396985,0.666666666666667,1,"species_equal","tenfold","M2","record_equal",6,0.333333333333333
0.543086661561242,1,1,"species_equal","tenfold","M2","record_equal",6,0.333333333333333
Inf,0,0,"species_equal","tenfold","M2","record_equal",7,1
0.808951766785669,0,0.5,"species_equal","tenfold","M2","record_equal",7,1
0.808874267958435,0,1,"species_equal","tenfold","M2","record_equal",7,1
0.268809194724444,1,1,"species_equal","tenfold","M2","record_equal",7,1
Inf,0,0,"species_equal","tenfold","M2","record_equal",8,0.833333333333333
0.820956399976893,0.166666666666667,0.214285714285714,"species_equal","tenfold","M2","record_equal",8,0.833333333333333
0.80666596962586,0.166666666666667,0.785714285714286,"species_equal","tenfold","M2","record_equal",8,0.833333333333333
0.750930833159747,0.333333333333333,1,"species_equal","tenfold","M2","record_equal",8,0.833333333333333
0.407506970994963,1,1,"species_equal","tenfold","M2","record_equal",8,0.833333333333333
Inf,0,0,"species_equal","tenfold","M2","record_equal",9,0.851648351648352
0.84069506775456,0.142857142857143,0.230769230769231,"species_equal","tenfold","M2","record_equal",9,0.851648351648352
0.832136492032399,0.142857142857143,0.846153846153846,"species_equal","tenfold","M2","record_equal",9,0.851648351648352
0.765699762608524,0.428571428571429,1,"species_equal","tenfold","M2","record_equal",9,0.851648351648352
0.620945562297597,1,1,"species_equal","tenfold","M2","record_equal",9,0.851648351648352
Inf,0,0,"species_equal","tenfold","M2","record_equal",10,0.583333333333333
0.841750947183222,0.333333333333333,0,"species_equal","tenfold","M2","record_equal",10,0.583333333333333
0.823629316018484,0.333333333333333,0.5,"species_equal","tenfold","M2","record_equal",10,0.583333333333333
0.55945734778975,0.666666666666667,1,"species_equal","tenfold","M2","record_equal",10,0.583333333333333
0.336138546607685,1,1,"species_equal","tenfold","M2","record_equal",10,0.583333333333333
Inf,0,0,"species_equal","tenfold","M2","species_equal",1,1
0.793722002485426,0,0.5,"species_equal","tenfold","M2","species_equal",1,1
0.789442516968642,0,0.75,"species_equal","tenfold","M2","species_equal",1,1
0.521085602033744,0,1,"species_equal","tenfold","M2","species_equal",1,1
0.509715092955327,1,1,"species_equal","tenfold","M2","species_equal",1,1
Inf,0,0,"species_equal","tenfold","M2","species_equal",2,0.670454545454546
0.819680119706978,0,0.272727272727273,"species_equal","tenfold","M2","species_equal",2,0.670454545454546
0.791594715562414,0.25,0.727272727272727,"species_equal","tenfold","M2","species_equal",2,0.670454545454546
0.512122779795219,1,0.727272727272727,"species_equal","tenfold","M2","species_equal",2,0.670454545454546
0.25239071708517,1,1,"species_equal","tenfold","M2","species_equal",2,0.670454545454546
Inf,0,0,"species_equal","tenfold","M2","species_equal",3,0.964646464646465
0.817027893750638,0,0.363636363636364,"species_equal","tenfold","M2","species_equal",3,0.964646464646465
0.782425742594019,0.111111111111111,1,"species_equal","tenfold","M2","species_equal",3,0.964646464646465
0.281589340634586,1,1,"species_equal","tenfold","M2","species_equal",3,0.964646464646465
Inf,0,0,"species_equal","tenfold","M2","species_equal",4,0.607142857142857
0.809660044370499,0,0.214285714285714,"species_equal","tenfold","M2","species_equal",4,0.607142857142857
0.783964518049086,0,0.428571428571429,"species_equal","tenfold","M2","species_equal",4,0.607142857142857
0.765925911282062,1,0.785714285714286,"species_equal","tenfold","M2","species_equal",4,0.607142857142857
0.661564895266081,1,1,"species_equal","tenfold","M2","species_equal",4,0.607142857142857
Inf,0,0,"species_equal","tenfold","M2","species_equal",5,0.0909090909090909
0.797511327856821,1,0.181818181818182,"species_equal","tenfold","M2","species_equal",5,0.0909090909090909
0.765330213774733,1,0.795454545454545,"species_equal","tenfold","M2","species_equal",5,0.0909090909090909
0.504606181183184,1,1,"species_equal","tenfold","M2","species_equal",5,0.0909090909090909
Inf,0,0,"species_equal","tenfold","M2","species_equal",6,0.333333333333333
0.885624804454811,0.666666666666667,0,"species_equal","tenfold","M2","species_equal",6,0.333333333333333
0.806134533562088,0.666666666666667,1,"species_equal","tenfold","M2","species_equal",6,0.333333333333333
0.5486537532425,1,1,"species_equal","tenfold","M2","species_equal",6,0.333333333333333
Inf,0,0,"species_equal","tenfold","M2","species_equal",7,1
0.803493389878418,0,0.5,"species_equal","tenfold","M2","species_equal",7,1
0.769252160083591,0,1,"species_equal","tenfold","M2","species_equal",7,1
0.236939305314656,1,1,"species_equal","tenfold","M2","species_equal",7,1
Inf,0,0,"species_equal","tenfold","M2","species_equal",8,0.928571428571429
0.808682308535784,0,0.571428571428571,"species_equal","tenfold","M2","species_equal",8,0.928571428571429
0.783757923001131,0.166666666666667,0.785714285714286,"species_equal","tenfold","M2","species_equal",8,0.928571428571429
0.719520347707664,0.333333333333333,1,"species_equal","tenfold","M2","species_equal",8,0.928571428571429
0.379445874159257,1,1,"species_equal","tenfold","M2","species_equal",8,0.928571428571429
Inf,0,0,"species_equal","tenfold","M2","species_equal",9,0.93956043956044
0.813232315352125,0,0.615384615384615,"species_equal","tenfold","M2","species_equal",9,0.93956043956044
0.799589520087021,0.142857142857143,0.846153846153846,"species_equal","tenfold","M2","species_equal",9,0.93956043956044
0.736803764393238,0.428571428571429,1,"species_equal","tenfold","M2","species_equal",9,0.93956043956044
0.5455312975757,1,1,"species_equal","tenfold","M2","species_equal",9,0.93956043956044
Inf,0,0,"species_equal","tenfold","M2","species_equal",10,0.583333333333333
0.858975377351387,0.333333333333333,0,"species_equal","tenfold","M2","species_equal",10,0.583333333333333
0.795312239724022,0.333333333333333,0.5,"species_equal","tenfold","M2","species_equal",10,0.583333333333333
0.498412886095809,0.666666666666667,1,"species_equal","tenfold","M2","species_equal",10,0.583333333333333
0.232209290006031,1,1,"species_equal","tenfold","M2","species_equal",10,0.583333333333333
Inf,0,0,"species_equal","tenfold","M3","record_equal",1,1
0.834324828949167,0,0.25,"species_equal","tenfold","M3","record_equal",1,1
0.817180096012029,0,0.5,"species_equal","tenfold","M3","record_equal",1,1
0.619527231377172,0,0.75,"species_equal","tenfold","M3","record_equal",1,1
0.592226526591893,0,1,"species_equal","tenfold","M3","record_equal",1,1
0.576528556766428,1,1,"species_equal","tenfold","M3","record_equal",1,1
Inf,0,0,"species_equal","tenfold","M3","record_equal",2,0.602272727272727
0.856522702970485,0.25,0.454545454545455,"species_equal","tenfold","M3","record_equal",2,0.602272727272727
0.829604551241524,0.25,0.727272727272727,"species_equal","tenfold","M3","record_equal",2,0.602272727272727
0.660858065247082,1,0.727272727272727,"species_equal","tenfold","M3","record_equal",2,0.602272727272727
0.472937163271511,1,1,"species_equal","tenfold","M3","record_equal",2,0.602272727272727
Inf,0,0,"species_equal","tenfold","M3","record_equal",3,0.964646464646465
0.897417896169346,0,0.363636363636364,"species_equal","tenfold","M3","record_equal",3,0.964646464646465
0.841191794346464,0.111111111111111,1,"species_equal","tenfold","M3","record_equal",3,0.964646464646465
0.259805924605028,1,1,"species_equal","tenfold","M3","record_equal",3,0.964646464646465
Inf,0,0,"species_equal","tenfold","M3","record_equal",4,0.392857142857143
0.846655510136675,0,0.214285714285714,"species_equal","tenfold","M3","record_equal",4,0.392857142857143
0.823789286680245,1,0.571428571428571,"species_equal","tenfold","M3","record_equal",4,0.392857142857143
0.806543044791936,1,0.785714285714286,"species_equal","tenfold","M3","record_equal",4,0.392857142857143
0.679027147810672,1,1,"species_equal","tenfold","M3","record_equal",4,0.392857142857143
Inf,0,0,"species_equal","tenfold","M3","record_equal",5,0.704545454545454
0.823740627050601,0,0.613636363636364,"species_equal","tenfold","M3","record_equal",5,0.704545454545454
0.716936453604572,1,0.795454545454545,"species_equal","tenfold","M3","record_equal",5,0.704545454545454
0.508625151354026,1,1,"species_equal","tenfold","M3","record_equal",5,0.704545454545454
Inf,0,0,"species_equal","tenfold","M3","record_equal",6,0.5
0.87328571314955,0.333333333333333,0,"species_equal","tenfold","M3","record_equal",6,0.5
0.847103869241892,0.333333333333333,0.5,"species_equal","tenfold","M3","record_equal",6,0.5
0.763858284683092,0.666666666666667,0.5,"species_equal","tenfold","M3","record_equal",6,0.5
0.689088337389205,0.666666666666667,1,"species_equal","tenfold","M3","record_equal",6,0.5
0.62808047273163,1,1,"species_equal","tenfold","M3","record_equal",6,0.5
Inf,0,0,"species_equal","tenfold","M3","record_equal",7,1
0.841693902672595,0,0.25,"species_equal","tenfold","M3","record_equal",7,1
0.824795734878691,0,0.5,"species_equal","tenfold","M3","record_equal",7,1
0.800785736795592,0,0.75,"species_equal","tenfold","M3","record_equal",7,1
0.515643514594707,0,1,"species_equal","tenfold","M3","record_equal",7,1
0.295114229166609,1,1,"species_equal","tenfold","M3","record_equal",7,1
Inf,0,0,"species_equal","tenfold","M3","record_equal",8,0.880952380952381
0.84237863491204,0,0.285714285714286,"species_equal","tenfold","M3","record_equal",8,0.880952380952381
0.833271956100035,0.166666666666667,0.5,"species_equal","tenfold","M3","record_equal",8,0.880952380952381
0.792223973488032,0.166666666666667,0.785714285714286,"species_equal","tenfold","M3","record_equal",8,0.880952380952381
0.772634141819839,0.333333333333333,1,"species_equal","tenfold","M3","record_equal",8,0.880952380952381
0.410273570297999,1,1,"species_equal","tenfold","M3","record_equal",8,0.880952380952381
Inf,0,0,"species_equal","tenfold","M3","record_equal",9,0.675824175824176
0.867964986894691,0.285714285714286,0.153846153846154,"species_equal","tenfold","M3","record_equal",9,0.675824175824176
0.829474193925175,0.285714285714286,0.461538461538462,"species_equal","tenfold","M3","record_equal",9,0.675824175824176
0.81998729403139,0.428571428571429,0.692307692307692,"species_equal","tenfold","M3","record_equal",9,0.675824175824176
0.719487128166039,0.428571428571429,1,"species_equal","tenfold","M3","record_equal",9,0.675824175824176
0.648092799250014,1,1,"species_equal","tenfold","M3","record_equal",9,0.675824175824176
Inf,0,0,"species_equal","tenfold","M3","record_equal",10,0.833333333333333
0.911072672584419,0,0.5,"species_equal","tenfold","M3","record_equal",10,0.833333333333333
0.805820998292587,0.333333333333333,0.5,"species_equal","tenfold","M3","record_equal",10,0.833333333333333
0.591129110119237,0.333333333333333,1,"species_equal","tenfold","M3","record_equal",10,0.833333333333333
0.553826706890807,0.666666666666667,1,"species_equal","tenfold","M3","record_equal",10,0.833333333333333
0.31376402032036,1,1,"species_equal","tenfold","M3","record_equal",10,0.833333333333333
Inf,0,0,"species_equal","tenfold","M3","species_equal",1,0.75
0.814283400996463,0,0.25,"species_equal","tenfold","M3","species_equal",1,0.75
0.762335246335486,0,0.5,"species_equal","tenfold","M3","species_equal",1,0.75
0.739483006497782,0,0.75,"species_equal","tenfold","M3","species_equal",1,0.75
0.590786206226661,1,0.75,"species_equal","tenfold","M3","species_equal",1,0.75
0.550564855613074,1,1,"species_equal","tenfold","M3","species_equal",1,0.75
Inf,0,0,"species_equal","tenfold","M3","species_equal",2,0.602272727272727
0.819714612537451,0.25,0.454545454545455,"species_equal","tenfold","M3","species_equal",2,0.602272727272727
0.761461490710617,0.25,0.727272727272727,"species_equal","tenfold","M3","species_equal",2,0.602272727272727
0.595660544850394,1,0.727272727272727,"species_equal","tenfold","M3","species_equal",2,0.602272727272727
0.413962636646102,1,1,"species_equal","tenfold","M3","species_equal",2,0.602272727272727
Inf,0,0,"species_equal","tenfold","M3","species_equal",3,0.964646464646465
0.819089863604101,0,0.363636363636364,"species_equal","tenfold","M3","species_equal",3,0.964646464646465
0.815349242045199,0.111111111111111,1,"species_equal","tenfold","M3","species_equal",3,0.964646464646465
0.250128241640854,1,1,"species_equal","tenfold","M3","species_equal",3,0.964646464646465
Inf,0,0,"species_equal","tenfold","M3","species_equal",4,0.392857142857143
0.828925095675856,0,0.214285714285714,"species_equal","tenfold","M3","species_equal",4,0.392857142857143
0.803203445961297,1,0.571428571428571,"species_equal","tenfold","M3","species_equal",4,0.392857142857143
0.754318473758501,1,0.785714285714286,"species_equal","tenfold","M3","species_equal",4,0.392857142857143
0.690396810058147,1,1,"species_equal","tenfold","M3","species_equal",4,0.392857142857143
Inf,0,0,"species_equal","tenfold","M3","species_equal",5,0.704545454545454
0.792604527710431,0,0.613636363636364,"species_equal","tenfold","M3","species_equal",5,0.704545454545454
0.649066506758643,1,0.795454545454545,"species_equal","tenfold","M3","species_equal",5,0.704545454545454
0.501404499110039,1,1,"species_equal","tenfold","M3","species_equal",5,0.704545454545454
Inf,0,0,"species_equal","tenfold","M3","species_equal",6,0.666666666666667
0.860443887482807,0,0.5,"species_equal","tenfold","M3","species_equal",6,0.666666666666667
0.852060825159454,0.333333333333333,0.5,"species_equal","tenfold","M3","species_equal",6,0.666666666666667
0.71103361953257,0.666666666666667,0.5,"species_equal","tenfold","M3","species_equal",6,0.666666666666667
0.670735932567311,0.666666666666667,1,"species_equal","tenfold","M3","species_equal",6,0.666666666666667
0.643981396438348,1,1,"species_equal","tenfold","M3","species_equal",6,0.666666666666667
Inf,0,0,"species_equal","tenfold","M3","species_equal",7,1
0.851800026250165,0,0.25,"species_equal","tenfold","M3","species_equal",7,1
0.802264658554891,0,0.5,"species_equal","tenfold","M3","species_equal",7,1
0.756905606184703,0,0.75,"species_equal","tenfold","M3","species_equal",7,1
0.568176296750943,0,1,"species_equal","tenfold","M3","species_equal",7,1
0.263910663026776,1,1,"species_equal","tenfold","M3","species_equal",7,1
Inf,0,0,"species_equal","tenfold","M3","species_equal",8,0.880952380952381
0.851271280700728,0,0.285714285714286,"species_equal","tenfold","M3","species_equal",8,0.880952380952381
0.809372647095307,0.166666666666667,0.5,"species_equal","tenfold","M3","species_equal",8,0.880952380952381
0.754594315368159,0.166666666666667,0.785714285714286,"species_equal","tenfold","M3","species_equal",8,0.880952380952381
0.745359175563326,0.333333333333333,1,"species_equal","tenfold","M3","species_equal",8,0.880952380952381
0.374923820340676,1,1,"species_equal","tenfold","M3","species_equal",8,0.880952380952381
Inf,0,0,"species_equal","tenfold","M3","species_equal",9,0.631868131868132
0.842434283196092,0.285714285714286,0.153846153846154,"species_equal","tenfold","M3","species_equal",9,0.631868131868132
0.800016444728583,0.428571428571429,0.384615384615385,"species_equal","tenfold","M3","species_equal",9,0.631868131868132
0.776342927373526,0.428571428571429,0.692307692307692,"species_equal","tenfold","M3","species_equal",9,0.631868131868132
0.771080093683338,0.428571428571429,1,"species_equal","tenfold","M3","species_equal",9,0.631868131868132
0.616555340023766,1,1,"species_equal","tenfold","M3","species_equal",9,0.631868131868132
Inf,0,0,"species_equal","tenfold","M3","species_equal",10,0.666666666666667
0.870000225323799,0,0.5,"species_equal","tenfold","M3","species_equal",10,0.666666666666667
0.814409518015608,0.333333333333333,0.5,"species_equal","tenfold","M3","species_equal",10,0.666666666666667
0.580257090638793,0.666666666666667,0.5,"species_equal","tenfold","M3","species_equal",10,0.666666666666667
0.563182890591003,0.666666666666667,1,"species_equal","tenfold","M3","species_equal",10,0.666666666666667
0.184439209187504,1,1,"species_equal","tenfold","M3","species_equal",10,0.666666666666667
