"row_id","Species","weight","Weighting","WeightAlgorithm","Normalization","RecordID","Route","Model","TrainWeighting","Stage","Design","FitKey"
1,"Carassius_auratus",1,"record_equal","N_train/(S_train*R_species); total_weight=N_train","total_weight_equals_record_count","XLSX_R0002","binary","Null","record_equal","full","full","64268a9f42f91546868260c9b94b9604126edf13e44f7ba053ea52c9ecee1ee2"
2,"Carassius_auratus",1,"record_equal","N_train/(S_train*R_species); total_weight=N_train","total_weight_equals_record_count","XLSX_R0003","binary","Null","record_equal","full","full","64268a9f42f91546868260c9b94b9604126edf13e44f7ba053ea52c9ecee1ee2"
3,"Carassius_auratus",1,"record_equal","N_train/(S_train*R_species); total_weight=N_train","total_weight_equals_record_count","XLSX_R0004","binary","Null","record_equal","full","full","64268a9f42f91546868260c9b94b9604126edf13e44f7ba053ea52c9ecee1ee2"
4,"Carassius_auratus",1,"record_equal","N_train/(S_train*R_species); total_weight=N_train","total_weight_equals_record_count","XLSX_R0005","binary","Null","record_equal","full","full","64268a9f42f91546868260c9b94b9604126edf13e44f7ba053ea52c9ecee1ee2"
5,"Carassius_carassius",1,"record_equal","N_train/(S_train*R_species); total_weight=N_train","total_weight_equals_record_count","XLSX_R0006","binary","Null","record_equal","full","full","64268a9f42f91546868260c9b94b9604126edf13e44f7ba053ea52c9ecee1ee2"
6,"Ctenopharyngodon_idella",1,"record_equal","N_train/(S_train*R_species); total_weight=N_train","total_weight_equals_record_count","XLSX_R0007","binary","Null","record_equal","full","full","64268a9f42f91546868260c9b94b9604126edf13e44f7ba053ea52c9ecee1ee2"
7,"Cirrhinus_molitorella",1,"record_equal","N_train/(S_train*R_species); total_weight=N_train","total_weight_equals_record_count","XLSX_R0008","binary","Null","record_equal","full","full","64268a9f42f91546868260c9b94b9604126edf13e44f7ba053ea52c9ecee1ee2"
8,"Danio_rerio",1,"record_equal","N_train/(S_train*R_species); total_weight=N_train","total_weight_equals_record_count","XLSX_R0009","binary","Null","record_equal","full","full","64268a9f42f91546868260c9b94b9604126edf13e44f7ba053ea52c9ecee1ee2"
9,"Danio_rerio",1,"record_equal","N_train/(S_train*R_species); total_weight=N_train","total_weight_equals_record_count","XLSX_R0010","binary","Null","record_equal","full","full","64268a9f42f91546868260c9b94b9604126edf13e44f7ba053ea52c9ecee1ee2"
10,"Danio_rerio",1,"record_equal","N_train/(S_train*R_species); total_weight=N_train","total_weight_equals_record_count","XLSX_R0011","binary","Null","record_equal","full","full","64268a9f42f91546868260c9b94b9604126edf13e44f7ba053ea52c9ecee1ee2"
11,"Pygocentrus_nattereri",1,"record_equal","N_train/(S_train*R_species); total_weight=N_train","total_weight_equals_record_count","XLSX_R0012","binary","Null","record_equal","full","full","64268a9f42f91546868260c9b94b9604126edf13e44f7ba053ea52c9ecee1ee2"
12,"Thunnus_orientalis",1,"record_equal","N_train/(S_train*R_species); total_weight=N_train","total_weight_equals_record_count","XLSX_R0013","binary","Null","record_equal","full","full","64268a9f42f91546868260c9b94b9604126edf13e44f7ba053ea52c9ecee1ee2"
13,"Thunnus_orientalis",1,"record_equal","N_train/(S_train*R_species); total_weight=N_train","total_weight_equals_record_count","XLSX_R0014","binary","Null","record_equal","full","full","64268a9f42f91546868260c9b94b9604126edf13e44f7ba053ea52c9ecee1ee2"
14,"Thunnus_orientalis",1,"record_equal","N_train/(S_train*R_species); total_weight=N_train","total_weight_equals_record_count","XLSX_R0015","binary","Null","record_equal","full","full","64268a9f42f91546868260c9b94b9604126edf13e44f7ba053ea52c9ecee1ee2"
15,"Pampus_argenteus",1,"record_equal","N_train/(S_train*R_species); total_weight=N_train","total_weight_equals_record_count","XLSX_R0016","binary","Null","record_equal","full","full","64268a9f42f91546868260c9b94b9604126edf13e44f7ba053ea52c9ecee1ee2"
16,"Pampus_argenteus",1,"record_equal","N_train/(S_train*R_species); total_weight=N_train","total_weight_equals_record_count","XLSX_R0017","binary","Null","record_equal","full","full","64268a9f42f91546868260c9b94b9604126edf13e44f7ba053ea52c9ecee1ee2"
17,"Pampus_argenteus",1,"record_equal","N_train/(S_train*R_species); total_weight=N_train","total_weight_equals_record_count","XLSX_R0018","binary","Null","record_equal","full","full","64268a9f42f91546868260c9b94b9604126edf13e44f7ba053ea52c9ecee1ee2"
18,"Pampus_argenteus",1,"record_equal","N_train/(S_train*R_species); total_weight=N_train","total_weight_equals_record_count","XLSX_R0019","binary","Null","record_equal","full","full","64268a9f42f91546868260c9b94b9604126edf13e44f7ba053ea52c9ecee1ee2"
19,"Pampus_argenteus",1,"record_equal","N_train/(S_train*R_species); total_weight=N_train","total_weight_equals_record_count","XLSX_R0020","binary","Null","record_equal","full","full","64268a9f42f91546868260c9b94b9604126edf13e44f7ba053ea52c9ecee1ee2"
20,"Pterapogon_kauderni",1,"record_equal","N_train/(S_train*R_species); total_weight=N_train","total_weight_equals_record_count","XLSX_R0021","binary","Null","record_equal","full","full","64268a9f42f91546868260c9b94b9604126edf13e44f7ba053ea52c9ecee1ee2"
21,"Pterapogon_kauderni",1,"record_equal","N_train/(S_train*R_species); total_weight=N_train","total_weight_equals_record_count","XLSX_R0022","binary","Null","record_equal","full","full","64268a9f42f91546868260c9b94b9604126edf13e44f7ba053ea52c9ecee1ee2"
22,"Pterapogon_kauderni",1,"record_equal","N_train/(S_train*R_species); total_weight=N_train","total_weight_equals_record_count","XLSX_R0023","binary","Null","record_equal","full","full","64268a9f42f91546868260c9b94b9604126edf13e44f7ba053ea52c9ecee1ee2"
23,"Oxyeleotris_marmorata",1,"record_equal","N_train/(S_train*R_species); total_weight=N_train","total_weight_equals_record_count","XLSX_R0024","binary","Null","record_equal","full","full","64268a9f42f91546868260c9b94b9604126edf13e44f7ba053ea52c9ecee1ee2"
24,"Oxyeleotris_marmorata",1,"record_equal","N_train/(S_train*R_species); total_weight=N_train","total_weight_equals_record_count","XLSX_R0025","binary","Null","record_equal","full","full","64268a9f42f91546868260c9b94b9604126edf13e44f7ba053ea52c9ecee1ee2"
25,"Channa_argus",1,"record_equal","N_train/(S_train*R_species); total_weight=N_train","total_weight_equals_record_count","XLSX_R0027","binary","Null","record_equal","full","full","64268a9f42f91546868260c9b94b9604126edf13e44f7ba053ea52c9ecee1ee2"
26,"Trichopodus_trichopterus",1,"record_equal","N_train/(S_train*R_species); total_weight=N_train","total_weight_equals_record_count","XLSX_R0028","binary","Null","record_equal","full","full","64268a9f42f91546868260c9b94b9604126edf13e44f7ba053ea52c9ecee1ee2"
27,"Eleutheronema_tetradactylum",1,"record_equal","N_train/(S_train*R_species); total_weight=N_train","total_weight_equals_record_count","XLSX_R0029","binary","Null","record_equal","full","full","64268a9f42f91546868260c9b94b9604126edf13e44f7ba053ea52c9ecee1ee2"
28,"Lates_calcarifer",1,"record_equal","N_train/(S_train*R_species); total_weight=N_train","total_weight_equals_record_count","XLSX_R0030","binary","Null","record_equal","full","full","64268a9f42f91546868260c9b94b9604126edf13e44f7ba053ea52c9ecee1ee2"
29,"Lates_calcarifer",1,"record_equal","N_train/(S_train*R_species); total_weight=N_train","total_weight_equals_record_count","XLSX_R0031","binary","Null","record_equal","full","full","64268a9f42f91546868260c9b94b9604126edf13e44f7ba053ea52c9ecee1ee2"
30,"Lates_calcarifer",1,"record_equal","N_train/(S_train*R_species); total_weight=N_train","total_weight_equals_record_count","XLSX_R0032","binary","Null","record_equal","full","full","64268a9f42f91546868260c9b94b9604126edf13e44f7ba053ea52c9ecee1ee2"
31,"Lates_calcarifer",1,"record_equal","N_train/(S_train*R_species); total_weight=N_train","total_weight_equals_record_count","XLSX_R0033","binary","Null","record_equal","full","full","64268a9f42f91546868260c9b94b9604126edf13e44f7ba053ea52c9ecee1ee2"
32,"Seriola_dumerili",1,"record_equal","N_train/(S_train*R_species); total_weight=N_train","total_weight_equals_record_count","XLSX_R0034","binary","Null","record_equal","full","full","64268a9f42f91546868260c9b94b9604126edf13e44f7ba053ea52c9ecee1ee2"
33,"Seriola_dumerili",1,"record_equal","N_train/(S_train*R_species); total_weight=N_train","total_weight_equals_record_count","XLSX_R0035","binary","Null","record_equal","full","full","64268a9f42f91546868260c9b94b9604126edf13e44f7ba053ea52c9ecee1ee2"
34,"Paralichthys_olivaceus",1,"record_equal","N_train/(S_train*R_species); total_weight=N_train","total_weight_equals_record_count","XLSX_R0036","binary","Null","record_equal","full","full","64268a9f42f91546868260c9b94b9604126edf13e44f7ba053ea52c9ecee1ee2"
35,"Paralichthys_olivaceus",1,"record_equal","N_train/(S_train*R_species); total_weight=N_train","total_weight_equals_record_count","XLSX_R0037","binary","Null","record_equal","full","full","64268a9f42f91546868260c9b94b9604126edf13e44f7ba053ea52c9ecee1ee2"
36,"Platichthys_stellatus",1,"record_equal","N_train/(S_train*R_species); total_weight=N_train","total_weight_equals_record_count","XLSX_R0038","binary","Null","record_equal","full","full","64268a9f42f91546868260c9b94b9604126edf13e44f7ba053ea52c9ecee1ee2"
37,"Scophthalmus_maximus",1,"record_equal","N_train/(S_train*R_species); total_weight=N_train","total_weight_equals_record_count","XLSX_R0039","binary","Null","record_equal","full","full","64268a9f42f91546868260c9b94b9604126edf13e44f7ba053ea52c9ecee1ee2"
38,"Astronotus_ocellatus",1,"record_equal","N_train/(S_train*R_species); total_weight=N_train","total_weight_equals_record_count","XLSX_R0040","binary","Null","record_equal","full","full","64268a9f42f91546868260c9b94b9604126edf13e44f7ba053ea52c9ecee1ee2"
39,"Astronotus_ocellatus",1,"record_equal","N_train/(S_train*R_species); total_weight=N_train","total_weight_equals_record_count","XLSX_R0041","binary","Null","record_equal","full","full","64268a9f42f91546868260c9b94b9604126edf13e44f7ba053ea52c9ecee1ee2"
40,"Oreochromis_niloticus",1,"record_equal","N_train/(S_train*R_species); total_weight=N_train","total_weight_equals_record_count","XLSX_R0042","binary","Null","record_equal","full","full","64268a9f42f91546868260c9b94b9604126edf13e44f7ba053ea52c9ecee1ee2"
41,"Oreochromis_niloticus",1,"record_equal","N_train/(S_train*R_species); total_weight=N_train","total_weight_equals_record_count","XLSX_R0043","binary","Null","record_equal","full","full","64268a9f42f91546868260c9b94b9604126edf13e44f7ba053ea52c9ecee1ee2"
42,"Oreochromis_niloticus",1,"record_equal","N_train/(S_train*R_species); total_weight=N_train","total_weight_equals_record_count","XLSX_R0044","binary","Null","record_equal","full","full","64268a9f42f91546868260c9b94b9604126edf13e44f7ba053ea52c9ecee1ee2"
43,"Pterophyllum_scalare",1,"record_equal","N_train/(S_train*R_species); total_weight=N_train","total_weight_equals_record_count","XLSX_R0045","binary","Null","record_equal","full","full","64268a9f42f91546868260c9b94b9604126edf13e44f7ba053ea52c9ecee1ee2"
44,"Poecilia_latipinna",1,"record_equal","N_train/(S_train*R_species); total_weight=N_train","total_weight_equals_record_count","XLSX_R0046","binary","Null","record_equal","full","full","64268a9f42f91546868260c9b94b9604126edf13e44f7ba053ea52c9ecee1ee2"
45,"Poecilia_reticulata",1,"record_equal","N_train/(S_train*R_species); total_weight=N_train","total_weight_equals_record_count","XLSX_R0047","binary","Null","record_equal","full","full","64268a9f42f91546868260c9b94b9604126edf13e44f7ba053ea52c9ecee1ee2"
46,"Poecilia_reticulata",1,"record_equal","N_train/(S_train*R_species); total_weight=N_train","total_weight_equals_record_count","XLSX_R0048","binary","Null","record_equal","full","full","64268a9f42f91546868260c9b94b9604126edf13e44f7ba053ea52c9ecee1ee2"
47,"Poecilia_reticulata",1,"record_equal","N_train/(S_train*R_species); total_weight=N_train","total_weight_equals_record_count","XLSX_R0049","binary","Null","record_equal","full","full","64268a9f42f91546868260c9b94b9604126edf13e44f7ba053ea52c9ecee1ee2"
48,"Poropanchax_normani",1,"record_equal","N_train/(S_train*R_species); total_weight=N_train","total_weight_equals_record_count","XLSX_R0050","binary","Null","record_equal","full","full","64268a9f42f91546868260c9b94b9604126edf13e44f7ba053ea52c9ecee1ee2"
49,"Poropanchax_normani",1,"record_equal","N_train/(S_train*R_species); total_weight=N_train","total_weight_equals_record_count","XLSX_R0051","binary","Null","record_equal","full","full","64268a9f42f91546868260c9b94b9604126edf13e44f7ba053ea52c9ecee1ee2"
50,"Xiphophorus_hellerii",1,"record_equal","N_train/(S_train*R_species); total_weight=N_train","total_weight_equals_record_count","XLSX_R0052","binary","Null","record_equal","full","full","64268a9f42f91546868260c9b94b9604126edf13e44f7ba053ea52c9ecee1ee2"
51,"Xiphophorus_hellerii",1,"record_equal","N_train/(S_train*R_species); total_weight=N_train","total_weight_equals_record_count","XLSX_R0053","binary","Null","record_equal","full","full","64268a9f42f91546868260c9b94b9604126edf13e44f7ba053ea52c9ecee1ee2"
52,"Xiphophorus_hellerii",1,"record_equal","N_train/(S_train*R_species); total_weight=N_train","total_weight_equals_record_count","XLSX_R0054","binary","Null","record_equal","full","full","64268a9f42f91546868260c9b94b9604126edf13e44f7ba053ea52c9ecee1ee2"
53,"Xiphophorus_hellerii",1,"record_equal","N_train/(S_train*R_species); total_weight=N_train","total_weight_equals_record_count","XLSX_R0055","binary","Null","record_equal","full","full","64268a9f42f91546868260c9b94b9604126edf13e44f7ba053ea52c9ecee1ee2"
54,"Xiphophorus_maculatus",1,"record_equal","N_train/(S_train*R_species); total_weight=N_train","total_weight_equals_record_count","XLSX_R0056","binary","Null","record_equal","full","full","64268a9f42f91546868260c9b94b9604126edf13e44f7ba053ea52c9ecee1ee2"
55,"Mugil_cephalus",1,"record_equal","N_train/(S_train*R_species); total_weight=N_train","total_weight_equals_record_count","XLSX_R0057","binary","Null","record_equal","full","full","64268a9f42f91546868260c9b94b9604126edf13e44f7ba053ea52c9ecee1ee2"
56,"Mugil_cephalus",1,"record_equal","N_train/(S_train*R_species); total_weight=N_train","total_weight_equals_record_count","XLSX_R0058","binary","Null","record_equal","full","full","64268a9f42f91546868260c9b94b9604126edf13e44f7ba053ea52c9ecee1ee2"
57,"Larimichthys_crocea",1,"record_equal","N_train/(S_train*R_species); total_weight=N_train","total_weight_equals_record_count","XLSX_R0059","binary","Null","record_equal","full","full","64268a9f42f91546868260c9b94b9604126edf13e44f7ba053ea52c9ecee1ee2"
58,"Larimichthys_crocea",1,"record_equal","N_train/(S_train*R_species); total_weight=N_train","total_weight_equals_record_count","XLSX_R0060","binary","Null","record_equal","full","full","64268a9f42f91546868260c9b94b9604126edf13e44f7ba053ea52c9ecee1ee2"
59,"Sciaenops_ocellatus",1,"record_equal","N_train/(S_train*R_species); total_weight=N_train","total_weight_equals_record_count","XLSX_R0061","binary","Null","record_equal","full","full","64268a9f42f91546868260c9b94b9604126edf13e44f7ba053ea52c9ecee1ee2"
60,"Platax_orbicularis",1,"record_equal","N_train/(S_train*R_species); total_weight=N_train","total_weight_equals_record_count","XLSX_R0062","binary","Null","record_equal","full","full","64268a9f42f91546868260c9b94b9604126edf13e44f7ba053ea52c9ecee1ee2"
61,"Lutjanus_erythropterus",1,"record_equal","N_train/(S_train*R_species); total_weight=N_train","total_weight_equals_record_count","XLSX_R0063","binary","Null","record_equal","full","full","64268a9f42f91546868260c9b94b9604126edf13e44f7ba053ea52c9ecee1ee2"
62,"Acanthopagrus_schlegelii",1,"record_equal","N_train/(S_train*R_species); total_weight=N_train","total_weight_equals_record_count","XLSX_R0064","binary","Null","record_equal","full","full","64268a9f42f91546868260c9b94b9604126edf13e44f7ba053ea52c9ecee1ee2"
63,"Acanthopagrus_schlegelii",1,"record_equal","N_train/(S_train*R_species); total_weight=N_train","total_weight_equals_record_count","XLSX_R0065","binary","Null","record_equal","full","full","64268a9f42f91546868260c9b94b9604126edf13e44f7ba053ea52c9ecee1ee2"
64,"Acanthopagrus_schlegelii",1,"record_equal","N_train/(S_train*R_species); total_weight=N_train","total_weight_equals_record_count","XLSX_R0066","binary","Null","record_equal","full","full","64268a9f42f91546868260c9b94b9604126edf13e44f7ba053ea52c9ecee1ee2"
65,"Acanthopagrus_schlegelii",1,"record_equal","N_train/(S_train*R_species); total_weight=N_train","total_weight_equals_record_count","XLSX_R0067","binary","Null","record_equal","full","full","64268a9f42f91546868260c9b94b9604126edf13e44f7ba053ea52c9ecee1ee2"
66,"Lethrinus_nebulosus",1,"record_equal","N_train/(S_train*R_species); total_weight=N_train","total_weight_equals_record_count","XLSX_R0068","binary","Null","record_equal","full","full","64268a9f42f91546868260c9b94b9604126edf13e44f7ba053ea52c9ecee1ee2"
67,"Lethrinus_nebulosus",1,"record_equal","N_train/(S_train*R_species); total_weight=N_train","total_weight_equals_record_count","XLSX_R0069","binary","Null","record_equal","full","full","64268a9f42f91546868260c9b94b9604126edf13e44f7ba053ea52c9ecee1ee2"
68,"Pagrus_major",1,"record_equal","N_train/(S_train*R_species); total_weight=N_train","total_weight_equals_record_count","XLSX_R0070","binary","Null","record_equal","full","full","64268a9f42f91546868260c9b94b9604126edf13e44f7ba053ea52c9ecee1ee2"
69,"Pagrus_major",1,"record_equal","N_train/(S_train*R_species); total_weight=N_train","total_weight_equals_record_count","XLSX_R0071","binary","Null","record_equal","full","full","64268a9f42f91546868260c9b94b9604126edf13e44f7ba053ea52c9ecee1ee2"
70,"Pagrus_major",1,"record_equal","N_train/(S_train*R_species); total_weight=N_train","total_weight_equals_record_count","XLSX_R0072","binary","Null","record_equal","full","full","64268a9f42f91546868260c9b94b9604126edf13e44f7ba053ea52c9ecee1ee2"
71,"Pagrus_major",1,"record_equal","N_train/(S_train*R_species); total_weight=N_train","total_weight_equals_record_count","XLSX_R0073","binary","Null","record_equal","full","full","64268a9f42f91546868260c9b94b9604126edf13e44f7ba053ea52c9ecee1ee2"
72,"Pagrus_major",1,"record_equal","N_train/(S_train*R_species); total_weight=N_train","total_weight_equals_record_count","XLSX_R0074","binary","Null","record_equal","full","full","64268a9f42f91546868260c9b94b9604126edf13e44f7ba053ea52c9ecee1ee2"
73,"Pagrus_major",1,"record_equal","N_train/(S_train*R_species); total_weight=N_train","total_weight_equals_record_count","XLSX_R0075","binary","Null","record_equal","full","full","64268a9f42f91546868260c9b94b9604126edf13e44f7ba053ea52c9ecee1ee2"
74,"Pagrus_major",1,"record_equal","N_train/(S_train*R_species); total_weight=N_train","total_weight_equals_record_count","XLSX_R0076","binary","Null","record_equal","full","full","64268a9f42f91546868260c9b94b9604126edf13e44f7ba053ea52c9ecee1ee2"
75,"Pagrus_major",1,"record_equal","N_train/(S_train*R_species); total_weight=N_train","total_weight_equals_record_count","XLSX_R0077","binary","Null","record_equal","full","full","64268a9f42f91546868260c9b94b9604126edf13e44f7ba053ea52c9ecee1ee2"
76,"Pagrus_major",1,"record_equal","N_train/(S_train*R_species); total_weight=N_train","total_weight_equals_record_count","XLSX_R0078","binary","Null","record_equal","full","full","64268a9f42f91546868260c9b94b9604126edf13e44f7ba053ea52c9ecee1ee2"
77,"Rhabdosargus_sarba",1,"record_equal","N_train/(S_train*R_species); total_weight=N_train","total_weight_equals_record_count","XLSX_R0079","binary","Null","record_equal","full","full","64268a9f42f91546868260c9b94b9604126edf13e44f7ba053ea52c9ecee1ee2"
78,"Lateolabrax_japonicus",1,"record_equal","N_train/(S_train*R_species); total_weight=N_train","total_weight_equals_record_count","XLSX_R0080","binary","Null","record_equal","full","full","64268a9f42f91546868260c9b94b9604126edf13e44f7ba053ea52c9ecee1ee2"
79,"Lateolabrax_japonicus",1,"record_equal","N_train/(S_train*R_species); total_weight=N_train","total_weight_equals_record_count","XLSX_R0081","binary","Null","record_equal","full","full","64268a9f42f91546868260c9b94b9604126edf13e44f7ba053ea52c9ecee1ee2"
80,"Lateolabrax_japonicus",1,"record_equal","N_train/(S_train*R_species); total_weight=N_train","total_weight_equals_record_count","XLSX_R0082","binary","Null","record_equal","full","full","64268a9f42f91546868260c9b94b9604126edf13e44f7ba053ea52c9ecee1ee2"
81,"Lateolabrax_japonicus",1,"record_equal","N_train/(S_train*R_species); total_weight=N_train","total_weight_equals_record_count","XLSX_R0083","binary","Null","record_equal","full","full","64268a9f42f91546868260c9b94b9604126edf13e44f7ba053ea52c9ecee1ee2"
82,"Lateolabrax_maculatus",1,"record_equal","N_train/(S_train*R_species); total_weight=N_train","total_weight_equals_record_count","XLSX_R0084","binary","Null","record_equal","full","full","64268a9f42f91546868260c9b94b9604126edf13e44f7ba053ea52c9ecee1ee2"
83,"Maccullochella_peelii",1,"record_equal","N_train/(S_train*R_species); total_weight=N_train","total_weight_equals_record_count","XLSX_R0085","binary","Null","record_equal","full","full","64268a9f42f91546868260c9b94b9604126edf13e44f7ba053ea52c9ecee1ee2"
84,"Maccullochella_peelii",1,"record_equal","N_train/(S_train*R_species); total_weight=N_train","total_weight_equals_record_count","XLSX_R0086","binary","Null","record_equal","full","full","64268a9f42f91546868260c9b94b9604126edf13e44f7ba053ea52c9ecee1ee2"
85,"Maccullochella_peelii",1,"record_equal","N_train/(S_train*R_species); total_weight=N_train","total_weight_equals_record_count","XLSX_R0087","binary","Null","record_equal","full","full","64268a9f42f91546868260c9b94b9604126edf13e44f7ba053ea52c9ecee1ee2"
86,"Maccullochella_peelii",1,"record_equal","N_train/(S_train*R_species); total_weight=N_train","total_weight_equals_record_count","XLSX_R0088","binary","Null","record_equal","full","full","64268a9f42f91546868260c9b94b9604126edf13e44f7ba053ea52c9ecee1ee2"
87,"Maccullochella_peelii",1,"record_equal","N_train/(S_train*R_species); total_weight=N_train","total_weight_equals_record_count","XLSX_R0089","binary","Null","record_equal","full","full","64268a9f42f91546868260c9b94b9604126edf13e44f7ba053ea52c9ecee1ee2"
88,"Maccullochella_peelii",1,"record_equal","N_train/(S_train*R_species); total_weight=N_train","total_weight_equals_record_count","XLSX_R0090","binary","Null","record_equal","full","full","64268a9f42f91546868260c9b94b9604126edf13e44f7ba053ea52c9ecee1ee2"
89,"Maccullochella_peelii",1,"record_equal","N_train/(S_train*R_species); total_weight=N_train","total_weight_equals_record_count","XLSX_R0091","binary","Null","record_equal","full","full","64268a9f42f91546868260c9b94b9604126edf13e44f7ba053ea52c9ecee1ee2"
90,"Maccullochella_peelii",1,"record_equal","N_train/(S_train*R_species); total_weight=N_train","total_weight_equals_record_count","XLSX_R0092","binary","Null","record_equal","full","full","64268a9f42f91546868260c9b94b9604126edf13e44f7ba053ea52c9ecee1ee2"
91,"Micropterus_salmoides",1,"record_equal","N_train/(S_train*R_species); total_weight=N_train","total_weight_equals_record_count","XLSX_R0093","binary","Null","record_equal","full","full","64268a9f42f91546868260c9b94b9604126edf13e44f7ba053ea52c9ecee1ee2"
92,"Micropterus_salmoides",1,"record_equal","N_train/(S_train*R_species); total_weight=N_train","total_weight_equals_record_count","XLSX_R0094","binary","Null","record_equal","full","full","64268a9f42f91546868260c9b94b9604126edf13e44f7ba053ea52c9ecee1ee2"
93,"Micropterus_salmoides",1,"record_equal","N_train/(S_train*R_species); total_weight=N_train","total_weight_equals_record_count","XLSX_R0095","binary","Null","record_equal","full","full","64268a9f42f91546868260c9b94b9604126edf13e44f7ba053ea52c9ecee1ee2"
94,"Oplegnathus_fasciatus",1,"record_equal","N_train/(S_train*R_species); total_weight=N_train","total_weight_equals_record_count","XLSX_R0096","binary","Null","record_equal","full","full","64268a9f42f91546868260c9b94b9604126edf13e44f7ba053ea52c9ecee1ee2"
95,"Oplegnathus_fasciatus",1,"record_equal","N_train/(S_train*R_species); total_weight=N_train","total_weight_equals_record_count","XLSX_R0097","binary","Null","record_equal","full","full","64268a9f42f91546868260c9b94b9604126edf13e44f7ba053ea52c9ecee1ee2"
96,"Oplegnathus_fasciatus",1,"record_equal","N_train/(S_train*R_species); total_weight=N_train","total_weight_equals_record_count","XLSX_R0098","binary","Null","record_equal","full","full","64268a9f42f91546868260c9b94b9604126edf13e44f7ba053ea52c9ecee1ee2"
97,"Oplegnathus_fasciatus",1,"record_equal","N_train/(S_train*R_species); total_weight=N_train","total_weight_equals_record_count","XLSX_R0099","binary","Null","record_equal","full","full","64268a9f42f91546868260c9b94b9604126edf13e44f7ba053ea52c9ecee1ee2"
98,"Oplegnathus_fasciatus",1,"record_equal","N_train/(S_train*R_species); total_weight=N_train","total_weight_equals_record_count","XLSX_R0100","binary","Null","record_equal","full","full","64268a9f42f91546868260c9b94b9604126edf13e44f7ba053ea52c9ecee1ee2"
99,"Oplegnathus_fasciatus",1,"record_equal","N_train/(S_train*R_species); total_weight=N_train","total_weight_equals_record_count","XLSX_R0101","binary","Null","record_equal","full","full","64268a9f42f91546868260c9b94b9604126edf13e44f7ba053ea52c9ecee1ee2"
100,"Oplegnathus_fasciatus",1,"record_equal","N_train/(S_train*R_species); total_weight=N_train","total_weight_equals_record_count","XLSX_R0102","binary","Null","record_equal","full","full","64268a9f42f91546868260c9b94b9604126edf13e44f7ba053ea52c9ecee1ee2"
101,"Oplegnathus_fasciatus",1,"record_equal","N_train/(S_train*R_species); total_weight=N_train","total_weight_equals_record_count","XLSX_R0103","binary","Null","record_equal","full","full","64268a9f42f91546868260c9b94b9604126edf13e44f7ba053ea52c9ecee1ee2"
102,"Oplegnathus_fasciatus",1,"record_equal","N_train/(S_train*R_species); total_weight=N_train","total_weight_equals_record_count","XLSX_R0104","binary","Null","record_equal","full","full","64268a9f42f91546868260c9b94b9604126edf13e44f7ba053ea52c9ecee1ee2"
103,"Oplegnathus_fasciatus",1,"record_equal","N_train/(S_train*R_species); total_weight=N_train","total_weight_equals_record_count","XLSX_R0105","binary","Null","record_equal","full","full","64268a9f42f91546868260c9b94b9604126edf13e44f7ba053ea52c9ecee1ee2"
104,"Oplegnathus_fasciatus",1,"record_equal","N_train/(S_train*R_species); total_weight=N_train","total_weight_equals_record_count","XLSX_R0106","binary","Null","record_equal","full","full","64268a9f42f91546868260c9b94b9604126edf13e44f7ba053ea52c9ecee1ee2"
105,"Oplegnathus_fasciatus",1,"record_equal","N_train/(S_train*R_species); total_weight=N_train","total_weight_equals_record_count","XLSX_R0107","binary","Null","record_equal","full","full","64268a9f42f91546868260c9b94b9604126edf13e44f7ba053ea52c9ecee1ee2"
106,"Oplegnathus_fasciatus",1,"record_equal","N_train/(S_train*R_species); total_weight=N_train","total_weight_equals_record_count","XLSX_R0108","binary","Null","record_equal","full","full","64268a9f42f91546868260c9b94b9604126edf13e44f7ba053ea52c9ecee1ee2"
107,"Oplegnathus_fasciatus",1,"record_equal","N_train/(S_train*R_species); total_weight=N_train","total_weight_equals_record_count","XLSX_R0109","binary","Null","record_equal","full","full","64268a9f42f91546868260c9b94b9604126edf13e44f7ba053ea52c9ecee1ee2"
108,"Oplegnathus_fasciatus",1,"record_equal","N_train/(S_train*R_species); total_weight=N_train","total_weight_equals_record_count","XLSX_R0110","binary","Null","record_equal","full","full","64268a9f42f91546868260c9b94b9604126edf13e44f7ba053ea52c9ecee1ee2"
109,"Oplegnathus_fasciatus",1,"record_equal","N_train/(S_train*R_species); total_weight=N_train","total_weight_equals_record_count","XLSX_R0111","binary","Null","record_equal","full","full","64268a9f42f91546868260c9b94b9604126edf13e44f7ba053ea52c9ecee1ee2"
110,"Oplegnathus_fasciatus",1,"record_equal","N_train/(S_train*R_species); total_weight=N_train","total_weight_equals_record_count","XLSX_R0112","binary","Null","record_equal","full","full","64268a9f42f91546868260c9b94b9604126edf13e44f7ba053ea52c9ecee1ee2"
111,"Oplegnathus_fasciatus",1,"record_equal","N_train/(S_train*R_species); total_weight=N_train","total_weight_equals_record_count","XLSX_R0113","binary","Null","record_equal","full","full","64268a9f42f91546868260c9b94b9604126edf13e44f7ba053ea52c9ecee1ee2"
112,"Oplegnathus_fasciatus",1,"record_equal","N_train/(S_train*R_species); total_weight=N_train","total_weight_equals_record_count","XLSX_R0114","binary","Null","record_equal","full","full","64268a9f42f91546868260c9b94b9604126edf13e44f7ba053ea52c9ecee1ee2"
113,"Oplegnathus_fasciatus",1,"record_equal","N_train/(S_train*R_species); total_weight=N_train","total_weight_equals_record_count","XLSX_R0115","binary","Null","record_equal","full","full","64268a9f42f91546868260c9b94b9604126edf13e44f7ba053ea52c9ecee1ee2"
114,"Oplegnathus_fasciatus",1,"record_equal","N_train/(S_train*R_species); total_weight=N_train","total_weight_equals_record_count","XLSX_R0116","binary","Null","record_equal","full","full","64268a9f42f91546868260c9b94b9604126edf13e44f7ba053ea52c9ecee1ee2"
115,"Oplegnathus_fasciatus",1,"record_equal","N_train/(S_train*R_species); total_weight=N_train","total_weight_equals_record_count","XLSX_R0117","binary","Null","record_equal","full","full","64268a9f42f91546868260c9b94b9604126edf13e44f7ba053ea52c9ecee1ee2"
116,"Oplegnathus_fasciatus",1,"record_equal","N_train/(S_train*R_species); total_weight=N_train","total_weight_equals_record_count","XLSX_R0118","binary","Null","record_equal","full","full","64268a9f42f91546868260c9b94b9604126edf13e44f7ba053ea52c9ecee1ee2"
117,"Oplegnathus_punctatus",1,"record_equal","N_train/(S_train*R_species); total_weight=N_train","total_weight_equals_record_count","XLSX_R0119","binary","Null","record_equal","full","full","64268a9f42f91546868260c9b94b9604126edf13e44f7ba053ea52c9ecee1ee2"
118,"Siniperca_chuatsi",1,"record_equal","N_train/(S_train*R_species); total_weight=N_train","total_weight_equals_record_count","XLSX_R0120","binary","Null","record_equal","full","full","64268a9f42f91546868260c9b94b9604126edf13e44f7ba053ea52c9ecee1ee2"
119,"Siniperca_chuatsi",1,"record_equal","N_train/(S_train*R_species); total_weight=N_train","total_weight_equals_record_count","XLSX_R0121","binary","Null","record_equal","full","full","64268a9f42f91546868260c9b94b9604126edf13e44f7ba053ea52c9ecee1ee2"
120,"Siniperca_chuatsi",1,"record_equal","N_train/(S_train*R_species); total_weight=N_train","total_weight_equals_record_count","XLSX_R0122","binary","Null","record_equal","full","full","64268a9f42f91546868260c9b94b9604126edf13e44f7ba053ea52c9ecee1ee2"
121,"Siniperca_chuatsi",1,"record_equal","N_train/(S_train*R_species); total_weight=N_train","total_weight_equals_record_count","XLSX_R0123","binary","Null","record_equal","full","full","64268a9f42f91546868260c9b94b9604126edf13e44f7ba053ea52c9ecee1ee2"
122,"Siniperca_chuatsi",1,"record_equal","N_train/(S_train*R_species); total_weight=N_train","total_weight_equals_record_count","XLSX_R0124","binary","Null","record_equal","full","full","64268a9f42f91546868260c9b94b9604126edf13e44f7ba053ea52c9ecee1ee2"
123,"Siniperca_chuatsi",1,"record_equal","N_train/(S_train*R_species); total_weight=N_train","total_weight_equals_record_count","XLSX_R0125","binary","Null","record_equal","full","full","64268a9f42f91546868260c9b94b9604126edf13e44f7ba053ea52c9ecee1ee2"
124,"Siniperca_chuatsi",1,"record_equal","N_train/(S_train*R_species); total_weight=N_train","total_weight_equals_record_count","XLSX_R0126","binary","Null","record_equal","full","full","64268a9f42f91546868260c9b94b9604126edf13e44f7ba053ea52c9ecee1ee2"
125,"Siniperca_chuatsi",1,"record_equal","N_train/(S_train*R_species); total_weight=N_train","total_weight_equals_record_count","XLSX_R0127","binary","Null","record_equal","full","full","64268a9f42f91546868260c9b94b9604126edf13e44f7ba053ea52c9ecee1ee2"
126,"Siniperca_chuatsi",1,"record_equal","N_train/(S_train*R_species); total_weight=N_train","total_weight_equals_record_count","XLSX_R0128","binary","Null","record_equal","full","full","64268a9f42f91546868260c9b94b9604126edf13e44f7ba053ea52c9ecee1ee2"
127,"Siniperca_chuatsi",1,"record_equal","N_train/(S_train*R_species); total_weight=N_train","total_weight_equals_record_count","XLSX_R0129","binary","Null","record_equal","full","full","64268a9f42f91546868260c9b94b9604126edf13e44f7ba053ea52c9ecee1ee2"
128,"Siniperca_chuatsi",1,"record_equal","N_train/(S_train*R_species); total_weight=N_train","total_weight_equals_record_count","XLSX_R0130","binary","Null","record_equal","full","full","64268a9f42f91546868260c9b94b9604126edf13e44f7ba053ea52c9ecee1ee2"
129,"Siniperca_scherzeri",1,"record_equal","N_train/(S_train*R_species); total_weight=N_train","total_weight_equals_record_count","XLSX_R0131","binary","Null","record_equal","full","full","64268a9f42f91546868260c9b94b9604126edf13e44f7ba053ea52c9ecee1ee2"
130,"Siniperca_scherzeri",1,"record_equal","N_train/(S_train*R_species); total_weight=N_train","total_weight_equals_record_count","XLSX_R0132","binary","Null","record_equal","full","full","64268a9f42f91546868260c9b94b9604126edf13e44f7ba053ea52c9ecee1ee2"
131,"Siniperca_scherzeri",1,"record_equal","N_train/(S_train*R_species); total_weight=N_train","total_weight_equals_record_count","XLSX_R0133","binary","Null","record_equal","full","full","64268a9f42f91546868260c9b94b9604126edf13e44f7ba053ea52c9ecee1ee2"
132,"Siniperca_scherzeri",1,"record_equal","N_train/(S_train*R_species); total_weight=N_train","total_weight_equals_record_count","XLSX_R0134","binary","Null","record_equal","full","full","64268a9f42f91546868260c9b94b9604126edf13e44f7ba053ea52c9ecee1ee2"
133,"Cromileptes_altivelis",1,"record_equal","N_train/(S_train*R_species); total_weight=N_train","total_weight_equals_record_count","XLSX_R0135","binary","Null","record_equal","full","full","64268a9f42f91546868260c9b94b9604126edf13e44f7ba053ea52c9ecee1ee2"
134,"Cromileptes_altivelis",1,"record_equal","N_train/(S_train*R_species); total_weight=N_train","total_weight_equals_record_count","XLSX_R0136","binary","Null","record_equal","full","full","64268a9f42f91546868260c9b94b9604126edf13e44f7ba053ea52c9ecee1ee2"
135,"Cromileptes_altivelis",1,"record_equal","N_train/(S_train*R_species); total_weight=N_train","total_weight_equals_record_count","XLSX_R0137","binary","Null","record_equal","full","full","64268a9f42f91546868260c9b94b9604126edf13e44f7ba053ea52c9ecee1ee2"
136,"Cromileptes_altivelis",1,"record_equal","N_train/(S_train*R_species); total_weight=N_train","total_weight_equals_record_count","XLSX_R0138","binary","Null","record_equal","full","full","64268a9f42f91546868260c9b94b9604126edf13e44f7ba053ea52c9ecee1ee2"
137,"Cromileptes_altivelis",1,"record_equal","N_train/(S_train*R_species); total_weight=N_train","total_weight_equals_record_count","XLSX_R0139","binary","Null","record_equal","full","full","64268a9f42f91546868260c9b94b9604126edf13e44f7ba053ea52c9ecee1ee2"
138,"Cromileptes_altivelis",1,"record_equal","N_train/(S_train*R_species); total_weight=N_train","total_weight_equals_record_count","XLSX_R0140","binary","Null","record_equal","full","full","64268a9f42f91546868260c9b94b9604126edf13e44f7ba053ea52c9ecee1ee2"
139,"Epinephelus_bruneus",1,"record_equal","N_train/(S_train*R_species); total_weight=N_train","total_weight_equals_record_count","XLSX_R0141","binary","Null","record_equal","full","full","64268a9f42f91546868260c9b94b9604126edf13e44f7ba053ea52c9ecee1ee2"
140,"Epinephelus_bruneus",1,"record_equal","N_train/(S_train*R_species); total_weight=N_train","total_weight_equals_record_count","XLSX_R0142","binary","Null","record_equal","full","full","64268a9f42f91546868260c9b94b9604126edf13e44f7ba053ea52c9ecee1ee2"
141,"Epinephelus_bruneus",1,"record_equal","N_train/(S_train*R_species); total_weight=N_train","total_weight_equals_record_count","XLSX_R0143","binary","Null","record_equal","full","full","64268a9f42f91546868260c9b94b9604126edf13e44f7ba053ea52c9ecee1ee2"
142,"Epinephelus_coioides",1,"record_equal","N_train/(S_train*R_species); total_weight=N_train","total_weight_equals_record_count","XLSX_R0144","binary","Null","record_equal","full","full","64268a9f42f91546868260c9b94b9604126edf13e44f7ba053ea52c9ecee1ee2"
143,"Epinephelus_coioides",1,"record_equal","N_train/(S_train*R_species); total_weight=N_train","total_weight_equals_record_count","XLSX_R0145","binary","Null","record_equal","full","full","64268a9f42f91546868260c9b94b9604126edf13e44f7ba053ea52c9ecee1ee2"
144,"Epinephelus_fuscoguttatus",1,"record_equal","N_train/(S_train*R_species); total_weight=N_train","total_weight_equals_record_count","XLSX_R0146","binary","Null","record_equal","full","full","64268a9f42f91546868260c9b94b9604126edf13e44f7ba053ea52c9ecee1ee2"
145,"Epinephelus_fuscoguttatus",1,"record_equal","N_train/(S_train*R_species); total_weight=N_train","total_weight_equals_record_count","XLSX_R0147","binary","Null","record_equal","full","full","64268a9f42f91546868260c9b94b9604126edf13e44f7ba053ea52c9ecee1ee2"
146,"Epinephelus_lanceolatus",1,"record_equal","N_train/(S_train*R_species); total_weight=N_train","total_weight_equals_record_count","XLSX_R0148","binary","Null","record_equal","full","full","64268a9f42f91546868260c9b94b9604126edf13e44f7ba053ea52c9ecee1ee2"
147,"Epinephelus_lanceolatus",1,"record_equal","N_train/(S_train*R_species); total_weight=N_train","total_weight_equals_record_count","XLSX_R0149","binary","Null","record_equal","full","full","64268a9f42f91546868260c9b94b9604126edf13e44f7ba053ea52c9ecee1ee2"
148,"Epinephelus_malabaricus",1,"record_equal","N_train/(S_train*R_species); total_weight=N_train","total_weight_equals_record_count","XLSX_R0150","binary","Null","record_equal","full","full","64268a9f42f91546868260c9b94b9604126edf13e44f7ba053ea52c9ecee1ee2"
149,"Epinephelus_malabaricus",1,"record_equal","N_train/(S_train*R_species); total_weight=N_train","total_weight_equals_record_count","XLSX_R0151","binary","Null","record_equal","full","full","64268a9f42f91546868260c9b94b9604126edf13e44f7ba053ea52c9ecee1ee2"
150,"Epinephelus_malabaricus",1,"record_equal","N_train/(S_train*R_species); total_weight=N_train","total_weight_equals_record_count","XLSX_R0152","binary","Null","record_equal","full","full","64268a9f42f91546868260c9b94b9604126edf13e44f7ba053ea52c9ecee1ee2"
151,"Plectropomus_leopardus",1,"record_equal","N_train/(S_train*R_species); total_weight=N_train","total_weight_equals_record_count","XLSX_R0153","binary","Null","record_equal","full","full","64268a9f42f91546868260c9b94b9604126edf13e44f7ba053ea52c9ecee1ee2"
152,"Plectropomus_leopardus",1,"record_equal","N_train/(S_train*R_species); total_weight=N_train","total_weight_equals_record_count","XLSX_R0154","binary","Null","record_equal","full","full","64268a9f42f91546868260c9b94b9604126edf13e44f7ba053ea52c9ecee1ee2"
1,"Carassius_auratus",0.76,"species_equal","N_train/(S_train*R_species); total_weight=N_train","total_weight_equals_record_count","XLSX_R0002","binary","Null","species_equal","full","full","b3c433e6eb4438b358391a185f23cb9eea0978a074e679d7ba641d32282109a3"
2,"Carassius_auratus",0.76,"species_equal","N_train/(S_train*R_species); total_weight=N_train","total_weight_equals_record_count","XLSX_R0003","binary","Null","species_equal","full","full","b3c433e6eb4438b358391a185f23cb9eea0978a074e679d7ba641d32282109a3"
3,"Carassius_auratus",0.76,"species_equal","N_train/(S_train*R_species); total_weight=N_train","total_weight_equals_record_count","XLSX_R0004","binary","Null","species_equal","full","full","b3c433e6eb4438b358391a185f23cb9eea0978a074e679d7ba641d32282109a3"
4,"Carassius_auratus",0.76,"species_equal","N_train/(S_train*R_species); total_weight=N_train","total_weight_equals_record_count","XLSX_R0005","binary","Null","species_equal","full","full","b3c433e6eb4438b358391a185f23cb9eea0978a074e679d7ba641d32282109a3"
5,"Carassius_carassius",3.04,"species_equal","N_train/(S_train*R_species); total_weight=N_train","total_weight_equals_record_count","XLSX_R0006","binary","Null","species_equal","full","full","b3c433e6eb4438b358391a185f23cb9eea0978a074e679d7ba641d32282109a3"
6,"Ctenopharyngodon_idella",3.04,"species_equal","N_train/(S_train*R_species); total_weight=N_train","total_weight_equals_record_count","XLSX_R0007","binary","Null","species_equal","full","full","b3c433e6eb4438b358391a185f23cb9eea0978a074e679d7ba641d32282109a3"
7,"Cirrhinus_molitorella",3.04,"species_equal","N_train/(S_train*R_species); total_weight=N_train","total_weight_equals_record_count","XLSX_R0008","binary","Null","species_equal","full","full","b3c433e6eb4438b358391a185f23cb9eea0978a074e679d7ba641d32282109a3"
8,"Danio_rerio",1.01333333333333,"species_equal","N_train/(S_train*R_species); total_weight=N_train","total_weight_equals_record_count","XLSX_R0009","binary","Null","species_equal","full","full","b3c433e6eb4438b358391a185f23cb9eea0978a074e679d7ba641d32282109a3"
9,"Danio_rerio",1.01333333333333,"species_equal","N_train/(S_train*R_species); total_weight=N_train","total_weight_equals_record_count","XLSX_R0010","binary","Null","species_equal","full","full","b3c433e6eb4438b358391a185f23cb9eea0978a074e679d7ba641d32282109a3"
10,"Danio_rerio",1.01333333333333,"species_equal","N_train/(S_train*R_species); total_weight=N_train","total_weight_equals_record_count","XLSX_R0011","binary","Null","species_equal","full","full","b3c433e6eb4438b358391a185f23cb9eea0978a074e679d7ba641d32282109a3"
11,"Pygocentrus_nattereri",3.04,"species_equal","N_train/(S_train*R_species); total_weight=N_train","total_weight_equals_record_count","XLSX_R0012","binary","Null","species_equal","full","full","b3c433e6eb4438b358391a185f23cb9eea0978a074e679d7ba641d32282109a3"
12,"Thunnus_orientalis",1.01333333333333,"species_equal","N_train/(S_train*R_species); total_weight=N_train","total_weight_equals_record_count","XLSX_R0013","binary","Null","species_equal","full","full","b3c433e6eb4438b358391a185f23cb9eea0978a074e679d7ba641d32282109a3"
13,"Thunnus_orientalis",1.01333333333333,"species_equal","N_train/(S_train*R_species); total_weight=N_train","total_weight_equals_record_count","XLSX_R0014","binary","Null","species_equal","full","full","b3c433e6eb4438b358391a185f23cb9eea0978a074e679d7ba641d32282109a3"
14,"Thunnus_orientalis",1.01333333333333,"species_equal","N_train/(S_train*R_species); total_weight=N_train","total_weight_equals_record_count","XLSX_R0015","binary","Null","species_equal","full","full","b3c433e6eb4438b358391a185f23cb9eea0978a074e679d7ba641d32282109a3"
15,"Pampus_argenteus",0.608,"species_equal","N_train/(S_train*R_species); total_weight=N_train","total_weight_equals_record_count","XLSX_R0016","binary","Null","species_equal","full","full","b3c433e6eb4438b358391a185f23cb9eea0978a074e679d7ba641d32282109a3"
16,"Pampus_argenteus",0.608,"species_equal","N_train/(S_train*R_species); total_weight=N_train","total_weight_equals_record_count","XLSX_R0017","binary","Null","species_equal","full","full","b3c433e6eb4438b358391a185f23cb9eea0978a074e679d7ba641d32282109a3"
17,"Pampus_argenteus",0.608,"species_equal","N_train/(S_train*R_species); total_weight=N_train","total_weight_equals_record_count","XLSX_R0018","binary","Null","species_equal","full","full","b3c433e6eb4438b358391a185f23cb9eea0978a074e679d7ba641d32282109a3"
18,"Pampus_argenteus",0.608,"species_equal","N_train/(S_train*R_species); total_weight=N_train","total_weight_equals_record_count","XLSX_R0019","binary","Null","species_equal","full","full","b3c433e6eb4438b358391a185f23cb9eea0978a074e679d7ba641d32282109a3"
19,"Pampus_argenteus",0.608,"species_equal","N_train/(S_train*R_species); total_weight=N_train","total_weight_equals_record_count","XLSX_R0020","binary","Null","species_equal","full","full","b3c433e6eb4438b358391a185f23cb9eea0978a074e679d7ba641d32282109a3"
20,"Pterapogon_kauderni",1.01333333333333,"species_equal","N_train/(S_train*R_species); total_weight=N_train","total_weight_equals_record_count","XLSX_R0021","binary","Null","species_equal","full","full","b3c433e6eb4438b358391a185f23cb9eea0978a074e679d7ba641d32282109a3"
21,"Pterapogon_kauderni",1.01333333333333,"species_equal","N_train/(S_train*R_species); total_weight=N_train","total_weight_equals_record_count","XLSX_R0022","binary","Null","species_equal","full","full","b3c433e6eb4438b358391a185f23cb9eea0978a074e679d7ba641d32282109a3"
22,"Pterapogon_kauderni",1.01333333333333,"species_equal","N_train/(S_train*R_species); total_weight=N_train","total_weight_equals_record_count","XLSX_R0023","binary","Null","species_equal","full","full","b3c433e6eb4438b358391a185f23cb9eea0978a074e679d7ba641d32282109a3"
23,"Oxyeleotris_marmorata",1.52,"species_equal","N_train/(S_train*R_species); total_weight=N_train","total_weight_equals_record_count","XLSX_R0024","binary","Null","species_equal","full","full","b3c433e6eb4438b358391a185f23cb9eea0978a074e679d7ba641d32282109a3"
24,"Oxyeleotris_marmorata",1.52,"species_equal","N_train/(S_train*R_species); total_weight=N_train","total_weight_equals_record_count","XLSX_R0025","binary","Null","species_equal","full","full","b3c433e6eb4438b358391a185f23cb9eea0978a074e679d7ba641d32282109a3"
25,"Channa_argus",3.04,"species_equal","N_train/(S_train*R_species); total_weight=N_train","total_weight_equals_record_count","XLSX_R0027","binary","Null","species_equal","full","full","b3c433e6eb4438b358391a185f23cb9eea0978a074e679d7ba641d32282109a3"
26,"Trichopodus_trichopterus",3.04,"species_equal","N_train/(S_train*R_species); total_weight=N_train","total_weight_equals_record_count","XLSX_R0028","binary","Null","species_equal","full","full","b3c433e6eb4438b358391a185f23cb9eea0978a074e679d7ba641d32282109a3"
27,"Eleutheronema_tetradactylum",3.04,"species_equal","N_train/(S_train*R_species); total_weight=N_train","total_weight_equals_record_count","XLSX_R0029","binary","Null","species_equal","full","full","b3c433e6eb4438b358391a185f23cb9eea0978a074e679d7ba641d32282109a3"
28,"Lates_calcarifer",0.76,"species_equal","N_train/(S_train*R_species); total_weight=N_train","total_weight_equals_record_count","XLSX_R0030","binary","Null","species_equal","full","full","b3c433e6eb4438b358391a185f23cb9eea0978a074e679d7ba641d32282109a3"
29,"Lates_calcarifer",0.76,"species_equal","N_train/(S_train*R_species); total_weight=N_train","total_weight_equals_record_count","XLSX_R0031","binary","Null","species_equal","full","full","b3c433e6eb4438b358391a185f23cb9eea0978a074e679d7ba641d32282109a3"
30,"Lates_calcarifer",0.76,"species_equal","N_train/(S_train*R_species); total_weight=N_train","total_weight_equals_record_count","XLSX_R0032","binary","Null","species_equal","full","full","b3c433e6eb4438b358391a185f23cb9eea0978a074e679d7ba641d32282109a3"
31,"Lates_calcarifer",0.76,"species_equal","N_train/(S_train*R_species); total_weight=N_train","total_weight_equals_record_count","XLSX_R0033","binary","Null","species_equal","full","full","b3c433e6eb4438b358391a185f23cb9eea0978a074e679d7ba641d32282109a3"
32,"Seriola_dumerili",1.52,"species_equal","N_train/(S_train*R_species); total_weight=N_train","total_weight_equals_record_count","XLSX_R0034","binary","Null","species_equal","full","full","b3c433e6eb4438b358391a185f23cb9eea0978a074e679d7ba641d32282109a3"
33,"Seriola_dumerili",1.52,"species_equal","N_train/(S_train*R_species); total_weight=N_train","total_weight_equals_record_count","XLSX_R0035","binary","Null","species_equal","full","full","b3c433e6eb4438b358391a185f23cb9eea0978a074e679d7ba641d32282109a3"
34,"Paralichthys_olivaceus",1.52,"species_equal","N_train/(S_train*R_species); total_weight=N_train","total_weight_equals_record_count","XLSX_R0036","binary","Null","species_equal","full","full","b3c433e6eb4438b358391a185f23cb9eea0978a074e679d7ba641d32282109a3"
35,"Paralichthys_olivaceus",1.52,"species_equal","N_train/(S_train*R_species); total_weight=N_train","total_weight_equals_record_count","XLSX_R0037","binary","Null","species_equal","full","full","b3c433e6eb4438b358391a185f23cb9eea0978a074e679d7ba641d32282109a3"
36,"Platichthys_stellatus",3.04,"species_equal","N_train/(S_train*R_species); total_weight=N_train","total_weight_equals_record_count","XLSX_R0038","binary","Null","species_equal","full","full","b3c433e6eb4438b358391a185f23cb9eea0978a074e679d7ba641d32282109a3"
37,"Scophthalmus_maximus",3.04,"species_equal","N_train/(S_train*R_species); total_weight=N_train","total_weight_equals_record_count","XLSX_R0039","binary","Null","species_equal","full","full","b3c433e6eb4438b358391a185f23cb9eea0978a074e679d7ba641d32282109a3"
38,"Astronotus_ocellatus",1.52,"species_equal","N_train/(S_train*R_species); total_weight=N_train","total_weight_equals_record_count","XLSX_R0040","binary","Null","species_equal","full","full","b3c433e6eb4438b358391a185f23cb9eea0978a074e679d7ba641d32282109a3"
39,"Astronotus_ocellatus",1.52,"species_equal","N_train/(S_train*R_species); total_weight=N_train","total_weight_equals_record_count","XLSX_R0041","binary","Null","species_equal","full","full","b3c433e6eb4438b358391a185f23cb9eea0978a074e679d7ba641d32282109a3"
40,"Oreochromis_niloticus",1.01333333333333,"species_equal","N_train/(S_train*R_species); total_weight=N_train","total_weight_equals_record_count","XLSX_R0042","binary","Null","species_equal","full","full","b3c433e6eb4438b358391a185f23cb9eea0978a074e679d7ba641d32282109a3"
41,"Oreochromis_niloticus",1.01333333333333,"species_equal","N_train/(S_train*R_species); total_weight=N_train","total_weight_equals_record_count","XLSX_R0043","binary","Null","species_equal","full","full","b3c433e6eb4438b358391a185f23cb9eea0978a074e679d7ba641d32282109a3"
42,"Oreochromis_niloticus",1.01333333333333,"species_equal","N_train/(S_train*R_species); total_weight=N_train","total_weight_equals_record_count","XLSX_R0044","binary","Null","species_equal","full","full","b3c433e6eb4438b358391a185f23cb9eea0978a074e679d7ba641d32282109a3"
43,"Pterophyllum_scalare",3.04,"species_equal","N_train/(S_train*R_species); total_weight=N_train","total_weight_equals_record_count","XLSX_R0045","binary","Null","species_equal","full","full","b3c433e6eb4438b358391a185f23cb9eea0978a074e679d7ba641d32282109a3"
44,"Poecilia_latipinna",3.04,"species_equal","N_train/(S_train*R_species); total_weight=N_train","total_weight_equals_record_count","XLSX_R0046","binary","Null","species_equal","full","full","b3c433e6eb4438b358391a185f23cb9eea0978a074e679d7ba641d32282109a3"
45,"Poecilia_reticulata",1.01333333333333,"species_equal","N_train/(S_train*R_species); total_weight=N_train","total_weight_equals_record_count","XLSX_R0047","binary","Null","species_equal","full","full","b3c433e6eb4438b358391a185f23cb9eea0978a074e679d7ba641d32282109a3"
46,"Poecilia_reticulata",1.01333333333333,"species_equal","N_train/(S_train*R_species); total_weight=N_train","total_weight_equals_record_count","XLSX_R0048","binary","Null","species_equal","full","full","b3c433e6eb4438b358391a185f23cb9eea0978a074e679d7ba641d32282109a3"
47,"Poecilia_reticulata",1.01333333333333,"species_equal","N_train/(S_train*R_species); total_weight=N_train","total_weight_equals_record_count","XLSX_R0049","binary","Null","species_equal","full","full","b3c433e6eb4438b358391a185f23cb9eea0978a074e679d7ba641d32282109a3"
48,"Poropanchax_normani",1.52,"species_equal","N_train/(S_train*R_species); total_weight=N_train","total_weight_equals_record_count","XLSX_R0050","binary","Null","species_equal","full","full","b3c433e6eb4438b358391a185f23cb9eea0978a074e679d7ba641d32282109a3"
49,"Poropanchax_normani",1.52,"species_equal","N_train/(S_train*R_species); total_weight=N_train","total_weight_equals_record_count","XLSX_R0051","binary","Null","species_equal","full","full","b3c433e6eb4438b358391a185f23cb9eea0978a074e679d7ba641d32282109a3"
50,"Xiphophorus_hellerii",0.76,"species_equal","N_train/(S_train*R_species); total_weight=N_train","total_weight_equals_record_count","XLSX_R0052","binary","Null","species_equal","full","full","b3c433e6eb4438b358391a185f23cb9eea0978a074e679d7ba641d32282109a3"
51,"Xiphophorus_hellerii",0.76,"species_equal","N_train/(S_train*R_species); total_weight=N_train","total_weight_equals_record_count","XLSX_R0053","binary","Null","species_equal","full","full","b3c433e6eb4438b358391a185f23cb9eea0978a074e679d7ba641d32282109a3"
52,"Xiphophorus_hellerii",0.76,"species_equal","N_train/(S_train*R_species); total_weight=N_train","total_weight_equals_record_count","XLSX_R0054","binary","Null","species_equal","full","full","b3c433e6eb4438b358391a185f23cb9eea0978a074e679d7ba641d32282109a3"
53,"Xiphophorus_hellerii",0.76,"species_equal","N_train/(S_train*R_species); total_weight=N_train","total_weight_equals_record_count","XLSX_R0055","binary","Null","species_equal","full","full","b3c433e6eb4438b358391a185f23cb9eea0978a074e679d7ba641d32282109a3"
54,"Xiphophorus_maculatus",3.04,"species_equal","N_train/(S_train*R_species); total_weight=N_train","total_weight_equals_record_count","XLSX_R0056","binary","Null","species_equal","full","full","b3c433e6eb4438b358391a185f23cb9eea0978a074e679d7ba641d32282109a3"
55,"Mugil_cephalus",1.52,"species_equal","N_train/(S_train*R_species); total_weight=N_train","total_weight_equals_record_count","XLSX_R0057","binary","Null","species_equal","full","full","b3c433e6eb4438b358391a185f23cb9eea0978a074e679d7ba641d32282109a3"
56,"Mugil_cephalus",1.52,"species_equal","N_train/(S_train*R_species); total_weight=N_train","total_weight_equals_record_count","XLSX_R0058","binary","Null","species_equal","full","full","b3c433e6eb4438b358391a185f23cb9eea0978a074e679d7ba641d32282109a3"
57,"Larimichthys_crocea",1.52,"species_equal","N_train/(S_train*R_species); total_weight=N_train","total_weight_equals_record_count","XLSX_R0059","binary","Null","species_equal","full","full","b3c433e6eb4438b358391a185f23cb9eea0978a074e679d7ba641d32282109a3"
58,"Larimichthys_crocea",1.52,"species_equal","N_train/(S_train*R_species); total_weight=N_train","total_weight_equals_record_count","XLSX_R0060","binary","Null","species_equal","full","full","b3c433e6eb4438b358391a185f23cb9eea0978a074e679d7ba641d32282109a3"
59,"Sciaenops_ocellatus",3.04,"species_equal","N_train/(S_train*R_species); total_weight=N_train","total_weight_equals_record_count","XLSX_R0061","binary","Null","species_equal","full","full","b3c433e6eb4438b358391a185f23cb9eea0978a074e679d7ba641d32282109a3"
60,"Platax_orbicularis",3.04,"species_equal","N_train/(S_train*R_species); total_weight=N_train","total_weight_equals_record_count","XLSX_R0062","binary","Null","species_equal","full","full","b3c433e6eb4438b358391a185f23cb9eea0978a074e679d7ba641d32282109a3"
61,"Lutjanus_erythropterus",3.04,"species_equal","N_train/(S_train*R_species); total_weight=N_train","total_weight_equals_record_count","XLSX_R0063","binary","Null","species_equal","full","full","b3c433e6eb4438b358391a185f23cb9eea0978a074e679d7ba641d32282109a3"
62,"Acanthopagrus_schlegelii",0.76,"species_equal","N_train/(S_train*R_species); total_weight=N_train","total_weight_equals_record_count","XLSX_R0064","binary","Null","species_equal","full","full","b3c433e6eb4438b358391a185f23cb9eea0978a074e679d7ba641d32282109a3"
63,"Acanthopagrus_schlegelii",0.76,"species_equal","N_train/(S_train*R_species); total_weight=N_train","total_weight_equals_record_count","XLSX_R0065","binary","Null","species_equal","full","full","b3c433e6eb4438b358391a185f23cb9eea0978a074e679d7ba641d32282109a3"
64,"Acanthopagrus_schlegelii",0.76,"species_equal","N_train/(S_train*R_species); total_weight=N_train","total_weight_equals_record_count","XLSX_R0066","binary","Null","species_equal","full","full","b3c433e6eb4438b358391a185f23cb9eea0978a074e679d7ba641d32282109a3"
65,"Acanthopagrus_schlegelii",0.76,"species_equal","N_train/(S_train*R_species); total_weight=N_train","total_weight_equals_record_count","XLSX_R0067","binary","Null","species_equal","full","full","b3c433e6eb4438b358391a185f23cb9eea0978a074e679d7ba641d32282109a3"
66,"Lethrinus_nebulosus",1.52,"species_equal","N_train/(S_train*R_species); total_weight=N_train","total_weight_equals_record_count","XLSX_R0068","binary","Null","species_equal","full","full","b3c433e6eb4438b358391a185f23cb9eea0978a074e679d7ba641d32282109a3"
67,"Lethrinus_nebulosus",1.52,"species_equal","N_train/(S_train*R_species); total_weight=N_train","total_weight_equals_record_count","XLSX_R0069","binary","Null","species_equal","full","full","b3c433e6eb4438b358391a185f23cb9eea0978a074e679d7ba641d32282109a3"
68,"Pagrus_major",0.337777777777778,"species_equal","N_train/(S_train*R_species); total_weight=N_train","total_weight_equals_record_count","XLSX_R0070","binary","Null","species_equal","full","full","b3c433e6eb4438b358391a185f23cb9eea0978a074e679d7ba641d32282109a3"
69,"Pagrus_major",0.337777777777778,"species_equal","N_train/(S_train*R_species); total_weight=N_train","total_weight_equals_record_count","XLSX_R0071","binary","Null","species_equal","full","full","b3c433e6eb4438b358391a185f23cb9eea0978a074e679d7ba641d32282109a3"
70,"Pagrus_major",0.337777777777778,"species_equal","N_train/(S_train*R_species); total_weight=N_train","total_weight_equals_record_count","XLSX_R0072","binary","Null","species_equal","full","full","b3c433e6eb4438b358391a185f23cb9eea0978a074e679d7ba641d32282109a3"
71,"Pagrus_major",0.337777777777778,"species_equal","N_train/(S_train*R_species); total_weight=N_train","total_weight_equals_record_count","XLSX_R0073","binary","Null","species_equal","full","full","b3c433e6eb4438b358391a185f23cb9eea0978a074e679d7ba641d32282109a3"
72,"Pagrus_major",0.337777777777778,"species_equal","N_train/(S_train*R_species); total_weight=N_train","total_weight_equals_record_count","XLSX_R0074","binary","Null","species_equal","full","full","b3c433e6eb4438b358391a185f23cb9eea0978a074e679d7ba641d32282109a3"
73,"Pagrus_major",0.337777777777778,"species_equal","N_train/(S_train*R_species); total_weight=N_train","total_weight_equals_record_count","XLSX_R0075","binary","Null","species_equal","full","full","b3c433e6eb4438b358391a185f23cb9eea0978a074e679d7ba641d32282109a3"
74,"Pagrus_major",0.337777777777778,"species_equal","N_train/(S_train*R_species); total_weight=N_train","total_weight_equals_record_count","XLSX_R0076","binary","Null","species_equal","full","full","b3c433e6eb4438b358391a185f23cb9eea0978a074e679d7ba641d32282109a3"
75,"Pagrus_major",0.337777777777778,"species_equal","N_train/(S_train*R_species); total_weight=N_train","total_weight_equals_record_count","XLSX_R0077","binary","Null","species_equal","full","full","b3c433e6eb4438b358391a185f23cb9eea0978a074e679d7ba641d32282109a3"
76,"Pagrus_major",0.337777777777778,"species_equal","N_train/(S_train*R_species); total_weight=N_train","total_weight_equals_record_count","XLSX_R0078","binary","Null","species_equal","full","full","b3c433e6eb4438b358391a185f23cb9eea0978a074e679d7ba641d32282109a3"
77,"Rhabdosargus_sarba",3.04,"species_equal","N_train/(S_train*R_species); total_weight=N_train","total_weight_equals_record_count","XLSX_R0079","binary","Null","species_equal","full","full","b3c433e6eb4438b358391a185f23cb9eea0978a074e679d7ba641d32282109a3"
78,"Lateolabrax_japonicus",0.76,"species_equal","N_train/(S_train*R_species); total_weight=N_train","total_weight_equals_record_count","XLSX_R0080","binary","Null","species_equal","full","full","b3c433e6eb4438b358391a185f23cb9eea0978a074e679d7ba641d32282109a3"
79,"Lateolabrax_japonicus",0.76,"species_equal","N_train/(S_train*R_species); total_weight=N_train","total_weight_equals_record_count","XLSX_R0081","binary","Null","species_equal","full","full","b3c433e6eb4438b358391a185f23cb9eea0978a074e679d7ba641d32282109a3"
80,"Lateolabrax_japonicus",0.76,"species_equal","N_train/(S_train*R_species); total_weight=N_train","total_weight_equals_record_count","XLSX_R0082","binary","Null","species_equal","full","full","b3c433e6eb4438b358391a185f23cb9eea0978a074e679d7ba641d32282109a3"
81,"Lateolabrax_japonicus",0.76,"species_equal","N_train/(S_train*R_species); total_weight=N_train","total_weight_equals_record_count","XLSX_R0083","binary","Null","species_equal","full","full","b3c433e6eb4438b358391a185f23cb9eea0978a074e679d7ba641d32282109a3"
82,"Lateolabrax_maculatus",3.04,"species_equal","N_train/(S_train*R_species); total_weight=N_train","total_weight_equals_record_count","XLSX_R0084","binary","Null","species_equal","full","full","b3c433e6eb4438b358391a185f23cb9eea0978a074e679d7ba641d32282109a3"
83,"Maccullochella_peelii",0.38,"species_equal","N_train/(S_train*R_species); total_weight=N_train","total_weight_equals_record_count","XLSX_R0085","binary","Null","species_equal","full","full","b3c433e6eb4438b358391a185f23cb9eea0978a074e679d7ba641d32282109a3"
84,"Maccullochella_peelii",0.38,"species_equal","N_train/(S_train*R_species); total_weight=N_train","total_weight_equals_record_count","XLSX_R0086","binary","Null","species_equal","full","full","b3c433e6eb4438b358391a185f23cb9eea0978a074e679d7ba641d32282109a3"
85,"Maccullochella_peelii",0.38,"species_equal","N_train/(S_train*R_species); total_weight=N_train","total_weight_equals_record_count","XLSX_R0087","binary","Null","species_equal","full","full","b3c433e6eb4438b358391a185f23cb9eea0978a074e679d7ba641d32282109a3"
86,"Maccullochella_peelii",0.38,"species_equal","N_train/(S_train*R_species); total_weight=N_train","total_weight_equals_record_count","XLSX_R0088","binary","Null","species_equal","full","full","b3c433e6eb4438b358391a185f23cb9eea0978a074e679d7ba641d32282109a3"
87,"Maccullochella_peelii",0.38,"species_equal","N_train/(S_train*R_species); total_weight=N_train","total_weight_equals_record_count","XLSX_R0089","binary","Null","species_equal","full","full","b3c433e6eb4438b358391a185f23cb9eea0978a074e679d7ba641d32282109a3"
88,"Maccullochella_peelii",0.38,"species_equal","N_train/(S_train*R_species); total_weight=N_train","total_weight_equals_record_count","XLSX_R0090","binary","Null","species_equal","full","full","b3c433e6eb4438b358391a185f23cb9eea0978a074e679d7ba641d32282109a3"
89,"Maccullochella_peelii",0.38,"species_equal","N_train/(S_train*R_species); total_weight=N_train","total_weight_equals_record_count","XLSX_R0091","binary","Null","species_equal","full","full","b3c433e6eb4438b358391a185f23cb9eea0978a074e679d7ba641d32282109a3"
90,"Maccullochella_peelii",0.38,"species_equal","N_train/(S_train*R_species); total_weight=N_train","total_weight_equals_record_count","XLSX_R0092","binary","Null","species_equal","full","full","b3c433e6eb4438b358391a185f23cb9eea0978a074e679d7ba641d32282109a3"
91,"Micropterus_salmoides",1.01333333333333,"species_equal","N_train/(S_train*R_species); total_weight=N_train","total_weight_equals_record_count","XLSX_R0093","binary","Null","species_equal","full","full","b3c433e6eb4438b358391a185f23cb9eea0978a074e679d7ba641d32282109a3"
92,"Micropterus_salmoides",1.01333333333333,"species_equal","N_train/(S_train*R_species); total_weight=N_train","total_weight_equals_record_count","XLSX_R0094","binary","Null","species_equal","full","full","b3c433e6eb4438b358391a185f23cb9eea0978a074e679d7ba641d32282109a3"
93,"Micropterus_salmoides",1.01333333333333,"species_equal","N_train/(S_train*R_species); total_weight=N_train","total_weight_equals_record_count","XLSX_R0095","binary","Null","species_equal","full","full","b3c433e6eb4438b358391a185f23cb9eea0978a074e679d7ba641d32282109a3"
94,"Oplegnathus_fasciatus",0.132173913043478,"species_equal","N_train/(S_train*R_species); total_weight=N_train","total_weight_equals_record_count","XLSX_R0096","binary","Null","species_equal","full","full","b3c433e6eb4438b358391a185f23cb9eea0978a074e679d7ba641d32282109a3"
95,"Oplegnathus_fasciatus",0.132173913043478,"species_equal","N_train/(S_train*R_species); total_weight=N_train","total_weight_equals_record_count","XLSX_R0097","binary","Null","species_equal","full","full","b3c433e6eb4438b358391a185f23cb9eea0978a074e679d7ba641d32282109a3"
96,"Oplegnathus_fasciatus",0.132173913043478,"species_equal","N_train/(S_train*R_species); total_weight=N_train","total_weight_equals_record_count","XLSX_R0098","binary","Null","species_equal","full","full","b3c433e6eb4438b358391a185f23cb9eea0978a074e679d7ba641d32282109a3"
97,"Oplegnathus_fasciatus",0.132173913043478,"species_equal","N_train/(S_train*R_species); total_weight=N_train","total_weight_equals_record_count","XLSX_R0099","binary","Null","species_equal","full","full","b3c433e6eb4438b358391a185f23cb9eea0978a074e679d7ba641d32282109a3"
98,"Oplegnathus_fasciatus",0.132173913043478,"species_equal","N_train/(S_train*R_species); total_weight=N_train","total_weight_equals_record_count","XLSX_R0100","binary","Null","species_equal","full","full","b3c433e6eb4438b358391a185f23cb9eea0978a074e679d7ba641d32282109a3"
99,"Oplegnathus_fasciatus",0.132173913043478,"species_equal","N_train/(S_train*R_species); total_weight=N_train","total_weight_equals_record_count","XLSX_R0101","binary","Null","species_equal","full","full","b3c433e6eb4438b358391a185f23cb9eea0978a074e679d7ba641d32282109a3"
100,"Oplegnathus_fasciatus",0.132173913043478,"species_equal","N_train/(S_train*R_species); total_weight=N_train","total_weight_equals_record_count","XLSX_R0102","binary","Null","species_equal","full","full","b3c433e6eb4438b358391a185f23cb9eea0978a074e679d7ba641d32282109a3"
101,"Oplegnathus_fasciatus",0.132173913043478,"species_equal","N_train/(S_train*R_species); total_weight=N_train","total_weight_equals_record_count","XLSX_R0103","binary","Null","species_equal","full","full","b3c433e6eb4438b358391a185f23cb9eea0978a074e679d7ba641d32282109a3"
102,"Oplegnathus_fasciatus",0.132173913043478,"species_equal","N_train/(S_train*R_species); total_weight=N_train","total_weight_equals_record_count","XLSX_R0104","binary","Null","species_equal","full","full","b3c433e6eb4438b358391a185f23cb9eea0978a074e679d7ba641d32282109a3"
103,"Oplegnathus_fasciatus",0.132173913043478,"species_equal","N_train/(S_train*R_species); total_weight=N_train","total_weight_equals_record_count","XLSX_R0105","binary","Null","species_equal","full","full","b3c433e6eb4438b358391a185f23cb9eea0978a074e679d7ba641d32282109a3"
104,"Oplegnathus_fasciatus",0.132173913043478,"species_equal","N_train/(S_train*R_species); total_weight=N_train","total_weight_equals_record_count","XLSX_R0106","binary","Null","species_equal","full","full","b3c433e6eb4438b358391a185f23cb9eea0978a074e679d7ba641d32282109a3"
105,"Oplegnathus_fasciatus",0.132173913043478,"species_equal","N_train/(S_train*R_species); total_weight=N_train","total_weight_equals_record_count","XLSX_R0107","binary","Null","species_equal","full","full","b3c433e6eb4438b358391a185f23cb9eea0978a074e679d7ba641d32282109a3"
106,"Oplegnathus_fasciatus",0.132173913043478,"species_equal","N_train/(S_train*R_species); total_weight=N_train","total_weight_equals_record_count","XLSX_R0108","binary","Null","species_equal","full","full","b3c433e6eb4438b358391a185f23cb9eea0978a074e679d7ba641d32282109a3"
107,"Oplegnathus_fasciatus",0.132173913043478,"species_equal","N_train/(S_train*R_species); total_weight=N_train","total_weight_equals_record_count","XLSX_R0109","binary","Null","species_equal","full","full","b3c433e6eb4438b358391a185f23cb9eea0978a074e679d7ba641d32282109a3"
108,"Oplegnathus_fasciatus",0.132173913043478,"species_equal","N_train/(S_train*R_species); total_weight=N_train","total_weight_equals_record_count","XLSX_R0110","binary","Null","species_equal","full","full","b3c433e6eb4438b358391a185f23cb9eea0978a074e679d7ba641d32282109a3"
109,"Oplegnathus_fasciatus",0.132173913043478,"species_equal","N_train/(S_train*R_species); total_weight=N_train","total_weight_equals_record_count","XLSX_R0111","binary","Null","species_equal","full","full","b3c433e6eb4438b358391a185f23cb9eea0978a074e679d7ba641d32282109a3"
110,"Oplegnathus_fasciatus",0.132173913043478,"species_equal","N_train/(S_train*R_species); total_weight=N_train","total_weight_equals_record_count","XLSX_R0112","binary","Null","species_equal","full","full","b3c433e6eb4438b358391a185f23cb9eea0978a074e679d7ba641d32282109a3"
111,"Oplegnathus_fasciatus",0.132173913043478,"species_equal","N_train/(S_train*R_species); total_weight=N_train","total_weight_equals_record_count","XLSX_R0113","binary","Null","species_equal","full","full","b3c433e6eb4438b358391a185f23cb9eea0978a074e679d7ba641d32282109a3"
112,"Oplegnathus_fasciatus",0.132173913043478,"species_equal","N_train/(S_train*R_species); total_weight=N_train","total_weight_equals_record_count","XLSX_R0114","binary","Null","species_equal","full","full","b3c433e6eb4438b358391a185f23cb9eea0978a074e679d7ba641d32282109a3"
113,"Oplegnathus_fasciatus",0.132173913043478,"species_equal","N_train/(S_train*R_species); total_weight=N_train","total_weight_equals_record_count","XLSX_R0115","binary","Null","species_equal","full","full","b3c433e6eb4438b358391a185f23cb9eea0978a074e679d7ba641d32282109a3"
114,"Oplegnathus_fasciatus",0.132173913043478,"species_equal","N_train/(S_train*R_species); total_weight=N_train","total_weight_equals_record_count","XLSX_R0116","binary","Null","species_equal","full","full","b3c433e6eb4438b358391a185f23cb9eea0978a074e679d7ba641d32282109a3"
115,"Oplegnathus_fasciatus",0.132173913043478,"species_equal","N_train/(S_train*R_species); total_weight=N_train","total_weight_equals_record_count","XLSX_R0117","binary","Null","species_equal","full","full","b3c433e6eb4438b358391a185f23cb9eea0978a074e679d7ba641d32282109a3"
116,"Oplegnathus_fasciatus",0.132173913043478,"species_equal","N_train/(S_train*R_species); total_weight=N_train","total_weight_equals_record_count","XLSX_R0118","binary","Null","species_equal","full","full","b3c433e6eb4438b358391a185f23cb9eea0978a074e679d7ba641d32282109a3"
117,"Oplegnathus_punctatus",3.04,"species_equal","N_train/(S_train*R_species); total_weight=N_train","total_weight_equals_record_count","XLSX_R0119","binary","Null","species_equal","full","full","b3c433e6eb4438b358391a185f23cb9eea0978a074e679d7ba641d32282109a3"
118,"Siniperca_chuatsi",0.276363636363636,"species_equal","N_train/(S_train*R_species); total_weight=N_train","total_weight_equals_record_count","XLSX_R0120","binary","Null","species_equal","full","full","b3c433e6eb4438b358391a185f23cb9eea0978a074e679d7ba641d32282109a3"
119,"Siniperca_chuatsi",0.276363636363636,"species_equal","N_train/(S_train*R_species); total_weight=N_train","total_weight_equals_record_count","XLSX_R0121","binary","Null","species_equal","full","full","b3c433e6eb4438b358391a185f23cb9eea0978a074e679d7ba641d32282109a3"
120,"Siniperca_chuatsi",0.276363636363636,"species_equal","N_train/(S_train*R_species); total_weight=N_train","total_weight_equals_record_count","XLSX_R0122","binary","Null","species_equal","full","full","b3c433e6eb4438b358391a185f23cb9eea0978a074e679d7ba641d32282109a3"
121,"Siniperca_chuatsi",0.276363636363636,"species_equal","N_train/(S_train*R_species); total_weight=N_train","total_weight_equals_record_count","XLSX_R0123","binary","Null","species_equal","full","full","b3c433e6eb4438b358391a185f23cb9eea0978a074e679d7ba641d32282109a3"
122,"Siniperca_chuatsi",0.276363636363636,"species_equal","N_train/(S_train*R_species); total_weight=N_train","total_weight_equals_record_count","XLSX_R0124","binary","Null","species_equal","full","full","b3c433e6eb4438b358391a185f23cb9eea0978a074e679d7ba641d32282109a3"
123,"Siniperca_chuatsi",0.276363636363636,"species_equal","N_train/(S_train*R_species); total_weight=N_train","total_weight_equals_record_count","XLSX_R0125","binary","Null","species_equal","full","full","b3c433e6eb4438b358391a185f23cb9eea0978a074e679d7ba641d32282109a3"
124,"Siniperca_chuatsi",0.276363636363636,"species_equal","N_train/(S_train*R_species); total_weight=N_train","total_weight_equals_record_count","XLSX_R0126","binary","Null","species_equal","full","full","b3c433e6eb4438b358391a185f23cb9eea0978a074e679d7ba641d32282109a3"
125,"Siniperca_chuatsi",0.276363636363636,"species_equal","N_train/(S_train*R_species); total_weight=N_train","total_weight_equals_record_count","XLSX_R0127","binary","Null","species_equal","full","full","b3c433e6eb4438b358391a185f23cb9eea0978a074e679d7ba641d32282109a3"
126,"Siniperca_chuatsi",0.276363636363636,"species_equal","N_train/(S_train*R_species); total_weight=N_train","total_weight_equals_record_count","XLSX_R0128","binary","Null","species_equal","full","full","b3c433e6eb4438b358391a185f23cb9eea0978a074e679d7ba641d32282109a3"
127,"Siniperca_chuatsi",0.276363636363636,"species_equal","N_train/(S_train*R_species); total_weight=N_train","total_weight_equals_record_count","XLSX_R0129","binary","Null","species_equal","full","full","b3c433e6eb4438b358391a185f23cb9eea0978a074e679d7ba641d32282109a3"
128,"Siniperca_chuatsi",0.276363636363636,"species_equal","N_train/(S_train*R_species); total_weight=N_train","total_weight_equals_record_count","XLSX_R0130","binary","Null","species_equal","full","full","b3c433e6eb4438b358391a185f23cb9eea0978a074e679d7ba641d32282109a3"
129,"Siniperca_scherzeri",0.76,"species_equal","N_train/(S_train*R_species); total_weight=N_train","total_weight_equals_record_count","XLSX_R0131","binary","Null","species_equal","full","full","b3c433e6eb4438b358391a185f23cb9eea0978a074e679d7ba641d32282109a3"
130,"Siniperca_scherzeri",0.76,"species_equal","N_train/(S_train*R_species); total_weight=N_train","total_weight_equals_record_count","XLSX_R0132","binary","Null","species_equal","full","full","b3c433e6eb4438b358391a185f23cb9eea0978a074e679d7ba641d32282109a3"
131,"Siniperca_scherzeri",0.76,"species_equal","N_train/(S_train*R_species); total_weight=N_train","total_weight_equals_record_count","XLSX_R0133","binary","Null","species_equal","full","full","b3c433e6eb4438b358391a185f23cb9eea0978a074e679d7ba641d32282109a3"
132,"Siniperca_scherzeri",0.76,"species_equal","N_train/(S_train*R_species); total_weight=N_train","total_weight_equals_record_count","XLSX_R0134","binary","Null","species_equal","full","full","b3c433e6eb4438b358391a185f23cb9eea0978a074e679d7ba641d32282109a3"
133,"Cromileptes_altivelis",0.506666666666667,"species_equal","N_train/(S_train*R_species); total_weight=N_train","total_weight_equals_record_count","XLSX_R0135","binary","Null","species_equal","full","full","b3c433e6eb4438b358391a185f23cb9eea0978a074e679d7ba641d32282109a3"
134,"Cromileptes_altivelis",0.506666666666667,"species_equal","N_train/(S_train*R_species); total_weight=N_train","total_weight_equals_record_count","XLSX_R0136","binary","Null","species_equal","full","full","b3c433e6eb4438b358391a185f23cb9eea0978a074e679d7ba641d32282109a3"
135,"Cromileptes_altivelis",0.506666666666667,"species_equal","N_train/(S_train*R_species); total_weight=N_train","total_weight_equals_record_count","XLSX_R0137","binary","Null","species_equal","full","full","b3c433e6eb4438b358391a185f23cb9eea0978a074e679d7ba641d32282109a3"
136,"Cromileptes_altivelis",0.506666666666667,"species_equal","N_train/(S_train*R_species); total_weight=N_train","total_weight_equals_record_count","XLSX_R0138","binary","Null","species_equal","full","full","b3c433e6eb4438b358391a185f23cb9eea0978a074e679d7ba641d32282109a3"
137,"Cromileptes_altivelis",0.506666666666667,"species_equal","N_train/(S_train*R_species); total_weight=N_train","total_weight_equals_record_count","XLSX_R0139","binary","Null","species_equal","full","full","b3c433e6eb4438b358391a185f23cb9eea0978a074e679d7ba641d32282109a3"
138,"Cromileptes_altivelis",0.506666666666667,"species_equal","N_train/(S_train*R_species); total_weight=N_train","total_weight_equals_record_count","XLSX_R0140","binary","Null","species_equal","full","full","b3c433e6eb4438b358391a185f23cb9eea0978a074e679d7ba641d32282109a3"
139,"Epinephelus_bruneus",1.01333333333333,"species_equal","N_train/(S_train*R_species); total_weight=N_train","total_weight_equals_record_count","XLSX_R0141","binary","Null","species_equal","full","full","b3c433e6eb4438b358391a185f23cb9eea0978a074e679d7ba641d32282109a3"
140,"Epinephelus_bruneus",1.01333333333333,"species_equal","N_train/(S_train*R_species); total_weight=N_train","total_weight_equals_record_count","XLSX_R0142","binary","Null","species_equal","full","full","b3c433e6eb4438b358391a185f23cb9eea0978a074e679d7ba641d32282109a3"
141,"Epinephelus_bruneus",1.01333333333333,"species_equal","N_train/(S_train*R_species); total_weight=N_train","total_weight_equals_record_count","XLSX_R0143","binary","Null","species_equal","full","full","b3c433e6eb4438b358391a185f23cb9eea0978a074e679d7ba641d32282109a3"
142,"Epinephelus_coioides",1.52,"species_equal","N_train/(S_train*R_species); total_weight=N_train","total_weight_equals_record_count","XLSX_R0144","binary","Null","species_equal","full","full","b3c433e6eb4438b358391a185f23cb9eea0978a074e679d7ba641d32282109a3"
143,"Epinephelus_coioides",1.52,"species_equal","N_train/(S_train*R_species); total_weight=N_train","total_weight_equals_record_count","XLSX_R0145","binary","Null","species_equal","full","full","b3c433e6eb4438b358391a185f23cb9eea0978a074e679d7ba641d32282109a3"
144,"Epinephelus_fuscoguttatus",1.52,"species_equal","N_train/(S_train*R_species); total_weight=N_train","total_weight_equals_record_count","XLSX_R0146","binary","Null","species_equal","full","full","b3c433e6eb4438b358391a185f23cb9eea0978a074e679d7ba641d32282109a3"
145,"Epinephelus_fuscoguttatus",1.52,"species_equal","N_train/(S_train*R_species); total_weight=N_train","total_weight_equals_record_count","XLSX_R0147","binary","Null","species_equal","full","full","b3c433e6eb4438b358391a185f23cb9eea0978a074e679d7ba641d32282109a3"
146,"Epinephelus_lanceolatus",1.52,"species_equal","N_train/(S_train*R_species); total_weight=N_train","total_weight_equals_record_count","XLSX_R0148","binary","Null","species_equal","full","full","b3c433e6eb4438b358391a185f23cb9eea0978a074e679d7ba641d32282109a3"
147,"Epinephelus_lanceolatus",1.52,"species_equal","N_train/(S_train*R_species); total_weight=N_train","total_weight_equals_record_count","XLSX_R0149","binary","Null","species_equal","full","full","b3c433e6eb4438b358391a185f23cb9eea0978a074e679d7ba641d32282109a3"
148,"Epinephelus_malabaricus",1.01333333333333,"species_equal","N_train/(S_train*R_species); total_weight=N_train","total_weight_equals_record_count","XLSX_R0150","binary","Null","species_equal","full","full","b3c433e6eb4438b358391a185f23cb9eea0978a074e679d7ba641d32282109a3"
149,"Epinephelus_malabaricus",1.01333333333333,"species_equal","N_train/(S_train*R_species); total_weight=N_train","total_weight_equals_record_count","XLSX_R0151","binary","Null","species_equal","full","full","b3c433e6eb4438b358391a185f23cb9eea0978a074e679d7ba641d32282109a3"
150,"Epinephelus_malabaricus",1.01333333333333,"species_equal","N_train/(S_train*R_species); total_weight=N_train","total_weight_equals_record_count","XLSX_R0152","binary","Null","species_equal","full","full","b3c433e6eb4438b358391a185f23cb9eea0978a074e679d7ba641d32282109a3"
151,"Plectropomus_leopardus",1.52,"species_equal","N_train/(S_train*R_species); total_weight=N_train","total_weight_equals_record_count","XLSX_R0153","binary","Null","species_equal","full","full","b3c433e6eb4438b358391a185f23cb9eea0978a074e679d7ba641d32282109a3"
152,"Plectropomus_leopardus",1.52,"species_equal","N_train/(S_train*R_species); total_weight=N_train","total_weight_equals_record_count","XLSX_R0154","binary","Null","species_equal","full","full","b3c433e6eb4438b358391a185f23cb9eea0978a074e679d7ba641d32282109a3"
1,"Carassius_auratus",1,"record_equal","N_train/(S_train*R_species); total_weight=N_train","total_weight_equals_record_count","XLSX_R0002","binary","M1","record_equal","full","full","b1cf6e9c22a4fa01c9c3d1054e6186ec2e6f4ae7c83fc7a70284b4051235f449"
2,"Carassius_auratus",1,"record_equal","N_train/(S_train*R_species); total_weight=N_train","total_weight_equals_record_count","XLSX_R0003","binary","M1","record_equal","full","full","b1cf6e9c22a4fa01c9c3d1054e6186ec2e6f4ae7c83fc7a70284b4051235f449"
3,"Carassius_auratus",1,"record_equal","N_train/(S_train*R_species); total_weight=N_train","total_weight_equals_record_count","XLSX_R0004","binary","M1","record_equal","full","full","b1cf6e9c22a4fa01c9c3d1054e6186ec2e6f4ae7c83fc7a70284b4051235f449"
4,"Carassius_auratus",1,"record_equal","N_train/(S_train*R_species); total_weight=N_train","total_weight_equals_record_count","XLSX_R0005","binary","M1","record_equal","full","full","b1cf6e9c22a4fa01c9c3d1054e6186ec2e6f4ae7c83fc7a70284b4051235f449"
5,"Carassius_carassius",1,"record_equal","N_train/(S_train*R_species); total_weight=N_train","total_weight_equals_record_count","XLSX_R0006","binary","M1","record_equal","full","full","b1cf6e9c22a4fa01c9c3d1054e6186ec2e6f4ae7c83fc7a70284b4051235f449"
6,"Ctenopharyngodon_idella",1,"record_equal","N_train/(S_train*R_species); total_weight=N_train","total_weight_equals_record_count","XLSX_R0007","binary","M1","record_equal","full","full","b1cf6e9c22a4fa01c9c3d1054e6186ec2e6f4ae7c83fc7a70284b4051235f449"
7,"Cirrhinus_molitorella",1,"record_equal","N_train/(S_train*R_species); total_weight=N_train","total_weight_equals_record_count","XLSX_R0008","binary","M1","record_equal","full","full","b1cf6e9c22a4fa01c9c3d1054e6186ec2e6f4ae7c83fc7a70284b4051235f449"
8,"Danio_rerio",1,"record_equal","N_train/(S_train*R_species); total_weight=N_train","total_weight_equals_record_count","XLSX_R0009","binary","M1","record_equal","full","full","b1cf6e9c22a4fa01c9c3d1054e6186ec2e6f4ae7c83fc7a70284b4051235f449"
9,"Danio_rerio",1,"record_equal","N_train/(S_train*R_species); total_weight=N_train","total_weight_equals_record_count","XLSX_R0010","binary","M1","record_equal","full","full","b1cf6e9c22a4fa01c9c3d1054e6186ec2e6f4ae7c83fc7a70284b4051235f449"
10,"Danio_rerio",1,"record_equal","N_train/(S_train*R_species); total_weight=N_train","total_weight_equals_record_count","XLSX_R0011","binary","M1","record_equal","full","full","b1cf6e9c22a4fa01c9c3d1054e6186ec2e6f4ae7c83fc7a70284b4051235f449"
11,"Pygocentrus_nattereri",1,"record_equal","N_train/(S_train*R_species); total_weight=N_train","total_weight_equals_record_count","XLSX_R0012","binary","M1","record_equal","full","full","b1cf6e9c22a4fa01c9c3d1054e6186ec2e6f4ae7c83fc7a70284b4051235f449"
12,"Thunnus_orientalis",1,"record_equal","N_train/(S_train*R_species); total_weight=N_train","total_weight_equals_record_count","XLSX_R0013","binary","M1","record_equal","full","full","b1cf6e9c22a4fa01c9c3d1054e6186ec2e6f4ae7c83fc7a70284b4051235f449"
13,"Thunnus_orientalis",1,"record_equal","N_train/(S_train*R_species); total_weight=N_train","total_weight_equals_record_count","XLSX_R0014","binary","M1","record_equal","full","full","b1cf6e9c22a4fa01c9c3d1054e6186ec2e6f4ae7c83fc7a70284b4051235f449"
14,"Thunnus_orientalis",1,"record_equal","N_train/(S_train*R_species); total_weight=N_train","total_weight_equals_record_count","XLSX_R0015","binary","M1","record_equal","full","full","b1cf6e9c22a4fa01c9c3d1054e6186ec2e6f4ae7c83fc7a70284b4051235f449"
15,"Pampus_argenteus",1,"record_equal","N_train/(S_train*R_species); total_weight=N_train","total_weight_equals_record_count","XLSX_R0016","binary","M1","record_equal","full","full","b1cf6e9c22a4fa01c9c3d1054e6186ec2e6f4ae7c83fc7a70284b4051235f449"
16,"Pampus_argenteus",1,"record_equal","N_train/(S_train*R_species); total_weight=N_train","total_weight_equals_record_count","XLSX_R0017","binary","M1","record_equal","full","full","b1cf6e9c22a4fa01c9c3d1054e6186ec2e6f4ae7c83fc7a70284b4051235f449"
17,"Pampus_argenteus",1,"record_equal","N_train/(S_train*R_species); total_weight=N_train","total_weight_equals_record_count","XLSX_R0018","binary","M1","record_equal","full","full","b1cf6e9c22a4fa01c9c3d1054e6186ec2e6f4ae7c83fc7a70284b4051235f449"
18,"Pampus_argenteus",1,"record_equal","N_train/(S_train*R_species); total_weight=N_train","total_weight_equals_record_count","XLSX_R0019","binary","M1","record_equal","full","full","b1cf6e9c22a4fa01c9c3d1054e6186ec2e6f4ae7c83fc7a70284b4051235f449"
19,"Pampus_argenteus",1,"record_equal","N_train/(S_train*R_species); total_weight=N_train","total_weight_equals_record_count","XLSX_R0020","binary","M1","record_equal","full","full","b1cf6e9c22a4fa01c9c3d1054e6186ec2e6f4ae7c83fc7a70284b4051235f449"
20,"Pterapogon_kauderni",1,"record_equal","N_train/(S_train*R_species); total_weight=N_train","total_weight_equals_record_count","XLSX_R0021","binary","M1","record_equal","full","full","b1cf6e9c22a4fa01c9c3d1054e6186ec2e6f4ae7c83fc7a70284b4051235f449"
21,"Pterapogon_kauderni",1,"record_equal","N_train/(S_train*R_species); total_weight=N_train","total_weight_equals_record_count","XLSX_R0022","binary","M1","record_equal","full","full","b1cf6e9c22a4fa01c9c3d1054e6186ec2e6f4ae7c83fc7a70284b4051235f449"
22,"Pterapogon_kauderni",1,"record_equal","N_train/(S_train*R_species); total_weight=N_train","total_weight_equals_record_count","XLSX_R0023","binary","M1","record_equal","full","full","b1cf6e9c22a4fa01c9c3d1054e6186ec2e6f4ae7c83fc7a70284b4051235f449"
23,"Oxyeleotris_marmorata",1,"record_equal","N_train/(S_train*R_species); total_weight=N_train","total_weight_equals_record_count","XLSX_R0024","binary","M1","record_equal","full","full","b1cf6e9c22a4fa01c9c3d1054e6186ec2e6f4ae7c83fc7a70284b4051235f449"
24,"Oxyeleotris_marmorata",1,"record_equal","N_train/(S_train*R_species); total_weight=N_train","total_weight_equals_record_count","XLSX_R0025","binary","M1","record_equal","full","full","b1cf6e9c22a4fa01c9c3d1054e6186ec2e6f4ae7c83fc7a70284b4051235f449"
25,"Channa_argus",1,"record_equal","N_train/(S_train*R_species); total_weight=N_train","total_weight_equals_record_count","XLSX_R0027","binary","M1","record_equal","full","full","b1cf6e9c22a4fa01c9c3d1054e6186ec2e6f4ae7c83fc7a70284b4051235f449"
26,"Trichopodus_trichopterus",1,"record_equal","N_train/(S_train*R_species); total_weight=N_train","total_weight_equals_record_count","XLSX_R0028","binary","M1","record_equal","full","full","b1cf6e9c22a4fa01c9c3d1054e6186ec2e6f4ae7c83fc7a70284b4051235f449"
27,"Eleutheronema_tetradactylum",1,"record_equal","N_train/(S_train*R_species); total_weight=N_train","total_weight_equals_record_count","XLSX_R0029","binary","M1","record_equal","full","full","b1cf6e9c22a4fa01c9c3d1054e6186ec2e6f4ae7c83fc7a70284b4051235f449"
28,"Lates_calcarifer",1,"record_equal","N_train/(S_train*R_species); total_weight=N_train","total_weight_equals_record_count","XLSX_R0030","binary","M1","record_equal","full","full","b1cf6e9c22a4fa01c9c3d1054e6186ec2e6f4ae7c83fc7a70284b4051235f449"
29,"Lates_calcarifer",1,"record_equal","N_train/(S_train*R_species); total_weight=N_train","total_weight_equals_record_count","XLSX_R0031","binary","M1","record_equal","full","full","b1cf6e9c22a4fa01c9c3d1054e6186ec2e6f4ae7c83fc7a70284b4051235f449"
30,"Lates_calcarifer",1,"record_equal","N_train/(S_train*R_species); total_weight=N_train","total_weight_equals_record_count","XLSX_R0032","binary","M1","record_equal","full","full","b1cf6e9c22a4fa01c9c3d1054e6186ec2e6f4ae7c83fc7a70284b4051235f449"
31,"Lates_calcarifer",1,"record_equal","N_train/(S_train*R_species); total_weight=N_train","total_weight_equals_record_count","XLSX_R0033","binary","M1","record_equal","full","full","b1cf6e9c22a4fa01c9c3d1054e6186ec2e6f4ae7c83fc7a70284b4051235f449"
32,"Seriola_dumerili",1,"record_equal","N_train/(S_train*R_species); total_weight=N_train","total_weight_equals_record_count","XLSX_R0034","binary","M1","record_equal","full","full","b1cf6e9c22a4fa01c9c3d1054e6186ec2e6f4ae7c83fc7a70284b4051235f449"
33,"Seriola_dumerili",1,"record_equal","N_train/(S_train*R_species); total_weight=N_train","total_weight_equals_record_count","XLSX_R0035","binary","M1","record_equal","full","full","b1cf6e9c22a4fa01c9c3d1054e6186ec2e6f4ae7c83fc7a70284b4051235f449"
34,"Paralichthys_olivaceus",1,"record_equal","N_train/(S_train*R_species); total_weight=N_train","total_weight_equals_record_count","XLSX_R0036","binary","M1","record_equal","full","full","b1cf6e9c22a4fa01c9c3d1054e6186ec2e6f4ae7c83fc7a70284b4051235f449"
35,"Paralichthys_olivaceus",1,"record_equal","N_train/(S_train*R_species); total_weight=N_train","total_weight_equals_record_count","XLSX_R0037","binary","M1","record_equal","full","full","b1cf6e9c22a4fa01c9c3d1054e6186ec2e6f4ae7c83fc7a70284b4051235f449"
36,"Platichthys_stellatus",1,"record_equal","N_train/(S_train*R_species); total_weight=N_train","total_weight_equals_record_count","XLSX_R0038","binary","M1","record_equal","full","full","b1cf6e9c22a4fa01c9c3d1054e6186ec2e6f4ae7c83fc7a70284b4051235f449"
37,"Scophthalmus_maximus",1,"record_equal","N_train/(S_train*R_species); total_weight=N_train","total_weight_equals_record_count","XLSX_R0039","binary","M1","record_equal","full","full","b1cf6e9c22a4fa01c9c3d1054e6186ec2e6f4ae7c83fc7a70284b4051235f449"
38,"Astronotus_ocellatus",1,"record_equal","N_train/(S_train*R_species); total_weight=N_train","total_weight_equals_record_count","XLSX_R0040","binary","M1","record_equal","full","full","b1cf6e9c22a4fa01c9c3d1054e6186ec2e6f4ae7c83fc7a70284b4051235f449"
39,"Astronotus_ocellatus",1,"record_equal","N_train/(S_train*R_species); total_weight=N_train","total_weight_equals_record_count","XLSX_R0041","binary","M1","record_equal","full","full","b1cf6e9c22a4fa01c9c3d1054e6186ec2e6f4ae7c83fc7a70284b4051235f449"
40,"Oreochromis_niloticus",1,"record_equal","N_train/(S_train*R_species); total_weight=N_train","total_weight_equals_record_count","XLSX_R0042","binary","M1","record_equal","full","full","b1cf6e9c22a4fa01c9c3d1054e6186ec2e6f4ae7c83fc7a70284b4051235f449"
41,"Oreochromis_niloticus",1,"record_equal","N_train/(S_train*R_species); total_weight=N_train","total_weight_equals_record_count","XLSX_R0043","binary","M1","record_equal","full","full","b1cf6e9c22a4fa01c9c3d1054e6186ec2e6f4ae7c83fc7a70284b4051235f449"
42,"Oreochromis_niloticus",1,"record_equal","N_train/(S_train*R_species); total_weight=N_train","total_weight_equals_record_count","XLSX_R0044","binary","M1","record_equal","full","full","b1cf6e9c22a4fa01c9c3d1054e6186ec2e6f4ae7c83fc7a70284b4051235f449"
43,"Pterophyllum_scalare",1,"record_equal","N_train/(S_train*R_species); total_weight=N_train","total_weight_equals_record_count","XLSX_R0045","binary","M1","record_equal","full","full","b1cf6e9c22a4fa01c9c3d1054e6186ec2e6f4ae7c83fc7a70284b4051235f449"
44,"Poecilia_latipinna",1,"record_equal","N_train/(S_train*R_species); total_weight=N_train","total_weight_equals_record_count","XLSX_R0046","binary","M1","record_equal","full","full","b1cf6e9c22a4fa01c9c3d1054e6186ec2e6f4ae7c83fc7a70284b4051235f449"
45,"Poecilia_reticulata",1,"record_equal","N_train/(S_train*R_species); total_weight=N_train","total_weight_equals_record_count","XLSX_R0047","binary","M1","record_equal","full","full","b1cf6e9c22a4fa01c9c3d1054e6186ec2e6f4ae7c83fc7a70284b4051235f449"
46,"Poecilia_reticulata",1,"record_equal","N_train/(S_train*R_species); total_weight=N_train","total_weight_equals_record_count","XLSX_R0048","binary","M1","record_equal","full","full","b1cf6e9c22a4fa01c9c3d1054e6186ec2e6f4ae7c83fc7a70284b4051235f449"
47,"Poecilia_reticulata",1,"record_equal","N_train/(S_train*R_species); total_weight=N_train","total_weight_equals_record_count","XLSX_R0049","binary","M1","record_equal","full","full","b1cf6e9c22a4fa01c9c3d1054e6186ec2e6f4ae7c83fc7a70284b4051235f449"
48,"Poropanchax_normani",1,"record_equal","N_train/(S_train*R_species); total_weight=N_train","total_weight_equals_record_count","XLSX_R0050","binary","M1","record_equal","full","full","b1cf6e9c22a4fa01c9c3d1054e6186ec2e6f4ae7c83fc7a70284b4051235f449"
49,"Poropanchax_normani",1,"record_equal","N_train/(S_train*R_species); total_weight=N_train","total_weight_equals_record_count","XLSX_R0051","binary","M1","record_equal","full","full","b1cf6e9c22a4fa01c9c3d1054e6186ec2e6f4ae7c83fc7a70284b4051235f449"
50,"Xiphophorus_hellerii",1,"record_equal","N_train/(S_train*R_species); total_weight=N_train","total_weight_equals_record_count","XLSX_R0052","binary","M1","record_equal","full","full","b1cf6e9c22a4fa01c9c3d1054e6186ec2e6f4ae7c83fc7a70284b4051235f449"
51,"Xiphophorus_hellerii",1,"record_equal","N_train/(S_train*R_species); total_weight=N_train","total_weight_equals_record_count","XLSX_R0053","binary","M1","record_equal","full","full","b1cf6e9c22a4fa01c9c3d1054e6186ec2e6f4ae7c83fc7a70284b4051235f449"
52,"Xiphophorus_hellerii",1,"record_equal","N_train/(S_train*R_species); total_weight=N_train","total_weight_equals_record_count","XLSX_R0054","binary","M1","record_equal","full","full","b1cf6e9c22a4fa01c9c3d1054e6186ec2e6f4ae7c83fc7a70284b4051235f449"
53,"Xiphophorus_hellerii",1,"record_equal","N_train/(S_train*R_species); total_weight=N_train","total_weight_equals_record_count","XLSX_R0055","binary","M1","record_equal","full","full","b1cf6e9c22a4fa01c9c3d1054e6186ec2e6f4ae7c83fc7a70284b4051235f449"
54,"Xiphophorus_maculatus",1,"record_equal","N_train/(S_train*R_species); total_weight=N_train","total_weight_equals_record_count","XLSX_R0056","binary","M1","record_equal","full","full","b1cf6e9c22a4fa01c9c3d1054e6186ec2e6f4ae7c83fc7a70284b4051235f449"
55,"Mugil_cephalus",1,"record_equal","N_train/(S_train*R_species); total_weight=N_train","total_weight_equals_record_count","XLSX_R0057","binary","M1","record_equal","full","full","b1cf6e9c22a4fa01c9c3d1054e6186ec2e6f4ae7c83fc7a70284b4051235f449"
56,"Mugil_cephalus",1,"record_equal","N_train/(S_train*R_species); total_weight=N_train","total_weight_equals_record_count","XLSX_R0058","binary","M1","record_equal","full","full","b1cf6e9c22a4fa01c9c3d1054e6186ec2e6f4ae7c83fc7a70284b4051235f449"
57,"Larimichthys_crocea",1,"record_equal","N_train/(S_train*R_species); total_weight=N_train","total_weight_equals_record_count","XLSX_R0059","binary","M1","record_equal","full","full","b1cf6e9c22a4fa01c9c3d1054e6186ec2e6f4ae7c83fc7a70284b4051235f449"
58,"Larimichthys_crocea",1,"record_equal","N_train/(S_train*R_species); total_weight=N_train","total_weight_equals_record_count","XLSX_R0060","binary","M1","record_equal","full","full","b1cf6e9c22a4fa01c9c3d1054e6186ec2e6f4ae7c83fc7a70284b4051235f449"
59,"Sciaenops_ocellatus",1,"record_equal","N_train/(S_train*R_species); total_weight=N_train","total_weight_equals_record_count","XLSX_R0061","binary","M1","record_equal","full","full","b1cf6e9c22a4fa01c9c3d1054e6186ec2e6f4ae7c83fc7a70284b4051235f449"
60,"Platax_orbicularis",1,"record_equal","N_train/(S_train*R_species); total_weight=N_train","total_weight_equals_record_count","XLSX_R0062","binary","M1","record_equal","full","full","b1cf6e9c22a4fa01c9c3d1054e6186ec2e6f4ae7c83fc7a70284b4051235f449"
61,"Lutjanus_erythropterus",1,"record_equal","N_train/(S_train*R_species); total_weight=N_train","total_weight_equals_record_count","XLSX_R0063","binary","M1","record_equal","full","full","b1cf6e9c22a4fa01c9c3d1054e6186ec2e6f4ae7c83fc7a70284b4051235f449"
62,"Acanthopagrus_schlegelii",1,"record_equal","N_train/(S_train*R_species); total_weight=N_train","total_weight_equals_record_count","XLSX_R0064","binary","M1","record_equal","full","full","b1cf6e9c22a4fa01c9c3d1054e6186ec2e6f4ae7c83fc7a70284b4051235f449"
63,"Acanthopagrus_schlegelii",1,"record_equal","N_train/(S_train*R_species); total_weight=N_train","total_weight_equals_record_count","XLSX_R0065","binary","M1","record_equal","full","full","b1cf6e9c22a4fa01c9c3d1054e6186ec2e6f4ae7c83fc7a70284b4051235f449"
64,"Acanthopagrus_schlegelii",1,"record_equal","N_train/(S_train*R_species); total_weight=N_train","total_weight_equals_record_count","XLSX_R0066","binary","M1","record_equal","full","full","b1cf6e9c22a4fa01c9c3d1054e6186ec2e6f4ae7c83fc7a70284b4051235f449"
65,"Acanthopagrus_schlegelii",1,"record_equal","N_train/(S_train*R_species); total_weight=N_train","total_weight_equals_record_count","XLSX_R0067","binary","M1","record_equal","full","full","b1cf6e9c22a4fa01c9c3d1054e6186ec2e6f4ae7c83fc7a70284b4051235f449"
66,"Lethrinus_nebulosus",1,"record_equal","N_train/(S_train*R_species); total_weight=N_train","total_weight_equals_record_count","XLSX_R0068","binary","M1","record_equal","full","full","b1cf6e9c22a4fa01c9c3d1054e6186ec2e6f4ae7c83fc7a70284b4051235f449"
67,"Lethrinus_nebulosus",1,"record_equal","N_train/(S_train*R_species); total_weight=N_train","total_weight_equals_record_count","XLSX_R0069","binary","M1","record_equal","full","full","b1cf6e9c22a4fa01c9c3d1054e6186ec2e6f4ae7c83fc7a70284b4051235f449"
68,"Pagrus_major",1,"record_equal","N_train/(S_train*R_species); total_weight=N_train","total_weight_equals_record_count","XLSX_R0070","binary","M1","record_equal","full","full","b1cf6e9c22a4fa01c9c3d1054e6186ec2e6f4ae7c83fc7a70284b4051235f449"
69,"Pagrus_major",1,"record_equal","N_train/(S_train*R_species); total_weight=N_train","total_weight_equals_record_count","XLSX_R0071","binary","M1","record_equal","full","full","b1cf6e9c22a4fa01c9c3d1054e6186ec2e6f4ae7c83fc7a70284b4051235f449"
70,"Pagrus_major",1,"record_equal","N_train/(S_train*R_species); total_weight=N_train","total_weight_equals_record_count","XLSX_R0072","binary","M1","record_equal","full","full","b1cf6e9c22a4fa01c9c3d1054e6186ec2e6f4ae7c83fc7a70284b4051235f449"
71,"Pagrus_major",1,"record_equal","N_train/(S_train*R_species); total_weight=N_train","total_weight_equals_record_count","XLSX_R0073","binary","M1","record_equal","full","full","b1cf6e9c22a4fa01c9c3d1054e6186ec2e6f4ae7c83fc7a70284b4051235f449"
72,"Pagrus_major",1,"record_equal","N_train/(S_train*R_species); total_weight=N_train","total_weight_equals_record_count","XLSX_R0074","binary","M1","record_equal","full","full","b1cf6e9c22a4fa01c9c3d1054e6186ec2e6f4ae7c83fc7a70284b4051235f449"
73,"Pagrus_major",1,"record_equal","N_train/(S_train*R_species); total_weight=N_train","total_weight_equals_record_count","XLSX_R0075","binary","M1","record_equal","full","full","b1cf6e9c22a4fa01c9c3d1054e6186ec2e6f4ae7c83fc7a70284b4051235f449"
74,"Pagrus_major",1,"record_equal","N_train/(S_train*R_species); total_weight=N_train","total_weight_equals_record_count","XLSX_R0076","binary","M1","record_equal","full","full","b1cf6e9c22a4fa01c9c3d1054e6186ec2e6f4ae7c83fc7a70284b4051235f449"
75,"Pagrus_major",1,"record_equal","N_train/(S_train*R_species); total_weight=N_train","total_weight_equals_record_count","XLSX_R0077","binary","M1","record_equal","full","full","b1cf6e9c22a4fa01c9c3d1054e6186ec2e6f4ae7c83fc7a70284b4051235f449"
76,"Pagrus_major",1,"record_equal","N_train/(S_train*R_species); total_weight=N_train","total_weight_equals_record_count","XLSX_R0078","binary","M1","record_equal","full","full","b1cf6e9c22a4fa01c9c3d1054e6186ec2e6f4ae7c83fc7a70284b4051235f449"
77,"Rhabdosargus_sarba",1,"record_equal","N_train/(S_train*R_species); total_weight=N_train","total_weight_equals_record_count","XLSX_R0079","binary","M1","record_equal","full","full","b1cf6e9c22a4fa01c9c3d1054e6186ec2e6f4ae7c83fc7a70284b4051235f449"
78,"Lateolabrax_japonicus",1,"record_equal","N_train/(S_train*R_species); total_weight=N_train","total_weight_equals_record_count","XLSX_R0080","binary","M1","record_equal","full","full","b1cf6e9c22a4fa01c9c3d1054e6186ec2e6f4ae7c83fc7a70284b4051235f449"
79,"Lateolabrax_japonicus",1,"record_equal","N_train/(S_train*R_species); total_weight=N_train","total_weight_equals_record_count","XLSX_R0081","binary","M1","record_equal","full","full","b1cf6e9c22a4fa01c9c3d1054e6186ec2e6f4ae7c83fc7a70284b4051235f449"
80,"Lateolabrax_japonicus",1,"record_equal","N_train/(S_train*R_species); total_weight=N_train","total_weight_equals_record_count","XLSX_R0082","binary","M1","record_equal","full","full","b1cf6e9c22a4fa01c9c3d1054e6186ec2e6f4ae7c83fc7a70284b4051235f449"
81,"Lateolabrax_japonicus",1,"record_equal","N_train/(S_train*R_species); total_weight=N_train","total_weight_equals_record_count","XLSX_R0083","binary","M1","record_equal","full","full","b1cf6e9c22a4fa01c9c3d1054e6186ec2e6f4ae7c83fc7a70284b4051235f449"
82,"Lateolabrax_maculatus",1,"record_equal","N_train/(S_train*R_species); total_weight=N_train","total_weight_equals_record_count","XLSX_R0084","binary","M1","record_equal","full","full","b1cf6e9c22a4fa01c9c3d1054e6186ec2e6f4ae7c83fc7a70284b4051235f449"
83,"Maccullochella_peelii",1,"record_equal","N_train/(S_train*R_species); total_weight=N_train","total_weight_equals_record_count","XLSX_R0085","binary","M1","record_equal","full","full","b1cf6e9c22a4fa01c9c3d1054e6186ec2e6f4ae7c83fc7a70284b4051235f449"
84,"Maccullochella_peelii",1,"record_equal","N_train/(S_train*R_species); total_weight=N_train","total_weight_equals_record_count","XLSX_R0086","binary","M1","record_equal","full","full","b1cf6e9c22a4fa01c9c3d1054e6186ec2e6f4ae7c83fc7a70284b4051235f449"
85,"Maccullochella_peelii",1,"record_equal","N_train/(S_train*R_species); total_weight=N_train","total_weight_equals_record_count","XLSX_R0087","binary","M1","record_equal","full","full","b1cf6e9c22a4fa01c9c3d1054e6186ec2e6f4ae7c83fc7a70284b4051235f449"
86,"Maccullochella_peelii",1,"record_equal","N_train/(S_train*R_species); total_weight=N_train","total_weight_equals_record_count","XLSX_R0088","binary","M1","record_equal","full","full","b1cf6e9c22a4fa01c9c3d1054e6186ec2e6f4ae7c83fc7a70284b4051235f449"
87,"Maccullochella_peelii",1,"record_equal","N_train/(S_train*R_species); total_weight=N_train","total_weight_equals_record_count","XLSX_R0089","binary","M1","record_equal","full","full","b1cf6e9c22a4fa01c9c3d1054e6186ec2e6f4ae7c83fc7a70284b4051235f449"
88,"Maccullochella_peelii",1,"record_equal","N_train/(S_train*R_species); total_weight=N_train","total_weight_equals_record_count","XLSX_R0090","binary","M1","record_equal","full","full","b1cf6e9c22a4fa01c9c3d1054e6186ec2e6f4ae7c83fc7a70284b4051235f449"
89,"Maccullochella_peelii",1,"record_equal","N_train/(S_train*R_species); total_weight=N_train","total_weight_equals_record_count","XLSX_R0091","binary","M1","record_equal","full","full","b1cf6e9c22a4fa01c9c3d1054e6186ec2e6f4ae7c83fc7a70284b4051235f449"
90,"Maccullochella_peelii",1,"record_equal","N_train/(S_train*R_species); total_weight=N_train","total_weight_equals_record_count","XLSX_R0092","binary","M1","record_equal","full","full","b1cf6e9c22a4fa01c9c3d1054e6186ec2e6f4ae7c83fc7a70284b4051235f449"
91,"Micropterus_salmoides",1,"record_equal","N_train/(S_train*R_species); total_weight=N_train","total_weight_equals_record_count","XLSX_R0093","binary","M1","record_equal","full","full","b1cf6e9c22a4fa01c9c3d1054e6186ec2e6f4ae7c83fc7a70284b4051235f449"
92,"Micropterus_salmoides",1,"record_equal","N_train/(S_train*R_species); total_weight=N_train","total_weight_equals_record_count","XLSX_R0094","binary","M1","record_equal","full","full","b1cf6e9c22a4fa01c9c3d1054e6186ec2e6f4ae7c83fc7a70284b4051235f449"
93,"Micropterus_salmoides",1,"record_equal","N_train/(S_train*R_species); total_weight=N_train","total_weight_equals_record_count","XLSX_R0095","binary","M1","record_equal","full","full","b1cf6e9c22a4fa01c9c3d1054e6186ec2e6f4ae7c83fc7a70284b4051235f449"
94,"Oplegnathus_fasciatus",1,"record_equal","N_train/(S_train*R_species); total_weight=N_train","total_weight_equals_record_count","XLSX_R0096","binary","M1","record_equal","full","full","b1cf6e9c22a4fa01c9c3d1054e6186ec2e6f4ae7c83fc7a70284b4051235f449"
95,"Oplegnathus_fasciatus",1,"record_equal","N_train/(S_train*R_species); total_weight=N_train","total_weight_equals_record_count","XLSX_R0097","binary","M1","record_equal","full","full","b1cf6e9c22a4fa01c9c3d1054e6186ec2e6f4ae7c83fc7a70284b4051235f449"
96,"Oplegnathus_fasciatus",1,"record_equal","N_train/(S_train*R_species); total_weight=N_train","total_weight_equals_record_count","XLSX_R0098","binary","M1","record_equal","full","full","b1cf6e9c22a4fa01c9c3d1054e6186ec2e6f4ae7c83fc7a70284b4051235f449"
97,"Oplegnathus_fasciatus",1,"record_equal","N_train/(S_train*R_species); total_weight=N_train","total_weight_equals_record_count","XLSX_R0099","binary","M1","record_equal","full","full","b1cf6e9c22a4fa01c9c3d1054e6186ec2e6f4ae7c83fc7a70284b4051235f449"
98,"Oplegnathus_fasciatus",1,"record_equal","N_train/(S_train*R_species); total_weight=N_train","total_weight_equals_record_count","XLSX_R0100","binary","M1","record_equal","full","full","b1cf6e9c22a4fa01c9c3d1054e6186ec2e6f4ae7c83fc7a70284b4051235f449"
99,"Oplegnathus_fasciatus",1,"record_equal","N_train/(S_train*R_species); total_weight=N_train","total_weight_equals_record_count","XLSX_R0101","binary","M1","record_equal","full","full","b1cf6e9c22a4fa01c9c3d1054e6186ec2e6f4ae7c83fc7a70284b4051235f449"
100,"Oplegnathus_fasciatus",1,"record_equal","N_train/(S_train*R_species); total_weight=N_train","total_weight_equals_record_count","XLSX_R0102","binary","M1","record_equal","full","full","b1cf6e9c22a4fa01c9c3d1054e6186ec2e6f4ae7c83fc7a70284b4051235f449"
101,"Oplegnathus_fasciatus",1,"record_equal","N_train/(S_train*R_species); total_weight=N_train","total_weight_equals_record_count","XLSX_R0103","binary","M1","record_equal","full","full","b1cf6e9c22a4fa01c9c3d1054e6186ec2e6f4ae7c83fc7a70284b4051235f449"
102,"Oplegnathus_fasciatus",1,"record_equal","N_train/(S_train*R_species); total_weight=N_train","total_weight_equals_record_count","XLSX_R0104","binary","M1","record_equal","full","full","b1cf6e9c22a4fa01c9c3d1054e6186ec2e6f4ae7c83fc7a70284b4051235f449"
103,"Oplegnathus_fasciatus",1,"record_equal","N_train/(S_train*R_species); total_weight=N_train","total_weight_equals_record_count","XLSX_R0105","binary","M1","record_equal","full","full","b1cf6e9c22a4fa01c9c3d1054e6186ec2e6f4ae7c83fc7a70284b4051235f449"
104,"Oplegnathus_fasciatus",1,"record_equal","N_train/(S_train*R_species); total_weight=N_train","total_weight_equals_record_count","XLSX_R0106","binary","M1","record_equal","full","full","b1cf6e9c22a4fa01c9c3d1054e6186ec2e6f4ae7c83fc7a70284b4051235f449"
105,"Oplegnathus_fasciatus",1,"record_equal","N_train/(S_train*R_species); total_weight=N_train","total_weight_equals_record_count","XLSX_R0107","binary","M1","record_equal","full","full","b1cf6e9c22a4fa01c9c3d1054e6186ec2e6f4ae7c83fc7a70284b4051235f449"
106,"Oplegnathus_fasciatus",1,"record_equal","N_train/(S_train*R_species); total_weight=N_train","total_weight_equals_record_count","XLSX_R0108","binary","M1","record_equal","full","full","b1cf6e9c22a4fa01c9c3d1054e6186ec2e6f4ae7c83fc7a70284b4051235f449"
107,"Oplegnathus_fasciatus",1,"record_equal","N_train/(S_train*R_species); total_weight=N_train","total_weight_equals_record_count","XLSX_R0109","binary","M1","record_equal","full","full","b1cf6e9c22a4fa01c9c3d1054e6186ec2e6f4ae7c83fc7a70284b4051235f449"
108,"Oplegnathus_fasciatus",1,"record_equal","N_train/(S_train*R_species); total_weight=N_train","total_weight_equals_record_count","XLSX_R0110","binary","M1","record_equal","full","full","b1cf6e9c22a4fa01c9c3d1054e6186ec2e6f4ae7c83fc7a70284b4051235f449"
109,"Oplegnathus_fasciatus",1,"record_equal","N_train/(S_train*R_species); total_weight=N_train","total_weight_equals_record_count","XLSX_R0111","binary","M1","record_equal","full","full","b1cf6e9c22a4fa01c9c3d1054e6186ec2e6f4ae7c83fc7a70284b4051235f449"
110,"Oplegnathus_fasciatus",1,"record_equal","N_train/(S_train*R_species); total_weight=N_train","total_weight_equals_record_count","XLSX_R0112","binary","M1","record_equal","full","full","b1cf6e9c22a4fa01c9c3d1054e6186ec2e6f4ae7c83fc7a70284b4051235f449"
111,"Oplegnathus_fasciatus",1,"record_equal","N_train/(S_train*R_species); total_weight=N_train","total_weight_equals_record_count","XLSX_R0113","binary","M1","record_equal","full","full","b1cf6e9c22a4fa01c9c3d1054e6186ec2e6f4ae7c83fc7a70284b4051235f449"
112,"Oplegnathus_fasciatus",1,"record_equal","N_train/(S_train*R_species); total_weight=N_train","total_weight_equals_record_count","XLSX_R0114","binary","M1","record_equal","full","full","b1cf6e9c22a4fa01c9c3d1054e6186ec2e6f4ae7c83fc7a70284b4051235f449"
113,"Oplegnathus_fasciatus",1,"record_equal","N_train/(S_train*R_species); total_weight=N_train","total_weight_equals_record_count","XLSX_R0115","binary","M1","record_equal","full","full","b1cf6e9c22a4fa01c9c3d1054e6186ec2e6f4ae7c83fc7a70284b4051235f449"
114,"Oplegnathus_fasciatus",1,"record_equal","N_train/(S_train*R_species); total_weight=N_train","total_weight_equals_record_count","XLSX_R0116","binary","M1","record_equal","full","full","b1cf6e9c22a4fa01c9c3d1054e6186ec2e6f4ae7c83fc7a70284b4051235f449"
115,"Oplegnathus_fasciatus",1,"record_equal","N_train/(S_train*R_species); total_weight=N_train","total_weight_equals_record_count","XLSX_R0117","binary","M1","record_equal","full","full","b1cf6e9c22a4fa01c9c3d1054e6186ec2e6f4ae7c83fc7a70284b4051235f449"
116,"Oplegnathus_fasciatus",1,"record_equal","N_train/(S_train*R_species); total_weight=N_train","total_weight_equals_record_count","XLSX_R0118","binary","M1","record_equal","full","full","b1cf6e9c22a4fa01c9c3d1054e6186ec2e6f4ae7c83fc7a70284b4051235f449"
117,"Oplegnathus_punctatus",1,"record_equal","N_train/(S_train*R_species); total_weight=N_train","total_weight_equals_record_count","XLSX_R0119","binary","M1","record_equal","full","full","b1cf6e9c22a4fa01c9c3d1054e6186ec2e6f4ae7c83fc7a70284b4051235f449"
118,"Siniperca_chuatsi",1,"record_equal","N_train/(S_train*R_species); total_weight=N_train","total_weight_equals_record_count","XLSX_R0120","binary","M1","record_equal","full","full","b1cf6e9c22a4fa01c9c3d1054e6186ec2e6f4ae7c83fc7a70284b4051235f449"
119,"Siniperca_chuatsi",1,"record_equal","N_train/(S_train*R_species); total_weight=N_train","total_weight_equals_record_count","XLSX_R0121","binary","M1","record_equal","full","full","b1cf6e9c22a4fa01c9c3d1054e6186ec2e6f4ae7c83fc7a70284b4051235f449"
120,"Siniperca_chuatsi",1,"record_equal","N_train/(S_train*R_species); total_weight=N_train","total_weight_equals_record_count","XLSX_R0122","binary","M1","record_equal","full","full","b1cf6e9c22a4fa01c9c3d1054e6186ec2e6f4ae7c83fc7a70284b4051235f449"
121,"Siniperca_chuatsi",1,"record_equal","N_train/(S_train*R_species); total_weight=N_train","total_weight_equals_record_count","XLSX_R0123","binary","M1","record_equal","full","full","b1cf6e9c22a4fa01c9c3d1054e6186ec2e6f4ae7c83fc7a70284b4051235f449"
122,"Siniperca_chuatsi",1,"record_equal","N_train/(S_train*R_species); total_weight=N_train","total_weight_equals_record_count","XLSX_R0124","binary","M1","record_equal","full","full","b1cf6e9c22a4fa01c9c3d1054e6186ec2e6f4ae7c83fc7a70284b4051235f449"
123,"Siniperca_chuatsi",1,"record_equal","N_train/(S_train*R_species); total_weight=N_train","total_weight_equals_record_count","XLSX_R0125","binary","M1","record_equal","full","full","b1cf6e9c22a4fa01c9c3d1054e6186ec2e6f4ae7c83fc7a70284b4051235f449"
124,"Siniperca_chuatsi",1,"record_equal","N_train/(S_train*R_species); total_weight=N_train","total_weight_equals_record_count","XLSX_R0126","binary","M1","record_equal","full","full","b1cf6e9c22a4fa01c9c3d1054e6186ec2e6f4ae7c83fc7a70284b4051235f449"
125,"Siniperca_chuatsi",1,"record_equal","N_train/(S_train*R_species); total_weight=N_train","total_weight_equals_record_count","XLSX_R0127","binary","M1","record_equal","full","full","b1cf6e9c22a4fa01c9c3d1054e6186ec2e6f4ae7c83fc7a70284b4051235f449"
126,"Siniperca_chuatsi",1,"record_equal","N_train/(S_train*R_species); total_weight=N_train","total_weight_equals_record_count","XLSX_R0128","binary","M1","record_equal","full","full","b1cf6e9c22a4fa01c9c3d1054e6186ec2e6f4ae7c83fc7a70284b4051235f449"
127,"Siniperca_chuatsi",1,"record_equal","N_train/(S_train*R_species); total_weight=N_train","total_weight_equals_record_count","XLSX_R0129","binary","M1","record_equal","full","full","b1cf6e9c22a4fa01c9c3d1054e6186ec2e6f4ae7c83fc7a70284b4051235f449"
128,"Siniperca_chuatsi",1,"record_equal","N_train/(S_train*R_species); total_weight=N_train","total_weight_equals_record_count","XLSX_R0130","binary","M1","record_equal","full","full","b1cf6e9c22a4fa01c9c3d1054e6186ec2e6f4ae7c83fc7a70284b4051235f449"
129,"Siniperca_scherzeri",1,"record_equal","N_train/(S_train*R_species); total_weight=N_train","total_weight_equals_record_count","XLSX_R0131","binary","M1","record_equal","full","full","b1cf6e9c22a4fa01c9c3d1054e6186ec2e6f4ae7c83fc7a70284b4051235f449"
130,"Siniperca_scherzeri",1,"record_equal","N_train/(S_train*R_species); total_weight=N_train","total_weight_equals_record_count","XLSX_R0132","binary","M1","record_equal","full","full","b1cf6e9c22a4fa01c9c3d1054e6186ec2e6f4ae7c83fc7a70284b4051235f449"
131,"Siniperca_scherzeri",1,"record_equal","N_train/(S_train*R_species); total_weight=N_train","total_weight_equals_record_count","XLSX_R0133","binary","M1","record_equal","full","full","b1cf6e9c22a4fa01c9c3d1054e6186ec2e6f4ae7c83fc7a70284b4051235f449"
132,"Siniperca_scherzeri",1,"record_equal","N_train/(S_train*R_species); total_weight=N_train","total_weight_equals_record_count","XLSX_R0134","binary","M1","record_equal","full","full","b1cf6e9c22a4fa01c9c3d1054e6186ec2e6f4ae7c83fc7a70284b4051235f449"
133,"Cromileptes_altivelis",1,"record_equal","N_train/(S_train*R_species); total_weight=N_train","total_weight_equals_record_count","XLSX_R0135","binary","M1","record_equal","full","full","b1cf6e9c22a4fa01c9c3d1054e6186ec2e6f4ae7c83fc7a70284b4051235f449"
134,"Cromileptes_altivelis",1,"record_equal","N_train/(S_train*R_species); total_weight=N_train","total_weight_equals_record_count","XLSX_R0136","binary","M1","record_equal","full","full","b1cf6e9c22a4fa01c9c3d1054e6186ec2e6f4ae7c83fc7a70284b4051235f449"
135,"Cromileptes_altivelis",1,"record_equal","N_train/(S_train*R_species); total_weight=N_train","total_weight_equals_record_count","XLSX_R0137","binary","M1","record_equal","full","full","b1cf6e9c22a4fa01c9c3d1054e6186ec2e6f4ae7c83fc7a70284b4051235f449"
136,"Cromileptes_altivelis",1,"record_equal","N_train/(S_train*R_species); total_weight=N_train","total_weight_equals_record_count","XLSX_R0138","binary","M1","record_equal","full","full","b1cf6e9c22a4fa01c9c3d1054e6186ec2e6f4ae7c83fc7a70284b4051235f449"
137,"Cromileptes_altivelis",1,"record_equal","N_train/(S_train*R_species); total_weight=N_train","total_weight_equals_record_count","XLSX_R0139","binary","M1","record_equal","full","full","b1cf6e9c22a4fa01c9c3d1054e6186ec2e6f4ae7c83fc7a70284b4051235f449"
138,"Cromileptes_altivelis",1,"record_equal","N_train/(S_train*R_species); total_weight=N_train","total_weight_equals_record_count","XLSX_R0140","binary","M1","record_equal","full","full","b1cf6e9c22a4fa01c9c3d1054e6186ec2e6f4ae7c83fc7a70284b4051235f449"
139,"Epinephelus_bruneus",1,"record_equal","N_train/(S_train*R_species); total_weight=N_train","total_weight_equals_record_count","XLSX_R0141","binary","M1","record_equal","full","full","b1cf6e9c22a4fa01c9c3d1054e6186ec2e6f4ae7c83fc7a70284b4051235f449"
140,"Epinephelus_bruneus",1,"record_equal","N_train/(S_train*R_species); total_weight=N_train","total_weight_equals_record_count","XLSX_R0142","binary","M1","record_equal","full","full","b1cf6e9c22a4fa01c9c3d1054e6186ec2e6f4ae7c83fc7a70284b4051235f449"
141,"Epinephelus_bruneus",1,"record_equal","N_train/(S_train*R_species); total_weight=N_train","total_weight_equals_record_count","XLSX_R0143","binary","M1","record_equal","full","full","b1cf6e9c22a4fa01c9c3d1054e6186ec2e6f4ae7c83fc7a70284b4051235f449"
142,"Epinephelus_coioides",1,"record_equal","N_train/(S_train*R_species); total_weight=N_train","total_weight_equals_record_count","XLSX_R0144","binary","M1","record_equal","full","full","b1cf6e9c22a4fa01c9c3d1054e6186ec2e6f4ae7c83fc7a70284b4051235f449"
143,"Epinephelus_coioides",1,"record_equal","N_train/(S_train*R_species); total_weight=N_train","total_weight_equals_record_count","XLSX_R0145","binary","M1","record_equal","full","full","b1cf6e9c22a4fa01c9c3d1054e6186ec2e6f4ae7c83fc7a70284b4051235f449"
144,"Epinephelus_fuscoguttatus",1,"record_equal","N_train/(S_train*R_species); total_weight=N_train","total_weight_equals_record_count","XLSX_R0146","binary","M1","record_equal","full","full","b1cf6e9c22a4fa01c9c3d1054e6186ec2e6f4ae7c83fc7a70284b4051235f449"
145,"Epinephelus_fuscoguttatus",1,"record_equal","N_train/(S_train*R_species); total_weight=N_train","total_weight_equals_record_count","XLSX_R0147","binary","M1","record_equal","full","full","b1cf6e9c22a4fa01c9c3d1054e6186ec2e6f4ae7c83fc7a70284b4051235f449"
146,"Epinephelus_lanceolatus",1,"record_equal","N_train/(S_train*R_species); total_weight=N_train","total_weight_equals_record_count","XLSX_R0148","binary","M1","record_equal","full","full","b1cf6e9c22a4fa01c9c3d1054e6186ec2e6f4ae7c83fc7a70284b4051235f449"
147,"Epinephelus_lanceolatus",1,"record_equal","N_train/(S_train*R_species); total_weight=N_train","total_weight_equals_record_count","XLSX_R0149","binary","M1","record_equal","full","full","b1cf6e9c22a4fa01c9c3d1054e6186ec2e6f4ae7c83fc7a70284b4051235f449"
148,"Epinephelus_malabaricus",1,"record_equal","N_train/(S_train*R_species); total_weight=N_train","total_weight_equals_record_count","XLSX_R0150","binary","M1","record_equal","full","full","b1cf6e9c22a4fa01c9c3d1054e6186ec2e6f4ae7c83fc7a70284b4051235f449"
149,"Epinephelus_malabaricus",1,"record_equal","N_train/(S_train*R_species); total_weight=N_train","total_weight_equals_record_count","XLSX_R0151","binary","M1","record_equal","full","full","b1cf6e9c22a4fa01c9c3d1054e6186ec2e6f4ae7c83fc7a70284b4051235f449"
150,"Epinephelus_malabaricus",1,"record_equal","N_train/(S_train*R_species); total_weight=N_train","total_weight_equals_record_count","XLSX_R0152","binary","M1","record_equal","full","full","b1cf6e9c22a4fa01c9c3d1054e6186ec2e6f4ae7c83fc7a70284b4051235f449"
151,"Plectropomus_leopardus",1,"record_equal","N_train/(S_train*R_species); total_weight=N_train","total_weight_equals_record_count","XLSX_R0153","binary","M1","record_equal","full","full","b1cf6e9c22a4fa01c9c3d1054e6186ec2e6f4ae7c83fc7a70284b4051235f449"
152,"Plectropomus_leopardus",1,"record_equal","N_train/(S_train*R_species); total_weight=N_train","total_weight_equals_record_count","XLSX_R0154","binary","M1","record_equal","full","full","b1cf6e9c22a4fa01c9c3d1054e6186ec2e6f4ae7c83fc7a70284b4051235f449"
1,"Carassius_auratus",0.76,"species_equal","N_train/(S_train*R_species); total_weight=N_train","total_weight_equals_record_count","XLSX_R0002","binary","M1","species_equal","full","full","0702f712614ade5cf070649c5ed23474022916058d57a4b6de36deee0e1a8826"
2,"Carassius_auratus",0.76,"species_equal","N_train/(S_train*R_species); total_weight=N_train","total_weight_equals_record_count","XLSX_R0003","binary","M1","species_equal","full","full","0702f712614ade5cf070649c5ed23474022916058d57a4b6de36deee0e1a8826"
3,"Carassius_auratus",0.76,"species_equal","N_train/(S_train*R_species); total_weight=N_train","total_weight_equals_record_count","XLSX_R0004","binary","M1","species_equal","full","full","0702f712614ade5cf070649c5ed23474022916058d57a4b6de36deee0e1a8826"
4,"Carassius_auratus",0.76,"species_equal","N_train/(S_train*R_species); total_weight=N_train","total_weight_equals_record_count","XLSX_R0005","binary","M1","species_equal","full","full","0702f712614ade5cf070649c5ed23474022916058d57a4b6de36deee0e1a8826"
5,"Carassius_carassius",3.04,"species_equal","N_train/(S_train*R_species); total_weight=N_train","total_weight_equals_record_count","XLSX_R0006","binary","M1","species_equal","full","full","0702f712614ade5cf070649c5ed23474022916058d57a4b6de36deee0e1a8826"
6,"Ctenopharyngodon_idella",3.04,"species_equal","N_train/(S_train*R_species); total_weight=N_train","total_weight_equals_record_count","XLSX_R0007","binary","M1","species_equal","full","full","0702f712614ade5cf070649c5ed23474022916058d57a4b6de36deee0e1a8826"
7,"Cirrhinus_molitorella",3.04,"species_equal","N_train/(S_train*R_species); total_weight=N_train","total_weight_equals_record_count","XLSX_R0008","binary","M1","species_equal","full","full","0702f712614ade5cf070649c5ed23474022916058d57a4b6de36deee0e1a8826"
8,"Danio_rerio",1.01333333333333,"species_equal","N_train/(S_train*R_species); total_weight=N_train","total_weight_equals_record_count","XLSX_R0009","binary","M1","species_equal","full","full","0702f712614ade5cf070649c5ed23474022916058d57a4b6de36deee0e1a8826"
9,"Danio_rerio",1.01333333333333,"species_equal","N_train/(S_train*R_species); total_weight=N_train","total_weight_equals_record_count","XLSX_R0010","binary","M1","species_equal","full","full","0702f712614ade5cf070649c5ed23474022916058d57a4b6de36deee0e1a8826"
10,"Danio_rerio",1.01333333333333,"species_equal","N_train/(S_train*R_species); total_weight=N_train","total_weight_equals_record_count","XLSX_R0011","binary","M1","species_equal","full","full","0702f712614ade5cf070649c5ed23474022916058d57a4b6de36deee0e1a8826"
11,"Pygocentrus_nattereri",3.04,"species_equal","N_train/(S_train*R_species); total_weight=N_train","total_weight_equals_record_count","XLSX_R0012","binary","M1","species_equal","full","full","0702f712614ade5cf070649c5ed23474022916058d57a4b6de36deee0e1a8826"
12,"Thunnus_orientalis",1.01333333333333,"species_equal","N_train/(S_train*R_species); total_weight=N_train","total_weight_equals_record_count","XLSX_R0013","binary","M1","species_equal","full","full","0702f712614ade5cf070649c5ed23474022916058d57a4b6de36deee0e1a8826"
13,"Thunnus_orientalis",1.01333333333333,"species_equal","N_train/(S_train*R_species); total_weight=N_train","total_weight_equals_record_count","XLSX_R0014","binary","M1","species_equal","full","full","0702f712614ade5cf070649c5ed23474022916058d57a4b6de36deee0e1a8826"
14,"Thunnus_orientalis",1.01333333333333,"species_equal","N_train/(S_train*R_species); total_weight=N_train","total_weight_equals_record_count","XLSX_R0015","binary","M1","species_equal","full","full","0702f712614ade5cf070649c5ed23474022916058d57a4b6de36deee0e1a8826"
15,"Pampus_argenteus",0.608,"species_equal","N_train/(S_train*R_species); total_weight=N_train","total_weight_equals_record_count","XLSX_R0016","binary","M1","species_equal","full","full","0702f712614ade5cf070649c5ed23474022916058d57a4b6de36deee0e1a8826"
16,"Pampus_argenteus",0.608,"species_equal","N_train/(S_train*R_species); total_weight=N_train","total_weight_equals_record_count","XLSX_R0017","binary","M1","species_equal","full","full","0702f712614ade5cf070649c5ed23474022916058d57a4b6de36deee0e1a8826"
17,"Pampus_argenteus",0.608,"species_equal","N_train/(S_train*R_species); total_weight=N_train","total_weight_equals_record_count","XLSX_R0018","binary","M1","species_equal","full","full","0702f712614ade5cf070649c5ed23474022916058d57a4b6de36deee0e1a8826"
18,"Pampus_argenteus",0.608,"species_equal","N_train/(S_train*R_species); total_weight=N_train","total_weight_equals_record_count","XLSX_R0019","binary","M1","species_equal","full","full","0702f712614ade5cf070649c5ed23474022916058d57a4b6de36deee0e1a8826"
19,"Pampus_argenteus",0.608,"species_equal","N_train/(S_train*R_species); total_weight=N_train","total_weight_equals_record_count","XLSX_R0020","binary","M1","species_equal","full","full","0702f712614ade5cf070649c5ed23474022916058d57a4b6de36deee0e1a8826"
20,"Pterapogon_kauderni",1.01333333333333,"species_equal","N_train/(S_train*R_species); total_weight=N_train","total_weight_equals_record_count","XLSX_R0021","binary","M1","species_equal","full","full","0702f712614ade5cf070649c5ed23474022916058d57a4b6de36deee0e1a8826"
21,"Pterapogon_kauderni",1.01333333333333,"species_equal","N_train/(S_train*R_species); total_weight=N_train","total_weight_equals_record_count","XLSX_R0022","binary","M1","species_equal","full","full","0702f712614ade5cf070649c5ed23474022916058d57a4b6de36deee0e1a8826"
22,"Pterapogon_kauderni",1.01333333333333,"species_equal","N_train/(S_train*R_species); total_weight=N_train","total_weight_equals_record_count","XLSX_R0023","binary","M1","species_equal","full","full","0702f712614ade5cf070649c5ed23474022916058d57a4b6de36deee0e1a8826"
23,"Oxyeleotris_marmorata",1.52,"species_equal","N_train/(S_train*R_species); total_weight=N_train","total_weight_equals_record_count","XLSX_R0024","binary","M1","species_equal","full","full","0702f712614ade5cf070649c5ed23474022916058d57a4b6de36deee0e1a8826"
24,"Oxyeleotris_marmorata",1.52,"species_equal","N_train/(S_train*R_species); total_weight=N_train","total_weight_equals_record_count","XLSX_R0025","binary","M1","species_equal","full","full","0702f712614ade5cf070649c5ed23474022916058d57a4b6de36deee0e1a8826"
25,"Channa_argus",3.04,"species_equal","N_train/(S_train*R_species); total_weight=N_train","total_weight_equals_record_count","XLSX_R0027","binary","M1","species_equal","full","full","0702f712614ade5cf070649c5ed23474022916058d57a4b6de36deee0e1a8826"
26,"Trichopodus_trichopterus",3.04,"species_equal","N_train/(S_train*R_species); total_weight=N_train","total_weight_equals_record_count","XLSX_R0028","binary","M1","species_equal","full","full","0702f712614ade5cf070649c5ed23474022916058d57a4b6de36deee0e1a8826"
27,"Eleutheronema_tetradactylum",3.04,"species_equal","N_train/(S_train*R_species); total_weight=N_train","total_weight_equals_record_count","XLSX_R0029","binary","M1","species_equal","full","full","0702f712614ade5cf070649c5ed23474022916058d57a4b6de36deee0e1a8826"
28,"Lates_calcarifer",0.76,"species_equal","N_train/(S_train*R_species); total_weight=N_train","total_weight_equals_record_count","XLSX_R0030","binary","M1","species_equal","full","full","0702f712614ade5cf070649c5ed23474022916058d57a4b6de36deee0e1a8826"
29,"Lates_calcarifer",0.76,"species_equal","N_train/(S_train*R_species); total_weight=N_train","total_weight_equals_record_count","XLSX_R0031","binary","M1","species_equal","full","full","0702f712614ade5cf070649c5ed23474022916058d57a4b6de36deee0e1a8826"
30,"Lates_calcarifer",0.76,"species_equal","N_train/(S_train*R_species); total_weight=N_train","total_weight_equals_record_count","XLSX_R0032","binary","M1","species_equal","full","full","0702f712614ade5cf070649c5ed23474022916058d57a4b6de36deee0e1a8826"
31,"Lates_calcarifer",0.76,"species_equal","N_train/(S_train*R_species); total_weight=N_train","total_weight_equals_record_count","XLSX_R0033","binary","M1","species_equal","full","full","0702f712614ade5cf070649c5ed23474022916058d57a4b6de36deee0e1a8826"
32,"Seriola_dumerili",1.52,"species_equal","N_train/(S_train*R_species); total_weight=N_train","total_weight_equals_record_count","XLSX_R0034","binary","M1","species_equal","full","full","0702f712614ade5cf070649c5ed23474022916058d57a4b6de36deee0e1a8826"
33,"Seriola_dumerili",1.52,"species_equal","N_train/(S_train*R_species); total_weight=N_train","total_weight_equals_record_count","XLSX_R0035","binary","M1","species_equal","full","full","0702f712614ade5cf070649c5ed23474022916058d57a4b6de36deee0e1a8826"
34,"Paralichthys_olivaceus",1.52,"species_equal","N_train/(S_train*R_species); total_weight=N_train","total_weight_equals_record_count","XLSX_R0036","binary","M1","species_equal","full","full","0702f712614ade5cf070649c5ed23474022916058d57a4b6de36deee0e1a8826"
35,"Paralichthys_olivaceus",1.52,"species_equal","N_train/(S_train*R_species); total_weight=N_train","total_weight_equals_record_count","XLSX_R0037","binary","M1","species_equal","full","full","0702f712614ade5cf070649c5ed23474022916058d57a4b6de36deee0e1a8826"
36,"Platichthys_stellatus",3.04,"species_equal","N_train/(S_train*R_species); total_weight=N_train","total_weight_equals_record_count","XLSX_R0038","binary","M1","species_equal","full","full","0702f712614ade5cf070649c5ed23474022916058d57a4b6de36deee0e1a8826"
37,"Scophthalmus_maximus",3.04,"species_equal","N_train/(S_train*R_species); total_weight=N_train","total_weight_equals_record_count","XLSX_R0039","binary","M1","species_equal","full","full","0702f712614ade5cf070649c5ed23474022916058d57a4b6de36deee0e1a8826"
38,"Astronotus_ocellatus",1.52,"species_equal","N_train/(S_train*R_species); total_weight=N_train","total_weight_equals_record_count","XLSX_R0040","binary","M1","species_equal","full","full","0702f712614ade5cf070649c5ed23474022916058d57a4b6de36deee0e1a8826"
39,"Astronotus_ocellatus",1.52,"species_equal","N_train/(S_train*R_species); total_weight=N_train","total_weight_equals_record_count","XLSX_R0041","binary","M1","species_equal","full","full","0702f712614ade5cf070649c5ed23474022916058d57a4b6de36deee0e1a8826"
40,"Oreochromis_niloticus",1.01333333333333,"species_equal","N_train/(S_train*R_species); total_weight=N_train","total_weight_equals_record_count","XLSX_R0042","binary","M1","species_equal","full","full","0702f712614ade5cf070649c5ed23474022916058d57a4b6de36deee0e1a8826"
41,"Oreochromis_niloticus",1.01333333333333,"species_equal","N_train/(S_train*R_species); total_weight=N_train","total_weight_equals_record_count","XLSX_R0043","binary","M1","species_equal","full","full","0702f712614ade5cf070649c5ed23474022916058d57a4b6de36deee0e1a8826"
42,"Oreochromis_niloticus",1.01333333333333,"species_equal","N_train/(S_train*R_species); total_weight=N_train","total_weight_equals_record_count","XLSX_R0044","binary","M1","species_equal","full","full","0702f712614ade5cf070649c5ed23474022916058d57a4b6de36deee0e1a8826"
43,"Pterophyllum_scalare",3.04,"species_equal","N_train/(S_train*R_species); total_weight=N_train","total_weight_equals_record_count","XLSX_R0045","binary","M1","species_equal","full","full","0702f712614ade5cf070649c5ed23474022916058d57a4b6de36deee0e1a8826"
44,"Poecilia_latipinna",3.04,"species_equal","N_train/(S_train*R_species); total_weight=N_train","total_weight_equals_record_count","XLSX_R0046","binary","M1","species_equal","full","full","0702f712614ade5cf070649c5ed23474022916058d57a4b6de36deee0e1a8826"
45,"Poecilia_reticulata",1.01333333333333,"species_equal","N_train/(S_train*R_species); total_weight=N_train","total_weight_equals_record_count","XLSX_R0047","binary","M1","species_equal","full","full","0702f712614ade5cf070649c5ed23474022916058d57a4b6de36deee0e1a8826"
46,"Poecilia_reticulata",1.01333333333333,"species_equal","N_train/(S_train*R_species); total_weight=N_train","total_weight_equals_record_count","XLSX_R0048","binary","M1","species_equal","full","full","0702f712614ade5cf070649c5ed23474022916058d57a4b6de36deee0e1a8826"
47,"Poecilia_reticulata",1.01333333333333,"species_equal","N_train/(S_train*R_species); total_weight=N_train","total_weight_equals_record_count","XLSX_R0049","binary","M1","species_equal","full","full","0702f712614ade5cf070649c5ed23474022916058d57a4b6de36deee0e1a8826"
48,"Poropanchax_normani",1.52,"species_equal","N_train/(S_train*R_species); total_weight=N_train","total_weight_equals_record_count","XLSX_R0050","binary","M1","species_equal","full","full","0702f712614ade5cf070649c5ed23474022916058d57a4b6de36deee0e1a8826"
49,"Poropanchax_normani",1.52,"species_equal","N_train/(S_train*R_species); total_weight=N_train","total_weight_equals_record_count","XLSX_R0051","binary","M1","species_equal","full","full","0702f712614ade5cf070649c5ed23474022916058d57a4b6de36deee0e1a8826"
50,"Xiphophorus_hellerii",0.76,"species_equal","N_train/(S_train*R_species); total_weight=N_train","total_weight_equals_record_count","XLSX_R0052","binary","M1","species_equal","full","full","0702f712614ade5cf070649c5ed23474022916058d57a4b6de36deee0e1a8826"
51,"Xiphophorus_hellerii",0.76,"species_equal","N_train/(S_train*R_species); total_weight=N_train","total_weight_equals_record_count","XLSX_R0053","binary","M1","species_equal","full","full","0702f712614ade5cf070649c5ed23474022916058d57a4b6de36deee0e1a8826"
52,"Xiphophorus_hellerii",0.76,"species_equal","N_train/(S_train*R_species); total_weight=N_train","total_weight_equals_record_count","XLSX_R0054","binary","M1","species_equal","full","full","0702f712614ade5cf070649c5ed23474022916058d57a4b6de36deee0e1a8826"
53,"Xiphophorus_hellerii",0.76,"species_equal","N_train/(S_train*R_species); total_weight=N_train","total_weight_equals_record_count","XLSX_R0055","binary","M1","species_equal","full","full","0702f712614ade5cf070649c5ed23474022916058d57a4b6de36deee0e1a8826"
54,"Xiphophorus_maculatus",3.04,"species_equal","N_train/(S_train*R_species); total_weight=N_train","total_weight_equals_record_count","XLSX_R0056","binary","M1","species_equal","full","full","0702f712614ade5cf070649c5ed23474022916058d57a4b6de36deee0e1a8826"
55,"Mugil_cephalus",1.52,"species_equal","N_train/(S_train*R_species); total_weight=N_train","total_weight_equals_record_count","XLSX_R0057","binary","M1","species_equal","full","full","0702f712614ade5cf070649c5ed23474022916058d57a4b6de36deee0e1a8826"
56,"Mugil_cephalus",1.52,"species_equal","N_train/(S_train*R_species); total_weight=N_train","total_weight_equals_record_count","XLSX_R0058","binary","M1","species_equal","full","full","0702f712614ade5cf070649c5ed23474022916058d57a4b6de36deee0e1a8826"
57,"Larimichthys_crocea",1.52,"species_equal","N_train/(S_train*R_species); total_weight=N_train","total_weight_equals_record_count","XLSX_R0059","binary","M1","species_equal","full","full","0702f712614ade5cf070649c5ed23474022916058d57a4b6de36deee0e1a8826"
58,"Larimichthys_crocea",1.52,"species_equal","N_train/(S_train*R_species); total_weight=N_train","total_weight_equals_record_count","XLSX_R0060","binary","M1","species_equal","full","full","0702f712614ade5cf070649c5ed23474022916058d57a4b6de36deee0e1a8826"
59,"Sciaenops_ocellatus",3.04,"species_equal","N_train/(S_train*R_species); total_weight=N_train","total_weight_equals_record_count","XLSX_R0061","binary","M1","species_equal","full","full","0702f712614ade5cf070649c5ed23474022916058d57a4b6de36deee0e1a8826"
60,"Platax_orbicularis",3.04,"species_equal","N_train/(S_train*R_species); total_weight=N_train","total_weight_equals_record_count","XLSX_R0062","binary","M1","species_equal","full","full","0702f712614ade5cf070649c5ed23474022916058d57a4b6de36deee0e1a8826"
61,"Lutjanus_erythropterus",3.04,"species_equal","N_train/(S_train*R_species); total_weight=N_train","total_weight_equals_record_count","XLSX_R0063","binary","M1","species_equal","full","full","0702f712614ade5cf070649c5ed23474022916058d57a4b6de36deee0e1a8826"
62,"Acanthopagrus_schlegelii",0.76,"species_equal","N_train/(S_train*R_species); total_weight=N_train","total_weight_equals_record_count","XLSX_R0064","binary","M1","species_equal","full","full","0702f712614ade5cf070649c5ed23474022916058d57a4b6de36deee0e1a8826"
63,"Acanthopagrus_schlegelii",0.76,"species_equal","N_train/(S_train*R_species); total_weight=N_train","total_weight_equals_record_count","XLSX_R0065","binary","M1","species_equal","full","full","0702f712614ade5cf070649c5ed23474022916058d57a4b6de36deee0e1a8826"
64,"Acanthopagrus_schlegelii",0.76,"species_equal","N_train/(S_train*R_species); total_weight=N_train","total_weight_equals_record_count","XLSX_R0066","binary","M1","species_equal","full","full","0702f712614ade5cf070649c5ed23474022916058d57a4b6de36deee0e1a8826"
65,"Acanthopagrus_schlegelii",0.76,"species_equal","N_train/(S_train*R_species); total_weight=N_train","total_weight_equals_record_count","XLSX_R0067","binary","M1","species_equal","full","full","0702f712614ade5cf070649c5ed23474022916058d57a4b6de36deee0e1a8826"
66,"Lethrinus_nebulosus",1.52,"species_equal","N_train/(S_train*R_species); total_weight=N_train","total_weight_equals_record_count","XLSX_R0068","binary","M1","species_equal","full","full","0702f712614ade5cf070649c5ed23474022916058d57a4b6de36deee0e1a8826"
67,"Lethrinus_nebulosus",1.52,"species_equal","N_train/(S_train*R_species); total_weight=N_train","total_weight_equals_record_count","XLSX_R0069","binary","M1","species_equal","full","full","0702f712614ade5cf070649c5ed23474022916058d57a4b6de36deee0e1a8826"
68,"Pagrus_major",0.337777777777778,"species_equal","N_train/(S_train*R_species); total_weight=N_train","total_weight_equals_record_count","XLSX_R0070","binary","M1","species_equal","full","full","0702f712614ade5cf070649c5ed23474022916058d57a4b6de36deee0e1a8826"
69,"Pagrus_major",0.337777777777778,"species_equal","N_train/(S_train*R_species); total_weight=N_train","total_weight_equals_record_count","XLSX_R0071","binary","M1","species_equal","full","full","0702f712614ade5cf070649c5ed23474022916058d57a4b6de36deee0e1a8826"
70,"Pagrus_major",0.337777777777778,"species_equal","N_train/(S_train*R_species); total_weight=N_train","total_weight_equals_record_count","XLSX_R0072","binary","M1","species_equal","full","full","0702f712614ade5cf070649c5ed23474022916058d57a4b6de36deee0e1a8826"
71,"Pagrus_major",0.337777777777778,"species_equal","N_train/(S_train*R_species); total_weight=N_train","total_weight_equals_record_count","XLSX_R0073","binary","M1","species_equal","full","full","0702f712614ade5cf070649c5ed23474022916058d57a4b6de36deee0e1a8826"
72,"Pagrus_major",0.337777777777778,"species_equal","N_train/(S_train*R_species); total_weight=N_train","total_weight_equals_record_count","XLSX_R0074","binary","M1","species_equal","full","full","0702f712614ade5cf070649c5ed23474022916058d57a4b6de36deee0e1a8826"
73,"Pagrus_major",0.337777777777778,"species_equal","N_train/(S_train*R_species); total_weight=N_train","total_weight_equals_record_count","XLSX_R0075","binary","M1","species_equal","full","full","0702f712614ade5cf070649c5ed23474022916058d57a4b6de36deee0e1a8826"
74,"Pagrus_major",0.337777777777778,"species_equal","N_train/(S_train*R_species); total_weight=N_train","total_weight_equals_record_count","XLSX_R0076","binary","M1","species_equal","full","full","0702f712614ade5cf070649c5ed23474022916058d57a4b6de36deee0e1a8826"
75,"Pagrus_major",0.337777777777778,"species_equal","N_train/(S_train*R_species); total_weight=N_train","total_weight_equals_record_count","XLSX_R0077","binary","M1","species_equal","full","full","0702f712614ade5cf070649c5ed23474022916058d57a4b6de36deee0e1a8826"
76,"Pagrus_major",0.337777777777778,"species_equal","N_train/(S_train*R_species); total_weight=N_train","total_weight_equals_record_count","XLSX_R0078","binary","M1","species_equal","full","full","0702f712614ade5cf070649c5ed23474022916058d57a4b6de36deee0e1a8826"
77,"Rhabdosargus_sarba",3.04,"species_equal","N_train/(S_train*R_species); total_weight=N_train","total_weight_equals_record_count","XLSX_R0079","binary","M1","species_equal","full","full","0702f712614ade5cf070649c5ed23474022916058d57a4b6de36deee0e1a8826"
78,"Lateolabrax_japonicus",0.76,"species_equal","N_train/(S_train*R_species); total_weight=N_train","total_weight_equals_record_count","XLSX_R0080","binary","M1","species_equal","full","full","0702f712614ade5cf070649c5ed23474022916058d57a4b6de36deee0e1a8826"
79,"Lateolabrax_japonicus",0.76,"species_equal","N_train/(S_train*R_species); total_weight=N_train","total_weight_equals_record_count","XLSX_R0081","binary","M1","species_equal","full","full","0702f712614ade5cf070649c5ed23474022916058d57a4b6de36deee0e1a8826"
80,"Lateolabrax_japonicus",0.76,"species_equal","N_train/(S_train*R_species); total_weight=N_train","total_weight_equals_record_count","XLSX_R0082","binary","M1","species_equal","full","full","0702f712614ade5cf070649c5ed23474022916058d57a4b6de36deee0e1a8826"
81,"Lateolabrax_japonicus",0.76,"species_equal","N_train/(S_train*R_species); total_weight=N_train","total_weight_equals_record_count","XLSX_R0083","binary","M1","species_equal","full","full","0702f712614ade5cf070649c5ed23474022916058d57a4b6de36deee0e1a8826"
82,"Lateolabrax_maculatus",3.04,"species_equal","N_train/(S_train*R_species); total_weight=N_train","total_weight_equals_record_count","XLSX_R0084","binary","M1","species_equal","full","full","0702f712614ade5cf070649c5ed23474022916058d57a4b6de36deee0e1a8826"
83,"Maccullochella_peelii",0.38,"species_equal","N_train/(S_train*R_species); total_weight=N_train","total_weight_equals_record_count","XLSX_R0085","binary","M1","species_equal","full","full","0702f712614ade5cf070649c5ed23474022916058d57a4b6de36deee0e1a8826"
84,"Maccullochella_peelii",0.38,"species_equal","N_train/(S_train*R_species); total_weight=N_train","total_weight_equals_record_count","XLSX_R0086","binary","M1","species_equal","full","full","0702f712614ade5cf070649c5ed23474022916058d57a4b6de36deee0e1a8826"
85,"Maccullochella_peelii",0.38,"species_equal","N_train/(S_train*R_species); total_weight=N_train","total_weight_equals_record_count","XLSX_R0087","binary","M1","species_equal","full","full","0702f712614ade5cf070649c5ed23474022916058d57a4b6de36deee0e1a8826"
86,"Maccullochella_peelii",0.38,"species_equal","N_train/(S_train*R_species); total_weight=N_train","total_weight_equals_record_count","XLSX_R0088","binary","M1","species_equal","full","full","0702f712614ade5cf070649c5ed23474022916058d57a4b6de36deee0e1a8826"
87,"Maccullochella_peelii",0.38,"species_equal","N_train/(S_train*R_species); total_weight=N_train","total_weight_equals_record_count","XLSX_R0089","binary","M1","species_equal","full","full","0702f712614ade5cf070649c5ed23474022916058d57a4b6de36deee0e1a8826"
88,"Maccullochella_peelii",0.38,"species_equal","N_train/(S_train*R_species); total_weight=N_train","total_weight_equals_record_count","XLSX_R0090","binary","M1","species_equal","full","full","0702f712614ade5cf070649c5ed23474022916058d57a4b6de36deee0e1a8826"
89,"Maccullochella_peelii",0.38,"species_equal","N_train/(S_train*R_species); total_weight=N_train","total_weight_equals_record_count","XLSX_R0091","binary","M1","species_equal","full","full","0702f712614ade5cf070649c5ed23474022916058d57a4b6de36deee0e1a8826"
90,"Maccullochella_peelii",0.38,"species_equal","N_train/(S_train*R_species); total_weight=N_train","total_weight_equals_record_count","XLSX_R0092","binary","M1","species_equal","full","full","0702f712614ade5cf070649c5ed23474022916058d57a4b6de36deee0e1a8826"
91,"Micropterus_salmoides",1.01333333333333,"species_equal","N_train/(S_train*R_species); total_weight=N_train","total_weight_equals_record_count","XLSX_R0093","binary","M1","species_equal","full","full","0702f712614ade5cf070649c5ed23474022916058d57a4b6de36deee0e1a8826"
92,"Micropterus_salmoides",1.01333333333333,"species_equal","N_train/(S_train*R_species); total_weight=N_train","total_weight_equals_record_count","XLSX_R0094","binary","M1","species_equal","full","full","0702f712614ade5cf070649c5ed23474022916058d57a4b6de36deee0e1a8826"
93,"Micropterus_salmoides",1.01333333333333,"species_equal","N_train/(S_train*R_species); total_weight=N_train","total_weight_equals_record_count","XLSX_R0095","binary","M1","species_equal","full","full","0702f712614ade5cf070649c5ed23474022916058d57a4b6de36deee0e1a8826"
94,"Oplegnathus_fasciatus",0.132173913043478,"species_equal","N_train/(S_train*R_species); total_weight=N_train","total_weight_equals_record_count","XLSX_R0096","binary","M1","species_equal","full","full","0702f712614ade5cf070649c5ed23474022916058d57a4b6de36deee0e1a8826"
95,"Oplegnathus_fasciatus",0.132173913043478,"species_equal","N_train/(S_train*R_species); total_weight=N_train","total_weight_equals_record_count","XLSX_R0097","binary","M1","species_equal","full","full","0702f712614ade5cf070649c5ed23474022916058d57a4b6de36deee0e1a8826"
96,"Oplegnathus_fasciatus",0.132173913043478,"species_equal","N_train/(S_train*R_species); total_weight=N_train","total_weight_equals_record_count","XLSX_R0098","binary","M1","species_equal","full","full","0702f712614ade5cf070649c5ed23474022916058d57a4b6de36deee0e1a8826"
97,"Oplegnathus_fasciatus",0.132173913043478,"species_equal","N_train/(S_train*R_species); total_weight=N_train","total_weight_equals_record_count","XLSX_R0099","binary","M1","species_equal","full","full","0702f712614ade5cf070649c5ed23474022916058d57a4b6de36deee0e1a8826"
98,"Oplegnathus_fasciatus",0.132173913043478,"species_equal","N_train/(S_train*R_species); total_weight=N_train","total_weight_equals_record_count","XLSX_R0100","binary","M1","species_equal","full","full","0702f712614ade5cf070649c5ed23474022916058d57a4b6de36deee0e1a8826"
99,"Oplegnathus_fasciatus",0.132173913043478,"species_equal","N_train/(S_train*R_species); total_weight=N_train","total_weight_equals_record_count","XLSX_R0101","binary","M1","species_equal","full","full","0702f712614ade5cf070649c5ed23474022916058d57a4b6de36deee0e1a8826"
100,"Oplegnathus_fasciatus",0.132173913043478,"species_equal","N_train/(S_train*R_species); total_weight=N_train","total_weight_equals_record_count","XLSX_R0102","binary","M1","species_equal","full","full","0702f712614ade5cf070649c5ed23474022916058d57a4b6de36deee0e1a8826"
101,"Oplegnathus_fasciatus",0.132173913043478,"species_equal","N_train/(S_train*R_species); total_weight=N_train","total_weight_equals_record_count","XLSX_R0103","binary","M1","species_equal","full","full","0702f712614ade5cf070649c5ed23474022916058d57a4b6de36deee0e1a8826"
102,"Oplegnathus_fasciatus",0.132173913043478,"species_equal","N_train/(S_train*R_species); total_weight=N_train","total_weight_equals_record_count","XLSX_R0104","binary","M1","species_equal","full","full","0702f712614ade5cf070649c5ed23474022916058d57a4b6de36deee0e1a8826"
103,"Oplegnathus_fasciatus",0.132173913043478,"species_equal","N_train/(S_train*R_species); total_weight=N_train","total_weight_equals_record_count","XLSX_R0105","binary","M1","species_equal","full","full","0702f712614ade5cf070649c5ed23474022916058d57a4b6de36deee0e1a8826"
104,"Oplegnathus_fasciatus",0.132173913043478,"species_equal","N_train/(S_train*R_species); total_weight=N_train","total_weight_equals_record_count","XLSX_R0106","binary","M1","species_equal","full","full","0702f712614ade5cf070649c5ed23474022916058d57a4b6de36deee0e1a8826"
105,"Oplegnathus_fasciatus",0.132173913043478,"species_equal","N_train/(S_train*R_species); total_weight=N_train","total_weight_equals_record_count","XLSX_R0107","binary","M1","species_equal","full","full","0702f712614ade5cf070649c5ed23474022916058d57a4b6de36deee0e1a8826"
106,"Oplegnathus_fasciatus",0.132173913043478,"species_equal","N_train/(S_train*R_species); total_weight=N_train","total_weight_equals_record_count","XLSX_R0108","binary","M1","species_equal","full","full","0702f712614ade5cf070649c5ed23474022916058d57a4b6de36deee0e1a8826"
107,"Oplegnathus_fasciatus",0.132173913043478,"species_equal","N_train/(S_train*R_species); total_weight=N_train","total_weight_equals_record_count","XLSX_R0109","binary","M1","species_equal","full","full","0702f712614ade5cf070649c5ed23474022916058d57a4b6de36deee0e1a8826"
108,"Oplegnathus_fasciatus",0.132173913043478,"species_equal","N_train/(S_train*R_species); total_weight=N_train","total_weight_equals_record_count","XLSX_R0110","binary","M1","species_equal","full","full","0702f712614ade5cf070649c5ed23474022916058d57a4b6de36deee0e1a8826"
109,"Oplegnathus_fasciatus",0.132173913043478,"species_equal","N_train/(S_train*R_species); total_weight=N_train","total_weight_equals_record_count","XLSX_R0111","binary","M1","species_equal","full","full","0702f712614ade5cf070649c5ed23474022916058d57a4b6de36deee0e1a8826"
110,"Oplegnathus_fasciatus",0.132173913043478,"species_equal","N_train/(S_train*R_species); total_weight=N_train","total_weight_equals_record_count","XLSX_R0112","binary","M1","species_equal","full","full","0702f712614ade5cf070649c5ed23474022916058d57a4b6de36deee0e1a8826"
111,"Oplegnathus_fasciatus",0.132173913043478,"species_equal","N_train/(S_train*R_species); total_weight=N_train","total_weight_equals_record_count","XLSX_R0113","binary","M1","species_equal","full","full","0702f712614ade5cf070649c5ed23474022916058d57a4b6de36deee0e1a8826"
112,"Oplegnathus_fasciatus",0.132173913043478,"species_equal","N_train/(S_train*R_species); total_weight=N_train","total_weight_equals_record_count","XLSX_R0114","binary","M1","species_equal","full","full","0702f712614ade5cf070649c5ed23474022916058d57a4b6de36deee0e1a8826"
113,"Oplegnathus_fasciatus",0.132173913043478,"species_equal","N_train/(S_train*R_species); total_weight=N_train","total_weight_equals_record_count","XLSX_R0115","binary","M1","species_equal","full","full","0702f712614ade5cf070649c5ed23474022916058d57a4b6de36deee0e1a8826"
114,"Oplegnathus_fasciatus",0.132173913043478,"species_equal","N_train/(S_train*R_species); total_weight=N_train","total_weight_equals_record_count","XLSX_R0116","binary","M1","species_equal","full","full","0702f712614ade5cf070649c5ed23474022916058d57a4b6de36deee0e1a8826"
115,"Oplegnathus_fasciatus",0.132173913043478,"species_equal","N_train/(S_train*R_species); total_weight=N_train","total_weight_equals_record_count","XLSX_R0117","binary","M1","species_equal","full","full","0702f712614ade5cf070649c5ed23474022916058d57a4b6de36deee0e1a8826"
116,"Oplegnathus_fasciatus",0.132173913043478,"species_equal","N_train/(S_train*R_species); total_weight=N_train","total_weight_equals_record_count","XLSX_R0118","binary","M1","species_equal","full","full","0702f712614ade5cf070649c5ed23474022916058d57a4b6de36deee0e1a8826"
117,"Oplegnathus_punctatus",3.04,"species_equal","N_train/(S_train*R_species); total_weight=N_train","total_weight_equals_record_count","XLSX_R0119","binary","M1","species_equal","full","full","0702f712614ade5cf070649c5ed23474022916058d57a4b6de36deee0e1a8826"
118,"Siniperca_chuatsi",0.276363636363636,"species_equal","N_train/(S_train*R_species); total_weight=N_train","total_weight_equals_record_count","XLSX_R0120","binary","M1","species_equal","full","full","0702f712614ade5cf070649c5ed23474022916058d57a4b6de36deee0e1a8826"
119,"Siniperca_chuatsi",0.276363636363636,"species_equal","N_train/(S_train*R_species); total_weight=N_train","total_weight_equals_record_count","XLSX_R0121","binary","M1","species_equal","full","full","0702f712614ade5cf070649c5ed23474022916058d57a4b6de36deee0e1a8826"
120,"Siniperca_chuatsi",0.276363636363636,"species_equal","N_train/(S_train*R_species); total_weight=N_train","total_weight_equals_record_count","XLSX_R0122","binary","M1","species_equal","full","full","0702f712614ade5cf070649c5ed23474022916058d57a4b6de36deee0e1a8826"
121,"Siniperca_chuatsi",0.276363636363636,"species_equal","N_train/(S_train*R_species); total_weight=N_train","total_weight_equals_record_count","XLSX_R0123","binary","M1","species_equal","full","full","0702f712614ade5cf070649c5ed23474022916058d57a4b6de36deee0e1a8826"
122,"Siniperca_chuatsi",0.276363636363636,"species_equal","N_train/(S_train*R_species); total_weight=N_train","total_weight_equals_record_count","XLSX_R0124","binary","M1","species_equal","full","full","0702f712614ade5cf070649c5ed23474022916058d57a4b6de36deee0e1a8826"
123,"Siniperca_chuatsi",0.276363636363636,"species_equal","N_train/(S_train*R_species); total_weight=N_train","total_weight_equals_record_count","XLSX_R0125","binary","M1","species_equal","full","full","0702f712614ade5cf070649c5ed23474022916058d57a4b6de36deee0e1a8826"
124,"Siniperca_chuatsi",0.276363636363636,"species_equal","N_train/(S_train*R_species); total_weight=N_train","total_weight_equals_record_count","XLSX_R0126","binary","M1","species_equal","full","full","0702f712614ade5cf070649c5ed23474022916058d57a4b6de36deee0e1a8826"
125,"Siniperca_chuatsi",0.276363636363636,"species_equal","N_train/(S_train*R_species); total_weight=N_train","total_weight_equals_record_count","XLSX_R0127","binary","M1","species_equal","full","full","0702f712614ade5cf070649c5ed23474022916058d57a4b6de36deee0e1a8826"
126,"Siniperca_chuatsi",0.276363636363636,"species_equal","N_train/(S_train*R_species); total_weight=N_train","total_weight_equals_record_count","XLSX_R0128","binary","M1","species_equal","full","full","0702f712614ade5cf070649c5ed23474022916058d57a4b6de36deee0e1a8826"
127,"Siniperca_chuatsi",0.276363636363636,"species_equal","N_train/(S_train*R_species); total_weight=N_train","total_weight_equals_record_count","XLSX_R0129","binary","M1","species_equal","full","full","0702f712614ade5cf070649c5ed23474022916058d57a4b6de36deee0e1a8826"
128,"Siniperca_chuatsi",0.276363636363636,"species_equal","N_train/(S_train*R_species); total_weight=N_train","total_weight_equals_record_count","XLSX_R0130","binary","M1","species_equal","full","full","0702f712614ade5cf070649c5ed23474022916058d57a4b6de36deee0e1a8826"
129,"Siniperca_scherzeri",0.76,"species_equal","N_train/(S_train*R_species); total_weight=N_train","total_weight_equals_record_count","XLSX_R0131","binary","M1","species_equal","full","full","0702f712614ade5cf070649c5ed23474022916058d57a4b6de36deee0e1a8826"
130,"Siniperca_scherzeri",0.76,"species_equal","N_train/(S_train*R_species); total_weight=N_train","total_weight_equals_record_count","XLSX_R0132","binary","M1","species_equal","full","full","0702f712614ade5cf070649c5ed23474022916058d57a4b6de36deee0e1a8826"
131,"Siniperca_scherzeri",0.76,"species_equal","N_train/(S_train*R_species); total_weight=N_train","total_weight_equals_record_count","XLSX_R0133","binary","M1","species_equal","full","full","0702f712614ade5cf070649c5ed23474022916058d57a4b6de36deee0e1a8826"
132,"Siniperca_scherzeri",0.76,"species_equal","N_train/(S_train*R_species); total_weight=N_train","total_weight_equals_record_count","XLSX_R0134","binary","M1","species_equal","full","full","0702f712614ade5cf070649c5ed23474022916058d57a4b6de36deee0e1a8826"
133,"Cromileptes_altivelis",0.506666666666667,"species_equal","N_train/(S_train*R_species); total_weight=N_train","total_weight_equals_record_count","XLSX_R0135","binary","M1","species_equal","full","full","0702f712614ade5cf070649c5ed23474022916058d57a4b6de36deee0e1a8826"
134,"Cromileptes_altivelis",0.506666666666667,"species_equal","N_train/(S_train*R_species); total_weight=N_train","total_weight_equals_record_count","XLSX_R0136","binary","M1","species_equal","full","full","0702f712614ade5cf070649c5ed23474022916058d57a4b6de36deee0e1a8826"
135,"Cromileptes_altivelis",0.506666666666667,"species_equal","N_train/(S_train*R_species); total_weight=N_train","total_weight_equals_record_count","XLSX_R0137","binary","M1","species_equal","full","full","0702f712614ade5cf070649c5ed23474022916058d57a4b6de36deee0e1a8826"
136,"Cromileptes_altivelis",0.506666666666667,"species_equal","N_train/(S_train*R_species); total_weight=N_train","total_weight_equals_record_count","XLSX_R0138","binary","M1","species_equal","full","full","0702f712614ade5cf070649c5ed23474022916058d57a4b6de36deee0e1a8826"
137,"Cromileptes_altivelis",0.506666666666667,"species_equal","N_train/(S_train*R_species); total_weight=N_train","total_weight_equals_record_count","XLSX_R0139","binary","M1","species_equal","full","full","0702f712614ade5cf070649c5ed23474022916058d57a4b6de36deee0e1a8826"
138,"Cromileptes_altivelis",0.506666666666667,"species_equal","N_train/(S_train*R_species); total_weight=N_train","total_weight_equals_record_count","XLSX_R0140","binary","M1","species_equal","full","full","0702f712614ade5cf070649c5ed23474022916058d57a4b6de36deee0e1a8826"
139,"Epinephelus_bruneus",1.01333333333333,"species_equal","N_train/(S_train*R_species); total_weight=N_train","total_weight_equals_record_count","XLSX_R0141","binary","M1","species_equal","full","full","0702f712614ade5cf070649c5ed23474022916058d57a4b6de36deee0e1a8826"
140,"Epinephelus_bruneus",1.01333333333333,"species_equal","N_train/(S_train*R_species); total_weight=N_train","total_weight_equals_record_count","XLSX_R0142","binary","M1","species_equal","full","full","0702f712614ade5cf070649c5ed23474022916058d57a4b6de36deee0e1a8826"
141,"Epinephelus_bruneus",1.01333333333333,"species_equal","N_train/(S_train*R_species); total_weight=N_train","total_weight_equals_record_count","XLSX_R0143","binary","M1","species_equal","full","full","0702f712614ade5cf070649c5ed23474022916058d57a4b6de36deee0e1a8826"
142,"Epinephelus_coioides",1.52,"species_equal","N_train/(S_train*R_species); total_weight=N_train","total_weight_equals_record_count","XLSX_R0144","binary","M1","species_equal","full","full","0702f712614ade5cf070649c5ed23474022916058d57a4b6de36deee0e1a8826"
143,"Epinephelus_coioides",1.52,"species_equal","N_train/(S_train*R_species); total_weight=N_train","total_weight_equals_record_count","XLSX_R0145","binary","M1","species_equal","full","full","0702f712614ade5cf070649c5ed23474022916058d57a4b6de36deee0e1a8826"
144,"Epinephelus_fuscoguttatus",1.52,"species_equal","N_train/(S_train*R_species); total_weight=N_train","total_weight_equals_record_count","XLSX_R0146","binary","M1","species_equal","full","full","0702f712614ade5cf070649c5ed23474022916058d57a4b6de36deee0e1a8826"
145,"Epinephelus_fuscoguttatus",1.52,"species_equal","N_train/(S_train*R_species); total_weight=N_train","total_weight_equals_record_count","XLSX_R0147","binary","M1","species_equal","full","full","0702f712614ade5cf070649c5ed23474022916058d57a4b6de36deee0e1a8826"
146,"Epinephelus_lanceolatus",1.52,"species_equal","N_train/(S_train*R_species); total_weight=N_train","total_weight_equals_record_count","XLSX_R0148","binary","M1","species_equal","full","full","0702f712614ade5cf070649c5ed23474022916058d57a4b6de36deee0e1a8826"
147,"Epinephelus_lanceolatus",1.52,"species_equal","N_train/(S_train*R_species); total_weight=N_train","total_weight_equals_record_count","XLSX_R0149","binary","M1","species_equal","full","full","0702f712614ade5cf070649c5ed23474022916058d57a4b6de36deee0e1a8826"
148,"Epinephelus_malabaricus",1.01333333333333,"species_equal","N_train/(S_train*R_species); total_weight=N_train","total_weight_equals_record_count","XLSX_R0150","binary","M1","species_equal","full","full","0702f712614ade5cf070649c5ed23474022916058d57a4b6de36deee0e1a8826"
149,"Epinephelus_malabaricus",1.01333333333333,"species_equal","N_train/(S_train*R_species); total_weight=N_train","total_weight_equals_record_count","XLSX_R0151","binary","M1","species_equal","full","full","0702f712614ade5cf070649c5ed23474022916058d57a4b6de36deee0e1a8826"
150,"Epinephelus_malabaricus",1.01333333333333,"species_equal","N_train/(S_train*R_species); total_weight=N_train","total_weight_equals_record_count","XLSX_R0152","binary","M1","species_equal","full","full","0702f712614ade5cf070649c5ed23474022916058d57a4b6de36deee0e1a8826"
151,"Plectropomus_leopardus",1.52,"species_equal","N_train/(S_train*R_species); total_weight=N_train","total_weight_equals_record_count","XLSX_R0153","binary","M1","species_equal","full","full","0702f712614ade5cf070649c5ed23474022916058d57a4b6de36deee0e1a8826"
152,"Plectropomus_leopardus",1.52,"species_equal","N_train/(S_train*R_species); total_weight=N_train","total_weight_equals_record_count","XLSX_R0154","binary","M1","species_equal","full","full","0702f712614ade5cf070649c5ed23474022916058d57a4b6de36deee0e1a8826"
1,"Carassius_auratus",1,"record_equal","N_train/(S_train*R_species); total_weight=N_train","total_weight_equals_record_count","XLSX_R0002","binary","M2","record_equal","full","full","6eda91f76b08fe8219692405571033b54e242d13a16b378409068ea5b68596c3"
2,"Carassius_auratus",1,"record_equal","N_train/(S_train*R_species); total_weight=N_train","total_weight_equals_record_count","XLSX_R0003","binary","M2","record_equal","full","full","6eda91f76b08fe8219692405571033b54e242d13a16b378409068ea5b68596c3"
3,"Carassius_auratus",1,"record_equal","N_train/(S_train*R_species); total_weight=N_train","total_weight_equals_record_count","XLSX_R0004","binary","M2","record_equal","full","full","6eda91f76b08fe8219692405571033b54e242d13a16b378409068ea5b68596c3"
4,"Carassius_auratus",1,"record_equal","N_train/(S_train*R_species); total_weight=N_train","total_weight_equals_record_count","XLSX_R0005","binary","M2","record_equal","full","full","6eda91f76b08fe8219692405571033b54e242d13a16b378409068ea5b68596c3"
5,"Carassius_carassius",1,"record_equal","N_train/(S_train*R_species); total_weight=N_train","total_weight_equals_record_count","XLSX_R0006","binary","M2","record_equal","full","full","6eda91f76b08fe8219692405571033b54e242d13a16b378409068ea5b68596c3"
6,"Ctenopharyngodon_idella",1,"record_equal","N_train/(S_train*R_species); total_weight=N_train","total_weight_equals_record_count","XLSX_R0007","binary","M2","record_equal","full","full","6eda91f76b08fe8219692405571033b54e242d13a16b378409068ea5b68596c3"
7,"Cirrhinus_molitorella",1,"record_equal","N_train/(S_train*R_species); total_weight=N_train","total_weight_equals_record_count","XLSX_R0008","binary","M2","record_equal","full","full","6eda91f76b08fe8219692405571033b54e242d13a16b378409068ea5b68596c3"
8,"Danio_rerio",1,"record_equal","N_train/(S_train*R_species); total_weight=N_train","total_weight_equals_record_count","XLSX_R0009","binary","M2","record_equal","full","full","6eda91f76b08fe8219692405571033b54e242d13a16b378409068ea5b68596c3"
9,"Danio_rerio",1,"record_equal","N_train/(S_train*R_species); total_weight=N_train","total_weight_equals_record_count","XLSX_R0010","binary","M2","record_equal","full","full","6eda91f76b08fe8219692405571033b54e242d13a16b378409068ea5b68596c3"
10,"Danio_rerio",1,"record_equal","N_train/(S_train*R_species); total_weight=N_train","total_weight_equals_record_count","XLSX_R0011","binary","M2","record_equal","full","full","6eda91f76b08fe8219692405571033b54e242d13a16b378409068ea5b68596c3"
11,"Pygocentrus_nattereri",1,"record_equal","N_train/(S_train*R_species); total_weight=N_train","total_weight_equals_record_count","XLSX_R0012","binary","M2","record_equal","full","full","6eda91f76b08fe8219692405571033b54e242d13a16b378409068ea5b68596c3"
12,"Thunnus_orientalis",1,"record_equal","N_train/(S_train*R_species); total_weight=N_train","total_weight_equals_record_count","XLSX_R0013","binary","M2","record_equal","full","full","6eda91f76b08fe8219692405571033b54e242d13a16b378409068ea5b68596c3"
13,"Thunnus_orientalis",1,"record_equal","N_train/(S_train*R_species); total_weight=N_train","total_weight_equals_record_count","XLSX_R0014","binary","M2","record_equal","full","full","6eda91f76b08fe8219692405571033b54e242d13a16b378409068ea5b68596c3"
14,"Thunnus_orientalis",1,"record_equal","N_train/(S_train*R_species); total_weight=N_train","total_weight_equals_record_count","XLSX_R0015","binary","M2","record_equal","full","full","6eda91f76b08fe8219692405571033b54e242d13a16b378409068ea5b68596c3"
15,"Pampus_argenteus",1,"record_equal","N_train/(S_train*R_species); total_weight=N_train","total_weight_equals_record_count","XLSX_R0016","binary","M2","record_equal","full","full","6eda91f76b08fe8219692405571033b54e242d13a16b378409068ea5b68596c3"
16,"Pampus_argenteus",1,"record_equal","N_train/(S_train*R_species); total_weight=N_train","total_weight_equals_record_count","XLSX_R0017","binary","M2","record_equal","full","full","6eda91f76b08fe8219692405571033b54e242d13a16b378409068ea5b68596c3"
17,"Pampus_argenteus",1,"record_equal","N_train/(S_train*R_species); total_weight=N_train","total_weight_equals_record_count","XLSX_R0018","binary","M2","record_equal","full","full","6eda91f76b08fe8219692405571033b54e242d13a16b378409068ea5b68596c3"
18,"Pampus_argenteus",1,"record_equal","N_train/(S_train*R_species); total_weight=N_train","total_weight_equals_record_count","XLSX_R0019","binary","M2","record_equal","full","full","6eda91f76b08fe8219692405571033b54e242d13a16b378409068ea5b68596c3"
19,"Pampus_argenteus",1,"record_equal","N_train/(S_train*R_species); total_weight=N_train","total_weight_equals_record_count","XLSX_R0020","binary","M2","record_equal","full","full","6eda91f76b08fe8219692405571033b54e242d13a16b378409068ea5b68596c3"
20,"Pterapogon_kauderni",1,"record_equal","N_train/(S_train*R_species); total_weight=N_train","total_weight_equals_record_count","XLSX_R0021","binary","M2","record_equal","full","full","6eda91f76b08fe8219692405571033b54e242d13a16b378409068ea5b68596c3"
21,"Pterapogon_kauderni",1,"record_equal","N_train/(S_train*R_species); total_weight=N_train","total_weight_equals_record_count","XLSX_R0022","binary","M2","record_equal","full","full","6eda91f76b08fe8219692405571033b54e242d13a16b378409068ea5b68596c3"
22,"Pterapogon_kauderni",1,"record_equal","N_train/(S_train*R_species); total_weight=N_train","total_weight_equals_record_count","XLSX_R0023","binary","M2","record_equal","full","full","6eda91f76b08fe8219692405571033b54e242d13a16b378409068ea5b68596c3"
23,"Oxyeleotris_marmorata",1,"record_equal","N_train/(S_train*R_species); total_weight=N_train","total_weight_equals_record_count","XLSX_R0024","binary","M2","record_equal","full","full","6eda91f76b08fe8219692405571033b54e242d13a16b378409068ea5b68596c3"
24,"Oxyeleotris_marmorata",1,"record_equal","N_train/(S_train*R_species); total_weight=N_train","total_weight_equals_record_count","XLSX_R0025","binary","M2","record_equal","full","full","6eda91f76b08fe8219692405571033b54e242d13a16b378409068ea5b68596c3"
25,"Channa_argus",1,"record_equal","N_train/(S_train*R_species); total_weight=N_train","total_weight_equals_record_count","XLSX_R0027","binary","M2","record_equal","full","full","6eda91f76b08fe8219692405571033b54e242d13a16b378409068ea5b68596c3"
26,"Trichopodus_trichopterus",1,"record_equal","N_train/(S_train*R_species); total_weight=N_train","total_weight_equals_record_count","XLSX_R0028","binary","M2","record_equal","full","full","6eda91f76b08fe8219692405571033b54e242d13a16b378409068ea5b68596c3"
27,"Eleutheronema_tetradactylum",1,"record_equal","N_train/(S_train*R_species); total_weight=N_train","total_weight_equals_record_count","XLSX_R0029","binary","M2","record_equal","full","full","6eda91f76b08fe8219692405571033b54e242d13a16b378409068ea5b68596c3"
28,"Lates_calcarifer",1,"record_equal","N_train/(S_train*R_species); total_weight=N_train","total_weight_equals_record_count","XLSX_R0030","binary","M2","record_equal","full","full","6eda91f76b08fe8219692405571033b54e242d13a16b378409068ea5b68596c3"
29,"Lates_calcarifer",1,"record_equal","N_train/(S_train*R_species); total_weight=N_train","total_weight_equals_record_count","XLSX_R0031","binary","M2","record_equal","full","full","6eda91f76b08fe8219692405571033b54e242d13a16b378409068ea5b68596c3"
30,"Lates_calcarifer",1,"record_equal","N_train/(S_train*R_species); total_weight=N_train","total_weight_equals_record_count","XLSX_R0032","binary","M2","record_equal","full","full","6eda91f76b08fe8219692405571033b54e242d13a16b378409068ea5b68596c3"
31,"Lates_calcarifer",1,"record_equal","N_train/(S_train*R_species); total_weight=N_train","total_weight_equals_record_count","XLSX_R0033","binary","M2","record_equal","full","full","6eda91f76b08fe8219692405571033b54e242d13a16b378409068ea5b68596c3"
32,"Seriola_dumerili",1,"record_equal","N_train/(S_train*R_species); total_weight=N_train","total_weight_equals_record_count","XLSX_R0034","binary","M2","record_equal","full","full","6eda91f76b08fe8219692405571033b54e242d13a16b378409068ea5b68596c3"
33,"Seriola_dumerili",1,"record_equal","N_train/(S_train*R_species); total_weight=N_train","total_weight_equals_record_count","XLSX_R0035","binary","M2","record_equal","full","full","6eda91f76b08fe8219692405571033b54e242d13a16b378409068ea5b68596c3"
34,"Paralichthys_olivaceus",1,"record_equal","N_train/(S_train*R_species); total_weight=N_train","total_weight_equals_record_count","XLSX_R0036","binary","M2","record_equal","full","full","6eda91f76b08fe8219692405571033b54e242d13a16b378409068ea5b68596c3"
35,"Paralichthys_olivaceus",1,"record_equal","N_train/(S_train*R_species); total_weight=N_train","total_weight_equals_record_count","XLSX_R0037","binary","M2","record_equal","full","full","6eda91f76b08fe8219692405571033b54e242d13a16b378409068ea5b68596c3"
36,"Platichthys_stellatus",1,"record_equal","N_train/(S_train*R_species); total_weight=N_train","total_weight_equals_record_count","XLSX_R0038","binary","M2","record_equal","full","full","6eda91f76b08fe8219692405571033b54e242d13a16b378409068ea5b68596c3"
37,"Scophthalmus_maximus",1,"record_equal","N_train/(S_train*R_species); total_weight=N_train","total_weight_equals_record_count","XLSX_R0039","binary","M2","record_equal","full","full","6eda91f76b08fe8219692405571033b54e242d13a16b378409068ea5b68596c3"
38,"Astronotus_ocellatus",1,"record_equal","N_train/(S_train*R_species); total_weight=N_train","total_weight_equals_record_count","XLSX_R0040","binary","M2","record_equal","full","full","6eda91f76b08fe8219692405571033b54e242d13a16b378409068ea5b68596c3"
39,"Astronotus_ocellatus",1,"record_equal","N_train/(S_train*R_species); total_weight=N_train","total_weight_equals_record_count","XLSX_R0041","binary","M2","record_equal","full","full","6eda91f76b08fe8219692405571033b54e242d13a16b378409068ea5b68596c3"
40,"Oreochromis_niloticus",1,"record_equal","N_train/(S_train*R_species); total_weight=N_train","total_weight_equals_record_count","XLSX_R0042","binary","M2","record_equal","full","full","6eda91f76b08fe8219692405571033b54e242d13a16b378409068ea5b68596c3"
41,"Oreochromis_niloticus",1,"record_equal","N_train/(S_train*R_species); total_weight=N_train","total_weight_equals_record_count","XLSX_R0043","binary","M2","record_equal","full","full","6eda91f76b08fe8219692405571033b54e242d13a16b378409068ea5b68596c3"
42,"Oreochromis_niloticus",1,"record_equal","N_train/(S_train*R_species); total_weight=N_train","total_weight_equals_record_count","XLSX_R0044","binary","M2","record_equal","full","full","6eda91f76b08fe8219692405571033b54e242d13a16b378409068ea5b68596c3"
43,"Pterophyllum_scalare",1,"record_equal","N_train/(S_train*R_species); total_weight=N_train","total_weight_equals_record_count","XLSX_R0045","binary","M2","record_equal","full","full","6eda91f76b08fe8219692405571033b54e242d13a16b378409068ea5b68596c3"
44,"Poecilia_latipinna",1,"record_equal","N_train/(S_train*R_species); total_weight=N_train","total_weight_equals_record_count","XLSX_R0046","binary","M2","record_equal","full","full","6eda91f76b08fe8219692405571033b54e242d13a16b378409068ea5b68596c3"
45,"Poecilia_reticulata",1,"record_equal","N_train/(S_train*R_species); total_weight=N_train","total_weight_equals_record_count","XLSX_R0047","binary","M2","record_equal","full","full","6eda91f76b08fe8219692405571033b54e242d13a16b378409068ea5b68596c3"
46,"Poecilia_reticulata",1,"record_equal","N_train/(S_train*R_species); total_weight=N_train","total_weight_equals_record_count","XLSX_R0048","binary","M2","record_equal","full","full","6eda91f76b08fe8219692405571033b54e242d13a16b378409068ea5b68596c3"
47,"Poecilia_reticulata",1,"record_equal","N_train/(S_train*R_species); total_weight=N_train","total_weight_equals_record_count","XLSX_R0049","binary","M2","record_equal","full","full","6eda91f76b08fe8219692405571033b54e242d13a16b378409068ea5b68596c3"
48,"Poropanchax_normani",1,"record_equal","N_train/(S_train*R_species); total_weight=N_train","total_weight_equals_record_count","XLSX_R0050","binary","M2","record_equal","full","full","6eda91f76b08fe8219692405571033b54e242d13a16b378409068ea5b68596c3"
49,"Poropanchax_normani",1,"record_equal","N_train/(S_train*R_species); total_weight=N_train","total_weight_equals_record_count","XLSX_R0051","binary","M2","record_equal","full","full","6eda91f76b08fe8219692405571033b54e242d13a16b378409068ea5b68596c3"
50,"Xiphophorus_hellerii",1,"record_equal","N_train/(S_train*R_species); total_weight=N_train","total_weight_equals_record_count","XLSX_R0052","binary","M2","record_equal","full","full","6eda91f76b08fe8219692405571033b54e242d13a16b378409068ea5b68596c3"
51,"Xiphophorus_hellerii",1,"record_equal","N_train/(S_train*R_species); total_weight=N_train","total_weight_equals_record_count","XLSX_R0053","binary","M2","record_equal","full","full","6eda91f76b08fe8219692405571033b54e242d13a16b378409068ea5b68596c3"
52,"Xiphophorus_hellerii",1,"record_equal","N_train/(S_train*R_species); total_weight=N_train","total_weight_equals_record_count","XLSX_R0054","binary","M2","record_equal","full","full","6eda91f76b08fe8219692405571033b54e242d13a16b378409068ea5b68596c3"
53,"Xiphophorus_hellerii",1,"record_equal","N_train/(S_train*R_species); total_weight=N_train","total_weight_equals_record_count","XLSX_R0055","binary","M2","record_equal","full","full","6eda91f76b08fe8219692405571033b54e242d13a16b378409068ea5b68596c3"
54,"Xiphophorus_maculatus",1,"record_equal","N_train/(S_train*R_species); total_weight=N_train","total_weight_equals_record_count","XLSX_R0056","binary","M2","record_equal","full","full","6eda91f76b08fe8219692405571033b54e242d13a16b378409068ea5b68596c3"
55,"Mugil_cephalus",1,"record_equal","N_train/(S_train*R_species); total_weight=N_train","total_weight_equals_record_count","XLSX_R0057","binary","M2","record_equal","full","full","6eda91f76b08fe8219692405571033b54e242d13a16b378409068ea5b68596c3"
56,"Mugil_cephalus",1,"record_equal","N_train/(S_train*R_species); total_weight=N_train","total_weight_equals_record_count","XLSX_R0058","binary","M2","record_equal","full","full","6eda91f76b08fe8219692405571033b54e242d13a16b378409068ea5b68596c3"
57,"Larimichthys_crocea",1,"record_equal","N_train/(S_train*R_species); total_weight=N_train","total_weight_equals_record_count","XLSX_R0059","binary","M2","record_equal","full","full","6eda91f76b08fe8219692405571033b54e242d13a16b378409068ea5b68596c3"
58,"Larimichthys_crocea",1,"record_equal","N_train/(S_train*R_species); total_weight=N_train","total_weight_equals_record_count","XLSX_R0060","binary","M2","record_equal","full","full","6eda91f76b08fe8219692405571033b54e242d13a16b378409068ea5b68596c3"
59,"Sciaenops_ocellatus",1,"record_equal","N_train/(S_train*R_species); total_weight=N_train","total_weight_equals_record_count","XLSX_R0061","binary","M2","record_equal","full","full","6eda91f76b08fe8219692405571033b54e242d13a16b378409068ea5b68596c3"
60,"Platax_orbicularis",1,"record_equal","N_train/(S_train*R_species); total_weight=N_train","total_weight_equals_record_count","XLSX_R0062","binary","M2","record_equal","full","full","6eda91f76b08fe8219692405571033b54e242d13a16b378409068ea5b68596c3"
61,"Lutjanus_erythropterus",1,"record_equal","N_train/(S_train*R_species); total_weight=N_train","total_weight_equals_record_count","XLSX_R0063","binary","M2","record_equal","full","full","6eda91f76b08fe8219692405571033b54e242d13a16b378409068ea5b68596c3"
62,"Acanthopagrus_schlegelii",1,"record_equal","N_train/(S_train*R_species); total_weight=N_train","total_weight_equals_record_count","XLSX_R0064","binary","M2","record_equal","full","full","6eda91f76b08fe8219692405571033b54e242d13a16b378409068ea5b68596c3"
63,"Acanthopagrus_schlegelii",1,"record_equal","N_train/(S_train*R_species); total_weight=N_train","total_weight_equals_record_count","XLSX_R0065","binary","M2","record_equal","full","full","6eda91f76b08fe8219692405571033b54e242d13a16b378409068ea5b68596c3"
64,"Acanthopagrus_schlegelii",1,"record_equal","N_train/(S_train*R_species); total_weight=N_train","total_weight_equals_record_count","XLSX_R0066","binary","M2","record_equal","full","full","6eda91f76b08fe8219692405571033b54e242d13a16b378409068ea5b68596c3"
65,"Acanthopagrus_schlegelii",1,"record_equal","N_train/(S_train*R_species); total_weight=N_train","total_weight_equals_record_count","XLSX_R0067","binary","M2","record_equal","full","full","6eda91f76b08fe8219692405571033b54e242d13a16b378409068ea5b68596c3"
66,"Lethrinus_nebulosus",1,"record_equal","N_train/(S_train*R_species); total_weight=N_train","total_weight_equals_record_count","XLSX_R0068","binary","M2","record_equal","full","full","6eda91f76b08fe8219692405571033b54e242d13a16b378409068ea5b68596c3"
67,"Lethrinus_nebulosus",1,"record_equal","N_train/(S_train*R_species); total_weight=N_train","total_weight_equals_record_count","XLSX_R0069","binary","M2","record_equal","full","full","6eda91f76b08fe8219692405571033b54e242d13a16b378409068ea5b68596c3"
68,"Pagrus_major",1,"record_equal","N_train/(S_train*R_species); total_weight=N_train","total_weight_equals_record_count","XLSX_R0070","binary","M2","record_equal","full","full","6eda91f76b08fe8219692405571033b54e242d13a16b378409068ea5b68596c3"
69,"Pagrus_major",1,"record_equal","N_train/(S_train*R_species); total_weight=N_train","total_weight_equals_record_count","XLSX_R0071","binary","M2","record_equal","full","full","6eda91f76b08fe8219692405571033b54e242d13a16b378409068ea5b68596c3"
70,"Pagrus_major",1,"record_equal","N_train/(S_train*R_species); total_weight=N_train","total_weight_equals_record_count","XLSX_R0072","binary","M2","record_equal","full","full","6eda91f76b08fe8219692405571033b54e242d13a16b378409068ea5b68596c3"
71,"Pagrus_major",1,"record_equal","N_train/(S_train*R_species); total_weight=N_train","total_weight_equals_record_count","XLSX_R0073","binary","M2","record_equal","full","full","6eda91f76b08fe8219692405571033b54e242d13a16b378409068ea5b68596c3"
72,"Pagrus_major",1,"record_equal","N_train/(S_train*R_species); total_weight=N_train","total_weight_equals_record_count","XLSX_R0074","binary","M2","record_equal","full","full","6eda91f76b08fe8219692405571033b54e242d13a16b378409068ea5b68596c3"
73,"Pagrus_major",1,"record_equal","N_train/(S_train*R_species); total_weight=N_train","total_weight_equals_record_count","XLSX_R0075","binary","M2","record_equal","full","full","6eda91f76b08fe8219692405571033b54e242d13a16b378409068ea5b68596c3"
74,"Pagrus_major",1,"record_equal","N_train/(S_train*R_species); total_weight=N_train","total_weight_equals_record_count","XLSX_R0076","binary","M2","record_equal","full","full","6eda91f76b08fe8219692405571033b54e242d13a16b378409068ea5b68596c3"
75,"Pagrus_major",1,"record_equal","N_train/(S_train*R_species); total_weight=N_train","total_weight_equals_record_count","XLSX_R0077","binary","M2","record_equal","full","full","6eda91f76b08fe8219692405571033b54e242d13a16b378409068ea5b68596c3"
76,"Pagrus_major",1,"record_equal","N_train/(S_train*R_species); total_weight=N_train","total_weight_equals_record_count","XLSX_R0078","binary","M2","record_equal","full","full","6eda91f76b08fe8219692405571033b54e242d13a16b378409068ea5b68596c3"
77,"Rhabdosargus_sarba",1,"record_equal","N_train/(S_train*R_species); total_weight=N_train","total_weight_equals_record_count","XLSX_R0079","binary","M2","record_equal","full","full","6eda91f76b08fe8219692405571033b54e242d13a16b378409068ea5b68596c3"
78,"Lateolabrax_japonicus",1,"record_equal","N_train/(S_train*R_species); total_weight=N_train","total_weight_equals_record_count","XLSX_R0080","binary","M2","record_equal","full","full","6eda91f76b08fe8219692405571033b54e242d13a16b378409068ea5b68596c3"
79,"Lateolabrax_japonicus",1,"record_equal","N_train/(S_train*R_species); total_weight=N_train","total_weight_equals_record_count","XLSX_R0081","binary","M2","record_equal","full","full","6eda91f76b08fe8219692405571033b54e242d13a16b378409068ea5b68596c3"
80,"Lateolabrax_japonicus",1,"record_equal","N_train/(S_train*R_species); total_weight=N_train","total_weight_equals_record_count","XLSX_R0082","binary","M2","record_equal","full","full","6eda91f76b08fe8219692405571033b54e242d13a16b378409068ea5b68596c3"
81,"Lateolabrax_japonicus",1,"record_equal","N_train/(S_train*R_species); total_weight=N_train","total_weight_equals_record_count","XLSX_R0083","binary","M2","record_equal","full","full","6eda91f76b08fe8219692405571033b54e242d13a16b378409068ea5b68596c3"
82,"Lateolabrax_maculatus",1,"record_equal","N_train/(S_train*R_species); total_weight=N_train","total_weight_equals_record_count","XLSX_R0084","binary","M2","record_equal","full","full","6eda91f76b08fe8219692405571033b54e242d13a16b378409068ea5b68596c3"
83,"Maccullochella_peelii",1,"record_equal","N_train/(S_train*R_species); total_weight=N_train","total_weight_equals_record_count","XLSX_R0085","binary","M2","record_equal","full","full","6eda91f76b08fe8219692405571033b54e242d13a16b378409068ea5b68596c3"
84,"Maccullochella_peelii",1,"record_equal","N_train/(S_train*R_species); total_weight=N_train","total_weight_equals_record_count","XLSX_R0086","binary","M2","record_equal","full","full","6eda91f76b08fe8219692405571033b54e242d13a16b378409068ea5b68596c3"
85,"Maccullochella_peelii",1,"record_equal","N_train/(S_train*R_species); total_weight=N_train","total_weight_equals_record_count","XLSX_R0087","binary","M2","record_equal","full","full","6eda91f76b08fe8219692405571033b54e242d13a16b378409068ea5b68596c3"
86,"Maccullochella_peelii",1,"record_equal","N_train/(S_train*R_species); total_weight=N_train","total_weight_equals_record_count","XLSX_R0088","binary","M2","record_equal","full","full","6eda91f76b08fe8219692405571033b54e242d13a16b378409068ea5b68596c3"
87,"Maccullochella_peelii",1,"record_equal","N_train/(S_train*R_species); total_weight=N_train","total_weight_equals_record_count","XLSX_R0089","binary","M2","record_equal","full","full","6eda91f76b08fe8219692405571033b54e242d13a16b378409068ea5b68596c3"
88,"Maccullochella_peelii",1,"record_equal","N_train/(S_train*R_species); total_weight=N_train","total_weight_equals_record_count","XLSX_R0090","binary","M2","record_equal","full","full","6eda91f76b08fe8219692405571033b54e242d13a16b378409068ea5b68596c3"
89,"Maccullochella_peelii",1,"record_equal","N_train/(S_train*R_species); total_weight=N_train","total_weight_equals_record_count","XLSX_R0091","binary","M2","record_equal","full","full","6eda91f76b08fe8219692405571033b54e242d13a16b378409068ea5b68596c3"
90,"Maccullochella_peelii",1,"record_equal","N_train/(S_train*R_species); total_weight=N_train","total_weight_equals_record_count","XLSX_R0092","binary","M2","record_equal","full","full","6eda91f76b08fe8219692405571033b54e242d13a16b378409068ea5b68596c3"
91,"Micropterus_salmoides",1,"record_equal","N_train/(S_train*R_species); total_weight=N_train","total_weight_equals_record_count","XLSX_R0093","binary","M2","record_equal","full","full","6eda91f76b08fe8219692405571033b54e242d13a16b378409068ea5b68596c3"
92,"Micropterus_salmoides",1,"record_equal","N_train/(S_train*R_species); total_weight=N_train","total_weight_equals_record_count","XLSX_R0094","binary","M2","record_equal","full","full","6eda91f76b08fe8219692405571033b54e242d13a16b378409068ea5b68596c3"
93,"Micropterus_salmoides",1,"record_equal","N_train/(S_train*R_species); total_weight=N_train","total_weight_equals_record_count","XLSX_R0095","binary","M2","record_equal","full","full","6eda91f76b08fe8219692405571033b54e242d13a16b378409068ea5b68596c3"
94,"Oplegnathus_fasciatus",1,"record_equal","N_train/(S_train*R_species); total_weight=N_train","total_weight_equals_record_count","XLSX_R0096","binary","M2","record_equal","full","full","6eda91f76b08fe8219692405571033b54e242d13a16b378409068ea5b68596c3"
95,"Oplegnathus_fasciatus",1,"record_equal","N_train/(S_train*R_species); total_weight=N_train","total_weight_equals_record_count","XLSX_R0097","binary","M2","record_equal","full","full","6eda91f76b08fe8219692405571033b54e242d13a16b378409068ea5b68596c3"
96,"Oplegnathus_fasciatus",1,"record_equal","N_train/(S_train*R_species); total_weight=N_train","total_weight_equals_record_count","XLSX_R0098","binary","M2","record_equal","full","full","6eda91f76b08fe8219692405571033b54e242d13a16b378409068ea5b68596c3"
97,"Oplegnathus_fasciatus",1,"record_equal","N_train/(S_train*R_species); total_weight=N_train","total_weight_equals_record_count","XLSX_R0099","binary","M2","record_equal","full","full","6eda91f76b08fe8219692405571033b54e242d13a16b378409068ea5b68596c3"
98,"Oplegnathus_fasciatus",1,"record_equal","N_train/(S_train*R_species); total_weight=N_train","total_weight_equals_record_count","XLSX_R0100","binary","M2","record_equal","full","full","6eda91f76b08fe8219692405571033b54e242d13a16b378409068ea5b68596c3"
99,"Oplegnathus_fasciatus",1,"record_equal","N_train/(S_train*R_species); total_weight=N_train","total_weight_equals_record_count","XLSX_R0101","binary","M2","record_equal","full","full","6eda91f76b08fe8219692405571033b54e242d13a16b378409068ea5b68596c3"
100,"Oplegnathus_fasciatus",1,"record_equal","N_train/(S_train*R_species); total_weight=N_train","total_weight_equals_record_count","XLSX_R0102","binary","M2","record_equal","full","full","6eda91f76b08fe8219692405571033b54e242d13a16b378409068ea5b68596c3"
101,"Oplegnathus_fasciatus",1,"record_equal","N_train/(S_train*R_species); total_weight=N_train","total_weight_equals_record_count","XLSX_R0103","binary","M2","record_equal","full","full","6eda91f76b08fe8219692405571033b54e242d13a16b378409068ea5b68596c3"
102,"Oplegnathus_fasciatus",1,"record_equal","N_train/(S_train*R_species); total_weight=N_train","total_weight_equals_record_count","XLSX_R0104","binary","M2","record_equal","full","full","6eda91f76b08fe8219692405571033b54e242d13a16b378409068ea5b68596c3"
103,"Oplegnathus_fasciatus",1,"record_equal","N_train/(S_train*R_species); total_weight=N_train","total_weight_equals_record_count","XLSX_R0105","binary","M2","record_equal","full","full","6eda91f76b08fe8219692405571033b54e242d13a16b378409068ea5b68596c3"
104,"Oplegnathus_fasciatus",1,"record_equal","N_train/(S_train*R_species); total_weight=N_train","total_weight_equals_record_count","XLSX_R0106","binary","M2","record_equal","full","full","6eda91f76b08fe8219692405571033b54e242d13a16b378409068ea5b68596c3"
105,"Oplegnathus_fasciatus",1,"record_equal","N_train/(S_train*R_species); total_weight=N_train","total_weight_equals_record_count","XLSX_R0107","binary","M2","record_equal","full","full","6eda91f76b08fe8219692405571033b54e242d13a16b378409068ea5b68596c3"
106,"Oplegnathus_fasciatus",1,"record_equal","N_train/(S_train*R_species); total_weight=N_train","total_weight_equals_record_count","XLSX_R0108","binary","M2","record_equal","full","full","6eda91f76b08fe8219692405571033b54e242d13a16b378409068ea5b68596c3"
107,"Oplegnathus_fasciatus",1,"record_equal","N_train/(S_train*R_species); total_weight=N_train","total_weight_equals_record_count","XLSX_R0109","binary","M2","record_equal","full","full","6eda91f76b08fe8219692405571033b54e242d13a16b378409068ea5b68596c3"
108,"Oplegnathus_fasciatus",1,"record_equal","N_train/(S_train*R_species); total_weight=N_train","total_weight_equals_record_count","XLSX_R0110","binary","M2","record_equal","full","full","6eda91f76b08fe8219692405571033b54e242d13a16b378409068ea5b68596c3"
109,"Oplegnathus_fasciatus",1,"record_equal","N_train/(S_train*R_species); total_weight=N_train","total_weight_equals_record_count","XLSX_R0111","binary","M2","record_equal","full","full","6eda91f76b08fe8219692405571033b54e242d13a16b378409068ea5b68596c3"
110,"Oplegnathus_fasciatus",1,"record_equal","N_train/(S_train*R_species); total_weight=N_train","total_weight_equals_record_count","XLSX_R0112","binary","M2","record_equal","full","full","6eda91f76b08fe8219692405571033b54e242d13a16b378409068ea5b68596c3"
111,"Oplegnathus_fasciatus",1,"record_equal","N_train/(S_train*R_species); total_weight=N_train","total_weight_equals_record_count","XLSX_R0113","binary","M2","record_equal","full","full","6eda91f76b08fe8219692405571033b54e242d13a16b378409068ea5b68596c3"
112,"Oplegnathus_fasciatus",1,"record_equal","N_train/(S_train*R_species); total_weight=N_train","total_weight_equals_record_count","XLSX_R0114","binary","M2","record_equal","full","full","6eda91f76b08fe8219692405571033b54e242d13a16b378409068ea5b68596c3"
113,"Oplegnathus_fasciatus",1,"record_equal","N_train/(S_train*R_species); total_weight=N_train","total_weight_equals_record_count","XLSX_R0115","binary","M2","record_equal","full","full","6eda91f76b08fe8219692405571033b54e242d13a16b378409068ea5b68596c3"
114,"Oplegnathus_fasciatus",1,"record_equal","N_train/(S_train*R_species); total_weight=N_train","total_weight_equals_record_count","XLSX_R0116","binary","M2","record_equal","full","full","6eda91f76b08fe8219692405571033b54e242d13a16b378409068ea5b68596c3"
115,"Oplegnathus_fasciatus",1,"record_equal","N_train/(S_train*R_species); total_weight=N_train","total_weight_equals_record_count","XLSX_R0117","binary","M2","record_equal","full","full","6eda91f76b08fe8219692405571033b54e242d13a16b378409068ea5b68596c3"
116,"Oplegnathus_fasciatus",1,"record_equal","N_train/(S_train*R_species); total_weight=N_train","total_weight_equals_record_count","XLSX_R0118","binary","M2","record_equal","full","full","6eda91f76b08fe8219692405571033b54e242d13a16b378409068ea5b68596c3"
117,"Oplegnathus_punctatus",1,"record_equal","N_train/(S_train*R_species); total_weight=N_train","total_weight_equals_record_count","XLSX_R0119","binary","M2","record_equal","full","full","6eda91f76b08fe8219692405571033b54e242d13a16b378409068ea5b68596c3"
118,"Siniperca_chuatsi",1,"record_equal","N_train/(S_train*R_species); total_weight=N_train","total_weight_equals_record_count","XLSX_R0120","binary","M2","record_equal","full","full","6eda91f76b08fe8219692405571033b54e242d13a16b378409068ea5b68596c3"
119,"Siniperca_chuatsi",1,"record_equal","N_train/(S_train*R_species); total_weight=N_train","total_weight_equals_record_count","XLSX_R0121","binary","M2","record_equal","full","full","6eda91f76b08fe8219692405571033b54e242d13a16b378409068ea5b68596c3"
120,"Siniperca_chuatsi",1,"record_equal","N_train/(S_train*R_species); total_weight=N_train","total_weight_equals_record_count","XLSX_R0122","binary","M2","record_equal","full","full","6eda91f76b08fe8219692405571033b54e242d13a16b378409068ea5b68596c3"
121,"Siniperca_chuatsi",1,"record_equal","N_train/(S_train*R_species); total_weight=N_train","total_weight_equals_record_count","XLSX_R0123","binary","M2","record_equal","full","full","6eda91f76b08fe8219692405571033b54e242d13a16b378409068ea5b68596c3"
122,"Siniperca_chuatsi",1,"record_equal","N_train/(S_train*R_species); total_weight=N_train","total_weight_equals_record_count","XLSX_R0124","binary","M2","record_equal","full","full","6eda91f76b08fe8219692405571033b54e242d13a16b378409068ea5b68596c3"
123,"Siniperca_chuatsi",1,"record_equal","N_train/(S_train*R_species); total_weight=N_train","total_weight_equals_record_count","XLSX_R0125","binary","M2","record_equal","full","full","6eda91f76b08fe8219692405571033b54e242d13a16b378409068ea5b68596c3"
124,"Siniperca_chuatsi",1,"record_equal","N_train/(S_train*R_species); total_weight=N_train","total_weight_equals_record_count","XLSX_R0126","binary","M2","record_equal","full","full","6eda91f76b08fe8219692405571033b54e242d13a16b378409068ea5b68596c3"
125,"Siniperca_chuatsi",1,"record_equal","N_train/(S_train*R_species); total_weight=N_train","total_weight_equals_record_count","XLSX_R0127","binary","M2","record_equal","full","full","6eda91f76b08fe8219692405571033b54e242d13a16b378409068ea5b68596c3"
126,"Siniperca_chuatsi",1,"record_equal","N_train/(S_train*R_species); total_weight=N_train","total_weight_equals_record_count","XLSX_R0128","binary","M2","record_equal","full","full","6eda91f76b08fe8219692405571033b54e242d13a16b378409068ea5b68596c3"
127,"Siniperca_chuatsi",1,"record_equal","N_train/(S_train*R_species); total_weight=N_train","total_weight_equals_record_count","XLSX_R0129","binary","M2","record_equal","full","full","6eda91f76b08fe8219692405571033b54e242d13a16b378409068ea5b68596c3"
128,"Siniperca_chuatsi",1,"record_equal","N_train/(S_train*R_species); total_weight=N_train","total_weight_equals_record_count","XLSX_R0130","binary","M2","record_equal","full","full","6eda91f76b08fe8219692405571033b54e242d13a16b378409068ea5b68596c3"
129,"Siniperca_scherzeri",1,"record_equal","N_train/(S_train*R_species); total_weight=N_train","total_weight_equals_record_count","XLSX_R0131","binary","M2","record_equal","full","full","6eda91f76b08fe8219692405571033b54e242d13a16b378409068ea5b68596c3"
130,"Siniperca_scherzeri",1,"record_equal","N_train/(S_train*R_species); total_weight=N_train","total_weight_equals_record_count","XLSX_R0132","binary","M2","record_equal","full","full","6eda91f76b08fe8219692405571033b54e242d13a16b378409068ea5b68596c3"
131,"Siniperca_scherzeri",1,"record_equal","N_train/(S_train*R_species); total_weight=N_train","total_weight_equals_record_count","XLSX_R0133","binary","M2","record_equal","full","full","6eda91f76b08fe8219692405571033b54e242d13a16b378409068ea5b68596c3"
132,"Siniperca_scherzeri",1,"record_equal","N_train/(S_train*R_species); total_weight=N_train","total_weight_equals_record_count","XLSX_R0134","binary","M2","record_equal","full","full","6eda91f76b08fe8219692405571033b54e242d13a16b378409068ea5b68596c3"
133,"Cromileptes_altivelis",1,"record_equal","N_train/(S_train*R_species); total_weight=N_train","total_weight_equals_record_count","XLSX_R0135","binary","M2","record_equal","full","full","6eda91f76b08fe8219692405571033b54e242d13a16b378409068ea5b68596c3"
134,"Cromileptes_altivelis",1,"record_equal","N_train/(S_train*R_species); total_weight=N_train","total_weight_equals_record_count","XLSX_R0136","binary","M2","record_equal","full","full","6eda91f76b08fe8219692405571033b54e242d13a16b378409068ea5b68596c3"
135,"Cromileptes_altivelis",1,"record_equal","N_train/(S_train*R_species); total_weight=N_train","total_weight_equals_record_count","XLSX_R0137","binary","M2","record_equal","full","full","6eda91f76b08fe8219692405571033b54e242d13a16b378409068ea5b68596c3"
136,"Cromileptes_altivelis",1,"record_equal","N_train/(S_train*R_species); total_weight=N_train","total_weight_equals_record_count","XLSX_R0138","binary","M2","record_equal","full","full","6eda91f76b08fe8219692405571033b54e242d13a16b378409068ea5b68596c3"
137,"Cromileptes_altivelis",1,"record_equal","N_train/(S_train*R_species); total_weight=N_train","total_weight_equals_record_count","XLSX_R0139","binary","M2","record_equal","full","full","6eda91f76b08fe8219692405571033b54e242d13a16b378409068ea5b68596c3"
138,"Cromileptes_altivelis",1,"record_equal","N_train/(S_train*R_species); total_weight=N_train","total_weight_equals_record_count","XLSX_R0140","binary","M2","record_equal","full","full","6eda91f76b08fe8219692405571033b54e242d13a16b378409068ea5b68596c3"
139,"Epinephelus_bruneus",1,"record_equal","N_train/(S_train*R_species); total_weight=N_train","total_weight_equals_record_count","XLSX_R0141","binary","M2","record_equal","full","full","6eda91f76b08fe8219692405571033b54e242d13a16b378409068ea5b68596c3"
140,"Epinephelus_bruneus",1,"record_equal","N_train/(S_train*R_species); total_weight=N_train","total_weight_equals_record_count","XLSX_R0142","binary","M2","record_equal","full","full","6eda91f76b08fe8219692405571033b54e242d13a16b378409068ea5b68596c3"
141,"Epinephelus_bruneus",1,"record_equal","N_train/(S_train*R_species); total_weight=N_train","total_weight_equals_record_count","XLSX_R0143","binary","M2","record_equal","full","full","6eda91f76b08fe8219692405571033b54e242d13a16b378409068ea5b68596c3"
142,"Epinephelus_coioides",1,"record_equal","N_train/(S_train*R_species); total_weight=N_train","total_weight_equals_record_count","XLSX_R0144","binary","M2","record_equal","full","full","6eda91f76b08fe8219692405571033b54e242d13a16b378409068ea5b68596c3"
143,"Epinephelus_coioides",1,"record_equal","N_train/(S_train*R_species); total_weight=N_train","total_weight_equals_record_count","XLSX_R0145","binary","M2","record_equal","full","full","6eda91f76b08fe8219692405571033b54e242d13a16b378409068ea5b68596c3"
144,"Epinephelus_fuscoguttatus",1,"record_equal","N_train/(S_train*R_species); total_weight=N_train","total_weight_equals_record_count","XLSX_R0146","binary","M2","record_equal","full","full","6eda91f76b08fe8219692405571033b54e242d13a16b378409068ea5b68596c3"
145,"Epinephelus_fuscoguttatus",1,"record_equal","N_train/(S_train*R_species); total_weight=N_train","total_weight_equals_record_count","XLSX_R0147","binary","M2","record_equal","full","full","6eda91f76b08fe8219692405571033b54e242d13a16b378409068ea5b68596c3"
146,"Epinephelus_lanceolatus",1,"record_equal","N_train/(S_train*R_species); total_weight=N_train","total_weight_equals_record_count","XLSX_R0148","binary","M2","record_equal","full","full","6eda91f76b08fe8219692405571033b54e242d13a16b378409068ea5b68596c3"
147,"Epinephelus_lanceolatus",1,"record_equal","N_train/(S_train*R_species); total_weight=N_train","total_weight_equals_record_count","XLSX_R0149","binary","M2","record_equal","full","full","6eda91f76b08fe8219692405571033b54e242d13a16b378409068ea5b68596c3"
148,"Epinephelus_malabaricus",1,"record_equal","N_train/(S_train*R_species); total_weight=N_train","total_weight_equals_record_count","XLSX_R0150","binary","M2","record_equal","full","full","6eda91f76b08fe8219692405571033b54e242d13a16b378409068ea5b68596c3"
149,"Epinephelus_malabaricus",1,"record_equal","N_train/(S_train*R_species); total_weight=N_train","total_weight_equals_record_count","XLSX_R0151","binary","M2","record_equal","full","full","6eda91f76b08fe8219692405571033b54e242d13a16b378409068ea5b68596c3"
150,"Epinephelus_malabaricus",1,"record_equal","N_train/(S_train*R_species); total_weight=N_train","total_weight_equals_record_count","XLSX_R0152","binary","M2","record_equal","full","full","6eda91f76b08fe8219692405571033b54e242d13a16b378409068ea5b68596c3"
151,"Plectropomus_leopardus",1,"record_equal","N_train/(S_train*R_species); total_weight=N_train","total_weight_equals_record_count","XLSX_R0153","binary","M2","record_equal","full","full","6eda91f76b08fe8219692405571033b54e242d13a16b378409068ea5b68596c3"
152,"Plectropomus_leopardus",1,"record_equal","N_train/(S_train*R_species); total_weight=N_train","total_weight_equals_record_count","XLSX_R0154","binary","M2","record_equal","full","full","6eda91f76b08fe8219692405571033b54e242d13a16b378409068ea5b68596c3"
1,"Carassius_auratus",0.76,"species_equal","N_train/(S_train*R_species); total_weight=N_train","total_weight_equals_record_count","XLSX_R0002","binary","M2","species_equal","full","full","1c562073ebc655e9d38e4f17ed5048582dd7e54f88b69cb6e13300af104ac622"
2,"Carassius_auratus",0.76,"species_equal","N_train/(S_train*R_species); total_weight=N_train","total_weight_equals_record_count","XLSX_R0003","binary","M2","species_equal","full","full","1c562073ebc655e9d38e4f17ed5048582dd7e54f88b69cb6e13300af104ac622"
3,"Carassius_auratus",0.76,"species_equal","N_train/(S_train*R_species); total_weight=N_train","total_weight_equals_record_count","XLSX_R0004","binary","M2","species_equal","full","full","1c562073ebc655e9d38e4f17ed5048582dd7e54f88b69cb6e13300af104ac622"
4,"Carassius_auratus",0.76,"species_equal","N_train/(S_train*R_species); total_weight=N_train","total_weight_equals_record_count","XLSX_R0005","binary","M2","species_equal","full","full","1c562073ebc655e9d38e4f17ed5048582dd7e54f88b69cb6e13300af104ac622"
5,"Carassius_carassius",3.04,"species_equal","N_train/(S_train*R_species); total_weight=N_train","total_weight_equals_record_count","XLSX_R0006","binary","M2","species_equal","full","full","1c562073ebc655e9d38e4f17ed5048582dd7e54f88b69cb6e13300af104ac622"
6,"Ctenopharyngodon_idella",3.04,"species_equal","N_train/(S_train*R_species); total_weight=N_train","total_weight_equals_record_count","XLSX_R0007","binary","M2","species_equal","full","full","1c562073ebc655e9d38e4f17ed5048582dd7e54f88b69cb6e13300af104ac622"
7,"Cirrhinus_molitorella",3.04,"species_equal","N_train/(S_train*R_species); total_weight=N_train","total_weight_equals_record_count","XLSX_R0008","binary","M2","species_equal","full","full","1c562073ebc655e9d38e4f17ed5048582dd7e54f88b69cb6e13300af104ac622"
8,"Danio_rerio",1.01333333333333,"species_equal","N_train/(S_train*R_species); total_weight=N_train","total_weight_equals_record_count","XLSX_R0009","binary","M2","species_equal","full","full","1c562073ebc655e9d38e4f17ed5048582dd7e54f88b69cb6e13300af104ac622"
9,"Danio_rerio",1.01333333333333,"species_equal","N_train/(S_train*R_species); total_weight=N_train","total_weight_equals_record_count","XLSX_R0010","binary","M2","species_equal","full","full","1c562073ebc655e9d38e4f17ed5048582dd7e54f88b69cb6e13300af104ac622"
10,"Danio_rerio",1.01333333333333,"species_equal","N_train/(S_train*R_species); total_weight=N_train","total_weight_equals_record_count","XLSX_R0011","binary","M2","species_equal","full","full","1c562073ebc655e9d38e4f17ed5048582dd7e54f88b69cb6e13300af104ac622"
11,"Pygocentrus_nattereri",3.04,"species_equal","N_train/(S_train*R_species); total_weight=N_train","total_weight_equals_record_count","XLSX_R0012","binary","M2","species_equal","full","full","1c562073ebc655e9d38e4f17ed5048582dd7e54f88b69cb6e13300af104ac622"
12,"Thunnus_orientalis",1.01333333333333,"species_equal","N_train/(S_train*R_species); total_weight=N_train","total_weight_equals_record_count","XLSX_R0013","binary","M2","species_equal","full","full","1c562073ebc655e9d38e4f17ed5048582dd7e54f88b69cb6e13300af104ac622"
13,"Thunnus_orientalis",1.01333333333333,"species_equal","N_train/(S_train*R_species); total_weight=N_train","total_weight_equals_record_count","XLSX_R0014","binary","M2","species_equal","full","full","1c562073ebc655e9d38e4f17ed5048582dd7e54f88b69cb6e13300af104ac622"
14,"Thunnus_orientalis",1.01333333333333,"species_equal","N_train/(S_train*R_species); total_weight=N_train","total_weight_equals_record_count","XLSX_R0015","binary","M2","species_equal","full","full","1c562073ebc655e9d38e4f17ed5048582dd7e54f88b69cb6e13300af104ac622"
15,"Pampus_argenteus",0.608,"species_equal","N_train/(S_train*R_species); total_weight=N_train","total_weight_equals_record_count","XLSX_R0016","binary","M2","species_equal","full","full","1c562073ebc655e9d38e4f17ed5048582dd7e54f88b69cb6e13300af104ac622"
16,"Pampus_argenteus",0.608,"species_equal","N_train/(S_train*R_species); total_weight=N_train","total_weight_equals_record_count","XLSX_R0017","binary","M2","species_equal","full","full","1c562073ebc655e9d38e4f17ed5048582dd7e54f88b69cb6e13300af104ac622"
17,"Pampus_argenteus",0.608,"species_equal","N_train/(S_train*R_species); total_weight=N_train","total_weight_equals_record_count","XLSX_R0018","binary","M2","species_equal","full","full","1c562073ebc655e9d38e4f17ed5048582dd7e54f88b69cb6e13300af104ac622"
18,"Pampus_argenteus",0.608,"species_equal","N_train/(S_train*R_species); total_weight=N_train","total_weight_equals_record_count","XLSX_R0019","binary","M2","species_equal","full","full","1c562073ebc655e9d38e4f17ed5048582dd7e54f88b69cb6e13300af104ac622"
19,"Pampus_argenteus",0.608,"species_equal","N_train/(S_train*R_species); total_weight=N_train","total_weight_equals_record_count","XLSX_R0020","binary","M2","species_equal","full","full","1c562073ebc655e9d38e4f17ed5048582dd7e54f88b69cb6e13300af104ac622"
20,"Pterapogon_kauderni",1.01333333333333,"species_equal","N_train/(S_train*R_species); total_weight=N_train","total_weight_equals_record_count","XLSX_R0021","binary","M2","species_equal","full","full","1c562073ebc655e9d38e4f17ed5048582dd7e54f88b69cb6e13300af104ac622"
21,"Pterapogon_kauderni",1.01333333333333,"species_equal","N_train/(S_train*R_species); total_weight=N_train","total_weight_equals_record_count","XLSX_R0022","binary","M2","species_equal","full","full","1c562073ebc655e9d38e4f17ed5048582dd7e54f88b69cb6e13300af104ac622"
22,"Pterapogon_kauderni",1.01333333333333,"species_equal","N_train/(S_train*R_species); total_weight=N_train","total_weight_equals_record_count","XLSX_R0023","binary","M2","species_equal","full","full","1c562073ebc655e9d38e4f17ed5048582dd7e54f88b69cb6e13300af104ac622"
23,"Oxyeleotris_marmorata",1.52,"species_equal","N_train/(S_train*R_species); total_weight=N_train","total_weight_equals_record_count","XLSX_R0024","binary","M2","species_equal","full","full","1c562073ebc655e9d38e4f17ed5048582dd7e54f88b69cb6e13300af104ac622"
24,"Oxyeleotris_marmorata",1.52,"species_equal","N_train/(S_train*R_species); total_weight=N_train","total_weight_equals_record_count","XLSX_R0025","binary","M2","species_equal","full","full","1c562073ebc655e9d38e4f17ed5048582dd7e54f88b69cb6e13300af104ac622"
25,"Channa_argus",3.04,"species_equal","N_train/(S_train*R_species); total_weight=N_train","total_weight_equals_record_count","XLSX_R0027","binary","M2","species_equal","full","full","1c562073ebc655e9d38e4f17ed5048582dd7e54f88b69cb6e13300af104ac622"
26,"Trichopodus_trichopterus",3.04,"species_equal","N_train/(S_train*R_species); total_weight=N_train","total_weight_equals_record_count","XLSX_R0028","binary","M2","species_equal","full","full","1c562073ebc655e9d38e4f17ed5048582dd7e54f88b69cb6e13300af104ac622"
27,"Eleutheronema_tetradactylum",3.04,"species_equal","N_train/(S_train*R_species); total_weight=N_train","total_weight_equals_record_count","XLSX_R0029","binary","M2","species_equal","full","full","1c562073ebc655e9d38e4f17ed5048582dd7e54f88b69cb6e13300af104ac622"
28,"Lates_calcarifer",0.76,"species_equal","N_train/(S_train*R_species); total_weight=N_train","total_weight_equals_record_count","XLSX_R0030","binary","M2","species_equal","full","full","1c562073ebc655e9d38e4f17ed5048582dd7e54f88b69cb6e13300af104ac622"
29,"Lates_calcarifer",0.76,"species_equal","N_train/(S_train*R_species); total_weight=N_train","total_weight_equals_record_count","XLSX_R0031","binary","M2","species_equal","full","full","1c562073ebc655e9d38e4f17ed5048582dd7e54f88b69cb6e13300af104ac622"
30,"Lates_calcarifer",0.76,"species_equal","N_train/(S_train*R_species); total_weight=N_train","total_weight_equals_record_count","XLSX_R0032","binary","M2","species_equal","full","full","1c562073ebc655e9d38e4f17ed5048582dd7e54f88b69cb6e13300af104ac622"
31,"Lates_calcarifer",0.76,"species_equal","N_train/(S_train*R_species); total_weight=N_train","total_weight_equals_record_count","XLSX_R0033","binary","M2","species_equal","full","full","1c562073ebc655e9d38e4f17ed5048582dd7e54f88b69cb6e13300af104ac622"
32,"Seriola_dumerili",1.52,"species_equal","N_train/(S_train*R_species); total_weight=N_train","total_weight_equals_record_count","XLSX_R0034","binary","M2","species_equal","full","full","1c562073ebc655e9d38e4f17ed5048582dd7e54f88b69cb6e13300af104ac622"
33,"Seriola_dumerili",1.52,"species_equal","N_train/(S_train*R_species); total_weight=N_train","total_weight_equals_record_count","XLSX_R0035","binary","M2","species_equal","full","full","1c562073ebc655e9d38e4f17ed5048582dd7e54f88b69cb6e13300af104ac622"
34,"Paralichthys_olivaceus",1.52,"species_equal","N_train/(S_train*R_species); total_weight=N_train","total_weight_equals_record_count","XLSX_R0036","binary","M2","species_equal","full","full","1c562073ebc655e9d38e4f17ed5048582dd7e54f88b69cb6e13300af104ac622"
35,"Paralichthys_olivaceus",1.52,"species_equal","N_train/(S_train*R_species); total_weight=N_train","total_weight_equals_record_count","XLSX_R0037","binary","M2","species_equal","full","full","1c562073ebc655e9d38e4f17ed5048582dd7e54f88b69cb6e13300af104ac622"
36,"Platichthys_stellatus",3.04,"species_equal","N_train/(S_train*R_species); total_weight=N_train","total_weight_equals_record_count","XLSX_R0038","binary","M2","species_equal","full","full","1c562073ebc655e9d38e4f17ed5048582dd7e54f88b69cb6e13300af104ac622"
37,"Scophthalmus_maximus",3.04,"species_equal","N_train/(S_train*R_species); total_weight=N_train","total_weight_equals_record_count","XLSX_R0039","binary","M2","species_equal","full","full","1c562073ebc655e9d38e4f17ed5048582dd7e54f88b69cb6e13300af104ac622"
38,"Astronotus_ocellatus",1.52,"species_equal","N_train/(S_train*R_species); total_weight=N_train","total_weight_equals_record_count","XLSX_R0040","binary","M2","species_equal","full","full","1c562073ebc655e9d38e4f17ed5048582dd7e54f88b69cb6e13300af104ac622"
39,"Astronotus_ocellatus",1.52,"species_equal","N_train/(S_train*R_species); total_weight=N_train","total_weight_equals_record_count","XLSX_R0041","binary","M2","species_equal","full","full","1c562073ebc655e9d38e4f17ed5048582dd7e54f88b69cb6e13300af104ac622"
40,"Oreochromis_niloticus",1.01333333333333,"species_equal","N_train/(S_train*R_species); total_weight=N_train","total_weight_equals_record_count","XLSX_R0042","binary","M2","species_equal","full","full","1c562073ebc655e9d38e4f17ed5048582dd7e54f88b69cb6e13300af104ac622"
41,"Oreochromis_niloticus",1.01333333333333,"species_equal","N_train/(S_train*R_species); total_weight=N_train","total_weight_equals_record_count","XLSX_R0043","binary","M2","species_equal","full","full","1c562073ebc655e9d38e4f17ed5048582dd7e54f88b69cb6e13300af104ac622"
42,"Oreochromis_niloticus",1.01333333333333,"species_equal","N_train/(S_train*R_species); total_weight=N_train","total_weight_equals_record_count","XLSX_R0044","binary","M2","species_equal","full","full","1c562073ebc655e9d38e4f17ed5048582dd7e54f88b69cb6e13300af104ac622"
43,"Pterophyllum_scalare",3.04,"species_equal","N_train/(S_train*R_species); total_weight=N_train","total_weight_equals_record_count","XLSX_R0045","binary","M2","species_equal","full","full","1c562073ebc655e9d38e4f17ed5048582dd7e54f88b69cb6e13300af104ac622"
44,"Poecilia_latipinna",3.04,"species_equal","N_train/(S_train*R_species); total_weight=N_train","total_weight_equals_record_count","XLSX_R0046","binary","M2","species_equal","full","full","1c562073ebc655e9d38e4f17ed5048582dd7e54f88b69cb6e13300af104ac622"
45,"Poecilia_reticulata",1.01333333333333,"species_equal","N_train/(S_train*R_species); total_weight=N_train","total_weight_equals_record_count","XLSX_R0047","binary","M2","species_equal","full","full","1c562073ebc655e9d38e4f17ed5048582dd7e54f88b69cb6e13300af104ac622"
46,"Poecilia_reticulata",1.01333333333333,"species_equal","N_train/(S_train*R_species); total_weight=N_train","total_weight_equals_record_count","XLSX_R0048","binary","M2","species_equal","full","full","1c562073ebc655e9d38e4f17ed5048582dd7e54f88b69cb6e13300af104ac622"
47,"Poecilia_reticulata",1.01333333333333,"species_equal","N_train/(S_train*R_species); total_weight=N_train","total_weight_equals_record_count","XLSX_R0049","binary","M2","species_equal","full","full","1c562073ebc655e9d38e4f17ed5048582dd7e54f88b69cb6e13300af104ac622"
48,"Poropanchax_normani",1.52,"species_equal","N_train/(S_train*R_species); total_weight=N_train","total_weight_equals_record_count","XLSX_R0050","binary","M2","species_equal","full","full","1c562073ebc655e9d38e4f17ed5048582dd7e54f88b69cb6e13300af104ac622"
49,"Poropanchax_normani",1.52,"species_equal","N_train/(S_train*R_species); total_weight=N_train","total_weight_equals_record_count","XLSX_R0051","binary","M2","species_equal","full","full","1c562073ebc655e9d38e4f17ed5048582dd7e54f88b69cb6e13300af104ac622"
50,"Xiphophorus_hellerii",0.76,"species_equal","N_train/(S_train*R_species); total_weight=N_train","total_weight_equals_record_count","XLSX_R0052","binary","M2","species_equal","full","full","1c562073ebc655e9d38e4f17ed5048582dd7e54f88b69cb6e13300af104ac622"
51,"Xiphophorus_hellerii",0.76,"species_equal","N_train/(S_train*R_species); total_weight=N_train","total_weight_equals_record_count","XLSX_R0053","binary","M2","species_equal","full","full","1c562073ebc655e9d38e4f17ed5048582dd7e54f88b69cb6e13300af104ac622"
52,"Xiphophorus_hellerii",0.76,"species_equal","N_train/(S_train*R_species); total_weight=N_train","total_weight_equals_record_count","XLSX_R0054","binary","M2","species_equal","full","full","1c562073ebc655e9d38e4f17ed5048582dd7e54f88b69cb6e13300af104ac622"
53,"Xiphophorus_hellerii",0.76,"species_equal","N_train/(S_train*R_species); total_weight=N_train","total_weight_equals_record_count","XLSX_R0055","binary","M2","species_equal","full","full","1c562073ebc655e9d38e4f17ed5048582dd7e54f88b69cb6e13300af104ac622"
54,"Xiphophorus_maculatus",3.04,"species_equal","N_train/(S_train*R_species); total_weight=N_train","total_weight_equals_record_count","XLSX_R0056","binary","M2","species_equal","full","full","1c562073ebc655e9d38e4f17ed5048582dd7e54f88b69cb6e13300af104ac622"
55,"Mugil_cephalus",1.52,"species_equal","N_train/(S_train*R_species); total_weight=N_train","total_weight_equals_record_count","XLSX_R0057","binary","M2","species_equal","full","full","1c562073ebc655e9d38e4f17ed5048582dd7e54f88b69cb6e13300af104ac622"
56,"Mugil_cephalus",1.52,"species_equal","N_train/(S_train*R_species); total_weight=N_train","total_weight_equals_record_count","XLSX_R0058","binary","M2","species_equal","full","full","1c562073ebc655e9d38e4f17ed5048582dd7e54f88b69cb6e13300af104ac622"
57,"Larimichthys_crocea",1.52,"species_equal","N_train/(S_train*R_species); total_weight=N_train","total_weight_equals_record_count","XLSX_R0059","binary","M2","species_equal","full","full","1c562073ebc655e9d38e4f17ed5048582dd7e54f88b69cb6e13300af104ac622"
58,"Larimichthys_crocea",1.52,"species_equal","N_train/(S_train*R_species); total_weight=N_train","total_weight_equals_record_count","XLSX_R0060","binary","M2","species_equal","full","full","1c562073ebc655e9d38e4f17ed5048582dd7e54f88b69cb6e13300af104ac622"
59,"Sciaenops_ocellatus",3.04,"species_equal","N_train/(S_train*R_species); total_weight=N_train","total_weight_equals_record_count","XLSX_R0061","binary","M2","species_equal","full","full","1c562073ebc655e9d38e4f17ed5048582dd7e54f88b69cb6e13300af104ac622"
60,"Platax_orbicularis",3.04,"species_equal","N_train/(S_train*R_species); total_weight=N_train","total_weight_equals_record_count","XLSX_R0062","binary","M2","species_equal","full","full","1c562073ebc655e9d38e4f17ed5048582dd7e54f88b69cb6e13300af104ac622"
61,"Lutjanus_erythropterus",3.04,"species_equal","N_train/(S_train*R_species); total_weight=N_train","total_weight_equals_record_count","XLSX_R0063","binary","M2","species_equal","full","full","1c562073ebc655e9d38e4f17ed5048582dd7e54f88b69cb6e13300af104ac622"
62,"Acanthopagrus_schlegelii",0.76,"species_equal","N_train/(S_train*R_species); total_weight=N_train","total_weight_equals_record_count","XLSX_R0064","binary","M2","species_equal","full","full","1c562073ebc655e9d38e4f17ed5048582dd7e54f88b69cb6e13300af104ac622"
63,"Acanthopagrus_schlegelii",0.76,"species_equal","N_train/(S_train*R_species); total_weight=N_train","total_weight_equals_record_count","XLSX_R0065","binary","M2","species_equal","full","full","1c562073ebc655e9d38e4f17ed5048582dd7e54f88b69cb6e13300af104ac622"
64,"Acanthopagrus_schlegelii",0.76,"species_equal","N_train/(S_train*R_species); total_weight=N_train","total_weight_equals_record_count","XLSX_R0066","binary","M2","species_equal","full","full","1c562073ebc655e9d38e4f17ed5048582dd7e54f88b69cb6e13300af104ac622"
65,"Acanthopagrus_schlegelii",0.76,"species_equal","N_train/(S_train*R_species); total_weight=N_train","total_weight_equals_record_count","XLSX_R0067","binary","M2","species_equal","full","full","1c562073ebc655e9d38e4f17ed5048582dd7e54f88b69cb6e13300af104ac622"
66,"Lethrinus_nebulosus",1.52,"species_equal","N_train/(S_train*R_species); total_weight=N_train","total_weight_equals_record_count","XLSX_R0068","binary","M2","species_equal","full","full","1c562073ebc655e9d38e4f17ed5048582dd7e54f88b69cb6e13300af104ac622"
67,"Lethrinus_nebulosus",1.52,"species_equal","N_train/(S_train*R_species); total_weight=N_train","total_weight_equals_record_count","XLSX_R0069","binary","M2","species_equal","full","full","1c562073ebc655e9d38e4f17ed5048582dd7e54f88b69cb6e13300af104ac622"
68,"Pagrus_major",0.337777777777778,"species_equal","N_train/(S_train*R_species); total_weight=N_train","total_weight_equals_record_count","XLSX_R0070","binary","M2","species_equal","full","full","1c562073ebc655e9d38e4f17ed5048582dd7e54f88b69cb6e13300af104ac622"
69,"Pagrus_major",0.337777777777778,"species_equal","N_train/(S_train*R_species); total_weight=N_train","total_weight_equals_record_count","XLSX_R0071","binary","M2","species_equal","full","full","1c562073ebc655e9d38e4f17ed5048582dd7e54f88b69cb6e13300af104ac622"
70,"Pagrus_major",0.337777777777778,"species_equal","N_train/(S_train*R_species); total_weight=N_train","total_weight_equals_record_count","XLSX_R0072","binary","M2","species_equal","full","full","1c562073ebc655e9d38e4f17ed5048582dd7e54f88b69cb6e13300af104ac622"
71,"Pagrus_major",0.337777777777778,"species_equal","N_train/(S_train*R_species); total_weight=N_train","total_weight_equals_record_count","XLSX_R0073","binary","M2","species_equal","full","full","1c562073ebc655e9d38e4f17ed5048582dd7e54f88b69cb6e13300af104ac622"
72,"Pagrus_major",0.337777777777778,"species_equal","N_train/(S_train*R_species); total_weight=N_train","total_weight_equals_record_count","XLSX_R0074","binary","M2","species_equal","full","full","1c562073ebc655e9d38e4f17ed5048582dd7e54f88b69cb6e13300af104ac622"
73,"Pagrus_major",0.337777777777778,"species_equal","N_train/(S_train*R_species); total_weight=N_train","total_weight_equals_record_count","XLSX_R0075","binary","M2","species_equal","full","full","1c562073ebc655e9d38e4f17ed5048582dd7e54f88b69cb6e13300af104ac622"
74,"Pagrus_major",0.337777777777778,"species_equal","N_train/(S_train*R_species); total_weight=N_train","total_weight_equals_record_count","XLSX_R0076","binary","M2","species_equal","full","full","1c562073ebc655e9d38e4f17ed5048582dd7e54f88b69cb6e13300af104ac622"
75,"Pagrus_major",0.337777777777778,"species_equal","N_train/(S_train*R_species); total_weight=N_train","total_weight_equals_record_count","XLSX_R0077","binary","M2","species_equal","full","full","1c562073ebc655e9d38e4f17ed5048582dd7e54f88b69cb6e13300af104ac622"
76,"Pagrus_major",0.337777777777778,"species_equal","N_train/(S_train*R_species); total_weight=N_train","total_weight_equals_record_count","XLSX_R0078","binary","M2","species_equal","full","full","1c562073ebc655e9d38e4f17ed5048582dd7e54f88b69cb6e13300af104ac622"
77,"Rhabdosargus_sarba",3.04,"species_equal","N_train/(S_train*R_species); total_weight=N_train","total_weight_equals_record_count","XLSX_R0079","binary","M2","species_equal","full","full","1c562073ebc655e9d38e4f17ed5048582dd7e54f88b69cb6e13300af104ac622"
78,"Lateolabrax_japonicus",0.76,"species_equal","N_train/(S_train*R_species); total_weight=N_train","total_weight_equals_record_count","XLSX_R0080","binary","M2","species_equal","full","full","1c562073ebc655e9d38e4f17ed5048582dd7e54f88b69cb6e13300af104ac622"
79,"Lateolabrax_japonicus",0.76,"species_equal","N_train/(S_train*R_species); total_weight=N_train","total_weight_equals_record_count","XLSX_R0081","binary","M2","species_equal","full","full","1c562073ebc655e9d38e4f17ed5048582dd7e54f88b69cb6e13300af104ac622"
80,"Lateolabrax_japonicus",0.76,"species_equal","N_train/(S_train*R_species); total_weight=N_train","total_weight_equals_record_count","XLSX_R0082","binary","M2","species_equal","full","full","1c562073ebc655e9d38e4f17ed5048582dd7e54f88b69cb6e13300af104ac622"
81,"Lateolabrax_japonicus",0.76,"species_equal","N_train/(S_train*R_species); total_weight=N_train","total_weight_equals_record_count","XLSX_R0083","binary","M2","species_equal","full","full","1c562073ebc655e9d38e4f17ed5048582dd7e54f88b69cb6e13300af104ac622"
82,"Lateolabrax_maculatus",3.04,"species_equal","N_train/(S_train*R_species); total_weight=N_train","total_weight_equals_record_count","XLSX_R0084","binary","M2","species_equal","full","full","1c562073ebc655e9d38e4f17ed5048582dd7e54f88b69cb6e13300af104ac622"
83,"Maccullochella_peelii",0.38,"species_equal","N_train/(S_train*R_species); total_weight=N_train","total_weight_equals_record_count","XLSX_R0085","binary","M2","species_equal","full","full","1c562073ebc655e9d38e4f17ed5048582dd7e54f88b69cb6e13300af104ac622"
84,"Maccullochella_peelii",0.38,"species_equal","N_train/(S_train*R_species); total_weight=N_train","total_weight_equals_record_count","XLSX_R0086","binary","M2","species_equal","full","full","1c562073ebc655e9d38e4f17ed5048582dd7e54f88b69cb6e13300af104ac622"
85,"Maccullochella_peelii",0.38,"species_equal","N_train/(S_train*R_species); total_weight=N_train","total_weight_equals_record_count","XLSX_R0087","binary","M2","species_equal","full","full","1c562073ebc655e9d38e4f17ed5048582dd7e54f88b69cb6e13300af104ac622"
86,"Maccullochella_peelii",0.38,"species_equal","N_train/(S_train*R_species); total_weight=N_train","total_weight_equals_record_count","XLSX_R0088","binary","M2","species_equal","full","full","1c562073ebc655e9d38e4f17ed5048582dd7e54f88b69cb6e13300af104ac622"
87,"Maccullochella_peelii",0.38,"species_equal","N_train/(S_train*R_species); total_weight=N_train","total_weight_equals_record_count","XLSX_R0089","binary","M2","species_equal","full","full","1c562073ebc655e9d38e4f17ed5048582dd7e54f88b69cb6e13300af104ac622"
88,"Maccullochella_peelii",0.38,"species_equal","N_train/(S_train*R_species); total_weight=N_train","total_weight_equals_record_count","XLSX_R0090","binary","M2","species_equal","full","full","1c562073ebc655e9d38e4f17ed5048582dd7e54f88b69cb6e13300af104ac622"
89,"Maccullochella_peelii",0.38,"species_equal","N_train/(S_train*R_species); total_weight=N_train","total_weight_equals_record_count","XLSX_R0091","binary","M2","species_equal","full","full","1c562073ebc655e9d38e4f17ed5048582dd7e54f88b69cb6e13300af104ac622"
90,"Maccullochella_peelii",0.38,"species_equal","N_train/(S_train*R_species); total_weight=N_train","total_weight_equals_record_count","XLSX_R0092","binary","M2","species_equal","full","full","1c562073ebc655e9d38e4f17ed5048582dd7e54f88b69cb6e13300af104ac622"
91,"Micropterus_salmoides",1.01333333333333,"species_equal","N_train/(S_train*R_species); total_weight=N_train","total_weight_equals_record_count","XLSX_R0093","binary","M2","species_equal","full","full","1c562073ebc655e9d38e4f17ed5048582dd7e54f88b69cb6e13300af104ac622"
92,"Micropterus_salmoides",1.01333333333333,"species_equal","N_train/(S_train*R_species); total_weight=N_train","total_weight_equals_record_count","XLSX_R0094","binary","M2","species_equal","full","full","1c562073ebc655e9d38e4f17ed5048582dd7e54f88b69cb6e13300af104ac622"
93,"Micropterus_salmoides",1.01333333333333,"species_equal","N_train/(S_train*R_species); total_weight=N_train","total_weight_equals_record_count","XLSX_R0095","binary","M2","species_equal","full","full","1c562073ebc655e9d38e4f17ed5048582dd7e54f88b69cb6e13300af104ac622"
94,"Oplegnathus_fasciatus",0.132173913043478,"species_equal","N_train/(S_train*R_species); total_weight=N_train","total_weight_equals_record_count","XLSX_R0096","binary","M2","species_equal","full","full","1c562073ebc655e9d38e4f17ed5048582dd7e54f88b69cb6e13300af104ac622"
95,"Oplegnathus_fasciatus",0.132173913043478,"species_equal","N_train/(S_train*R_species); total_weight=N_train","total_weight_equals_record_count","XLSX_R0097","binary","M2","species_equal","full","full","1c562073ebc655e9d38e4f17ed5048582dd7e54f88b69cb6e13300af104ac622"
96,"Oplegnathus_fasciatus",0.132173913043478,"species_equal","N_train/(S_train*R_species); total_weight=N_train","total_weight_equals_record_count","XLSX_R0098","binary","M2","species_equal","full","full","1c562073ebc655e9d38e4f17ed5048582dd7e54f88b69cb6e13300af104ac622"
97,"Oplegnathus_fasciatus",0.132173913043478,"species_equal","N_train/(S_train*R_species); total_weight=N_train","total_weight_equals_record_count","XLSX_R0099","binary","M2","species_equal","full","full","1c562073ebc655e9d38e4f17ed5048582dd7e54f88b69cb6e13300af104ac622"
98,"Oplegnathus_fasciatus",0.132173913043478,"species_equal","N_train/(S_train*R_species); total_weight=N_train","total_weight_equals_record_count","XLSX_R0100","binary","M2","species_equal","full","full","1c562073ebc655e9d38e4f17ed5048582dd7e54f88b69cb6e13300af104ac622"
99,"Oplegnathus_fasciatus",0.132173913043478,"species_equal","N_train/(S_train*R_species); total_weight=N_train","total_weight_equals_record_count","XLSX_R0101","binary","M2","species_equal","full","full","1c562073ebc655e9d38e4f17ed5048582dd7e54f88b69cb6e13300af104ac622"
100,"Oplegnathus_fasciatus",0.132173913043478,"species_equal","N_train/(S_train*R_species); total_weight=N_train","total_weight_equals_record_count","XLSX_R0102","binary","M2","species_equal","full","full","1c562073ebc655e9d38e4f17ed5048582dd7e54f88b69cb6e13300af104ac622"
101,"Oplegnathus_fasciatus",0.132173913043478,"species_equal","N_train/(S_train*R_species); total_weight=N_train","total_weight_equals_record_count","XLSX_R0103","binary","M2","species_equal","full","full","1c562073ebc655e9d38e4f17ed5048582dd7e54f88b69cb6e13300af104ac622"
102,"Oplegnathus_fasciatus",0.132173913043478,"species_equal","N_train/(S_train*R_species); total_weight=N_train","total_weight_equals_record_count","XLSX_R0104","binary","M2","species_equal","full","full","1c562073ebc655e9d38e4f17ed5048582dd7e54f88b69cb6e13300af104ac622"
103,"Oplegnathus_fasciatus",0.132173913043478,"species_equal","N_train/(S_train*R_species); total_weight=N_train","total_weight_equals_record_count","XLSX_R0105","binary","M2","species_equal","full","full","1c562073ebc655e9d38e4f17ed5048582dd7e54f88b69cb6e13300af104ac622"
104,"Oplegnathus_fasciatus",0.132173913043478,"species_equal","N_train/(S_train*R_species); total_weight=N_train","total_weight_equals_record_count","XLSX_R0106","binary","M2","species_equal","full","full","1c562073ebc655e9d38e4f17ed5048582dd7e54f88b69cb6e13300af104ac622"
105,"Oplegnathus_fasciatus",0.132173913043478,"species_equal","N_train/(S_train*R_species); total_weight=N_train","total_weight_equals_record_count","XLSX_R0107","binary","M2","species_equal","full","full","1c562073ebc655e9d38e4f17ed5048582dd7e54f88b69cb6e13300af104ac622"
106,"Oplegnathus_fasciatus",0.132173913043478,"species_equal","N_train/(S_train*R_species); total_weight=N_train","total_weight_equals_record_count","XLSX_R0108","binary","M2","species_equal","full","full","1c562073ebc655e9d38e4f17ed5048582dd7e54f88b69cb6e13300af104ac622"
107,"Oplegnathus_fasciatus",0.132173913043478,"species_equal","N_train/(S_train*R_species); total_weight=N_train","total_weight_equals_record_count","XLSX_R0109","binary","M2","species_equal","full","full","1c562073ebc655e9d38e4f17ed5048582dd7e54f88b69cb6e13300af104ac622"
108,"Oplegnathus_fasciatus",0.132173913043478,"species_equal","N_train/(S_train*R_species); total_weight=N_train","total_weight_equals_record_count","XLSX_R0110","binary","M2","species_equal","full","full","1c562073ebc655e9d38e4f17ed5048582dd7e54f88b69cb6e13300af104ac622"
109,"Oplegnathus_fasciatus",0.132173913043478,"species_equal","N_train/(S_train*R_species); total_weight=N_train","total_weight_equals_record_count","XLSX_R0111","binary","M2","species_equal","full","full","1c562073ebc655e9d38e4f17ed5048582dd7e54f88b69cb6e13300af104ac622"
110,"Oplegnathus_fasciatus",0.132173913043478,"species_equal","N_train/(S_train*R_species); total_weight=N_train","total_weight_equals_record_count","XLSX_R0112","binary","M2","species_equal","full","full","1c562073ebc655e9d38e4f17ed5048582dd7e54f88b69cb6e13300af104ac622"
111,"Oplegnathus_fasciatus",0.132173913043478,"species_equal","N_train/(S_train*R_species); total_weight=N_train","total_weight_equals_record_count","XLSX_R0113","binary","M2","species_equal","full","full","1c562073ebc655e9d38e4f17ed5048582dd7e54f88b69cb6e13300af104ac622"
112,"Oplegnathus_fasciatus",0.132173913043478,"species_equal","N_train/(S_train*R_species); total_weight=N_train","total_weight_equals_record_count","XLSX_R0114","binary","M2","species_equal","full","full","1c562073ebc655e9d38e4f17ed5048582dd7e54f88b69cb6e13300af104ac622"
113,"Oplegnathus_fasciatus",0.132173913043478,"species_equal","N_train/(S_train*R_species); total_weight=N_train","total_weight_equals_record_count","XLSX_R0115","binary","M2","species_equal","full","full","1c562073ebc655e9d38e4f17ed5048582dd7e54f88b69cb6e13300af104ac622"
114,"Oplegnathus_fasciatus",0.132173913043478,"species_equal","N_train/(S_train*R_species); total_weight=N_train","total_weight_equals_record_count","XLSX_R0116","binary","M2","species_equal","full","full","1c562073ebc655e9d38e4f17ed5048582dd7e54f88b69cb6e13300af104ac622"
115,"Oplegnathus_fasciatus",0.132173913043478,"species_equal","N_train/(S_train*R_species); total_weight=N_train","total_weight_equals_record_count","XLSX_R0117","binary","M2","species_equal","full","full","1c562073ebc655e9d38e4f17ed5048582dd7e54f88b69cb6e13300af104ac622"
116,"Oplegnathus_fasciatus",0.132173913043478,"species_equal","N_train/(S_train*R_species); total_weight=N_train","total_weight_equals_record_count","XLSX_R0118","binary","M2","species_equal","full","full","1c562073ebc655e9d38e4f17ed5048582dd7e54f88b69cb6e13300af104ac622"
117,"Oplegnathus_punctatus",3.04,"species_equal","N_train/(S_train*R_species); total_weight=N_train","total_weight_equals_record_count","XLSX_R0119","binary","M2","species_equal","full","full","1c562073ebc655e9d38e4f17ed5048582dd7e54f88b69cb6e13300af104ac622"
118,"Siniperca_chuatsi",0.276363636363636,"species_equal","N_train/(S_train*R_species); total_weight=N_train","total_weight_equals_record_count","XLSX_R0120","binary","M2","species_equal","full","full","1c562073ebc655e9d38e4f17ed5048582dd7e54f88b69cb6e13300af104ac622"
119,"Siniperca_chuatsi",0.276363636363636,"species_equal","N_train/(S_train*R_species); total_weight=N_train","total_weight_equals_record_count","XLSX_R0121","binary","M2","species_equal","full","full","1c562073ebc655e9d38e4f17ed5048582dd7e54f88b69cb6e13300af104ac622"
120,"Siniperca_chuatsi",0.276363636363636,"species_equal","N_train/(S_train*R_species); total_weight=N_train","total_weight_equals_record_count","XLSX_R0122","binary","M2","species_equal","full","full","1c562073ebc655e9d38e4f17ed5048582dd7e54f88b69cb6e13300af104ac622"
121,"Siniperca_chuatsi",0.276363636363636,"species_equal","N_train/(S_train*R_species); total_weight=N_train","total_weight_equals_record_count","XLSX_R0123","binary","M2","species_equal","full","full","1c562073ebc655e9d38e4f17ed5048582dd7e54f88b69cb6e13300af104ac622"
122,"Siniperca_chuatsi",0.276363636363636,"species_equal","N_train/(S_train*R_species); total_weight=N_train","total_weight_equals_record_count","XLSX_R0124","binary","M2","species_equal","full","full","1c562073ebc655e9d38e4f17ed5048582dd7e54f88b69cb6e13300af104ac622"
123,"Siniperca_chuatsi",0.276363636363636,"species_equal","N_train/(S_train*R_species); total_weight=N_train","total_weight_equals_record_count","XLSX_R0125","binary","M2","species_equal","full","full","1c562073ebc655e9d38e4f17ed5048582dd7e54f88b69cb6e13300af104ac622"
124,"Siniperca_chuatsi",0.276363636363636,"species_equal","N_train/(S_train*R_species); total_weight=N_train","total_weight_equals_record_count","XLSX_R0126","binary","M2","species_equal","full","full","1c562073ebc655e9d38e4f17ed5048582dd7e54f88b69cb6e13300af104ac622"
125,"Siniperca_chuatsi",0.276363636363636,"species_equal","N_train/(S_train*R_species); total_weight=N_train","total_weight_equals_record_count","XLSX_R0127","binary","M2","species_equal","full","full","1c562073ebc655e9d38e4f17ed5048582dd7e54f88b69cb6e13300af104ac622"
126,"Siniperca_chuatsi",0.276363636363636,"species_equal","N_train/(S_train*R_species); total_weight=N_train","total_weight_equals_record_count","XLSX_R0128","binary","M2","species_equal","full","full","1c562073ebc655e9d38e4f17ed5048582dd7e54f88b69cb6e13300af104ac622"
127,"Siniperca_chuatsi",0.276363636363636,"species_equal","N_train/(S_train*R_species); total_weight=N_train","total_weight_equals_record_count","XLSX_R0129","binary","M2","species_equal","full","full","1c562073ebc655e9d38e4f17ed5048582dd7e54f88b69cb6e13300af104ac622"
128,"Siniperca_chuatsi",0.276363636363636,"species_equal","N_train/(S_train*R_species); total_weight=N_train","total_weight_equals_record_count","XLSX_R0130","binary","M2","species_equal","full","full","1c562073ebc655e9d38e4f17ed5048582dd7e54f88b69cb6e13300af104ac622"
129,"Siniperca_scherzeri",0.76,"species_equal","N_train/(S_train*R_species); total_weight=N_train","total_weight_equals_record_count","XLSX_R0131","binary","M2","species_equal","full","full","1c562073ebc655e9d38e4f17ed5048582dd7e54f88b69cb6e13300af104ac622"
130,"Siniperca_scherzeri",0.76,"species_equal","N_train/(S_train*R_species); total_weight=N_train","total_weight_equals_record_count","XLSX_R0132","binary","M2","species_equal","full","full","1c562073ebc655e9d38e4f17ed5048582dd7e54f88b69cb6e13300af104ac622"
131,"Siniperca_scherzeri",0.76,"species_equal","N_train/(S_train*R_species); total_weight=N_train","total_weight_equals_record_count","XLSX_R0133","binary","M2","species_equal","full","full","1c562073ebc655e9d38e4f17ed5048582dd7e54f88b69cb6e13300af104ac622"
132,"Siniperca_scherzeri",0.76,"species_equal","N_train/(S_train*R_species); total_weight=N_train","total_weight_equals_record_count","XLSX_R0134","binary","M2","species_equal","full","full","1c562073ebc655e9d38e4f17ed5048582dd7e54f88b69cb6e13300af104ac622"
133,"Cromileptes_altivelis",0.506666666666667,"species_equal","N_train/(S_train*R_species); total_weight=N_train","total_weight_equals_record_count","XLSX_R0135","binary","M2","species_equal","full","full","1c562073ebc655e9d38e4f17ed5048582dd7e54f88b69cb6e13300af104ac622"
134,"Cromileptes_altivelis",0.506666666666667,"species_equal","N_train/(S_train*R_species); total_weight=N_train","total_weight_equals_record_count","XLSX_R0136","binary","M2","species_equal","full","full","1c562073ebc655e9d38e4f17ed5048582dd7e54f88b69cb6e13300af104ac622"
135,"Cromileptes_altivelis",0.506666666666667,"species_equal","N_train/(S_train*R_species); total_weight=N_train","total_weight_equals_record_count","XLSX_R0137","binary","M2","species_equal","full","full","1c562073ebc655e9d38e4f17ed5048582dd7e54f88b69cb6e13300af104ac622"
136,"Cromileptes_altivelis",0.506666666666667,"species_equal","N_train/(S_train*R_species); total_weight=N_train","total_weight_equals_record_count","XLSX_R0138","binary","M2","species_equal","full","full","1c562073ebc655e9d38e4f17ed5048582dd7e54f88b69cb6e13300af104ac622"
137,"Cromileptes_altivelis",0.506666666666667,"species_equal","N_train/(S_train*R_species); total_weight=N_train","total_weight_equals_record_count","XLSX_R0139","binary","M2","species_equal","full","full","1c562073ebc655e9d38e4f17ed5048582dd7e54f88b69cb6e13300af104ac622"
138,"Cromileptes_altivelis",0.506666666666667,"species_equal","N_train/(S_train*R_species); total_weight=N_train","total_weight_equals_record_count","XLSX_R0140","binary","M2","species_equal","full","full","1c562073ebc655e9d38e4f17ed5048582dd7e54f88b69cb6e13300af104ac622"
139,"Epinephelus_bruneus",1.01333333333333,"species_equal","N_train/(S_train*R_species); total_weight=N_train","total_weight_equals_record_count","XLSX_R0141","binary","M2","species_equal","full","full","1c562073ebc655e9d38e4f17ed5048582dd7e54f88b69cb6e13300af104ac622"
140,"Epinephelus_bruneus",1.01333333333333,"species_equal","N_train/(S_train*R_species); total_weight=N_train","total_weight_equals_record_count","XLSX_R0142","binary","M2","species_equal","full","full","1c562073ebc655e9d38e4f17ed5048582dd7e54f88b69cb6e13300af104ac622"
141,"Epinephelus_bruneus",1.01333333333333,"species_equal","N_train/(S_train*R_species); total_weight=N_train","total_weight_equals_record_count","XLSX_R0143","binary","M2","species_equal","full","full","1c562073ebc655e9d38e4f17ed5048582dd7e54f88b69cb6e13300af104ac622"
142,"Epinephelus_coioides",1.52,"species_equal","N_train/(S_train*R_species); total_weight=N_train","total_weight_equals_record_count","XLSX_R0144","binary","M2","species_equal","full","full","1c562073ebc655e9d38e4f17ed5048582dd7e54f88b69cb6e13300af104ac622"
143,"Epinephelus_coioides",1.52,"species_equal","N_train/(S_train*R_species); total_weight=N_train","total_weight_equals_record_count","XLSX_R0145","binary","M2","species_equal","full","full","1c562073ebc655e9d38e4f17ed5048582dd7e54f88b69cb6e13300af104ac622"
144,"Epinephelus_fuscoguttatus",1.52,"species_equal","N_train/(S_train*R_species); total_weight=N_train","total_weight_equals_record_count","XLSX_R0146","binary","M2","species_equal","full","full","1c562073ebc655e9d38e4f17ed5048582dd7e54f88b69cb6e13300af104ac622"
145,"Epinephelus_fuscoguttatus",1.52,"species_equal","N_train/(S_train*R_species); total_weight=N_train","total_weight_equals_record_count","XLSX_R0147","binary","M2","species_equal","full","full","1c562073ebc655e9d38e4f17ed5048582dd7e54f88b69cb6e13300af104ac622"
146,"Epinephelus_lanceolatus",1.52,"species_equal","N_train/(S_train*R_species); total_weight=N_train","total_weight_equals_record_count","XLSX_R0148","binary","M2","species_equal","full","full","1c562073ebc655e9d38e4f17ed5048582dd7e54f88b69cb6e13300af104ac622"
147,"Epinephelus_lanceolatus",1.52,"species_equal","N_train/(S_train*R_species); total_weight=N_train","total_weight_equals_record_count","XLSX_R0149","binary","M2","species_equal","full","full","1c562073ebc655e9d38e4f17ed5048582dd7e54f88b69cb6e13300af104ac622"
148,"Epinephelus_malabaricus",1.01333333333333,"species_equal","N_train/(S_train*R_species); total_weight=N_train","total_weight_equals_record_count","XLSX_R0150","binary","M2","species_equal","full","full","1c562073ebc655e9d38e4f17ed5048582dd7e54f88b69cb6e13300af104ac622"
149,"Epinephelus_malabaricus",1.01333333333333,"species_equal","N_train/(S_train*R_species); total_weight=N_train","total_weight_equals_record_count","XLSX_R0151","binary","M2","species_equal","full","full","1c562073ebc655e9d38e4f17ed5048582dd7e54f88b69cb6e13300af104ac622"
150,"Epinephelus_malabaricus",1.01333333333333,"species_equal","N_train/(S_train*R_species); total_weight=N_train","total_weight_equals_record_count","XLSX_R0152","binary","M2","species_equal","full","full","1c562073ebc655e9d38e4f17ed5048582dd7e54f88b69cb6e13300af104ac622"
151,"Plectropomus_leopardus",1.52,"species_equal","N_train/(S_train*R_species); total_weight=N_train","total_weight_equals_record_count","XLSX_R0153","binary","M2","species_equal","full","full","1c562073ebc655e9d38e4f17ed5048582dd7e54f88b69cb6e13300af104ac622"
152,"Plectropomus_leopardus",1.52,"species_equal","N_train/(S_train*R_species); total_weight=N_train","total_weight_equals_record_count","XLSX_R0154","binary","M2","species_equal","full","full","1c562073ebc655e9d38e4f17ed5048582dd7e54f88b69cb6e13300af104ac622"
1,"Carassius_auratus",1,"record_equal","N_train/(S_train*R_species); total_weight=N_train","total_weight_equals_record_count","XLSX_R0002","binary","M3","record_equal","full","full","59e4948e3657530c693ce4d57f4bf5c4781780c2c4d53280b099efaab9c2b927"
2,"Carassius_auratus",1,"record_equal","N_train/(S_train*R_species); total_weight=N_train","total_weight_equals_record_count","XLSX_R0003","binary","M3","record_equal","full","full","59e4948e3657530c693ce4d57f4bf5c4781780c2c4d53280b099efaab9c2b927"
3,"Carassius_auratus",1,"record_equal","N_train/(S_train*R_species); total_weight=N_train","total_weight_equals_record_count","XLSX_R0004","binary","M3","record_equal","full","full","59e4948e3657530c693ce4d57f4bf5c4781780c2c4d53280b099efaab9c2b927"
4,"Carassius_auratus",1,"record_equal","N_train/(S_train*R_species); total_weight=N_train","total_weight_equals_record_count","XLSX_R0005","binary","M3","record_equal","full","full","59e4948e3657530c693ce4d57f4bf5c4781780c2c4d53280b099efaab9c2b927"
5,"Carassius_carassius",1,"record_equal","N_train/(S_train*R_species); total_weight=N_train","total_weight_equals_record_count","XLSX_R0006","binary","M3","record_equal","full","full","59e4948e3657530c693ce4d57f4bf5c4781780c2c4d53280b099efaab9c2b927"
6,"Ctenopharyngodon_idella",1,"record_equal","N_train/(S_train*R_species); total_weight=N_train","total_weight_equals_record_count","XLSX_R0007","binary","M3","record_equal","full","full","59e4948e3657530c693ce4d57f4bf5c4781780c2c4d53280b099efaab9c2b927"
7,"Cirrhinus_molitorella",1,"record_equal","N_train/(S_train*R_species); total_weight=N_train","total_weight_equals_record_count","XLSX_R0008","binary","M3","record_equal","full","full","59e4948e3657530c693ce4d57f4bf5c4781780c2c4d53280b099efaab9c2b927"
8,"Danio_rerio",1,"record_equal","N_train/(S_train*R_species); total_weight=N_train","total_weight_equals_record_count","XLSX_R0009","binary","M3","record_equal","full","full","59e4948e3657530c693ce4d57f4bf5c4781780c2c4d53280b099efaab9c2b927"
9,"Danio_rerio",1,"record_equal","N_train/(S_train*R_species); total_weight=N_train","total_weight_equals_record_count","XLSX_R0010","binary","M3","record_equal","full","full","59e4948e3657530c693ce4d57f4bf5c4781780c2c4d53280b099efaab9c2b927"
10,"Danio_rerio",1,"record_equal","N_train/(S_train*R_species); total_weight=N_train","total_weight_equals_record_count","XLSX_R0011","binary","M3","record_equal","full","full","59e4948e3657530c693ce4d57f4bf5c4781780c2c4d53280b099efaab9c2b927"
11,"Pygocentrus_nattereri",1,"record_equal","N_train/(S_train*R_species); total_weight=N_train","total_weight_equals_record_count","XLSX_R0012","binary","M3","record_equal","full","full","59e4948e3657530c693ce4d57f4bf5c4781780c2c4d53280b099efaab9c2b927"
12,"Thunnus_orientalis",1,"record_equal","N_train/(S_train*R_species); total_weight=N_train","total_weight_equals_record_count","XLSX_R0013","binary","M3","record_equal","full","full","59e4948e3657530c693ce4d57f4bf5c4781780c2c4d53280b099efaab9c2b927"
13,"Thunnus_orientalis",1,"record_equal","N_train/(S_train*R_species); total_weight=N_train","total_weight_equals_record_count","XLSX_R0014","binary","M3","record_equal","full","full","59e4948e3657530c693ce4d57f4bf5c4781780c2c4d53280b099efaab9c2b927"
14,"Thunnus_orientalis",1,"record_equal","N_train/(S_train*R_species); total_weight=N_train","total_weight_equals_record_count","XLSX_R0015","binary","M3","record_equal","full","full","59e4948e3657530c693ce4d57f4bf5c4781780c2c4d53280b099efaab9c2b927"
15,"Pampus_argenteus",1,"record_equal","N_train/(S_train*R_species); total_weight=N_train","total_weight_equals_record_count","XLSX_R0016","binary","M3","record_equal","full","full","59e4948e3657530c693ce4d57f4bf5c4781780c2c4d53280b099efaab9c2b927"
16,"Pampus_argenteus",1,"record_equal","N_train/(S_train*R_species); total_weight=N_train","total_weight_equals_record_count","XLSX_R0017","binary","M3","record_equal","full","full","59e4948e3657530c693ce4d57f4bf5c4781780c2c4d53280b099efaab9c2b927"
17,"Pampus_argenteus",1,"record_equal","N_train/(S_train*R_species); total_weight=N_train","total_weight_equals_record_count","XLSX_R0018","binary","M3","record_equal","full","full","59e4948e3657530c693ce4d57f4bf5c4781780c2c4d53280b099efaab9c2b927"
18,"Pampus_argenteus",1,"record_equal","N_train/(S_train*R_species); total_weight=N_train","total_weight_equals_record_count","XLSX_R0019","binary","M3","record_equal","full","full","59e4948e3657530c693ce4d57f4bf5c4781780c2c4d53280b099efaab9c2b927"
19,"Pampus_argenteus",1,"record_equal","N_train/(S_train*R_species); total_weight=N_train","total_weight_equals_record_count","XLSX_R0020","binary","M3","record_equal","full","full","59e4948e3657530c693ce4d57f4bf5c4781780c2c4d53280b099efaab9c2b927"
20,"Pterapogon_kauderni",1,"record_equal","N_train/(S_train*R_species); total_weight=N_train","total_weight_equals_record_count","XLSX_R0021","binary","M3","record_equal","full","full","59e4948e3657530c693ce4d57f4bf5c4781780c2c4d53280b099efaab9c2b927"
21,"Pterapogon_kauderni",1,"record_equal","N_train/(S_train*R_species); total_weight=N_train","total_weight_equals_record_count","XLSX_R0022","binary","M3","record_equal","full","full","59e4948e3657530c693ce4d57f4bf5c4781780c2c4d53280b099efaab9c2b927"
22,"Pterapogon_kauderni",1,"record_equal","N_train/(S_train*R_species); total_weight=N_train","total_weight_equals_record_count","XLSX_R0023","binary","M3","record_equal","full","full","59e4948e3657530c693ce4d57f4bf5c4781780c2c4d53280b099efaab9c2b927"
23,"Oxyeleotris_marmorata",1,"record_equal","N_train/(S_train*R_species); total_weight=N_train","total_weight_equals_record_count","XLSX_R0024","binary","M3","record_equal","full","full","59e4948e3657530c693ce4d57f4bf5c4781780c2c4d53280b099efaab9c2b927"
24,"Oxyeleotris_marmorata",1,"record_equal","N_train/(S_train*R_species); total_weight=N_train","total_weight_equals_record_count","XLSX_R0025","binary","M3","record_equal","full","full","59e4948e3657530c693ce4d57f4bf5c4781780c2c4d53280b099efaab9c2b927"
25,"Channa_argus",1,"record_equal","N_train/(S_train*R_species); total_weight=N_train","total_weight_equals_record_count","XLSX_R0027","binary","M3","record_equal","full","full","59e4948e3657530c693ce4d57f4bf5c4781780c2c4d53280b099efaab9c2b927"
26,"Trichopodus_trichopterus",1,"record_equal","N_train/(S_train*R_species); total_weight=N_train","total_weight_equals_record_count","XLSX_R0028","binary","M3","record_equal","full","full","59e4948e3657530c693ce4d57f4bf5c4781780c2c4d53280b099efaab9c2b927"
27,"Eleutheronema_tetradactylum",1,"record_equal","N_train/(S_train*R_species); total_weight=N_train","total_weight_equals_record_count","XLSX_R0029","binary","M3","record_equal","full","full","59e4948e3657530c693ce4d57f4bf5c4781780c2c4d53280b099efaab9c2b927"
28,"Lates_calcarifer",1,"record_equal","N_train/(S_train*R_species); total_weight=N_train","total_weight_equals_record_count","XLSX_R0030","binary","M3","record_equal","full","full","59e4948e3657530c693ce4d57f4bf5c4781780c2c4d53280b099efaab9c2b927"
29,"Lates_calcarifer",1,"record_equal","N_train/(S_train*R_species); total_weight=N_train","total_weight_equals_record_count","XLSX_R0031","binary","M3","record_equal","full","full","59e4948e3657530c693ce4d57f4bf5c4781780c2c4d53280b099efaab9c2b927"
30,"Lates_calcarifer",1,"record_equal","N_train/(S_train*R_species); total_weight=N_train","total_weight_equals_record_count","XLSX_R0032","binary","M3","record_equal","full","full","59e4948e3657530c693ce4d57f4bf5c4781780c2c4d53280b099efaab9c2b927"
31,"Lates_calcarifer",1,"record_equal","N_train/(S_train*R_species); total_weight=N_train","total_weight_equals_record_count","XLSX_R0033","binary","M3","record_equal","full","full","59e4948e3657530c693ce4d57f4bf5c4781780c2c4d53280b099efaab9c2b927"
32,"Seriola_dumerili",1,"record_equal","N_train/(S_train*R_species); total_weight=N_train","total_weight_equals_record_count","XLSX_R0034","binary","M3","record_equal","full","full","59e4948e3657530c693ce4d57f4bf5c4781780c2c4d53280b099efaab9c2b927"
33,"Seriola_dumerili",1,"record_equal","N_train/(S_train*R_species); total_weight=N_train","total_weight_equals_record_count","XLSX_R0035","binary","M3","record_equal","full","full","59e4948e3657530c693ce4d57f4bf5c4781780c2c4d53280b099efaab9c2b927"
34,"Paralichthys_olivaceus",1,"record_equal","N_train/(S_train*R_species); total_weight=N_train","total_weight_equals_record_count","XLSX_R0036","binary","M3","record_equal","full","full","59e4948e3657530c693ce4d57f4bf5c4781780c2c4d53280b099efaab9c2b927"
35,"Paralichthys_olivaceus",1,"record_equal","N_train/(S_train*R_species); total_weight=N_train","total_weight_equals_record_count","XLSX_R0037","binary","M3","record_equal","full","full","59e4948e3657530c693ce4d57f4bf5c4781780c2c4d53280b099efaab9c2b927"
36,"Platichthys_stellatus",1,"record_equal","N_train/(S_train*R_species); total_weight=N_train","total_weight_equals_record_count","XLSX_R0038","binary","M3","record_equal","full","full","59e4948e3657530c693ce4d57f4bf5c4781780c2c4d53280b099efaab9c2b927"
37,"Scophthalmus_maximus",1,"record_equal","N_train/(S_train*R_species); total_weight=N_train","total_weight_equals_record_count","XLSX_R0039","binary","M3","record_equal","full","full","59e4948e3657530c693ce4d57f4bf5c4781780c2c4d53280b099efaab9c2b927"
38,"Astronotus_ocellatus",1,"record_equal","N_train/(S_train*R_species); total_weight=N_train","total_weight_equals_record_count","XLSX_R0040","binary","M3","record_equal","full","full","59e4948e3657530c693ce4d57f4bf5c4781780c2c4d53280b099efaab9c2b927"
39,"Astronotus_ocellatus",1,"record_equal","N_train/(S_train*R_species); total_weight=N_train","total_weight_equals_record_count","XLSX_R0041","binary","M3","record_equal","full","full","59e4948e3657530c693ce4d57f4bf5c4781780c2c4d53280b099efaab9c2b927"
40,"Oreochromis_niloticus",1,"record_equal","N_train/(S_train*R_species); total_weight=N_train","total_weight_equals_record_count","XLSX_R0042","binary","M3","record_equal","full","full","59e4948e3657530c693ce4d57f4bf5c4781780c2c4d53280b099efaab9c2b927"
41,"Oreochromis_niloticus",1,"record_equal","N_train/(S_train*R_species); total_weight=N_train","total_weight_equals_record_count","XLSX_R0043","binary","M3","record_equal","full","full","59e4948e3657530c693ce4d57f4bf5c4781780c2c4d53280b099efaab9c2b927"
42,"Oreochromis_niloticus",1,"record_equal","N_train/(S_train*R_species); total_weight=N_train","total_weight_equals_record_count","XLSX_R0044","binary","M3","record_equal","full","full","59e4948e3657530c693ce4d57f4bf5c4781780c2c4d53280b099efaab9c2b927"
43,"Pterophyllum_scalare",1,"record_equal","N_train/(S_train*R_species); total_weight=N_train","total_weight_equals_record_count","XLSX_R0045","binary","M3","record_equal","full","full","59e4948e3657530c693ce4d57f4bf5c4781780c2c4d53280b099efaab9c2b927"
44,"Poecilia_latipinna",1,"record_equal","N_train/(S_train*R_species); total_weight=N_train","total_weight_equals_record_count","XLSX_R0046","binary","M3","record_equal","full","full","59e4948e3657530c693ce4d57f4bf5c4781780c2c4d53280b099efaab9c2b927"
45,"Poecilia_reticulata",1,"record_equal","N_train/(S_train*R_species); total_weight=N_train","total_weight_equals_record_count","XLSX_R0047","binary","M3","record_equal","full","full","59e4948e3657530c693ce4d57f4bf5c4781780c2c4d53280b099efaab9c2b927"
46,"Poecilia_reticulata",1,"record_equal","N_train/(S_train*R_species); total_weight=N_train","total_weight_equals_record_count","XLSX_R0048","binary","M3","record_equal","full","full","59e4948e3657530c693ce4d57f4bf5c4781780c2c4d53280b099efaab9c2b927"
47,"Poecilia_reticulata",1,"record_equal","N_train/(S_train*R_species); total_weight=N_train","total_weight_equals_record_count","XLSX_R0049","binary","M3","record_equal","full","full","59e4948e3657530c693ce4d57f4bf5c4781780c2c4d53280b099efaab9c2b927"
48,"Poropanchax_normani",1,"record_equal","N_train/(S_train*R_species); total_weight=N_train","total_weight_equals_record_count","XLSX_R0050","binary","M3","record_equal","full","full","59e4948e3657530c693ce4d57f4bf5c4781780c2c4d53280b099efaab9c2b927"
49,"Poropanchax_normani",1,"record_equal","N_train/(S_train*R_species); total_weight=N_train","total_weight_equals_record_count","XLSX_R0051","binary","M3","record_equal","full","full","59e4948e3657530c693ce4d57f4bf5c4781780c2c4d53280b099efaab9c2b927"
50,"Xiphophorus_hellerii",1,"record_equal","N_train/(S_train*R_species); total_weight=N_train","total_weight_equals_record_count","XLSX_R0052","binary","M3","record_equal","full","full","59e4948e3657530c693ce4d57f4bf5c4781780c2c4d53280b099efaab9c2b927"
51,"Xiphophorus_hellerii",1,"record_equal","N_train/(S_train*R_species); total_weight=N_train","total_weight_equals_record_count","XLSX_R0053","binary","M3","record_equal","full","full","59e4948e3657530c693ce4d57f4bf5c4781780c2c4d53280b099efaab9c2b927"
52,"Xiphophorus_hellerii",1,"record_equal","N_train/(S_train*R_species); total_weight=N_train","total_weight_equals_record_count","XLSX_R0054","binary","M3","record_equal","full","full","59e4948e3657530c693ce4d57f4bf5c4781780c2c4d53280b099efaab9c2b927"
53,"Xiphophorus_hellerii",1,"record_equal","N_train/(S_train*R_species); total_weight=N_train","total_weight_equals_record_count","XLSX_R0055","binary","M3","record_equal","full","full","59e4948e3657530c693ce4d57f4bf5c4781780c2c4d53280b099efaab9c2b927"
54,"Xiphophorus_maculatus",1,"record_equal","N_train/(S_train*R_species); total_weight=N_train","total_weight_equals_record_count","XLSX_R0056","binary","M3","record_equal","full","full","59e4948e3657530c693ce4d57f4bf5c4781780c2c4d53280b099efaab9c2b927"
55,"Mugil_cephalus",1,"record_equal","N_train/(S_train*R_species); total_weight=N_train","total_weight_equals_record_count","XLSX_R0057","binary","M3","record_equal","full","full","59e4948e3657530c693ce4d57f4bf5c4781780c2c4d53280b099efaab9c2b927"
56,"Mugil_cephalus",1,"record_equal","N_train/(S_train*R_species); total_weight=N_train","total_weight_equals_record_count","XLSX_R0058","binary","M3","record_equal","full","full","59e4948e3657530c693ce4d57f4bf5c4781780c2c4d53280b099efaab9c2b927"
57,"Larimichthys_crocea",1,"record_equal","N_train/(S_train*R_species); total_weight=N_train","total_weight_equals_record_count","XLSX_R0059","binary","M3","record_equal","full","full","59e4948e3657530c693ce4d57f4bf5c4781780c2c4d53280b099efaab9c2b927"
58,"Larimichthys_crocea",1,"record_equal","N_train/(S_train*R_species); total_weight=N_train","total_weight_equals_record_count","XLSX_R0060","binary","M3","record_equal","full","full","59e4948e3657530c693ce4d57f4bf5c4781780c2c4d53280b099efaab9c2b927"
59,"Sciaenops_ocellatus",1,"record_equal","N_train/(S_train*R_species); total_weight=N_train","total_weight_equals_record_count","XLSX_R0061","binary","M3","record_equal","full","full","59e4948e3657530c693ce4d57f4bf5c4781780c2c4d53280b099efaab9c2b927"
60,"Platax_orbicularis",1,"record_equal","N_train/(S_train*R_species); total_weight=N_train","total_weight_equals_record_count","XLSX_R0062","binary","M3","record_equal","full","full","59e4948e3657530c693ce4d57f4bf5c4781780c2c4d53280b099efaab9c2b927"
61,"Lutjanus_erythropterus",1,"record_equal","N_train/(S_train*R_species); total_weight=N_train","total_weight_equals_record_count","XLSX_R0063","binary","M3","record_equal","full","full","59e4948e3657530c693ce4d57f4bf5c4781780c2c4d53280b099efaab9c2b927"
62,"Acanthopagrus_schlegelii",1,"record_equal","N_train/(S_train*R_species); total_weight=N_train","total_weight_equals_record_count","XLSX_R0064","binary","M3","record_equal","full","full","59e4948e3657530c693ce4d57f4bf5c4781780c2c4d53280b099efaab9c2b927"
63,"Acanthopagrus_schlegelii",1,"record_equal","N_train/(S_train*R_species); total_weight=N_train","total_weight_equals_record_count","XLSX_R0065","binary","M3","record_equal","full","full","59e4948e3657530c693ce4d57f4bf5c4781780c2c4d53280b099efaab9c2b927"
64,"Acanthopagrus_schlegelii",1,"record_equal","N_train/(S_train*R_species); total_weight=N_train","total_weight_equals_record_count","XLSX_R0066","binary","M3","record_equal","full","full","59e4948e3657530c693ce4d57f4bf5c4781780c2c4d53280b099efaab9c2b927"
65,"Acanthopagrus_schlegelii",1,"record_equal","N_train/(S_train*R_species); total_weight=N_train","total_weight_equals_record_count","XLSX_R0067","binary","M3","record_equal","full","full","59e4948e3657530c693ce4d57f4bf5c4781780c2c4d53280b099efaab9c2b927"
66,"Lethrinus_nebulosus",1,"record_equal","N_train/(S_train*R_species); total_weight=N_train","total_weight_equals_record_count","XLSX_R0068","binary","M3","record_equal","full","full","59e4948e3657530c693ce4d57f4bf5c4781780c2c4d53280b099efaab9c2b927"
67,"Lethrinus_nebulosus",1,"record_equal","N_train/(S_train*R_species); total_weight=N_train","total_weight_equals_record_count","XLSX_R0069","binary","M3","record_equal","full","full","59e4948e3657530c693ce4d57f4bf5c4781780c2c4d53280b099efaab9c2b927"
68,"Pagrus_major",1,"record_equal","N_train/(S_train*R_species); total_weight=N_train","total_weight_equals_record_count","XLSX_R0070","binary","M3","record_equal","full","full","59e4948e3657530c693ce4d57f4bf5c4781780c2c4d53280b099efaab9c2b927"
69,"Pagrus_major",1,"record_equal","N_train/(S_train*R_species); total_weight=N_train","total_weight_equals_record_count","XLSX_R0071","binary","M3","record_equal","full","full","59e4948e3657530c693ce4d57f4bf5c4781780c2c4d53280b099efaab9c2b927"
70,"Pagrus_major",1,"record_equal","N_train/(S_train*R_species); total_weight=N_train","total_weight_equals_record_count","XLSX_R0072","binary","M3","record_equal","full","full","59e4948e3657530c693ce4d57f4bf5c4781780c2c4d53280b099efaab9c2b927"
71,"Pagrus_major",1,"record_equal","N_train/(S_train*R_species); total_weight=N_train","total_weight_equals_record_count","XLSX_R0073","binary","M3","record_equal","full","full","59e4948e3657530c693ce4d57f4bf5c4781780c2c4d53280b099efaab9c2b927"
72,"Pagrus_major",1,"record_equal","N_train/(S_train*R_species); total_weight=N_train","total_weight_equals_record_count","XLSX_R0074","binary","M3","record_equal","full","full","59e4948e3657530c693ce4d57f4bf5c4781780c2c4d53280b099efaab9c2b927"
73,"Pagrus_major",1,"record_equal","N_train/(S_train*R_species); total_weight=N_train","total_weight_equals_record_count","XLSX_R0075","binary","M3","record_equal","full","full","59e4948e3657530c693ce4d57f4bf5c4781780c2c4d53280b099efaab9c2b927"
74,"Pagrus_major",1,"record_equal","N_train/(S_train*R_species); total_weight=N_train","total_weight_equals_record_count","XLSX_R0076","binary","M3","record_equal","full","full","59e4948e3657530c693ce4d57f4bf5c4781780c2c4d53280b099efaab9c2b927"
75,"Pagrus_major",1,"record_equal","N_train/(S_train*R_species); total_weight=N_train","total_weight_equals_record_count","XLSX_R0077","binary","M3","record_equal","full","full","59e4948e3657530c693ce4d57f4bf5c4781780c2c4d53280b099efaab9c2b927"
76,"Pagrus_major",1,"record_equal","N_train/(S_train*R_species); total_weight=N_train","total_weight_equals_record_count","XLSX_R0078","binary","M3","record_equal","full","full","59e4948e3657530c693ce4d57f4bf5c4781780c2c4d53280b099efaab9c2b927"
77,"Rhabdosargus_sarba",1,"record_equal","N_train/(S_train*R_species); total_weight=N_train","total_weight_equals_record_count","XLSX_R0079","binary","M3","record_equal","full","full","59e4948e3657530c693ce4d57f4bf5c4781780c2c4d53280b099efaab9c2b927"
78,"Lateolabrax_japonicus",1,"record_equal","N_train/(S_train*R_species); total_weight=N_train","total_weight_equals_record_count","XLSX_R0080","binary","M3","record_equal","full","full","59e4948e3657530c693ce4d57f4bf5c4781780c2c4d53280b099efaab9c2b927"
79,"Lateolabrax_japonicus",1,"record_equal","N_train/(S_train*R_species); total_weight=N_train","total_weight_equals_record_count","XLSX_R0081","binary","M3","record_equal","full","full","59e4948e3657530c693ce4d57f4bf5c4781780c2c4d53280b099efaab9c2b927"
80,"Lateolabrax_japonicus",1,"record_equal","N_train/(S_train*R_species); total_weight=N_train","total_weight_equals_record_count","XLSX_R0082","binary","M3","record_equal","full","full","59e4948e3657530c693ce4d57f4bf5c4781780c2c4d53280b099efaab9c2b927"
81,"Lateolabrax_japonicus",1,"record_equal","N_train/(S_train*R_species); total_weight=N_train","total_weight_equals_record_count","XLSX_R0083","binary","M3","record_equal","full","full","59e4948e3657530c693ce4d57f4bf5c4781780c2c4d53280b099efaab9c2b927"
82,"Lateolabrax_maculatus",1,"record_equal","N_train/(S_train*R_species); total_weight=N_train","total_weight_equals_record_count","XLSX_R0084","binary","M3","record_equal","full","full","59e4948e3657530c693ce4d57f4bf5c4781780c2c4d53280b099efaab9c2b927"
83,"Maccullochella_peelii",1,"record_equal","N_train/(S_train*R_species); total_weight=N_train","total_weight_equals_record_count","XLSX_R0085","binary","M3","record_equal","full","full","59e4948e3657530c693ce4d57f4bf5c4781780c2c4d53280b099efaab9c2b927"
84,"Maccullochella_peelii",1,"record_equal","N_train/(S_train*R_species); total_weight=N_train","total_weight_equals_record_count","XLSX_R0086","binary","M3","record_equal","full","full","59e4948e3657530c693ce4d57f4bf5c4781780c2c4d53280b099efaab9c2b927"
85,"Maccullochella_peelii",1,"record_equal","N_train/(S_train*R_species); total_weight=N_train","total_weight_equals_record_count","XLSX_R0087","binary","M3","record_equal","full","full","59e4948e3657530c693ce4d57f4bf5c4781780c2c4d53280b099efaab9c2b927"
86,"Maccullochella_peelii",1,"record_equal","N_train/(S_train*R_species); total_weight=N_train","total_weight_equals_record_count","XLSX_R0088","binary","M3","record_equal","full","full","59e4948e3657530c693ce4d57f4bf5c4781780c2c4d53280b099efaab9c2b927"
87,"Maccullochella_peelii",1,"record_equal","N_train/(S_train*R_species); total_weight=N_train","total_weight_equals_record_count","XLSX_R0089","binary","M3","record_equal","full","full","59e4948e3657530c693ce4d57f4bf5c4781780c2c4d53280b099efaab9c2b927"
88,"Maccullochella_peelii",1,"record_equal","N_train/(S_train*R_species); total_weight=N_train","total_weight_equals_record_count","XLSX_R0090","binary","M3","record_equal","full","full","59e4948e3657530c693ce4d57f4bf5c4781780c2c4d53280b099efaab9c2b927"
89,"Maccullochella_peelii",1,"record_equal","N_train/(S_train*R_species); total_weight=N_train","total_weight_equals_record_count","XLSX_R0091","binary","M3","record_equal","full","full","59e4948e3657530c693ce4d57f4bf5c4781780c2c4d53280b099efaab9c2b927"
90,"Maccullochella_peelii",1,"record_equal","N_train/(S_train*R_species); total_weight=N_train","total_weight_equals_record_count","XLSX_R0092","binary","M3","record_equal","full","full","59e4948e3657530c693ce4d57f4bf5c4781780c2c4d53280b099efaab9c2b927"
91,"Micropterus_salmoides",1,"record_equal","N_train/(S_train*R_species); total_weight=N_train","total_weight_equals_record_count","XLSX_R0093","binary","M3","record_equal","full","full","59e4948e3657530c693ce4d57f4bf5c4781780c2c4d53280b099efaab9c2b927"
92,"Micropterus_salmoides",1,"record_equal","N_train/(S_train*R_species); total_weight=N_train","total_weight_equals_record_count","XLSX_R0094","binary","M3","record_equal","full","full","59e4948e3657530c693ce4d57f4bf5c4781780c2c4d53280b099efaab9c2b927"
93,"Micropterus_salmoides",1,"record_equal","N_train/(S_train*R_species); total_weight=N_train","total_weight_equals_record_count","XLSX_R0095","binary","M3","record_equal","full","full","59e4948e3657530c693ce4d57f4bf5c4781780c2c4d53280b099efaab9c2b927"
94,"Oplegnathus_fasciatus",1,"record_equal","N_train/(S_train*R_species); total_weight=N_train","total_weight_equals_record_count","XLSX_R0096","binary","M3","record_equal","full","full","59e4948e3657530c693ce4d57f4bf5c4781780c2c4d53280b099efaab9c2b927"
95,"Oplegnathus_fasciatus",1,"record_equal","N_train/(S_train*R_species); total_weight=N_train","total_weight_equals_record_count","XLSX_R0097","binary","M3","record_equal","full","full","59e4948e3657530c693ce4d57f4bf5c4781780c2c4d53280b099efaab9c2b927"
96,"Oplegnathus_fasciatus",1,"record_equal","N_train/(S_train*R_species); total_weight=N_train","total_weight_equals_record_count","XLSX_R0098","binary","M3","record_equal","full","full","59e4948e3657530c693ce4d57f4bf5c4781780c2c4d53280b099efaab9c2b927"
97,"Oplegnathus_fasciatus",1,"record_equal","N_train/(S_train*R_species); total_weight=N_train","total_weight_equals_record_count","XLSX_R0099","binary","M3","record_equal","full","full","59e4948e3657530c693ce4d57f4bf5c4781780c2c4d53280b099efaab9c2b927"
98,"Oplegnathus_fasciatus",1,"record_equal","N_train/(S_train*R_species); total_weight=N_train","total_weight_equals_record_count","XLSX_R0100","binary","M3","record_equal","full","full","59e4948e3657530c693ce4d57f4bf5c4781780c2c4d53280b099efaab9c2b927"
99,"Oplegnathus_fasciatus",1,"record_equal","N_train/(S_train*R_species); total_weight=N_train","total_weight_equals_record_count","XLSX_R0101","binary","M3","record_equal","full","full","59e4948e3657530c693ce4d57f4bf5c4781780c2c4d53280b099efaab9c2b927"
100,"Oplegnathus_fasciatus",1,"record_equal","N_train/(S_train*R_species); total_weight=N_train","total_weight_equals_record_count","XLSX_R0102","binary","M3","record_equal","full","full","59e4948e3657530c693ce4d57f4bf5c4781780c2c4d53280b099efaab9c2b927"
101,"Oplegnathus_fasciatus",1,"record_equal","N_train/(S_train*R_species); total_weight=N_train","total_weight_equals_record_count","XLSX_R0103","binary","M3","record_equal","full","full","59e4948e3657530c693ce4d57f4bf5c4781780c2c4d53280b099efaab9c2b927"
102,"Oplegnathus_fasciatus",1,"record_equal","N_train/(S_train*R_species); total_weight=N_train","total_weight_equals_record_count","XLSX_R0104","binary","M3","record_equal","full","full","59e4948e3657530c693ce4d57f4bf5c4781780c2c4d53280b099efaab9c2b927"
103,"Oplegnathus_fasciatus",1,"record_equal","N_train/(S_train*R_species); total_weight=N_train","total_weight_equals_record_count","XLSX_R0105","binary","M3","record_equal","full","full","59e4948e3657530c693ce4d57f4bf5c4781780c2c4d53280b099efaab9c2b927"
104,"Oplegnathus_fasciatus",1,"record_equal","N_train/(S_train*R_species); total_weight=N_train","total_weight_equals_record_count","XLSX_R0106","binary","M3","record_equal","full","full","59e4948e3657530c693ce4d57f4bf5c4781780c2c4d53280b099efaab9c2b927"
105,"Oplegnathus_fasciatus",1,"record_equal","N_train/(S_train*R_species); total_weight=N_train","total_weight_equals_record_count","XLSX_R0107","binary","M3","record_equal","full","full","59e4948e3657530c693ce4d57f4bf5c4781780c2c4d53280b099efaab9c2b927"
106,"Oplegnathus_fasciatus",1,"record_equal","N_train/(S_train*R_species); total_weight=N_train","total_weight_equals_record_count","XLSX_R0108","binary","M3","record_equal","full","full","59e4948e3657530c693ce4d57f4bf5c4781780c2c4d53280b099efaab9c2b927"
107,"Oplegnathus_fasciatus",1,"record_equal","N_train/(S_train*R_species); total_weight=N_train","total_weight_equals_record_count","XLSX_R0109","binary","M3","record_equal","full","full","59e4948e3657530c693ce4d57f4bf5c4781780c2c4d53280b099efaab9c2b927"
108,"Oplegnathus_fasciatus",1,"record_equal","N_train/(S_train*R_species); total_weight=N_train","total_weight_equals_record_count","XLSX_R0110","binary","M3","record_equal","full","full","59e4948e3657530c693ce4d57f4bf5c4781780c2c4d53280b099efaab9c2b927"
109,"Oplegnathus_fasciatus",1,"record_equal","N_train/(S_train*R_species); total_weight=N_train","total_weight_equals_record_count","XLSX_R0111","binary","M3","record_equal","full","full","59e4948e3657530c693ce4d57f4bf5c4781780c2c4d53280b099efaab9c2b927"
110,"Oplegnathus_fasciatus",1,"record_equal","N_train/(S_train*R_species); total_weight=N_train","total_weight_equals_record_count","XLSX_R0112","binary","M3","record_equal","full","full","59e4948e3657530c693ce4d57f4bf5c4781780c2c4d53280b099efaab9c2b927"
111,"Oplegnathus_fasciatus",1,"record_equal","N_train/(S_train*R_species); total_weight=N_train","total_weight_equals_record_count","XLSX_R0113","binary","M3","record_equal","full","full","59e4948e3657530c693ce4d57f4bf5c4781780c2c4d53280b099efaab9c2b927"
112,"Oplegnathus_fasciatus",1,"record_equal","N_train/(S_train*R_species); total_weight=N_train","total_weight_equals_record_count","XLSX_R0114","binary","M3","record_equal","full","full","59e4948e3657530c693ce4d57f4bf5c4781780c2c4d53280b099efaab9c2b927"
113,"Oplegnathus_fasciatus",1,"record_equal","N_train/(S_train*R_species); total_weight=N_train","total_weight_equals_record_count","XLSX_R0115","binary","M3","record_equal","full","full","59e4948e3657530c693ce4d57f4bf5c4781780c2c4d53280b099efaab9c2b927"
114,"Oplegnathus_fasciatus",1,"record_equal","N_train/(S_train*R_species); total_weight=N_train","total_weight_equals_record_count","XLSX_R0116","binary","M3","record_equal","full","full","59e4948e3657530c693ce4d57f4bf5c4781780c2c4d53280b099efaab9c2b927"
115,"Oplegnathus_fasciatus",1,"record_equal","N_train/(S_train*R_species); total_weight=N_train","total_weight_equals_record_count","XLSX_R0117","binary","M3","record_equal","full","full","59e4948e3657530c693ce4d57f4bf5c4781780c2c4d53280b099efaab9c2b927"
116,"Oplegnathus_fasciatus",1,"record_equal","N_train/(S_train*R_species); total_weight=N_train","total_weight_equals_record_count","XLSX_R0118","binary","M3","record_equal","full","full","59e4948e3657530c693ce4d57f4bf5c4781780c2c4d53280b099efaab9c2b927"
117,"Oplegnathus_punctatus",1,"record_equal","N_train/(S_train*R_species); total_weight=N_train","total_weight_equals_record_count","XLSX_R0119","binary","M3","record_equal","full","full","59e4948e3657530c693ce4d57f4bf5c4781780c2c4d53280b099efaab9c2b927"
118,"Siniperca_chuatsi",1,"record_equal","N_train/(S_train*R_species); total_weight=N_train","total_weight_equals_record_count","XLSX_R0120","binary","M3","record_equal","full","full","59e4948e3657530c693ce4d57f4bf5c4781780c2c4d53280b099efaab9c2b927"
119,"Siniperca_chuatsi",1,"record_equal","N_train/(S_train*R_species); total_weight=N_train","total_weight_equals_record_count","XLSX_R0121","binary","M3","record_equal","full","full","59e4948e3657530c693ce4d57f4bf5c4781780c2c4d53280b099efaab9c2b927"
120,"Siniperca_chuatsi",1,"record_equal","N_train/(S_train*R_species); total_weight=N_train","total_weight_equals_record_count","XLSX_R0122","binary","M3","record_equal","full","full","59e4948e3657530c693ce4d57f4bf5c4781780c2c4d53280b099efaab9c2b927"
121,"Siniperca_chuatsi",1,"record_equal","N_train/(S_train*R_species); total_weight=N_train","total_weight_equals_record_count","XLSX_R0123","binary","M3","record_equal","full","full","59e4948e3657530c693ce4d57f4bf5c4781780c2c4d53280b099efaab9c2b927"
122,"Siniperca_chuatsi",1,"record_equal","N_train/(S_train*R_species); total_weight=N_train","total_weight_equals_record_count","XLSX_R0124","binary","M3","record_equal","full","full","59e4948e3657530c693ce4d57f4bf5c4781780c2c4d53280b099efaab9c2b927"
123,"Siniperca_chuatsi",1,"record_equal","N_train/(S_train*R_species); total_weight=N_train","total_weight_equals_record_count","XLSX_R0125","binary","M3","record_equal","full","full","59e4948e3657530c693ce4d57f4bf5c4781780c2c4d53280b099efaab9c2b927"
124,"Siniperca_chuatsi",1,"record_equal","N_train/(S_train*R_species); total_weight=N_train","total_weight_equals_record_count","XLSX_R0126","binary","M3","record_equal","full","full","59e4948e3657530c693ce4d57f4bf5c4781780c2c4d53280b099efaab9c2b927"
125,"Siniperca_chuatsi",1,"record_equal","N_train/(S_train*R_species); total_weight=N_train","total_weight_equals_record_count","XLSX_R0127","binary","M3","record_equal","full","full","59e4948e3657530c693ce4d57f4bf5c4781780c2c4d53280b099efaab9c2b927"
126,"Siniperca_chuatsi",1,"record_equal","N_train/(S_train*R_species); total_weight=N_train","total_weight_equals_record_count","XLSX_R0128","binary","M3","record_equal","full","full","59e4948e3657530c693ce4d57f4bf5c4781780c2c4d53280b099efaab9c2b927"
127,"Siniperca_chuatsi",1,"record_equal","N_train/(S_train*R_species); total_weight=N_train","total_weight_equals_record_count","XLSX_R0129","binary","M3","record_equal","full","full","59e4948e3657530c693ce4d57f4bf5c4781780c2c4d53280b099efaab9c2b927"
128,"Siniperca_chuatsi",1,"record_equal","N_train/(S_train*R_species); total_weight=N_train","total_weight_equals_record_count","XLSX_R0130","binary","M3","record_equal","full","full","59e4948e3657530c693ce4d57f4bf5c4781780c2c4d53280b099efaab9c2b927"
129,"Siniperca_scherzeri",1,"record_equal","N_train/(S_train*R_species); total_weight=N_train","total_weight_equals_record_count","XLSX_R0131","binary","M3","record_equal","full","full","59e4948e3657530c693ce4d57f4bf5c4781780c2c4d53280b099efaab9c2b927"
130,"Siniperca_scherzeri",1,"record_equal","N_train/(S_train*R_species); total_weight=N_train","total_weight_equals_record_count","XLSX_R0132","binary","M3","record_equal","full","full","59e4948e3657530c693ce4d57f4bf5c4781780c2c4d53280b099efaab9c2b927"
131,"Siniperca_scherzeri",1,"record_equal","N_train/(S_train*R_species); total_weight=N_train","total_weight_equals_record_count","XLSX_R0133","binary","M3","record_equal","full","full","59e4948e3657530c693ce4d57f4bf5c4781780c2c4d53280b099efaab9c2b927"
132,"Siniperca_scherzeri",1,"record_equal","N_train/(S_train*R_species); total_weight=N_train","total_weight_equals_record_count","XLSX_R0134","binary","M3","record_equal","full","full","59e4948e3657530c693ce4d57f4bf5c4781780c2c4d53280b099efaab9c2b927"
133,"Cromileptes_altivelis",1,"record_equal","N_train/(S_train*R_species); total_weight=N_train","total_weight_equals_record_count","XLSX_R0135","binary","M3","record_equal","full","full","59e4948e3657530c693ce4d57f4bf5c4781780c2c4d53280b099efaab9c2b927"
134,"Cromileptes_altivelis",1,"record_equal","N_train/(S_train*R_species); total_weight=N_train","total_weight_equals_record_count","XLSX_R0136","binary","M3","record_equal","full","full","59e4948e3657530c693ce4d57f4bf5c4781780c2c4d53280b099efaab9c2b927"
135,"Cromileptes_altivelis",1,"record_equal","N_train/(S_train*R_species); total_weight=N_train","total_weight_equals_record_count","XLSX_R0137","binary","M3","record_equal","full","full","59e4948e3657530c693ce4d57f4bf5c4781780c2c4d53280b099efaab9c2b927"
136,"Cromileptes_altivelis",1,"record_equal","N_train/(S_train*R_species); total_weight=N_train","total_weight_equals_record_count","XLSX_R0138","binary","M3","record_equal","full","full","59e4948e3657530c693ce4d57f4bf5c4781780c2c4d53280b099efaab9c2b927"
137,"Cromileptes_altivelis",1,"record_equal","N_train/(S_train*R_species); total_weight=N_train","total_weight_equals_record_count","XLSX_R0139","binary","M3","record_equal","full","full","59e4948e3657530c693ce4d57f4bf5c4781780c2c4d53280b099efaab9c2b927"
138,"Cromileptes_altivelis",1,"record_equal","N_train/(S_train*R_species); total_weight=N_train","total_weight_equals_record_count","XLSX_R0140","binary","M3","record_equal","full","full","59e4948e3657530c693ce4d57f4bf5c4781780c2c4d53280b099efaab9c2b927"
139,"Epinephelus_bruneus",1,"record_equal","N_train/(S_train*R_species); total_weight=N_train","total_weight_equals_record_count","XLSX_R0141","binary","M3","record_equal","full","full","59e4948e3657530c693ce4d57f4bf5c4781780c2c4d53280b099efaab9c2b927"
140,"Epinephelus_bruneus",1,"record_equal","N_train/(S_train*R_species); total_weight=N_train","total_weight_equals_record_count","XLSX_R0142","binary","M3","record_equal","full","full","59e4948e3657530c693ce4d57f4bf5c4781780c2c4d53280b099efaab9c2b927"
141,"Epinephelus_bruneus",1,"record_equal","N_train/(S_train*R_species); total_weight=N_train","total_weight_equals_record_count","XLSX_R0143","binary","M3","record_equal","full","full","59e4948e3657530c693ce4d57f4bf5c4781780c2c4d53280b099efaab9c2b927"
142,"Epinephelus_coioides",1,"record_equal","N_train/(S_train*R_species); total_weight=N_train","total_weight_equals_record_count","XLSX_R0144","binary","M3","record_equal","full","full","59e4948e3657530c693ce4d57f4bf5c4781780c2c4d53280b099efaab9c2b927"
143,"Epinephelus_coioides",1,"record_equal","N_train/(S_train*R_species); total_weight=N_train","total_weight_equals_record_count","XLSX_R0145","binary","M3","record_equal","full","full","59e4948e3657530c693ce4d57f4bf5c4781780c2c4d53280b099efaab9c2b927"
144,"Epinephelus_fuscoguttatus",1,"record_equal","N_train/(S_train*R_species); total_weight=N_train","total_weight_equals_record_count","XLSX_R0146","binary","M3","record_equal","full","full","59e4948e3657530c693ce4d57f4bf5c4781780c2c4d53280b099efaab9c2b927"
145,"Epinephelus_fuscoguttatus",1,"record_equal","N_train/(S_train*R_species); total_weight=N_train","total_weight_equals_record_count","XLSX_R0147","binary","M3","record_equal","full","full","59e4948e3657530c693ce4d57f4bf5c4781780c2c4d53280b099efaab9c2b927"
146,"Epinephelus_lanceolatus",1,"record_equal","N_train/(S_train*R_species); total_weight=N_train","total_weight_equals_record_count","XLSX_R0148","binary","M3","record_equal","full","full","59e4948e3657530c693ce4d57f4bf5c4781780c2c4d53280b099efaab9c2b927"
147,"Epinephelus_lanceolatus",1,"record_equal","N_train/(S_train*R_species); total_weight=N_train","total_weight_equals_record_count","XLSX_R0149","binary","M3","record_equal","full","full","59e4948e3657530c693ce4d57f4bf5c4781780c2c4d53280b099efaab9c2b927"
148,"Epinephelus_malabaricus",1,"record_equal","N_train/(S_train*R_species); total_weight=N_train","total_weight_equals_record_count","XLSX_R0150","binary","M3","record_equal","full","full","59e4948e3657530c693ce4d57f4bf5c4781780c2c4d53280b099efaab9c2b927"
149,"Epinephelus_malabaricus",1,"record_equal","N_train/(S_train*R_species); total_weight=N_train","total_weight_equals_record_count","XLSX_R0151","binary","M3","record_equal","full","full","59e4948e3657530c693ce4d57f4bf5c4781780c2c4d53280b099efaab9c2b927"
150,"Epinephelus_malabaricus",1,"record_equal","N_train/(S_train*R_species); total_weight=N_train","total_weight_equals_record_count","XLSX_R0152","binary","M3","record_equal","full","full","59e4948e3657530c693ce4d57f4bf5c4781780c2c4d53280b099efaab9c2b927"
151,"Plectropomus_leopardus",1,"record_equal","N_train/(S_train*R_species); total_weight=N_train","total_weight_equals_record_count","XLSX_R0153","binary","M3","record_equal","full","full","59e4948e3657530c693ce4d57f4bf5c4781780c2c4d53280b099efaab9c2b927"
152,"Plectropomus_leopardus",1,"record_equal","N_train/(S_train*R_species); total_weight=N_train","total_weight_equals_record_count","XLSX_R0154","binary","M3","record_equal","full","full","59e4948e3657530c693ce4d57f4bf5c4781780c2c4d53280b099efaab9c2b927"
1,"Carassius_auratus",0.76,"species_equal","N_train/(S_train*R_species); total_weight=N_train","total_weight_equals_record_count","XLSX_R0002","binary","M3","species_equal","full","full","e21ed9b6fc2edb7d1547dd906fc8147a5db0a899a198120811665254cf5e4637"
2,"Carassius_auratus",0.76,"species_equal","N_train/(S_train*R_species); total_weight=N_train","total_weight_equals_record_count","XLSX_R0003","binary","M3","species_equal","full","full","e21ed9b6fc2edb7d1547dd906fc8147a5db0a899a198120811665254cf5e4637"
3,"Carassius_auratus",0.76,"species_equal","N_train/(S_train*R_species); total_weight=N_train","total_weight_equals_record_count","XLSX_R0004","binary","M3","species_equal","full","full","e21ed9b6fc2edb7d1547dd906fc8147a5db0a899a198120811665254cf5e4637"
4,"Carassius_auratus",0.76,"species_equal","N_train/(S_train*R_species); total_weight=N_train","total_weight_equals_record_count","XLSX_R0005","binary","M3","species_equal","full","full","e21ed9b6fc2edb7d1547dd906fc8147a5db0a899a198120811665254cf5e4637"
5,"Carassius_carassius",3.04,"species_equal","N_train/(S_train*R_species); total_weight=N_train","total_weight_equals_record_count","XLSX_R0006","binary","M3","species_equal","full","full","e21ed9b6fc2edb7d1547dd906fc8147a5db0a899a198120811665254cf5e4637"
6,"Ctenopharyngodon_idella",3.04,"species_equal","N_train/(S_train*R_species); total_weight=N_train","total_weight_equals_record_count","XLSX_R0007","binary","M3","species_equal","full","full","e21ed9b6fc2edb7d1547dd906fc8147a5db0a899a198120811665254cf5e4637"
7,"Cirrhinus_molitorella",3.04,"species_equal","N_train/(S_train*R_species); total_weight=N_train","total_weight_equals_record_count","XLSX_R0008","binary","M3","species_equal","full","full","e21ed9b6fc2edb7d1547dd906fc8147a5db0a899a198120811665254cf5e4637"
8,"Danio_rerio",1.01333333333333,"species_equal","N_train/(S_train*R_species); total_weight=N_train","total_weight_equals_record_count","XLSX_R0009","binary","M3","species_equal","full","full","e21ed9b6fc2edb7d1547dd906fc8147a5db0a899a198120811665254cf5e4637"
9,"Danio_rerio",1.01333333333333,"species_equal","N_train/(S_train*R_species); total_weight=N_train","total_weight_equals_record_count","XLSX_R0010","binary","M3","species_equal","full","full","e21ed9b6fc2edb7d1547dd906fc8147a5db0a899a198120811665254cf5e4637"
10,"Danio_rerio",1.01333333333333,"species_equal","N_train/(S_train*R_species); total_weight=N_train","total_weight_equals_record_count","XLSX_R0011","binary","M3","species_equal","full","full","e21ed9b6fc2edb7d1547dd906fc8147a5db0a899a198120811665254cf5e4637"
11,"Pygocentrus_nattereri",3.04,"species_equal","N_train/(S_train*R_species); total_weight=N_train","total_weight_equals_record_count","XLSX_R0012","binary","M3","species_equal","full","full","e21ed9b6fc2edb7d1547dd906fc8147a5db0a899a198120811665254cf5e4637"
12,"Thunnus_orientalis",1.01333333333333,"species_equal","N_train/(S_train*R_species); total_weight=N_train","total_weight_equals_record_count","XLSX_R0013","binary","M3","species_equal","full","full","e21ed9b6fc2edb7d1547dd906fc8147a5db0a899a198120811665254cf5e4637"
13,"Thunnus_orientalis",1.01333333333333,"species_equal","N_train/(S_train*R_species); total_weight=N_train","total_weight_equals_record_count","XLSX_R0014","binary","M3","species_equal","full","full","e21ed9b6fc2edb7d1547dd906fc8147a5db0a899a198120811665254cf5e4637"
14,"Thunnus_orientalis",1.01333333333333,"species_equal","N_train/(S_train*R_species); total_weight=N_train","total_weight_equals_record_count","XLSX_R0015","binary","M3","species_equal","full","full","e21ed9b6fc2edb7d1547dd906fc8147a5db0a899a198120811665254cf5e4637"
15,"Pampus_argenteus",0.608,"species_equal","N_train/(S_train*R_species); total_weight=N_train","total_weight_equals_record_count","XLSX_R0016","binary","M3","species_equal","full","full","e21ed9b6fc2edb7d1547dd906fc8147a5db0a899a198120811665254cf5e4637"
16,"Pampus_argenteus",0.608,"species_equal","N_train/(S_train*R_species); total_weight=N_train","total_weight_equals_record_count","XLSX_R0017","binary","M3","species_equal","full","full","e21ed9b6fc2edb7d1547dd906fc8147a5db0a899a198120811665254cf5e4637"
17,"Pampus_argenteus",0.608,"species_equal","N_train/(S_train*R_species); total_weight=N_train","total_weight_equals_record_count","XLSX_R0018","binary","M3","species_equal","full","full","e21ed9b6fc2edb7d1547dd906fc8147a5db0a899a198120811665254cf5e4637"
18,"Pampus_argenteus",0.608,"species_equal","N_train/(S_train*R_species); total_weight=N_train","total_weight_equals_record_count","XLSX_R0019","binary","M3","species_equal","full","full","e21ed9b6fc2edb7d1547dd906fc8147a5db0a899a198120811665254cf5e4637"
19,"Pampus_argenteus",0.608,"species_equal","N_train/(S_train*R_species); total_weight=N_train","total_weight_equals_record_count","XLSX_R0020","binary","M3","species_equal","full","full","e21ed9b6fc2edb7d1547dd906fc8147a5db0a899a198120811665254cf5e4637"
20,"Pterapogon_kauderni",1.01333333333333,"species_equal","N_train/(S_train*R_species); total_weight=N_train","total_weight_equals_record_count","XLSX_R0021","binary","M3","species_equal","full","full","e21ed9b6fc2edb7d1547dd906fc8147a5db0a899a198120811665254cf5e4637"
21,"Pterapogon_kauderni",1.01333333333333,"species_equal","N_train/(S_train*R_species); total_weight=N_train","total_weight_equals_record_count","XLSX_R0022","binary","M3","species_equal","full","full","e21ed9b6fc2edb7d1547dd906fc8147a5db0a899a198120811665254cf5e4637"
22,"Pterapogon_kauderni",1.01333333333333,"species_equal","N_train/(S_train*R_species); total_weight=N_train","total_weight_equals_record_count","XLSX_R0023","binary","M3","species_equal","full","full","e21ed9b6fc2edb7d1547dd906fc8147a5db0a899a198120811665254cf5e4637"
23,"Oxyeleotris_marmorata",1.52,"species_equal","N_train/(S_train*R_species); total_weight=N_train","total_weight_equals_record_count","XLSX_R0024","binary","M3","species_equal","full","full","e21ed9b6fc2edb7d1547dd906fc8147a5db0a899a198120811665254cf5e4637"
24,"Oxyeleotris_marmorata",1.52,"species_equal","N_train/(S_train*R_species); total_weight=N_train","total_weight_equals_record_count","XLSX_R0025","binary","M3","species_equal","full","full","e21ed9b6fc2edb7d1547dd906fc8147a5db0a899a198120811665254cf5e4637"
25,"Channa_argus",3.04,"species_equal","N_train/(S_train*R_species); total_weight=N_train","total_weight_equals_record_count","XLSX_R0027","binary","M3","species_equal","full","full","e21ed9b6fc2edb7d1547dd906fc8147a5db0a899a198120811665254cf5e4637"
26,"Trichopodus_trichopterus",3.04,"species_equal","N_train/(S_train*R_species); total_weight=N_train","total_weight_equals_record_count","XLSX_R0028","binary","M3","species_equal","full","full","e21ed9b6fc2edb7d1547dd906fc8147a5db0a899a198120811665254cf5e4637"
27,"Eleutheronema_tetradactylum",3.04,"species_equal","N_train/(S_train*R_species); total_weight=N_train","total_weight_equals_record_count","XLSX_R0029","binary","M3","species_equal","full","full","e21ed9b6fc2edb7d1547dd906fc8147a5db0a899a198120811665254cf5e4637"
28,"Lates_calcarifer",0.76,"species_equal","N_train/(S_train*R_species); total_weight=N_train","total_weight_equals_record_count","XLSX_R0030","binary","M3","species_equal","full","full","e21ed9b6fc2edb7d1547dd906fc8147a5db0a899a198120811665254cf5e4637"
29,"Lates_calcarifer",0.76,"species_equal","N_train/(S_train*R_species); total_weight=N_train","total_weight_equals_record_count","XLSX_R0031","binary","M3","species_equal","full","full","e21ed9b6fc2edb7d1547dd906fc8147a5db0a899a198120811665254cf5e4637"
30,"Lates_calcarifer",0.76,"species_equal","N_train/(S_train*R_species); total_weight=N_train","total_weight_equals_record_count","XLSX_R0032","binary","M3","species_equal","full","full","e21ed9b6fc2edb7d1547dd906fc8147a5db0a899a198120811665254cf5e4637"
31,"Lates_calcarifer",0.76,"species_equal","N_train/(S_train*R_species); total_weight=N_train","total_weight_equals_record_count","XLSX_R0033","binary","M3","species_equal","full","full","e21ed9b6fc2edb7d1547dd906fc8147a5db0a899a198120811665254cf5e4637"
32,"Seriola_dumerili",1.52,"species_equal","N_train/(S_train*R_species); total_weight=N_train","total_weight_equals_record_count","XLSX_R0034","binary","M3","species_equal","full","full","e21ed9b6fc2edb7d1547dd906fc8147a5db0a899a198120811665254cf5e4637"
33,"Seriola_dumerili",1.52,"species_equal","N_train/(S_train*R_species); total_weight=N_train","total_weight_equals_record_count","XLSX_R0035","binary","M3","species_equal","full","full","e21ed9b6fc2edb7d1547dd906fc8147a5db0a899a198120811665254cf5e4637"
34,"Paralichthys_olivaceus",1.52,"species_equal","N_train/(S_train*R_species); total_weight=N_train","total_weight_equals_record_count","XLSX_R0036","binary","M3","species_equal","full","full","e21ed9b6fc2edb7d1547dd906fc8147a5db0a899a198120811665254cf5e4637"
35,"Paralichthys_olivaceus",1.52,"species_equal","N_train/(S_train*R_species); total_weight=N_train","total_weight_equals_record_count","XLSX_R0037","binary","M3","species_equal","full","full","e21ed9b6fc2edb7d1547dd906fc8147a5db0a899a198120811665254cf5e4637"
36,"Platichthys_stellatus",3.04,"species_equal","N_train/(S_train*R_species); total_weight=N_train","total_weight_equals_record_count","XLSX_R0038","binary","M3","species_equal","full","full","e21ed9b6fc2edb7d1547dd906fc8147a5db0a899a198120811665254cf5e4637"
37,"Scophthalmus_maximus",3.04,"species_equal","N_train/(S_train*R_species); total_weight=N_train","total_weight_equals_record_count","XLSX_R0039","binary","M3","species_equal","full","full","e21ed9b6fc2edb7d1547dd906fc8147a5db0a899a198120811665254cf5e4637"
38,"Astronotus_ocellatus",1.52,"species_equal","N_train/(S_train*R_species); total_weight=N_train","total_weight_equals_record_count","XLSX_R0040","binary","M3","species_equal","full","full","e21ed9b6fc2edb7d1547dd906fc8147a5db0a899a198120811665254cf5e4637"
39,"Astronotus_ocellatus",1.52,"species_equal","N_train/(S_train*R_species); total_weight=N_train","total_weight_equals_record_count","XLSX_R0041","binary","M3","species_equal","full","full","e21ed9b6fc2edb7d1547dd906fc8147a5db0a899a198120811665254cf5e4637"
40,"Oreochromis_niloticus",1.01333333333333,"species_equal","N_train/(S_train*R_species); total_weight=N_train","total_weight_equals_record_count","XLSX_R0042","binary","M3","species_equal","full","full","e21ed9b6fc2edb7d1547dd906fc8147a5db0a899a198120811665254cf5e4637"
41,"Oreochromis_niloticus",1.01333333333333,"species_equal","N_train/(S_train*R_species); total_weight=N_train","total_weight_equals_record_count","XLSX_R0043","binary","M3","species_equal","full","full","e21ed9b6fc2edb7d1547dd906fc8147a5db0a899a198120811665254cf5e4637"
42,"Oreochromis_niloticus",1.01333333333333,"species_equal","N_train/(S_train*R_species); total_weight=N_train","total_weight_equals_record_count","XLSX_R0044","binary","M3","species_equal","full","full","e21ed9b6fc2edb7d1547dd906fc8147a5db0a899a198120811665254cf5e4637"
43,"Pterophyllum_scalare",3.04,"species_equal","N_train/(S_train*R_species); total_weight=N_train","total_weight_equals_record_count","XLSX_R0045","binary","M3","species_equal","full","full","e21ed9b6fc2edb7d1547dd906fc8147a5db0a899a198120811665254cf5e4637"
44,"Poecilia_latipinna",3.04,"species_equal","N_train/(S_train*R_species); total_weight=N_train","total_weight_equals_record_count","XLSX_R0046","binary","M3","species_equal","full","full","e21ed9b6fc2edb7d1547dd906fc8147a5db0a899a198120811665254cf5e4637"
45,"Poecilia_reticulata",1.01333333333333,"species_equal","N_train/(S_train*R_species); total_weight=N_train","total_weight_equals_record_count","XLSX_R0047","binary","M3","species_equal","full","full","e21ed9b6fc2edb7d1547dd906fc8147a5db0a899a198120811665254cf5e4637"
46,"Poecilia_reticulata",1.01333333333333,"species_equal","N_train/(S_train*R_species); total_weight=N_train","total_weight_equals_record_count","XLSX_R0048","binary","M3","species_equal","full","full","e21ed9b6fc2edb7d1547dd906fc8147a5db0a899a198120811665254cf5e4637"
47,"Poecilia_reticulata",1.01333333333333,"species_equal","N_train/(S_train*R_species); total_weight=N_train","total_weight_equals_record_count","XLSX_R0049","binary","M3","species_equal","full","full","e21ed9b6fc2edb7d1547dd906fc8147a5db0a899a198120811665254cf5e4637"
48,"Poropanchax_normani",1.52,"species_equal","N_train/(S_train*R_species); total_weight=N_train","total_weight_equals_record_count","XLSX_R0050","binary","M3","species_equal","full","full","e21ed9b6fc2edb7d1547dd906fc8147a5db0a899a198120811665254cf5e4637"
49,"Poropanchax_normani",1.52,"species_equal","N_train/(S_train*R_species); total_weight=N_train","total_weight_equals_record_count","XLSX_R0051","binary","M3","species_equal","full","full","e21ed9b6fc2edb7d1547dd906fc8147a5db0a899a198120811665254cf5e4637"
50,"Xiphophorus_hellerii",0.76,"species_equal","N_train/(S_train*R_species); total_weight=N_train","total_weight_equals_record_count","XLSX_R0052","binary","M3","species_equal","full","full","e21ed9b6fc2edb7d1547dd906fc8147a5db0a899a198120811665254cf5e4637"
51,"Xiphophorus_hellerii",0.76,"species_equal","N_train/(S_train*R_species); total_weight=N_train","total_weight_equals_record_count","XLSX_R0053","binary","M3","species_equal","full","full","e21ed9b6fc2edb7d1547dd906fc8147a5db0a899a198120811665254cf5e4637"
52,"Xiphophorus_hellerii",0.76,"species_equal","N_train/(S_train*R_species); total_weight=N_train","total_weight_equals_record_count","XLSX_R0054","binary","M3","species_equal","full","full","e21ed9b6fc2edb7d1547dd906fc8147a5db0a899a198120811665254cf5e4637"
53,"Xiphophorus_hellerii",0.76,"species_equal","N_train/(S_train*R_species); total_weight=N_train","total_weight_equals_record_count","XLSX_R0055","binary","M3","species_equal","full","full","e21ed9b6fc2edb7d1547dd906fc8147a5db0a899a198120811665254cf5e4637"
54,"Xiphophorus_maculatus",3.04,"species_equal","N_train/(S_train*R_species); total_weight=N_train","total_weight_equals_record_count","XLSX_R0056","binary","M3","species_equal","full","full","e21ed9b6fc2edb7d1547dd906fc8147a5db0a899a198120811665254cf5e4637"
55,"Mugil_cephalus",1.52,"species_equal","N_train/(S_train*R_species); total_weight=N_train","total_weight_equals_record_count","XLSX_R0057","binary","M3","species_equal","full","full","e21ed9b6fc2edb7d1547dd906fc8147a5db0a899a198120811665254cf5e4637"
56,"Mugil_cephalus",1.52,"species_equal","N_train/(S_train*R_species); total_weight=N_train","total_weight_equals_record_count","XLSX_R0058","binary","M3","species_equal","full","full","e21ed9b6fc2edb7d1547dd906fc8147a5db0a899a198120811665254cf5e4637"
57,"Larimichthys_crocea",1.52,"species_equal","N_train/(S_train*R_species); total_weight=N_train","total_weight_equals_record_count","XLSX_R0059","binary","M3","species_equal","full","full","e21ed9b6fc2edb7d1547dd906fc8147a5db0a899a198120811665254cf5e4637"
58,"Larimichthys_crocea",1.52,"species_equal","N_train/(S_train*R_species); total_weight=N_train","total_weight_equals_record_count","XLSX_R0060","binary","M3","species_equal","full","full","e21ed9b6fc2edb7d1547dd906fc8147a5db0a899a198120811665254cf5e4637"
59,"Sciaenops_ocellatus",3.04,"species_equal","N_train/(S_train*R_species); total_weight=N_train","total_weight_equals_record_count","XLSX_R0061","binary","M3","species_equal","full","full","e21ed9b6fc2edb7d1547dd906fc8147a5db0a899a198120811665254cf5e4637"
60,"Platax_orbicularis",3.04,"species_equal","N_train/(S_train*R_species); total_weight=N_train","total_weight_equals_record_count","XLSX_R0062","binary","M3","species_equal","full","full","e21ed9b6fc2edb7d1547dd906fc8147a5db0a899a198120811665254cf5e4637"
61,"Lutjanus_erythropterus",3.04,"species_equal","N_train/(S_train*R_species); total_weight=N_train","total_weight_equals_record_count","XLSX_R0063","binary","M3","species_equal","full","full","e21ed9b6fc2edb7d1547dd906fc8147a5db0a899a198120811665254cf5e4637"
62,"Acanthopagrus_schlegelii",0.76,"species_equal","N_train/(S_train*R_species); total_weight=N_train","total_weight_equals_record_count","XLSX_R0064","binary","M3","species_equal","full","full","e21ed9b6fc2edb7d1547dd906fc8147a5db0a899a198120811665254cf5e4637"
63,"Acanthopagrus_schlegelii",0.76,"species_equal","N_train/(S_train*R_species); total_weight=N_train","total_weight_equals_record_count","XLSX_R0065","binary","M3","species_equal","full","full","e21ed9b6fc2edb7d1547dd906fc8147a5db0a899a198120811665254cf5e4637"
64,"Acanthopagrus_schlegelii",0.76,"species_equal","N_train/(S_train*R_species); total_weight=N_train","total_weight_equals_record_count","XLSX_R0066","binary","M3","species_equal","full","full","e21ed9b6fc2edb7d1547dd906fc8147a5db0a899a198120811665254cf5e4637"
65,"Acanthopagrus_schlegelii",0.76,"species_equal","N_train/(S_train*R_species); total_weight=N_train","total_weight_equals_record_count","XLSX_R0067","binary","M3","species_equal","full","full","e21ed9b6fc2edb7d1547dd906fc8147a5db0a899a198120811665254cf5e4637"
66,"Lethrinus_nebulosus",1.52,"species_equal","N_train/(S_train*R_species); total_weight=N_train","total_weight_equals_record_count","XLSX_R0068","binary","M3","species_equal","full","full","e21ed9b6fc2edb7d1547dd906fc8147a5db0a899a198120811665254cf5e4637"
67,"Lethrinus_nebulosus",1.52,"species_equal","N_train/(S_train*R_species); total_weight=N_train","total_weight_equals_record_count","XLSX_R0069","binary","M3","species_equal","full","full","e21ed9b6fc2edb7d1547dd906fc8147a5db0a899a198120811665254cf5e4637"
68,"Pagrus_major",0.337777777777778,"species_equal","N_train/(S_train*R_species); total_weight=N_train","total_weight_equals_record_count","XLSX_R0070","binary","M3","species_equal","full","full","e21ed9b6fc2edb7d1547dd906fc8147a5db0a899a198120811665254cf5e4637"
69,"Pagrus_major",0.337777777777778,"species_equal","N_train/(S_train*R_species); total_weight=N_train","total_weight_equals_record_count","XLSX_R0071","binary","M3","species_equal","full","full","e21ed9b6fc2edb7d1547dd906fc8147a5db0a899a198120811665254cf5e4637"
70,"Pagrus_major",0.337777777777778,"species_equal","N_train/(S_train*R_species); total_weight=N_train","total_weight_equals_record_count","XLSX_R0072","binary","M3","species_equal","full","full","e21ed9b6fc2edb7d1547dd906fc8147a5db0a899a198120811665254cf5e4637"
71,"Pagrus_major",0.337777777777778,"species_equal","N_train/(S_train*R_species); total_weight=N_train","total_weight_equals_record_count","XLSX_R0073","binary","M3","species_equal","full","full","e21ed9b6fc2edb7d1547dd906fc8147a5db0a899a198120811665254cf5e4637"
72,"Pagrus_major",0.337777777777778,"species_equal","N_train/(S_train*R_species); total_weight=N_train","total_weight_equals_record_count","XLSX_R0074","binary","M3","species_equal","full","full","e21ed9b6fc2edb7d1547dd906fc8147a5db0a899a198120811665254cf5e4637"
73,"Pagrus_major",0.337777777777778,"species_equal","N_train/(S_train*R_species); total_weight=N_train","total_weight_equals_record_count","XLSX_R0075","binary","M3","species_equal","full","full","e21ed9b6fc2edb7d1547dd906fc8147a5db0a899a198120811665254cf5e4637"
74,"Pagrus_major",0.337777777777778,"species_equal","N_train/(S_train*R_species); total_weight=N_train","total_weight_equals_record_count","XLSX_R0076","binary","M3","species_equal","full","full","e21ed9b6fc2edb7d1547dd906fc8147a5db0a899a198120811665254cf5e4637"
75,"Pagrus_major",0.337777777777778,"species_equal","N_train/(S_train*R_species); total_weight=N_train","total_weight_equals_record_count","XLSX_R0077","binary","M3","species_equal","full","full","e21ed9b6fc2edb7d1547dd906fc8147a5db0a899a198120811665254cf5e4637"
76,"Pagrus_major",0.337777777777778,"species_equal","N_train/(S_train*R_species); total_weight=N_train","total_weight_equals_record_count","XLSX_R0078","binary","M3","species_equal","full","full","e21ed9b6fc2edb7d1547dd906fc8147a5db0a899a198120811665254cf5e4637"
77,"Rhabdosargus_sarba",3.04,"species_equal","N_train/(S_train*R_species); total_weight=N_train","total_weight_equals_record_count","XLSX_R0079","binary","M3","species_equal","full","full","e21ed9b6fc2edb7d1547dd906fc8147a5db0a899a198120811665254cf5e4637"
78,"Lateolabrax_japonicus",0.76,"species_equal","N_train/(S_train*R_species); total_weight=N_train","total_weight_equals_record_count","XLSX_R0080","binary","M3","species_equal","full","full","e21ed9b6fc2edb7d1547dd906fc8147a5db0a899a198120811665254cf5e4637"
79,"Lateolabrax_japonicus",0.76,"species_equal","N_train/(S_train*R_species); total_weight=N_train","total_weight_equals_record_count","XLSX_R0081","binary","M3","species_equal","full","full","e21ed9b6fc2edb7d1547dd906fc8147a5db0a899a198120811665254cf5e4637"
80,"Lateolabrax_japonicus",0.76,"species_equal","N_train/(S_train*R_species); total_weight=N_train","total_weight_equals_record_count","XLSX_R0082","binary","M3","species_equal","full","full","e21ed9b6fc2edb7d1547dd906fc8147a5db0a899a198120811665254cf5e4637"
81,"Lateolabrax_japonicus",0.76,"species_equal","N_train/(S_train*R_species); total_weight=N_train","total_weight_equals_record_count","XLSX_R0083","binary","M3","species_equal","full","full","e21ed9b6fc2edb7d1547dd906fc8147a5db0a899a198120811665254cf5e4637"
82,"Lateolabrax_maculatus",3.04,"species_equal","N_train/(S_train*R_species); total_weight=N_train","total_weight_equals_record_count","XLSX_R0084","binary","M3","species_equal","full","full","e21ed9b6fc2edb7d1547dd906fc8147a5db0a899a198120811665254cf5e4637"
83,"Maccullochella_peelii",0.38,"species_equal","N_train/(S_train*R_species); total_weight=N_train","total_weight_equals_record_count","XLSX_R0085","binary","M3","species_equal","full","full","e21ed9b6fc2edb7d1547dd906fc8147a5db0a899a198120811665254cf5e4637"
84,"Maccullochella_peelii",0.38,"species_equal","N_train/(S_train*R_species); total_weight=N_train","total_weight_equals_record_count","XLSX_R0086","binary","M3","species_equal","full","full","e21ed9b6fc2edb7d1547dd906fc8147a5db0a899a198120811665254cf5e4637"
85,"Maccullochella_peelii",0.38,"species_equal","N_train/(S_train*R_species); total_weight=N_train","total_weight_equals_record_count","XLSX_R0087","binary","M3","species_equal","full","full","e21ed9b6fc2edb7d1547dd906fc8147a5db0a899a198120811665254cf5e4637"
86,"Maccullochella_peelii",0.38,"species_equal","N_train/(S_train*R_species); total_weight=N_train","total_weight_equals_record_count","XLSX_R0088","binary","M3","species_equal","full","full","e21ed9b6fc2edb7d1547dd906fc8147a5db0a899a198120811665254cf5e4637"
87,"Maccullochella_peelii",0.38,"species_equal","N_train/(S_train*R_species); total_weight=N_train","total_weight_equals_record_count","XLSX_R0089","binary","M3","species_equal","full","full","e21ed9b6fc2edb7d1547dd906fc8147a5db0a899a198120811665254cf5e4637"
88,"Maccullochella_peelii",0.38,"species_equal","N_train/(S_train*R_species); total_weight=N_train","total_weight_equals_record_count","XLSX_R0090","binary","M3","species_equal","full","full","e21ed9b6fc2edb7d1547dd906fc8147a5db0a899a198120811665254cf5e4637"
89,"Maccullochella_peelii",0.38,"species_equal","N_train/(S_train*R_species); total_weight=N_train","total_weight_equals_record_count","XLSX_R0091","binary","M3","species_equal","full","full","e21ed9b6fc2edb7d1547dd906fc8147a5db0a899a198120811665254cf5e4637"
90,"Maccullochella_peelii",0.38,"species_equal","N_train/(S_train*R_species); total_weight=N_train","total_weight_equals_record_count","XLSX_R0092","binary","M3","species_equal","full","full","e21ed9b6fc2edb7d1547dd906fc8147a5db0a899a198120811665254cf5e4637"
91,"Micropterus_salmoides",1.01333333333333,"species_equal","N_train/(S_train*R_species); total_weight=N_train","total_weight_equals_record_count","XLSX_R0093","binary","M3","species_equal","full","full","e21ed9b6fc2edb7d1547dd906fc8147a5db0a899a198120811665254cf5e4637"
92,"Micropterus_salmoides",1.01333333333333,"species_equal","N_train/(S_train*R_species); total_weight=N_train","total_weight_equals_record_count","XLSX_R0094","binary","M3","species_equal","full","full","e21ed9b6fc2edb7d1547dd906fc8147a5db0a899a198120811665254cf5e4637"
93,"Micropterus_salmoides",1.01333333333333,"species_equal","N_train/(S_train*R_species); total_weight=N_train","total_weight_equals_record_count","XLSX_R0095","binary","M3","species_equal","full","full","e21ed9b6fc2edb7d1547dd906fc8147a5db0a899a198120811665254cf5e4637"
94,"Oplegnathus_fasciatus",0.132173913043478,"species_equal","N_train/(S_train*R_species); total_weight=N_train","total_weight_equals_record_count","XLSX_R0096","binary","M3","species_equal","full","full","e21ed9b6fc2edb7d1547dd906fc8147a5db0a899a198120811665254cf5e4637"
95,"Oplegnathus_fasciatus",0.132173913043478,"species_equal","N_train/(S_train*R_species); total_weight=N_train","total_weight_equals_record_count","XLSX_R0097","binary","M3","species_equal","full","full","e21ed9b6fc2edb7d1547dd906fc8147a5db0a899a198120811665254cf5e4637"
96,"Oplegnathus_fasciatus",0.132173913043478,"species_equal","N_train/(S_train*R_species); total_weight=N_train","total_weight_equals_record_count","XLSX_R0098","binary","M3","species_equal","full","full","e21ed9b6fc2edb7d1547dd906fc8147a5db0a899a198120811665254cf5e4637"
97,"Oplegnathus_fasciatus",0.132173913043478,"species_equal","N_train/(S_train*R_species); total_weight=N_train","total_weight_equals_record_count","XLSX_R0099","binary","M3","species_equal","full","full","e21ed9b6fc2edb7d1547dd906fc8147a5db0a899a198120811665254cf5e4637"
98,"Oplegnathus_fasciatus",0.132173913043478,"species_equal","N_train/(S_train*R_species); total_weight=N_train","total_weight_equals_record_count","XLSX_R0100","binary","M3","species_equal","full","full","e21ed9b6fc2edb7d1547dd906fc8147a5db0a899a198120811665254cf5e4637"
99,"Oplegnathus_fasciatus",0.132173913043478,"species_equal","N_train/(S_train*R_species); total_weight=N_train","total_weight_equals_record_count","XLSX_R0101","binary","M3","species_equal","full","full","e21ed9b6fc2edb7d1547dd906fc8147a5db0a899a198120811665254cf5e4637"
100,"Oplegnathus_fasciatus",0.132173913043478,"species_equal","N_train/(S_train*R_species); total_weight=N_train","total_weight_equals_record_count","XLSX_R0102","binary","M3","species_equal","full","full","e21ed9b6fc2edb7d1547dd906fc8147a5db0a899a198120811665254cf5e4637"
101,"Oplegnathus_fasciatus",0.132173913043478,"species_equal","N_train/(S_train*R_species); total_weight=N_train","total_weight_equals_record_count","XLSX_R0103","binary","M3","species_equal","full","full","e21ed9b6fc2edb7d1547dd906fc8147a5db0a899a198120811665254cf5e4637"
102,"Oplegnathus_fasciatus",0.132173913043478,"species_equal","N_train/(S_train*R_species); total_weight=N_train","total_weight_equals_record_count","XLSX_R0104","binary","M3","species_equal","full","full","e21ed9b6fc2edb7d1547dd906fc8147a5db0a899a198120811665254cf5e4637"
103,"Oplegnathus_fasciatus",0.132173913043478,"species_equal","N_train/(S_train*R_species); total_weight=N_train","total_weight_equals_record_count","XLSX_R0105","binary","M3","species_equal","full","full","e21ed9b6fc2edb7d1547dd906fc8147a5db0a899a198120811665254cf5e4637"
104,"Oplegnathus_fasciatus",0.132173913043478,"species_equal","N_train/(S_train*R_species); total_weight=N_train","total_weight_equals_record_count","XLSX_R0106","binary","M3","species_equal","full","full","e21ed9b6fc2edb7d1547dd906fc8147a5db0a899a198120811665254cf5e4637"
105,"Oplegnathus_fasciatus",0.132173913043478,"species_equal","N_train/(S_train*R_species); total_weight=N_train","total_weight_equals_record_count","XLSX_R0107","binary","M3","species_equal","full","full","e21ed9b6fc2edb7d1547dd906fc8147a5db0a899a198120811665254cf5e4637"
106,"Oplegnathus_fasciatus",0.132173913043478,"species_equal","N_train/(S_train*R_species); total_weight=N_train","total_weight_equals_record_count","XLSX_R0108","binary","M3","species_equal","full","full","e21ed9b6fc2edb7d1547dd906fc8147a5db0a899a198120811665254cf5e4637"
107,"Oplegnathus_fasciatus",0.132173913043478,"species_equal","N_train/(S_train*R_species); total_weight=N_train","total_weight_equals_record_count","XLSX_R0109","binary","M3","species_equal","full","full","e21ed9b6fc2edb7d1547dd906fc8147a5db0a899a198120811665254cf5e4637"
108,"Oplegnathus_fasciatus",0.132173913043478,"species_equal","N_train/(S_train*R_species); total_weight=N_train","total_weight_equals_record_count","XLSX_R0110","binary","M3","species_equal","full","full","e21ed9b6fc2edb7d1547dd906fc8147a5db0a899a198120811665254cf5e4637"
109,"Oplegnathus_fasciatus",0.132173913043478,"species_equal","N_train/(S_train*R_species); total_weight=N_train","total_weight_equals_record_count","XLSX_R0111","binary","M3","species_equal","full","full","e21ed9b6fc2edb7d1547dd906fc8147a5db0a899a198120811665254cf5e4637"
110,"Oplegnathus_fasciatus",0.132173913043478,"species_equal","N_train/(S_train*R_species); total_weight=N_train","total_weight_equals_record_count","XLSX_R0112","binary","M3","species_equal","full","full","e21ed9b6fc2edb7d1547dd906fc8147a5db0a899a198120811665254cf5e4637"
111,"Oplegnathus_fasciatus",0.132173913043478,"species_equal","N_train/(S_train*R_species); total_weight=N_train","total_weight_equals_record_count","XLSX_R0113","binary","M3","species_equal","full","full","e21ed9b6fc2edb7d1547dd906fc8147a5db0a899a198120811665254cf5e4637"
112,"Oplegnathus_fasciatus",0.132173913043478,"species_equal","N_train/(S_train*R_species); total_weight=N_train","total_weight_equals_record_count","XLSX_R0114","binary","M3","species_equal","full","full","e21ed9b6fc2edb7d1547dd906fc8147a5db0a899a198120811665254cf5e4637"
113,"Oplegnathus_fasciatus",0.132173913043478,"species_equal","N_train/(S_train*R_species); total_weight=N_train","total_weight_equals_record_count","XLSX_R0115","binary","M3","species_equal","full","full","e21ed9b6fc2edb7d1547dd906fc8147a5db0a899a198120811665254cf5e4637"
114,"Oplegnathus_fasciatus",0.132173913043478,"species_equal","N_train/(S_train*R_species); total_weight=N_train","total_weight_equals_record_count","XLSX_R0116","binary","M3","species_equal","full","full","e21ed9b6fc2edb7d1547dd906fc8147a5db0a899a198120811665254cf5e4637"
115,"Oplegnathus_fasciatus",0.132173913043478,"species_equal","N_train/(S_train*R_species); total_weight=N_train","total_weight_equals_record_count","XLSX_R0117","binary","M3","species_equal","full","full","e21ed9b6fc2edb7d1547dd906fc8147a5db0a899a198120811665254cf5e4637"
116,"Oplegnathus_fasciatus",0.132173913043478,"species_equal","N_train/(S_train*R_species); total_weight=N_train","total_weight_equals_record_count","XLSX_R0118","binary","M3","species_equal","full","full","e21ed9b6fc2edb7d1547dd906fc8147a5db0a899a198120811665254cf5e4637"
117,"Oplegnathus_punctatus",3.04,"species_equal","N_train/(S_train*R_species); total_weight=N_train","total_weight_equals_record_count","XLSX_R0119","binary","M3","species_equal","full","full","e21ed9b6fc2edb7d1547dd906fc8147a5db0a899a198120811665254cf5e4637"
118,"Siniperca_chuatsi",0.276363636363636,"species_equal","N_train/(S_train*R_species); total_weight=N_train","total_weight_equals_record_count","XLSX_R0120","binary","M3","species_equal","full","full","e21ed9b6fc2edb7d1547dd906fc8147a5db0a899a198120811665254cf5e4637"
119,"Siniperca_chuatsi",0.276363636363636,"species_equal","N_train/(S_train*R_species); total_weight=N_train","total_weight_equals_record_count","XLSX_R0121","binary","M3","species_equal","full","full","e21ed9b6fc2edb7d1547dd906fc8147a5db0a899a198120811665254cf5e4637"
120,"Siniperca_chuatsi",0.276363636363636,"species_equal","N_train/(S_train*R_species); total_weight=N_train","total_weight_equals_record_count","XLSX_R0122","binary","M3","species_equal","full","full","e21ed9b6fc2edb7d1547dd906fc8147a5db0a899a198120811665254cf5e4637"
121,"Siniperca_chuatsi",0.276363636363636,"species_equal","N_train/(S_train*R_species); total_weight=N_train","total_weight_equals_record_count","XLSX_R0123","binary","M3","species_equal","full","full","e21ed9b6fc2edb7d1547dd906fc8147a5db0a899a198120811665254cf5e4637"
122,"Siniperca_chuatsi",0.276363636363636,"species_equal","N_train/(S_train*R_species); total_weight=N_train","total_weight_equals_record_count","XLSX_R0124","binary","M3","species_equal","full","full","e21ed9b6fc2edb7d1547dd906fc8147a5db0a899a198120811665254cf5e4637"
123,"Siniperca_chuatsi",0.276363636363636,"species_equal","N_train/(S_train*R_species); total_weight=N_train","total_weight_equals_record_count","XLSX_R0125","binary","M3","species_equal","full","full","e21ed9b6fc2edb7d1547dd906fc8147a5db0a899a198120811665254cf5e4637"
124,"Siniperca_chuatsi",0.276363636363636,"species_equal","N_train/(S_train*R_species); total_weight=N_train","total_weight_equals_record_count","XLSX_R0126","binary","M3","species_equal","full","full","e21ed9b6fc2edb7d1547dd906fc8147a5db0a899a198120811665254cf5e4637"
125,"Siniperca_chuatsi",0.276363636363636,"species_equal","N_train/(S_train*R_species); total_weight=N_train","total_weight_equals_record_count","XLSX_R0127","binary","M3","species_equal","full","full","e21ed9b6fc2edb7d1547dd906fc8147a5db0a899a198120811665254cf5e4637"
126,"Siniperca_chuatsi",0.276363636363636,"species_equal","N_train/(S_train*R_species); total_weight=N_train","total_weight_equals_record_count","XLSX_R0128","binary","M3","species_equal","full","full","e21ed9b6fc2edb7d1547dd906fc8147a5db0a899a198120811665254cf5e4637"
127,"Siniperca_chuatsi",0.276363636363636,"species_equal","N_train/(S_train*R_species); total_weight=N_train","total_weight_equals_record_count","XLSX_R0129","binary","M3","species_equal","full","full","e21ed9b6fc2edb7d1547dd906fc8147a5db0a899a198120811665254cf5e4637"
128,"Siniperca_chuatsi",0.276363636363636,"species_equal","N_train/(S_train*R_species); total_weight=N_train","total_weight_equals_record_count","XLSX_R0130","binary","M3","species_equal","full","full","e21ed9b6fc2edb7d1547dd906fc8147a5db0a899a198120811665254cf5e4637"
129,"Siniperca_scherzeri",0.76,"species_equal","N_train/(S_train*R_species); total_weight=N_train","total_weight_equals_record_count","XLSX_R0131","binary","M3","species_equal","full","full","e21ed9b6fc2edb7d1547dd906fc8147a5db0a899a198120811665254cf5e4637"
130,"Siniperca_scherzeri",0.76,"species_equal","N_train/(S_train*R_species); total_weight=N_train","total_weight_equals_record_count","XLSX_R0132","binary","M3","species_equal","full","full","e21ed9b6fc2edb7d1547dd906fc8147a5db0a899a198120811665254cf5e4637"
131,"Siniperca_scherzeri",0.76,"species_equal","N_train/(S_train*R_species); total_weight=N_train","total_weight_equals_record_count","XLSX_R0133","binary","M3","species_equal","full","full","e21ed9b6fc2edb7d1547dd906fc8147a5db0a899a198120811665254cf5e4637"
132,"Siniperca_scherzeri",0.76,"species_equal","N_train/(S_train*R_species); total_weight=N_train","total_weight_equals_record_count","XLSX_R0134","binary","M3","species_equal","full","full","e21ed9b6fc2edb7d1547dd906fc8147a5db0a899a198120811665254cf5e4637"
133,"Cromileptes_altivelis",0.506666666666667,"species_equal","N_train/(S_train*R_species); total_weight=N_train","total_weight_equals_record_count","XLSX_R0135","binary","M3","species_equal","full","full","e21ed9b6fc2edb7d1547dd906fc8147a5db0a899a198120811665254cf5e4637"
134,"Cromileptes_altivelis",0.506666666666667,"species_equal","N_train/(S_train*R_species); total_weight=N_train","total_weight_equals_record_count","XLSX_R0136","binary","M3","species_equal","full","full","e21ed9b6fc2edb7d1547dd906fc8147a5db0a899a198120811665254cf5e4637"
135,"Cromileptes_altivelis",0.506666666666667,"species_equal","N_train/(S_train*R_species); total_weight=N_train","total_weight_equals_record_count","XLSX_R0137","binary","M3","species_equal","full","full","e21ed9b6fc2edb7d1547dd906fc8147a5db0a899a198120811665254cf5e4637"
136,"Cromileptes_altivelis",0.506666666666667,"species_equal","N_train/(S_train*R_species); total_weight=N_train","total_weight_equals_record_count","XLSX_R0138","binary","M3","species_equal","full","full","e21ed9b6fc2edb7d1547dd906fc8147a5db0a899a198120811665254cf5e4637"
137,"Cromileptes_altivelis",0.506666666666667,"species_equal","N_train/(S_train*R_species); total_weight=N_train","total_weight_equals_record_count","XLSX_R0139","binary","M3","species_equal","full","full","e21ed9b6fc2edb7d1547dd906fc8147a5db0a899a198120811665254cf5e4637"
138,"Cromileptes_altivelis",0.506666666666667,"species_equal","N_train/(S_train*R_species); total_weight=N_train","total_weight_equals_record_count","XLSX_R0140","binary","M3","species_equal","full","full","e21ed9b6fc2edb7d1547dd906fc8147a5db0a899a198120811665254cf5e4637"
139,"Epinephelus_bruneus",1.01333333333333,"species_equal","N_train/(S_train*R_species); total_weight=N_train","total_weight_equals_record_count","XLSX_R0141","binary","M3","species_equal","full","full","e21ed9b6fc2edb7d1547dd906fc8147a5db0a899a198120811665254cf5e4637"
140,"Epinephelus_bruneus",1.01333333333333,"species_equal","N_train/(S_train*R_species); total_weight=N_train","total_weight_equals_record_count","XLSX_R0142","binary","M3","species_equal","full","full","e21ed9b6fc2edb7d1547dd906fc8147a5db0a899a198120811665254cf5e4637"
141,"Epinephelus_bruneus",1.01333333333333,"species_equal","N_train/(S_train*R_species); total_weight=N_train","total_weight_equals_record_count","XLSX_R0143","binary","M3","species_equal","full","full","e21ed9b6fc2edb7d1547dd906fc8147a5db0a899a198120811665254cf5e4637"
142,"Epinephelus_coioides",1.52,"species_equal","N_train/(S_train*R_species); total_weight=N_train","total_weight_equals_record_count","XLSX_R0144","binary","M3","species_equal","full","full","e21ed9b6fc2edb7d1547dd906fc8147a5db0a899a198120811665254cf5e4637"
143,"Epinephelus_coioides",1.52,"species_equal","N_train/(S_train*R_species); total_weight=N_train","total_weight_equals_record_count","XLSX_R0145","binary","M3","species_equal","full","full","e21ed9b6fc2edb7d1547dd906fc8147a5db0a899a198120811665254cf5e4637"
144,"Epinephelus_fuscoguttatus",1.52,"species_equal","N_train/(S_train*R_species); total_weight=N_train","total_weight_equals_record_count","XLSX_R0146","binary","M3","species_equal","full","full","e21ed9b6fc2edb7d1547dd906fc8147a5db0a899a198120811665254cf5e4637"
145,"Epinephelus_fuscoguttatus",1.52,"species_equal","N_train/(S_train*R_species); total_weight=N_train","total_weight_equals_record_count","XLSX_R0147","binary","M3","species_equal","full","full","e21ed9b6fc2edb7d1547dd906fc8147a5db0a899a198120811665254cf5e4637"
146,"Epinephelus_lanceolatus",1.52,"species_equal","N_train/(S_train*R_species); total_weight=N_train","total_weight_equals_record_count","XLSX_R0148","binary","M3","species_equal","full","full","e21ed9b6fc2edb7d1547dd906fc8147a5db0a899a198120811665254cf5e4637"
147,"Epinephelus_lanceolatus",1.52,"species_equal","N_train/(S_train*R_species); total_weight=N_train","total_weight_equals_record_count","XLSX_R0149","binary","M3","species_equal","full","full","e21ed9b6fc2edb7d1547dd906fc8147a5db0a899a198120811665254cf5e4637"
148,"Epinephelus_malabaricus",1.01333333333333,"species_equal","N_train/(S_train*R_species); total_weight=N_train","total_weight_equals_record_count","XLSX_R0150","binary","M3","species_equal","full","full","e21ed9b6fc2edb7d1547dd906fc8147a5db0a899a198120811665254cf5e4637"
149,"Epinephelus_malabaricus",1.01333333333333,"species_equal","N_train/(S_train*R_species); total_weight=N_train","total_weight_equals_record_count","XLSX_R0151","binary","M3","species_equal","full","full","e21ed9b6fc2edb7d1547dd906fc8147a5db0a899a198120811665254cf5e4637"
150,"Epinephelus_malabaricus",1.01333333333333,"species_equal","N_train/(S_train*R_species); total_weight=N_train","total_weight_equals_record_count","XLSX_R0152","binary","M3","species_equal","full","full","e21ed9b6fc2edb7d1547dd906fc8147a5db0a899a198120811665254cf5e4637"
151,"Plectropomus_leopardus",1.52,"species_equal","N_train/(S_train*R_species); total_weight=N_train","total_weight_equals_record_count","XLSX_R0153","binary","M3","species_equal","full","full","e21ed9b6fc2edb7d1547dd906fc8147a5db0a899a198120811665254cf5e4637"
152,"Plectropomus_leopardus",1.52,"species_equal","N_train/(S_train*R_species); total_weight=N_train","total_weight_equals_record_count","XLSX_R0154","binary","M3","species_equal","full","full","e21ed9b6fc2edb7d1547dd906fc8147a5db0a899a198120811665254cf5e4637"
1,"Carassius_auratus",1,"record_equal","N_train/(S_train*R_species); total_weight=N_train","total_weight_equals_record_count","XLSX_R0002","joint_bb","Null","record_equal","full","full","51957d61bfcc18a4a62fcdae8a76231eba3ddd5948fe6b651ba5d572401f3adb"
2,"Carassius_auratus",1,"record_equal","N_train/(S_train*R_species); total_weight=N_train","total_weight_equals_record_count","XLSX_R0003","joint_bb","Null","record_equal","full","full","51957d61bfcc18a4a62fcdae8a76231eba3ddd5948fe6b651ba5d572401f3adb"
3,"Carassius_auratus",1,"record_equal","N_train/(S_train*R_species); total_weight=N_train","total_weight_equals_record_count","XLSX_R0004","joint_bb","Null","record_equal","full","full","51957d61bfcc18a4a62fcdae8a76231eba3ddd5948fe6b651ba5d572401f3adb"
4,"Carassius_auratus",1,"record_equal","N_train/(S_train*R_species); total_weight=N_train","total_weight_equals_record_count","XLSX_R0005","joint_bb","Null","record_equal","full","full","51957d61bfcc18a4a62fcdae8a76231eba3ddd5948fe6b651ba5d572401f3adb"
5,"Carassius_carassius",1,"record_equal","N_train/(S_train*R_species); total_weight=N_train","total_weight_equals_record_count","XLSX_R0006","joint_bb","Null","record_equal","full","full","51957d61bfcc18a4a62fcdae8a76231eba3ddd5948fe6b651ba5d572401f3adb"
6,"Ctenopharyngodon_idella",1,"record_equal","N_train/(S_train*R_species); total_weight=N_train","total_weight_equals_record_count","XLSX_R0007","joint_bb","Null","record_equal","full","full","51957d61bfcc18a4a62fcdae8a76231eba3ddd5948fe6b651ba5d572401f3adb"
7,"Cirrhinus_molitorella",1,"record_equal","N_train/(S_train*R_species); total_weight=N_train","total_weight_equals_record_count","XLSX_R0008","joint_bb","Null","record_equal","full","full","51957d61bfcc18a4a62fcdae8a76231eba3ddd5948fe6b651ba5d572401f3adb"
8,"Danio_rerio",1,"record_equal","N_train/(S_train*R_species); total_weight=N_train","total_weight_equals_record_count","XLSX_R0009","joint_bb","Null","record_equal","full","full","51957d61bfcc18a4a62fcdae8a76231eba3ddd5948fe6b651ba5d572401f3adb"
9,"Danio_rerio",1,"record_equal","N_train/(S_train*R_species); total_weight=N_train","total_weight_equals_record_count","XLSX_R0010","joint_bb","Null","record_equal","full","full","51957d61bfcc18a4a62fcdae8a76231eba3ddd5948fe6b651ba5d572401f3adb"
10,"Danio_rerio",1,"record_equal","N_train/(S_train*R_species); total_weight=N_train","total_weight_equals_record_count","XLSX_R0011","joint_bb","Null","record_equal","full","full","51957d61bfcc18a4a62fcdae8a76231eba3ddd5948fe6b651ba5d572401f3adb"
11,"Pygocentrus_nattereri",1,"record_equal","N_train/(S_train*R_species); total_weight=N_train","total_weight_equals_record_count","XLSX_R0012","joint_bb","Null","record_equal","full","full","51957d61bfcc18a4a62fcdae8a76231eba3ddd5948fe6b651ba5d572401f3adb"
12,"Thunnus_orientalis",1,"record_equal","N_train/(S_train*R_species); total_weight=N_train","total_weight_equals_record_count","XLSX_R0013","joint_bb","Null","record_equal","full","full","51957d61bfcc18a4a62fcdae8a76231eba3ddd5948fe6b651ba5d572401f3adb"
13,"Thunnus_orientalis",1,"record_equal","N_train/(S_train*R_species); total_weight=N_train","total_weight_equals_record_count","XLSX_R0014","joint_bb","Null","record_equal","full","full","51957d61bfcc18a4a62fcdae8a76231eba3ddd5948fe6b651ba5d572401f3adb"
14,"Thunnus_orientalis",1,"record_equal","N_train/(S_train*R_species); total_weight=N_train","total_weight_equals_record_count","XLSX_R0015","joint_bb","Null","record_equal","full","full","51957d61bfcc18a4a62fcdae8a76231eba3ddd5948fe6b651ba5d572401f3adb"
15,"Pampus_argenteus",1,"record_equal","N_train/(S_train*R_species); total_weight=N_train","total_weight_equals_record_count","XLSX_R0016","joint_bb","Null","record_equal","full","full","51957d61bfcc18a4a62fcdae8a76231eba3ddd5948fe6b651ba5d572401f3adb"
16,"Pampus_argenteus",1,"record_equal","N_train/(S_train*R_species); total_weight=N_train","total_weight_equals_record_count","XLSX_R0017","joint_bb","Null","record_equal","full","full","51957d61bfcc18a4a62fcdae8a76231eba3ddd5948fe6b651ba5d572401f3adb"
17,"Pampus_argenteus",1,"record_equal","N_train/(S_train*R_species); total_weight=N_train","total_weight_equals_record_count","XLSX_R0018","joint_bb","Null","record_equal","full","full","51957d61bfcc18a4a62fcdae8a76231eba3ddd5948fe6b651ba5d572401f3adb"
18,"Pampus_argenteus",1,"record_equal","N_train/(S_train*R_species); total_weight=N_train","total_weight_equals_record_count","XLSX_R0019","joint_bb","Null","record_equal","full","full","51957d61bfcc18a4a62fcdae8a76231eba3ddd5948fe6b651ba5d572401f3adb"
19,"Pampus_argenteus",1,"record_equal","N_train/(S_train*R_species); total_weight=N_train","total_weight_equals_record_count","XLSX_R0020","joint_bb","Null","record_equal","full","full","51957d61bfcc18a4a62fcdae8a76231eba3ddd5948fe6b651ba5d572401f3adb"
20,"Pterapogon_kauderni",1,"record_equal","N_train/(S_train*R_species); total_weight=N_train","total_weight_equals_record_count","XLSX_R0021","joint_bb","Null","record_equal","full","full","51957d61bfcc18a4a62fcdae8a76231eba3ddd5948fe6b651ba5d572401f3adb"
21,"Pterapogon_kauderni",1,"record_equal","N_train/(S_train*R_species); total_weight=N_train","total_weight_equals_record_count","XLSX_R0022","joint_bb","Null","record_equal","full","full","51957d61bfcc18a4a62fcdae8a76231eba3ddd5948fe6b651ba5d572401f3adb"
22,"Pterapogon_kauderni",1,"record_equal","N_train/(S_train*R_species); total_weight=N_train","total_weight_equals_record_count","XLSX_R0023","joint_bb","Null","record_equal","full","full","51957d61bfcc18a4a62fcdae8a76231eba3ddd5948fe6b651ba5d572401f3adb"
23,"Oxyeleotris_marmorata",1,"record_equal","N_train/(S_train*R_species); total_weight=N_train","total_weight_equals_record_count","XLSX_R0024","joint_bb","Null","record_equal","full","full","51957d61bfcc18a4a62fcdae8a76231eba3ddd5948fe6b651ba5d572401f3adb"
24,"Oxyeleotris_marmorata",1,"record_equal","N_train/(S_train*R_species); total_weight=N_train","total_weight_equals_record_count","XLSX_R0025","joint_bb","Null","record_equal","full","full","51957d61bfcc18a4a62fcdae8a76231eba3ddd5948fe6b651ba5d572401f3adb"
25,"Anabas_testudineus",1,"record_equal","N_train/(S_train*R_species); total_weight=N_train","total_weight_equals_record_count","XLSX_R0026","joint_bb","Null","record_equal","full","full","51957d61bfcc18a4a62fcdae8a76231eba3ddd5948fe6b651ba5d572401f3adb"
26,"Channa_argus",1,"record_equal","N_train/(S_train*R_species); total_weight=N_train","total_weight_equals_record_count","XLSX_R0027","joint_bb","Null","record_equal","full","full","51957d61bfcc18a4a62fcdae8a76231eba3ddd5948fe6b651ba5d572401f3adb"
27,"Trichopodus_trichopterus",1,"record_equal","N_train/(S_train*R_species); total_weight=N_train","total_weight_equals_record_count","XLSX_R0028","joint_bb","Null","record_equal","full","full","51957d61bfcc18a4a62fcdae8a76231eba3ddd5948fe6b651ba5d572401f3adb"
28,"Eleutheronema_tetradactylum",1,"record_equal","N_train/(S_train*R_species); total_weight=N_train","total_weight_equals_record_count","XLSX_R0029","joint_bb","Null","record_equal","full","full","51957d61bfcc18a4a62fcdae8a76231eba3ddd5948fe6b651ba5d572401f3adb"
29,"Lates_calcarifer",1,"record_equal","N_train/(S_train*R_species); total_weight=N_train","total_weight_equals_record_count","XLSX_R0030","joint_bb","Null","record_equal","full","full","51957d61bfcc18a4a62fcdae8a76231eba3ddd5948fe6b651ba5d572401f3adb"
30,"Lates_calcarifer",1,"record_equal","N_train/(S_train*R_species); total_weight=N_train","total_weight_equals_record_count","XLSX_R0031","joint_bb","Null","record_equal","full","full","51957d61bfcc18a4a62fcdae8a76231eba3ddd5948fe6b651ba5d572401f3adb"
31,"Lates_calcarifer",1,"record_equal","N_train/(S_train*R_species); total_weight=N_train","total_weight_equals_record_count","XLSX_R0032","joint_bb","Null","record_equal","full","full","51957d61bfcc18a4a62fcdae8a76231eba3ddd5948fe6b651ba5d572401f3adb"
32,"Lates_calcarifer",1,"record_equal","N_train/(S_train*R_species); total_weight=N_train","total_weight_equals_record_count","XLSX_R0033","joint_bb","Null","record_equal","full","full","51957d61bfcc18a4a62fcdae8a76231eba3ddd5948fe6b651ba5d572401f3adb"
33,"Seriola_dumerili",1,"record_equal","N_train/(S_train*R_species); total_weight=N_train","total_weight_equals_record_count","XLSX_R0034","joint_bb","Null","record_equal","full","full","51957d61bfcc18a4a62fcdae8a76231eba3ddd5948fe6b651ba5d572401f3adb"
34,"Seriola_dumerili",1,"record_equal","N_train/(S_train*R_species); total_weight=N_train","total_weight_equals_record_count","XLSX_R0035","joint_bb","Null","record_equal","full","full","51957d61bfcc18a4a62fcdae8a76231eba3ddd5948fe6b651ba5d572401f3adb"
35,"Paralichthys_olivaceus",1,"record_equal","N_train/(S_train*R_species); total_weight=N_train","total_weight_equals_record_count","XLSX_R0036","joint_bb","Null","record_equal","full","full","51957d61bfcc18a4a62fcdae8a76231eba3ddd5948fe6b651ba5d572401f3adb"
36,"Paralichthys_olivaceus",1,"record_equal","N_train/(S_train*R_species); total_weight=N_train","total_weight_equals_record_count","XLSX_R0037","joint_bb","Null","record_equal","full","full","51957d61bfcc18a4a62fcdae8a76231eba3ddd5948fe6b651ba5d572401f3adb"
37,"Platichthys_stellatus",1,"record_equal","N_train/(S_train*R_species); total_weight=N_train","total_weight_equals_record_count","XLSX_R0038","joint_bb","Null","record_equal","full","full","51957d61bfcc18a4a62fcdae8a76231eba3ddd5948fe6b651ba5d572401f3adb"
38,"Scophthalmus_maximus",1,"record_equal","N_train/(S_train*R_species); total_weight=N_train","total_weight_equals_record_count","XLSX_R0039","joint_bb","Null","record_equal","full","full","51957d61bfcc18a4a62fcdae8a76231eba3ddd5948fe6b651ba5d572401f3adb"
39,"Astronotus_ocellatus",1,"record_equal","N_train/(S_train*R_species); total_weight=N_train","total_weight_equals_record_count","XLSX_R0040","joint_bb","Null","record_equal","full","full","51957d61bfcc18a4a62fcdae8a76231eba3ddd5948fe6b651ba5d572401f3adb"
40,"Astronotus_ocellatus",1,"record_equal","N_train/(S_train*R_species); total_weight=N_train","total_weight_equals_record_count","XLSX_R0041","joint_bb","Null","record_equal","full","full","51957d61bfcc18a4a62fcdae8a76231eba3ddd5948fe6b651ba5d572401f3adb"
41,"Oreochromis_niloticus",1,"record_equal","N_train/(S_train*R_species); total_weight=N_train","total_weight_equals_record_count","XLSX_R0042","joint_bb","Null","record_equal","full","full","51957d61bfcc18a4a62fcdae8a76231eba3ddd5948fe6b651ba5d572401f3adb"
42,"Oreochromis_niloticus",1,"record_equal","N_train/(S_train*R_species); total_weight=N_train","total_weight_equals_record_count","XLSX_R0043","joint_bb","Null","record_equal","full","full","51957d61bfcc18a4a62fcdae8a76231eba3ddd5948fe6b651ba5d572401f3adb"
43,"Oreochromis_niloticus",1,"record_equal","N_train/(S_train*R_species); total_weight=N_train","total_weight_equals_record_count","XLSX_R0044","joint_bb","Null","record_equal","full","full","51957d61bfcc18a4a62fcdae8a76231eba3ddd5948fe6b651ba5d572401f3adb"
44,"Pterophyllum_scalare",1,"record_equal","N_train/(S_train*R_species); total_weight=N_train","total_weight_equals_record_count","XLSX_R0045","joint_bb","Null","record_equal","full","full","51957d61bfcc18a4a62fcdae8a76231eba3ddd5948fe6b651ba5d572401f3adb"
45,"Poecilia_latipinna",1,"record_equal","N_train/(S_train*R_species); total_weight=N_train","total_weight_equals_record_count","XLSX_R0046","joint_bb","Null","record_equal","full","full","51957d61bfcc18a4a62fcdae8a76231eba3ddd5948fe6b651ba5d572401f3adb"
46,"Poecilia_reticulata",1,"record_equal","N_train/(S_train*R_species); total_weight=N_train","total_weight_equals_record_count","XLSX_R0047","joint_bb","Null","record_equal","full","full","51957d61bfcc18a4a62fcdae8a76231eba3ddd5948fe6b651ba5d572401f3adb"
47,"Poecilia_reticulata",1,"record_equal","N_train/(S_train*R_species); total_weight=N_train","total_weight_equals_record_count","XLSX_R0048","joint_bb","Null","record_equal","full","full","51957d61bfcc18a4a62fcdae8a76231eba3ddd5948fe6b651ba5d572401f3adb"
48,"Poecilia_reticulata",1,"record_equal","N_train/(S_train*R_species); total_weight=N_train","total_weight_equals_record_count","XLSX_R0049","joint_bb","Null","record_equal","full","full","51957d61bfcc18a4a62fcdae8a76231eba3ddd5948fe6b651ba5d572401f3adb"
49,"Poropanchax_normani",1,"record_equal","N_train/(S_train*R_species); total_weight=N_train","total_weight_equals_record_count","XLSX_R0050","joint_bb","Null","record_equal","full","full","51957d61bfcc18a4a62fcdae8a76231eba3ddd5948fe6b651ba5d572401f3adb"
50,"Poropanchax_normani",1,"record_equal","N_train/(S_train*R_species); total_weight=N_train","total_weight_equals_record_count","XLSX_R0051","joint_bb","Null","record_equal","full","full","51957d61bfcc18a4a62fcdae8a76231eba3ddd5948fe6b651ba5d572401f3adb"
51,"Xiphophorus_hellerii",1,"record_equal","N_train/(S_train*R_species); total_weight=N_train","total_weight_equals_record_count","XLSX_R0052","joint_bb","Null","record_equal","full","full","51957d61bfcc18a4a62fcdae8a76231eba3ddd5948fe6b651ba5d572401f3adb"
52,"Xiphophorus_hellerii",1,"record_equal","N_train/(S_train*R_species); total_weight=N_train","total_weight_equals_record_count","XLSX_R0053","joint_bb","Null","record_equal","full","full","51957d61bfcc18a4a62fcdae8a76231eba3ddd5948fe6b651ba5d572401f3adb"
53,"Xiphophorus_hellerii",1,"record_equal","N_train/(S_train*R_species); total_weight=N_train","total_weight_equals_record_count","XLSX_R0054","joint_bb","Null","record_equal","full","full","51957d61bfcc18a4a62fcdae8a76231eba3ddd5948fe6b651ba5d572401f3adb"
54,"Xiphophorus_hellerii",1,"record_equal","N_train/(S_train*R_species); total_weight=N_train","total_weight_equals_record_count","XLSX_R0055","joint_bb","Null","record_equal","full","full","51957d61bfcc18a4a62fcdae8a76231eba3ddd5948fe6b651ba5d572401f3adb"
55,"Xiphophorus_maculatus",1,"record_equal","N_train/(S_train*R_species); total_weight=N_train","total_weight_equals_record_count","XLSX_R0056","joint_bb","Null","record_equal","full","full","51957d61bfcc18a4a62fcdae8a76231eba3ddd5948fe6b651ba5d572401f3adb"
56,"Mugil_cephalus",1,"record_equal","N_train/(S_train*R_species); total_weight=N_train","total_weight_equals_record_count","XLSX_R0057","joint_bb","Null","record_equal","full","full","51957d61bfcc18a4a62fcdae8a76231eba3ddd5948fe6b651ba5d572401f3adb"
57,"Mugil_cephalus",1,"record_equal","N_train/(S_train*R_species); total_weight=N_train","total_weight_equals_record_count","XLSX_R0058","joint_bb","Null","record_equal","full","full","51957d61bfcc18a4a62fcdae8a76231eba3ddd5948fe6b651ba5d572401f3adb"
58,"Larimichthys_crocea",1,"record_equal","N_train/(S_train*R_species); total_weight=N_train","total_weight_equals_record_count","XLSX_R0059","joint_bb","Null","record_equal","full","full","51957d61bfcc18a4a62fcdae8a76231eba3ddd5948fe6b651ba5d572401f3adb"
59,"Larimichthys_crocea",1,"record_equal","N_train/(S_train*R_species); total_weight=N_train","total_weight_equals_record_count","XLSX_R0060","joint_bb","Null","record_equal","full","full","51957d61bfcc18a4a62fcdae8a76231eba3ddd5948fe6b651ba5d572401f3adb"
60,"Sciaenops_ocellatus",1,"record_equal","N_train/(S_train*R_species); total_weight=N_train","total_weight_equals_record_count","XLSX_R0061","joint_bb","Null","record_equal","full","full","51957d61bfcc18a4a62fcdae8a76231eba3ddd5948fe6b651ba5d572401f3adb"
61,"Platax_orbicularis",1,"record_equal","N_train/(S_train*R_species); total_weight=N_train","total_weight_equals_record_count","XLSX_R0062","joint_bb","Null","record_equal","full","full","51957d61bfcc18a4a62fcdae8a76231eba3ddd5948fe6b651ba5d572401f3adb"
62,"Lutjanus_erythropterus",1,"record_equal","N_train/(S_train*R_species); total_weight=N_train","total_weight_equals_record_count","XLSX_R0063","joint_bb","Null","record_equal","full","full","51957d61bfcc18a4a62fcdae8a76231eba3ddd5948fe6b651ba5d572401f3adb"
63,"Acanthopagrus_schlegelii",1,"record_equal","N_train/(S_train*R_species); total_weight=N_train","total_weight_equals_record_count","XLSX_R0064","joint_bb","Null","record_equal","full","full","51957d61bfcc18a4a62fcdae8a76231eba3ddd5948fe6b651ba5d572401f3adb"
64,"Acanthopagrus_schlegelii",1,"record_equal","N_train/(S_train*R_species); total_weight=N_train","total_weight_equals_record_count","XLSX_R0065","joint_bb","Null","record_equal","full","full","51957d61bfcc18a4a62fcdae8a76231eba3ddd5948fe6b651ba5d572401f3adb"
65,"Acanthopagrus_schlegelii",1,"record_equal","N_train/(S_train*R_species); total_weight=N_train","total_weight_equals_record_count","XLSX_R0066","joint_bb","Null","record_equal","full","full","51957d61bfcc18a4a62fcdae8a76231eba3ddd5948fe6b651ba5d572401f3adb"
66,"Acanthopagrus_schlegelii",1,"record_equal","N_train/(S_train*R_species); total_weight=N_train","total_weight_equals_record_count","XLSX_R0067","joint_bb","Null","record_equal","full","full","51957d61bfcc18a4a62fcdae8a76231eba3ddd5948fe6b651ba5d572401f3adb"
67,"Lethrinus_nebulosus",1,"record_equal","N_train/(S_train*R_species); total_weight=N_train","total_weight_equals_record_count","XLSX_R0068","joint_bb","Null","record_equal","full","full","51957d61bfcc18a4a62fcdae8a76231eba3ddd5948fe6b651ba5d572401f3adb"
68,"Lethrinus_nebulosus",1,"record_equal","N_train/(S_train*R_species); total_weight=N_train","total_weight_equals_record_count","XLSX_R0069","joint_bb","Null","record_equal","full","full","51957d61bfcc18a4a62fcdae8a76231eba3ddd5948fe6b651ba5d572401f3adb"
69,"Pagrus_major",1,"record_equal","N_train/(S_train*R_species); total_weight=N_train","total_weight_equals_record_count","XLSX_R0070","joint_bb","Null","record_equal","full","full","51957d61bfcc18a4a62fcdae8a76231eba3ddd5948fe6b651ba5d572401f3adb"
70,"Pagrus_major",1,"record_equal","N_train/(S_train*R_species); total_weight=N_train","total_weight_equals_record_count","XLSX_R0071","joint_bb","Null","record_equal","full","full","51957d61bfcc18a4a62fcdae8a76231eba3ddd5948fe6b651ba5d572401f3adb"
71,"Pagrus_major",1,"record_equal","N_train/(S_train*R_species); total_weight=N_train","total_weight_equals_record_count","XLSX_R0072","joint_bb","Null","record_equal","full","full","51957d61bfcc18a4a62fcdae8a76231eba3ddd5948fe6b651ba5d572401f3adb"
72,"Pagrus_major",1,"record_equal","N_train/(S_train*R_species); total_weight=N_train","total_weight_equals_record_count","XLSX_R0073","joint_bb","Null","record_equal","full","full","51957d61bfcc18a4a62fcdae8a76231eba3ddd5948fe6b651ba5d572401f3adb"
73,"Pagrus_major",1,"record_equal","N_train/(S_train*R_species); total_weight=N_train","total_weight_equals_record_count","XLSX_R0074","joint_bb","Null","record_equal","full","full","51957d61bfcc18a4a62fcdae8a76231eba3ddd5948fe6b651ba5d572401f3adb"
74,"Pagrus_major",1,"record_equal","N_train/(S_train*R_species); total_weight=N_train","total_weight_equals_record_count","XLSX_R0075","joint_bb","Null","record_equal","full","full","51957d61bfcc18a4a62fcdae8a76231eba3ddd5948fe6b651ba5d572401f3adb"
75,"Pagrus_major",1,"record_equal","N_train/(S_train*R_species); total_weight=N_train","total_weight_equals_record_count","XLSX_R0076","joint_bb","Null","record_equal","full","full","51957d61bfcc18a4a62fcdae8a76231eba3ddd5948fe6b651ba5d572401f3adb"
76,"Pagrus_major",1,"record_equal","N_train/(S_train*R_species); total_weight=N_train","total_weight_equals_record_count","XLSX_R0077","joint_bb","Null","record_equal","full","full","51957d61bfcc18a4a62fcdae8a76231eba3ddd5948fe6b651ba5d572401f3adb"
77,"Pagrus_major",1,"record_equal","N_train/(S_train*R_species); total_weight=N_train","total_weight_equals_record_count","XLSX_R0078","joint_bb","Null","record_equal","full","full","51957d61bfcc18a4a62fcdae8a76231eba3ddd5948fe6b651ba5d572401f3adb"
78,"Rhabdosargus_sarba",1,"record_equal","N_train/(S_train*R_species); total_weight=N_train","total_weight_equals_record_count","XLSX_R0079","joint_bb","Null","record_equal","full","full","51957d61bfcc18a4a62fcdae8a76231eba3ddd5948fe6b651ba5d572401f3adb"
79,"Lateolabrax_japonicus",1,"record_equal","N_train/(S_train*R_species); total_weight=N_train","total_weight_equals_record_count","XLSX_R0080","joint_bb","Null","record_equal","full","full","51957d61bfcc18a4a62fcdae8a76231eba3ddd5948fe6b651ba5d572401f3adb"
80,"Lateolabrax_japonicus",1,"record_equal","N_train/(S_train*R_species); total_weight=N_train","total_weight_equals_record_count","XLSX_R0081","joint_bb","Null","record_equal","full","full","51957d61bfcc18a4a62fcdae8a76231eba3ddd5948fe6b651ba5d572401f3adb"
81,"Lateolabrax_japonicus",1,"record_equal","N_train/(S_train*R_species); total_weight=N_train","total_weight_equals_record_count","XLSX_R0082","joint_bb","Null","record_equal","full","full","51957d61bfcc18a4a62fcdae8a76231eba3ddd5948fe6b651ba5d572401f3adb"
82,"Lateolabrax_japonicus",1,"record_equal","N_train/(S_train*R_species); total_weight=N_train","total_weight_equals_record_count","XLSX_R0083","joint_bb","Null","record_equal","full","full","51957d61bfcc18a4a62fcdae8a76231eba3ddd5948fe6b651ba5d572401f3adb"
83,"Lateolabrax_maculatus",1,"record_equal","N_train/(S_train*R_species); total_weight=N_train","total_weight_equals_record_count","XLSX_R0084","joint_bb","Null","record_equal","full","full","51957d61bfcc18a4a62fcdae8a76231eba3ddd5948fe6b651ba5d572401f3adb"
84,"Maccullochella_peelii",1,"record_equal","N_train/(S_train*R_species); total_weight=N_train","total_weight_equals_record_count","XLSX_R0085","joint_bb","Null","record_equal","full","full","51957d61bfcc18a4a62fcdae8a76231eba3ddd5948fe6b651ba5d572401f3adb"
85,"Maccullochella_peelii",1,"record_equal","N_train/(S_train*R_species); total_weight=N_train","total_weight_equals_record_count","XLSX_R0086","joint_bb","Null","record_equal","full","full","51957d61bfcc18a4a62fcdae8a76231eba3ddd5948fe6b651ba5d572401f3adb"
86,"Maccullochella_peelii",1,"record_equal","N_train/(S_train*R_species); total_weight=N_train","total_weight_equals_record_count","XLSX_R0087","joint_bb","Null","record_equal","full","full","51957d61bfcc18a4a62fcdae8a76231eba3ddd5948fe6b651ba5d572401f3adb"
87,"Maccullochella_peelii",1,"record_equal","N_train/(S_train*R_species); total_weight=N_train","total_weight_equals_record_count","XLSX_R0088","joint_bb","Null","record_equal","full","full","51957d61bfcc18a4a62fcdae8a76231eba3ddd5948fe6b651ba5d572401f3adb"
88,"Maccullochella_peelii",1,"record_equal","N_train/(S_train*R_species); total_weight=N_train","total_weight_equals_record_count","XLSX_R0089","joint_bb","Null","record_equal","full","full","51957d61bfcc18a4a62fcdae8a76231eba3ddd5948fe6b651ba5d572401f3adb"
89,"Maccullochella_peelii",1,"record_equal","N_train/(S_train*R_species); total_weight=N_train","total_weight_equals_record_count","XLSX_R0090","joint_bb","Null","record_equal","full","full","51957d61bfcc18a4a62fcdae8a76231eba3ddd5948fe6b651ba5d572401f3adb"
90,"Maccullochella_peelii",1,"record_equal","N_train/(S_train*R_species); total_weight=N_train","total_weight_equals_record_count","XLSX_R0091","joint_bb","Null","record_equal","full","full","51957d61bfcc18a4a62fcdae8a76231eba3ddd5948fe6b651ba5d572401f3adb"
91,"Maccullochella_peelii",1,"record_equal","N_train/(S_train*R_species); total_weight=N_train","total_weight_equals_record_count","XLSX_R0092","joint_bb","Null","record_equal","full","full","51957d61bfcc18a4a62fcdae8a76231eba3ddd5948fe6b651ba5d572401f3adb"
92,"Micropterus_salmoides",1,"record_equal","N_train/(S_train*R_species); total_weight=N_train","total_weight_equals_record_count","XLSX_R0093","joint_bb","Null","record_equal","full","full","51957d61bfcc18a4a62fcdae8a76231eba3ddd5948fe6b651ba5d572401f3adb"
93,"Micropterus_salmoides",1,"record_equal","N_train/(S_train*R_species); total_weight=N_train","total_weight_equals_record_count","XLSX_R0094","joint_bb","Null","record_equal","full","full","51957d61bfcc18a4a62fcdae8a76231eba3ddd5948fe6b651ba5d572401f3adb"
94,"Micropterus_salmoides",1,"record_equal","N_train/(S_train*R_species); total_weight=N_train","total_weight_equals_record_count","XLSX_R0095","joint_bb","Null","record_equal","full","full","51957d61bfcc18a4a62fcdae8a76231eba3ddd5948fe6b651ba5d572401f3adb"
95,"Oplegnathus_fasciatus",1,"record_equal","N_train/(S_train*R_species); total_weight=N_train","total_weight_equals_record_count","XLSX_R0096","joint_bb","Null","record_equal","full","full","51957d61bfcc18a4a62fcdae8a76231eba3ddd5948fe6b651ba5d572401f3adb"
96,"Oplegnathus_fasciatus",1,"record_equal","N_train/(S_train*R_species); total_weight=N_train","total_weight_equals_record_count","XLSX_R0097","joint_bb","Null","record_equal","full","full","51957d61bfcc18a4a62fcdae8a76231eba3ddd5948fe6b651ba5d572401f3adb"
97,"Oplegnathus_fasciatus",1,"record_equal","N_train/(S_train*R_species); total_weight=N_train","total_weight_equals_record_count","XLSX_R0098","joint_bb","Null","record_equal","full","full","51957d61bfcc18a4a62fcdae8a76231eba3ddd5948fe6b651ba5d572401f3adb"
98,"Oplegnathus_fasciatus",1,"record_equal","N_train/(S_train*R_species); total_weight=N_train","total_weight_equals_record_count","XLSX_R0099","joint_bb","Null","record_equal","full","full","51957d61bfcc18a4a62fcdae8a76231eba3ddd5948fe6b651ba5d572401f3adb"
99,"Oplegnathus_fasciatus",1,"record_equal","N_train/(S_train*R_species); total_weight=N_train","total_weight_equals_record_count","XLSX_R0100","joint_bb","Null","record_equal","full","full","51957d61bfcc18a4a62fcdae8a76231eba3ddd5948fe6b651ba5d572401f3adb"
100,"Oplegnathus_fasciatus",1,"record_equal","N_train/(S_train*R_species); total_weight=N_train","total_weight_equals_record_count","XLSX_R0101","joint_bb","Null","record_equal","full","full","51957d61bfcc18a4a62fcdae8a76231eba3ddd5948fe6b651ba5d572401f3adb"
101,"Oplegnathus_fasciatus",1,"record_equal","N_train/(S_train*R_species); total_weight=N_train","total_weight_equals_record_count","XLSX_R0102","joint_bb","Null","record_equal","full","full","51957d61bfcc18a4a62fcdae8a76231eba3ddd5948fe6b651ba5d572401f3adb"
102,"Oplegnathus_fasciatus",1,"record_equal","N_train/(S_train*R_species); total_weight=N_train","total_weight_equals_record_count","XLSX_R0103","joint_bb","Null","record_equal","full","full","51957d61bfcc18a4a62fcdae8a76231eba3ddd5948fe6b651ba5d572401f3adb"
103,"Oplegnathus_fasciatus",1,"record_equal","N_train/(S_train*R_species); total_weight=N_train","total_weight_equals_record_count","XLSX_R0104","joint_bb","Null","record_equal","full","full","51957d61bfcc18a4a62fcdae8a76231eba3ddd5948fe6b651ba5d572401f3adb"
104,"Oplegnathus_fasciatus",1,"record_equal","N_train/(S_train*R_species); total_weight=N_train","total_weight_equals_record_count","XLSX_R0105","joint_bb","Null","record_equal","full","full","51957d61bfcc18a4a62fcdae8a76231eba3ddd5948fe6b651ba5d572401f3adb"
105,"Oplegnathus_fasciatus",1,"record_equal","N_train/(S_train*R_species); total_weight=N_train","total_weight_equals_record_count","XLSX_R0106","joint_bb","Null","record_equal","full","full","51957d61bfcc18a4a62fcdae8a76231eba3ddd5948fe6b651ba5d572401f3adb"
106,"Oplegnathus_fasciatus",1,"record_equal","N_train/(S_train*R_species); total_weight=N_train","total_weight_equals_record_count","XLSX_R0107","joint_bb","Null","record_equal","full","full","51957d61bfcc18a4a62fcdae8a76231eba3ddd5948fe6b651ba5d572401f3adb"
107,"Oplegnathus_fasciatus",1,"record_equal","N_train/(S_train*R_species); total_weight=N_train","total_weight_equals_record_count","XLSX_R0108","joint_bb","Null","record_equal","full","full","51957d61bfcc18a4a62fcdae8a76231eba3ddd5948fe6b651ba5d572401f3adb"
108,"Oplegnathus_fasciatus",1,"record_equal","N_train/(S_train*R_species); total_weight=N_train","total_weight_equals_record_count","XLSX_R0109","joint_bb","Null","record_equal","full","full","51957d61bfcc18a4a62fcdae8a76231eba3ddd5948fe6b651ba5d572401f3adb"
109,"Oplegnathus_fasciatus",1,"record_equal","N_train/(S_train*R_species); total_weight=N_train","total_weight_equals_record_count","XLSX_R0110","joint_bb","Null","record_equal","full","full","51957d61bfcc18a4a62fcdae8a76231eba3ddd5948fe6b651ba5d572401f3adb"
110,"Oplegnathus_fasciatus",1,"record_equal","N_train/(S_train*R_species); total_weight=N_train","total_weight_equals_record_count","XLSX_R0111","joint_bb","Null","record_equal","full","full","51957d61bfcc18a4a62fcdae8a76231eba3ddd5948fe6b651ba5d572401f3adb"
111,"Oplegnathus_fasciatus",1,"record_equal","N_train/(S_train*R_species); total_weight=N_train","total_weight_equals_record_count","XLSX_R0112","joint_bb","Null","record_equal","full","full","51957d61bfcc18a4a62fcdae8a76231eba3ddd5948fe6b651ba5d572401f3adb"
112,"Oplegnathus_fasciatus",1,"record_equal","N_train/(S_train*R_species); total_weight=N_train","total_weight_equals_record_count","XLSX_R0113","joint_bb","Null","record_equal","full","full","51957d61bfcc18a4a62fcdae8a76231eba3ddd5948fe6b651ba5d572401f3adb"
113,"Oplegnathus_fasciatus",1,"record_equal","N_train/(S_train*R_species); total_weight=N_train","total_weight_equals_record_count","XLSX_R0114","joint_bb","Null","record_equal","full","full","51957d61bfcc18a4a62fcdae8a76231eba3ddd5948fe6b651ba5d572401f3adb"
114,"Oplegnathus_fasciatus",1,"record_equal","N_train/(S_train*R_species); total_weight=N_train","total_weight_equals_record_count","XLSX_R0115","joint_bb","Null","record_equal","full","full","51957d61bfcc18a4a62fcdae8a76231eba3ddd5948fe6b651ba5d572401f3adb"
115,"Oplegnathus_fasciatus",1,"record_equal","N_train/(S_train*R_species); total_weight=N_train","total_weight_equals_record_count","XLSX_R0116","joint_bb","Null","record_equal","full","full","51957d61bfcc18a4a62fcdae8a76231eba3ddd5948fe6b651ba5d572401f3adb"
116,"Oplegnathus_fasciatus",1,"record_equal","N_train/(S_train*R_species); total_weight=N_train","total_weight_equals_record_count","XLSX_R0117","joint_bb","Null","record_equal","full","full","51957d61bfcc18a4a62fcdae8a76231eba3ddd5948fe6b651ba5d572401f3adb"
117,"Oplegnathus_fasciatus",1,"record_equal","N_train/(S_train*R_species); total_weight=N_train","total_weight_equals_record_count","XLSX_R0118","joint_bb","Null","record_equal","full","full","51957d61bfcc18a4a62fcdae8a76231eba3ddd5948fe6b651ba5d572401f3adb"
118,"Oplegnathus_punctatus",1,"record_equal","N_train/(S_train*R_species); total_weight=N_train","total_weight_equals_record_count","XLSX_R0119","joint_bb","Null","record_equal","full","full","51957d61bfcc18a4a62fcdae8a76231eba3ddd5948fe6b651ba5d572401f3adb"
119,"Siniperca_chuatsi",1,"record_equal","N_train/(S_train*R_species); total_weight=N_train","total_weight_equals_record_count","XLSX_R0120","joint_bb","Null","record_equal","full","full","51957d61bfcc18a4a62fcdae8a76231eba3ddd5948fe6b651ba5d572401f3adb"
120,"Siniperca_chuatsi",1,"record_equal","N_train/(S_train*R_species); total_weight=N_train","total_weight_equals_record_count","XLSX_R0121","joint_bb","Null","record_equal","full","full","51957d61bfcc18a4a62fcdae8a76231eba3ddd5948fe6b651ba5d572401f3adb"
121,"Siniperca_chuatsi",1,"record_equal","N_train/(S_train*R_species); total_weight=N_train","total_weight_equals_record_count","XLSX_R0122","joint_bb","Null","record_equal","full","full","51957d61bfcc18a4a62fcdae8a76231eba3ddd5948fe6b651ba5d572401f3adb"
122,"Siniperca_chuatsi",1,"record_equal","N_train/(S_train*R_species); total_weight=N_train","total_weight_equals_record_count","XLSX_R0123","joint_bb","Null","record_equal","full","full","51957d61bfcc18a4a62fcdae8a76231eba3ddd5948fe6b651ba5d572401f3adb"
123,"Siniperca_chuatsi",1,"record_equal","N_train/(S_train*R_species); total_weight=N_train","total_weight_equals_record_count","XLSX_R0124","joint_bb","Null","record_equal","full","full","51957d61bfcc18a4a62fcdae8a76231eba3ddd5948fe6b651ba5d572401f3adb"
124,"Siniperca_chuatsi",1,"record_equal","N_train/(S_train*R_species); total_weight=N_train","total_weight_equals_record_count","XLSX_R0125","joint_bb","Null","record_equal","full","full","51957d61bfcc18a4a62fcdae8a76231eba3ddd5948fe6b651ba5d572401f3adb"
125,"Siniperca_chuatsi",1,"record_equal","N_train/(S_train*R_species); total_weight=N_train","total_weight_equals_record_count","XLSX_R0126","joint_bb","Null","record_equal","full","full","51957d61bfcc18a4a62fcdae8a76231eba3ddd5948fe6b651ba5d572401f3adb"
126,"Siniperca_chuatsi",1,"record_equal","N_train/(S_train*R_species); total_weight=N_train","total_weight_equals_record_count","XLSX_R0127","joint_bb","Null","record_equal","full","full","51957d61bfcc18a4a62fcdae8a76231eba3ddd5948fe6b651ba5d572401f3adb"
127,"Siniperca_chuatsi",1,"record_equal","N_train/(S_train*R_species); total_weight=N_train","total_weight_equals_record_count","XLSX_R0128","joint_bb","Null","record_equal","full","full","51957d61bfcc18a4a62fcdae8a76231eba3ddd5948fe6b651ba5d572401f3adb"
128,"Siniperca_chuatsi",1,"record_equal","N_train/(S_train*R_species); total_weight=N_train","total_weight_equals_record_count","XLSX_R0129","joint_bb","Null","record_equal","full","full","51957d61bfcc18a4a62fcdae8a76231eba3ddd5948fe6b651ba5d572401f3adb"
129,"Siniperca_chuatsi",1,"record_equal","N_train/(S_train*R_species); total_weight=N_train","total_weight_equals_record_count","XLSX_R0130","joint_bb","Null","record_equal","full","full","51957d61bfcc18a4a62fcdae8a76231eba3ddd5948fe6b651ba5d572401f3adb"
130,"Siniperca_scherzeri",1,"record_equal","N_train/(S_train*R_species); total_weight=N_train","total_weight_equals_record_count","XLSX_R0131","joint_bb","Null","record_equal","full","full","51957d61bfcc18a4a62fcdae8a76231eba3ddd5948fe6b651ba5d572401f3adb"
131,"Siniperca_scherzeri",1,"record_equal","N_train/(S_train*R_species); total_weight=N_train","total_weight_equals_record_count","XLSX_R0132","joint_bb","Null","record_equal","full","full","51957d61bfcc18a4a62fcdae8a76231eba3ddd5948fe6b651ba5d572401f3adb"
132,"Siniperca_scherzeri",1,"record_equal","N_train/(S_train*R_species); total_weight=N_train","total_weight_equals_record_count","XLSX_R0133","joint_bb","Null","record_equal","full","full","51957d61bfcc18a4a62fcdae8a76231eba3ddd5948fe6b651ba5d572401f3adb"
133,"Siniperca_scherzeri",1,"record_equal","N_train/(S_train*R_species); total_weight=N_train","total_weight_equals_record_count","XLSX_R0134","joint_bb","Null","record_equal","full","full","51957d61bfcc18a4a62fcdae8a76231eba3ddd5948fe6b651ba5d572401f3adb"
134,"Cromileptes_altivelis",1,"record_equal","N_train/(S_train*R_species); total_weight=N_train","total_weight_equals_record_count","XLSX_R0135","joint_bb","Null","record_equal","full","full","51957d61bfcc18a4a62fcdae8a76231eba3ddd5948fe6b651ba5d572401f3adb"
135,"Cromileptes_altivelis",1,"record_equal","N_train/(S_train*R_species); total_weight=N_train","total_weight_equals_record_count","XLSX_R0136","joint_bb","Null","record_equal","full","full","51957d61bfcc18a4a62fcdae8a76231eba3ddd5948fe6b651ba5d572401f3adb"
136,"Cromileptes_altivelis",1,"record_equal","N_train/(S_train*R_species); total_weight=N_train","total_weight_equals_record_count","XLSX_R0137","joint_bb","Null","record_equal","full","full","51957d61bfcc18a4a62fcdae8a76231eba3ddd5948fe6b651ba5d572401f3adb"
137,"Cromileptes_altivelis",1,"record_equal","N_train/(S_train*R_species); total_weight=N_train","total_weight_equals_record_count","XLSX_R0138","joint_bb","Null","record_equal","full","full","51957d61bfcc18a4a62fcdae8a76231eba3ddd5948fe6b651ba5d572401f3adb"
138,"Cromileptes_altivelis",1,"record_equal","N_train/(S_train*R_species); total_weight=N_train","total_weight_equals_record_count","XLSX_R0139","joint_bb","Null","record_equal","full","full","51957d61bfcc18a4a62fcdae8a76231eba3ddd5948fe6b651ba5d572401f3adb"
139,"Cromileptes_altivelis",1,"record_equal","N_train/(S_train*R_species); total_weight=N_train","total_weight_equals_record_count","XLSX_R0140","joint_bb","Null","record_equal","full","full","51957d61bfcc18a4a62fcdae8a76231eba3ddd5948fe6b651ba5d572401f3adb"
140,"Epinephelus_bruneus",1,"record_equal","N_train/(S_train*R_species); total_weight=N_train","total_weight_equals_record_count","XLSX_R0141","joint_bb","Null","record_equal","full","full","51957d61bfcc18a4a62fcdae8a76231eba3ddd5948fe6b651ba5d572401f3adb"
141,"Epinephelus_bruneus",1,"record_equal","N_train/(S_train*R_species); total_weight=N_train","total_weight_equals_record_count","XLSX_R0142","joint_bb","Null","record_equal","full","full","51957d61bfcc18a4a62fcdae8a76231eba3ddd5948fe6b651ba5d572401f3adb"
142,"Epinephelus_bruneus",1,"record_equal","N_train/(S_train*R_species); total_weight=N_train","total_weight_equals_record_count","XLSX_R0143","joint_bb","Null","record_equal","full","full","51957d61bfcc18a4a62fcdae8a76231eba3ddd5948fe6b651ba5d572401f3adb"
143,"Epinephelus_coioides",1,"record_equal","N_train/(S_train*R_species); total_weight=N_train","total_weight_equals_record_count","XLSX_R0144","joint_bb","Null","record_equal","full","full","51957d61bfcc18a4a62fcdae8a76231eba3ddd5948fe6b651ba5d572401f3adb"
144,"Epinephelus_coioides",1,"record_equal","N_train/(S_train*R_species); total_weight=N_train","total_weight_equals_record_count","XLSX_R0145","joint_bb","Null","record_equal","full","full","51957d61bfcc18a4a62fcdae8a76231eba3ddd5948fe6b651ba5d572401f3adb"
145,"Epinephelus_fuscoguttatus",1,"record_equal","N_train/(S_train*R_species); total_weight=N_train","total_weight_equals_record_count","XLSX_R0146","joint_bb","Null","record_equal","full","full","51957d61bfcc18a4a62fcdae8a76231eba3ddd5948fe6b651ba5d572401f3adb"
146,"Epinephelus_fuscoguttatus",1,"record_equal","N_train/(S_train*R_species); total_weight=N_train","total_weight_equals_record_count","XLSX_R0147","joint_bb","Null","record_equal","full","full","51957d61bfcc18a4a62fcdae8a76231eba3ddd5948fe6b651ba5d572401f3adb"
147,"Epinephelus_lanceolatus",1,"record_equal","N_train/(S_train*R_species); total_weight=N_train","total_weight_equals_record_count","XLSX_R0148","joint_bb","Null","record_equal","full","full","51957d61bfcc18a4a62fcdae8a76231eba3ddd5948fe6b651ba5d572401f3adb"
148,"Epinephelus_lanceolatus",1,"record_equal","N_train/(S_train*R_species); total_weight=N_train","total_weight_equals_record_count","XLSX_R0149","joint_bb","Null","record_equal","full","full","51957d61bfcc18a4a62fcdae8a76231eba3ddd5948fe6b651ba5d572401f3adb"
149,"Epinephelus_malabaricus",1,"record_equal","N_train/(S_train*R_species); total_weight=N_train","total_weight_equals_record_count","XLSX_R0150","joint_bb","Null","record_equal","full","full","51957d61bfcc18a4a62fcdae8a76231eba3ddd5948fe6b651ba5d572401f3adb"
150,"Epinephelus_malabaricus",1,"record_equal","N_train/(S_train*R_species); total_weight=N_train","total_weight_equals_record_count","XLSX_R0151","joint_bb","Null","record_equal","full","full","51957d61bfcc18a4a62fcdae8a76231eba3ddd5948fe6b651ba5d572401f3adb"
151,"Epinephelus_malabaricus",1,"record_equal","N_train/(S_train*R_species); total_weight=N_train","total_weight_equals_record_count","XLSX_R0152","joint_bb","Null","record_equal","full","full","51957d61bfcc18a4a62fcdae8a76231eba3ddd5948fe6b651ba5d572401f3adb"
152,"Plectropomus_leopardus",1,"record_equal","N_train/(S_train*R_species); total_weight=N_train","total_weight_equals_record_count","XLSX_R0153","joint_bb","Null","record_equal","full","full","51957d61bfcc18a4a62fcdae8a76231eba3ddd5948fe6b651ba5d572401f3adb"
153,"Plectropomus_leopardus",1,"record_equal","N_train/(S_train*R_species); total_weight=N_train","total_weight_equals_record_count","XLSX_R0154","joint_bb","Null","record_equal","full","full","51957d61bfcc18a4a62fcdae8a76231eba3ddd5948fe6b651ba5d572401f3adb"
1,"Carassius_auratus",0.75,"species_equal","N_train/(S_train*R_species); total_weight=N_train","total_weight_equals_record_count","XLSX_R0002","joint_bb","Null","species_equal","full","full","44fcf1b3cd3d46db796375ff654f80900606918655f457606fca9aff0ab47f6c"
2,"Carassius_auratus",0.75,"species_equal","N_train/(S_train*R_species); total_weight=N_train","total_weight_equals_record_count","XLSX_R0003","joint_bb","Null","species_equal","full","full","44fcf1b3cd3d46db796375ff654f80900606918655f457606fca9aff0ab47f6c"
3,"Carassius_auratus",0.75,"species_equal","N_train/(S_train*R_species); total_weight=N_train","total_weight_equals_record_count","XLSX_R0004","joint_bb","Null","species_equal","full","full","44fcf1b3cd3d46db796375ff654f80900606918655f457606fca9aff0ab47f6c"
4,"Carassius_auratus",0.75,"species_equal","N_train/(S_train*R_species); total_weight=N_train","total_weight_equals_record_count","XLSX_R0005","joint_bb","Null","species_equal","full","full","44fcf1b3cd3d46db796375ff654f80900606918655f457606fca9aff0ab47f6c"
5,"Carassius_carassius",3,"species_equal","N_train/(S_train*R_species); total_weight=N_train","total_weight_equals_record_count","XLSX_R0006","joint_bb","Null","species_equal","full","full","44fcf1b3cd3d46db796375ff654f80900606918655f457606fca9aff0ab47f6c"
6,"Ctenopharyngodon_idella",3,"species_equal","N_train/(S_train*R_species); total_weight=N_train","total_weight_equals_record_count","XLSX_R0007","joint_bb","Null","species_equal","full","full","44fcf1b3cd3d46db796375ff654f80900606918655f457606fca9aff0ab47f6c"
7,"Cirrhinus_molitorella",3,"species_equal","N_train/(S_train*R_species); total_weight=N_train","total_weight_equals_record_count","XLSX_R0008","joint_bb","Null","species_equal","full","full","44fcf1b3cd3d46db796375ff654f80900606918655f457606fca9aff0ab47f6c"
8,"Danio_rerio",1,"species_equal","N_train/(S_train*R_species); total_weight=N_train","total_weight_equals_record_count","XLSX_R0009","joint_bb","Null","species_equal","full","full","44fcf1b3cd3d46db796375ff654f80900606918655f457606fca9aff0ab47f6c"
9,"Danio_rerio",1,"species_equal","N_train/(S_train*R_species); total_weight=N_train","total_weight_equals_record_count","XLSX_R0010","joint_bb","Null","species_equal","full","full","44fcf1b3cd3d46db796375ff654f80900606918655f457606fca9aff0ab47f6c"
10,"Danio_rerio",1,"species_equal","N_train/(S_train*R_species); total_weight=N_train","total_weight_equals_record_count","XLSX_R0011","joint_bb","Null","species_equal","full","full","44fcf1b3cd3d46db796375ff654f80900606918655f457606fca9aff0ab47f6c"
11,"Pygocentrus_nattereri",3,"species_equal","N_train/(S_train*R_species); total_weight=N_train","total_weight_equals_record_count","XLSX_R0012","joint_bb","Null","species_equal","full","full","44fcf1b3cd3d46db796375ff654f80900606918655f457606fca9aff0ab47f6c"
12,"Thunnus_orientalis",1,"species_equal","N_train/(S_train*R_species); total_weight=N_train","total_weight_equals_record_count","XLSX_R0013","joint_bb","Null","species_equal","full","full","44fcf1b3cd3d46db796375ff654f80900606918655f457606fca9aff0ab47f6c"
13,"Thunnus_orientalis",1,"species_equal","N_train/(S_train*R_species); total_weight=N_train","total_weight_equals_record_count","XLSX_R0014","joint_bb","Null","species_equal","full","full","44fcf1b3cd3d46db796375ff654f80900606918655f457606fca9aff0ab47f6c"
14,"Thunnus_orientalis",1,"species_equal","N_train/(S_train*R_species); total_weight=N_train","total_weight_equals_record_count","XLSX_R0015","joint_bb","Null","species_equal","full","full","44fcf1b3cd3d46db796375ff654f80900606918655f457606fca9aff0ab47f6c"
15,"Pampus_argenteus",0.6,"species_equal","N_train/(S_train*R_species); total_weight=N_train","total_weight_equals_record_count","XLSX_R0016","joint_bb","Null","species_equal","full","full","44fcf1b3cd3d46db796375ff654f80900606918655f457606fca9aff0ab47f6c"
16,"Pampus_argenteus",0.6,"species_equal","N_train/(S_train*R_species); total_weight=N_train","total_weight_equals_record_count","XLSX_R0017","joint_bb","Null","species_equal","full","full","44fcf1b3cd3d46db796375ff654f80900606918655f457606fca9aff0ab47f6c"
17,"Pampus_argenteus",0.6,"species_equal","N_train/(S_train*R_species); total_weight=N_train","total_weight_equals_record_count","XLSX_R0018","joint_bb","Null","species_equal","full","full","44fcf1b3cd3d46db796375ff654f80900606918655f457606fca9aff0ab47f6c"
18,"Pampus_argenteus",0.6,"species_equal","N_train/(S_train*R_species); total_weight=N_train","total_weight_equals_record_count","XLSX_R0019","joint_bb","Null","species_equal","full","full","44fcf1b3cd3d46db796375ff654f80900606918655f457606fca9aff0ab47f6c"
19,"Pampus_argenteus",0.6,"species_equal","N_train/(S_train*R_species); total_weight=N_train","total_weight_equals_record_count","XLSX_R0020","joint_bb","Null","species_equal","full","full","44fcf1b3cd3d46db796375ff654f80900606918655f457606fca9aff0ab47f6c"
20,"Pterapogon_kauderni",1,"species_equal","N_train/(S_train*R_species); total_weight=N_train","total_weight_equals_record_count","XLSX_R0021","joint_bb","Null","species_equal","full","full","44fcf1b3cd3d46db796375ff654f80900606918655f457606fca9aff0ab47f6c"
21,"Pterapogon_kauderni",1,"species_equal","N_train/(S_train*R_species); total_weight=N_train","total_weight_equals_record_count","XLSX_R0022","joint_bb","Null","species_equal","full","full","44fcf1b3cd3d46db796375ff654f80900606918655f457606fca9aff0ab47f6c"
22,"Pterapogon_kauderni",1,"species_equal","N_train/(S_train*R_species); total_weight=N_train","total_weight_equals_record_count","XLSX_R0023","joint_bb","Null","species_equal","full","full","44fcf1b3cd3d46db796375ff654f80900606918655f457606fca9aff0ab47f6c"
23,"Oxyeleotris_marmorata",1.5,"species_equal","N_train/(S_train*R_species); total_weight=N_train","total_weight_equals_record_count","XLSX_R0024","joint_bb","Null","species_equal","full","full","44fcf1b3cd3d46db796375ff654f80900606918655f457606fca9aff0ab47f6c"
24,"Oxyeleotris_marmorata",1.5,"species_equal","N_train/(S_train*R_species); total_weight=N_train","total_weight_equals_record_count","XLSX_R0025","joint_bb","Null","species_equal","full","full","44fcf1b3cd3d46db796375ff654f80900606918655f457606fca9aff0ab47f6c"
25,"Anabas_testudineus",3,"species_equal","N_train/(S_train*R_species); total_weight=N_train","total_weight_equals_record_count","XLSX_R0026","joint_bb","Null","species_equal","full","full","44fcf1b3cd3d46db796375ff654f80900606918655f457606fca9aff0ab47f6c"
26,"Channa_argus",3,"species_equal","N_train/(S_train*R_species); total_weight=N_train","total_weight_equals_record_count","XLSX_R0027","joint_bb","Null","species_equal","full","full","44fcf1b3cd3d46db796375ff654f80900606918655f457606fca9aff0ab47f6c"
27,"Trichopodus_trichopterus",3,"species_equal","N_train/(S_train*R_species); total_weight=N_train","total_weight_equals_record_count","XLSX_R0028","joint_bb","Null","species_equal","full","full","44fcf1b3cd3d46db796375ff654f80900606918655f457606fca9aff0ab47f6c"
28,"Eleutheronema_tetradactylum",3,"species_equal","N_train/(S_train*R_species); total_weight=N_train","total_weight_equals_record_count","XLSX_R0029","joint_bb","Null","species_equal","full","full","44fcf1b3cd3d46db796375ff654f80900606918655f457606fca9aff0ab47f6c"
29,"Lates_calcarifer",0.75,"species_equal","N_train/(S_train*R_species); total_weight=N_train","total_weight_equals_record_count","XLSX_R0030","joint_bb","Null","species_equal","full","full","44fcf1b3cd3d46db796375ff654f80900606918655f457606fca9aff0ab47f6c"
30,"Lates_calcarifer",0.75,"species_equal","N_train/(S_train*R_species); total_weight=N_train","total_weight_equals_record_count","XLSX_R0031","joint_bb","Null","species_equal","full","full","44fcf1b3cd3d46db796375ff654f80900606918655f457606fca9aff0ab47f6c"
31,"Lates_calcarifer",0.75,"species_equal","N_train/(S_train*R_species); total_weight=N_train","total_weight_equals_record_count","XLSX_R0032","joint_bb","Null","species_equal","full","full","44fcf1b3cd3d46db796375ff654f80900606918655f457606fca9aff0ab47f6c"
32,"Lates_calcarifer",0.75,"species_equal","N_train/(S_train*R_species); total_weight=N_train","total_weight_equals_record_count","XLSX_R0033","joint_bb","Null","species_equal","full","full","44fcf1b3cd3d46db796375ff654f80900606918655f457606fca9aff0ab47f6c"
33,"Seriola_dumerili",1.5,"species_equal","N_train/(S_train*R_species); total_weight=N_train","total_weight_equals_record_count","XLSX_R0034","joint_bb","Null","species_equal","full","full","44fcf1b3cd3d46db796375ff654f80900606918655f457606fca9aff0ab47f6c"
34,"Seriola_dumerili",1.5,"species_equal","N_train/(S_train*R_species); total_weight=N_train","total_weight_equals_record_count","XLSX_R0035","joint_bb","Null","species_equal","full","full","44fcf1b3cd3d46db796375ff654f80900606918655f457606fca9aff0ab47f6c"
35,"Paralichthys_olivaceus",1.5,"species_equal","N_train/(S_train*R_species); total_weight=N_train","total_weight_equals_record_count","XLSX_R0036","joint_bb","Null","species_equal","full","full","44fcf1b3cd3d46db796375ff654f80900606918655f457606fca9aff0ab47f6c"
36,"Paralichthys_olivaceus",1.5,"species_equal","N_train/(S_train*R_species); total_weight=N_train","total_weight_equals_record_count","XLSX_R0037","joint_bb","Null","species_equal","full","full","44fcf1b3cd3d46db796375ff654f80900606918655f457606fca9aff0ab47f6c"
37,"Platichthys_stellatus",3,"species_equal","N_train/(S_train*R_species); total_weight=N_train","total_weight_equals_record_count","XLSX_R0038","joint_bb","Null","species_equal","full","full","44fcf1b3cd3d46db796375ff654f80900606918655f457606fca9aff0ab47f6c"
38,"Scophthalmus_maximus",3,"species_equal","N_train/(S_train*R_species); total_weight=N_train","total_weight_equals_record_count","XLSX_R0039","joint_bb","Null","species_equal","full","full","44fcf1b3cd3d46db796375ff654f80900606918655f457606fca9aff0ab47f6c"
39,"Astronotus_ocellatus",1.5,"species_equal","N_train/(S_train*R_species); total_weight=N_train","total_weight_equals_record_count","XLSX_R0040","joint_bb","Null","species_equal","full","full","44fcf1b3cd3d46db796375ff654f80900606918655f457606fca9aff0ab47f6c"
40,"Astronotus_ocellatus",1.5,"species_equal","N_train/(S_train*R_species); total_weight=N_train","total_weight_equals_record_count","XLSX_R0041","joint_bb","Null","species_equal","full","full","44fcf1b3cd3d46db796375ff654f80900606918655f457606fca9aff0ab47f6c"
41,"Oreochromis_niloticus",1,"species_equal","N_train/(S_train*R_species); total_weight=N_train","total_weight_equals_record_count","XLSX_R0042","joint_bb","Null","species_equal","full","full","44fcf1b3cd3d46db796375ff654f80900606918655f457606fca9aff0ab47f6c"
42,"Oreochromis_niloticus",1,"species_equal","N_train/(S_train*R_species); total_weight=N_train","total_weight_equals_record_count","XLSX_R0043","joint_bb","Null","species_equal","full","full","44fcf1b3cd3d46db796375ff654f80900606918655f457606fca9aff0ab47f6c"
43,"Oreochromis_niloticus",1,"species_equal","N_train/(S_train*R_species); total_weight=N_train","total_weight_equals_record_count","XLSX_R0044","joint_bb","Null","species_equal","full","full","44fcf1b3cd3d46db796375ff654f80900606918655f457606fca9aff0ab47f6c"
44,"Pterophyllum_scalare",3,"species_equal","N_train/(S_train*R_species); total_weight=N_train","total_weight_equals_record_count","XLSX_R0045","joint_bb","Null","species_equal","full","full","44fcf1b3cd3d46db796375ff654f80900606918655f457606fca9aff0ab47f6c"
45,"Poecilia_latipinna",3,"species_equal","N_train/(S_train*R_species); total_weight=N_train","total_weight_equals_record_count","XLSX_R0046","joint_bb","Null","species_equal","full","full","44fcf1b3cd3d46db796375ff654f80900606918655f457606fca9aff0ab47f6c"
46,"Poecilia_reticulata",1,"species_equal","N_train/(S_train*R_species); total_weight=N_train","total_weight_equals_record_count","XLSX_R0047","joint_bb","Null","species_equal","full","full","44fcf1b3cd3d46db796375ff654f80900606918655f457606fca9aff0ab47f6c"
47,"Poecilia_reticulata",1,"species_equal","N_train/(S_train*R_species); total_weight=N_train","total_weight_equals_record_count","XLSX_R0048","joint_bb","Null","species_equal","full","full","44fcf1b3cd3d46db796375ff654f80900606918655f457606fca9aff0ab47f6c"
48,"Poecilia_reticulata",1,"species_equal","N_train/(S_train*R_species); total_weight=N_train","total_weight_equals_record_count","XLSX_R0049","joint_bb","Null","species_equal","full","full","44fcf1b3cd3d46db796375ff654f80900606918655f457606fca9aff0ab47f6c"
49,"Poropanchax_normani",1.5,"species_equal","N_train/(S_train*R_species); total_weight=N_train","total_weight_equals_record_count","XLSX_R0050","joint_bb","Null","species_equal","full","full","44fcf1b3cd3d46db796375ff654f80900606918655f457606fca9aff0ab47f6c"
50,"Poropanchax_normani",1.5,"species_equal","N_train/(S_train*R_species); total_weight=N_train","total_weight_equals_record_count","XLSX_R0051","joint_bb","Null","species_equal","full","full","44fcf1b3cd3d46db796375ff654f80900606918655f457606fca9aff0ab47f6c"
51,"Xiphophorus_hellerii",0.75,"species_equal","N_train/(S_train*R_species); total_weight=N_train","total_weight_equals_record_count","XLSX_R0052","joint_bb","Null","species_equal","full","full","44fcf1b3cd3d46db796375ff654f80900606918655f457606fca9aff0ab47f6c"
52,"Xiphophorus_hellerii",0.75,"species_equal","N_train/(S_train*R_species); total_weight=N_train","total_weight_equals_record_count","XLSX_R0053","joint_bb","Null","species_equal","full","full","44fcf1b3cd3d46db796375ff654f80900606918655f457606fca9aff0ab47f6c"
53,"Xiphophorus_hellerii",0.75,"species_equal","N_train/(S_train*R_species); total_weight=N_train","total_weight_equals_record_count","XLSX_R0054","joint_bb","Null","species_equal","full","full","44fcf1b3cd3d46db796375ff654f80900606918655f457606fca9aff0ab47f6c"
54,"Xiphophorus_hellerii",0.75,"species_equal","N_train/(S_train*R_species); total_weight=N_train","total_weight_equals_record_count","XLSX_R0055","joint_bb","Null","species_equal","full","full","44fcf1b3cd3d46db796375ff654f80900606918655f457606fca9aff0ab47f6c"
55,"Xiphophorus_maculatus",3,"species_equal","N_train/(S_train*R_species); total_weight=N_train","total_weight_equals_record_count","XLSX_R0056","joint_bb","Null","species_equal","full","full","44fcf1b3cd3d46db796375ff654f80900606918655f457606fca9aff0ab47f6c"
56,"Mugil_cephalus",1.5,"species_equal","N_train/(S_train*R_species); total_weight=N_train","total_weight_equals_record_count","XLSX_R0057","joint_bb","Null","species_equal","full","full","44fcf1b3cd3d46db796375ff654f80900606918655f457606fca9aff0ab47f6c"
57,"Mugil_cephalus",1.5,"species_equal","N_train/(S_train*R_species); total_weight=N_train","total_weight_equals_record_count","XLSX_R0058","joint_bb","Null","species_equal","full","full","44fcf1b3cd3d46db796375ff654f80900606918655f457606fca9aff0ab47f6c"
58,"Larimichthys_crocea",1.5,"species_equal","N_train/(S_train*R_species); total_weight=N_train","total_weight_equals_record_count","XLSX_R0059","joint_bb","Null","species_equal","full","full","44fcf1b3cd3d46db796375ff654f80900606918655f457606fca9aff0ab47f6c"
59,"Larimichthys_crocea",1.5,"species_equal","N_train/(S_train*R_species); total_weight=N_train","total_weight_equals_record_count","XLSX_R0060","joint_bb","Null","species_equal","full","full","44fcf1b3cd3d46db796375ff654f80900606918655f457606fca9aff0ab47f6c"
60,"Sciaenops_ocellatus",3,"species_equal","N_train/(S_train*R_species); total_weight=N_train","total_weight_equals_record_count","XLSX_R0061","joint_bb","Null","species_equal","full","full","44fcf1b3cd3d46db796375ff654f80900606918655f457606fca9aff0ab47f6c"
61,"Platax_orbicularis",3,"species_equal","N_train/(S_train*R_species); total_weight=N_train","total_weight_equals_record_count","XLSX_R0062","joint_bb","Null","species_equal","full","full","44fcf1b3cd3d46db796375ff654f80900606918655f457606fca9aff0ab47f6c"
62,"Lutjanus_erythropterus",3,"species_equal","N_train/(S_train*R_species); total_weight=N_train","total_weight_equals_record_count","XLSX_R0063","joint_bb","Null","species_equal","full","full","44fcf1b3cd3d46db796375ff654f80900606918655f457606fca9aff0ab47f6c"
63,"Acanthopagrus_schlegelii",0.75,"species_equal","N_train/(S_train*R_species); total_weight=N_train","total_weight_equals_record_count","XLSX_R0064","joint_bb","Null","species_equal","full","full","44fcf1b3cd3d46db796375ff654f80900606918655f457606fca9aff0ab47f6c"
64,"Acanthopagrus_schlegelii",0.75,"species_equal","N_train/(S_train*R_species); total_weight=N_train","total_weight_equals_record_count","XLSX_R0065","joint_bb","Null","species_equal","full","full","44fcf1b3cd3d46db796375ff654f80900606918655f457606fca9aff0ab47f6c"
65,"Acanthopagrus_schlegelii",0.75,"species_equal","N_train/(S_train*R_species); total_weight=N_train","total_weight_equals_record_count","XLSX_R0066","joint_bb","Null","species_equal","full","full","44fcf1b3cd3d46db796375ff654f80900606918655f457606fca9aff0ab47f6c"
66,"Acanthopagrus_schlegelii",0.75,"species_equal","N_train/(S_train*R_species); total_weight=N_train","total_weight_equals_record_count","XLSX_R0067","joint_bb","Null","species_equal","full","full","44fcf1b3cd3d46db796375ff654f80900606918655f457606fca9aff0ab47f6c"
67,"Lethrinus_nebulosus",1.5,"species_equal","N_train/(S_train*R_species); total_weight=N_train","total_weight_equals_record_count","XLSX_R0068","joint_bb","Null","species_equal","full","full","44fcf1b3cd3d46db796375ff654f80900606918655f457606fca9aff0ab47f6c"
68,"Lethrinus_nebulosus",1.5,"species_equal","N_train/(S_train*R_species); total_weight=N_train","total_weight_equals_record_count","XLSX_R0069","joint_bb","Null","species_equal","full","full","44fcf1b3cd3d46db796375ff654f80900606918655f457606fca9aff0ab47f6c"
69,"Pagrus_major",0.333333333333333,"species_equal","N_train/(S_train*R_species); total_weight=N_train","total_weight_equals_record_count","XLSX_R0070","joint_bb","Null","species_equal","full","full","44fcf1b3cd3d46db796375ff654f80900606918655f457606fca9aff0ab47f6c"
70,"Pagrus_major",0.333333333333333,"species_equal","N_train/(S_train*R_species); total_weight=N_train","total_weight_equals_record_count","XLSX_R0071","joint_bb","Null","species_equal","full","full","44fcf1b3cd3d46db796375ff654f80900606918655f457606fca9aff0ab47f6c"
71,"Pagrus_major",0.333333333333333,"species_equal","N_train/(S_train*R_species); total_weight=N_train","total_weight_equals_record_count","XLSX_R0072","joint_bb","Null","species_equal","full","full","44fcf1b3cd3d46db796375ff654f80900606918655f457606fca9aff0ab47f6c"
72,"Pagrus_major",0.333333333333333,"species_equal","N_train/(S_train*R_species); total_weight=N_train","total_weight_equals_record_count","XLSX_R0073","joint_bb","Null","species_equal","full","full","44fcf1b3cd3d46db796375ff654f80900606918655f457606fca9aff0ab47f6c"
73,"Pagrus_major",0.333333333333333,"species_equal","N_train/(S_train*R_species); total_weight=N_train","total_weight_equals_record_count","XLSX_R0074","joint_bb","Null","species_equal","full","full","44fcf1b3cd3d46db796375ff654f80900606918655f457606fca9aff0ab47f6c"
74,"Pagrus_major",0.333333333333333,"species_equal","N_train/(S_train*R_species); total_weight=N_train","total_weight_equals_record_count","XLSX_R0075","joint_bb","Null","species_equal","full","full","44fcf1b3cd3d46db796375ff654f80900606918655f457606fca9aff0ab47f6c"
75,"Pagrus_major",0.333333333333333,"species_equal","N_train/(S_train*R_species); total_weight=N_train","total_weight_equals_record_count","XLSX_R0076","joint_bb","Null","species_equal","full","full","44fcf1b3cd3d46db796375ff654f80900606918655f457606fca9aff0ab47f6c"
76,"Pagrus_major",0.333333333333333,"species_equal","N_train/(S_train*R_species); total_weight=N_train","total_weight_equals_record_count","XLSX_R0077","joint_bb","Null","species_equal","full","full","44fcf1b3cd3d46db796375ff654f80900606918655f457606fca9aff0ab47f6c"
77,"Pagrus_major",0.333333333333333,"species_equal","N_train/(S_train*R_species); total_weight=N_train","total_weight_equals_record_count","XLSX_R0078","joint_bb","Null","species_equal","full","full","44fcf1b3cd3d46db796375ff654f80900606918655f457606fca9aff0ab47f6c"
78,"Rhabdosargus_sarba",3,"species_equal","N_train/(S_train*R_species); total_weight=N_train","total_weight_equals_record_count","XLSX_R0079","joint_bb","Null","species_equal","full","full","44fcf1b3cd3d46db796375ff654f80900606918655f457606fca9aff0ab47f6c"
79,"Lateolabrax_japonicus",0.75,"species_equal","N_train/(S_train*R_species); total_weight=N_train","total_weight_equals_record_count","XLSX_R0080","joint_bb","Null","species_equal","full","full","44fcf1b3cd3d46db796375ff654f80900606918655f457606fca9aff0ab47f6c"
80,"Lateolabrax_japonicus",0.75,"species_equal","N_train/(S_train*R_species); total_weight=N_train","total_weight_equals_record_count","XLSX_R0081","joint_bb","Null","species_equal","full","full","44fcf1b3cd3d46db796375ff654f80900606918655f457606fca9aff0ab47f6c"
81,"Lateolabrax_japonicus",0.75,"species_equal","N_train/(S_train*R_species); total_weight=N_train","total_weight_equals_record_count","XLSX_R0082","joint_bb","Null","species_equal","full","full","44fcf1b3cd3d46db796375ff654f80900606918655f457606fca9aff0ab47f6c"
82,"Lateolabrax_japonicus",0.75,"species_equal","N_train/(S_train*R_species); total_weight=N_train","total_weight_equals_record_count","XLSX_R0083","joint_bb","Null","species_equal","full","full","44fcf1b3cd3d46db796375ff654f80900606918655f457606fca9aff0ab47f6c"
83,"Lateolabrax_maculatus",3,"species_equal","N_train/(S_train*R_species); total_weight=N_train","total_weight_equals_record_count","XLSX_R0084","joint_bb","Null","species_equal","full","full","44fcf1b3cd3d46db796375ff654f80900606918655f457606fca9aff0ab47f6c"
84,"Maccullochella_peelii",0.375,"species_equal","N_train/(S_train*R_species); total_weight=N_train","total_weight_equals_record_count","XLSX_R0085","joint_bb","Null","species_equal","full","full","44fcf1b3cd3d46db796375ff654f80900606918655f457606fca9aff0ab47f6c"
85,"Maccullochella_peelii",0.375,"species_equal","N_train/(S_train*R_species); total_weight=N_train","total_weight_equals_record_count","XLSX_R0086","joint_bb","Null","species_equal","full","full","44fcf1b3cd3d46db796375ff654f80900606918655f457606fca9aff0ab47f6c"
86,"Maccullochella_peelii",0.375,"species_equal","N_train/(S_train*R_species); total_weight=N_train","total_weight_equals_record_count","XLSX_R0087","joint_bb","Null","species_equal","full","full","44fcf1b3cd3d46db796375ff654f80900606918655f457606fca9aff0ab47f6c"
87,"Maccullochella_peelii",0.375,"species_equal","N_train/(S_train*R_species); total_weight=N_train","total_weight_equals_record_count","XLSX_R0088","joint_bb","Null","species_equal","full","full","44fcf1b3cd3d46db796375ff654f80900606918655f457606fca9aff0ab47f6c"
88,"Maccullochella_peelii",0.375,"species_equal","N_train/(S_train*R_species); total_weight=N_train","total_weight_equals_record_count","XLSX_R0089","joint_bb","Null","species_equal","full","full","44fcf1b3cd3d46db796375ff654f80900606918655f457606fca9aff0ab47f6c"
89,"Maccullochella_peelii",0.375,"species_equal","N_train/(S_train*R_species); total_weight=N_train","total_weight_equals_record_count","XLSX_R0090","joint_bb","Null","species_equal","full","full","44fcf1b3cd3d46db796375ff654f80900606918655f457606fca9aff0ab47f6c"
90,"Maccullochella_peelii",0.375,"species_equal","N_train/(S_train*R_species); total_weight=N_train","total_weight_equals_record_count","XLSX_R0091","joint_bb","Null","species_equal","full","full","44fcf1b3cd3d46db796375ff654f80900606918655f457606fca9aff0ab47f6c"
91,"Maccullochella_peelii",0.375,"species_equal","N_train/(S_train*R_species); total_weight=N_train","total_weight_equals_record_count","XLSX_R0092","joint_bb","Null","species_equal","full","full","44fcf1b3cd3d46db796375ff654f80900606918655f457606fca9aff0ab47f6c"
92,"Micropterus_salmoides",1,"species_equal","N_train/(S_train*R_species); total_weight=N_train","total_weight_equals_record_count","XLSX_R0093","joint_bb","Null","species_equal","full","full","44fcf1b3cd3d46db796375ff654f80900606918655f457606fca9aff0ab47f6c"
93,"Micropterus_salmoides",1,"species_equal","N_train/(S_train*R_species); total_weight=N_train","total_weight_equals_record_count","XLSX_R0094","joint_bb","Null","species_equal","full","full","44fcf1b3cd3d46db796375ff654f80900606918655f457606fca9aff0ab47f6c"
94,"Micropterus_salmoides",1,"species_equal","N_train/(S_train*R_species); total_weight=N_train","total_weight_equals_record_count","XLSX_R0095","joint_bb","Null","species_equal","full","full","44fcf1b3cd3d46db796375ff654f80900606918655f457606fca9aff0ab47f6c"
95,"Oplegnathus_fasciatus",0.130434782608696,"species_equal","N_train/(S_train*R_species); total_weight=N_train","total_weight_equals_record_count","XLSX_R0096","joint_bb","Null","species_equal","full","full","44fcf1b3cd3d46db796375ff654f80900606918655f457606fca9aff0ab47f6c"
96,"Oplegnathus_fasciatus",0.130434782608696,"species_equal","N_train/(S_train*R_species); total_weight=N_train","total_weight_equals_record_count","XLSX_R0097","joint_bb","Null","species_equal","full","full","44fcf1b3cd3d46db796375ff654f80900606918655f457606fca9aff0ab47f6c"
97,"Oplegnathus_fasciatus",0.130434782608696,"species_equal","N_train/(S_train*R_species); total_weight=N_train","total_weight_equals_record_count","XLSX_R0098","joint_bb","Null","species_equal","full","full","44fcf1b3cd3d46db796375ff654f80900606918655f457606fca9aff0ab47f6c"
98,"Oplegnathus_fasciatus",0.130434782608696,"species_equal","N_train/(S_train*R_species); total_weight=N_train","total_weight_equals_record_count","XLSX_R0099","joint_bb","Null","species_equal","full","full","44fcf1b3cd3d46db796375ff654f80900606918655f457606fca9aff0ab47f6c"
99,"Oplegnathus_fasciatus",0.130434782608696,"species_equal","N_train/(S_train*R_species); total_weight=N_train","total_weight_equals_record_count","XLSX_R0100","joint_bb","Null","species_equal","full","full","44fcf1b3cd3d46db796375ff654f80900606918655f457606fca9aff0ab47f6c"
100,"Oplegnathus_fasciatus",0.130434782608696,"species_equal","N_train/(S_train*R_species); total_weight=N_train","total_weight_equals_record_count","XLSX_R0101","joint_bb","Null","species_equal","full","full","44fcf1b3cd3d46db796375ff654f80900606918655f457606fca9aff0ab47f6c"
101,"Oplegnathus_fasciatus",0.130434782608696,"species_equal","N_train/(S_train*R_species); total_weight=N_train","total_weight_equals_record_count","XLSX_R0102","joint_bb","Null","species_equal","full","full","44fcf1b3cd3d46db796375ff654f80900606918655f457606fca9aff0ab47f6c"
102,"Oplegnathus_fasciatus",0.130434782608696,"species_equal","N_train/(S_train*R_species); total_weight=N_train","total_weight_equals_record_count","XLSX_R0103","joint_bb","Null","species_equal","full","full","44fcf1b3cd3d46db796375ff654f80900606918655f457606fca9aff0ab47f6c"
103,"Oplegnathus_fasciatus",0.130434782608696,"species_equal","N_train/(S_train*R_species); total_weight=N_train","total_weight_equals_record_count","XLSX_R0104","joint_bb","Null","species_equal","full","full","44fcf1b3cd3d46db796375ff654f80900606918655f457606fca9aff0ab47f6c"
104,"Oplegnathus_fasciatus",0.130434782608696,"species_equal","N_train/(S_train*R_species); total_weight=N_train","total_weight_equals_record_count","XLSX_R0105","joint_bb","Null","species_equal","full","full","44fcf1b3cd3d46db796375ff654f80900606918655f457606fca9aff0ab47f6c"
105,"Oplegnathus_fasciatus",0.130434782608696,"species_equal","N_train/(S_train*R_species); total_weight=N_train","total_weight_equals_record_count","XLSX_R0106","joint_bb","Null","species_equal","full","full","44fcf1b3cd3d46db796375ff654f80900606918655f457606fca9aff0ab47f6c"
106,"Oplegnathus_fasciatus",0.130434782608696,"species_equal","N_train/(S_train*R_species); total_weight=N_train","total_weight_equals_record_count","XLSX_R0107","joint_bb","Null","species_equal","full","full","44fcf1b3cd3d46db796375ff654f80900606918655f457606fca9aff0ab47f6c"
107,"Oplegnathus_fasciatus",0.130434782608696,"species_equal","N_train/(S_train*R_species); total_weight=N_train","total_weight_equals_record_count","XLSX_R0108","joint_bb","Null","species_equal","full","full","44fcf1b3cd3d46db796375ff654f80900606918655f457606fca9aff0ab47f6c"
108,"Oplegnathus_fasciatus",0.130434782608696,"species_equal","N_train/(S_train*R_species); total_weight=N_train","total_weight_equals_record_count","XLSX_R0109","joint_bb","Null","species_equal","full","full","44fcf1b3cd3d46db796375ff654f80900606918655f457606fca9aff0ab47f6c"
109,"Oplegnathus_fasciatus",0.130434782608696,"species_equal","N_train/(S_train*R_species); total_weight=N_train","total_weight_equals_record_count","XLSX_R0110","joint_bb","Null","species_equal","full","full","44fcf1b3cd3d46db796375ff654f80900606918655f457606fca9aff0ab47f6c"
110,"Oplegnathus_fasciatus",0.130434782608696,"species_equal","N_train/(S_train*R_species); total_weight=N_train","total_weight_equals_record_count","XLSX_R0111","joint_bb","Null","species_equal","full","full","44fcf1b3cd3d46db796375ff654f80900606918655f457606fca9aff0ab47f6c"
111,"Oplegnathus_fasciatus",0.130434782608696,"species_equal","N_train/(S_train*R_species); total_weight=N_train","total_weight_equals_record_count","XLSX_R0112","joint_bb","Null","species_equal","full","full","44fcf1b3cd3d46db796375ff654f80900606918655f457606fca9aff0ab47f6c"
112,"Oplegnathus_fasciatus",0.130434782608696,"species_equal","N_train/(S_train*R_species); total_weight=N_train","total_weight_equals_record_count","XLSX_R0113","joint_bb","Null","species_equal","full","full","44fcf1b3cd3d46db796375ff654f80900606918655f457606fca9aff0ab47f6c"
113,"Oplegnathus_fasciatus",0.130434782608696,"species_equal","N_train/(S_train*R_species); total_weight=N_train","total_weight_equals_record_count","XLSX_R0114","joint_bb","Null","species_equal","full","full","44fcf1b3cd3d46db796375ff654f80900606918655f457606fca9aff0ab47f6c"
114,"Oplegnathus_fasciatus",0.130434782608696,"species_equal","N_train/(S_train*R_species); total_weight=N_train","total_weight_equals_record_count","XLSX_R0115","joint_bb","Null","species_equal","full","full","44fcf1b3cd3d46db796375ff654f80900606918655f457606fca9aff0ab47f6c"
115,"Oplegnathus_fasciatus",0.130434782608696,"species_equal","N_train/(S_train*R_species); total_weight=N_train","total_weight_equals_record_count","XLSX_R0116","joint_bb","Null","species_equal","full","full","44fcf1b3cd3d46db796375ff654f80900606918655f457606fca9aff0ab47f6c"
116,"Oplegnathus_fasciatus",0.130434782608696,"species_equal","N_train/(S_train*R_species); total_weight=N_train","total_weight_equals_record_count","XLSX_R0117","joint_bb","Null","species_equal","full","full","44fcf1b3cd3d46db796375ff654f80900606918655f457606fca9aff0ab47f6c"
117,"Oplegnathus_fasciatus",0.130434782608696,"species_equal","N_train/(S_train*R_species); total_weight=N_train","total_weight_equals_record_count","XLSX_R0118","joint_bb","Null","species_equal","full","full","44fcf1b3cd3d46db796375ff654f80900606918655f457606fca9aff0ab47f6c"
118,"Oplegnathus_punctatus",3,"species_equal","N_train/(S_train*R_species); total_weight=N_train","total_weight_equals_record_count","XLSX_R0119","joint_bb","Null","species_equal","full","full","44fcf1b3cd3d46db796375ff654f80900606918655f457606fca9aff0ab47f6c"
119,"Siniperca_chuatsi",0.272727272727273,"species_equal","N_train/(S_train*R_species); total_weight=N_train","total_weight_equals_record_count","XLSX_R0120","joint_bb","Null","species_equal","full","full","44fcf1b3cd3d46db796375ff654f80900606918655f457606fca9aff0ab47f6c"
120,"Siniperca_chuatsi",0.272727272727273,"species_equal","N_train/(S_train*R_species); total_weight=N_train","total_weight_equals_record_count","XLSX_R0121","joint_bb","Null","species_equal","full","full","44fcf1b3cd3d46db796375ff654f80900606918655f457606fca9aff0ab47f6c"
121,"Siniperca_chuatsi",0.272727272727273,"species_equal","N_train/(S_train*R_species); total_weight=N_train","total_weight_equals_record_count","XLSX_R0122","joint_bb","Null","species_equal","full","full","44fcf1b3cd3d46db796375ff654f80900606918655f457606fca9aff0ab47f6c"
122,"Siniperca_chuatsi",0.272727272727273,"species_equal","N_train/(S_train*R_species); total_weight=N_train","total_weight_equals_record_count","XLSX_R0123","joint_bb","Null","species_equal","full","full","44fcf1b3cd3d46db796375ff654f80900606918655f457606fca9aff0ab47f6c"
123,"Siniperca_chuatsi",0.272727272727273,"species_equal","N_train/(S_train*R_species); total_weight=N_train","total_weight_equals_record_count","XLSX_R0124","joint_bb","Null","species_equal","full","full","44fcf1b3cd3d46db796375ff654f80900606918655f457606fca9aff0ab47f6c"
124,"Siniperca_chuatsi",0.272727272727273,"species_equal","N_train/(S_train*R_species); total_weight=N_train","total_weight_equals_record_count","XLSX_R0125","joint_bb","Null","species_equal","full","full","44fcf1b3cd3d46db796375ff654f80900606918655f457606fca9aff0ab47f6c"
125,"Siniperca_chuatsi",0.272727272727273,"species_equal","N_train/(S_train*R_species); total_weight=N_train","total_weight_equals_record_count","XLSX_R0126","joint_bb","Null","species_equal","full","full","44fcf1b3cd3d46db796375ff654f80900606918655f457606fca9aff0ab47f6c"
126,"Siniperca_chuatsi",0.272727272727273,"species_equal","N_train/(S_train*R_species); total_weight=N_train","total_weight_equals_record_count","XLSX_R0127","joint_bb","Null","species_equal","full","full","44fcf1b3cd3d46db796375ff654f80900606918655f457606fca9aff0ab47f6c"
127,"Siniperca_chuatsi",0.272727272727273,"species_equal","N_train/(S_train*R_species); total_weight=N_train","total_weight_equals_record_count","XLSX_R0128","joint_bb","Null","species_equal","full","full","44fcf1b3cd3d46db796375ff654f80900606918655f457606fca9aff0ab47f6c"
128,"Siniperca_chuatsi",0.272727272727273,"species_equal","N_train/(S_train*R_species); total_weight=N_train","total_weight_equals_record_count","XLSX_R0129","joint_bb","Null","species_equal","full","full","44fcf1b3cd3d46db796375ff654f80900606918655f457606fca9aff0ab47f6c"
129,"Siniperca_chuatsi",0.272727272727273,"species_equal","N_train/(S_train*R_species); total_weight=N_train","total_weight_equals_record_count","XLSX_R0130","joint_bb","Null","species_equal","full","full","44fcf1b3cd3d46db796375ff654f80900606918655f457606fca9aff0ab47f6c"
130,"Siniperca_scherzeri",0.75,"species_equal","N_train/(S_train*R_species); total_weight=N_train","total_weight_equals_record_count","XLSX_R0131","joint_bb","Null","species_equal","full","full","44fcf1b3cd3d46db796375ff654f80900606918655f457606fca9aff0ab47f6c"
131,"Siniperca_scherzeri",0.75,"species_equal","N_train/(S_train*R_species); total_weight=N_train","total_weight_equals_record_count","XLSX_R0132","joint_bb","Null","species_equal","full","full","44fcf1b3cd3d46db796375ff654f80900606918655f457606fca9aff0ab47f6c"
132,"Siniperca_scherzeri",0.75,"species_equal","N_train/(S_train*R_species); total_weight=N_train","total_weight_equals_record_count","XLSX_R0133","joint_bb","Null","species_equal","full","full","44fcf1b3cd3d46db796375ff654f80900606918655f457606fca9aff0ab47f6c"
133,"Siniperca_scherzeri",0.75,"species_equal","N_train/(S_train*R_species); total_weight=N_train","total_weight_equals_record_count","XLSX_R0134","joint_bb","Null","species_equal","full","full","44fcf1b3cd3d46db796375ff654f80900606918655f457606fca9aff0ab47f6c"
134,"Cromileptes_altivelis",0.5,"species_equal","N_train/(S_train*R_species); total_weight=N_train","total_weight_equals_record_count","XLSX_R0135","joint_bb","Null","species_equal","full","full","44fcf1b3cd3d46db796375ff654f80900606918655f457606fca9aff0ab47f6c"
135,"Cromileptes_altivelis",0.5,"species_equal","N_train/(S_train*R_species); total_weight=N_train","total_weight_equals_record_count","XLSX_R0136","joint_bb","Null","species_equal","full","full","44fcf1b3cd3d46db796375ff654f80900606918655f457606fca9aff0ab47f6c"
136,"Cromileptes_altivelis",0.5,"species_equal","N_train/(S_train*R_species); total_weight=N_train","total_weight_equals_record_count","XLSX_R0137","joint_bb","Null","species_equal","full","full","44fcf1b3cd3d46db796375ff654f80900606918655f457606fca9aff0ab47f6c"
137,"Cromileptes_altivelis",0.5,"species_equal","N_train/(S_train*R_species); total_weight=N_train","total_weight_equals_record_count","XLSX_R0138","joint_bb","Null","species_equal","full","full","44fcf1b3cd3d46db796375ff654f80900606918655f457606fca9aff0ab47f6c"
138,"Cromileptes_altivelis",0.5,"species_equal","N_train/(S_train*R_species); total_weight=N_train","total_weight_equals_record_count","XLSX_R0139","joint_bb","Null","species_equal","full","full","44fcf1b3cd3d46db796375ff654f80900606918655f457606fca9aff0ab47f6c"
139,"Cromileptes_altivelis",0.5,"species_equal","N_train/(S_train*R_species); total_weight=N_train","total_weight_equals_record_count","XLSX_R0140","joint_bb","Null","species_equal","full","full","44fcf1b3cd3d46db796375ff654f80900606918655f457606fca9aff0ab47f6c"
140,"Epinephelus_bruneus",1,"species_equal","N_train/(S_train*R_species); total_weight=N_train","total_weight_equals_record_count","XLSX_R0141","joint_bb","Null","species_equal","full","full","44fcf1b3cd3d46db796375ff654f80900606918655f457606fca9aff0ab47f6c"
141,"Epinephelus_bruneus",1,"species_equal","N_train/(S_train*R_species); total_weight=N_train","total_weight_equals_record_count","XLSX_R0142","joint_bb","Null","species_equal","full","full","44fcf1b3cd3d46db796375ff654f80900606918655f457606fca9aff0ab47f6c"
142,"Epinephelus_bruneus",1,"species_equal","N_train/(S_train*R_species); total_weight=N_train","total_weight_equals_record_count","XLSX_R0143","joint_bb","Null","species_equal","full","full","44fcf1b3cd3d46db796375ff654f80900606918655f457606fca9aff0ab47f6c"
143,"Epinephelus_coioides",1.5,"species_equal","N_train/(S_train*R_species); total_weight=N_train","total_weight_equals_record_count","XLSX_R0144","joint_bb","Null","species_equal","full","full","44fcf1b3cd3d46db796375ff654f80900606918655f457606fca9aff0ab47f6c"
144,"Epinephelus_coioides",1.5,"species_equal","N_train/(S_train*R_species); total_weight=N_train","total_weight_equals_record_count","XLSX_R0145","joint_bb","Null","species_equal","full","full","44fcf1b3cd3d46db796375ff654f80900606918655f457606fca9aff0ab47f6c"
145,"Epinephelus_fuscoguttatus",1.5,"species_equal","N_train/(S_train*R_species); total_weight=N_train","total_weight_equals_record_count","XLSX_R0146","joint_bb","Null","species_equal","full","full","44fcf1b3cd3d46db796375ff654f80900606918655f457606fca9aff0ab47f6c"
146,"Epinephelus_fuscoguttatus",1.5,"species_equal","N_train/(S_train*R_species); total_weight=N_train","total_weight_equals_record_count","XLSX_R0147","joint_bb","Null","species_equal","full","full","44fcf1b3cd3d46db796375ff654f80900606918655f457606fca9aff0ab47f6c"
147,"Epinephelus_lanceolatus",1.5,"species_equal","N_train/(S_train*R_species); total_weight=N_train","total_weight_equals_record_count","XLSX_R0148","joint_bb","Null","species_equal","full","full","44fcf1b3cd3d46db796375ff654f80900606918655f457606fca9aff0ab47f6c"
148,"Epinephelus_lanceolatus",1.5,"species_equal","N_train/(S_train*R_species); total_weight=N_train","total_weight_equals_record_count","XLSX_R0149","joint_bb","Null","species_equal","full","full","44fcf1b3cd3d46db796375ff654f80900606918655f457606fca9aff0ab47f6c"
149,"Epinephelus_malabaricus",1,"species_equal","N_train/(S_train*R_species); total_weight=N_train","total_weight_equals_record_count","XLSX_R0150","joint_bb","Null","species_equal","full","full","44fcf1b3cd3d46db796375ff654f80900606918655f457606fca9aff0ab47f6c"
150,"Epinephelus_malabaricus",1,"species_equal","N_train/(S_train*R_species); total_weight=N_train","total_weight_equals_record_count","XLSX_R0151","joint_bb","Null","species_equal","full","full","44fcf1b3cd3d46db796375ff654f80900606918655f457606fca9aff0ab47f6c"
151,"Epinephelus_malabaricus",1,"species_equal","N_train/(S_train*R_species); total_weight=N_train","total_weight_equals_record_count","XLSX_R0152","joint_bb","Null","species_equal","full","full","44fcf1b3cd3d46db796375ff654f80900606918655f457606fca9aff0ab47f6c"
152,"Plectropomus_leopardus",1.5,"species_equal","N_train/(S_train*R_species); total_weight=N_train","total_weight_equals_record_count","XLSX_R0153","joint_bb","Null","species_equal","full","full","44fcf1b3cd3d46db796375ff654f80900606918655f457606fca9aff0ab47f6c"
153,"Plectropomus_leopardus",1.5,"species_equal","N_train/(S_train*R_species); total_weight=N_train","total_weight_equals_record_count","XLSX_R0154","joint_bb","Null","species_equal","full","full","44fcf1b3cd3d46db796375ff654f80900606918655f457606fca9aff0ab47f6c"
1,"Carassius_auratus",1,"record_equal","N_train/(S_train*R_species); total_weight=N_train","total_weight_equals_record_count","XLSX_R0002","joint_bb","M1","record_equal","full","full","7b17b7d8c7d53c8536f1c5d664fe4118e4ec37973a98adc7b6841f602d1150a8"
2,"Carassius_auratus",1,"record_equal","N_train/(S_train*R_species); total_weight=N_train","total_weight_equals_record_count","XLSX_R0003","joint_bb","M1","record_equal","full","full","7b17b7d8c7d53c8536f1c5d664fe4118e4ec37973a98adc7b6841f602d1150a8"
3,"Carassius_auratus",1,"record_equal","N_train/(S_train*R_species); total_weight=N_train","total_weight_equals_record_count","XLSX_R0004","joint_bb","M1","record_equal","full","full","7b17b7d8c7d53c8536f1c5d664fe4118e4ec37973a98adc7b6841f602d1150a8"
4,"Carassius_auratus",1,"record_equal","N_train/(S_train*R_species); total_weight=N_train","total_weight_equals_record_count","XLSX_R0005","joint_bb","M1","record_equal","full","full","7b17b7d8c7d53c8536f1c5d664fe4118e4ec37973a98adc7b6841f602d1150a8"
5,"Carassius_carassius",1,"record_equal","N_train/(S_train*R_species); total_weight=N_train","total_weight_equals_record_count","XLSX_R0006","joint_bb","M1","record_equal","full","full","7b17b7d8c7d53c8536f1c5d664fe4118e4ec37973a98adc7b6841f602d1150a8"
6,"Ctenopharyngodon_idella",1,"record_equal","N_train/(S_train*R_species); total_weight=N_train","total_weight_equals_record_count","XLSX_R0007","joint_bb","M1","record_equal","full","full","7b17b7d8c7d53c8536f1c5d664fe4118e4ec37973a98adc7b6841f602d1150a8"
7,"Cirrhinus_molitorella",1,"record_equal","N_train/(S_train*R_species); total_weight=N_train","total_weight_equals_record_count","XLSX_R0008","joint_bb","M1","record_equal","full","full","7b17b7d8c7d53c8536f1c5d664fe4118e4ec37973a98adc7b6841f602d1150a8"
8,"Danio_rerio",1,"record_equal","N_train/(S_train*R_species); total_weight=N_train","total_weight_equals_record_count","XLSX_R0009","joint_bb","M1","record_equal","full","full","7b17b7d8c7d53c8536f1c5d664fe4118e4ec37973a98adc7b6841f602d1150a8"
9,"Danio_rerio",1,"record_equal","N_train/(S_train*R_species); total_weight=N_train","total_weight_equals_record_count","XLSX_R0010","joint_bb","M1","record_equal","full","full","7b17b7d8c7d53c8536f1c5d664fe4118e4ec37973a98adc7b6841f602d1150a8"
10,"Danio_rerio",1,"record_equal","N_train/(S_train*R_species); total_weight=N_train","total_weight_equals_record_count","XLSX_R0011","joint_bb","M1","record_equal","full","full","7b17b7d8c7d53c8536f1c5d664fe4118e4ec37973a98adc7b6841f602d1150a8"
11,"Pygocentrus_nattereri",1,"record_equal","N_train/(S_train*R_species); total_weight=N_train","total_weight_equals_record_count","XLSX_R0012","joint_bb","M1","record_equal","full","full","7b17b7d8c7d53c8536f1c5d664fe4118e4ec37973a98adc7b6841f602d1150a8"
12,"Thunnus_orientalis",1,"record_equal","N_train/(S_train*R_species); total_weight=N_train","total_weight_equals_record_count","XLSX_R0013","joint_bb","M1","record_equal","full","full","7b17b7d8c7d53c8536f1c5d664fe4118e4ec37973a98adc7b6841f602d1150a8"
13,"Thunnus_orientalis",1,"record_equal","N_train/(S_train*R_species); total_weight=N_train","total_weight_equals_record_count","XLSX_R0014","joint_bb","M1","record_equal","full","full","7b17b7d8c7d53c8536f1c5d664fe4118e4ec37973a98adc7b6841f602d1150a8"
14,"Thunnus_orientalis",1,"record_equal","N_train/(S_train*R_species); total_weight=N_train","total_weight_equals_record_count","XLSX_R0015","joint_bb","M1","record_equal","full","full","7b17b7d8c7d53c8536f1c5d664fe4118e4ec37973a98adc7b6841f602d1150a8"
15,"Pampus_argenteus",1,"record_equal","N_train/(S_train*R_species); total_weight=N_train","total_weight_equals_record_count","XLSX_R0016","joint_bb","M1","record_equal","full","full","7b17b7d8c7d53c8536f1c5d664fe4118e4ec37973a98adc7b6841f602d1150a8"
16,"Pampus_argenteus",1,"record_equal","N_train/(S_train*R_species); total_weight=N_train","total_weight_equals_record_count","XLSX_R0017","joint_bb","M1","record_equal","full","full","7b17b7d8c7d53c8536f1c5d664fe4118e4ec37973a98adc7b6841f602d1150a8"
17,"Pampus_argenteus",1,"record_equal","N_train/(S_train*R_species); total_weight=N_train","total_weight_equals_record_count","XLSX_R0018","joint_bb","M1","record_equal","full","full","7b17b7d8c7d53c8536f1c5d664fe4118e4ec37973a98adc7b6841f602d1150a8"
18,"Pampus_argenteus",1,"record_equal","N_train/(S_train*R_species); total_weight=N_train","total_weight_equals_record_count","XLSX_R0019","joint_bb","M1","record_equal","full","full","7b17b7d8c7d53c8536f1c5d664fe4118e4ec37973a98adc7b6841f602d1150a8"
19,"Pampus_argenteus",1,"record_equal","N_train/(S_train*R_species); total_weight=N_train","total_weight_equals_record_count","XLSX_R0020","joint_bb","M1","record_equal","full","full","7b17b7d8c7d53c8536f1c5d664fe4118e4ec37973a98adc7b6841f602d1150a8"
20,"Pterapogon_kauderni",1,"record_equal","N_train/(S_train*R_species); total_weight=N_train","total_weight_equals_record_count","XLSX_R0021","joint_bb","M1","record_equal","full","full","7b17b7d8c7d53c8536f1c5d664fe4118e4ec37973a98adc7b6841f602d1150a8"
21,"Pterapogon_kauderni",1,"record_equal","N_train/(S_train*R_species); total_weight=N_train","total_weight_equals_record_count","XLSX_R0022","joint_bb","M1","record_equal","full","full","7b17b7d8c7d53c8536f1c5d664fe4118e4ec37973a98adc7b6841f602d1150a8"
22,"Pterapogon_kauderni",1,"record_equal","N_train/(S_train*R_species); total_weight=N_train","total_weight_equals_record_count","XLSX_R0023","joint_bb","M1","record_equal","full","full","7b17b7d8c7d53c8536f1c5d664fe4118e4ec37973a98adc7b6841f602d1150a8"
23,"Oxyeleotris_marmorata",1,"record_equal","N_train/(S_train*R_species); total_weight=N_train","total_weight_equals_record_count","XLSX_R0024","joint_bb","M1","record_equal","full","full","7b17b7d8c7d53c8536f1c5d664fe4118e4ec37973a98adc7b6841f602d1150a8"
24,"Oxyeleotris_marmorata",1,"record_equal","N_train/(S_train*R_species); total_weight=N_train","total_weight_equals_record_count","XLSX_R0025","joint_bb","M1","record_equal","full","full","7b17b7d8c7d53c8536f1c5d664fe4118e4ec37973a98adc7b6841f602d1150a8"
25,"Anabas_testudineus",1,"record_equal","N_train/(S_train*R_species); total_weight=N_train","total_weight_equals_record_count","XLSX_R0026","joint_bb","M1","record_equal","full","full","7b17b7d8c7d53c8536f1c5d664fe4118e4ec37973a98adc7b6841f602d1150a8"
26,"Channa_argus",1,"record_equal","N_train/(S_train*R_species); total_weight=N_train","total_weight_equals_record_count","XLSX_R0027","joint_bb","M1","record_equal","full","full","7b17b7d8c7d53c8536f1c5d664fe4118e4ec37973a98adc7b6841f602d1150a8"
27,"Trichopodus_trichopterus",1,"record_equal","N_train/(S_train*R_species); total_weight=N_train","total_weight_equals_record_count","XLSX_R0028","joint_bb","M1","record_equal","full","full","7b17b7d8c7d53c8536f1c5d664fe4118e4ec37973a98adc7b6841f602d1150a8"
28,"Eleutheronema_tetradactylum",1,"record_equal","N_train/(S_train*R_species); total_weight=N_train","total_weight_equals_record_count","XLSX_R0029","joint_bb","M1","record_equal","full","full","7b17b7d8c7d53c8536f1c5d664fe4118e4ec37973a98adc7b6841f602d1150a8"
29,"Lates_calcarifer",1,"record_equal","N_train/(S_train*R_species); total_weight=N_train","total_weight_equals_record_count","XLSX_R0030","joint_bb","M1","record_equal","full","full","7b17b7d8c7d53c8536f1c5d664fe4118e4ec37973a98adc7b6841f602d1150a8"
30,"Lates_calcarifer",1,"record_equal","N_train/(S_train*R_species); total_weight=N_train","total_weight_equals_record_count","XLSX_R0031","joint_bb","M1","record_equal","full","full","7b17b7d8c7d53c8536f1c5d664fe4118e4ec37973a98adc7b6841f602d1150a8"
31,"Lates_calcarifer",1,"record_equal","N_train/(S_train*R_species); total_weight=N_train","total_weight_equals_record_count","XLSX_R0032","joint_bb","M1","record_equal","full","full","7b17b7d8c7d53c8536f1c5d664fe4118e4ec37973a98adc7b6841f602d1150a8"
32,"Lates_calcarifer",1,"record_equal","N_train/(S_train*R_species); total_weight=N_train","total_weight_equals_record_count","XLSX_R0033","joint_bb","M1","record_equal","full","full","7b17b7d8c7d53c8536f1c5d664fe4118e4ec37973a98adc7b6841f602d1150a8"
33,"Seriola_dumerili",1,"record_equal","N_train/(S_train*R_species); total_weight=N_train","total_weight_equals_record_count","XLSX_R0034","joint_bb","M1","record_equal","full","full","7b17b7d8c7d53c8536f1c5d664fe4118e4ec37973a98adc7b6841f602d1150a8"
34,"Seriola_dumerili",1,"record_equal","N_train/(S_train*R_species); total_weight=N_train","total_weight_equals_record_count","XLSX_R0035","joint_bb","M1","record_equal","full","full","7b17b7d8c7d53c8536f1c5d664fe4118e4ec37973a98adc7b6841f602d1150a8"
35,"Paralichthys_olivaceus",1,"record_equal","N_train/(S_train*R_species); total_weight=N_train","total_weight_equals_record_count","XLSX_R0036","joint_bb","M1","record_equal","full","full","7b17b7d8c7d53c8536f1c5d664fe4118e4ec37973a98adc7b6841f602d1150a8"
36,"Paralichthys_olivaceus",1,"record_equal","N_train/(S_train*R_species); total_weight=N_train","total_weight_equals_record_count","XLSX_R0037","joint_bb","M1","record_equal","full","full","7b17b7d8c7d53c8536f1c5d664fe4118e4ec37973a98adc7b6841f602d1150a8"
37,"Platichthys_stellatus",1,"record_equal","N_train/(S_train*R_species); total_weight=N_train","total_weight_equals_record_count","XLSX_R0038","joint_bb","M1","record_equal","full","full","7b17b7d8c7d53c8536f1c5d664fe4118e4ec37973a98adc7b6841f602d1150a8"
38,"Scophthalmus_maximus",1,"record_equal","N_train/(S_train*R_species); total_weight=N_train","total_weight_equals_record_count","XLSX_R0039","joint_bb","M1","record_equal","full","full","7b17b7d8c7d53c8536f1c5d664fe4118e4ec37973a98adc7b6841f602d1150a8"
39,"Astronotus_ocellatus",1,"record_equal","N_train/(S_train*R_species); total_weight=N_train","total_weight_equals_record_count","XLSX_R0040","joint_bb","M1","record_equal","full","full","7b17b7d8c7d53c8536f1c5d664fe4118e4ec37973a98adc7b6841f602d1150a8"
40,"Astronotus_ocellatus",1,"record_equal","N_train/(S_train*R_species); total_weight=N_train","total_weight_equals_record_count","XLSX_R0041","joint_bb","M1","record_equal","full","full","7b17b7d8c7d53c8536f1c5d664fe4118e4ec37973a98adc7b6841f602d1150a8"
41,"Oreochromis_niloticus",1,"record_equal","N_train/(S_train*R_species); total_weight=N_train","total_weight_equals_record_count","XLSX_R0042","joint_bb","M1","record_equal","full","full","7b17b7d8c7d53c8536f1c5d664fe4118e4ec37973a98adc7b6841f602d1150a8"
42,"Oreochromis_niloticus",1,"record_equal","N_train/(S_train*R_species); total_weight=N_train","total_weight_equals_record_count","XLSX_R0043","joint_bb","M1","record_equal","full","full","7b17b7d8c7d53c8536f1c5d664fe4118e4ec37973a98adc7b6841f602d1150a8"
43,"Oreochromis_niloticus",1,"record_equal","N_train/(S_train*R_species); total_weight=N_train","total_weight_equals_record_count","XLSX_R0044","joint_bb","M1","record_equal","full","full","7b17b7d8c7d53c8536f1c5d664fe4118e4ec37973a98adc7b6841f602d1150a8"
44,"Pterophyllum_scalare",1,"record_equal","N_train/(S_train*R_species); total_weight=N_train","total_weight_equals_record_count","XLSX_R0045","joint_bb","M1","record_equal","full","full","7b17b7d8c7d53c8536f1c5d664fe4118e4ec37973a98adc7b6841f602d1150a8"
45,"Poecilia_latipinna",1,"record_equal","N_train/(S_train*R_species); total_weight=N_train","total_weight_equals_record_count","XLSX_R0046","joint_bb","M1","record_equal","full","full","7b17b7d8c7d53c8536f1c5d664fe4118e4ec37973a98adc7b6841f602d1150a8"
46,"Poecilia_reticulata",1,"record_equal","N_train/(S_train*R_species); total_weight=N_train","total_weight_equals_record_count","XLSX_R0047","joint_bb","M1","record_equal","full","full","7b17b7d8c7d53c8536f1c5d664fe4118e4ec37973a98adc7b6841f602d1150a8"
47,"Poecilia_reticulata",1,"record_equal","N_train/(S_train*R_species); total_weight=N_train","total_weight_equals_record_count","XLSX_R0048","joint_bb","M1","record_equal","full","full","7b17b7d8c7d53c8536f1c5d664fe4118e4ec37973a98adc7b6841f602d1150a8"
48,"Poecilia_reticulata",1,"record_equal","N_train/(S_train*R_species); total_weight=N_train","total_weight_equals_record_count","XLSX_R0049","joint_bb","M1","record_equal","full","full","7b17b7d8c7d53c8536f1c5d664fe4118e4ec37973a98adc7b6841f602d1150a8"
49,"Poropanchax_normani",1,"record_equal","N_train/(S_train*R_species); total_weight=N_train","total_weight_equals_record_count","XLSX_R0050","joint_bb","M1","record_equal","full","full","7b17b7d8c7d53c8536f1c5d664fe4118e4ec37973a98adc7b6841f602d1150a8"
50,"Poropanchax_normani",1,"record_equal","N_train/(S_train*R_species); total_weight=N_train","total_weight_equals_record_count","XLSX_R0051","joint_bb","M1","record_equal","full","full","7b17b7d8c7d53c8536f1c5d664fe4118e4ec37973a98adc7b6841f602d1150a8"
51,"Xiphophorus_hellerii",1,"record_equal","N_train/(S_train*R_species); total_weight=N_train","total_weight_equals_record_count","XLSX_R0052","joint_bb","M1","record_equal","full","full","7b17b7d8c7d53c8536f1c5d664fe4118e4ec37973a98adc7b6841f602d1150a8"
52,"Xiphophorus_hellerii",1,"record_equal","N_train/(S_train*R_species); total_weight=N_train","total_weight_equals_record_count","XLSX_R0053","joint_bb","M1","record_equal","full","full","7b17b7d8c7d53c8536f1c5d664fe4118e4ec37973a98adc7b6841f602d1150a8"
53,"Xiphophorus_hellerii",1,"record_equal","N_train/(S_train*R_species); total_weight=N_train","total_weight_equals_record_count","XLSX_R0054","joint_bb","M1","record_equal","full","full","7b17b7d8c7d53c8536f1c5d664fe4118e4ec37973a98adc7b6841f602d1150a8"
54,"Xiphophorus_hellerii",1,"record_equal","N_train/(S_train*R_species); total_weight=N_train","total_weight_equals_record_count","XLSX_R0055","joint_bb","M1","record_equal","full","full","7b17b7d8c7d53c8536f1c5d664fe4118e4ec37973a98adc7b6841f602d1150a8"
55,"Xiphophorus_maculatus",1,"record_equal","N_train/(S_train*R_species); total_weight=N_train","total_weight_equals_record_count","XLSX_R0056","joint_bb","M1","record_equal","full","full","7b17b7d8c7d53c8536f1c5d664fe4118e4ec37973a98adc7b6841f602d1150a8"
56,"Mugil_cephalus",1,"record_equal","N_train/(S_train*R_species); total_weight=N_train","total_weight_equals_record_count","XLSX_R0057","joint_bb","M1","record_equal","full","full","7b17b7d8c7d53c8536f1c5d664fe4118e4ec37973a98adc7b6841f602d1150a8"
57,"Mugil_cephalus",1,"record_equal","N_train/(S_train*R_species); total_weight=N_train","total_weight_equals_record_count","XLSX_R0058","joint_bb","M1","record_equal","full","full","7b17b7d8c7d53c8536f1c5d664fe4118e4ec37973a98adc7b6841f602d1150a8"
58,"Larimichthys_crocea",1,"record_equal","N_train/(S_train*R_species); total_weight=N_train","total_weight_equals_record_count","XLSX_R0059","joint_bb","M1","record_equal","full","full","7b17b7d8c7d53c8536f1c5d664fe4118e4ec37973a98adc7b6841f602d1150a8"
59,"Larimichthys_crocea",1,"record_equal","N_train/(S_train*R_species); total_weight=N_train","total_weight_equals_record_count","XLSX_R0060","joint_bb","M1","record_equal","full","full","7b17b7d8c7d53c8536f1c5d664fe4118e4ec37973a98adc7b6841f602d1150a8"
60,"Sciaenops_ocellatus",1,"record_equal","N_train/(S_train*R_species); total_weight=N_train","total_weight_equals_record_count","XLSX_R0061","joint_bb","M1","record_equal","full","full","7b17b7d8c7d53c8536f1c5d664fe4118e4ec37973a98adc7b6841f602d1150a8"
61,"Platax_orbicularis",1,"record_equal","N_train/(S_train*R_species); total_weight=N_train","total_weight_equals_record_count","XLSX_R0062","joint_bb","M1","record_equal","full","full","7b17b7d8c7d53c8536f1c5d664fe4118e4ec37973a98adc7b6841f602d1150a8"
62,"Lutjanus_erythropterus",1,"record_equal","N_train/(S_train*R_species); total_weight=N_train","total_weight_equals_record_count","XLSX_R0063","joint_bb","M1","record_equal","full","full","7b17b7d8c7d53c8536f1c5d664fe4118e4ec37973a98adc7b6841f602d1150a8"
63,"Acanthopagrus_schlegelii",1,"record_equal","N_train/(S_train*R_species); total_weight=N_train","total_weight_equals_record_count","XLSX_R0064","joint_bb","M1","record_equal","full","full","7b17b7d8c7d53c8536f1c5d664fe4118e4ec37973a98adc7b6841f602d1150a8"
64,"Acanthopagrus_schlegelii",1,"record_equal","N_train/(S_train*R_species); total_weight=N_train","total_weight_equals_record_count","XLSX_R0065","joint_bb","M1","record_equal","full","full","7b17b7d8c7d53c8536f1c5d664fe4118e4ec37973a98adc7b6841f602d1150a8"
65,"Acanthopagrus_schlegelii",1,"record_equal","N_train/(S_train*R_species); total_weight=N_train","total_weight_equals_record_count","XLSX_R0066","joint_bb","M1","record_equal","full","full","7b17b7d8c7d53c8536f1c5d664fe4118e4ec37973a98adc7b6841f602d1150a8"
66,"Acanthopagrus_schlegelii",1,"record_equal","N_train/(S_train*R_species); total_weight=N_train","total_weight_equals_record_count","XLSX_R0067","joint_bb","M1","record_equal","full","full","7b17b7d8c7d53c8536f1c5d664fe4118e4ec37973a98adc7b6841f602d1150a8"
67,"Lethrinus_nebulosus",1,"record_equal","N_train/(S_train*R_species); total_weight=N_train","total_weight_equals_record_count","XLSX_R0068","joint_bb","M1","record_equal","full","full","7b17b7d8c7d53c8536f1c5d664fe4118e4ec37973a98adc7b6841f602d1150a8"
68,"Lethrinus_nebulosus",1,"record_equal","N_train/(S_train*R_species); total_weight=N_train","total_weight_equals_record_count","XLSX_R0069","joint_bb","M1","record_equal","full","full","7b17b7d8c7d53c8536f1c5d664fe4118e4ec37973a98adc7b6841f602d1150a8"
69,"Pagrus_major",1,"record_equal","N_train/(S_train*R_species); total_weight=N_train","total_weight_equals_record_count","XLSX_R0070","joint_bb","M1","record_equal","full","full","7b17b7d8c7d53c8536f1c5d664fe4118e4ec37973a98adc7b6841f602d1150a8"
70,"Pagrus_major",1,"record_equal","N_train/(S_train*R_species); total_weight=N_train","total_weight_equals_record_count","XLSX_R0071","joint_bb","M1","record_equal","full","full","7b17b7d8c7d53c8536f1c5d664fe4118e4ec37973a98adc7b6841f602d1150a8"
71,"Pagrus_major",1,"record_equal","N_train/(S_train*R_species); total_weight=N_train","total_weight_equals_record_count","XLSX_R0072","joint_bb","M1","record_equal","full","full","7b17b7d8c7d53c8536f1c5d664fe4118e4ec37973a98adc7b6841f602d1150a8"
72,"Pagrus_major",1,"record_equal","N_train/(S_train*R_species); total_weight=N_train","total_weight_equals_record_count","XLSX_R0073","joint_bb","M1","record_equal","full","full","7b17b7d8c7d53c8536f1c5d664fe4118e4ec37973a98adc7b6841f602d1150a8"
73,"Pagrus_major",1,"record_equal","N_train/(S_train*R_species); total_weight=N_train","total_weight_equals_record_count","XLSX_R0074","joint_bb","M1","record_equal","full","full","7b17b7d8c7d53c8536f1c5d664fe4118e4ec37973a98adc7b6841f602d1150a8"
74,"Pagrus_major",1,"record_equal","N_train/(S_train*R_species); total_weight=N_train","total_weight_equals_record_count","XLSX_R0075","joint_bb","M1","record_equal","full","full","7b17b7d8c7d53c8536f1c5d664fe4118e4ec37973a98adc7b6841f602d1150a8"
75,"Pagrus_major",1,"record_equal","N_train/(S_train*R_species); total_weight=N_train","total_weight_equals_record_count","XLSX_R0076","joint_bb","M1","record_equal","full","full","7b17b7d8c7d53c8536f1c5d664fe4118e4ec37973a98adc7b6841f602d1150a8"
76,"Pagrus_major",1,"record_equal","N_train/(S_train*R_species); total_weight=N_train","total_weight_equals_record_count","XLSX_R0077","joint_bb","M1","record_equal","full","full","7b17b7d8c7d53c8536f1c5d664fe4118e4ec37973a98adc7b6841f602d1150a8"
77,"Pagrus_major",1,"record_equal","N_train/(S_train*R_species); total_weight=N_train","total_weight_equals_record_count","XLSX_R0078","joint_bb","M1","record_equal","full","full","7b17b7d8c7d53c8536f1c5d664fe4118e4ec37973a98adc7b6841f602d1150a8"
78,"Rhabdosargus_sarba",1,"record_equal","N_train/(S_train*R_species); total_weight=N_train","total_weight_equals_record_count","XLSX_R0079","joint_bb","M1","record_equal","full","full","7b17b7d8c7d53c8536f1c5d664fe4118e4ec37973a98adc7b6841f602d1150a8"
79,"Lateolabrax_japonicus",1,"record_equal","N_train/(S_train*R_species); total_weight=N_train","total_weight_equals_record_count","XLSX_R0080","joint_bb","M1","record_equal","full","full","7b17b7d8c7d53c8536f1c5d664fe4118e4ec37973a98adc7b6841f602d1150a8"
80,"Lateolabrax_japonicus",1,"record_equal","N_train/(S_train*R_species); total_weight=N_train","total_weight_equals_record_count","XLSX_R0081","joint_bb","M1","record_equal","full","full","7b17b7d8c7d53c8536f1c5d664fe4118e4ec37973a98adc7b6841f602d1150a8"
81,"Lateolabrax_japonicus",1,"record_equal","N_train/(S_train*R_species); total_weight=N_train","total_weight_equals_record_count","XLSX_R0082","joint_bb","M1","record_equal","full","full","7b17b7d8c7d53c8536f1c5d664fe4118e4ec37973a98adc7b6841f602d1150a8"
82,"Lateolabrax_japonicus",1,"record_equal","N_train/(S_train*R_species); total_weight=N_train","total_weight_equals_record_count","XLSX_R0083","joint_bb","M1","record_equal","full","full","7b17b7d8c7d53c8536f1c5d664fe4118e4ec37973a98adc7b6841f602d1150a8"
83,"Lateolabrax_maculatus",1,"record_equal","N_train/(S_train*R_species); total_weight=N_train","total_weight_equals_record_count","XLSX_R0084","joint_bb","M1","record_equal","full","full","7b17b7d8c7d53c8536f1c5d664fe4118e4ec37973a98adc7b6841f602d1150a8"
84,"Maccullochella_peelii",1,"record_equal","N_train/(S_train*R_species); total_weight=N_train","total_weight_equals_record_count","XLSX_R0085","joint_bb","M1","record_equal","full","full","7b17b7d8c7d53c8536f1c5d664fe4118e4ec37973a98adc7b6841f602d1150a8"
85,"Maccullochella_peelii",1,"record_equal","N_train/(S_train*R_species); total_weight=N_train","total_weight_equals_record_count","XLSX_R0086","joint_bb","M1","record_equal","full","full","7b17b7d8c7d53c8536f1c5d664fe4118e4ec37973a98adc7b6841f602d1150a8"
86,"Maccullochella_peelii",1,"record_equal","N_train/(S_train*R_species); total_weight=N_train","total_weight_equals_record_count","XLSX_R0087","joint_bb","M1","record_equal","full","full","7b17b7d8c7d53c8536f1c5d664fe4118e4ec37973a98adc7b6841f602d1150a8"
87,"Maccullochella_peelii",1,"record_equal","N_train/(S_train*R_species); total_weight=N_train","total_weight_equals_record_count","XLSX_R0088","joint_bb","M1","record_equal","full","full","7b17b7d8c7d53c8536f1c5d664fe4118e4ec37973a98adc7b6841f602d1150a8"
88,"Maccullochella_peelii",1,"record_equal","N_train/(S_train*R_species); total_weight=N_train","total_weight_equals_record_count","XLSX_R0089","joint_bb","M1","record_equal","full","full","7b17b7d8c7d53c8536f1c5d664fe4118e4ec37973a98adc7b6841f602d1150a8"
89,"Maccullochella_peelii",1,"record_equal","N_train/(S_train*R_species); total_weight=N_train","total_weight_equals_record_count","XLSX_R0090","joint_bb","M1","record_equal","full","full","7b17b7d8c7d53c8536f1c5d664fe4118e4ec37973a98adc7b6841f602d1150a8"
90,"Maccullochella_peelii",1,"record_equal","N_train/(S_train*R_species); total_weight=N_train","total_weight_equals_record_count","XLSX_R0091","joint_bb","M1","record_equal","full","full","7b17b7d8c7d53c8536f1c5d664fe4118e4ec37973a98adc7b6841f602d1150a8"
91,"Maccullochella_peelii",1,"record_equal","N_train/(S_train*R_species); total_weight=N_train","total_weight_equals_record_count","XLSX_R0092","joint_bb","M1","record_equal","full","full","7b17b7d8c7d53c8536f1c5d664fe4118e4ec37973a98adc7b6841f602d1150a8"
92,"Micropterus_salmoides",1,"record_equal","N_train/(S_train*R_species); total_weight=N_train","total_weight_equals_record_count","XLSX_R0093","joint_bb","M1","record_equal","full","full","7b17b7d8c7d53c8536f1c5d664fe4118e4ec37973a98adc7b6841f602d1150a8"
93,"Micropterus_salmoides",1,"record_equal","N_train/(S_train*R_species); total_weight=N_train","total_weight_equals_record_count","XLSX_R0094","joint_bb","M1","record_equal","full","full","7b17b7d8c7d53c8536f1c5d664fe4118e4ec37973a98adc7b6841f602d1150a8"
94,"Micropterus_salmoides",1,"record_equal","N_train/(S_train*R_species); total_weight=N_train","total_weight_equals_record_count","XLSX_R0095","joint_bb","M1","record_equal","full","full","7b17b7d8c7d53c8536f1c5d664fe4118e4ec37973a98adc7b6841f602d1150a8"
95,"Oplegnathus_fasciatus",1,"record_equal","N_train/(S_train*R_species); total_weight=N_train","total_weight_equals_record_count","XLSX_R0096","joint_bb","M1","record_equal","full","full","7b17b7d8c7d53c8536f1c5d664fe4118e4ec37973a98adc7b6841f602d1150a8"
96,"Oplegnathus_fasciatus",1,"record_equal","N_train/(S_train*R_species); total_weight=N_train","total_weight_equals_record_count","XLSX_R0097","joint_bb","M1","record_equal","full","full","7b17b7d8c7d53c8536f1c5d664fe4118e4ec37973a98adc7b6841f602d1150a8"
97,"Oplegnathus_fasciatus",1,"record_equal","N_train/(S_train*R_species); total_weight=N_train","total_weight_equals_record_count","XLSX_R0098","joint_bb","M1","record_equal","full","full","7b17b7d8c7d53c8536f1c5d664fe4118e4ec37973a98adc7b6841f602d1150a8"
98,"Oplegnathus_fasciatus",1,"record_equal","N_train/(S_train*R_species); total_weight=N_train","total_weight_equals_record_count","XLSX_R0099","joint_bb","M1","record_equal","full","full","7b17b7d8c7d53c8536f1c5d664fe4118e4ec37973a98adc7b6841f602d1150a8"
99,"Oplegnathus_fasciatus",1,"record_equal","N_train/(S_train*R_species); total_weight=N_train","total_weight_equals_record_count","XLSX_R0100","joint_bb","M1","record_equal","full","full","7b17b7d8c7d53c8536f1c5d664fe4118e4ec37973a98adc7b6841f602d1150a8"
100,"Oplegnathus_fasciatus",1,"record_equal","N_train/(S_train*R_species); total_weight=N_train","total_weight_equals_record_count","XLSX_R0101","joint_bb","M1","record_equal","full","full","7b17b7d8c7d53c8536f1c5d664fe4118e4ec37973a98adc7b6841f602d1150a8"
101,"Oplegnathus_fasciatus",1,"record_equal","N_train/(S_train*R_species); total_weight=N_train","total_weight_equals_record_count","XLSX_R0102","joint_bb","M1","record_equal","full","full","7b17b7d8c7d53c8536f1c5d664fe4118e4ec37973a98adc7b6841f602d1150a8"
102,"Oplegnathus_fasciatus",1,"record_equal","N_train/(S_train*R_species); total_weight=N_train","total_weight_equals_record_count","XLSX_R0103","joint_bb","M1","record_equal","full","full","7b17b7d8c7d53c8536f1c5d664fe4118e4ec37973a98adc7b6841f602d1150a8"
103,"Oplegnathus_fasciatus",1,"record_equal","N_train/(S_train*R_species); total_weight=N_train","total_weight_equals_record_count","XLSX_R0104","joint_bb","M1","record_equal","full","full","7b17b7d8c7d53c8536f1c5d664fe4118e4ec37973a98adc7b6841f602d1150a8"
104,"Oplegnathus_fasciatus",1,"record_equal","N_train/(S_train*R_species); total_weight=N_train","total_weight_equals_record_count","XLSX_R0105","joint_bb","M1","record_equal","full","full","7b17b7d8c7d53c8536f1c5d664fe4118e4ec37973a98adc7b6841f602d1150a8"
105,"Oplegnathus_fasciatus",1,"record_equal","N_train/(S_train*R_species); total_weight=N_train","total_weight_equals_record_count","XLSX_R0106","joint_bb","M1","record_equal","full","full","7b17b7d8c7d53c8536f1c5d664fe4118e4ec37973a98adc7b6841f602d1150a8"
106,"Oplegnathus_fasciatus",1,"record_equal","N_train/(S_train*R_species); total_weight=N_train","total_weight_equals_record_count","XLSX_R0107","joint_bb","M1","record_equal","full","full","7b17b7d8c7d53c8536f1c5d664fe4118e4ec37973a98adc7b6841f602d1150a8"
107,"Oplegnathus_fasciatus",1,"record_equal","N_train/(S_train*R_species); total_weight=N_train","total_weight_equals_record_count","XLSX_R0108","joint_bb","M1","record_equal","full","full","7b17b7d8c7d53c8536f1c5d664fe4118e4ec37973a98adc7b6841f602d1150a8"
108,"Oplegnathus_fasciatus",1,"record_equal","N_train/(S_train*R_species); total_weight=N_train","total_weight_equals_record_count","XLSX_R0109","joint_bb","M1","record_equal","full","full","7b17b7d8c7d53c8536f1c5d664fe4118e4ec37973a98adc7b6841f602d1150a8"
109,"Oplegnathus_fasciatus",1,"record_equal","N_train/(S_train*R_species); total_weight=N_train","total_weight_equals_record_count","XLSX_R0110","joint_bb","M1","record_equal","full","full","7b17b7d8c7d53c8536f1c5d664fe4118e4ec37973a98adc7b6841f602d1150a8"
110,"Oplegnathus_fasciatus",1,"record_equal","N_train/(S_train*R_species); total_weight=N_train","total_weight_equals_record_count","XLSX_R0111","joint_bb","M1","record_equal","full","full","7b17b7d8c7d53c8536f1c5d664fe4118e4ec37973a98adc7b6841f602d1150a8"
111,"Oplegnathus_fasciatus",1,"record_equal","N_train/(S_train*R_species); total_weight=N_train","total_weight_equals_record_count","XLSX_R0112","joint_bb","M1","record_equal","full","full","7b17b7d8c7d53c8536f1c5d664fe4118e4ec37973a98adc7b6841f602d1150a8"
112,"Oplegnathus_fasciatus",1,"record_equal","N_train/(S_train*R_species); total_weight=N_train","total_weight_equals_record_count","XLSX_R0113","joint_bb","M1","record_equal","full","full","7b17b7d8c7d53c8536f1c5d664fe4118e4ec37973a98adc7b6841f602d1150a8"
113,"Oplegnathus_fasciatus",1,"record_equal","N_train/(S_train*R_species); total_weight=N_train","total_weight_equals_record_count","XLSX_R0114","joint_bb","M1","record_equal","full","full","7b17b7d8c7d53c8536f1c5d664fe4118e4ec37973a98adc7b6841f602d1150a8"
114,"Oplegnathus_fasciatus",1,"record_equal","N_train/(S_train*R_species); total_weight=N_train","total_weight_equals_record_count","XLSX_R0115","joint_bb","M1","record_equal","full","full","7b17b7d8c7d53c8536f1c5d664fe4118e4ec37973a98adc7b6841f602d1150a8"
115,"Oplegnathus_fasciatus",1,"record_equal","N_train/(S_train*R_species); total_weight=N_train","total_weight_equals_record_count","XLSX_R0116","joint_bb","M1","record_equal","full","full","7b17b7d8c7d53c8536f1c5d664fe4118e4ec37973a98adc7b6841f602d1150a8"
116,"Oplegnathus_fasciatus",1,"record_equal","N_train/(S_train*R_species); total_weight=N_train","total_weight_equals_record_count","XLSX_R0117","joint_bb","M1","record_equal","full","full","7b17b7d8c7d53c8536f1c5d664fe4118e4ec37973a98adc7b6841f602d1150a8"
117,"Oplegnathus_fasciatus",1,"record_equal","N_train/(S_train*R_species); total_weight=N_train","total_weight_equals_record_count","XLSX_R0118","joint_bb","M1","record_equal","full","full","7b17b7d8c7d53c8536f1c5d664fe4118e4ec37973a98adc7b6841f602d1150a8"
118,"Oplegnathus_punctatus",1,"record_equal","N_train/(S_train*R_species); total_weight=N_train","total_weight_equals_record_count","XLSX_R0119","joint_bb","M1","record_equal","full","full","7b17b7d8c7d53c8536f1c5d664fe4118e4ec37973a98adc7b6841f602d1150a8"
119,"Siniperca_chuatsi",1,"record_equal","N_train/(S_train*R_species); total_weight=N_train","total_weight_equals_record_count","XLSX_R0120","joint_bb","M1","record_equal","full","full","7b17b7d8c7d53c8536f1c5d664fe4118e4ec37973a98adc7b6841f602d1150a8"
120,"Siniperca_chuatsi",1,"record_equal","N_train/(S_train*R_species); total_weight=N_train","total_weight_equals_record_count","XLSX_R0121","joint_bb","M1","record_equal","full","full","7b17b7d8c7d53c8536f1c5d664fe4118e4ec37973a98adc7b6841f602d1150a8"
121,"Siniperca_chuatsi",1,"record_equal","N_train/(S_train*R_species); total_weight=N_train","total_weight_equals_record_count","XLSX_R0122","joint_bb","M1","record_equal","full","full","7b17b7d8c7d53c8536f1c5d664fe4118e4ec37973a98adc7b6841f602d1150a8"
122,"Siniperca_chuatsi",1,"record_equal","N_train/(S_train*R_species); total_weight=N_train","total_weight_equals_record_count","XLSX_R0123","joint_bb","M1","record_equal","full","full","7b17b7d8c7d53c8536f1c5d664fe4118e4ec37973a98adc7b6841f602d1150a8"
123,"Siniperca_chuatsi",1,"record_equal","N_train/(S_train*R_species); total_weight=N_train","total_weight_equals_record_count","XLSX_R0124","joint_bb","M1","record_equal","full","full","7b17b7d8c7d53c8536f1c5d664fe4118e4ec37973a98adc7b6841f602d1150a8"
124,"Siniperca_chuatsi",1,"record_equal","N_train/(S_train*R_species); total_weight=N_train","total_weight_equals_record_count","XLSX_R0125","joint_bb","M1","record_equal","full","full","7b17b7d8c7d53c8536f1c5d664fe4118e4ec37973a98adc7b6841f602d1150a8"
125,"Siniperca_chuatsi",1,"record_equal","N_train/(S_train*R_species); total_weight=N_train","total_weight_equals_record_count","XLSX_R0126","joint_bb","M1","record_equal","full","full","7b17b7d8c7d53c8536f1c5d664fe4118e4ec37973a98adc7b6841f602d1150a8"
126,"Siniperca_chuatsi",1,"record_equal","N_train/(S_train*R_species); total_weight=N_train","total_weight_equals_record_count","XLSX_R0127","joint_bb","M1","record_equal","full","full","7b17b7d8c7d53c8536f1c5d664fe4118e4ec37973a98adc7b6841f602d1150a8"
127,"Siniperca_chuatsi",1,"record_equal","N_train/(S_train*R_species); total_weight=N_train","total_weight_equals_record_count","XLSX_R0128","joint_bb","M1","record_equal","full","full","7b17b7d8c7d53c8536f1c5d664fe4118e4ec37973a98adc7b6841f602d1150a8"
128,"Siniperca_chuatsi",1,"record_equal","N_train/(S_train*R_species); total_weight=N_train","total_weight_equals_record_count","XLSX_R0129","joint_bb","M1","record_equal","full","full","7b17b7d8c7d53c8536f1c5d664fe4118e4ec37973a98adc7b6841f602d1150a8"
129,"Siniperca_chuatsi",1,"record_equal","N_train/(S_train*R_species); total_weight=N_train","total_weight_equals_record_count","XLSX_R0130","joint_bb","M1","record_equal","full","full","7b17b7d8c7d53c8536f1c5d664fe4118e4ec37973a98adc7b6841f602d1150a8"
130,"Siniperca_scherzeri",1,"record_equal","N_train/(S_train*R_species); total_weight=N_train","total_weight_equals_record_count","XLSX_R0131","joint_bb","M1","record_equal","full","full","7b17b7d8c7d53c8536f1c5d664fe4118e4ec37973a98adc7b6841f602d1150a8"
131,"Siniperca_scherzeri",1,"record_equal","N_train/(S_train*R_species); total_weight=N_train","total_weight_equals_record_count","XLSX_R0132","joint_bb","M1","record_equal","full","full","7b17b7d8c7d53c8536f1c5d664fe4118e4ec37973a98adc7b6841f602d1150a8"
132,"Siniperca_scherzeri",1,"record_equal","N_train/(S_train*R_species); total_weight=N_train","total_weight_equals_record_count","XLSX_R0133","joint_bb","M1","record_equal","full","full","7b17b7d8c7d53c8536f1c5d664fe4118e4ec37973a98adc7b6841f602d1150a8"
133,"Siniperca_scherzeri",1,"record_equal","N_train/(S_train*R_species); total_weight=N_train","total_weight_equals_record_count","XLSX_R0134","joint_bb","M1","record_equal","full","full","7b17b7d8c7d53c8536f1c5d664fe4118e4ec37973a98adc7b6841f602d1150a8"
134,"Cromileptes_altivelis",1,"record_equal","N_train/(S_train*R_species); total_weight=N_train","total_weight_equals_record_count","XLSX_R0135","joint_bb","M1","record_equal","full","full","7b17b7d8c7d53c8536f1c5d664fe4118e4ec37973a98adc7b6841f602d1150a8"
135,"Cromileptes_altivelis",1,"record_equal","N_train/(S_train*R_species); total_weight=N_train","total_weight_equals_record_count","XLSX_R0136","joint_bb","M1","record_equal","full","full","7b17b7d8c7d53c8536f1c5d664fe4118e4ec37973a98adc7b6841f602d1150a8"
136,"Cromileptes_altivelis",1,"record_equal","N_train/(S_train*R_species); total_weight=N_train","total_weight_equals_record_count","XLSX_R0137","joint_bb","M1","record_equal","full","full","7b17b7d8c7d53c8536f1c5d664fe4118e4ec37973a98adc7b6841f602d1150a8"
137,"Cromileptes_altivelis",1,"record_equal","N_train/(S_train*R_species); total_weight=N_train","total_weight_equals_record_count","XLSX_R0138","joint_bb","M1","record_equal","full","full","7b17b7d8c7d53c8536f1c5d664fe4118e4ec37973a98adc7b6841f602d1150a8"
138,"Cromileptes_altivelis",1,"record_equal","N_train/(S_train*R_species); total_weight=N_train","total_weight_equals_record_count","XLSX_R0139","joint_bb","M1","record_equal","full","full","7b17b7d8c7d53c8536f1c5d664fe4118e4ec37973a98adc7b6841f602d1150a8"
139,"Cromileptes_altivelis",1,"record_equal","N_train/(S_train*R_species); total_weight=N_train","total_weight_equals_record_count","XLSX_R0140","joint_bb","M1","record_equal","full","full","7b17b7d8c7d53c8536f1c5d664fe4118e4ec37973a98adc7b6841f602d1150a8"
140,"Epinephelus_bruneus",1,"record_equal","N_train/(S_train*R_species); total_weight=N_train","total_weight_equals_record_count","XLSX_R0141","joint_bb","M1","record_equal","full","full","7b17b7d8c7d53c8536f1c5d664fe4118e4ec37973a98adc7b6841f602d1150a8"
141,"Epinephelus_bruneus",1,"record_equal","N_train/(S_train*R_species); total_weight=N_train","total_weight_equals_record_count","XLSX_R0142","joint_bb","M1","record_equal","full","full","7b17b7d8c7d53c8536f1c5d664fe4118e4ec37973a98adc7b6841f602d1150a8"
142,"Epinephelus_bruneus",1,"record_equal","N_train/(S_train*R_species); total_weight=N_train","total_weight_equals_record_count","XLSX_R0143","joint_bb","M1","record_equal","full","full","7b17b7d8c7d53c8536f1c5d664fe4118e4ec37973a98adc7b6841f602d1150a8"
143,"Epinephelus_coioides",1,"record_equal","N_train/(S_train*R_species); total_weight=N_train","total_weight_equals_record_count","XLSX_R0144","joint_bb","M1","record_equal","full","full","7b17b7d8c7d53c8536f1c5d664fe4118e4ec37973a98adc7b6841f602d1150a8"
144,"Epinephelus_coioides",1,"record_equal","N_train/(S_train*R_species); total_weight=N_train","total_weight_equals_record_count","XLSX_R0145","joint_bb","M1","record_equal","full","full","7b17b7d8c7d53c8536f1c5d664fe4118e4ec37973a98adc7b6841f602d1150a8"
145,"Epinephelus_fuscoguttatus",1,"record_equal","N_train/(S_train*R_species); total_weight=N_train","total_weight_equals_record_count","XLSX_R0146","joint_bb","M1","record_equal","full","full","7b17b7d8c7d53c8536f1c5d664fe4118e4ec37973a98adc7b6841f602d1150a8"
146,"Epinephelus_fuscoguttatus",1,"record_equal","N_train/(S_train*R_species); total_weight=N_train","total_weight_equals_record_count","XLSX_R0147","joint_bb","M1","record_equal","full","full","7b17b7d8c7d53c8536f1c5d664fe4118e4ec37973a98adc7b6841f602d1150a8"
147,"Epinephelus_lanceolatus",1,"record_equal","N_train/(S_train*R_species); total_weight=N_train","total_weight_equals_record_count","XLSX_R0148","joint_bb","M1","record_equal","full","full","7b17b7d8c7d53c8536f1c5d664fe4118e4ec37973a98adc7b6841f602d1150a8"
148,"Epinephelus_lanceolatus",1,"record_equal","N_train/(S_train*R_species); total_weight=N_train","total_weight_equals_record_count","XLSX_R0149","joint_bb","M1","record_equal","full","full","7b17b7d8c7d53c8536f1c5d664fe4118e4ec37973a98adc7b6841f602d1150a8"
149,"Epinephelus_malabaricus",1,"record_equal","N_train/(S_train*R_species); total_weight=N_train","total_weight_equals_record_count","XLSX_R0150","joint_bb","M1","record_equal","full","full","7b17b7d8c7d53c8536f1c5d664fe4118e4ec37973a98adc7b6841f602d1150a8"
150,"Epinephelus_malabaricus",1,"record_equal","N_train/(S_train*R_species); total_weight=N_train","total_weight_equals_record_count","XLSX_R0151","joint_bb","M1","record_equal","full","full","7b17b7d8c7d53c8536f1c5d664fe4118e4ec37973a98adc7b6841f602d1150a8"
151,"Epinephelus_malabaricus",1,"record_equal","N_train/(S_train*R_species); total_weight=N_train","total_weight_equals_record_count","XLSX_R0152","joint_bb","M1","record_equal","full","full","7b17b7d8c7d53c8536f1c5d664fe4118e4ec37973a98adc7b6841f602d1150a8"
152,"Plectropomus_leopardus",1,"record_equal","N_train/(S_train*R_species); total_weight=N_train","total_weight_equals_record_count","XLSX_R0153","joint_bb","M1","record_equal","full","full","7b17b7d8c7d53c8536f1c5d664fe4118e4ec37973a98adc7b6841f602d1150a8"
153,"Plectropomus_leopardus",1,"record_equal","N_train/(S_train*R_species); total_weight=N_train","total_weight_equals_record_count","XLSX_R0154","joint_bb","M1","record_equal","full","full","7b17b7d8c7d53c8536f1c5d664fe4118e4ec37973a98adc7b6841f602d1150a8"
1,"Carassius_auratus",0.75,"species_equal","N_train/(S_train*R_species); total_weight=N_train","total_weight_equals_record_count","XLSX_R0002","joint_bb","M1","species_equal","full","full","56851c9ff390cd3b7e201833228e8ff0a8cf44edb83dd92bf1284c0b1329ae6f"
2,"Carassius_auratus",0.75,"species_equal","N_train/(S_train*R_species); total_weight=N_train","total_weight_equals_record_count","XLSX_R0003","joint_bb","M1","species_equal","full","full","56851c9ff390cd3b7e201833228e8ff0a8cf44edb83dd92bf1284c0b1329ae6f"
3,"Carassius_auratus",0.75,"species_equal","N_train/(S_train*R_species); total_weight=N_train","total_weight_equals_record_count","XLSX_R0004","joint_bb","M1","species_equal","full","full","56851c9ff390cd3b7e201833228e8ff0a8cf44edb83dd92bf1284c0b1329ae6f"
4,"Carassius_auratus",0.75,"species_equal","N_train/(S_train*R_species); total_weight=N_train","total_weight_equals_record_count","XLSX_R0005","joint_bb","M1","species_equal","full","full","56851c9ff390cd3b7e201833228e8ff0a8cf44edb83dd92bf1284c0b1329ae6f"
5,"Carassius_carassius",3,"species_equal","N_train/(S_train*R_species); total_weight=N_train","total_weight_equals_record_count","XLSX_R0006","joint_bb","M1","species_equal","full","full","56851c9ff390cd3b7e201833228e8ff0a8cf44edb83dd92bf1284c0b1329ae6f"
6,"Ctenopharyngodon_idella",3,"species_equal","N_train/(S_train*R_species); total_weight=N_train","total_weight_equals_record_count","XLSX_R0007","joint_bb","M1","species_equal","full","full","56851c9ff390cd3b7e201833228e8ff0a8cf44edb83dd92bf1284c0b1329ae6f"
7,"Cirrhinus_molitorella",3,"species_equal","N_train/(S_train*R_species); total_weight=N_train","total_weight_equals_record_count","XLSX_R0008","joint_bb","M1","species_equal","full","full","56851c9ff390cd3b7e201833228e8ff0a8cf44edb83dd92bf1284c0b1329ae6f"
8,"Danio_rerio",1,"species_equal","N_train/(S_train*R_species); total_weight=N_train","total_weight_equals_record_count","XLSX_R0009","joint_bb","M1","species_equal","full","full","56851c9ff390cd3b7e201833228e8ff0a8cf44edb83dd92bf1284c0b1329ae6f"
9,"Danio_rerio",1,"species_equal","N_train/(S_train*R_species); total_weight=N_train","total_weight_equals_record_count","XLSX_R0010","joint_bb","M1","species_equal","full","full","56851c9ff390cd3b7e201833228e8ff0a8cf44edb83dd92bf1284c0b1329ae6f"
10,"Danio_rerio",1,"species_equal","N_train/(S_train*R_species); total_weight=N_train","total_weight_equals_record_count","XLSX_R0011","joint_bb","M1","species_equal","full","full","56851c9ff390cd3b7e201833228e8ff0a8cf44edb83dd92bf1284c0b1329ae6f"
11,"Pygocentrus_nattereri",3,"species_equal","N_train/(S_train*R_species); total_weight=N_train","total_weight_equals_record_count","XLSX_R0012","joint_bb","M1","species_equal","full","full","56851c9ff390cd3b7e201833228e8ff0a8cf44edb83dd92bf1284c0b1329ae6f"
12,"Thunnus_orientalis",1,"species_equal","N_train/(S_train*R_species); total_weight=N_train","total_weight_equals_record_count","XLSX_R0013","joint_bb","M1","species_equal","full","full","56851c9ff390cd3b7e201833228e8ff0a8cf44edb83dd92bf1284c0b1329ae6f"
13,"Thunnus_orientalis",1,"species_equal","N_train/(S_train*R_species); total_weight=N_train","total_weight_equals_record_count","XLSX_R0014","joint_bb","M1","species_equal","full","full","56851c9ff390cd3b7e201833228e8ff0a8cf44edb83dd92bf1284c0b1329ae6f"
14,"Thunnus_orientalis",1,"species_equal","N_train/(S_train*R_species); total_weight=N_train","total_weight_equals_record_count","XLSX_R0015","joint_bb","M1","species_equal","full","full","56851c9ff390cd3b7e201833228e8ff0a8cf44edb83dd92bf1284c0b1329ae6f"
15,"Pampus_argenteus",0.6,"species_equal","N_train/(S_train*R_species); total_weight=N_train","total_weight_equals_record_count","XLSX_R0016","joint_bb","M1","species_equal","full","full","56851c9ff390cd3b7e201833228e8ff0a8cf44edb83dd92bf1284c0b1329ae6f"
16,"Pampus_argenteus",0.6,"species_equal","N_train/(S_train*R_species); total_weight=N_train","total_weight_equals_record_count","XLSX_R0017","joint_bb","M1","species_equal","full","full","56851c9ff390cd3b7e201833228e8ff0a8cf44edb83dd92bf1284c0b1329ae6f"
17,"Pampus_argenteus",0.6,"species_equal","N_train/(S_train*R_species); total_weight=N_train","total_weight_equals_record_count","XLSX_R0018","joint_bb","M1","species_equal","full","full","56851c9ff390cd3b7e201833228e8ff0a8cf44edb83dd92bf1284c0b1329ae6f"
18,"Pampus_argenteus",0.6,"species_equal","N_train/(S_train*R_species); total_weight=N_train","total_weight_equals_record_count","XLSX_R0019","joint_bb","M1","species_equal","full","full","56851c9ff390cd3b7e201833228e8ff0a8cf44edb83dd92bf1284c0b1329ae6f"
19,"Pampus_argenteus",0.6,"species_equal","N_train/(S_train*R_species); total_weight=N_train","total_weight_equals_record_count","XLSX_R0020","joint_bb","M1","species_equal","full","full","56851c9ff390cd3b7e201833228e8ff0a8cf44edb83dd92bf1284c0b1329ae6f"
20,"Pterapogon_kauderni",1,"species_equal","N_train/(S_train*R_species); total_weight=N_train","total_weight_equals_record_count","XLSX_R0021","joint_bb","M1","species_equal","full","full","56851c9ff390cd3b7e201833228e8ff0a8cf44edb83dd92bf1284c0b1329ae6f"
21,"Pterapogon_kauderni",1,"species_equal","N_train/(S_train*R_species); total_weight=N_train","total_weight_equals_record_count","XLSX_R0022","joint_bb","M1","species_equal","full","full","56851c9ff390cd3b7e201833228e8ff0a8cf44edb83dd92bf1284c0b1329ae6f"
22,"Pterapogon_kauderni",1,"species_equal","N_train/(S_train*R_species); total_weight=N_train","total_weight_equals_record_count","XLSX_R0023","joint_bb","M1","species_equal","full","full","56851c9ff390cd3b7e201833228e8ff0a8cf44edb83dd92bf1284c0b1329ae6f"
23,"Oxyeleotris_marmorata",1.5,"species_equal","N_train/(S_train*R_species); total_weight=N_train","total_weight_equals_record_count","XLSX_R0024","joint_bb","M1","species_equal","full","full","56851c9ff390cd3b7e201833228e8ff0a8cf44edb83dd92bf1284c0b1329ae6f"
24,"Oxyeleotris_marmorata",1.5,"species_equal","N_train/(S_train*R_species); total_weight=N_train","total_weight_equals_record_count","XLSX_R0025","joint_bb","M1","species_equal","full","full","56851c9ff390cd3b7e201833228e8ff0a8cf44edb83dd92bf1284c0b1329ae6f"
25,"Anabas_testudineus",3,"species_equal","N_train/(S_train*R_species); total_weight=N_train","total_weight_equals_record_count","XLSX_R0026","joint_bb","M1","species_equal","full","full","56851c9ff390cd3b7e201833228e8ff0a8cf44edb83dd92bf1284c0b1329ae6f"
26,"Channa_argus",3,"species_equal","N_train/(S_train*R_species); total_weight=N_train","total_weight_equals_record_count","XLSX_R0027","joint_bb","M1","species_equal","full","full","56851c9ff390cd3b7e201833228e8ff0a8cf44edb83dd92bf1284c0b1329ae6f"
27,"Trichopodus_trichopterus",3,"species_equal","N_train/(S_train*R_species); total_weight=N_train","total_weight_equals_record_count","XLSX_R0028","joint_bb","M1","species_equal","full","full","56851c9ff390cd3b7e201833228e8ff0a8cf44edb83dd92bf1284c0b1329ae6f"
28,"Eleutheronema_tetradactylum",3,"species_equal","N_train/(S_train*R_species); total_weight=N_train","total_weight_equals_record_count","XLSX_R0029","joint_bb","M1","species_equal","full","full","56851c9ff390cd3b7e201833228e8ff0a8cf44edb83dd92bf1284c0b1329ae6f"
29,"Lates_calcarifer",0.75,"species_equal","N_train/(S_train*R_species); total_weight=N_train","total_weight_equals_record_count","XLSX_R0030","joint_bb","M1","species_equal","full","full","56851c9ff390cd3b7e201833228e8ff0a8cf44edb83dd92bf1284c0b1329ae6f"
30,"Lates_calcarifer",0.75,"species_equal","N_train/(S_train*R_species); total_weight=N_train","total_weight_equals_record_count","XLSX_R0031","joint_bb","M1","species_equal","full","full","56851c9ff390cd3b7e201833228e8ff0a8cf44edb83dd92bf1284c0b1329ae6f"
31,"Lates_calcarifer",0.75,"species_equal","N_train/(S_train*R_species); total_weight=N_train","total_weight_equals_record_count","XLSX_R0032","joint_bb","M1","species_equal","full","full","56851c9ff390cd3b7e201833228e8ff0a8cf44edb83dd92bf1284c0b1329ae6f"
32,"Lates_calcarifer",0.75,"species_equal","N_train/(S_train*R_species); total_weight=N_train","total_weight_equals_record_count","XLSX_R0033","joint_bb","M1","species_equal","full","full","56851c9ff390cd3b7e201833228e8ff0a8cf44edb83dd92bf1284c0b1329ae6f"
33,"Seriola_dumerili",1.5,"species_equal","N_train/(S_train*R_species); total_weight=N_train","total_weight_equals_record_count","XLSX_R0034","joint_bb","M1","species_equal","full","full","56851c9ff390cd3b7e201833228e8ff0a8cf44edb83dd92bf1284c0b1329ae6f"
34,"Seriola_dumerili",1.5,"species_equal","N_train/(S_train*R_species); total_weight=N_train","total_weight_equals_record_count","XLSX_R0035","joint_bb","M1","species_equal","full","full","56851c9ff390cd3b7e201833228e8ff0a8cf44edb83dd92bf1284c0b1329ae6f"
35,"Paralichthys_olivaceus",1.5,"species_equal","N_train/(S_train*R_species); total_weight=N_train","total_weight_equals_record_count","XLSX_R0036","joint_bb","M1","species_equal","full","full","56851c9ff390cd3b7e201833228e8ff0a8cf44edb83dd92bf1284c0b1329ae6f"
36,"Paralichthys_olivaceus",1.5,"species_equal","N_train/(S_train*R_species); total_weight=N_train","total_weight_equals_record_count","XLSX_R0037","joint_bb","M1","species_equal","full","full","56851c9ff390cd3b7e201833228e8ff0a8cf44edb83dd92bf1284c0b1329ae6f"
37,"Platichthys_stellatus",3,"species_equal","N_train/(S_train*R_species); total_weight=N_train","total_weight_equals_record_count","XLSX_R0038","joint_bb","M1","species_equal","full","full","56851c9ff390cd3b7e201833228e8ff0a8cf44edb83dd92bf1284c0b1329ae6f"
38,"Scophthalmus_maximus",3,"species_equal","N_train/(S_train*R_species); total_weight=N_train","total_weight_equals_record_count","XLSX_R0039","joint_bb","M1","species_equal","full","full","56851c9ff390cd3b7e201833228e8ff0a8cf44edb83dd92bf1284c0b1329ae6f"
39,"Astronotus_ocellatus",1.5,"species_equal","N_train/(S_train*R_species); total_weight=N_train","total_weight_equals_record_count","XLSX_R0040","joint_bb","M1","species_equal","full","full","56851c9ff390cd3b7e201833228e8ff0a8cf44edb83dd92bf1284c0b1329ae6f"
40,"Astronotus_ocellatus",1.5,"species_equal","N_train/(S_train*R_species); total_weight=N_train","total_weight_equals_record_count","XLSX_R0041","joint_bb","M1","species_equal","full","full","56851c9ff390cd3b7e201833228e8ff0a8cf44edb83dd92bf1284c0b1329ae6f"
41,"Oreochromis_niloticus",1,"species_equal","N_train/(S_train*R_species); total_weight=N_train","total_weight_equals_record_count","XLSX_R0042","joint_bb","M1","species_equal","full","full","56851c9ff390cd3b7e201833228e8ff0a8cf44edb83dd92bf1284c0b1329ae6f"
42,"Oreochromis_niloticus",1,"species_equal","N_train/(S_train*R_species); total_weight=N_train","total_weight_equals_record_count","XLSX_R0043","joint_bb","M1","species_equal","full","full","56851c9ff390cd3b7e201833228e8ff0a8cf44edb83dd92bf1284c0b1329ae6f"
43,"Oreochromis_niloticus",1,"species_equal","N_train/(S_train*R_species); total_weight=N_train","total_weight_equals_record_count","XLSX_R0044","joint_bb","M1","species_equal","full","full","56851c9ff390cd3b7e201833228e8ff0a8cf44edb83dd92bf1284c0b1329ae6f"
44,"Pterophyllum_scalare",3,"species_equal","N_train/(S_train*R_species); total_weight=N_train","total_weight_equals_record_count","XLSX_R0045","joint_bb","M1","species_equal","full","full","56851c9ff390cd3b7e201833228e8ff0a8cf44edb83dd92bf1284c0b1329ae6f"
45,"Poecilia_latipinna",3,"species_equal","N_train/(S_train*R_species); total_weight=N_train","total_weight_equals_record_count","XLSX_R0046","joint_bb","M1","species_equal","full","full","56851c9ff390cd3b7e201833228e8ff0a8cf44edb83dd92bf1284c0b1329ae6f"
46,"Poecilia_reticulata",1,"species_equal","N_train/(S_train*R_species); total_weight=N_train","total_weight_equals_record_count","XLSX_R0047","joint_bb","M1","species_equal","full","full","56851c9ff390cd3b7e201833228e8ff0a8cf44edb83dd92bf1284c0b1329ae6f"
47,"Poecilia_reticulata",1,"species_equal","N_train/(S_train*R_species); total_weight=N_train","total_weight_equals_record_count","XLSX_R0048","joint_bb","M1","species_equal","full","full","56851c9ff390cd3b7e201833228e8ff0a8cf44edb83dd92bf1284c0b1329ae6f"
48,"Poecilia_reticulata",1,"species_equal","N_train/(S_train*R_species); total_weight=N_train","total_weight_equals_record_count","XLSX_R0049","joint_bb","M1","species_equal","full","full","56851c9ff390cd3b7e201833228e8ff0a8cf44edb83dd92bf1284c0b1329ae6f"
49,"Poropanchax_normani",1.5,"species_equal","N_train/(S_train*R_species); total_weight=N_train","total_weight_equals_record_count","XLSX_R0050","joint_bb","M1","species_equal","full","full","56851c9ff390cd3b7e201833228e8ff0a8cf44edb83dd92bf1284c0b1329ae6f"
50,"Poropanchax_normani",1.5,"species_equal","N_train/(S_train*R_species); total_weight=N_train","total_weight_equals_record_count","XLSX_R0051","joint_bb","M1","species_equal","full","full","56851c9ff390cd3b7e201833228e8ff0a8cf44edb83dd92bf1284c0b1329ae6f"
51,"Xiphophorus_hellerii",0.75,"species_equal","N_train/(S_train*R_species); total_weight=N_train","total_weight_equals_record_count","XLSX_R0052","joint_bb","M1","species_equal","full","full","56851c9ff390cd3b7e201833228e8ff0a8cf44edb83dd92bf1284c0b1329ae6f"
52,"Xiphophorus_hellerii",0.75,"species_equal","N_train/(S_train*R_species); total_weight=N_train","total_weight_equals_record_count","XLSX_R0053","joint_bb","M1","species_equal","full","full","56851c9ff390cd3b7e201833228e8ff0a8cf44edb83dd92bf1284c0b1329ae6f"
53,"Xiphophorus_hellerii",0.75,"species_equal","N_train/(S_train*R_species); total_weight=N_train","total_weight_equals_record_count","XLSX_R0054","joint_bb","M1","species_equal","full","full","56851c9ff390cd3b7e201833228e8ff0a8cf44edb83dd92bf1284c0b1329ae6f"
54,"Xiphophorus_hellerii",0.75,"species_equal","N_train/(S_train*R_species); total_weight=N_train","total_weight_equals_record_count","XLSX_R0055","joint_bb","M1","species_equal","full","full","56851c9ff390cd3b7e201833228e8ff0a8cf44edb83dd92bf1284c0b1329ae6f"
55,"Xiphophorus_maculatus",3,"species_equal","N_train/(S_train*R_species); total_weight=N_train","total_weight_equals_record_count","XLSX_R0056","joint_bb","M1","species_equal","full","full","56851c9ff390cd3b7e201833228e8ff0a8cf44edb83dd92bf1284c0b1329ae6f"
56,"Mugil_cephalus",1.5,"species_equal","N_train/(S_train*R_species); total_weight=N_train","total_weight_equals_record_count","XLSX_R0057","joint_bb","M1","species_equal","full","full","56851c9ff390cd3b7e201833228e8ff0a8cf44edb83dd92bf1284c0b1329ae6f"
57,"Mugil_cephalus",1.5,"species_equal","N_train/(S_train*R_species); total_weight=N_train","total_weight_equals_record_count","XLSX_R0058","joint_bb","M1","species_equal","full","full","56851c9ff390cd3b7e201833228e8ff0a8cf44edb83dd92bf1284c0b1329ae6f"
58,"Larimichthys_crocea",1.5,"species_equal","N_train/(S_train*R_species); total_weight=N_train","total_weight_equals_record_count","XLSX_R0059","joint_bb","M1","species_equal","full","full","56851c9ff390cd3b7e201833228e8ff0a8cf44edb83dd92bf1284c0b1329ae6f"
59,"Larimichthys_crocea",1.5,"species_equal","N_train/(S_train*R_species); total_weight=N_train","total_weight_equals_record_count","XLSX_R0060","joint_bb","M1","species_equal","full","full","56851c9ff390cd3b7e201833228e8ff0a8cf44edb83dd92bf1284c0b1329ae6f"
60,"Sciaenops_ocellatus",3,"species_equal","N_train/(S_train*R_species); total_weight=N_train","total_weight_equals_record_count","XLSX_R0061","joint_bb","M1","species_equal","full","full","56851c9ff390cd3b7e201833228e8ff0a8cf44edb83dd92bf1284c0b1329ae6f"
61,"Platax_orbicularis",3,"species_equal","N_train/(S_train*R_species); total_weight=N_train","total_weight_equals_record_count","XLSX_R0062","joint_bb","M1","species_equal","full","full","56851c9ff390cd3b7e201833228e8ff0a8cf44edb83dd92bf1284c0b1329ae6f"
62,"Lutjanus_erythropterus",3,"species_equal","N_train/(S_train*R_species); total_weight=N_train","total_weight_equals_record_count","XLSX_R0063","joint_bb","M1","species_equal","full","full","56851c9ff390cd3b7e201833228e8ff0a8cf44edb83dd92bf1284c0b1329ae6f"
63,"Acanthopagrus_schlegelii",0.75,"species_equal","N_train/(S_train*R_species); total_weight=N_train","total_weight_equals_record_count","XLSX_R0064","joint_bb","M1","species_equal","full","full","56851c9ff390cd3b7e201833228e8ff0a8cf44edb83dd92bf1284c0b1329ae6f"
64,"Acanthopagrus_schlegelii",0.75,"species_equal","N_train/(S_train*R_species); total_weight=N_train","total_weight_equals_record_count","XLSX_R0065","joint_bb","M1","species_equal","full","full","56851c9ff390cd3b7e201833228e8ff0a8cf44edb83dd92bf1284c0b1329ae6f"
65,"Acanthopagrus_schlegelii",0.75,"species_equal","N_train/(S_train*R_species); total_weight=N_train","total_weight_equals_record_count","XLSX_R0066","joint_bb","M1","species_equal","full","full","56851c9ff390cd3b7e201833228e8ff0a8cf44edb83dd92bf1284c0b1329ae6f"
66,"Acanthopagrus_schlegelii",0.75,"species_equal","N_train/(S_train*R_species); total_weight=N_train","total_weight_equals_record_count","XLSX_R0067","joint_bb","M1","species_equal","full","full","56851c9ff390cd3b7e201833228e8ff0a8cf44edb83dd92bf1284c0b1329ae6f"
67,"Lethrinus_nebulosus",1.5,"species_equal","N_train/(S_train*R_species); total_weight=N_train","total_weight_equals_record_count","XLSX_R0068","joint_bb","M1","species_equal","full","full","56851c9ff390cd3b7e201833228e8ff0a8cf44edb83dd92bf1284c0b1329ae6f"
68,"Lethrinus_nebulosus",1.5,"species_equal","N_train/(S_train*R_species); total_weight=N_train","total_weight_equals_record_count","XLSX_R0069","joint_bb","M1","species_equal","full","full","56851c9ff390cd3b7e201833228e8ff0a8cf44edb83dd92bf1284c0b1329ae6f"
69,"Pagrus_major",0.333333333333333,"species_equal","N_train/(S_train*R_species); total_weight=N_train","total_weight_equals_record_count","XLSX_R0070","joint_bb","M1","species_equal","full","full","56851c9ff390cd3b7e201833228e8ff0a8cf44edb83dd92bf1284c0b1329ae6f"
70,"Pagrus_major",0.333333333333333,"species_equal","N_train/(S_train*R_species); total_weight=N_train","total_weight_equals_record_count","XLSX_R0071","joint_bb","M1","species_equal","full","full","56851c9ff390cd3b7e201833228e8ff0a8cf44edb83dd92bf1284c0b1329ae6f"
71,"Pagrus_major",0.333333333333333,"species_equal","N_train/(S_train*R_species); total_weight=N_train","total_weight_equals_record_count","XLSX_R0072","joint_bb","M1","species_equal","full","full","56851c9ff390cd3b7e201833228e8ff0a8cf44edb83dd92bf1284c0b1329ae6f"
72,"Pagrus_major",0.333333333333333,"species_equal","N_train/(S_train*R_species); total_weight=N_train","total_weight_equals_record_count","XLSX_R0073","joint_bb","M1","species_equal","full","full","56851c9ff390cd3b7e201833228e8ff0a8cf44edb83dd92bf1284c0b1329ae6f"
73,"Pagrus_major",0.333333333333333,"species_equal","N_train/(S_train*R_species); total_weight=N_train","total_weight_equals_record_count","XLSX_R0074","joint_bb","M1","species_equal","full","full","56851c9ff390cd3b7e201833228e8ff0a8cf44edb83dd92bf1284c0b1329ae6f"
74,"Pagrus_major",0.333333333333333,"species_equal","N_train/(S_train*R_species); total_weight=N_train","total_weight_equals_record_count","XLSX_R0075","joint_bb","M1","species_equal","full","full","56851c9ff390cd3b7e201833228e8ff0a8cf44edb83dd92bf1284c0b1329ae6f"
75,"Pagrus_major",0.333333333333333,"species_equal","N_train/(S_train*R_species); total_weight=N_train","total_weight_equals_record_count","XLSX_R0076","joint_bb","M1","species_equal","full","full","56851c9ff390cd3b7e201833228e8ff0a8cf44edb83dd92bf1284c0b1329ae6f"
76,"Pagrus_major",0.333333333333333,"species_equal","N_train/(S_train*R_species); total_weight=N_train","total_weight_equals_record_count","XLSX_R0077","joint_bb","M1","species_equal","full","full","56851c9ff390cd3b7e201833228e8ff0a8cf44edb83dd92bf1284c0b1329ae6f"
77,"Pagrus_major",0.333333333333333,"species_equal","N_train/(S_train*R_species); total_weight=N_train","total_weight_equals_record_count","XLSX_R0078","joint_bb","M1","species_equal","full","full","56851c9ff390cd3b7e201833228e8ff0a8cf44edb83dd92bf1284c0b1329ae6f"
78,"Rhabdosargus_sarba",3,"species_equal","N_train/(S_train*R_species); total_weight=N_train","total_weight_equals_record_count","XLSX_R0079","joint_bb","M1","species_equal","full","full","56851c9ff390cd3b7e201833228e8ff0a8cf44edb83dd92bf1284c0b1329ae6f"
79,"Lateolabrax_japonicus",0.75,"species_equal","N_train/(S_train*R_species); total_weight=N_train","total_weight_equals_record_count","XLSX_R0080","joint_bb","M1","species_equal","full","full","56851c9ff390cd3b7e201833228e8ff0a8cf44edb83dd92bf1284c0b1329ae6f"
80,"Lateolabrax_japonicus",0.75,"species_equal","N_train/(S_train*R_species); total_weight=N_train","total_weight_equals_record_count","XLSX_R0081","joint_bb","M1","species_equal","full","full","56851c9ff390cd3b7e201833228e8ff0a8cf44edb83dd92bf1284c0b1329ae6f"
81,"Lateolabrax_japonicus",0.75,"species_equal","N_train/(S_train*R_species); total_weight=N_train","total_weight_equals_record_count","XLSX_R0082","joint_bb","M1","species_equal","full","full","56851c9ff390cd3b7e201833228e8ff0a8cf44edb83dd92bf1284c0b1329ae6f"
82,"Lateolabrax_japonicus",0.75,"species_equal","N_train/(S_train*R_species); total_weight=N_train","total_weight_equals_record_count","XLSX_R0083","joint_bb","M1","species_equal","full","full","56851c9ff390cd3b7e201833228e8ff0a8cf44edb83dd92bf1284c0b1329ae6f"
83,"Lateolabrax_maculatus",3,"species_equal","N_train/(S_train*R_species); total_weight=N_train","total_weight_equals_record_count","XLSX_R0084","joint_bb","M1","species_equal","full","full","56851c9ff390cd3b7e201833228e8ff0a8cf44edb83dd92bf1284c0b1329ae6f"
84,"Maccullochella_peelii",0.375,"species_equal","N_train/(S_train*R_species); total_weight=N_train","total_weight_equals_record_count","XLSX_R0085","joint_bb","M1","species_equal","full","full","56851c9ff390cd3b7e201833228e8ff0a8cf44edb83dd92bf1284c0b1329ae6f"
85,"Maccullochella_peelii",0.375,"species_equal","N_train/(S_train*R_species); total_weight=N_train","total_weight_equals_record_count","XLSX_R0086","joint_bb","M1","species_equal","full","full","56851c9ff390cd3b7e201833228e8ff0a8cf44edb83dd92bf1284c0b1329ae6f"
86,"Maccullochella_peelii",0.375,"species_equal","N_train/(S_train*R_species); total_weight=N_train","total_weight_equals_record_count","XLSX_R0087","joint_bb","M1","species_equal","full","full","56851c9ff390cd3b7e201833228e8ff0a8cf44edb83dd92bf1284c0b1329ae6f"
87,"Maccullochella_peelii",0.375,"species_equal","N_train/(S_train*R_species); total_weight=N_train","total_weight_equals_record_count","XLSX_R0088","joint_bb","M1","species_equal","full","full","56851c9ff390cd3b7e201833228e8ff0a8cf44edb83dd92bf1284c0b1329ae6f"
88,"Maccullochella_peelii",0.375,"species_equal","N_train/(S_train*R_species); total_weight=N_train","total_weight_equals_record_count","XLSX_R0089","joint_bb","M1","species_equal","full","full","56851c9ff390cd3b7e201833228e8ff0a8cf44edb83dd92bf1284c0b1329ae6f"
89,"Maccullochella_peelii",0.375,"species_equal","N_train/(S_train*R_species); total_weight=N_train","total_weight_equals_record_count","XLSX_R0090","joint_bb","M1","species_equal","full","full","56851c9ff390cd3b7e201833228e8ff0a8cf44edb83dd92bf1284c0b1329ae6f"
90,"Maccullochella_peelii",0.375,"species_equal","N_train/(S_train*R_species); total_weight=N_train","total_weight_equals_record_count","XLSX_R0091","joint_bb","M1","species_equal","full","full","56851c9ff390cd3b7e201833228e8ff0a8cf44edb83dd92bf1284c0b1329ae6f"
91,"Maccullochella_peelii",0.375,"species_equal","N_train/(S_train*R_species); total_weight=N_train","total_weight_equals_record_count","XLSX_R0092","joint_bb","M1","species_equal","full","full","56851c9ff390cd3b7e201833228e8ff0a8cf44edb83dd92bf1284c0b1329ae6f"
92,"Micropterus_salmoides",1,"species_equal","N_train/(S_train*R_species); total_weight=N_train","total_weight_equals_record_count","XLSX_R0093","joint_bb","M1","species_equal","full","full","56851c9ff390cd3b7e201833228e8ff0a8cf44edb83dd92bf1284c0b1329ae6f"
93,"Micropterus_salmoides",1,"species_equal","N_train/(S_train*R_species); total_weight=N_train","total_weight_equals_record_count","XLSX_R0094","joint_bb","M1","species_equal","full","full","56851c9ff390cd3b7e201833228e8ff0a8cf44edb83dd92bf1284c0b1329ae6f"
94,"Micropterus_salmoides",1,"species_equal","N_train/(S_train*R_species); total_weight=N_train","total_weight_equals_record_count","XLSX_R0095","joint_bb","M1","species_equal","full","full","56851c9ff390cd3b7e201833228e8ff0a8cf44edb83dd92bf1284c0b1329ae6f"
95,"Oplegnathus_fasciatus",0.130434782608696,"species_equal","N_train/(S_train*R_species); total_weight=N_train","total_weight_equals_record_count","XLSX_R0096","joint_bb","M1","species_equal","full","full","56851c9ff390cd3b7e201833228e8ff0a8cf44edb83dd92bf1284c0b1329ae6f"
96,"Oplegnathus_fasciatus",0.130434782608696,"species_equal","N_train/(S_train*R_species); total_weight=N_train","total_weight_equals_record_count","XLSX_R0097","joint_bb","M1","species_equal","full","full","56851c9ff390cd3b7e201833228e8ff0a8cf44edb83dd92bf1284c0b1329ae6f"
97,"Oplegnathus_fasciatus",0.130434782608696,"species_equal","N_train/(S_train*R_species); total_weight=N_train","total_weight_equals_record_count","XLSX_R0098","joint_bb","M1","species_equal","full","full","56851c9ff390cd3b7e201833228e8ff0a8cf44edb83dd92bf1284c0b1329ae6f"
98,"Oplegnathus_fasciatus",0.130434782608696,"species_equal","N_train/(S_train*R_species); total_weight=N_train","total_weight_equals_record_count","XLSX_R0099","joint_bb","M1","species_equal","full","full","56851c9ff390cd3b7e201833228e8ff0a8cf44edb83dd92bf1284c0b1329ae6f"
99,"Oplegnathus_fasciatus",0.130434782608696,"species_equal","N_train/(S_train*R_species); total_weight=N_train","total_weight_equals_record_count","XLSX_R0100","joint_bb","M1","species_equal","full","full","56851c9ff390cd3b7e201833228e8ff0a8cf44edb83dd92bf1284c0b1329ae6f"
100,"Oplegnathus_fasciatus",0.130434782608696,"species_equal","N_train/(S_train*R_species); total_weight=N_train","total_weight_equals_record_count","XLSX_R0101","joint_bb","M1","species_equal","full","full","56851c9ff390cd3b7e201833228e8ff0a8cf44edb83dd92bf1284c0b1329ae6f"
101,"Oplegnathus_fasciatus",0.130434782608696,"species_equal","N_train/(S_train*R_species); total_weight=N_train","total_weight_equals_record_count","XLSX_R0102","joint_bb","M1","species_equal","full","full","56851c9ff390cd3b7e201833228e8ff0a8cf44edb83dd92bf1284c0b1329ae6f"
102,"Oplegnathus_fasciatus",0.130434782608696,"species_equal","N_train/(S_train*R_species); total_weight=N_train","total_weight_equals_record_count","XLSX_R0103","joint_bb","M1","species_equal","full","full","56851c9ff390cd3b7e201833228e8ff0a8cf44edb83dd92bf1284c0b1329ae6f"
103,"Oplegnathus_fasciatus",0.130434782608696,"species_equal","N_train/(S_train*R_species); total_weight=N_train","total_weight_equals_record_count","XLSX_R0104","joint_bb","M1","species_equal","full","full","56851c9ff390cd3b7e201833228e8ff0a8cf44edb83dd92bf1284c0b1329ae6f"
104,"Oplegnathus_fasciatus",0.130434782608696,"species_equal","N_train/(S_train*R_species); total_weight=N_train","total_weight_equals_record_count","XLSX_R0105","joint_bb","M1","species_equal","full","full","56851c9ff390cd3b7e201833228e8ff0a8cf44edb83dd92bf1284c0b1329ae6f"
105,"Oplegnathus_fasciatus",0.130434782608696,"species_equal","N_train/(S_train*R_species); total_weight=N_train","total_weight_equals_record_count","XLSX_R0106","joint_bb","M1","species_equal","full","full","56851c9ff390cd3b7e201833228e8ff0a8cf44edb83dd92bf1284c0b1329ae6f"
106,"Oplegnathus_fasciatus",0.130434782608696,"species_equal","N_train/(S_train*R_species); total_weight=N_train","total_weight_equals_record_count","XLSX_R0107","joint_bb","M1","species_equal","full","full","56851c9ff390cd3b7e201833228e8ff0a8cf44edb83dd92bf1284c0b1329ae6f"
107,"Oplegnathus_fasciatus",0.130434782608696,"species_equal","N_train/(S_train*R_species); total_weight=N_train","total_weight_equals_record_count","XLSX_R0108","joint_bb","M1","species_equal","full","full","56851c9ff390cd3b7e201833228e8ff0a8cf44edb83dd92bf1284c0b1329ae6f"
108,"Oplegnathus_fasciatus",0.130434782608696,"species_equal","N_train/(S_train*R_species); total_weight=N_train","total_weight_equals_record_count","XLSX_R0109","joint_bb","M1","species_equal","full","full","56851c9ff390cd3b7e201833228e8ff0a8cf44edb83dd92bf1284c0b1329ae6f"
109,"Oplegnathus_fasciatus",0.130434782608696,"species_equal","N_train/(S_train*R_species); total_weight=N_train","total_weight_equals_record_count","XLSX_R0110","joint_bb","M1","species_equal","full","full","56851c9ff390cd3b7e201833228e8ff0a8cf44edb83dd92bf1284c0b1329ae6f"
110,"Oplegnathus_fasciatus",0.130434782608696,"species_equal","N_train/(S_train*R_species); total_weight=N_train","total_weight_equals_record_count","XLSX_R0111","joint_bb","M1","species_equal","full","full","56851c9ff390cd3b7e201833228e8ff0a8cf44edb83dd92bf1284c0b1329ae6f"
111,"Oplegnathus_fasciatus",0.130434782608696,"species_equal","N_train/(S_train*R_species); total_weight=N_train","total_weight_equals_record_count","XLSX_R0112","joint_bb","M1","species_equal","full","full","56851c9ff390cd3b7e201833228e8ff0a8cf44edb83dd92bf1284c0b1329ae6f"
112,"Oplegnathus_fasciatus",0.130434782608696,"species_equal","N_train/(S_train*R_species); total_weight=N_train","total_weight_equals_record_count","XLSX_R0113","joint_bb","M1","species_equal","full","full","56851c9ff390cd3b7e201833228e8ff0a8cf44edb83dd92bf1284c0b1329ae6f"
113,"Oplegnathus_fasciatus",0.130434782608696,"species_equal","N_train/(S_train*R_species); total_weight=N_train","total_weight_equals_record_count","XLSX_R0114","joint_bb","M1","species_equal","full","full","56851c9ff390cd3b7e201833228e8ff0a8cf44edb83dd92bf1284c0b1329ae6f"
114,"Oplegnathus_fasciatus",0.130434782608696,"species_equal","N_train/(S_train*R_species); total_weight=N_train","total_weight_equals_record_count","XLSX_R0115","joint_bb","M1","species_equal","full","full","56851c9ff390cd3b7e201833228e8ff0a8cf44edb83dd92bf1284c0b1329ae6f"
115,"Oplegnathus_fasciatus",0.130434782608696,"species_equal","N_train/(S_train*R_species); total_weight=N_train","total_weight_equals_record_count","XLSX_R0116","joint_bb","M1","species_equal","full","full","56851c9ff390cd3b7e201833228e8ff0a8cf44edb83dd92bf1284c0b1329ae6f"
116,"Oplegnathus_fasciatus",0.130434782608696,"species_equal","N_train/(S_train*R_species); total_weight=N_train","total_weight_equals_record_count","XLSX_R0117","joint_bb","M1","species_equal","full","full","56851c9ff390cd3b7e201833228e8ff0a8cf44edb83dd92bf1284c0b1329ae6f"
117,"Oplegnathus_fasciatus",0.130434782608696,"species_equal","N_train/(S_train*R_species); total_weight=N_train","total_weight_equals_record_count","XLSX_R0118","joint_bb","M1","species_equal","full","full","56851c9ff390cd3b7e201833228e8ff0a8cf44edb83dd92bf1284c0b1329ae6f"
118,"Oplegnathus_punctatus",3,"species_equal","N_train/(S_train*R_species); total_weight=N_train","total_weight_equals_record_count","XLSX_R0119","joint_bb","M1","species_equal","full","full","56851c9ff390cd3b7e201833228e8ff0a8cf44edb83dd92bf1284c0b1329ae6f"
119,"Siniperca_chuatsi",0.272727272727273,"species_equal","N_train/(S_train*R_species); total_weight=N_train","total_weight_equals_record_count","XLSX_R0120","joint_bb","M1","species_equal","full","full","56851c9ff390cd3b7e201833228e8ff0a8cf44edb83dd92bf1284c0b1329ae6f"
120,"Siniperca_chuatsi",0.272727272727273,"species_equal","N_train/(S_train*R_species); total_weight=N_train","total_weight_equals_record_count","XLSX_R0121","joint_bb","M1","species_equal","full","full","56851c9ff390cd3b7e201833228e8ff0a8cf44edb83dd92bf1284c0b1329ae6f"
121,"Siniperca_chuatsi",0.272727272727273,"species_equal","N_train/(S_train*R_species); total_weight=N_train","total_weight_equals_record_count","XLSX_R0122","joint_bb","M1","species_equal","full","full","56851c9ff390cd3b7e201833228e8ff0a8cf44edb83dd92bf1284c0b1329ae6f"
122,"Siniperca_chuatsi",0.272727272727273,"species_equal","N_train/(S_train*R_species); total_weight=N_train","total_weight_equals_record_count","XLSX_R0123","joint_bb","M1","species_equal","full","full","56851c9ff390cd3b7e201833228e8ff0a8cf44edb83dd92bf1284c0b1329ae6f"
123,"Siniperca_chuatsi",0.272727272727273,"species_equal","N_train/(S_train*R_species); total_weight=N_train","total_weight_equals_record_count","XLSX_R0124","joint_bb","M1","species_equal","full","full","56851c9ff390cd3b7e201833228e8ff0a8cf44edb83dd92bf1284c0b1329ae6f"
124,"Siniperca_chuatsi",0.272727272727273,"species_equal","N_train/(S_train*R_species); total_weight=N_train","total_weight_equals_record_count","XLSX_R0125","joint_bb","M1","species_equal","full","full","56851c9ff390cd3b7e201833228e8ff0a8cf44edb83dd92bf1284c0b1329ae6f"
125,"Siniperca_chuatsi",0.272727272727273,"species_equal","N_train/(S_train*R_species); total_weight=N_train","total_weight_equals_record_count","XLSX_R0126","joint_bb","M1","species_equal","full","full","56851c9ff390cd3b7e201833228e8ff0a8cf44edb83dd92bf1284c0b1329ae6f"
126,"Siniperca_chuatsi",0.272727272727273,"species_equal","N_train/(S_train*R_species); total_weight=N_train","total_weight_equals_record_count","XLSX_R0127","joint_bb","M1","species_equal","full","full","56851c9ff390cd3b7e201833228e8ff0a8cf44edb83dd92bf1284c0b1329ae6f"
127,"Siniperca_chuatsi",0.272727272727273,"species_equal","N_train/(S_train*R_species); total_weight=N_train","total_weight_equals_record_count","XLSX_R0128","joint_bb","M1","species_equal","full","full","56851c9ff390cd3b7e201833228e8ff0a8cf44edb83dd92bf1284c0b1329ae6f"
128,"Siniperca_chuatsi",0.272727272727273,"species_equal","N_train/(S_train*R_species); total_weight=N_train","total_weight_equals_record_count","XLSX_R0129","joint_bb","M1","species_equal","full","full","56851c9ff390cd3b7e201833228e8ff0a8cf44edb83dd92bf1284c0b1329ae6f"
129,"Siniperca_chuatsi",0.272727272727273,"species_equal","N_train/(S_train*R_species); total_weight=N_train","total_weight_equals_record_count","XLSX_R0130","joint_bb","M1","species_equal","full","full","56851c9ff390cd3b7e201833228e8ff0a8cf44edb83dd92bf1284c0b1329ae6f"
130,"Siniperca_scherzeri",0.75,"species_equal","N_train/(S_train*R_species); total_weight=N_train","total_weight_equals_record_count","XLSX_R0131","joint_bb","M1","species_equal","full","full","56851c9ff390cd3b7e201833228e8ff0a8cf44edb83dd92bf1284c0b1329ae6f"
131,"Siniperca_scherzeri",0.75,"species_equal","N_train/(S_train*R_species); total_weight=N_train","total_weight_equals_record_count","XLSX_R0132","joint_bb","M1","species_equal","full","full","56851c9ff390cd3b7e201833228e8ff0a8cf44edb83dd92bf1284c0b1329ae6f"
132,"Siniperca_scherzeri",0.75,"species_equal","N_train/(S_train*R_species); total_weight=N_train","total_weight_equals_record_count","XLSX_R0133","joint_bb","M1","species_equal","full","full","56851c9ff390cd3b7e201833228e8ff0a8cf44edb83dd92bf1284c0b1329ae6f"
133,"Siniperca_scherzeri",0.75,"species_equal","N_train/(S_train*R_species); total_weight=N_train","total_weight_equals_record_count","XLSX_R0134","joint_bb","M1","species_equal","full","full","56851c9ff390cd3b7e201833228e8ff0a8cf44edb83dd92bf1284c0b1329ae6f"
134,"Cromileptes_altivelis",0.5,"species_equal","N_train/(S_train*R_species); total_weight=N_train","total_weight_equals_record_count","XLSX_R0135","joint_bb","M1","species_equal","full","full","56851c9ff390cd3b7e201833228e8ff0a8cf44edb83dd92bf1284c0b1329ae6f"
135,"Cromileptes_altivelis",0.5,"species_equal","N_train/(S_train*R_species); total_weight=N_train","total_weight_equals_record_count","XLSX_R0136","joint_bb","M1","species_equal","full","full","56851c9ff390cd3b7e201833228e8ff0a8cf44edb83dd92bf1284c0b1329ae6f"
136,"Cromileptes_altivelis",0.5,"species_equal","N_train/(S_train*R_species); total_weight=N_train","total_weight_equals_record_count","XLSX_R0137","joint_bb","M1","species_equal","full","full","56851c9ff390cd3b7e201833228e8ff0a8cf44edb83dd92bf1284c0b1329ae6f"
137,"Cromileptes_altivelis",0.5,"species_equal","N_train/(S_train*R_species); total_weight=N_train","total_weight_equals_record_count","XLSX_R0138","joint_bb","M1","species_equal","full","full","56851c9ff390cd3b7e201833228e8ff0a8cf44edb83dd92bf1284c0b1329ae6f"
138,"Cromileptes_altivelis",0.5,"species_equal","N_train/(S_train*R_species); total_weight=N_train","total_weight_equals_record_count","XLSX_R0139","joint_bb","M1","species_equal","full","full","56851c9ff390cd3b7e201833228e8ff0a8cf44edb83dd92bf1284c0b1329ae6f"
139,"Cromileptes_altivelis",0.5,"species_equal","N_train/(S_train*R_species); total_weight=N_train","total_weight_equals_record_count","XLSX_R0140","joint_bb","M1","species_equal","full","full","56851c9ff390cd3b7e201833228e8ff0a8cf44edb83dd92bf1284c0b1329ae6f"
140,"Epinephelus_bruneus",1,"species_equal","N_train/(S_train*R_species); total_weight=N_train","total_weight_equals_record_count","XLSX_R0141","joint_bb","M1","species_equal","full","full","56851c9ff390cd3b7e201833228e8ff0a8cf44edb83dd92bf1284c0b1329ae6f"
141,"Epinephelus_bruneus",1,"species_equal","N_train/(S_train*R_species); total_weight=N_train","total_weight_equals_record_count","XLSX_R0142","joint_bb","M1","species_equal","full","full","56851c9ff390cd3b7e201833228e8ff0a8cf44edb83dd92bf1284c0b1329ae6f"
142,"Epinephelus_bruneus",1,"species_equal","N_train/(S_train*R_species); total_weight=N_train","total_weight_equals_record_count","XLSX_R0143","joint_bb","M1","species_equal","full","full","56851c9ff390cd3b7e201833228e8ff0a8cf44edb83dd92bf1284c0b1329ae6f"
143,"Epinephelus_coioides",1.5,"species_equal","N_train/(S_train*R_species); total_weight=N_train","total_weight_equals_record_count","XLSX_R0144","joint_bb","M1","species_equal","full","full","56851c9ff390cd3b7e201833228e8ff0a8cf44edb83dd92bf1284c0b1329ae6f"
144,"Epinephelus_coioides",1.5,"species_equal","N_train/(S_train*R_species); total_weight=N_train","total_weight_equals_record_count","XLSX_R0145","joint_bb","M1","species_equal","full","full","56851c9ff390cd3b7e201833228e8ff0a8cf44edb83dd92bf1284c0b1329ae6f"
145,"Epinephelus_fuscoguttatus",1.5,"species_equal","N_train/(S_train*R_species); total_weight=N_train","total_weight_equals_record_count","XLSX_R0146","joint_bb","M1","species_equal","full","full","56851c9ff390cd3b7e201833228e8ff0a8cf44edb83dd92bf1284c0b1329ae6f"
146,"Epinephelus_fuscoguttatus",1.5,"species_equal","N_train/(S_train*R_species); total_weight=N_train","total_weight_equals_record_count","XLSX_R0147","joint_bb","M1","species_equal","full","full","56851c9ff390cd3b7e201833228e8ff0a8cf44edb83dd92bf1284c0b1329ae6f"
147,"Epinephelus_lanceolatus",1.5,"species_equal","N_train/(S_train*R_species); total_weight=N_train","total_weight_equals_record_count","XLSX_R0148","joint_bb","M1","species_equal","full","full","56851c9ff390cd3b7e201833228e8ff0a8cf44edb83dd92bf1284c0b1329ae6f"
148,"Epinephelus_lanceolatus",1.5,"species_equal","N_train/(S_train*R_species); total_weight=N_train","total_weight_equals_record_count","XLSX_R0149","joint_bb","M1","species_equal","full","full","56851c9ff390cd3b7e201833228e8ff0a8cf44edb83dd92bf1284c0b1329ae6f"
149,"Epinephelus_malabaricus",1,"species_equal","N_train/(S_train*R_species); total_weight=N_train","total_weight_equals_record_count","XLSX_R0150","joint_bb","M1","species_equal","full","full","56851c9ff390cd3b7e201833228e8ff0a8cf44edb83dd92bf1284c0b1329ae6f"
150,"Epinephelus_malabaricus",1,"species_equal","N_train/(S_train*R_species); total_weight=N_train","total_weight_equals_record_count","XLSX_R0151","joint_bb","M1","species_equal","full","full","56851c9ff390cd3b7e201833228e8ff0a8cf44edb83dd92bf1284c0b1329ae6f"
151,"Epinephelus_malabaricus",1,"species_equal","N_train/(S_train*R_species); total_weight=N_train","total_weight_equals_record_count","XLSX_R0152","joint_bb","M1","species_equal","full","full","56851c9ff390cd3b7e201833228e8ff0a8cf44edb83dd92bf1284c0b1329ae6f"
152,"Plectropomus_leopardus",1.5,"species_equal","N_train/(S_train*R_species); total_weight=N_train","total_weight_equals_record_count","XLSX_R0153","joint_bb","M1","species_equal","full","full","56851c9ff390cd3b7e201833228e8ff0a8cf44edb83dd92bf1284c0b1329ae6f"
153,"Plectropomus_leopardus",1.5,"species_equal","N_train/(S_train*R_species); total_weight=N_train","total_weight_equals_record_count","XLSX_R0154","joint_bb","M1","species_equal","full","full","56851c9ff390cd3b7e201833228e8ff0a8cf44edb83dd92bf1284c0b1329ae6f"
1,"Carassius_auratus",1,"record_equal","N_train/(S_train*R_species); total_weight=N_train","total_weight_equals_record_count","XLSX_R0002","joint_bb","M2","record_equal","full","full","c5e71a91f075595c84894f6d28ef434ac646e79564faabae53fdbf80f1d40f01"
2,"Carassius_auratus",1,"record_equal","N_train/(S_train*R_species); total_weight=N_train","total_weight_equals_record_count","XLSX_R0003","joint_bb","M2","record_equal","full","full","c5e71a91f075595c84894f6d28ef434ac646e79564faabae53fdbf80f1d40f01"
3,"Carassius_auratus",1,"record_equal","N_train/(S_train*R_species); total_weight=N_train","total_weight_equals_record_count","XLSX_R0004","joint_bb","M2","record_equal","full","full","c5e71a91f075595c84894f6d28ef434ac646e79564faabae53fdbf80f1d40f01"
4,"Carassius_auratus",1,"record_equal","N_train/(S_train*R_species); total_weight=N_train","total_weight_equals_record_count","XLSX_R0005","joint_bb","M2","record_equal","full","full","c5e71a91f075595c84894f6d28ef434ac646e79564faabae53fdbf80f1d40f01"
5,"Carassius_carassius",1,"record_equal","N_train/(S_train*R_species); total_weight=N_train","total_weight_equals_record_count","XLSX_R0006","joint_bb","M2","record_equal","full","full","c5e71a91f075595c84894f6d28ef434ac646e79564faabae53fdbf80f1d40f01"
6,"Ctenopharyngodon_idella",1,"record_equal","N_train/(S_train*R_species); total_weight=N_train","total_weight_equals_record_count","XLSX_R0007","joint_bb","M2","record_equal","full","full","c5e71a91f075595c84894f6d28ef434ac646e79564faabae53fdbf80f1d40f01"
7,"Cirrhinus_molitorella",1,"record_equal","N_train/(S_train*R_species); total_weight=N_train","total_weight_equals_record_count","XLSX_R0008","joint_bb","M2","record_equal","full","full","c5e71a91f075595c84894f6d28ef434ac646e79564faabae53fdbf80f1d40f01"
8,"Danio_rerio",1,"record_equal","N_train/(S_train*R_species); total_weight=N_train","total_weight_equals_record_count","XLSX_R0009","joint_bb","M2","record_equal","full","full","c5e71a91f075595c84894f6d28ef434ac646e79564faabae53fdbf80f1d40f01"
9,"Danio_rerio",1,"record_equal","N_train/(S_train*R_species); total_weight=N_train","total_weight_equals_record_count","XLSX_R0010","joint_bb","M2","record_equal","full","full","c5e71a91f075595c84894f6d28ef434ac646e79564faabae53fdbf80f1d40f01"
10,"Danio_rerio",1,"record_equal","N_train/(S_train*R_species); total_weight=N_train","total_weight_equals_record_count","XLSX_R0011","joint_bb","M2","record_equal","full","full","c5e71a91f075595c84894f6d28ef434ac646e79564faabae53fdbf80f1d40f01"
11,"Pygocentrus_nattereri",1,"record_equal","N_train/(S_train*R_species); total_weight=N_train","total_weight_equals_record_count","XLSX_R0012","joint_bb","M2","record_equal","full","full","c5e71a91f075595c84894f6d28ef434ac646e79564faabae53fdbf80f1d40f01"
12,"Thunnus_orientalis",1,"record_equal","N_train/(S_train*R_species); total_weight=N_train","total_weight_equals_record_count","XLSX_R0013","joint_bb","M2","record_equal","full","full","c5e71a91f075595c84894f6d28ef434ac646e79564faabae53fdbf80f1d40f01"
13,"Thunnus_orientalis",1,"record_equal","N_train/(S_train*R_species); total_weight=N_train","total_weight_equals_record_count","XLSX_R0014","joint_bb","M2","record_equal","full","full","c5e71a91f075595c84894f6d28ef434ac646e79564faabae53fdbf80f1d40f01"
14,"Thunnus_orientalis",1,"record_equal","N_train/(S_train*R_species); total_weight=N_train","total_weight_equals_record_count","XLSX_R0015","joint_bb","M2","record_equal","full","full","c5e71a91f075595c84894f6d28ef434ac646e79564faabae53fdbf80f1d40f01"
15,"Pampus_argenteus",1,"record_equal","N_train/(S_train*R_species); total_weight=N_train","total_weight_equals_record_count","XLSX_R0016","joint_bb","M2","record_equal","full","full","c5e71a91f075595c84894f6d28ef434ac646e79564faabae53fdbf80f1d40f01"
16,"Pampus_argenteus",1,"record_equal","N_train/(S_train*R_species); total_weight=N_train","total_weight_equals_record_count","XLSX_R0017","joint_bb","M2","record_equal","full","full","c5e71a91f075595c84894f6d28ef434ac646e79564faabae53fdbf80f1d40f01"
17,"Pampus_argenteus",1,"record_equal","N_train/(S_train*R_species); total_weight=N_train","total_weight_equals_record_count","XLSX_R0018","joint_bb","M2","record_equal","full","full","c5e71a91f075595c84894f6d28ef434ac646e79564faabae53fdbf80f1d40f01"
18,"Pampus_argenteus",1,"record_equal","N_train/(S_train*R_species); total_weight=N_train","total_weight_equals_record_count","XLSX_R0019","joint_bb","M2","record_equal","full","full","c5e71a91f075595c84894f6d28ef434ac646e79564faabae53fdbf80f1d40f01"
19,"Pampus_argenteus",1,"record_equal","N_train/(S_train*R_species); total_weight=N_train","total_weight_equals_record_count","XLSX_R0020","joint_bb","M2","record_equal","full","full","c5e71a91f075595c84894f6d28ef434ac646e79564faabae53fdbf80f1d40f01"
20,"Pterapogon_kauderni",1,"record_equal","N_train/(S_train*R_species); total_weight=N_train","total_weight_equals_record_count","XLSX_R0021","joint_bb","M2","record_equal","full","full","c5e71a91f075595c84894f6d28ef434ac646e79564faabae53fdbf80f1d40f01"
21,"Pterapogon_kauderni",1,"record_equal","N_train/(S_train*R_species); total_weight=N_train","total_weight_equals_record_count","XLSX_R0022","joint_bb","M2","record_equal","full","full","c5e71a91f075595c84894f6d28ef434ac646e79564faabae53fdbf80f1d40f01"
22,"Pterapogon_kauderni",1,"record_equal","N_train/(S_train*R_species); total_weight=N_train","total_weight_equals_record_count","XLSX_R0023","joint_bb","M2","record_equal","full","full","c5e71a91f075595c84894f6d28ef434ac646e79564faabae53fdbf80f1d40f01"
23,"Oxyeleotris_marmorata",1,"record_equal","N_train/(S_train*R_species); total_weight=N_train","total_weight_equals_record_count","XLSX_R0024","joint_bb","M2","record_equal","full","full","c5e71a91f075595c84894f6d28ef434ac646e79564faabae53fdbf80f1d40f01"
24,"Oxyeleotris_marmorata",1,"record_equal","N_train/(S_train*R_species); total_weight=N_train","total_weight_equals_record_count","XLSX_R0025","joint_bb","M2","record_equal","full","full","c5e71a91f075595c84894f6d28ef434ac646e79564faabae53fdbf80f1d40f01"
25,"Anabas_testudineus",1,"record_equal","N_train/(S_train*R_species); total_weight=N_train","total_weight_equals_record_count","XLSX_R0026","joint_bb","M2","record_equal","full","full","c5e71a91f075595c84894f6d28ef434ac646e79564faabae53fdbf80f1d40f01"
26,"Channa_argus",1,"record_equal","N_train/(S_train*R_species); total_weight=N_train","total_weight_equals_record_count","XLSX_R0027","joint_bb","M2","record_equal","full","full","c5e71a91f075595c84894f6d28ef434ac646e79564faabae53fdbf80f1d40f01"
27,"Trichopodus_trichopterus",1,"record_equal","N_train/(S_train*R_species); total_weight=N_train","total_weight_equals_record_count","XLSX_R0028","joint_bb","M2","record_equal","full","full","c5e71a91f075595c84894f6d28ef434ac646e79564faabae53fdbf80f1d40f01"
28,"Eleutheronema_tetradactylum",1,"record_equal","N_train/(S_train*R_species); total_weight=N_train","total_weight_equals_record_count","XLSX_R0029","joint_bb","M2","record_equal","full","full","c5e71a91f075595c84894f6d28ef434ac646e79564faabae53fdbf80f1d40f01"
29,"Lates_calcarifer",1,"record_equal","N_train/(S_train*R_species); total_weight=N_train","total_weight_equals_record_count","XLSX_R0030","joint_bb","M2","record_equal","full","full","c5e71a91f075595c84894f6d28ef434ac646e79564faabae53fdbf80f1d40f01"
30,"Lates_calcarifer",1,"record_equal","N_train/(S_train*R_species); total_weight=N_train","total_weight_equals_record_count","XLSX_R0031","joint_bb","M2","record_equal","full","full","c5e71a91f075595c84894f6d28ef434ac646e79564faabae53fdbf80f1d40f01"
31,"Lates_calcarifer",1,"record_equal","N_train/(S_train*R_species); total_weight=N_train","total_weight_equals_record_count","XLSX_R0032","joint_bb","M2","record_equal","full","full","c5e71a91f075595c84894f6d28ef434ac646e79564faabae53fdbf80f1d40f01"
32,"Lates_calcarifer",1,"record_equal","N_train/(S_train*R_species); total_weight=N_train","total_weight_equals_record_count","XLSX_R0033","joint_bb","M2","record_equal","full","full","c5e71a91f075595c84894f6d28ef434ac646e79564faabae53fdbf80f1d40f01"
33,"Seriola_dumerili",1,"record_equal","N_train/(S_train*R_species); total_weight=N_train","total_weight_equals_record_count","XLSX_R0034","joint_bb","M2","record_equal","full","full","c5e71a91f075595c84894f6d28ef434ac646e79564faabae53fdbf80f1d40f01"
34,"Seriola_dumerili",1,"record_equal","N_train/(S_train*R_species); total_weight=N_train","total_weight_equals_record_count","XLSX_R0035","joint_bb","M2","record_equal","full","full","c5e71a91f075595c84894f6d28ef434ac646e79564faabae53fdbf80f1d40f01"
35,"Paralichthys_olivaceus",1,"record_equal","N_train/(S_train*R_species); total_weight=N_train","total_weight_equals_record_count","XLSX_R0036","joint_bb","M2","record_equal","full","full","c5e71a91f075595c84894f6d28ef434ac646e79564faabae53fdbf80f1d40f01"
36,"Paralichthys_olivaceus",1,"record_equal","N_train/(S_train*R_species); total_weight=N_train","total_weight_equals_record_count","XLSX_R0037","joint_bb","M2","record_equal","full","full","c5e71a91f075595c84894f6d28ef434ac646e79564faabae53fdbf80f1d40f01"
37,"Platichthys_stellatus",1,"record_equal","N_train/(S_train*R_species); total_weight=N_train","total_weight_equals_record_count","XLSX_R0038","joint_bb","M2","record_equal","full","full","c5e71a91f075595c84894f6d28ef434ac646e79564faabae53fdbf80f1d40f01"
38,"Scophthalmus_maximus",1,"record_equal","N_train/(S_train*R_species); total_weight=N_train","total_weight_equals_record_count","XLSX_R0039","joint_bb","M2","record_equal","full","full","c5e71a91f075595c84894f6d28ef434ac646e79564faabae53fdbf80f1d40f01"
39,"Astronotus_ocellatus",1,"record_equal","N_train/(S_train*R_species); total_weight=N_train","total_weight_equals_record_count","XLSX_R0040","joint_bb","M2","record_equal","full","full","c5e71a91f075595c84894f6d28ef434ac646e79564faabae53fdbf80f1d40f01"
40,"Astronotus_ocellatus",1,"record_equal","N_train/(S_train*R_species); total_weight=N_train","total_weight_equals_record_count","XLSX_R0041","joint_bb","M2","record_equal","full","full","c5e71a91f075595c84894f6d28ef434ac646e79564faabae53fdbf80f1d40f01"
41,"Oreochromis_niloticus",1,"record_equal","N_train/(S_train*R_species); total_weight=N_train","total_weight_equals_record_count","XLSX_R0042","joint_bb","M2","record_equal","full","full","c5e71a91f075595c84894f6d28ef434ac646e79564faabae53fdbf80f1d40f01"
42,"Oreochromis_niloticus",1,"record_equal","N_train/(S_train*R_species); total_weight=N_train","total_weight_equals_record_count","XLSX_R0043","joint_bb","M2","record_equal","full","full","c5e71a91f075595c84894f6d28ef434ac646e79564faabae53fdbf80f1d40f01"
43,"Oreochromis_niloticus",1,"record_equal","N_train/(S_train*R_species); total_weight=N_train","total_weight_equals_record_count","XLSX_R0044","joint_bb","M2","record_equal","full","full","c5e71a91f075595c84894f6d28ef434ac646e79564faabae53fdbf80f1d40f01"
44,"Pterophyllum_scalare",1,"record_equal","N_train/(S_train*R_species); total_weight=N_train","total_weight_equals_record_count","XLSX_R0045","joint_bb","M2","record_equal","full","full","c5e71a91f075595c84894f6d28ef434ac646e79564faabae53fdbf80f1d40f01"
45,"Poecilia_latipinna",1,"record_equal","N_train/(S_train*R_species); total_weight=N_train","total_weight_equals_record_count","XLSX_R0046","joint_bb","M2","record_equal","full","full","c5e71a91f075595c84894f6d28ef434ac646e79564faabae53fdbf80f1d40f01"
46,"Poecilia_reticulata",1,"record_equal","N_train/(S_train*R_species); total_weight=N_train","total_weight_equals_record_count","XLSX_R0047","joint_bb","M2","record_equal","full","full","c5e71a91f075595c84894f6d28ef434ac646e79564faabae53fdbf80f1d40f01"
47,"Poecilia_reticulata",1,"record_equal","N_train/(S_train*R_species); total_weight=N_train","total_weight_equals_record_count","XLSX_R0048","joint_bb","M2","record_equal","full","full","c5e71a91f075595c84894f6d28ef434ac646e79564faabae53fdbf80f1d40f01"
48,"Poecilia_reticulata",1,"record_equal","N_train/(S_train*R_species); total_weight=N_train","total_weight_equals_record_count","XLSX_R0049","joint_bb","M2","record_equal","full","full","c5e71a91f075595c84894f6d28ef434ac646e79564faabae53fdbf80f1d40f01"
49,"Poropanchax_normani",1,"record_equal","N_train/(S_train*R_species); total_weight=N_train","total_weight_equals_record_count","XLSX_R0050","joint_bb","M2","record_equal","full","full","c5e71a91f075595c84894f6d28ef434ac646e79564faabae53fdbf80f1d40f01"
50,"Poropanchax_normani",1,"record_equal","N_train/(S_train*R_species); total_weight=N_train","total_weight_equals_record_count","XLSX_R0051","joint_bb","M2","record_equal","full","full","c5e71a91f075595c84894f6d28ef434ac646e79564faabae53fdbf80f1d40f01"
51,"Xiphophorus_hellerii",1,"record_equal","N_train/(S_train*R_species); total_weight=N_train","total_weight_equals_record_count","XLSX_R0052","joint_bb","M2","record_equal","full","full","c5e71a91f075595c84894f6d28ef434ac646e79564faabae53fdbf80f1d40f01"
52,"Xiphophorus_hellerii",1,"record_equal","N_train/(S_train*R_species); total_weight=N_train","total_weight_equals_record_count","XLSX_R0053","joint_bb","M2","record_equal","full","full","c5e71a91f075595c84894f6d28ef434ac646e79564faabae53fdbf80f1d40f01"
53,"Xiphophorus_hellerii",1,"record_equal","N_train/(S_train*R_species); total_weight=N_train","total_weight_equals_record_count","XLSX_R0054","joint_bb","M2","record_equal","full","full","c5e71a91f075595c84894f6d28ef434ac646e79564faabae53fdbf80f1d40f01"
54,"Xiphophorus_hellerii",1,"record_equal","N_train/(S_train*R_species); total_weight=N_train","total_weight_equals_record_count","XLSX_R0055","joint_bb","M2","record_equal","full","full","c5e71a91f075595c84894f6d28ef434ac646e79564faabae53fdbf80f1d40f01"
55,"Xiphophorus_maculatus",1,"record_equal","N_train/(S_train*R_species); total_weight=N_train","total_weight_equals_record_count","XLSX_R0056","joint_bb","M2","record_equal","full","full","c5e71a91f075595c84894f6d28ef434ac646e79564faabae53fdbf80f1d40f01"
56,"Mugil_cephalus",1,"record_equal","N_train/(S_train*R_species); total_weight=N_train","total_weight_equals_record_count","XLSX_R0057","joint_bb","M2","record_equal","full","full","c5e71a91f075595c84894f6d28ef434ac646e79564faabae53fdbf80f1d40f01"
57,"Mugil_cephalus",1,"record_equal","N_train/(S_train*R_species); total_weight=N_train","total_weight_equals_record_count","XLSX_R0058","joint_bb","M2","record_equal","full","full","c5e71a91f075595c84894f6d28ef434ac646e79564faabae53fdbf80f1d40f01"
58,"Larimichthys_crocea",1,"record_equal","N_train/(S_train*R_species); total_weight=N_train","total_weight_equals_record_count","XLSX_R0059","joint_bb","M2","record_equal","full","full","c5e71a91f075595c84894f6d28ef434ac646e79564faabae53fdbf80f1d40f01"
59,"Larimichthys_crocea",1,"record_equal","N_train/(S_train*R_species); total_weight=N_train","total_weight_equals_record_count","XLSX_R0060","joint_bb","M2","record_equal","full","full","c5e71a91f075595c84894f6d28ef434ac646e79564faabae53fdbf80f1d40f01"
60,"Sciaenops_ocellatus",1,"record_equal","N_train/(S_train*R_species); total_weight=N_train","total_weight_equals_record_count","XLSX_R0061","joint_bb","M2","record_equal","full","full","c5e71a91f075595c84894f6d28ef434ac646e79564faabae53fdbf80f1d40f01"
61,"Platax_orbicularis",1,"record_equal","N_train/(S_train*R_species); total_weight=N_train","total_weight_equals_record_count","XLSX_R0062","joint_bb","M2","record_equal","full","full","c5e71a91f075595c84894f6d28ef434ac646e79564faabae53fdbf80f1d40f01"
62,"Lutjanus_erythropterus",1,"record_equal","N_train/(S_train*R_species); total_weight=N_train","total_weight_equals_record_count","XLSX_R0063","joint_bb","M2","record_equal","full","full","c5e71a91f075595c84894f6d28ef434ac646e79564faabae53fdbf80f1d40f01"
63,"Acanthopagrus_schlegelii",1,"record_equal","N_train/(S_train*R_species); total_weight=N_train","total_weight_equals_record_count","XLSX_R0064","joint_bb","M2","record_equal","full","full","c5e71a91f075595c84894f6d28ef434ac646e79564faabae53fdbf80f1d40f01"
64,"Acanthopagrus_schlegelii",1,"record_equal","N_train/(S_train*R_species); total_weight=N_train","total_weight_equals_record_count","XLSX_R0065","joint_bb","M2","record_equal","full","full","c5e71a91f075595c84894f6d28ef434ac646e79564faabae53fdbf80f1d40f01"
65,"Acanthopagrus_schlegelii",1,"record_equal","N_train/(S_train*R_species); total_weight=N_train","total_weight_equals_record_count","XLSX_R0066","joint_bb","M2","record_equal","full","full","c5e71a91f075595c84894f6d28ef434ac646e79564faabae53fdbf80f1d40f01"
66,"Acanthopagrus_schlegelii",1,"record_equal","N_train/(S_train*R_species); total_weight=N_train","total_weight_equals_record_count","XLSX_R0067","joint_bb","M2","record_equal","full","full","c5e71a91f075595c84894f6d28ef434ac646e79564faabae53fdbf80f1d40f01"
67,"Lethrinus_nebulosus",1,"record_equal","N_train/(S_train*R_species); total_weight=N_train","total_weight_equals_record_count","XLSX_R0068","joint_bb","M2","record_equal","full","full","c5e71a91f075595c84894f6d28ef434ac646e79564faabae53fdbf80f1d40f01"
68,"Lethrinus_nebulosus",1,"record_equal","N_train/(S_train*R_species); total_weight=N_train","total_weight_equals_record_count","XLSX_R0069","joint_bb","M2","record_equal","full","full","c5e71a91f075595c84894f6d28ef434ac646e79564faabae53fdbf80f1d40f01"
69,"Pagrus_major",1,"record_equal","N_train/(S_train*R_species); total_weight=N_train","total_weight_equals_record_count","XLSX_R0070","joint_bb","M2","record_equal","full","full","c5e71a91f075595c84894f6d28ef434ac646e79564faabae53fdbf80f1d40f01"
70,"Pagrus_major",1,"record_equal","N_train/(S_train*R_species); total_weight=N_train","total_weight_equals_record_count","XLSX_R0071","joint_bb","M2","record_equal","full","full","c5e71a91f075595c84894f6d28ef434ac646e79564faabae53fdbf80f1d40f01"
71,"Pagrus_major",1,"record_equal","N_train/(S_train*R_species); total_weight=N_train","total_weight_equals_record_count","XLSX_R0072","joint_bb","M2","record_equal","full","full","c5e71a91f075595c84894f6d28ef434ac646e79564faabae53fdbf80f1d40f01"
72,"Pagrus_major",1,"record_equal","N_train/(S_train*R_species); total_weight=N_train","total_weight_equals_record_count","XLSX_R0073","joint_bb","M2","record_equal","full","full","c5e71a91f075595c84894f6d28ef434ac646e79564faabae53fdbf80f1d40f01"
73,"Pagrus_major",1,"record_equal","N_train/(S_train*R_species); total_weight=N_train","total_weight_equals_record_count","XLSX_R0074","joint_bb","M2","record_equal","full","full","c5e71a91f075595c84894f6d28ef434ac646e79564faabae53fdbf80f1d40f01"
74,"Pagrus_major",1,"record_equal","N_train/(S_train*R_species); total_weight=N_train","total_weight_equals_record_count","XLSX_R0075","joint_bb","M2","record_equal","full","full","c5e71a91f075595c84894f6d28ef434ac646e79564faabae53fdbf80f1d40f01"
75,"Pagrus_major",1,"record_equal","N_train/(S_train*R_species); total_weight=N_train","total_weight_equals_record_count","XLSX_R0076","joint_bb","M2","record_equal","full","full","c5e71a91f075595c84894f6d28ef434ac646e79564faabae53fdbf80f1d40f01"
76,"Pagrus_major",1,"record_equal","N_train/(S_train*R_species); total_weight=N_train","total_weight_equals_record_count","XLSX_R0077","joint_bb","M2","record_equal","full","full","c5e71a91f075595c84894f6d28ef434ac646e79564faabae53fdbf80f1d40f01"
77,"Pagrus_major",1,"record_equal","N_train/(S_train*R_species); total_weight=N_train","total_weight_equals_record_count","XLSX_R0078","joint_bb","M2","record_equal","full","full","c5e71a91f075595c84894f6d28ef434ac646e79564faabae53fdbf80f1d40f01"
78,"Rhabdosargus_sarba",1,"record_equal","N_train/(S_train*R_species); total_weight=N_train","total_weight_equals_record_count","XLSX_R0079","joint_bb","M2","record_equal","full","full","c5e71a91f075595c84894f6d28ef434ac646e79564faabae53fdbf80f1d40f01"
79,"Lateolabrax_japonicus",1,"record_equal","N_train/(S_train*R_species); total_weight=N_train","total_weight_equals_record_count","XLSX_R0080","joint_bb","M2","record_equal","full","full","c5e71a91f075595c84894f6d28ef434ac646e79564faabae53fdbf80f1d40f01"
80,"Lateolabrax_japonicus",1,"record_equal","N_train/(S_train*R_species); total_weight=N_train","total_weight_equals_record_count","XLSX_R0081","joint_bb","M2","record_equal","full","full","c5e71a91f075595c84894f6d28ef434ac646e79564faabae53fdbf80f1d40f01"
81,"Lateolabrax_japonicus",1,"record_equal","N_train/(S_train*R_species); total_weight=N_train","total_weight_equals_record_count","XLSX_R0082","joint_bb","M2","record_equal","full","full","c5e71a91f075595c84894f6d28ef434ac646e79564faabae53fdbf80f1d40f01"
82,"Lateolabrax_japonicus",1,"record_equal","N_train/(S_train*R_species); total_weight=N_train","total_weight_equals_record_count","XLSX_R0083","joint_bb","M2","record_equal","full","full","c5e71a91f075595c84894f6d28ef434ac646e79564faabae53fdbf80f1d40f01"
83,"Lateolabrax_maculatus",1,"record_equal","N_train/(S_train*R_species); total_weight=N_train","total_weight_equals_record_count","XLSX_R0084","joint_bb","M2","record_equal","full","full","c5e71a91f075595c84894f6d28ef434ac646e79564faabae53fdbf80f1d40f01"
84,"Maccullochella_peelii",1,"record_equal","N_train/(S_train*R_species); total_weight=N_train","total_weight_equals_record_count","XLSX_R0085","joint_bb","M2","record_equal","full","full","c5e71a91f075595c84894f6d28ef434ac646e79564faabae53fdbf80f1d40f01"
85,"Maccullochella_peelii",1,"record_equal","N_train/(S_train*R_species); total_weight=N_train","total_weight_equals_record_count","XLSX_R0086","joint_bb","M2","record_equal","full","full","c5e71a91f075595c84894f6d28ef434ac646e79564faabae53fdbf80f1d40f01"
86,"Maccullochella_peelii",1,"record_equal","N_train/(S_train*R_species); total_weight=N_train","total_weight_equals_record_count","XLSX_R0087","joint_bb","M2","record_equal","full","full","c5e71a91f075595c84894f6d28ef434ac646e79564faabae53fdbf80f1d40f01"
87,"Maccullochella_peelii",1,"record_equal","N_train/(S_train*R_species); total_weight=N_train","total_weight_equals_record_count","XLSX_R0088","joint_bb","M2","record_equal","full","full","c5e71a91f075595c84894f6d28ef434ac646e79564faabae53fdbf80f1d40f01"
88,"Maccullochella_peelii",1,"record_equal","N_train/(S_train*R_species); total_weight=N_train","total_weight_equals_record_count","XLSX_R0089","joint_bb","M2","record_equal","full","full","c5e71a91f075595c84894f6d28ef434ac646e79564faabae53fdbf80f1d40f01"
89,"Maccullochella_peelii",1,"record_equal","N_train/(S_train*R_species); total_weight=N_train","total_weight_equals_record_count","XLSX_R0090","joint_bb","M2","record_equal","full","full","c5e71a91f075595c84894f6d28ef434ac646e79564faabae53fdbf80f1d40f01"
90,"Maccullochella_peelii",1,"record_equal","N_train/(S_train*R_species); total_weight=N_train","total_weight_equals_record_count","XLSX_R0091","joint_bb","M2","record_equal","full","full","c5e71a91f075595c84894f6d28ef434ac646e79564faabae53fdbf80f1d40f01"
91,"Maccullochella_peelii",1,"record_equal","N_train/(S_train*R_species); total_weight=N_train","total_weight_equals_record_count","XLSX_R0092","joint_bb","M2","record_equal","full","full","c5e71a91f075595c84894f6d28ef434ac646e79564faabae53fdbf80f1d40f01"
92,"Micropterus_salmoides",1,"record_equal","N_train/(S_train*R_species); total_weight=N_train","total_weight_equals_record_count","XLSX_R0093","joint_bb","M2","record_equal","full","full","c5e71a91f075595c84894f6d28ef434ac646e79564faabae53fdbf80f1d40f01"
93,"Micropterus_salmoides",1,"record_equal","N_train/(S_train*R_species); total_weight=N_train","total_weight_equals_record_count","XLSX_R0094","joint_bb","M2","record_equal","full","full","c5e71a91f075595c84894f6d28ef434ac646e79564faabae53fdbf80f1d40f01"
94,"Micropterus_salmoides",1,"record_equal","N_train/(S_train*R_species); total_weight=N_train","total_weight_equals_record_count","XLSX_R0095","joint_bb","M2","record_equal","full","full","c5e71a91f075595c84894f6d28ef434ac646e79564faabae53fdbf80f1d40f01"
95,"Oplegnathus_fasciatus",1,"record_equal","N_train/(S_train*R_species); total_weight=N_train","total_weight_equals_record_count","XLSX_R0096","joint_bb","M2","record_equal","full","full","c5e71a91f075595c84894f6d28ef434ac646e79564faabae53fdbf80f1d40f01"
96,"Oplegnathus_fasciatus",1,"record_equal","N_train/(S_train*R_species); total_weight=N_train","total_weight_equals_record_count","XLSX_R0097","joint_bb","M2","record_equal","full","full","c5e71a91f075595c84894f6d28ef434ac646e79564faabae53fdbf80f1d40f01"
97,"Oplegnathus_fasciatus",1,"record_equal","N_train/(S_train*R_species); total_weight=N_train","total_weight_equals_record_count","XLSX_R0098","joint_bb","M2","record_equal","full","full","c5e71a91f075595c84894f6d28ef434ac646e79564faabae53fdbf80f1d40f01"
98,"Oplegnathus_fasciatus",1,"record_equal","N_train/(S_train*R_species); total_weight=N_train","total_weight_equals_record_count","XLSX_R0099","joint_bb","M2","record_equal","full","full","c5e71a91f075595c84894f6d28ef434ac646e79564faabae53fdbf80f1d40f01"
99,"Oplegnathus_fasciatus",1,"record_equal","N_train/(S_train*R_species); total_weight=N_train","total_weight_equals_record_count","XLSX_R0100","joint_bb","M2","record_equal","full","full","c5e71a91f075595c84894f6d28ef434ac646e79564faabae53fdbf80f1d40f01"
100,"Oplegnathus_fasciatus",1,"record_equal","N_train/(S_train*R_species); total_weight=N_train","total_weight_equals_record_count","XLSX_R0101","joint_bb","M2","record_equal","full","full","c5e71a91f075595c84894f6d28ef434ac646e79564faabae53fdbf80f1d40f01"
101,"Oplegnathus_fasciatus",1,"record_equal","N_train/(S_train*R_species); total_weight=N_train","total_weight_equals_record_count","XLSX_R0102","joint_bb","M2","record_equal","full","full","c5e71a91f075595c84894f6d28ef434ac646e79564faabae53fdbf80f1d40f01"
102,"Oplegnathus_fasciatus",1,"record_equal","N_train/(S_train*R_species); total_weight=N_train","total_weight_equals_record_count","XLSX_R0103","joint_bb","M2","record_equal","full","full","c5e71a91f075595c84894f6d28ef434ac646e79564faabae53fdbf80f1d40f01"
103,"Oplegnathus_fasciatus",1,"record_equal","N_train/(S_train*R_species); total_weight=N_train","total_weight_equals_record_count","XLSX_R0104","joint_bb","M2","record_equal","full","full","c5e71a91f075595c84894f6d28ef434ac646e79564faabae53fdbf80f1d40f01"
104,"Oplegnathus_fasciatus",1,"record_equal","N_train/(S_train*R_species); total_weight=N_train","total_weight_equals_record_count","XLSX_R0105","joint_bb","M2","record_equal","full","full","c5e71a91f075595c84894f6d28ef434ac646e79564faabae53fdbf80f1d40f01"
105,"Oplegnathus_fasciatus",1,"record_equal","N_train/(S_train*R_species); total_weight=N_train","total_weight_equals_record_count","XLSX_R0106","joint_bb","M2","record_equal","full","full","c5e71a91f075595c84894f6d28ef434ac646e79564faabae53fdbf80f1d40f01"
106,"Oplegnathus_fasciatus",1,"record_equal","N_train/(S_train*R_species); total_weight=N_train","total_weight_equals_record_count","XLSX_R0107","joint_bb","M2","record_equal","full","full","c5e71a91f075595c84894f6d28ef434ac646e79564faabae53fdbf80f1d40f01"
107,"Oplegnathus_fasciatus",1,"record_equal","N_train/(S_train*R_species); total_weight=N_train","total_weight_equals_record_count","XLSX_R0108","joint_bb","M2","record_equal","full","full","c5e71a91f075595c84894f6d28ef434ac646e79564faabae53fdbf80f1d40f01"
108,"Oplegnathus_fasciatus",1,"record_equal","N_train/(S_train*R_species); total_weight=N_train","total_weight_equals_record_count","XLSX_R0109","joint_bb","M2","record_equal","full","full","c5e71a91f075595c84894f6d28ef434ac646e79564faabae53fdbf80f1d40f01"
109,"Oplegnathus_fasciatus",1,"record_equal","N_train/(S_train*R_species); total_weight=N_train","total_weight_equals_record_count","XLSX_R0110","joint_bb","M2","record_equal","full","full","c5e71a91f075595c84894f6d28ef434ac646e79564faabae53fdbf80f1d40f01"
110,"Oplegnathus_fasciatus",1,"record_equal","N_train/(S_train*R_species); total_weight=N_train","total_weight_equals_record_count","XLSX_R0111","joint_bb","M2","record_equal","full","full","c5e71a91f075595c84894f6d28ef434ac646e79564faabae53fdbf80f1d40f01"
111,"Oplegnathus_fasciatus",1,"record_equal","N_train/(S_train*R_species); total_weight=N_train","total_weight_equals_record_count","XLSX_R0112","joint_bb","M2","record_equal","full","full","c5e71a91f075595c84894f6d28ef434ac646e79564faabae53fdbf80f1d40f01"
112,"Oplegnathus_fasciatus",1,"record_equal","N_train/(S_train*R_species); total_weight=N_train","total_weight_equals_record_count","XLSX_R0113","joint_bb","M2","record_equal","full","full","c5e71a91f075595c84894f6d28ef434ac646e79564faabae53fdbf80f1d40f01"
113,"Oplegnathus_fasciatus",1,"record_equal","N_train/(S_train*R_species); total_weight=N_train","total_weight_equals_record_count","XLSX_R0114","joint_bb","M2","record_equal","full","full","c5e71a91f075595c84894f6d28ef434ac646e79564faabae53fdbf80f1d40f01"
114,"Oplegnathus_fasciatus",1,"record_equal","N_train/(S_train*R_species); total_weight=N_train","total_weight_equals_record_count","XLSX_R0115","joint_bb","M2","record_equal","full","full","c5e71a91f075595c84894f6d28ef434ac646e79564faabae53fdbf80f1d40f01"
115,"Oplegnathus_fasciatus",1,"record_equal","N_train/(S_train*R_species); total_weight=N_train","total_weight_equals_record_count","XLSX_R0116","joint_bb","M2","record_equal","full","full","c5e71a91f075595c84894f6d28ef434ac646e79564faabae53fdbf80f1d40f01"
116,"Oplegnathus_fasciatus",1,"record_equal","N_train/(S_train*R_species); total_weight=N_train","total_weight_equals_record_count","XLSX_R0117","joint_bb","M2","record_equal","full","full","c5e71a91f075595c84894f6d28ef434ac646e79564faabae53fdbf80f1d40f01"
117,"Oplegnathus_fasciatus",1,"record_equal","N_train/(S_train*R_species); total_weight=N_train","total_weight_equals_record_count","XLSX_R0118","joint_bb","M2","record_equal","full","full","c5e71a91f075595c84894f6d28ef434ac646e79564faabae53fdbf80f1d40f01"
118,"Oplegnathus_punctatus",1,"record_equal","N_train/(S_train*R_species); total_weight=N_train","total_weight_equals_record_count","XLSX_R0119","joint_bb","M2","record_equal","full","full","c5e71a91f075595c84894f6d28ef434ac646e79564faabae53fdbf80f1d40f01"
119,"Siniperca_chuatsi",1,"record_equal","N_train/(S_train*R_species); total_weight=N_train","total_weight_equals_record_count","XLSX_R0120","joint_bb","M2","record_equal","full","full","c5e71a91f075595c84894f6d28ef434ac646e79564faabae53fdbf80f1d40f01"
120,"Siniperca_chuatsi",1,"record_equal","N_train/(S_train*R_species); total_weight=N_train","total_weight_equals_record_count","XLSX_R0121","joint_bb","M2","record_equal","full","full","c5e71a91f075595c84894f6d28ef434ac646e79564faabae53fdbf80f1d40f01"
121,"Siniperca_chuatsi",1,"record_equal","N_train/(S_train*R_species); total_weight=N_train","total_weight_equals_record_count","XLSX_R0122","joint_bb","M2","record_equal","full","full","c5e71a91f075595c84894f6d28ef434ac646e79564faabae53fdbf80f1d40f01"
122,"Siniperca_chuatsi",1,"record_equal","N_train/(S_train*R_species); total_weight=N_train","total_weight_equals_record_count","XLSX_R0123","joint_bb","M2","record_equal","full","full","c5e71a91f075595c84894f6d28ef434ac646e79564faabae53fdbf80f1d40f01"
123,"Siniperca_chuatsi",1,"record_equal","N_train/(S_train*R_species); total_weight=N_train","total_weight_equals_record_count","XLSX_R0124","joint_bb","M2","record_equal","full","full","c5e71a91f075595c84894f6d28ef434ac646e79564faabae53fdbf80f1d40f01"
124,"Siniperca_chuatsi",1,"record_equal","N_train/(S_train*R_species); total_weight=N_train","total_weight_equals_record_count","XLSX_R0125","joint_bb","M2","record_equal","full","full","c5e71a91f075595c84894f6d28ef434ac646e79564faabae53fdbf80f1d40f01"
125,"Siniperca_chuatsi",1,"record_equal","N_train/(S_train*R_species); total_weight=N_train","total_weight_equals_record_count","XLSX_R0126","joint_bb","M2","record_equal","full","full","c5e71a91f075595c84894f6d28ef434ac646e79564faabae53fdbf80f1d40f01"
126,"Siniperca_chuatsi",1,"record_equal","N_train/(S_train*R_species); total_weight=N_train","total_weight_equals_record_count","XLSX_R0127","joint_bb","M2","record_equal","full","full","c5e71a91f075595c84894f6d28ef434ac646e79564faabae53fdbf80f1d40f01"
127,"Siniperca_chuatsi",1,"record_equal","N_train/(S_train*R_species); total_weight=N_train","total_weight_equals_record_count","XLSX_R0128","joint_bb","M2","record_equal","full","full","c5e71a91f075595c84894f6d28ef434ac646e79564faabae53fdbf80f1d40f01"
128,"Siniperca_chuatsi",1,"record_equal","N_train/(S_train*R_species); total_weight=N_train","total_weight_equals_record_count","XLSX_R0129","joint_bb","M2","record_equal","full","full","c5e71a91f075595c84894f6d28ef434ac646e79564faabae53fdbf80f1d40f01"
129,"Siniperca_chuatsi",1,"record_equal","N_train/(S_train*R_species); total_weight=N_train","total_weight_equals_record_count","XLSX_R0130","joint_bb","M2","record_equal","full","full","c5e71a91f075595c84894f6d28ef434ac646e79564faabae53fdbf80f1d40f01"
130,"Siniperca_scherzeri",1,"record_equal","N_train/(S_train*R_species); total_weight=N_train","total_weight_equals_record_count","XLSX_R0131","joint_bb","M2","record_equal","full","full","c5e71a91f075595c84894f6d28ef434ac646e79564faabae53fdbf80f1d40f01"
131,"Siniperca_scherzeri",1,"record_equal","N_train/(S_train*R_species); total_weight=N_train","total_weight_equals_record_count","XLSX_R0132","joint_bb","M2","record_equal","full","full","c5e71a91f075595c84894f6d28ef434ac646e79564faabae53fdbf80f1d40f01"
132,"Siniperca_scherzeri",1,"record_equal","N_train/(S_train*R_species); total_weight=N_train","total_weight_equals_record_count","XLSX_R0133","joint_bb","M2","record_equal","full","full","c5e71a91f075595c84894f6d28ef434ac646e79564faabae53fdbf80f1d40f01"
133,"Siniperca_scherzeri",1,"record_equal","N_train/(S_train*R_species); total_weight=N_train","total_weight_equals_record_count","XLSX_R0134","joint_bb","M2","record_equal","full","full","c5e71a91f075595c84894f6d28ef434ac646e79564faabae53fdbf80f1d40f01"
134,"Cromileptes_altivelis",1,"record_equal","N_train/(S_train*R_species); total_weight=N_train","total_weight_equals_record_count","XLSX_R0135","joint_bb","M2","record_equal","full","full","c5e71a91f075595c84894f6d28ef434ac646e79564faabae53fdbf80f1d40f01"
135,"Cromileptes_altivelis",1,"record_equal","N_train/(S_train*R_species); total_weight=N_train","total_weight_equals_record_count","XLSX_R0136","joint_bb","M2","record_equal","full","full","c5e71a91f075595c84894f6d28ef434ac646e79564faabae53fdbf80f1d40f01"
136,"Cromileptes_altivelis",1,"record_equal","N_train/(S_train*R_species); total_weight=N_train","total_weight_equals_record_count","XLSX_R0137","joint_bb","M2","record_equal","full","full","c5e71a91f075595c84894f6d28ef434ac646e79564faabae53fdbf80f1d40f01"
137,"Cromileptes_altivelis",1,"record_equal","N_train/(S_train*R_species); total_weight=N_train","total_weight_equals_record_count","XLSX_R0138","joint_bb","M2","record_equal","full","full","c5e71a91f075595c84894f6d28ef434ac646e79564faabae53fdbf80f1d40f01"
138,"Cromileptes_altivelis",1,"record_equal","N_train/(S_train*R_species); total_weight=N_train","total_weight_equals_record_count","XLSX_R0139","joint_bb","M2","record_equal","full","full","c5e71a91f075595c84894f6d28ef434ac646e79564faabae53fdbf80f1d40f01"
139,"Cromileptes_altivelis",1,"record_equal","N_train/(S_train*R_species); total_weight=N_train","total_weight_equals_record_count","XLSX_R0140","joint_bb","M2","record_equal","full","full","c5e71a91f075595c84894f6d28ef434ac646e79564faabae53fdbf80f1d40f01"
140,"Epinephelus_bruneus",1,"record_equal","N_train/(S_train*R_species); total_weight=N_train","total_weight_equals_record_count","XLSX_R0141","joint_bb","M2","record_equal","full","full","c5e71a91f075595c84894f6d28ef434ac646e79564faabae53fdbf80f1d40f01"
141,"Epinephelus_bruneus",1,"record_equal","N_train/(S_train*R_species); total_weight=N_train","total_weight_equals_record_count","XLSX_R0142","joint_bb","M2","record_equal","full","full","c5e71a91f075595c84894f6d28ef434ac646e79564faabae53fdbf80f1d40f01"
142,"Epinephelus_bruneus",1,"record_equal","N_train/(S_train*R_species); total_weight=N_train","total_weight_equals_record_count","XLSX_R0143","joint_bb","M2","record_equal","full","full","c5e71a91f075595c84894f6d28ef434ac646e79564faabae53fdbf80f1d40f01"
143,"Epinephelus_coioides",1,"record_equal","N_train/(S_train*R_species); total_weight=N_train","total_weight_equals_record_count","XLSX_R0144","joint_bb","M2","record_equal","full","full","c5e71a91f075595c84894f6d28ef434ac646e79564faabae53fdbf80f1d40f01"
144,"Epinephelus_coioides",1,"record_equal","N_train/(S_train*R_species); total_weight=N_train","total_weight_equals_record_count","XLSX_R0145","joint_bb","M2","record_equal","full","full","c5e71a91f075595c84894f6d28ef434ac646e79564faabae53fdbf80f1d40f01"
145,"Epinephelus_fuscoguttatus",1,"record_equal","N_train/(S_train*R_species); total_weight=N_train","total_weight_equals_record_count","XLSX_R0146","joint_bb","M2","record_equal","full","full","c5e71a91f075595c84894f6d28ef434ac646e79564faabae53fdbf80f1d40f01"
146,"Epinephelus_fuscoguttatus",1,"record_equal","N_train/(S_train*R_species); total_weight=N_train","total_weight_equals_record_count","XLSX_R0147","joint_bb","M2","record_equal","full","full","c5e71a91f075595c84894f6d28ef434ac646e79564faabae53fdbf80f1d40f01"
147,"Epinephelus_lanceolatus",1,"record_equal","N_train/(S_train*R_species); total_weight=N_train","total_weight_equals_record_count","XLSX_R0148","joint_bb","M2","record_equal","full","full","c5e71a91f075595c84894f6d28ef434ac646e79564faabae53fdbf80f1d40f01"
148,"Epinephelus_lanceolatus",1,"record_equal","N_train/(S_train*R_species); total_weight=N_train","total_weight_equals_record_count","XLSX_R0149","joint_bb","M2","record_equal","full","full","c5e71a91f075595c84894f6d28ef434ac646e79564faabae53fdbf80f1d40f01"
149,"Epinephelus_malabaricus",1,"record_equal","N_train/(S_train*R_species); total_weight=N_train","total_weight_equals_record_count","XLSX_R0150","joint_bb","M2","record_equal","full","full","c5e71a91f075595c84894f6d28ef434ac646e79564faabae53fdbf80f1d40f01"
150,"Epinephelus_malabaricus",1,"record_equal","N_train/(S_train*R_species); total_weight=N_train","total_weight_equals_record_count","XLSX_R0151","joint_bb","M2","record_equal","full","full","c5e71a91f075595c84894f6d28ef434ac646e79564faabae53fdbf80f1d40f01"
151,"Epinephelus_malabaricus",1,"record_equal","N_train/(S_train*R_species); total_weight=N_train","total_weight_equals_record_count","XLSX_R0152","joint_bb","M2","record_equal","full","full","c5e71a91f075595c84894f6d28ef434ac646e79564faabae53fdbf80f1d40f01"
152,"Plectropomus_leopardus",1,"record_equal","N_train/(S_train*R_species); total_weight=N_train","total_weight_equals_record_count","XLSX_R0153","joint_bb","M2","record_equal","full","full","c5e71a91f075595c84894f6d28ef434ac646e79564faabae53fdbf80f1d40f01"
153,"Plectropomus_leopardus",1,"record_equal","N_train/(S_train*R_species); total_weight=N_train","total_weight_equals_record_count","XLSX_R0154","joint_bb","M2","record_equal","full","full","c5e71a91f075595c84894f6d28ef434ac646e79564faabae53fdbf80f1d40f01"
1,"Carassius_auratus",0.75,"species_equal","N_train/(S_train*R_species); total_weight=N_train","total_weight_equals_record_count","XLSX_R0002","joint_bb","M2","species_equal","full","full","5d34413682734a09f2858d5f31eb9adc7ef533499e03eaada2603f28cfa8cd9f"
2,"Carassius_auratus",0.75,"species_equal","N_train/(S_train*R_species); total_weight=N_train","total_weight_equals_record_count","XLSX_R0003","joint_bb","M2","species_equal","full","full","5d34413682734a09f2858d5f31eb9adc7ef533499e03eaada2603f28cfa8cd9f"
3,"Carassius_auratus",0.75,"species_equal","N_train/(S_train*R_species); total_weight=N_train","total_weight_equals_record_count","XLSX_R0004","joint_bb","M2","species_equal","full","full","5d34413682734a09f2858d5f31eb9adc7ef533499e03eaada2603f28cfa8cd9f"
4,"Carassius_auratus",0.75,"species_equal","N_train/(S_train*R_species); total_weight=N_train","total_weight_equals_record_count","XLSX_R0005","joint_bb","M2","species_equal","full","full","5d34413682734a09f2858d5f31eb9adc7ef533499e03eaada2603f28cfa8cd9f"
5,"Carassius_carassius",3,"species_equal","N_train/(S_train*R_species); total_weight=N_train","total_weight_equals_record_count","XLSX_R0006","joint_bb","M2","species_equal","full","full","5d34413682734a09f2858d5f31eb9adc7ef533499e03eaada2603f28cfa8cd9f"
6,"Ctenopharyngodon_idella",3,"species_equal","N_train/(S_train*R_species); total_weight=N_train","total_weight_equals_record_count","XLSX_R0007","joint_bb","M2","species_equal","full","full","5d34413682734a09f2858d5f31eb9adc7ef533499e03eaada2603f28cfa8cd9f"
7,"Cirrhinus_molitorella",3,"species_equal","N_train/(S_train*R_species); total_weight=N_train","total_weight_equals_record_count","XLSX_R0008","joint_bb","M2","species_equal","full","full","5d34413682734a09f2858d5f31eb9adc7ef533499e03eaada2603f28cfa8cd9f"
8,"Danio_rerio",1,"species_equal","N_train/(S_train*R_species); total_weight=N_train","total_weight_equals_record_count","XLSX_R0009","joint_bb","M2","species_equal","full","full","5d34413682734a09f2858d5f31eb9adc7ef533499e03eaada2603f28cfa8cd9f"
9,"Danio_rerio",1,"species_equal","N_train/(S_train*R_species); total_weight=N_train","total_weight_equals_record_count","XLSX_R0010","joint_bb","M2","species_equal","full","full","5d34413682734a09f2858d5f31eb9adc7ef533499e03eaada2603f28cfa8cd9f"
10,"Danio_rerio",1,"species_equal","N_train/(S_train*R_species); total_weight=N_train","total_weight_equals_record_count","XLSX_R0011","joint_bb","M2","species_equal","full","full","5d34413682734a09f2858d5f31eb9adc7ef533499e03eaada2603f28cfa8cd9f"
11,"Pygocentrus_nattereri",3,"species_equal","N_train/(S_train*R_species); total_weight=N_train","total_weight_equals_record_count","XLSX_R0012","joint_bb","M2","species_equal","full","full","5d34413682734a09f2858d5f31eb9adc7ef533499e03eaada2603f28cfa8cd9f"
12,"Thunnus_orientalis",1,"species_equal","N_train/(S_train*R_species); total_weight=N_train","total_weight_equals_record_count","XLSX_R0013","joint_bb","M2","species_equal","full","full","5d34413682734a09f2858d5f31eb9adc7ef533499e03eaada2603f28cfa8cd9f"
13,"Thunnus_orientalis",1,"species_equal","N_train/(S_train*R_species); total_weight=N_train","total_weight_equals_record_count","XLSX_R0014","joint_bb","M2","species_equal","full","full","5d34413682734a09f2858d5f31eb9adc7ef533499e03eaada2603f28cfa8cd9f"
14,"Thunnus_orientalis",1,"species_equal","N_train/(S_train*R_species); total_weight=N_train","total_weight_equals_record_count","XLSX_R0015","joint_bb","M2","species_equal","full","full","5d34413682734a09f2858d5f31eb9adc7ef533499e03eaada2603f28cfa8cd9f"
15,"Pampus_argenteus",0.6,"species_equal","N_train/(S_train*R_species); total_weight=N_train","total_weight_equals_record_count","XLSX_R0016","joint_bb","M2","species_equal","full","full","5d34413682734a09f2858d5f31eb9adc7ef533499e03eaada2603f28cfa8cd9f"
16,"Pampus_argenteus",0.6,"species_equal","N_train/(S_train*R_species); total_weight=N_train","total_weight_equals_record_count","XLSX_R0017","joint_bb","M2","species_equal","full","full","5d34413682734a09f2858d5f31eb9adc7ef533499e03eaada2603f28cfa8cd9f"
17,"Pampus_argenteus",0.6,"species_equal","N_train/(S_train*R_species); total_weight=N_train","total_weight_equals_record_count","XLSX_R0018","joint_bb","M2","species_equal","full","full","5d34413682734a09f2858d5f31eb9adc7ef533499e03eaada2603f28cfa8cd9f"
18,"Pampus_argenteus",0.6,"species_equal","N_train/(S_train*R_species); total_weight=N_train","total_weight_equals_record_count","XLSX_R0019","joint_bb","M2","species_equal","full","full","5d34413682734a09f2858d5f31eb9adc7ef533499e03eaada2603f28cfa8cd9f"
19,"Pampus_argenteus",0.6,"species_equal","N_train/(S_train*R_species); total_weight=N_train","total_weight_equals_record_count","XLSX_R0020","joint_bb","M2","species_equal","full","full","5d34413682734a09f2858d5f31eb9adc7ef533499e03eaada2603f28cfa8cd9f"
20,"Pterapogon_kauderni",1,"species_equal","N_train/(S_train*R_species); total_weight=N_train","total_weight_equals_record_count","XLSX_R0021","joint_bb","M2","species_equal","full","full","5d34413682734a09f2858d5f31eb9adc7ef533499e03eaada2603f28cfa8cd9f"
21,"Pterapogon_kauderni",1,"species_equal","N_train/(S_train*R_species); total_weight=N_train","total_weight_equals_record_count","XLSX_R0022","joint_bb","M2","species_equal","full","full","5d34413682734a09f2858d5f31eb9adc7ef533499e03eaada2603f28cfa8cd9f"
22,"Pterapogon_kauderni",1,"species_equal","N_train/(S_train*R_species); total_weight=N_train","total_weight_equals_record_count","XLSX_R0023","joint_bb","M2","species_equal","full","full","5d34413682734a09f2858d5f31eb9adc7ef533499e03eaada2603f28cfa8cd9f"
23,"Oxyeleotris_marmorata",1.5,"species_equal","N_train/(S_train*R_species); total_weight=N_train","total_weight_equals_record_count","XLSX_R0024","joint_bb","M2","species_equal","full","full","5d34413682734a09f2858d5f31eb9adc7ef533499e03eaada2603f28cfa8cd9f"
24,"Oxyeleotris_marmorata",1.5,"species_equal","N_train/(S_train*R_species); total_weight=N_train","total_weight_equals_record_count","XLSX_R0025","joint_bb","M2","species_equal","full","full","5d34413682734a09f2858d5f31eb9adc7ef533499e03eaada2603f28cfa8cd9f"
25,"Anabas_testudineus",3,"species_equal","N_train/(S_train*R_species); total_weight=N_train","total_weight_equals_record_count","XLSX_R0026","joint_bb","M2","species_equal","full","full","5d34413682734a09f2858d5f31eb9adc7ef533499e03eaada2603f28cfa8cd9f"
26,"Channa_argus",3,"species_equal","N_train/(S_train*R_species); total_weight=N_train","total_weight_equals_record_count","XLSX_R0027","joint_bb","M2","species_equal","full","full","5d34413682734a09f2858d5f31eb9adc7ef533499e03eaada2603f28cfa8cd9f"
27,"Trichopodus_trichopterus",3,"species_equal","N_train/(S_train*R_species); total_weight=N_train","total_weight_equals_record_count","XLSX_R0028","joint_bb","M2","species_equal","full","full","5d34413682734a09f2858d5f31eb9adc7ef533499e03eaada2603f28cfa8cd9f"
28,"Eleutheronema_tetradactylum",3,"species_equal","N_train/(S_train*R_species); total_weight=N_train","total_weight_equals_record_count","XLSX_R0029","joint_bb","M2","species_equal","full","full","5d34413682734a09f2858d5f31eb9adc7ef533499e03eaada2603f28cfa8cd9f"
29,"Lates_calcarifer",0.75,"species_equal","N_train/(S_train*R_species); total_weight=N_train","total_weight_equals_record_count","XLSX_R0030","joint_bb","M2","species_equal","full","full","5d34413682734a09f2858d5f31eb9adc7ef533499e03eaada2603f28cfa8cd9f"
30,"Lates_calcarifer",0.75,"species_equal","N_train/(S_train*R_species); total_weight=N_train","total_weight_equals_record_count","XLSX_R0031","joint_bb","M2","species_equal","full","full","5d34413682734a09f2858d5f31eb9adc7ef533499e03eaada2603f28cfa8cd9f"
31,"Lates_calcarifer",0.75,"species_equal","N_train/(S_train*R_species); total_weight=N_train","total_weight_equals_record_count","XLSX_R0032","joint_bb","M2","species_equal","full","full","5d34413682734a09f2858d5f31eb9adc7ef533499e03eaada2603f28cfa8cd9f"
32,"Lates_calcarifer",0.75,"species_equal","N_train/(S_train*R_species); total_weight=N_train","total_weight_equals_record_count","XLSX_R0033","joint_bb","M2","species_equal","full","full","5d34413682734a09f2858d5f31eb9adc7ef533499e03eaada2603f28cfa8cd9f"
33,"Seriola_dumerili",1.5,"species_equal","N_train/(S_train*R_species); total_weight=N_train","total_weight_equals_record_count","XLSX_R0034","joint_bb","M2","species_equal","full","full","5d34413682734a09f2858d5f31eb9adc7ef533499e03eaada2603f28cfa8cd9f"
34,"Seriola_dumerili",1.5,"species_equal","N_train/(S_train*R_species); total_weight=N_train","total_weight_equals_record_count","XLSX_R0035","joint_bb","M2","species_equal","full","full","5d34413682734a09f2858d5f31eb9adc7ef533499e03eaada2603f28cfa8cd9f"
35,"Paralichthys_olivaceus",1.5,"species_equal","N_train/(S_train*R_species); total_weight=N_train","total_weight_equals_record_count","XLSX_R0036","joint_bb","M2","species_equal","full","full","5d34413682734a09f2858d5f31eb9adc7ef533499e03eaada2603f28cfa8cd9f"
36,"Paralichthys_olivaceus",1.5,"species_equal","N_train/(S_train*R_species); total_weight=N_train","total_weight_equals_record_count","XLSX_R0037","joint_bb","M2","species_equal","full","full","5d34413682734a09f2858d5f31eb9adc7ef533499e03eaada2603f28cfa8cd9f"
37,"Platichthys_stellatus",3,"species_equal","N_train/(S_train*R_species); total_weight=N_train","total_weight_equals_record_count","XLSX_R0038","joint_bb","M2","species_equal","full","full","5d34413682734a09f2858d5f31eb9adc7ef533499e03eaada2603f28cfa8cd9f"
38,"Scophthalmus_maximus",3,"species_equal","N_train/(S_train*R_species); total_weight=N_train","total_weight_equals_record_count","XLSX_R0039","joint_bb","M2","species_equal","full","full","5d34413682734a09f2858d5f31eb9adc7ef533499e03eaada2603f28cfa8cd9f"
39,"Astronotus_ocellatus",1.5,"species_equal","N_train/(S_train*R_species); total_weight=N_train","total_weight_equals_record_count","XLSX_R0040","joint_bb","M2","species_equal","full","full","5d34413682734a09f2858d5f31eb9adc7ef533499e03eaada2603f28cfa8cd9f"
40,"Astronotus_ocellatus",1.5,"species_equal","N_train/(S_train*R_species); total_weight=N_train","total_weight_equals_record_count","XLSX_R0041","joint_bb","M2","species_equal","full","full","5d34413682734a09f2858d5f31eb9adc7ef533499e03eaada2603f28cfa8cd9f"
41,"Oreochromis_niloticus",1,"species_equal","N_train/(S_train*R_species); total_weight=N_train","total_weight_equals_record_count","XLSX_R0042","joint_bb","M2","species_equal","full","full","5d34413682734a09f2858d5f31eb9adc7ef533499e03eaada2603f28cfa8cd9f"
42,"Oreochromis_niloticus",1,"species_equal","N_train/(S_train*R_species); total_weight=N_train","total_weight_equals_record_count","XLSX_R0043","joint_bb","M2","species_equal","full","full","5d34413682734a09f2858d5f31eb9adc7ef533499e03eaada2603f28cfa8cd9f"
43,"Oreochromis_niloticus",1,"species_equal","N_train/(S_train*R_species); total_weight=N_train","total_weight_equals_record_count","XLSX_R0044","joint_bb","M2","species_equal","full","full","5d34413682734a09f2858d5f31eb9adc7ef533499e03eaada2603f28cfa8cd9f"
44,"Pterophyllum_scalare",3,"species_equal","N_train/(S_train*R_species); total_weight=N_train","total_weight_equals_record_count","XLSX_R0045","joint_bb","M2","species_equal","full","full","5d34413682734a09f2858d5f31eb9adc7ef533499e03eaada2603f28cfa8cd9f"
45,"Poecilia_latipinna",3,"species_equal","N_train/(S_train*R_species); total_weight=N_train","total_weight_equals_record_count","XLSX_R0046","joint_bb","M2","species_equal","full","full","5d34413682734a09f2858d5f31eb9adc7ef533499e03eaada2603f28cfa8cd9f"
46,"Poecilia_reticulata",1,"species_equal","N_train/(S_train*R_species); total_weight=N_train","total_weight_equals_record_count","XLSX_R0047","joint_bb","M2","species_equal","full","full","5d34413682734a09f2858d5f31eb9adc7ef533499e03eaada2603f28cfa8cd9f"
47,"Poecilia_reticulata",1,"species_equal","N_train/(S_train*R_species); total_weight=N_train","total_weight_equals_record_count","XLSX_R0048","joint_bb","M2","species_equal","full","full","5d34413682734a09f2858d5f31eb9adc7ef533499e03eaada2603f28cfa8cd9f"
48,"Poecilia_reticulata",1,"species_equal","N_train/(S_train*R_species); total_weight=N_train","total_weight_equals_record_count","XLSX_R0049","joint_bb","M2","species_equal","full","full","5d34413682734a09f2858d5f31eb9adc7ef533499e03eaada2603f28cfa8cd9f"
49,"Poropanchax_normani",1.5,"species_equal","N_train/(S_train*R_species); total_weight=N_train","total_weight_equals_record_count","XLSX_R0050","joint_bb","M2","species_equal","full","full","5d34413682734a09f2858d5f31eb9adc7ef533499e03eaada2603f28cfa8cd9f"
50,"Poropanchax_normani",1.5,"species_equal","N_train/(S_train*R_species); total_weight=N_train","total_weight_equals_record_count","XLSX_R0051","joint_bb","M2","species_equal","full","full","5d34413682734a09f2858d5f31eb9adc7ef533499e03eaada2603f28cfa8cd9f"
51,"Xiphophorus_hellerii",0.75,"species_equal","N_train/(S_train*R_species); total_weight=N_train","total_weight_equals_record_count","XLSX_R0052","joint_bb","M2","species_equal","full","full","5d34413682734a09f2858d5f31eb9adc7ef533499e03eaada2603f28cfa8cd9f"
52,"Xiphophorus_hellerii",0.75,"species_equal","N_train/(S_train*R_species); total_weight=N_train","total_weight_equals_record_count","XLSX_R0053","joint_bb","M2","species_equal","full","full","5d34413682734a09f2858d5f31eb9adc7ef533499e03eaada2603f28cfa8cd9f"
53,"Xiphophorus_hellerii",0.75,"species_equal","N_train/(S_train*R_species); total_weight=N_train","total_weight_equals_record_count","XLSX_R0054","joint_bb","M2","species_equal","full","full","5d34413682734a09f2858d5f31eb9adc7ef533499e03eaada2603f28cfa8cd9f"
54,"Xiphophorus_hellerii",0.75,"species_equal","N_train/(S_train*R_species); total_weight=N_train","total_weight_equals_record_count","XLSX_R0055","joint_bb","M2","species_equal","full","full","5d34413682734a09f2858d5f31eb9adc7ef533499e03eaada2603f28cfa8cd9f"
55,"Xiphophorus_maculatus",3,"species_equal","N_train/(S_train*R_species); total_weight=N_train","total_weight_equals_record_count","XLSX_R0056","joint_bb","M2","species_equal","full","full","5d34413682734a09f2858d5f31eb9adc7ef533499e03eaada2603f28cfa8cd9f"
56,"Mugil_cephalus",1.5,"species_equal","N_train/(S_train*R_species); total_weight=N_train","total_weight_equals_record_count","XLSX_R0057","joint_bb","M2","species_equal","full","full","5d34413682734a09f2858d5f31eb9adc7ef533499e03eaada2603f28cfa8cd9f"
57,"Mugil_cephalus",1.5,"species_equal","N_train/(S_train*R_species); total_weight=N_train","total_weight_equals_record_count","XLSX_R0058","joint_bb","M2","species_equal","full","full","5d34413682734a09f2858d5f31eb9adc7ef533499e03eaada2603f28cfa8cd9f"
58,"Larimichthys_crocea",1.5,"species_equal","N_train/(S_train*R_species); total_weight=N_train","total_weight_equals_record_count","XLSX_R0059","joint_bb","M2","species_equal","full","full","5d34413682734a09f2858d5f31eb9adc7ef533499e03eaada2603f28cfa8cd9f"
59,"Larimichthys_crocea",1.5,"species_equal","N_train/(S_train*R_species); total_weight=N_train","total_weight_equals_record_count","XLSX_R0060","joint_bb","M2","species_equal","full","full","5d34413682734a09f2858d5f31eb9adc7ef533499e03eaada2603f28cfa8cd9f"
60,"Sciaenops_ocellatus",3,"species_equal","N_train/(S_train*R_species); total_weight=N_train","total_weight_equals_record_count","XLSX_R0061","joint_bb","M2","species_equal","full","full","5d34413682734a09f2858d5f31eb9adc7ef533499e03eaada2603f28cfa8cd9f"
61,"Platax_orbicularis",3,"species_equal","N_train/(S_train*R_species); total_weight=N_train","total_weight_equals_record_count","XLSX_R0062","joint_bb","M2","species_equal","full","full","5d34413682734a09f2858d5f31eb9adc7ef533499e03eaada2603f28cfa8cd9f"
62,"Lutjanus_erythropterus",3,"species_equal","N_train/(S_train*R_species); total_weight=N_train","total_weight_equals_record_count","XLSX_R0063","joint_bb","M2","species_equal","full","full","5d34413682734a09f2858d5f31eb9adc7ef533499e03eaada2603f28cfa8cd9f"
63,"Acanthopagrus_schlegelii",0.75,"species_equal","N_train/(S_train*R_species); total_weight=N_train","total_weight_equals_record_count","XLSX_R0064","joint_bb","M2","species_equal","full","full","5d34413682734a09f2858d5f31eb9adc7ef533499e03eaada2603f28cfa8cd9f"
64,"Acanthopagrus_schlegelii",0.75,"species_equal","N_train/(S_train*R_species); total_weight=N_train","total_weight_equals_record_count","XLSX_R0065","joint_bb","M2","species_equal","full","full","5d34413682734a09f2858d5f31eb9adc7ef533499e03eaada2603f28cfa8cd9f"
65,"Acanthopagrus_schlegelii",0.75,"species_equal","N_train/(S_train*R_species); total_weight=N_train","total_weight_equals_record_count","XLSX_R0066","joint_bb","M2","species_equal","full","full","5d34413682734a09f2858d5f31eb9adc7ef533499e03eaada2603f28cfa8cd9f"
66,"Acanthopagrus_schlegelii",0.75,"species_equal","N_train/(S_train*R_species); total_weight=N_train","total_weight_equals_record_count","XLSX_R0067","joint_bb","M2","species_equal","full","full","5d34413682734a09f2858d5f31eb9adc7ef533499e03eaada2603f28cfa8cd9f"
67,"Lethrinus_nebulosus",1.5,"species_equal","N_train/(S_train*R_species); total_weight=N_train","total_weight_equals_record_count","XLSX_R0068","joint_bb","M2","species_equal","full","full","5d34413682734a09f2858d5f31eb9adc7ef533499e03eaada2603f28cfa8cd9f"
68,"Lethrinus_nebulosus",1.5,"species_equal","N_train/(S_train*R_species); total_weight=N_train","total_weight_equals_record_count","XLSX_R0069","joint_bb","M2","species_equal","full","full","5d34413682734a09f2858d5f31eb9adc7ef533499e03eaada2603f28cfa8cd9f"
69,"Pagrus_major",0.333333333333333,"species_equal","N_train/(S_train*R_species); total_weight=N_train","total_weight_equals_record_count","XLSX_R0070","joint_bb","M2","species_equal","full","full","5d34413682734a09f2858d5f31eb9adc7ef533499e03eaada2603f28cfa8cd9f"
70,"Pagrus_major",0.333333333333333,"species_equal","N_train/(S_train*R_species); total_weight=N_train","total_weight_equals_record_count","XLSX_R0071","joint_bb","M2","species_equal","full","full","5d34413682734a09f2858d5f31eb9adc7ef533499e03eaada2603f28cfa8cd9f"
71,"Pagrus_major",0.333333333333333,"species_equal","N_train/(S_train*R_species); total_weight=N_train","total_weight_equals_record_count","XLSX_R0072","joint_bb","M2","species_equal","full","full","5d34413682734a09f2858d5f31eb9adc7ef533499e03eaada2603f28cfa8cd9f"
72,"Pagrus_major",0.333333333333333,"species_equal","N_train/(S_train*R_species); total_weight=N_train","total_weight_equals_record_count","XLSX_R0073","joint_bb","M2","species_equal","full","full","5d34413682734a09f2858d5f31eb9adc7ef533499e03eaada2603f28cfa8cd9f"
73,"Pagrus_major",0.333333333333333,"species_equal","N_train/(S_train*R_species); total_weight=N_train","total_weight_equals_record_count","XLSX_R0074","joint_bb","M2","species_equal","full","full","5d34413682734a09f2858d5f31eb9adc7ef533499e03eaada2603f28cfa8cd9f"
74,"Pagrus_major",0.333333333333333,"species_equal","N_train/(S_train*R_species); total_weight=N_train","total_weight_equals_record_count","XLSX_R0075","joint_bb","M2","species_equal","full","full","5d34413682734a09f2858d5f31eb9adc7ef533499e03eaada2603f28cfa8cd9f"
75,"Pagrus_major",0.333333333333333,"species_equal","N_train/(S_train*R_species); total_weight=N_train","total_weight_equals_record_count","XLSX_R0076","joint_bb","M2","species_equal","full","full","5d34413682734a09f2858d5f31eb9adc7ef533499e03eaada2603f28cfa8cd9f"
76,"Pagrus_major",0.333333333333333,"species_equal","N_train/(S_train*R_species); total_weight=N_train","total_weight_equals_record_count","XLSX_R0077","joint_bb","M2","species_equal","full","full","5d34413682734a09f2858d5f31eb9adc7ef533499e03eaada2603f28cfa8cd9f"
77,"Pagrus_major",0.333333333333333,"species_equal","N_train/(S_train*R_species); total_weight=N_train","total_weight_equals_record_count","XLSX_R0078","joint_bb","M2","species_equal","full","full","5d34413682734a09f2858d5f31eb9adc7ef533499e03eaada2603f28cfa8cd9f"
78,"Rhabdosargus_sarba",3,"species_equal","N_train/(S_train*R_species); total_weight=N_train","total_weight_equals_record_count","XLSX_R0079","joint_bb","M2","species_equal","full","full","5d34413682734a09f2858d5f31eb9adc7ef533499e03eaada2603f28cfa8cd9f"
79,"Lateolabrax_japonicus",0.75,"species_equal","N_train/(S_train*R_species); total_weight=N_train","total_weight_equals_record_count","XLSX_R0080","joint_bb","M2","species_equal","full","full","5d34413682734a09f2858d5f31eb9adc7ef533499e03eaada2603f28cfa8cd9f"
80,"Lateolabrax_japonicus",0.75,"species_equal","N_train/(S_train*R_species); total_weight=N_train","total_weight_equals_record_count","XLSX_R0081","joint_bb","M2","species_equal","full","full","5d34413682734a09f2858d5f31eb9adc7ef533499e03eaada2603f28cfa8cd9f"
81,"Lateolabrax_japonicus",0.75,"species_equal","N_train/(S_train*R_species); total_weight=N_train","total_weight_equals_record_count","XLSX_R0082","joint_bb","M2","species_equal","full","full","5d34413682734a09f2858d5f31eb9adc7ef533499e03eaada2603f28cfa8cd9f"
82,"Lateolabrax_japonicus",0.75,"species_equal","N_train/(S_train*R_species); total_weight=N_train","total_weight_equals_record_count","XLSX_R0083","joint_bb","M2","species_equal","full","full","5d34413682734a09f2858d5f31eb9adc7ef533499e03eaada2603f28cfa8cd9f"
83,"Lateolabrax_maculatus",3,"species_equal","N_train/(S_train*R_species); total_weight=N_train","total_weight_equals_record_count","XLSX_R0084","joint_bb","M2","species_equal","full","full","5d34413682734a09f2858d5f31eb9adc7ef533499e03eaada2603f28cfa8cd9f"
84,"Maccullochella_peelii",0.375,"species_equal","N_train/(S_train*R_species); total_weight=N_train","total_weight_equals_record_count","XLSX_R0085","joint_bb","M2","species_equal","full","full","5d34413682734a09f2858d5f31eb9adc7ef533499e03eaada2603f28cfa8cd9f"
85,"Maccullochella_peelii",0.375,"species_equal","N_train/(S_train*R_species); total_weight=N_train","total_weight_equals_record_count","XLSX_R0086","joint_bb","M2","species_equal","full","full","5d34413682734a09f2858d5f31eb9adc7ef533499e03eaada2603f28cfa8cd9f"
86,"Maccullochella_peelii",0.375,"species_equal","N_train/(S_train*R_species); total_weight=N_train","total_weight_equals_record_count","XLSX_R0087","joint_bb","M2","species_equal","full","full","5d34413682734a09f2858d5f31eb9adc7ef533499e03eaada2603f28cfa8cd9f"
87,"Maccullochella_peelii",0.375,"species_equal","N_train/(S_train*R_species); total_weight=N_train","total_weight_equals_record_count","XLSX_R0088","joint_bb","M2","species_equal","full","full","5d34413682734a09f2858d5f31eb9adc7ef533499e03eaada2603f28cfa8cd9f"
88,"Maccullochella_peelii",0.375,"species_equal","N_train/(S_train*R_species); total_weight=N_train","total_weight_equals_record_count","XLSX_R0089","joint_bb","M2","species_equal","full","full","5d34413682734a09f2858d5f31eb9adc7ef533499e03eaada2603f28cfa8cd9f"
89,"Maccullochella_peelii",0.375,"species_equal","N_train/(S_train*R_species); total_weight=N_train","total_weight_equals_record_count","XLSX_R0090","joint_bb","M2","species_equal","full","full","5d34413682734a09f2858d5f31eb9adc7ef533499e03eaada2603f28cfa8cd9f"
90,"Maccullochella_peelii",0.375,"species_equal","N_train/(S_train*R_species); total_weight=N_train","total_weight_equals_record_count","XLSX_R0091","joint_bb","M2","species_equal","full","full","5d34413682734a09f2858d5f31eb9adc7ef533499e03eaada2603f28cfa8cd9f"
91,"Maccullochella_peelii",0.375,"species_equal","N_train/(S_train*R_species); total_weight=N_train","total_weight_equals_record_count","XLSX_R0092","joint_bb","M2","species_equal","full","full","5d34413682734a09f2858d5f31eb9adc7ef533499e03eaada2603f28cfa8cd9f"
92,"Micropterus_salmoides",1,"species_equal","N_train/(S_train*R_species); total_weight=N_train","total_weight_equals_record_count","XLSX_R0093","joint_bb","M2","species_equal","full","full","5d34413682734a09f2858d5f31eb9adc7ef533499e03eaada2603f28cfa8cd9f"
93,"Micropterus_salmoides",1,"species_equal","N_train/(S_train*R_species); total_weight=N_train","total_weight_equals_record_count","XLSX_R0094","joint_bb","M2","species_equal","full","full","5d34413682734a09f2858d5f31eb9adc7ef533499e03eaada2603f28cfa8cd9f"
94,"Micropterus_salmoides",1,"species_equal","N_train/(S_train*R_species); total_weight=N_train","total_weight_equals_record_count","XLSX_R0095","joint_bb","M2","species_equal","full","full","5d34413682734a09f2858d5f31eb9adc7ef533499e03eaada2603f28cfa8cd9f"
95,"Oplegnathus_fasciatus",0.130434782608696,"species_equal","N_train/(S_train*R_species); total_weight=N_train","total_weight_equals_record_count","XLSX_R0096","joint_bb","M2","species_equal","full","full","5d34413682734a09f2858d5f31eb9adc7ef533499e03eaada2603f28cfa8cd9f"
96,"Oplegnathus_fasciatus",0.130434782608696,"species_equal","N_train/(S_train*R_species); total_weight=N_train","total_weight_equals_record_count","XLSX_R0097","joint_bb","M2","species_equal","full","full","5d34413682734a09f2858d5f31eb9adc7ef533499e03eaada2603f28cfa8cd9f"
97,"Oplegnathus_fasciatus",0.130434782608696,"species_equal","N_train/(S_train*R_species); total_weight=N_train","total_weight_equals_record_count","XLSX_R0098","joint_bb","M2","species_equal","full","full","5d34413682734a09f2858d5f31eb9adc7ef533499e03eaada2603f28cfa8cd9f"
98,"Oplegnathus_fasciatus",0.130434782608696,"species_equal","N_train/(S_train*R_species); total_weight=N_train","total_weight_equals_record_count","XLSX_R0099","joint_bb","M2","species_equal","full","full","5d34413682734a09f2858d5f31eb9adc7ef533499e03eaada2603f28cfa8cd9f"
99,"Oplegnathus_fasciatus",0.130434782608696,"species_equal","N_train/(S_train*R_species); total_weight=N_train","total_weight_equals_record_count","XLSX_R0100","joint_bb","M2","species_equal","full","full","5d34413682734a09f2858d5f31eb9adc7ef533499e03eaada2603f28cfa8cd9f"
100,"Oplegnathus_fasciatus",0.130434782608696,"species_equal","N_train/(S_train*R_species); total_weight=N_train","total_weight_equals_record_count","XLSX_R0101","joint_bb","M2","species_equal","full","full","5d34413682734a09f2858d5f31eb9adc7ef533499e03eaada2603f28cfa8cd9f"
101,"Oplegnathus_fasciatus",0.130434782608696,"species_equal","N_train/(S_train*R_species); total_weight=N_train","total_weight_equals_record_count","XLSX_R0102","joint_bb","M2","species_equal","full","full","5d34413682734a09f2858d5f31eb9adc7ef533499e03eaada2603f28cfa8cd9f"
102,"Oplegnathus_fasciatus",0.130434782608696,"species_equal","N_train/(S_train*R_species); total_weight=N_train","total_weight_equals_record_count","XLSX_R0103","joint_bb","M2","species_equal","full","full","5d34413682734a09f2858d5f31eb9adc7ef533499e03eaada2603f28cfa8cd9f"
103,"Oplegnathus_fasciatus",0.130434782608696,"species_equal","N_train/(S_train*R_species); total_weight=N_train","total_weight_equals_record_count","XLSX_R0104","joint_bb","M2","species_equal","full","full","5d34413682734a09f2858d5f31eb9adc7ef533499e03eaada2603f28cfa8cd9f"
104,"Oplegnathus_fasciatus",0.130434782608696,"species_equal","N_train/(S_train*R_species); total_weight=N_train","total_weight_equals_record_count","XLSX_R0105","joint_bb","M2","species_equal","full","full","5d34413682734a09f2858d5f31eb9adc7ef533499e03eaada2603f28cfa8cd9f"
105,"Oplegnathus_fasciatus",0.130434782608696,"species_equal","N_train/(S_train*R_species); total_weight=N_train","total_weight_equals_record_count","XLSX_R0106","joint_bb","M2","species_equal","full","full","5d34413682734a09f2858d5f31eb9adc7ef533499e03eaada2603f28cfa8cd9f"
106,"Oplegnathus_fasciatus",0.130434782608696,"species_equal","N_train/(S_train*R_species); total_weight=N_train","total_weight_equals_record_count","XLSX_R0107","joint_bb","M2","species_equal","full","full","5d34413682734a09f2858d5f31eb9adc7ef533499e03eaada2603f28cfa8cd9f"
107,"Oplegnathus_fasciatus",0.130434782608696,"species_equal","N_train/(S_train*R_species); total_weight=N_train","total_weight_equals_record_count","XLSX_R0108","joint_bb","M2","species_equal","full","full","5d34413682734a09f2858d5f31eb9adc7ef533499e03eaada2603f28cfa8cd9f"
108,"Oplegnathus_fasciatus",0.130434782608696,"species_equal","N_train/(S_train*R_species); total_weight=N_train","total_weight_equals_record_count","XLSX_R0109","joint_bb","M2","species_equal","full","full","5d34413682734a09f2858d5f31eb9adc7ef533499e03eaada2603f28cfa8cd9f"
109,"Oplegnathus_fasciatus",0.130434782608696,"species_equal","N_train/(S_train*R_species); total_weight=N_train","total_weight_equals_record_count","XLSX_R0110","joint_bb","M2","species_equal","full","full","5d34413682734a09f2858d5f31eb9adc7ef533499e03eaada2603f28cfa8cd9f"
110,"Oplegnathus_fasciatus",0.130434782608696,"species_equal","N_train/(S_train*R_species); total_weight=N_train","total_weight_equals_record_count","XLSX_R0111","joint_bb","M2","species_equal","full","full","5d34413682734a09f2858d5f31eb9adc7ef533499e03eaada2603f28cfa8cd9f"
111,"Oplegnathus_fasciatus",0.130434782608696,"species_equal","N_train/(S_train*R_species); total_weight=N_train","total_weight_equals_record_count","XLSX_R0112","joint_bb","M2","species_equal","full","full","5d34413682734a09f2858d5f31eb9adc7ef533499e03eaada2603f28cfa8cd9f"
112,"Oplegnathus_fasciatus",0.130434782608696,"species_equal","N_train/(S_train*R_species); total_weight=N_train","total_weight_equals_record_count","XLSX_R0113","joint_bb","M2","species_equal","full","full","5d34413682734a09f2858d5f31eb9adc7ef533499e03eaada2603f28cfa8cd9f"
113,"Oplegnathus_fasciatus",0.130434782608696,"species_equal","N_train/(S_train*R_species); total_weight=N_train","total_weight_equals_record_count","XLSX_R0114","joint_bb","M2","species_equal","full","full","5d34413682734a09f2858d5f31eb9adc7ef533499e03eaada2603f28cfa8cd9f"
114,"Oplegnathus_fasciatus",0.130434782608696,"species_equal","N_train/(S_train*R_species); total_weight=N_train","total_weight_equals_record_count","XLSX_R0115","joint_bb","M2","species_equal","full","full","5d34413682734a09f2858d5f31eb9adc7ef533499e03eaada2603f28cfa8cd9f"
115,"Oplegnathus_fasciatus",0.130434782608696,"species_equal","N_train/(S_train*R_species); total_weight=N_train","total_weight_equals_record_count","XLSX_R0116","joint_bb","M2","species_equal","full","full","5d34413682734a09f2858d5f31eb9adc7ef533499e03eaada2603f28cfa8cd9f"
116,"Oplegnathus_fasciatus",0.130434782608696,"species_equal","N_train/(S_train*R_species); total_weight=N_train","total_weight_equals_record_count","XLSX_R0117","joint_bb","M2","species_equal","full","full","5d34413682734a09f2858d5f31eb9adc7ef533499e03eaada2603f28cfa8cd9f"
117,"Oplegnathus_fasciatus",0.130434782608696,"species_equal","N_train/(S_train*R_species); total_weight=N_train","total_weight_equals_record_count","XLSX_R0118","joint_bb","M2","species_equal","full","full","5d34413682734a09f2858d5f31eb9adc7ef533499e03eaada2603f28cfa8cd9f"
118,"Oplegnathus_punctatus",3,"species_equal","N_train/(S_train*R_species); total_weight=N_train","total_weight_equals_record_count","XLSX_R0119","joint_bb","M2","species_equal","full","full","5d34413682734a09f2858d5f31eb9adc7ef533499e03eaada2603f28cfa8cd9f"
119,"Siniperca_chuatsi",0.272727272727273,"species_equal","N_train/(S_train*R_species); total_weight=N_train","total_weight_equals_record_count","XLSX_R0120","joint_bb","M2","species_equal","full","full","5d34413682734a09f2858d5f31eb9adc7ef533499e03eaada2603f28cfa8cd9f"
120,"Siniperca_chuatsi",0.272727272727273,"species_equal","N_train/(S_train*R_species); total_weight=N_train","total_weight_equals_record_count","XLSX_R0121","joint_bb","M2","species_equal","full","full","5d34413682734a09f2858d5f31eb9adc7ef533499e03eaada2603f28cfa8cd9f"
121,"Siniperca_chuatsi",0.272727272727273,"species_equal","N_train/(S_train*R_species); total_weight=N_train","total_weight_equals_record_count","XLSX_R0122","joint_bb","M2","species_equal","full","full","5d34413682734a09f2858d5f31eb9adc7ef533499e03eaada2603f28cfa8cd9f"
122,"Siniperca_chuatsi",0.272727272727273,"species_equal","N_train/(S_train*R_species); total_weight=N_train","total_weight_equals_record_count","XLSX_R0123","joint_bb","M2","species_equal","full","full","5d34413682734a09f2858d5f31eb9adc7ef533499e03eaada2603f28cfa8cd9f"
123,"Siniperca_chuatsi",0.272727272727273,"species_equal","N_train/(S_train*R_species); total_weight=N_train","total_weight_equals_record_count","XLSX_R0124","joint_bb","M2","species_equal","full","full","5d34413682734a09f2858d5f31eb9adc7ef533499e03eaada2603f28cfa8cd9f"
124,"Siniperca_chuatsi",0.272727272727273,"species_equal","N_train/(S_train*R_species); total_weight=N_train","total_weight_equals_record_count","XLSX_R0125","joint_bb","M2","species_equal","full","full","5d34413682734a09f2858d5f31eb9adc7ef533499e03eaada2603f28cfa8cd9f"
125,"Siniperca_chuatsi",0.272727272727273,"species_equal","N_train/(S_train*R_species); total_weight=N_train","total_weight_equals_record_count","XLSX_R0126","joint_bb","M2","species_equal","full","full","5d34413682734a09f2858d5f31eb9adc7ef533499e03eaada2603f28cfa8cd9f"
126,"Siniperca_chuatsi",0.272727272727273,"species_equal","N_train/(S_train*R_species); total_weight=N_train","total_weight_equals_record_count","XLSX_R0127","joint_bb","M2","species_equal","full","full","5d34413682734a09f2858d5f31eb9adc7ef533499e03eaada2603f28cfa8cd9f"
127,"Siniperca_chuatsi",0.272727272727273,"species_equal","N_train/(S_train*R_species); total_weight=N_train","total_weight_equals_record_count","XLSX_R0128","joint_bb","M2","species_equal","full","full","5d34413682734a09f2858d5f31eb9adc7ef533499e03eaada2603f28cfa8cd9f"
128,"Siniperca_chuatsi",0.272727272727273,"species_equal","N_train/(S_train*R_species); total_weight=N_train","total_weight_equals_record_count","XLSX_R0129","joint_bb","M2","species_equal","full","full","5d34413682734a09f2858d5f31eb9adc7ef533499e03eaada2603f28cfa8cd9f"
129,"Siniperca_chuatsi",0.272727272727273,"species_equal","N_train/(S_train*R_species); total_weight=N_train","total_weight_equals_record_count","XLSX_R0130","joint_bb","M2","species_equal","full","full","5d34413682734a09f2858d5f31eb9adc7ef533499e03eaada2603f28cfa8cd9f"
130,"Siniperca_scherzeri",0.75,"species_equal","N_train/(S_train*R_species); total_weight=N_train","total_weight_equals_record_count","XLSX_R0131","joint_bb","M2","species_equal","full","full","5d34413682734a09f2858d5f31eb9adc7ef533499e03eaada2603f28cfa8cd9f"
131,"Siniperca_scherzeri",0.75,"species_equal","N_train/(S_train*R_species); total_weight=N_train","total_weight_equals_record_count","XLSX_R0132","joint_bb","M2","species_equal","full","full","5d34413682734a09f2858d5f31eb9adc7ef533499e03eaada2603f28cfa8cd9f"
132,"Siniperca_scherzeri",0.75,"species_equal","N_train/(S_train*R_species); total_weight=N_train","total_weight_equals_record_count","XLSX_R0133","joint_bb","M2","species_equal","full","full","5d34413682734a09f2858d5f31eb9adc7ef533499e03eaada2603f28cfa8cd9f"
133,"Siniperca_scherzeri",0.75,"species_equal","N_train/(S_train*R_species); total_weight=N_train","total_weight_equals_record_count","XLSX_R0134","joint_bb","M2","species_equal","full","full","5d34413682734a09f2858d5f31eb9adc7ef533499e03eaada2603f28cfa8cd9f"
134,"Cromileptes_altivelis",0.5,"species_equal","N_train/(S_train*R_species); total_weight=N_train","total_weight_equals_record_count","XLSX_R0135","joint_bb","M2","species_equal","full","full","5d34413682734a09f2858d5f31eb9adc7ef533499e03eaada2603f28cfa8cd9f"
135,"Cromileptes_altivelis",0.5,"species_equal","N_train/(S_train*R_species); total_weight=N_train","total_weight_equals_record_count","XLSX_R0136","joint_bb","M2","species_equal","full","full","5d34413682734a09f2858d5f31eb9adc7ef533499e03eaada2603f28cfa8cd9f"
136,"Cromileptes_altivelis",0.5,"species_equal","N_train/(S_train*R_species); total_weight=N_train","total_weight_equals_record_count","XLSX_R0137","joint_bb","M2","species_equal","full","full","5d34413682734a09f2858d5f31eb9adc7ef533499e03eaada2603f28cfa8cd9f"
137,"Cromileptes_altivelis",0.5,"species_equal","N_train/(S_train*R_species); total_weight=N_train","total_weight_equals_record_count","XLSX_R0138","joint_bb","M2","species_equal","full","full","5d34413682734a09f2858d5f31eb9adc7ef533499e03eaada2603f28cfa8cd9f"
138,"Cromileptes_altivelis",0.5,"species_equal","N_train/(S_train*R_species); total_weight=N_train","total_weight_equals_record_count","XLSX_R0139","joint_bb","M2","species_equal","full","full","5d34413682734a09f2858d5f31eb9adc7ef533499e03eaada2603f28cfa8cd9f"
139,"Cromileptes_altivelis",0.5,"species_equal","N_train/(S_train*R_species); total_weight=N_train","total_weight_equals_record_count","XLSX_R0140","joint_bb","M2","species_equal","full","full","5d34413682734a09f2858d5f31eb9adc7ef533499e03eaada2603f28cfa8cd9f"
140,"Epinephelus_bruneus",1,"species_equal","N_train/(S_train*R_species); total_weight=N_train","total_weight_equals_record_count","XLSX_R0141","joint_bb","M2","species_equal","full","full","5d34413682734a09f2858d5f31eb9adc7ef533499e03eaada2603f28cfa8cd9f"
141,"Epinephelus_bruneus",1,"species_equal","N_train/(S_train*R_species); total_weight=N_train","total_weight_equals_record_count","XLSX_R0142","joint_bb","M2","species_equal","full","full","5d34413682734a09f2858d5f31eb9adc7ef533499e03eaada2603f28cfa8cd9f"
142,"Epinephelus_bruneus",1,"species_equal","N_train/(S_train*R_species); total_weight=N_train","total_weight_equals_record_count","XLSX_R0143","joint_bb","M2","species_equal","full","full","5d34413682734a09f2858d5f31eb9adc7ef533499e03eaada2603f28cfa8cd9f"
143,"Epinephelus_coioides",1.5,"species_equal","N_train/(S_train*R_species); total_weight=N_train","total_weight_equals_record_count","XLSX_R0144","joint_bb","M2","species_equal","full","full","5d34413682734a09f2858d5f31eb9adc7ef533499e03eaada2603f28cfa8cd9f"
144,"Epinephelus_coioides",1.5,"species_equal","N_train/(S_train*R_species); total_weight=N_train","total_weight_equals_record_count","XLSX_R0145","joint_bb","M2","species_equal","full","full","5d34413682734a09f2858d5f31eb9adc7ef533499e03eaada2603f28cfa8cd9f"
145,"Epinephelus_fuscoguttatus",1.5,"species_equal","N_train/(S_train*R_species); total_weight=N_train","total_weight_equals_record_count","XLSX_R0146","joint_bb","M2","species_equal","full","full","5d34413682734a09f2858d5f31eb9adc7ef533499e03eaada2603f28cfa8cd9f"
146,"Epinephelus_fuscoguttatus",1.5,"species_equal","N_train/(S_train*R_species); total_weight=N_train","total_weight_equals_record_count","XLSX_R0147","joint_bb","M2","species_equal","full","full","5d34413682734a09f2858d5f31eb9adc7ef533499e03eaada2603f28cfa8cd9f"
147,"Epinephelus_lanceolatus",1.5,"species_equal","N_train/(S_train*R_species); total_weight=N_train","total_weight_equals_record_count","XLSX_R0148","joint_bb","M2","species_equal","full","full","5d34413682734a09f2858d5f31eb9adc7ef533499e03eaada2603f28cfa8cd9f"
148,"Epinephelus_lanceolatus",1.5,"species_equal","N_train/(S_train*R_species); total_weight=N_train","total_weight_equals_record_count","XLSX_R0149","joint_bb","M2","species_equal","full","full","5d34413682734a09f2858d5f31eb9adc7ef533499e03eaada2603f28cfa8cd9f"
149,"Epinephelus_malabaricus",1,"species_equal","N_train/(S_train*R_species); total_weight=N_train","total_weight_equals_record_count","XLSX_R0150","joint_bb","M2","species_equal","full","full","5d34413682734a09f2858d5f31eb9adc7ef533499e03eaada2603f28cfa8cd9f"
150,"Epinephelus_malabaricus",1,"species_equal","N_train/(S_train*R_species); total_weight=N_train","total_weight_equals_record_count","XLSX_R0151","joint_bb","M2","species_equal","full","full","5d34413682734a09f2858d5f31eb9adc7ef533499e03eaada2603f28cfa8cd9f"
151,"Epinephelus_malabaricus",1,"species_equal","N_train/(S_train*R_species); total_weight=N_train","total_weight_equals_record_count","XLSX_R0152","joint_bb","M2","species_equal","full","full","5d34413682734a09f2858d5f31eb9adc7ef533499e03eaada2603f28cfa8cd9f"
152,"Plectropomus_leopardus",1.5,"species_equal","N_train/(S_train*R_species); total_weight=N_train","total_weight_equals_record_count","XLSX_R0153","joint_bb","M2","species_equal","full","full","5d34413682734a09f2858d5f31eb9adc7ef533499e03eaada2603f28cfa8cd9f"
153,"Plectropomus_leopardus",1.5,"species_equal","N_train/(S_train*R_species); total_weight=N_train","total_weight_equals_record_count","XLSX_R0154","joint_bb","M2","species_equal","full","full","5d34413682734a09f2858d5f31eb9adc7ef533499e03eaada2603f28cfa8cd9f"
1,"Carassius_auratus",1,"record_equal","N_train/(S_train*R_species); total_weight=N_train","total_weight_equals_record_count","XLSX_R0002","joint_bb","M3","record_equal","full","full","323e44fab93d856071e001c2f3cad1defc1722c2ffd42fce902033d3760788a4"
2,"Carassius_auratus",1,"record_equal","N_train/(S_train*R_species); total_weight=N_train","total_weight_equals_record_count","XLSX_R0003","joint_bb","M3","record_equal","full","full","323e44fab93d856071e001c2f3cad1defc1722c2ffd42fce902033d3760788a4"
3,"Carassius_auratus",1,"record_equal","N_train/(S_train*R_species); total_weight=N_train","total_weight_equals_record_count","XLSX_R0004","joint_bb","M3","record_equal","full","full","323e44fab93d856071e001c2f3cad1defc1722c2ffd42fce902033d3760788a4"
4,"Carassius_auratus",1,"record_equal","N_train/(S_train*R_species); total_weight=N_train","total_weight_equals_record_count","XLSX_R0005","joint_bb","M3","record_equal","full","full","323e44fab93d856071e001c2f3cad1defc1722c2ffd42fce902033d3760788a4"
5,"Carassius_carassius",1,"record_equal","N_train/(S_train*R_species); total_weight=N_train","total_weight_equals_record_count","XLSX_R0006","joint_bb","M3","record_equal","full","full","323e44fab93d856071e001c2f3cad1defc1722c2ffd42fce902033d3760788a4"
6,"Ctenopharyngodon_idella",1,"record_equal","N_train/(S_train*R_species); total_weight=N_train","total_weight_equals_record_count","XLSX_R0007","joint_bb","M3","record_equal","full","full","323e44fab93d856071e001c2f3cad1defc1722c2ffd42fce902033d3760788a4"
7,"Cirrhinus_molitorella",1,"record_equal","N_train/(S_train*R_species); total_weight=N_train","total_weight_equals_record_count","XLSX_R0008","joint_bb","M3","record_equal","full","full","323e44fab93d856071e001c2f3cad1defc1722c2ffd42fce902033d3760788a4"
8,"Danio_rerio",1,"record_equal","N_train/(S_train*R_species); total_weight=N_train","total_weight_equals_record_count","XLSX_R0009","joint_bb","M3","record_equal","full","full","323e44fab93d856071e001c2f3cad1defc1722c2ffd42fce902033d3760788a4"
9,"Danio_rerio",1,"record_equal","N_train/(S_train*R_species); total_weight=N_train","total_weight_equals_record_count","XLSX_R0010","joint_bb","M3","record_equal","full","full","323e44fab93d856071e001c2f3cad1defc1722c2ffd42fce902033d3760788a4"
10,"Danio_rerio",1,"record_equal","N_train/(S_train*R_species); total_weight=N_train","total_weight_equals_record_count","XLSX_R0011","joint_bb","M3","record_equal","full","full","323e44fab93d856071e001c2f3cad1defc1722c2ffd42fce902033d3760788a4"
11,"Pygocentrus_nattereri",1,"record_equal","N_train/(S_train*R_species); total_weight=N_train","total_weight_equals_record_count","XLSX_R0012","joint_bb","M3","record_equal","full","full","323e44fab93d856071e001c2f3cad1defc1722c2ffd42fce902033d3760788a4"
12,"Thunnus_orientalis",1,"record_equal","N_train/(S_train*R_species); total_weight=N_train","total_weight_equals_record_count","XLSX_R0013","joint_bb","M3","record_equal","full","full","323e44fab93d856071e001c2f3cad1defc1722c2ffd42fce902033d3760788a4"
13,"Thunnus_orientalis",1,"record_equal","N_train/(S_train*R_species); total_weight=N_train","total_weight_equals_record_count","XLSX_R0014","joint_bb","M3","record_equal","full","full","323e44fab93d856071e001c2f3cad1defc1722c2ffd42fce902033d3760788a4"
14,"Thunnus_orientalis",1,"record_equal","N_train/(S_train*R_species); total_weight=N_train","total_weight_equals_record_count","XLSX_R0015","joint_bb","M3","record_equal","full","full","323e44fab93d856071e001c2f3cad1defc1722c2ffd42fce902033d3760788a4"
15,"Pampus_argenteus",1,"record_equal","N_train/(S_train*R_species); total_weight=N_train","total_weight_equals_record_count","XLSX_R0016","joint_bb","M3","record_equal","full","full","323e44fab93d856071e001c2f3cad1defc1722c2ffd42fce902033d3760788a4"
16,"Pampus_argenteus",1,"record_equal","N_train/(S_train*R_species); total_weight=N_train","total_weight_equals_record_count","XLSX_R0017","joint_bb","M3","record_equal","full","full","323e44fab93d856071e001c2f3cad1defc1722c2ffd42fce902033d3760788a4"
17,"Pampus_argenteus",1,"record_equal","N_train/(S_train*R_species); total_weight=N_train","total_weight_equals_record_count","XLSX_R0018","joint_bb","M3","record_equal","full","full","323e44fab93d856071e001c2f3cad1defc1722c2ffd42fce902033d3760788a4"
18,"Pampus_argenteus",1,"record_equal","N_train/(S_train*R_species); total_weight=N_train","total_weight_equals_record_count","XLSX_R0019","joint_bb","M3","record_equal","full","full","323e44fab93d856071e001c2f3cad1defc1722c2ffd42fce902033d3760788a4"
19,"Pampus_argenteus",1,"record_equal","N_train/(S_train*R_species); total_weight=N_train","total_weight_equals_record_count","XLSX_R0020","joint_bb","M3","record_equal","full","full","323e44fab93d856071e001c2f3cad1defc1722c2ffd42fce902033d3760788a4"
20,"Pterapogon_kauderni",1,"record_equal","N_train/(S_train*R_species); total_weight=N_train","total_weight_equals_record_count","XLSX_R0021","joint_bb","M3","record_equal","full","full","323e44fab93d856071e001c2f3cad1defc1722c2ffd42fce902033d3760788a4"
21,"Pterapogon_kauderni",1,"record_equal","N_train/(S_train*R_species); total_weight=N_train","total_weight_equals_record_count","XLSX_R0022","joint_bb","M3","record_equal","full","full","323e44fab93d856071e001c2f3cad1defc1722c2ffd42fce902033d3760788a4"
22,"Pterapogon_kauderni",1,"record_equal","N_train/(S_train*R_species); total_weight=N_train","total_weight_equals_record_count","XLSX_R0023","joint_bb","M3","record_equal","full","full","323e44fab93d856071e001c2f3cad1defc1722c2ffd42fce902033d3760788a4"
23,"Oxyeleotris_marmorata",1,"record_equal","N_train/(S_train*R_species); total_weight=N_train","total_weight_equals_record_count","XLSX_R0024","joint_bb","M3","record_equal","full","full","323e44fab93d856071e001c2f3cad1defc1722c2ffd42fce902033d3760788a4"
24,"Oxyeleotris_marmorata",1,"record_equal","N_train/(S_train*R_species); total_weight=N_train","total_weight_equals_record_count","XLSX_R0025","joint_bb","M3","record_equal","full","full","323e44fab93d856071e001c2f3cad1defc1722c2ffd42fce902033d3760788a4"
25,"Anabas_testudineus",1,"record_equal","N_train/(S_train*R_species); total_weight=N_train","total_weight_equals_record_count","XLSX_R0026","joint_bb","M3","record_equal","full","full","323e44fab93d856071e001c2f3cad1defc1722c2ffd42fce902033d3760788a4"
26,"Channa_argus",1,"record_equal","N_train/(S_train*R_species); total_weight=N_train","total_weight_equals_record_count","XLSX_R0027","joint_bb","M3","record_equal","full","full","323e44fab93d856071e001c2f3cad1defc1722c2ffd42fce902033d3760788a4"
27,"Trichopodus_trichopterus",1,"record_equal","N_train/(S_train*R_species); total_weight=N_train","total_weight_equals_record_count","XLSX_R0028","joint_bb","M3","record_equal","full","full","323e44fab93d856071e001c2f3cad1defc1722c2ffd42fce902033d3760788a4"
28,"Eleutheronema_tetradactylum",1,"record_equal","N_train/(S_train*R_species); total_weight=N_train","total_weight_equals_record_count","XLSX_R0029","joint_bb","M3","record_equal","full","full","323e44fab93d856071e001c2f3cad1defc1722c2ffd42fce902033d3760788a4"
29,"Lates_calcarifer",1,"record_equal","N_train/(S_train*R_species); total_weight=N_train","total_weight_equals_record_count","XLSX_R0030","joint_bb","M3","record_equal","full","full","323e44fab93d856071e001c2f3cad1defc1722c2ffd42fce902033d3760788a4"
30,"Lates_calcarifer",1,"record_equal","N_train/(S_train*R_species); total_weight=N_train","total_weight_equals_record_count","XLSX_R0031","joint_bb","M3","record_equal","full","full","323e44fab93d856071e001c2f3cad1defc1722c2ffd42fce902033d3760788a4"
31,"Lates_calcarifer",1,"record_equal","N_train/(S_train*R_species); total_weight=N_train","total_weight_equals_record_count","XLSX_R0032","joint_bb","M3","record_equal","full","full","323e44fab93d856071e001c2f3cad1defc1722c2ffd42fce902033d3760788a4"
32,"Lates_calcarifer",1,"record_equal","N_train/(S_train*R_species); total_weight=N_train","total_weight_equals_record_count","XLSX_R0033","joint_bb","M3","record_equal","full","full","323e44fab93d856071e001c2f3cad1defc1722c2ffd42fce902033d3760788a4"
33,"Seriola_dumerili",1,"record_equal","N_train/(S_train*R_species); total_weight=N_train","total_weight_equals_record_count","XLSX_R0034","joint_bb","M3","record_equal","full","full","323e44fab93d856071e001c2f3cad1defc1722c2ffd42fce902033d3760788a4"
34,"Seriola_dumerili",1,"record_equal","N_train/(S_train*R_species); total_weight=N_train","total_weight_equals_record_count","XLSX_R0035","joint_bb","M3","record_equal","full","full","323e44fab93d856071e001c2f3cad1defc1722c2ffd42fce902033d3760788a4"
35,"Paralichthys_olivaceus",1,"record_equal","N_train/(S_train*R_species); total_weight=N_train","total_weight_equals_record_count","XLSX_R0036","joint_bb","M3","record_equal","full","full","323e44fab93d856071e001c2f3cad1defc1722c2ffd42fce902033d3760788a4"
36,"Paralichthys_olivaceus",1,"record_equal","N_train/(S_train*R_species); total_weight=N_train","total_weight_equals_record_count","XLSX_R0037","joint_bb","M3","record_equal","full","full","323e44fab93d856071e001c2f3cad1defc1722c2ffd42fce902033d3760788a4"
37,"Platichthys_stellatus",1,"record_equal","N_train/(S_train*R_species); total_weight=N_train","total_weight_equals_record_count","XLSX_R0038","joint_bb","M3","record_equal","full","full","323e44fab93d856071e001c2f3cad1defc1722c2ffd42fce902033d3760788a4"
38,"Scophthalmus_maximus",1,"record_equal","N_train/(S_train*R_species); total_weight=N_train","total_weight_equals_record_count","XLSX_R0039","joint_bb","M3","record_equal","full","full","323e44fab93d856071e001c2f3cad1defc1722c2ffd42fce902033d3760788a4"
39,"Astronotus_ocellatus",1,"record_equal","N_train/(S_train*R_species); total_weight=N_train","total_weight_equals_record_count","XLSX_R0040","joint_bb","M3","record_equal","full","full","323e44fab93d856071e001c2f3cad1defc1722c2ffd42fce902033d3760788a4"
40,"Astronotus_ocellatus",1,"record_equal","N_train/(S_train*R_species); total_weight=N_train","total_weight_equals_record_count","XLSX_R0041","joint_bb","M3","record_equal","full","full","323e44fab93d856071e001c2f3cad1defc1722c2ffd42fce902033d3760788a4"
41,"Oreochromis_niloticus",1,"record_equal","N_train/(S_train*R_species); total_weight=N_train","total_weight_equals_record_count","XLSX_R0042","joint_bb","M3","record_equal","full","full","323e44fab93d856071e001c2f3cad1defc1722c2ffd42fce902033d3760788a4"
42,"Oreochromis_niloticus",1,"record_equal","N_train/(S_train*R_species); total_weight=N_train","total_weight_equals_record_count","XLSX_R0043","joint_bb","M3","record_equal","full","full","323e44fab93d856071e001c2f3cad1defc1722c2ffd42fce902033d3760788a4"
43,"Oreochromis_niloticus",1,"record_equal","N_train/(S_train*R_species); total_weight=N_train","total_weight_equals_record_count","XLSX_R0044","joint_bb","M3","record_equal","full","full","323e44fab93d856071e001c2f3cad1defc1722c2ffd42fce902033d3760788a4"
44,"Pterophyllum_scalare",1,"record_equal","N_train/(S_train*R_species); total_weight=N_train","total_weight_equals_record_count","XLSX_R0045","joint_bb","M3","record_equal","full","full","323e44fab93d856071e001c2f3cad1defc1722c2ffd42fce902033d3760788a4"
45,"Poecilia_latipinna",1,"record_equal","N_train/(S_train*R_species); total_weight=N_train","total_weight_equals_record_count","XLSX_R0046","joint_bb","M3","record_equal","full","full","323e44fab93d856071e001c2f3cad1defc1722c2ffd42fce902033d3760788a4"
46,"Poecilia_reticulata",1,"record_equal","N_train/(S_train*R_species); total_weight=N_train","total_weight_equals_record_count","XLSX_R0047","joint_bb","M3","record_equal","full","full","323e44fab93d856071e001c2f3cad1defc1722c2ffd42fce902033d3760788a4"
47,"Poecilia_reticulata",1,"record_equal","N_train/(S_train*R_species); total_weight=N_train","total_weight_equals_record_count","XLSX_R0048","joint_bb","M3","record_equal","full","full","323e44fab93d856071e001c2f3cad1defc1722c2ffd42fce902033d3760788a4"
48,"Poecilia_reticulata",1,"record_equal","N_train/(S_train*R_species); total_weight=N_train","total_weight_equals_record_count","XLSX_R0049","joint_bb","M3","record_equal","full","full","323e44fab93d856071e001c2f3cad1defc1722c2ffd42fce902033d3760788a4"
49,"Poropanchax_normani",1,"record_equal","N_train/(S_train*R_species); total_weight=N_train","total_weight_equals_record_count","XLSX_R0050","joint_bb","M3","record_equal","full","full","323e44fab93d856071e001c2f3cad1defc1722c2ffd42fce902033d3760788a4"
50,"Poropanchax_normani",1,"record_equal","N_train/(S_train*R_species); total_weight=N_train","total_weight_equals_record_count","XLSX_R0051","joint_bb","M3","record_equal","full","full","323e44fab93d856071e001c2f3cad1defc1722c2ffd42fce902033d3760788a4"
51,"Xiphophorus_hellerii",1,"record_equal","N_train/(S_train*R_species); total_weight=N_train","total_weight_equals_record_count","XLSX_R0052","joint_bb","M3","record_equal","full","full","323e44fab93d856071e001c2f3cad1defc1722c2ffd42fce902033d3760788a4"
52,"Xiphophorus_hellerii",1,"record_equal","N_train/(S_train*R_species); total_weight=N_train","total_weight_equals_record_count","XLSX_R0053","joint_bb","M3","record_equal","full","full","323e44fab93d856071e001c2f3cad1defc1722c2ffd42fce902033d3760788a4"
53,"Xiphophorus_hellerii",1,"record_equal","N_train/(S_train*R_species); total_weight=N_train","total_weight_equals_record_count","XLSX_R0054","joint_bb","M3","record_equal","full","full","323e44fab93d856071e001c2f3cad1defc1722c2ffd42fce902033d3760788a4"
54,"Xiphophorus_hellerii",1,"record_equal","N_train/(S_train*R_species); total_weight=N_train","total_weight_equals_record_count","XLSX_R0055","joint_bb","M3","record_equal","full","full","323e44fab93d856071e001c2f3cad1defc1722c2ffd42fce902033d3760788a4"
55,"Xiphophorus_maculatus",1,"record_equal","N_train/(S_train*R_species); total_weight=N_train","total_weight_equals_record_count","XLSX_R0056","joint_bb","M3","record_equal","full","full","323e44fab93d856071e001c2f3cad1defc1722c2ffd42fce902033d3760788a4"
56,"Mugil_cephalus",1,"record_equal","N_train/(S_train*R_species); total_weight=N_train","total_weight_equals_record_count","XLSX_R0057","joint_bb","M3","record_equal","full","full","323e44fab93d856071e001c2f3cad1defc1722c2ffd42fce902033d3760788a4"
57,"Mugil_cephalus",1,"record_equal","N_train/(S_train*R_species); total_weight=N_train","total_weight_equals_record_count","XLSX_R0058","joint_bb","M3","record_equal","full","full","323e44fab93d856071e001c2f3cad1defc1722c2ffd42fce902033d3760788a4"
58,"Larimichthys_crocea",1,"record_equal","N_train/(S_train*R_species); total_weight=N_train","total_weight_equals_record_count","XLSX_R0059","joint_bb","M3","record_equal","full","full","323e44fab93d856071e001c2f3cad1defc1722c2ffd42fce902033d3760788a4"
59,"Larimichthys_crocea",1,"record_equal","N_train/(S_train*R_species); total_weight=N_train","total_weight_equals_record_count","XLSX_R0060","joint_bb","M3","record_equal","full","full","323e44fab93d856071e001c2f3cad1defc1722c2ffd42fce902033d3760788a4"
60,"Sciaenops_ocellatus",1,"record_equal","N_train/(S_train*R_species); total_weight=N_train","total_weight_equals_record_count","XLSX_R0061","joint_bb","M3","record_equal","full","full","323e44fab93d856071e001c2f3cad1defc1722c2ffd42fce902033d3760788a4"
61,"Platax_orbicularis",1,"record_equal","N_train/(S_train*R_species); total_weight=N_train","total_weight_equals_record_count","XLSX_R0062","joint_bb","M3","record_equal","full","full","323e44fab93d856071e001c2f3cad1defc1722c2ffd42fce902033d3760788a4"
62,"Lutjanus_erythropterus",1,"record_equal","N_train/(S_train*R_species); total_weight=N_train","total_weight_equals_record_count","XLSX_R0063","joint_bb","M3","record_equal","full","full","323e44fab93d856071e001c2f3cad1defc1722c2ffd42fce902033d3760788a4"
63,"Acanthopagrus_schlegelii",1,"record_equal","N_train/(S_train*R_species); total_weight=N_train","total_weight_equals_record_count","XLSX_R0064","joint_bb","M3","record_equal","full","full","323e44fab93d856071e001c2f3cad1defc1722c2ffd42fce902033d3760788a4"
64,"Acanthopagrus_schlegelii",1,"record_equal","N_train/(S_train*R_species); total_weight=N_train","total_weight_equals_record_count","XLSX_R0065","joint_bb","M3","record_equal","full","full","323e44fab93d856071e001c2f3cad1defc1722c2ffd42fce902033d3760788a4"
65,"Acanthopagrus_schlegelii",1,"record_equal","N_train/(S_train*R_species); total_weight=N_train","total_weight_equals_record_count","XLSX_R0066","joint_bb","M3","record_equal","full","full","323e44fab93d856071e001c2f3cad1defc1722c2ffd42fce902033d3760788a4"
66,"Acanthopagrus_schlegelii",1,"record_equal","N_train/(S_train*R_species); total_weight=N_train","total_weight_equals_record_count","XLSX_R0067","joint_bb","M3","record_equal","full","full","323e44fab93d856071e001c2f3cad1defc1722c2ffd42fce902033d3760788a4"
67,"Lethrinus_nebulosus",1,"record_equal","N_train/(S_train*R_species); total_weight=N_train","total_weight_equals_record_count","XLSX_R0068","joint_bb","M3","record_equal","full","full","323e44fab93d856071e001c2f3cad1defc1722c2ffd42fce902033d3760788a4"
68,"Lethrinus_nebulosus",1,"record_equal","N_train/(S_train*R_species); total_weight=N_train","total_weight_equals_record_count","XLSX_R0069","joint_bb","M3","record_equal","full","full","323e44fab93d856071e001c2f3cad1defc1722c2ffd42fce902033d3760788a4"
69,"Pagrus_major",1,"record_equal","N_train/(S_train*R_species); total_weight=N_train","total_weight_equals_record_count","XLSX_R0070","joint_bb","M3","record_equal","full","full","323e44fab93d856071e001c2f3cad1defc1722c2ffd42fce902033d3760788a4"
70,"Pagrus_major",1,"record_equal","N_train/(S_train*R_species); total_weight=N_train","total_weight_equals_record_count","XLSX_R0071","joint_bb","M3","record_equal","full","full","323e44fab93d856071e001c2f3cad1defc1722c2ffd42fce902033d3760788a4"
71,"Pagrus_major",1,"record_equal","N_train/(S_train*R_species); total_weight=N_train","total_weight_equals_record_count","XLSX_R0072","joint_bb","M3","record_equal","full","full","323e44fab93d856071e001c2f3cad1defc1722c2ffd42fce902033d3760788a4"
72,"Pagrus_major",1,"record_equal","N_train/(S_train*R_species); total_weight=N_train","total_weight_equals_record_count","XLSX_R0073","joint_bb","M3","record_equal","full","full","323e44fab93d856071e001c2f3cad1defc1722c2ffd42fce902033d3760788a4"
73,"Pagrus_major",1,"record_equal","N_train/(S_train*R_species); total_weight=N_train","total_weight_equals_record_count","XLSX_R0074","joint_bb","M3","record_equal","full","full","323e44fab93d856071e001c2f3cad1defc1722c2ffd42fce902033d3760788a4"
74,"Pagrus_major",1,"record_equal","N_train/(S_train*R_species); total_weight=N_train","total_weight_equals_record_count","XLSX_R0075","joint_bb","M3","record_equal","full","full","323e44fab93d856071e001c2f3cad1defc1722c2ffd42fce902033d3760788a4"
75,"Pagrus_major",1,"record_equal","N_train/(S_train*R_species); total_weight=N_train","total_weight_equals_record_count","XLSX_R0076","joint_bb","M3","record_equal","full","full","323e44fab93d856071e001c2f3cad1defc1722c2ffd42fce902033d3760788a4"
76,"Pagrus_major",1,"record_equal","N_train/(S_train*R_species); total_weight=N_train","total_weight_equals_record_count","XLSX_R0077","joint_bb","M3","record_equal","full","full","323e44fab93d856071e001c2f3cad1defc1722c2ffd42fce902033d3760788a4"
77,"Pagrus_major",1,"record_equal","N_train/(S_train*R_species); total_weight=N_train","total_weight_equals_record_count","XLSX_R0078","joint_bb","M3","record_equal","full","full","323e44fab93d856071e001c2f3cad1defc1722c2ffd42fce902033d3760788a4"
78,"Rhabdosargus_sarba",1,"record_equal","N_train/(S_train*R_species); total_weight=N_train","total_weight_equals_record_count","XLSX_R0079","joint_bb","M3","record_equal","full","full","323e44fab93d856071e001c2f3cad1defc1722c2ffd42fce902033d3760788a4"
79,"Lateolabrax_japonicus",1,"record_equal","N_train/(S_train*R_species); total_weight=N_train","total_weight_equals_record_count","XLSX_R0080","joint_bb","M3","record_equal","full","full","323e44fab93d856071e001c2f3cad1defc1722c2ffd42fce902033d3760788a4"
80,"Lateolabrax_japonicus",1,"record_equal","N_train/(S_train*R_species); total_weight=N_train","total_weight_equals_record_count","XLSX_R0081","joint_bb","M3","record_equal","full","full","323e44fab93d856071e001c2f3cad1defc1722c2ffd42fce902033d3760788a4"
81,"Lateolabrax_japonicus",1,"record_equal","N_train/(S_train*R_species); total_weight=N_train","total_weight_equals_record_count","XLSX_R0082","joint_bb","M3","record_equal","full","full","323e44fab93d856071e001c2f3cad1defc1722c2ffd42fce902033d3760788a4"
82,"Lateolabrax_japonicus",1,"record_equal","N_train/(S_train*R_species); total_weight=N_train","total_weight_equals_record_count","XLSX_R0083","joint_bb","M3","record_equal","full","full","323e44fab93d856071e001c2f3cad1defc1722c2ffd42fce902033d3760788a4"
83,"Lateolabrax_maculatus",1,"record_equal","N_train/(S_train*R_species); total_weight=N_train","total_weight_equals_record_count","XLSX_R0084","joint_bb","M3","record_equal","full","full","323e44fab93d856071e001c2f3cad1defc1722c2ffd42fce902033d3760788a4"
84,"Maccullochella_peelii",1,"record_equal","N_train/(S_train*R_species); total_weight=N_train","total_weight_equals_record_count","XLSX_R0085","joint_bb","M3","record_equal","full","full","323e44fab93d856071e001c2f3cad1defc1722c2ffd42fce902033d3760788a4"
85,"Maccullochella_peelii",1,"record_equal","N_train/(S_train*R_species); total_weight=N_train","total_weight_equals_record_count","XLSX_R0086","joint_bb","M3","record_equal","full","full","323e44fab93d856071e001c2f3cad1defc1722c2ffd42fce902033d3760788a4"
86,"Maccullochella_peelii",1,"record_equal","N_train/(S_train*R_species); total_weight=N_train","total_weight_equals_record_count","XLSX_R0087","joint_bb","M3","record_equal","full","full","323e44fab93d856071e001c2f3cad1defc1722c2ffd42fce902033d3760788a4"
87,"Maccullochella_peelii",1,"record_equal","N_train/(S_train*R_species); total_weight=N_train","total_weight_equals_record_count","XLSX_R0088","joint_bb","M3","record_equal","full","full","323e44fab93d856071e001c2f3cad1defc1722c2ffd42fce902033d3760788a4"
88,"Maccullochella_peelii",1,"record_equal","N_train/(S_train*R_species); total_weight=N_train","total_weight_equals_record_count","XLSX_R0089","joint_bb","M3","record_equal","full","full","323e44fab93d856071e001c2f3cad1defc1722c2ffd42fce902033d3760788a4"
89,"Maccullochella_peelii",1,"record_equal","N_train/(S_train*R_species); total_weight=N_train","total_weight_equals_record_count","XLSX_R0090","joint_bb","M3","record_equal","full","full","323e44fab93d856071e001c2f3cad1defc1722c2ffd42fce902033d3760788a4"
90,"Maccullochella_peelii",1,"record_equal","N_train/(S_train*R_species); total_weight=N_train","total_weight_equals_record_count","XLSX_R0091","joint_bb","M3","record_equal","full","full","323e44fab93d856071e001c2f3cad1defc1722c2ffd42fce902033d3760788a4"
91,"Maccullochella_peelii",1,"record_equal","N_train/(S_train*R_species); total_weight=N_train","total_weight_equals_record_count","XLSX_R0092","joint_bb","M3","record_equal","full","full","323e44fab93d856071e001c2f3cad1defc1722c2ffd42fce902033d3760788a4"
92,"Micropterus_salmoides",1,"record_equal","N_train/(S_train*R_species); total_weight=N_train","total_weight_equals_record_count","XLSX_R0093","joint_bb","M3","record_equal","full","full","323e44fab93d856071e001c2f3cad1defc1722c2ffd42fce902033d3760788a4"
93,"Micropterus_salmoides",1,"record_equal","N_train/(S_train*R_species); total_weight=N_train","total_weight_equals_record_count","XLSX_R0094","joint_bb","M3","record_equal","full","full","323e44fab93d856071e001c2f3cad1defc1722c2ffd42fce902033d3760788a4"
94,"Micropterus_salmoides",1,"record_equal","N_train/(S_train*R_species); total_weight=N_train","total_weight_equals_record_count","XLSX_R0095","joint_bb","M3","record_equal","full","full","323e44fab93d856071e001c2f3cad1defc1722c2ffd42fce902033d3760788a4"
95,"Oplegnathus_fasciatus",1,"record_equal","N_train/(S_train*R_species); total_weight=N_train","total_weight_equals_record_count","XLSX_R0096","joint_bb","M3","record_equal","full","full","323e44fab93d856071e001c2f3cad1defc1722c2ffd42fce902033d3760788a4"
96,"Oplegnathus_fasciatus",1,"record_equal","N_train/(S_train*R_species); total_weight=N_train","total_weight_equals_record_count","XLSX_R0097","joint_bb","M3","record_equal","full","full","323e44fab93d856071e001c2f3cad1defc1722c2ffd42fce902033d3760788a4"
97,"Oplegnathus_fasciatus",1,"record_equal","N_train/(S_train*R_species); total_weight=N_train","total_weight_equals_record_count","XLSX_R0098","joint_bb","M3","record_equal","full","full","323e44fab93d856071e001c2f3cad1defc1722c2ffd42fce902033d3760788a4"
98,"Oplegnathus_fasciatus",1,"record_equal","N_train/(S_train*R_species); total_weight=N_train","total_weight_equals_record_count","XLSX_R0099","joint_bb","M3","record_equal","full","full","323e44fab93d856071e001c2f3cad1defc1722c2ffd42fce902033d3760788a4"
99,"Oplegnathus_fasciatus",1,"record_equal","N_train/(S_train*R_species); total_weight=N_train","total_weight_equals_record_count","XLSX_R0100","joint_bb","M3","record_equal","full","full","323e44fab93d856071e001c2f3cad1defc1722c2ffd42fce902033d3760788a4"
100,"Oplegnathus_fasciatus",1,"record_equal","N_train/(S_train*R_species); total_weight=N_train","total_weight_equals_record_count","XLSX_R0101","joint_bb","M3","record_equal","full","full","323e44fab93d856071e001c2f3cad1defc1722c2ffd42fce902033d3760788a4"
101,"Oplegnathus_fasciatus",1,"record_equal","N_train/(S_train*R_species); total_weight=N_train","total_weight_equals_record_count","XLSX_R0102","joint_bb","M3","record_equal","full","full","323e44fab93d856071e001c2f3cad1defc1722c2ffd42fce902033d3760788a4"
102,"Oplegnathus_fasciatus",1,"record_equal","N_train/(S_train*R_species); total_weight=N_train","total_weight_equals_record_count","XLSX_R0103","joint_bb","M3","record_equal","full","full","323e44fab93d856071e001c2f3cad1defc1722c2ffd42fce902033d3760788a4"
103,"Oplegnathus_fasciatus",1,"record_equal","N_train/(S_train*R_species); total_weight=N_train","total_weight_equals_record_count","XLSX_R0104","joint_bb","M3","record_equal","full","full","323e44fab93d856071e001c2f3cad1defc1722c2ffd42fce902033d3760788a4"
104,"Oplegnathus_fasciatus",1,"record_equal","N_train/(S_train*R_species); total_weight=N_train","total_weight_equals_record_count","XLSX_R0105","joint_bb","M3","record_equal","full","full","323e44fab93d856071e001c2f3cad1defc1722c2ffd42fce902033d3760788a4"
105,"Oplegnathus_fasciatus",1,"record_equal","N_train/(S_train*R_species); total_weight=N_train","total_weight_equals_record_count","XLSX_R0106","joint_bb","M3","record_equal","full","full","323e44fab93d856071e001c2f3cad1defc1722c2ffd42fce902033d3760788a4"
106,"Oplegnathus_fasciatus",1,"record_equal","N_train/(S_train*R_species); total_weight=N_train","total_weight_equals_record_count","XLSX_R0107","joint_bb","M3","record_equal","full","full","323e44fab93d856071e001c2f3cad1defc1722c2ffd42fce902033d3760788a4"
107,"Oplegnathus_fasciatus",1,"record_equal","N_train/(S_train*R_species); total_weight=N_train","total_weight_equals_record_count","XLSX_R0108","joint_bb","M3","record_equal","full","full","323e44fab93d856071e001c2f3cad1defc1722c2ffd42fce902033d3760788a4"
108,"Oplegnathus_fasciatus",1,"record_equal","N_train/(S_train*R_species); total_weight=N_train","total_weight_equals_record_count","XLSX_R0109","joint_bb","M3","record_equal","full","full","323e44fab93d856071e001c2f3cad1defc1722c2ffd42fce902033d3760788a4"
109,"Oplegnathus_fasciatus",1,"record_equal","N_train/(S_train*R_species); total_weight=N_train","total_weight_equals_record_count","XLSX_R0110","joint_bb","M3","record_equal","full","full","323e44fab93d856071e001c2f3cad1defc1722c2ffd42fce902033d3760788a4"
110,"Oplegnathus_fasciatus",1,"record_equal","N_train/(S_train*R_species); total_weight=N_train","total_weight_equals_record_count","XLSX_R0111","joint_bb","M3","record_equal","full","full","323e44fab93d856071e001c2f3cad1defc1722c2ffd42fce902033d3760788a4"
111,"Oplegnathus_fasciatus",1,"record_equal","N_train/(S_train*R_species); total_weight=N_train","total_weight_equals_record_count","XLSX_R0112","joint_bb","M3","record_equal","full","full","323e44fab93d856071e001c2f3cad1defc1722c2ffd42fce902033d3760788a4"
112,"Oplegnathus_fasciatus",1,"record_equal","N_train/(S_train*R_species); total_weight=N_train","total_weight_equals_record_count","XLSX_R0113","joint_bb","M3","record_equal","full","full","323e44fab93d856071e001c2f3cad1defc1722c2ffd42fce902033d3760788a4"
113,"Oplegnathus_fasciatus",1,"record_equal","N_train/(S_train*R_species); total_weight=N_train","total_weight_equals_record_count","XLSX_R0114","joint_bb","M3","record_equal","full","full","323e44fab93d856071e001c2f3cad1defc1722c2ffd42fce902033d3760788a4"
114,"Oplegnathus_fasciatus",1,"record_equal","N_train/(S_train*R_species); total_weight=N_train","total_weight_equals_record_count","XLSX_R0115","joint_bb","M3","record_equal","full","full","323e44fab93d856071e001c2f3cad1defc1722c2ffd42fce902033d3760788a4"
115,"Oplegnathus_fasciatus",1,"record_equal","N_train/(S_train*R_species); total_weight=N_train","total_weight_equals_record_count","XLSX_R0116","joint_bb","M3","record_equal","full","full","323e44fab93d856071e001c2f3cad1defc1722c2ffd42fce902033d3760788a4"
116,"Oplegnathus_fasciatus",1,"record_equal","N_train/(S_train*R_species); total_weight=N_train","total_weight_equals_record_count","XLSX_R0117","joint_bb","M3","record_equal","full","full","323e44fab93d856071e001c2f3cad1defc1722c2ffd42fce902033d3760788a4"
117,"Oplegnathus_fasciatus",1,"record_equal","N_train/(S_train*R_species); total_weight=N_train","total_weight_equals_record_count","XLSX_R0118","joint_bb","M3","record_equal","full","full","323e44fab93d856071e001c2f3cad1defc1722c2ffd42fce902033d3760788a4"
118,"Oplegnathus_punctatus",1,"record_equal","N_train/(S_train*R_species); total_weight=N_train","total_weight_equals_record_count","XLSX_R0119","joint_bb","M3","record_equal","full","full","323e44fab93d856071e001c2f3cad1defc1722c2ffd42fce902033d3760788a4"
119,"Siniperca_chuatsi",1,"record_equal","N_train/(S_train*R_species); total_weight=N_train","total_weight_equals_record_count","XLSX_R0120","joint_bb","M3","record_equal","full","full","323e44fab93d856071e001c2f3cad1defc1722c2ffd42fce902033d3760788a4"
120,"Siniperca_chuatsi",1,"record_equal","N_train/(S_train*R_species); total_weight=N_train","total_weight_equals_record_count","XLSX_R0121","joint_bb","M3","record_equal","full","full","323e44fab93d856071e001c2f3cad1defc1722c2ffd42fce902033d3760788a4"
121,"Siniperca_chuatsi",1,"record_equal","N_train/(S_train*R_species); total_weight=N_train","total_weight_equals_record_count","XLSX_R0122","joint_bb","M3","record_equal","full","full","323e44fab93d856071e001c2f3cad1defc1722c2ffd42fce902033d3760788a4"
122,"Siniperca_chuatsi",1,"record_equal","N_train/(S_train*R_species); total_weight=N_train","total_weight_equals_record_count","XLSX_R0123","joint_bb","M3","record_equal","full","full","323e44fab93d856071e001c2f3cad1defc1722c2ffd42fce902033d3760788a4"
123,"Siniperca_chuatsi",1,"record_equal","N_train/(S_train*R_species); total_weight=N_train","total_weight_equals_record_count","XLSX_R0124","joint_bb","M3","record_equal","full","full","323e44fab93d856071e001c2f3cad1defc1722c2ffd42fce902033d3760788a4"
124,"Siniperca_chuatsi",1,"record_equal","N_train/(S_train*R_species); total_weight=N_train","total_weight_equals_record_count","XLSX_R0125","joint_bb","M3","record_equal","full","full","323e44fab93d856071e001c2f3cad1defc1722c2ffd42fce902033d3760788a4"
125,"Siniperca_chuatsi",1,"record_equal","N_train/(S_train*R_species); total_weight=N_train","total_weight_equals_record_count","XLSX_R0126","joint_bb","M3","record_equal","full","full","323e44fab93d856071e001c2f3cad1defc1722c2ffd42fce902033d3760788a4"
126,"Siniperca_chuatsi",1,"record_equal","N_train/(S_train*R_species); total_weight=N_train","total_weight_equals_record_count","XLSX_R0127","joint_bb","M3","record_equal","full","full","323e44fab93d856071e001c2f3cad1defc1722c2ffd42fce902033d3760788a4"
127,"Siniperca_chuatsi",1,"record_equal","N_train/(S_train*R_species); total_weight=N_train","total_weight_equals_record_count","XLSX_R0128","joint_bb","M3","record_equal","full","full","323e44fab93d856071e001c2f3cad1defc1722c2ffd42fce902033d3760788a4"
128,"Siniperca_chuatsi",1,"record_equal","N_train/(S_train*R_species); total_weight=N_train","total_weight_equals_record_count","XLSX_R0129","joint_bb","M3","record_equal","full","full","323e44fab93d856071e001c2f3cad1defc1722c2ffd42fce902033d3760788a4"
129,"Siniperca_chuatsi",1,"record_equal","N_train/(S_train*R_species); total_weight=N_train","total_weight_equals_record_count","XLSX_R0130","joint_bb","M3","record_equal","full","full","323e44fab93d856071e001c2f3cad1defc1722c2ffd42fce902033d3760788a4"
130,"Siniperca_scherzeri",1,"record_equal","N_train/(S_train*R_species); total_weight=N_train","total_weight_equals_record_count","XLSX_R0131","joint_bb","M3","record_equal","full","full","323e44fab93d856071e001c2f3cad1defc1722c2ffd42fce902033d3760788a4"
131,"Siniperca_scherzeri",1,"record_equal","N_train/(S_train*R_species); total_weight=N_train","total_weight_equals_record_count","XLSX_R0132","joint_bb","M3","record_equal","full","full","323e44fab93d856071e001c2f3cad1defc1722c2ffd42fce902033d3760788a4"
132,"Siniperca_scherzeri",1,"record_equal","N_train/(S_train*R_species); total_weight=N_train","total_weight_equals_record_count","XLSX_R0133","joint_bb","M3","record_equal","full","full","323e44fab93d856071e001c2f3cad1defc1722c2ffd42fce902033d3760788a4"
133,"Siniperca_scherzeri",1,"record_equal","N_train/(S_train*R_species); total_weight=N_train","total_weight_equals_record_count","XLSX_R0134","joint_bb","M3","record_equal","full","full","323e44fab93d856071e001c2f3cad1defc1722c2ffd42fce902033d3760788a4"
134,"Cromileptes_altivelis",1,"record_equal","N_train/(S_train*R_species); total_weight=N_train","total_weight_equals_record_count","XLSX_R0135","joint_bb","M3","record_equal","full","full","323e44fab93d856071e001c2f3cad1defc1722c2ffd42fce902033d3760788a4"
135,"Cromileptes_altivelis",1,"record_equal","N_train/(S_train*R_species); total_weight=N_train","total_weight_equals_record_count","XLSX_R0136","joint_bb","M3","record_equal","full","full","323e44fab93d856071e001c2f3cad1defc1722c2ffd42fce902033d3760788a4"
136,"Cromileptes_altivelis",1,"record_equal","N_train/(S_train*R_species); total_weight=N_train","total_weight_equals_record_count","XLSX_R0137","joint_bb","M3","record_equal","full","full","323e44fab93d856071e001c2f3cad1defc1722c2ffd42fce902033d3760788a4"
137,"Cromileptes_altivelis",1,"record_equal","N_train/(S_train*R_species); total_weight=N_train","total_weight_equals_record_count","XLSX_R0138","joint_bb","M3","record_equal","full","full","323e44fab93d856071e001c2f3cad1defc1722c2ffd42fce902033d3760788a4"
138,"Cromileptes_altivelis",1,"record_equal","N_train/(S_train*R_species); total_weight=N_train","total_weight_equals_record_count","XLSX_R0139","joint_bb","M3","record_equal","full","full","323e44fab93d856071e001c2f3cad1defc1722c2ffd42fce902033d3760788a4"
139,"Cromileptes_altivelis",1,"record_equal","N_train/(S_train*R_species); total_weight=N_train","total_weight_equals_record_count","XLSX_R0140","joint_bb","M3","record_equal","full","full","323e44fab93d856071e001c2f3cad1defc1722c2ffd42fce902033d3760788a4"
140,"Epinephelus_bruneus",1,"record_equal","N_train/(S_train*R_species); total_weight=N_train","total_weight_equals_record_count","XLSX_R0141","joint_bb","M3","record_equal","full","full","323e44fab93d856071e001c2f3cad1defc1722c2ffd42fce902033d3760788a4"
141,"Epinephelus_bruneus",1,"record_equal","N_train/(S_train*R_species); total_weight=N_train","total_weight_equals_record_count","XLSX_R0142","joint_bb","M3","record_equal","full","full","323e44fab93d856071e001c2f3cad1defc1722c2ffd42fce902033d3760788a4"
142,"Epinephelus_bruneus",1,"record_equal","N_train/(S_train*R_species); total_weight=N_train","total_weight_equals_record_count","XLSX_R0143","joint_bb","M3","record_equal","full","full","323e44fab93d856071e001c2f3cad1defc1722c2ffd42fce902033d3760788a4"
143,"Epinephelus_coioides",1,"record_equal","N_train/(S_train*R_species); total_weight=N_train","total_weight_equals_record_count","XLSX_R0144","joint_bb","M3","record_equal","full","full","323e44fab93d856071e001c2f3cad1defc1722c2ffd42fce902033d3760788a4"
144,"Epinephelus_coioides",1,"record_equal","N_train/(S_train*R_species); total_weight=N_train","total_weight_equals_record_count","XLSX_R0145","joint_bb","M3","record_equal","full","full","323e44fab93d856071e001c2f3cad1defc1722c2ffd42fce902033d3760788a4"
145,"Epinephelus_fuscoguttatus",1,"record_equal","N_train/(S_train*R_species); total_weight=N_train","total_weight_equals_record_count","XLSX_R0146","joint_bb","M3","record_equal","full","full","323e44fab93d856071e001c2f3cad1defc1722c2ffd42fce902033d3760788a4"
146,"Epinephelus_fuscoguttatus",1,"record_equal","N_train/(S_train*R_species); total_weight=N_train","total_weight_equals_record_count","XLSX_R0147","joint_bb","M3","record_equal","full","full","323e44fab93d856071e001c2f3cad1defc1722c2ffd42fce902033d3760788a4"
147,"Epinephelus_lanceolatus",1,"record_equal","N_train/(S_train*R_species); total_weight=N_train","total_weight_equals_record_count","XLSX_R0148","joint_bb","M3","record_equal","full","full","323e44fab93d856071e001c2f3cad1defc1722c2ffd42fce902033d3760788a4"
148,"Epinephelus_lanceolatus",1,"record_equal","N_train/(S_train*R_species); total_weight=N_train","total_weight_equals_record_count","XLSX_R0149","joint_bb","M3","record_equal","full","full","323e44fab93d856071e001c2f3cad1defc1722c2ffd42fce902033d3760788a4"
149,"Epinephelus_malabaricus",1,"record_equal","N_train/(S_train*R_species); total_weight=N_train","total_weight_equals_record_count","XLSX_R0150","joint_bb","M3","record_equal","full","full","323e44fab93d856071e001c2f3cad1defc1722c2ffd42fce902033d3760788a4"
150,"Epinephelus_malabaricus",1,"record_equal","N_train/(S_train*R_species); total_weight=N_train","total_weight_equals_record_count","XLSX_R0151","joint_bb","M3","record_equal","full","full","323e44fab93d856071e001c2f3cad1defc1722c2ffd42fce902033d3760788a4"
151,"Epinephelus_malabaricus",1,"record_equal","N_train/(S_train*R_species); total_weight=N_train","total_weight_equals_record_count","XLSX_R0152","joint_bb","M3","record_equal","full","full","323e44fab93d856071e001c2f3cad1defc1722c2ffd42fce902033d3760788a4"
152,"Plectropomus_leopardus",1,"record_equal","N_train/(S_train*R_species); total_weight=N_train","total_weight_equals_record_count","XLSX_R0153","joint_bb","M3","record_equal","full","full","323e44fab93d856071e001c2f3cad1defc1722c2ffd42fce902033d3760788a4"
153,"Plectropomus_leopardus",1,"record_equal","N_train/(S_train*R_species); total_weight=N_train","total_weight_equals_record_count","XLSX_R0154","joint_bb","M3","record_equal","full","full","323e44fab93d856071e001c2f3cad1defc1722c2ffd42fce902033d3760788a4"
1,"Carassius_auratus",0.75,"species_equal","N_train/(S_train*R_species); total_weight=N_train","total_weight_equals_record_count","XLSX_R0002","joint_bb","M3","species_equal","full","full","9b2af49926e75fe8a15bb452285fc4df61ef2e0aa3e571a48c98cd52b28654e2"
2,"Carassius_auratus",0.75,"species_equal","N_train/(S_train*R_species); total_weight=N_train","total_weight_equals_record_count","XLSX_R0003","joint_bb","M3","species_equal","full","full","9b2af49926e75fe8a15bb452285fc4df61ef2e0aa3e571a48c98cd52b28654e2"
3,"Carassius_auratus",0.75,"species_equal","N_train/(S_train*R_species); total_weight=N_train","total_weight_equals_record_count","XLSX_R0004","joint_bb","M3","species_equal","full","full","9b2af49926e75fe8a15bb452285fc4df61ef2e0aa3e571a48c98cd52b28654e2"
4,"Carassius_auratus",0.75,"species_equal","N_train/(S_train*R_species); total_weight=N_train","total_weight_equals_record_count","XLSX_R0005","joint_bb","M3","species_equal","full","full","9b2af49926e75fe8a15bb452285fc4df61ef2e0aa3e571a48c98cd52b28654e2"
5,"Carassius_carassius",3,"species_equal","N_train/(S_train*R_species); total_weight=N_train","total_weight_equals_record_count","XLSX_R0006","joint_bb","M3","species_equal","full","full","9b2af49926e75fe8a15bb452285fc4df61ef2e0aa3e571a48c98cd52b28654e2"
6,"Ctenopharyngodon_idella",3,"species_equal","N_train/(S_train*R_species); total_weight=N_train","total_weight_equals_record_count","XLSX_R0007","joint_bb","M3","species_equal","full","full","9b2af49926e75fe8a15bb452285fc4df61ef2e0aa3e571a48c98cd52b28654e2"
7,"Cirrhinus_molitorella",3,"species_equal","N_train/(S_train*R_species); total_weight=N_train","total_weight_equals_record_count","XLSX_R0008","joint_bb","M3","species_equal","full","full","9b2af49926e75fe8a15bb452285fc4df61ef2e0aa3e571a48c98cd52b28654e2"
8,"Danio_rerio",1,"species_equal","N_train/(S_train*R_species); total_weight=N_train","total_weight_equals_record_count","XLSX_R0009","joint_bb","M3","species_equal","full","full","9b2af49926e75fe8a15bb452285fc4df61ef2e0aa3e571a48c98cd52b28654e2"
9,"Danio_rerio",1,"species_equal","N_train/(S_train*R_species); total_weight=N_train","total_weight_equals_record_count","XLSX_R0010","joint_bb","M3","species_equal","full","full","9b2af49926e75fe8a15bb452285fc4df61ef2e0aa3e571a48c98cd52b28654e2"
10,"Danio_rerio",1,"species_equal","N_train/(S_train*R_species); total_weight=N_train","total_weight_equals_record_count","XLSX_R0011","joint_bb","M3","species_equal","full","full","9b2af49926e75fe8a15bb452285fc4df61ef2e0aa3e571a48c98cd52b28654e2"
11,"Pygocentrus_nattereri",3,"species_equal","N_train/(S_train*R_species); total_weight=N_train","total_weight_equals_record_count","XLSX_R0012","joint_bb","M3","species_equal","full","full","9b2af49926e75fe8a15bb452285fc4df61ef2e0aa3e571a48c98cd52b28654e2"
12,"Thunnus_orientalis",1,"species_equal","N_train/(S_train*R_species); total_weight=N_train","total_weight_equals_record_count","XLSX_R0013","joint_bb","M3","species_equal","full","full","9b2af49926e75fe8a15bb452285fc4df61ef2e0aa3e571a48c98cd52b28654e2"
13,"Thunnus_orientalis",1,"species_equal","N_train/(S_train*R_species); total_weight=N_train","total_weight_equals_record_count","XLSX_R0014","joint_bb","M3","species_equal","full","full","9b2af49926e75fe8a15bb452285fc4df61ef2e0aa3e571a48c98cd52b28654e2"
14,"Thunnus_orientalis",1,"species_equal","N_train/(S_train*R_species); total_weight=N_train","total_weight_equals_record_count","XLSX_R0015","joint_bb","M3","species_equal","full","full","9b2af49926e75fe8a15bb452285fc4df61ef2e0aa3e571a48c98cd52b28654e2"
15,"Pampus_argenteus",0.6,"species_equal","N_train/(S_train*R_species); total_weight=N_train","total_weight_equals_record_count","XLSX_R0016","joint_bb","M3","species_equal","full","full","9b2af49926e75fe8a15bb452285fc4df61ef2e0aa3e571a48c98cd52b28654e2"
16,"Pampus_argenteus",0.6,"species_equal","N_train/(S_train*R_species); total_weight=N_train","total_weight_equals_record_count","XLSX_R0017","joint_bb","M3","species_equal","full","full","9b2af49926e75fe8a15bb452285fc4df61ef2e0aa3e571a48c98cd52b28654e2"
17,"Pampus_argenteus",0.6,"species_equal","N_train/(S_train*R_species); total_weight=N_train","total_weight_equals_record_count","XLSX_R0018","joint_bb","M3","species_equal","full","full","9b2af49926e75fe8a15bb452285fc4df61ef2e0aa3e571a48c98cd52b28654e2"
18,"Pampus_argenteus",0.6,"species_equal","N_train/(S_train*R_species); total_weight=N_train","total_weight_equals_record_count","XLSX_R0019","joint_bb","M3","species_equal","full","full","9b2af49926e75fe8a15bb452285fc4df61ef2e0aa3e571a48c98cd52b28654e2"
19,"Pampus_argenteus",0.6,"species_equal","N_train/(S_train*R_species); total_weight=N_train","total_weight_equals_record_count","XLSX_R0020","joint_bb","M3","species_equal","full","full","9b2af49926e75fe8a15bb452285fc4df61ef2e0aa3e571a48c98cd52b28654e2"
20,"Pterapogon_kauderni",1,"species_equal","N_train/(S_train*R_species); total_weight=N_train","total_weight_equals_record_count","XLSX_R0021","joint_bb","M3","species_equal","full","full","9b2af49926e75fe8a15bb452285fc4df61ef2e0aa3e571a48c98cd52b28654e2"
21,"Pterapogon_kauderni",1,"species_equal","N_train/(S_train*R_species); total_weight=N_train","total_weight_equals_record_count","XLSX_R0022","joint_bb","M3","species_equal","full","full","9b2af49926e75fe8a15bb452285fc4df61ef2e0aa3e571a48c98cd52b28654e2"
22,"Pterapogon_kauderni",1,"species_equal","N_train/(S_train*R_species); total_weight=N_train","total_weight_equals_record_count","XLSX_R0023","joint_bb","M3","species_equal","full","full","9b2af49926e75fe8a15bb452285fc4df61ef2e0aa3e571a48c98cd52b28654e2"
23,"Oxyeleotris_marmorata",1.5,"species_equal","N_train/(S_train*R_species); total_weight=N_train","total_weight_equals_record_count","XLSX_R0024","joint_bb","M3","species_equal","full","full","9b2af49926e75fe8a15bb452285fc4df61ef2e0aa3e571a48c98cd52b28654e2"
24,"Oxyeleotris_marmorata",1.5,"species_equal","N_train/(S_train*R_species); total_weight=N_train","total_weight_equals_record_count","XLSX_R0025","joint_bb","M3","species_equal","full","full","9b2af49926e75fe8a15bb452285fc4df61ef2e0aa3e571a48c98cd52b28654e2"
25,"Anabas_testudineus",3,"species_equal","N_train/(S_train*R_species); total_weight=N_train","total_weight_equals_record_count","XLSX_R0026","joint_bb","M3","species_equal","full","full","9b2af49926e75fe8a15bb452285fc4df61ef2e0aa3e571a48c98cd52b28654e2"
26,"Channa_argus",3,"species_equal","N_train/(S_train*R_species); total_weight=N_train","total_weight_equals_record_count","XLSX_R0027","joint_bb","M3","species_equal","full","full","9b2af49926e75fe8a15bb452285fc4df61ef2e0aa3e571a48c98cd52b28654e2"
27,"Trichopodus_trichopterus",3,"species_equal","N_train/(S_train*R_species); total_weight=N_train","total_weight_equals_record_count","XLSX_R0028","joint_bb","M3","species_equal","full","full","9b2af49926e75fe8a15bb452285fc4df61ef2e0aa3e571a48c98cd52b28654e2"
28,"Eleutheronema_tetradactylum",3,"species_equal","N_train/(S_train*R_species); total_weight=N_train","total_weight_equals_record_count","XLSX_R0029","joint_bb","M3","species_equal","full","full","9b2af49926e75fe8a15bb452285fc4df61ef2e0aa3e571a48c98cd52b28654e2"
29,"Lates_calcarifer",0.75,"species_equal","N_train/(S_train*R_species); total_weight=N_train","total_weight_equals_record_count","XLSX_R0030","joint_bb","M3","species_equal","full","full","9b2af49926e75fe8a15bb452285fc4df61ef2e0aa3e571a48c98cd52b28654e2"
30,"Lates_calcarifer",0.75,"species_equal","N_train/(S_train*R_species); total_weight=N_train","total_weight_equals_record_count","XLSX_R0031","joint_bb","M3","species_equal","full","full","9b2af49926e75fe8a15bb452285fc4df61ef2e0aa3e571a48c98cd52b28654e2"
31,"Lates_calcarifer",0.75,"species_equal","N_train/(S_train*R_species); total_weight=N_train","total_weight_equals_record_count","XLSX_R0032","joint_bb","M3","species_equal","full","full","9b2af49926e75fe8a15bb452285fc4df61ef2e0aa3e571a48c98cd52b28654e2"
32,"Lates_calcarifer",0.75,"species_equal","N_train/(S_train*R_species); total_weight=N_train","total_weight_equals_record_count","XLSX_R0033","joint_bb","M3","species_equal","full","full","9b2af49926e75fe8a15bb452285fc4df61ef2e0aa3e571a48c98cd52b28654e2"
33,"Seriola_dumerili",1.5,"species_equal","N_train/(S_train*R_species); total_weight=N_train","total_weight_equals_record_count","XLSX_R0034","joint_bb","M3","species_equal","full","full","9b2af49926e75fe8a15bb452285fc4df61ef2e0aa3e571a48c98cd52b28654e2"
34,"Seriola_dumerili",1.5,"species_equal","N_train/(S_train*R_species); total_weight=N_train","total_weight_equals_record_count","XLSX_R0035","joint_bb","M3","species_equal","full","full","9b2af49926e75fe8a15bb452285fc4df61ef2e0aa3e571a48c98cd52b28654e2"
35,"Paralichthys_olivaceus",1.5,"species_equal","N_train/(S_train*R_species); total_weight=N_train","total_weight_equals_record_count","XLSX_R0036","joint_bb","M3","species_equal","full","full","9b2af49926e75fe8a15bb452285fc4df61ef2e0aa3e571a48c98cd52b28654e2"
36,"Paralichthys_olivaceus",1.5,"species_equal","N_train/(S_train*R_species); total_weight=N_train","total_weight_equals_record_count","XLSX_R0037","joint_bb","M3","species_equal","full","full","9b2af49926e75fe8a15bb452285fc4df61ef2e0aa3e571a48c98cd52b28654e2"
37,"Platichthys_stellatus",3,"species_equal","N_train/(S_train*R_species); total_weight=N_train","total_weight_equals_record_count","XLSX_R0038","joint_bb","M3","species_equal","full","full","9b2af49926e75fe8a15bb452285fc4df61ef2e0aa3e571a48c98cd52b28654e2"
38,"Scophthalmus_maximus",3,"species_equal","N_train/(S_train*R_species); total_weight=N_train","total_weight_equals_record_count","XLSX_R0039","joint_bb","M3","species_equal","full","full","9b2af49926e75fe8a15bb452285fc4df61ef2e0aa3e571a48c98cd52b28654e2"
39,"Astronotus_ocellatus",1.5,"species_equal","N_train/(S_train*R_species); total_weight=N_train","total_weight_equals_record_count","XLSX_R0040","joint_bb","M3","species_equal","full","full","9b2af49926e75fe8a15bb452285fc4df61ef2e0aa3e571a48c98cd52b28654e2"
40,"Astronotus_ocellatus",1.5,"species_equal","N_train/(S_train*R_species); total_weight=N_train","total_weight_equals_record_count","XLSX_R0041","joint_bb","M3","species_equal","full","full","9b2af49926e75fe8a15bb452285fc4df61ef2e0aa3e571a48c98cd52b28654e2"
41,"Oreochromis_niloticus",1,"species_equal","N_train/(S_train*R_species); total_weight=N_train","total_weight_equals_record_count","XLSX_R0042","joint_bb","M3","species_equal","full","full","9b2af49926e75fe8a15bb452285fc4df61ef2e0aa3e571a48c98cd52b28654e2"
42,"Oreochromis_niloticus",1,"species_equal","N_train/(S_train*R_species); total_weight=N_train","total_weight_equals_record_count","XLSX_R0043","joint_bb","M3","species_equal","full","full","9b2af49926e75fe8a15bb452285fc4df61ef2e0aa3e571a48c98cd52b28654e2"
43,"Oreochromis_niloticus",1,"species_equal","N_train/(S_train*R_species); total_weight=N_train","total_weight_equals_record_count","XLSX_R0044","joint_bb","M3","species_equal","full","full","9b2af49926e75fe8a15bb452285fc4df61ef2e0aa3e571a48c98cd52b28654e2"
44,"Pterophyllum_scalare",3,"species_equal","N_train/(S_train*R_species); total_weight=N_train","total_weight_equals_record_count","XLSX_R0045","joint_bb","M3","species_equal","full","full","9b2af49926e75fe8a15bb452285fc4df61ef2e0aa3e571a48c98cd52b28654e2"
45,"Poecilia_latipinna",3,"species_equal","N_train/(S_train*R_species); total_weight=N_train","total_weight_equals_record_count","XLSX_R0046","joint_bb","M3","species_equal","full","full","9b2af49926e75fe8a15bb452285fc4df61ef2e0aa3e571a48c98cd52b28654e2"
46,"Poecilia_reticulata",1,"species_equal","N_train/(S_train*R_species); total_weight=N_train","total_weight_equals_record_count","XLSX_R0047","joint_bb","M3","species_equal","full","full","9b2af49926e75fe8a15bb452285fc4df61ef2e0aa3e571a48c98cd52b28654e2"
47,"Poecilia_reticulata",1,"species_equal","N_train/(S_train*R_species); total_weight=N_train","total_weight_equals_record_count","XLSX_R0048","joint_bb","M3","species_equal","full","full","9b2af49926e75fe8a15bb452285fc4df61ef2e0aa3e571a48c98cd52b28654e2"
48,"Poecilia_reticulata",1,"species_equal","N_train/(S_train*R_species); total_weight=N_train","total_weight_equals_record_count","XLSX_R0049","joint_bb","M3","species_equal","full","full","9b2af49926e75fe8a15bb452285fc4df61ef2e0aa3e571a48c98cd52b28654e2"
49,"Poropanchax_normani",1.5,"species_equal","N_train/(S_train*R_species); total_weight=N_train","total_weight_equals_record_count","XLSX_R0050","joint_bb","M3","species_equal","full","full","9b2af49926e75fe8a15bb452285fc4df61ef2e0aa3e571a48c98cd52b28654e2"
50,"Poropanchax_normani",1.5,"species_equal","N_train/(S_train*R_species); total_weight=N_train","total_weight_equals_record_count","XLSX_R0051","joint_bb","M3","species_equal","full","full","9b2af49926e75fe8a15bb452285fc4df61ef2e0aa3e571a48c98cd52b28654e2"
51,"Xiphophorus_hellerii",0.75,"species_equal","N_train/(S_train*R_species); total_weight=N_train","total_weight_equals_record_count","XLSX_R0052","joint_bb","M3","species_equal","full","full","9b2af49926e75fe8a15bb452285fc4df61ef2e0aa3e571a48c98cd52b28654e2"
52,"Xiphophorus_hellerii",0.75,"species_equal","N_train/(S_train*R_species); total_weight=N_train","total_weight_equals_record_count","XLSX_R0053","joint_bb","M3","species_equal","full","full","9b2af49926e75fe8a15bb452285fc4df61ef2e0aa3e571a48c98cd52b28654e2"
53,"Xiphophorus_hellerii",0.75,"species_equal","N_train/(S_train*R_species); total_weight=N_train","total_weight_equals_record_count","XLSX_R0054","joint_bb","M3","species_equal","full","full","9b2af49926e75fe8a15bb452285fc4df61ef2e0aa3e571a48c98cd52b28654e2"
54,"Xiphophorus_hellerii",0.75,"species_equal","N_train/(S_train*R_species); total_weight=N_train","total_weight_equals_record_count","XLSX_R0055","joint_bb","M3","species_equal","full","full","9b2af49926e75fe8a15bb452285fc4df61ef2e0aa3e571a48c98cd52b28654e2"
55,"Xiphophorus_maculatus",3,"species_equal","N_train/(S_train*R_species); total_weight=N_train","total_weight_equals_record_count","XLSX_R0056","joint_bb","M3","species_equal","full","full","9b2af49926e75fe8a15bb452285fc4df61ef2e0aa3e571a48c98cd52b28654e2"
56,"Mugil_cephalus",1.5,"species_equal","N_train/(S_train*R_species); total_weight=N_train","total_weight_equals_record_count","XLSX_R0057","joint_bb","M3","species_equal","full","full","9b2af49926e75fe8a15bb452285fc4df61ef2e0aa3e571a48c98cd52b28654e2"
57,"Mugil_cephalus",1.5,"species_equal","N_train/(S_train*R_species); total_weight=N_train","total_weight_equals_record_count","XLSX_R0058","joint_bb","M3","species_equal","full","full","9b2af49926e75fe8a15bb452285fc4df61ef2e0aa3e571a48c98cd52b28654e2"
58,"Larimichthys_crocea",1.5,"species_equal","N_train/(S_train*R_species); total_weight=N_train","total_weight_equals_record_count","XLSX_R0059","joint_bb","M3","species_equal","full","full","9b2af49926e75fe8a15bb452285fc4df61ef2e0aa3e571a48c98cd52b28654e2"
59,"Larimichthys_crocea",1.5,"species_equal","N_train/(S_train*R_species); total_weight=N_train","total_weight_equals_record_count","XLSX_R0060","joint_bb","M3","species_equal","full","full","9b2af49926e75fe8a15bb452285fc4df61ef2e0aa3e571a48c98cd52b28654e2"
60,"Sciaenops_ocellatus",3,"species_equal","N_train/(S_train*R_species); total_weight=N_train","total_weight_equals_record_count","XLSX_R0061","joint_bb","M3","species_equal","full","full","9b2af49926e75fe8a15bb452285fc4df61ef2e0aa3e571a48c98cd52b28654e2"
61,"Platax_orbicularis",3,"species_equal","N_train/(S_train*R_species); total_weight=N_train","total_weight_equals_record_count","XLSX_R0062","joint_bb","M3","species_equal","full","full","9b2af49926e75fe8a15bb452285fc4df61ef2e0aa3e571a48c98cd52b28654e2"
62,"Lutjanus_erythropterus",3,"species_equal","N_train/(S_train*R_species); total_weight=N_train","total_weight_equals_record_count","XLSX_R0063","joint_bb","M3","species_equal","full","full","9b2af49926e75fe8a15bb452285fc4df61ef2e0aa3e571a48c98cd52b28654e2"
63,"Acanthopagrus_schlegelii",0.75,"species_equal","N_train/(S_train*R_species); total_weight=N_train","total_weight_equals_record_count","XLSX_R0064","joint_bb","M3","species_equal","full","full","9b2af49926e75fe8a15bb452285fc4df61ef2e0aa3e571a48c98cd52b28654e2"
64,"Acanthopagrus_schlegelii",0.75,"species_equal","N_train/(S_train*R_species); total_weight=N_train","total_weight_equals_record_count","XLSX_R0065","joint_bb","M3","species_equal","full","full","9b2af49926e75fe8a15bb452285fc4df61ef2e0aa3e571a48c98cd52b28654e2"
65,"Acanthopagrus_schlegelii",0.75,"species_equal","N_train/(S_train*R_species); total_weight=N_train","total_weight_equals_record_count","XLSX_R0066","joint_bb","M3","species_equal","full","full","9b2af49926e75fe8a15bb452285fc4df61ef2e0aa3e571a48c98cd52b28654e2"
66,"Acanthopagrus_schlegelii",0.75,"species_equal","N_train/(S_train*R_species); total_weight=N_train","total_weight_equals_record_count","XLSX_R0067","joint_bb","M3","species_equal","full","full","9b2af49926e75fe8a15bb452285fc4df61ef2e0aa3e571a48c98cd52b28654e2"
67,"Lethrinus_nebulosus",1.5,"species_equal","N_train/(S_train*R_species); total_weight=N_train","total_weight_equals_record_count","XLSX_R0068","joint_bb","M3","species_equal","full","full","9b2af49926e75fe8a15bb452285fc4df61ef2e0aa3e571a48c98cd52b28654e2"
68,"Lethrinus_nebulosus",1.5,"species_equal","N_train/(S_train*R_species); total_weight=N_train","total_weight_equals_record_count","XLSX_R0069","joint_bb","M3","species_equal","full","full","9b2af49926e75fe8a15bb452285fc4df61ef2e0aa3e571a48c98cd52b28654e2"
69,"Pagrus_major",0.333333333333333,"species_equal","N_train/(S_train*R_species); total_weight=N_train","total_weight_equals_record_count","XLSX_R0070","joint_bb","M3","species_equal","full","full","9b2af49926e75fe8a15bb452285fc4df61ef2e0aa3e571a48c98cd52b28654e2"
70,"Pagrus_major",0.333333333333333,"species_equal","N_train/(S_train*R_species); total_weight=N_train","total_weight_equals_record_count","XLSX_R0071","joint_bb","M3","species_equal","full","full","9b2af49926e75fe8a15bb452285fc4df61ef2e0aa3e571a48c98cd52b28654e2"
71,"Pagrus_major",0.333333333333333,"species_equal","N_train/(S_train*R_species); total_weight=N_train","total_weight_equals_record_count","XLSX_R0072","joint_bb","M3","species_equal","full","full","9b2af49926e75fe8a15bb452285fc4df61ef2e0aa3e571a48c98cd52b28654e2"
72,"Pagrus_major",0.333333333333333,"species_equal","N_train/(S_train*R_species); total_weight=N_train","total_weight_equals_record_count","XLSX_R0073","joint_bb","M3","species_equal","full","full","9b2af49926e75fe8a15bb452285fc4df61ef2e0aa3e571a48c98cd52b28654e2"
73,"Pagrus_major",0.333333333333333,"species_equal","N_train/(S_train*R_species); total_weight=N_train","total_weight_equals_record_count","XLSX_R0074","joint_bb","M3","species_equal","full","full","9b2af49926e75fe8a15bb452285fc4df61ef2e0aa3e571a48c98cd52b28654e2"
74,"Pagrus_major",0.333333333333333,"species_equal","N_train/(S_train*R_species); total_weight=N_train","total_weight_equals_record_count","XLSX_R0075","joint_bb","M3","species_equal","full","full","9b2af49926e75fe8a15bb452285fc4df61ef2e0aa3e571a48c98cd52b28654e2"
75,"Pagrus_major",0.333333333333333,"species_equal","N_train/(S_train*R_species); total_weight=N_train","total_weight_equals_record_count","XLSX_R0076","joint_bb","M3","species_equal","full","full","9b2af49926e75fe8a15bb452285fc4df61ef2e0aa3e571a48c98cd52b28654e2"
76,"Pagrus_major",0.333333333333333,"species_equal","N_train/(S_train*R_species); total_weight=N_train","total_weight_equals_record_count","XLSX_R0077","joint_bb","M3","species_equal","full","full","9b2af49926e75fe8a15bb452285fc4df61ef2e0aa3e571a48c98cd52b28654e2"
77,"Pagrus_major",0.333333333333333,"species_equal","N_train/(S_train*R_species); total_weight=N_train","total_weight_equals_record_count","XLSX_R0078","joint_bb","M3","species_equal","full","full","9b2af49926e75fe8a15bb452285fc4df61ef2e0aa3e571a48c98cd52b28654e2"
78,"Rhabdosargus_sarba",3,"species_equal","N_train/(S_train*R_species); total_weight=N_train","total_weight_equals_record_count","XLSX_R0079","joint_bb","M3","species_equal","full","full","9b2af49926e75fe8a15bb452285fc4df61ef2e0aa3e571a48c98cd52b28654e2"
79,"Lateolabrax_japonicus",0.75,"species_equal","N_train/(S_train*R_species); total_weight=N_train","total_weight_equals_record_count","XLSX_R0080","joint_bb","M3","species_equal","full","full","9b2af49926e75fe8a15bb452285fc4df61ef2e0aa3e571a48c98cd52b28654e2"
80,"Lateolabrax_japonicus",0.75,"species_equal","N_train/(S_train*R_species); total_weight=N_train","total_weight_equals_record_count","XLSX_R0081","joint_bb","M3","species_equal","full","full","9b2af49926e75fe8a15bb452285fc4df61ef2e0aa3e571a48c98cd52b28654e2"
81,"Lateolabrax_japonicus",0.75,"species_equal","N_train/(S_train*R_species); total_weight=N_train","total_weight_equals_record_count","XLSX_R0082","joint_bb","M3","species_equal","full","full","9b2af49926e75fe8a15bb452285fc4df61ef2e0aa3e571a48c98cd52b28654e2"
82,"Lateolabrax_japonicus",0.75,"species_equal","N_train/(S_train*R_species); total_weight=N_train","total_weight_equals_record_count","XLSX_R0083","joint_bb","M3","species_equal","full","full","9b2af49926e75fe8a15bb452285fc4df61ef2e0aa3e571a48c98cd52b28654e2"
83,"Lateolabrax_maculatus",3,"species_equal","N_train/(S_train*R_species); total_weight=N_train","total_weight_equals_record_count","XLSX_R0084","joint_bb","M3","species_equal","full","full","9b2af49926e75fe8a15bb452285fc4df61ef2e0aa3e571a48c98cd52b28654e2"
84,"Maccullochella_peelii",0.375,"species_equal","N_train/(S_train*R_species); total_weight=N_train","total_weight_equals_record_count","XLSX_R0085","joint_bb","M3","species_equal","full","full","9b2af49926e75fe8a15bb452285fc4df61ef2e0aa3e571a48c98cd52b28654e2"
85,"Maccullochella_peelii",0.375,"species_equal","N_train/(S_train*R_species); total_weight=N_train","total_weight_equals_record_count","XLSX_R0086","joint_bb","M3","species_equal","full","full","9b2af49926e75fe8a15bb452285fc4df61ef2e0aa3e571a48c98cd52b28654e2"
86,"Maccullochella_peelii",0.375,"species_equal","N_train/(S_train*R_species); total_weight=N_train","total_weight_equals_record_count","XLSX_R0087","joint_bb","M3","species_equal","full","full","9b2af49926e75fe8a15bb452285fc4df61ef2e0aa3e571a48c98cd52b28654e2"
87,"Maccullochella_peelii",0.375,"species_equal","N_train/(S_train*R_species); total_weight=N_train","total_weight_equals_record_count","XLSX_R0088","joint_bb","M3","species_equal","full","full","9b2af49926e75fe8a15bb452285fc4df61ef2e0aa3e571a48c98cd52b28654e2"
88,"Maccullochella_peelii",0.375,"species_equal","N_train/(S_train*R_species); total_weight=N_train","total_weight_equals_record_count","XLSX_R0089","joint_bb","M3","species_equal","full","full","9b2af49926e75fe8a15bb452285fc4df61ef2e0aa3e571a48c98cd52b28654e2"
89,"Maccullochella_peelii",0.375,"species_equal","N_train/(S_train*R_species); total_weight=N_train","total_weight_equals_record_count","XLSX_R0090","joint_bb","M3","species_equal","full","full","9b2af49926e75fe8a15bb452285fc4df61ef2e0aa3e571a48c98cd52b28654e2"
90,"Maccullochella_peelii",0.375,"species_equal","N_train/(S_train*R_species); total_weight=N_train","total_weight_equals_record_count","XLSX_R0091","joint_bb","M3","species_equal","full","full","9b2af49926e75fe8a15bb452285fc4df61ef2e0aa3e571a48c98cd52b28654e2"
91,"Maccullochella_peelii",0.375,"species_equal","N_train/(S_train*R_species); total_weight=N_train","total_weight_equals_record_count","XLSX_R0092","joint_bb","M3","species_equal","full","full","9b2af49926e75fe8a15bb452285fc4df61ef2e0aa3e571a48c98cd52b28654e2"
92,"Micropterus_salmoides",1,"species_equal","N_train/(S_train*R_species); total_weight=N_train","total_weight_equals_record_count","XLSX_R0093","joint_bb","M3","species_equal","full","full","9b2af49926e75fe8a15bb452285fc4df61ef2e0aa3e571a48c98cd52b28654e2"
93,"Micropterus_salmoides",1,"species_equal","N_train/(S_train*R_species); total_weight=N_train","total_weight_equals_record_count","XLSX_R0094","joint_bb","M3","species_equal","full","full","9b2af49926e75fe8a15bb452285fc4df61ef2e0aa3e571a48c98cd52b28654e2"
94,"Micropterus_salmoides",1,"species_equal","N_train/(S_train*R_species); total_weight=N_train","total_weight_equals_record_count","XLSX_R0095","joint_bb","M3","species_equal","full","full","9b2af49926e75fe8a15bb452285fc4df61ef2e0aa3e571a48c98cd52b28654e2"
95,"Oplegnathus_fasciatus",0.130434782608696,"species_equal","N_train/(S_train*R_species); total_weight=N_train","total_weight_equals_record_count","XLSX_R0096","joint_bb","M3","species_equal","full","full","9b2af49926e75fe8a15bb452285fc4df61ef2e0aa3e571a48c98cd52b28654e2"
96,"Oplegnathus_fasciatus",0.130434782608696,"species_equal","N_train/(S_train*R_species); total_weight=N_train","total_weight_equals_record_count","XLSX_R0097","joint_bb","M3","species_equal","full","full","9b2af49926e75fe8a15bb452285fc4df61ef2e0aa3e571a48c98cd52b28654e2"
97,"Oplegnathus_fasciatus",0.130434782608696,"species_equal","N_train/(S_train*R_species); total_weight=N_train","total_weight_equals_record_count","XLSX_R0098","joint_bb","M3","species_equal","full","full","9b2af49926e75fe8a15bb452285fc4df61ef2e0aa3e571a48c98cd52b28654e2"
98,"Oplegnathus_fasciatus",0.130434782608696,"species_equal","N_train/(S_train*R_species); total_weight=N_train","total_weight_equals_record_count","XLSX_R0099","joint_bb","M3","species_equal","full","full","9b2af49926e75fe8a15bb452285fc4df61ef2e0aa3e571a48c98cd52b28654e2"
99,"Oplegnathus_fasciatus",0.130434782608696,"species_equal","N_train/(S_train*R_species); total_weight=N_train","total_weight_equals_record_count","XLSX_R0100","joint_bb","M3","species_equal","full","full","9b2af49926e75fe8a15bb452285fc4df61ef2e0aa3e571a48c98cd52b28654e2"
100,"Oplegnathus_fasciatus",0.130434782608696,"species_equal","N_train/(S_train*R_species); total_weight=N_train","total_weight_equals_record_count","XLSX_R0101","joint_bb","M3","species_equal","full","full","9b2af49926e75fe8a15bb452285fc4df61ef2e0aa3e571a48c98cd52b28654e2"
101,"Oplegnathus_fasciatus",0.130434782608696,"species_equal","N_train/(S_train*R_species); total_weight=N_train","total_weight_equals_record_count","XLSX_R0102","joint_bb","M3","species_equal","full","full","9b2af49926e75fe8a15bb452285fc4df61ef2e0aa3e571a48c98cd52b28654e2"
102,"Oplegnathus_fasciatus",0.130434782608696,"species_equal","N_train/(S_train*R_species); total_weight=N_train","total_weight_equals_record_count","XLSX_R0103","joint_bb","M3","species_equal","full","full","9b2af49926e75fe8a15bb452285fc4df61ef2e0aa3e571a48c98cd52b28654e2"
103,"Oplegnathus_fasciatus",0.130434782608696,"species_equal","N_train/(S_train*R_species); total_weight=N_train","total_weight_equals_record_count","XLSX_R0104","joint_bb","M3","species_equal","full","full","9b2af49926e75fe8a15bb452285fc4df61ef2e0aa3e571a48c98cd52b28654e2"
104,"Oplegnathus_fasciatus",0.130434782608696,"species_equal","N_train/(S_train*R_species); total_weight=N_train","total_weight_equals_record_count","XLSX_R0105","joint_bb","M3","species_equal","full","full","9b2af49926e75fe8a15bb452285fc4df61ef2e0aa3e571a48c98cd52b28654e2"
105,"Oplegnathus_fasciatus",0.130434782608696,"species_equal","N_train/(S_train*R_species); total_weight=N_train","total_weight_equals_record_count","XLSX_R0106","joint_bb","M3","species_equal","full","full","9b2af49926e75fe8a15bb452285fc4df61ef2e0aa3e571a48c98cd52b28654e2"
106,"Oplegnathus_fasciatus",0.130434782608696,"species_equal","N_train/(S_train*R_species); total_weight=N_train","total_weight_equals_record_count","XLSX_R0107","joint_bb","M3","species_equal","full","full","9b2af49926e75fe8a15bb452285fc4df61ef2e0aa3e571a48c98cd52b28654e2"
107,"Oplegnathus_fasciatus",0.130434782608696,"species_equal","N_train/(S_train*R_species); total_weight=N_train","total_weight_equals_record_count","XLSX_R0108","joint_bb","M3","species_equal","full","full","9b2af49926e75fe8a15bb452285fc4df61ef2e0aa3e571a48c98cd52b28654e2"
108,"Oplegnathus_fasciatus",0.130434782608696,"species_equal","N_train/(S_train*R_species); total_weight=N_train","total_weight_equals_record_count","XLSX_R0109","joint_bb","M3","species_equal","full","full","9b2af49926e75fe8a15bb452285fc4df61ef2e0aa3e571a48c98cd52b28654e2"
109,"Oplegnathus_fasciatus",0.130434782608696,"species_equal","N_train/(S_train*R_species); total_weight=N_train","total_weight_equals_record_count","XLSX_R0110","joint_bb","M3","species_equal","full","full","9b2af49926e75fe8a15bb452285fc4df61ef2e0aa3e571a48c98cd52b28654e2"
110,"Oplegnathus_fasciatus",0.130434782608696,"species_equal","N_train/(S_train*R_species); total_weight=N_train","total_weight_equals_record_count","XLSX_R0111","joint_bb","M3","species_equal","full","full","9b2af49926e75fe8a15bb452285fc4df61ef2e0aa3e571a48c98cd52b28654e2"
111,"Oplegnathus_fasciatus",0.130434782608696,"species_equal","N_train/(S_train*R_species); total_weight=N_train","total_weight_equals_record_count","XLSX_R0112","joint_bb","M3","species_equal","full","full","9b2af49926e75fe8a15bb452285fc4df61ef2e0aa3e571a48c98cd52b28654e2"
112,"Oplegnathus_fasciatus",0.130434782608696,"species_equal","N_train/(S_train*R_species); total_weight=N_train","total_weight_equals_record_count","XLSX_R0113","joint_bb","M3","species_equal","full","full","9b2af49926e75fe8a15bb452285fc4df61ef2e0aa3e571a48c98cd52b28654e2"
113,"Oplegnathus_fasciatus",0.130434782608696,"species_equal","N_train/(S_train*R_species); total_weight=N_train","total_weight_equals_record_count","XLSX_R0114","joint_bb","M3","species_equal","full","full","9b2af49926e75fe8a15bb452285fc4df61ef2e0aa3e571a48c98cd52b28654e2"
114,"Oplegnathus_fasciatus",0.130434782608696,"species_equal","N_train/(S_train*R_species); total_weight=N_train","total_weight_equals_record_count","XLSX_R0115","joint_bb","M3","species_equal","full","full","9b2af49926e75fe8a15bb452285fc4df61ef2e0aa3e571a48c98cd52b28654e2"
115,"Oplegnathus_fasciatus",0.130434782608696,"species_equal","N_train/(S_train*R_species); total_weight=N_train","total_weight_equals_record_count","XLSX_R0116","joint_bb","M3","species_equal","full","full","9b2af49926e75fe8a15bb452285fc4df61ef2e0aa3e571a48c98cd52b28654e2"
116,"Oplegnathus_fasciatus",0.130434782608696,"species_equal","N_train/(S_train*R_species); total_weight=N_train","total_weight_equals_record_count","XLSX_R0117","joint_bb","M3","species_equal","full","full","9b2af49926e75fe8a15bb452285fc4df61ef2e0aa3e571a48c98cd52b28654e2"
117,"Oplegnathus_fasciatus",0.130434782608696,"species_equal","N_train/(S_train*R_species); total_weight=N_train","total_weight_equals_record_count","XLSX_R0118","joint_bb","M3","species_equal","full","full","9b2af49926e75fe8a15bb452285fc4df61ef2e0aa3e571a48c98cd52b28654e2"
118,"Oplegnathus_punctatus",3,"species_equal","N_train/(S_train*R_species); total_weight=N_train","total_weight_equals_record_count","XLSX_R0119","joint_bb","M3","species_equal","full","full","9b2af49926e75fe8a15bb452285fc4df61ef2e0aa3e571a48c98cd52b28654e2"
119,"Siniperca_chuatsi",0.272727272727273,"species_equal","N_train/(S_train*R_species); total_weight=N_train","total_weight_equals_record_count","XLSX_R0120","joint_bb","M3","species_equal","full","full","9b2af49926e75fe8a15bb452285fc4df61ef2e0aa3e571a48c98cd52b28654e2"
120,"Siniperca_chuatsi",0.272727272727273,"species_equal","N_train/(S_train*R_species); total_weight=N_train","total_weight_equals_record_count","XLSX_R0121","joint_bb","M3","species_equal","full","full","9b2af49926e75fe8a15bb452285fc4df61ef2e0aa3e571a48c98cd52b28654e2"
121,"Siniperca_chuatsi",0.272727272727273,"species_equal","N_train/(S_train*R_species); total_weight=N_train","total_weight_equals_record_count","XLSX_R0122","joint_bb","M3","species_equal","full","full","9b2af49926e75fe8a15bb452285fc4df61ef2e0aa3e571a48c98cd52b28654e2"
122,"Siniperca_chuatsi",0.272727272727273,"species_equal","N_train/(S_train*R_species); total_weight=N_train","total_weight_equals_record_count","XLSX_R0123","joint_bb","M3","species_equal","full","full","9b2af49926e75fe8a15bb452285fc4df61ef2e0aa3e571a48c98cd52b28654e2"
123,"Siniperca_chuatsi",0.272727272727273,"species_equal","N_train/(S_train*R_species); total_weight=N_train","total_weight_equals_record_count","XLSX_R0124","joint_bb","M3","species_equal","full","full","9b2af49926e75fe8a15bb452285fc4df61ef2e0aa3e571a48c98cd52b28654e2"
124,"Siniperca_chuatsi",0.272727272727273,"species_equal","N_train/(S_train*R_species); total_weight=N_train","total_weight_equals_record_count","XLSX_R0125","joint_bb","M3","species_equal","full","full","9b2af49926e75fe8a15bb452285fc4df61ef2e0aa3e571a48c98cd52b28654e2"
125,"Siniperca_chuatsi",0.272727272727273,"species_equal","N_train/(S_train*R_species); total_weight=N_train","total_weight_equals_record_count","XLSX_R0126","joint_bb","M3","species_equal","full","full","9b2af49926e75fe8a15bb452285fc4df61ef2e0aa3e571a48c98cd52b28654e2"
126,"Siniperca_chuatsi",0.272727272727273,"species_equal","N_train/(S_train*R_species); total_weight=N_train","total_weight_equals_record_count","XLSX_R0127","joint_bb","M3","species_equal","full","full","9b2af49926e75fe8a15bb452285fc4df61ef2e0aa3e571a48c98cd52b28654e2"
127,"Siniperca_chuatsi",0.272727272727273,"species_equal","N_train/(S_train*R_species); total_weight=N_train","total_weight_equals_record_count","XLSX_R0128","joint_bb","M3","species_equal","full","full","9b2af49926e75fe8a15bb452285fc4df61ef2e0aa3e571a48c98cd52b28654e2"
128,"Siniperca_chuatsi",0.272727272727273,"species_equal","N_train/(S_train*R_species); total_weight=N_train","total_weight_equals_record_count","XLSX_R0129","joint_bb","M3","species_equal","full","full","9b2af49926e75fe8a15bb452285fc4df61ef2e0aa3e571a48c98cd52b28654e2"
129,"Siniperca_chuatsi",0.272727272727273,"species_equal","N_train/(S_train*R_species); total_weight=N_train","total_weight_equals_record_count","XLSX_R0130","joint_bb","M3","species_equal","full","full","9b2af49926e75fe8a15bb452285fc4df61ef2e0aa3e571a48c98cd52b28654e2"
130,"Siniperca_scherzeri",0.75,"species_equal","N_train/(S_train*R_species); total_weight=N_train","total_weight_equals_record_count","XLSX_R0131","joint_bb","M3","species_equal","full","full","9b2af49926e75fe8a15bb452285fc4df61ef2e0aa3e571a48c98cd52b28654e2"
131,"Siniperca_scherzeri",0.75,"species_equal","N_train/(S_train*R_species); total_weight=N_train","total_weight_equals_record_count","XLSX_R0132","joint_bb","M3","species_equal","full","full","9b2af49926e75fe8a15bb452285fc4df61ef2e0aa3e571a48c98cd52b28654e2"
132,"Siniperca_scherzeri",0.75,"species_equal","N_train/(S_train*R_species); total_weight=N_train","total_weight_equals_record_count","XLSX_R0133","joint_bb","M3","species_equal","full","full","9b2af49926e75fe8a15bb452285fc4df61ef2e0aa3e571a48c98cd52b28654e2"
133,"Siniperca_scherzeri",0.75,"species_equal","N_train/(S_train*R_species); total_weight=N_train","total_weight_equals_record_count","XLSX_R0134","joint_bb","M3","species_equal","full","full","9b2af49926e75fe8a15bb452285fc4df61ef2e0aa3e571a48c98cd52b28654e2"
134,"Cromileptes_altivelis",0.5,"species_equal","N_train/(S_train*R_species); total_weight=N_train","total_weight_equals_record_count","XLSX_R0135","joint_bb","M3","species_equal","full","full","9b2af49926e75fe8a15bb452285fc4df61ef2e0aa3e571a48c98cd52b28654e2"
135,"Cromileptes_altivelis",0.5,"species_equal","N_train/(S_train*R_species); total_weight=N_train","total_weight_equals_record_count","XLSX_R0136","joint_bb","M3","species_equal","full","full","9b2af49926e75fe8a15bb452285fc4df61ef2e0aa3e571a48c98cd52b28654e2"
136,"Cromileptes_altivelis",0.5,"species_equal","N_train/(S_train*R_species); total_weight=N_train","total_weight_equals_record_count","XLSX_R0137","joint_bb","M3","species_equal","full","full","9b2af49926e75fe8a15bb452285fc4df61ef2e0aa3e571a48c98cd52b28654e2"
137,"Cromileptes_altivelis",0.5,"species_equal","N_train/(S_train*R_species); total_weight=N_train","total_weight_equals_record_count","XLSX_R0138","joint_bb","M3","species_equal","full","full","9b2af49926e75fe8a15bb452285fc4df61ef2e0aa3e571a48c98cd52b28654e2"
138,"Cromileptes_altivelis",0.5,"species_equal","N_train/(S_train*R_species); total_weight=N_train","total_weight_equals_record_count","XLSX_R0139","joint_bb","M3","species_equal","full","full","9b2af49926e75fe8a15bb452285fc4df61ef2e0aa3e571a48c98cd52b28654e2"
139,"Cromileptes_altivelis",0.5,"species_equal","N_train/(S_train*R_species); total_weight=N_train","total_weight_equals_record_count","XLSX_R0140","joint_bb","M3","species_equal","full","full","9b2af49926e75fe8a15bb452285fc4df61ef2e0aa3e571a48c98cd52b28654e2"
140,"Epinephelus_bruneus",1,"species_equal","N_train/(S_train*R_species); total_weight=N_train","total_weight_equals_record_count","XLSX_R0141","joint_bb","M3","species_equal","full","full","9b2af49926e75fe8a15bb452285fc4df61ef2e0aa3e571a48c98cd52b28654e2"
141,"Epinephelus_bruneus",1,"species_equal","N_train/(S_train*R_species); total_weight=N_train","total_weight_equals_record_count","XLSX_R0142","joint_bb","M3","species_equal","full","full","9b2af49926e75fe8a15bb452285fc4df61ef2e0aa3e571a48c98cd52b28654e2"
142,"Epinephelus_bruneus",1,"species_equal","N_train/(S_train*R_species); total_weight=N_train","total_weight_equals_record_count","XLSX_R0143","joint_bb","M3","species_equal","full","full","9b2af49926e75fe8a15bb452285fc4df61ef2e0aa3e571a48c98cd52b28654e2"
143,"Epinephelus_coioides",1.5,"species_equal","N_train/(S_train*R_species); total_weight=N_train","total_weight_equals_record_count","XLSX_R0144","joint_bb","M3","species_equal","full","full","9b2af49926e75fe8a15bb452285fc4df61ef2e0aa3e571a48c98cd52b28654e2"
144,"Epinephelus_coioides",1.5,"species_equal","N_train/(S_train*R_species); total_weight=N_train","total_weight_equals_record_count","XLSX_R0145","joint_bb","M3","species_equal","full","full","9b2af49926e75fe8a15bb452285fc4df61ef2e0aa3e571a48c98cd52b28654e2"
145,"Epinephelus_fuscoguttatus",1.5,"species_equal","N_train/(S_train*R_species); total_weight=N_train","total_weight_equals_record_count","XLSX_R0146","joint_bb","M3","species_equal","full","full","9b2af49926e75fe8a15bb452285fc4df61ef2e0aa3e571a48c98cd52b28654e2"
146,"Epinephelus_fuscoguttatus",1.5,"species_equal","N_train/(S_train*R_species); total_weight=N_train","total_weight_equals_record_count","XLSX_R0147","joint_bb","M3","species_equal","full","full","9b2af49926e75fe8a15bb452285fc4df61ef2e0aa3e571a48c98cd52b28654e2"
147,"Epinephelus_lanceolatus",1.5,"species_equal","N_train/(S_train*R_species); total_weight=N_train","total_weight_equals_record_count","XLSX_R0148","joint_bb","M3","species_equal","full","full","9b2af49926e75fe8a15bb452285fc4df61ef2e0aa3e571a48c98cd52b28654e2"
148,"Epinephelus_lanceolatus",1.5,"species_equal","N_train/(S_train*R_species); total_weight=N_train","total_weight_equals_record_count","XLSX_R0149","joint_bb","M3","species_equal","full","full","9b2af49926e75fe8a15bb452285fc4df61ef2e0aa3e571a48c98cd52b28654e2"
149,"Epinephelus_malabaricus",1,"species_equal","N_train/(S_train*R_species); total_weight=N_train","total_weight_equals_record_count","XLSX_R0150","joint_bb","M3","species_equal","full","full","9b2af49926e75fe8a15bb452285fc4df61ef2e0aa3e571a48c98cd52b28654e2"
150,"Epinephelus_malabaricus",1,"species_equal","N_train/(S_train*R_species); total_weight=N_train","total_weight_equals_record_count","XLSX_R0151","joint_bb","M3","species_equal","full","full","9b2af49926e75fe8a15bb452285fc4df61ef2e0aa3e571a48c98cd52b28654e2"
151,"Epinephelus_malabaricus",1,"species_equal","N_train/(S_train*R_species); total_weight=N_train","total_weight_equals_record_count","XLSX_R0152","joint_bb","M3","species_equal","full","full","9b2af49926e75fe8a15bb452285fc4df61ef2e0aa3e571a48c98cd52b28654e2"
152,"Plectropomus_leopardus",1.5,"species_equal","N_train/(S_train*R_species); total_weight=N_train","total_weight_equals_record_count","XLSX_R0153","joint_bb","M3","species_equal","full","full","9b2af49926e75fe8a15bb452285fc4df61ef2e0aa3e571a48c98cd52b28654e2"
153,"Plectropomus_leopardus",1.5,"species_equal","N_train/(S_train*R_species); total_weight=N_train","total_weight_equals_record_count","XLSX_R0154","joint_bb","M3","species_equal","full","full","9b2af49926e75fe8a15bb452285fc4df61ef2e0aa3e571a48c98cd52b28654e2"
