"Species","RecordID","ExperimentID","SourceID","Type","ObservedHigh","ObservedPoint","PredictedPrHigh","PredictedPoint","PredictedPI_lower","PredictedPI_upper","PIWidth","IntervalCovered","IntervalOverlap","PIObservationModel","LogPredictiveDensityRaw","OriginalRow","ApplicabilityStatus","WarningCodes","AnyMissingInputSite","AnyMissingPredictorSite","UnseenEncodedCategory","UnseenRawResidue","CombinationSeenInTraining","FixedEffectEstimable","Site151OutsideTrainingDomain","Design","Fold","Route","Model","TrainWeighting","FitKey","RunPurpose"
"synthetic_01","SYN_1_1","SYNEXP_1_1","SYNTHETIC_UNEQUAL_V32","count",1,,0.497190605510294,,,,,,,"not_applicable",-0.698781814314328,1,"unlabelled_projection","",FALSE,FALSE,FALSE,FALSE,TRUE,TRUE,FALSE,"integration",1,"binary","Null","record_equal","e0e37823be5a93f0208dd5dfc4ef8b4643feb365f9405c81245a812cb29eb161","INTEGRATION_TEST_ONLY"
"synthetic_01","SYN_1_2","SYNEXP_1_2","SYNTHETIC_UNEQUAL_V32","exact",0,,0.497190605510294,,,,,,,"not_applicable",-0.687544118093526,2,"unlabelled_projection","",FALSE,FALSE,FALSE,FALSE,TRUE,TRUE,FALSE,"integration",1,"binary","Null","record_equal","e0e37823be5a93f0208dd5dfc4ef8b4643feb365f9405c81245a812cb29eb161","INTEGRATION_TEST_ONLY"
"synthetic_01","SYN_1_4","SYNEXP_1_4","SYNTHETIC_UNEQUAL_V32","count",0,,0.497190605510294,,,,,,,"not_applicable",-0.687544118093526,4,"unlabelled_projection","",FALSE,FALSE,FALSE,FALSE,TRUE,TRUE,FALSE,"integration",1,"binary","Null","record_equal","e0e37823be5a93f0208dd5dfc4ef8b4643feb365f9405c81245a812cb29eb161","INTEGRATION_TEST_ONLY"
"synthetic_02","SYN_2_1","SYNEXP_2_1","SYNTHETIC_UNEQUAL_V32","count",0,,0.497190605510294,,,,,,,"not_applicable",-0.687544118093526,5,"unlabelled_projection","",FALSE,FALSE,FALSE,FALSE,TRUE,TRUE,FALSE,"integration",1,"binary","Null","record_equal","e0e37823be5a93f0208dd5dfc4ef8b4643feb365f9405c81245a812cb29eb161","INTEGRATION_TEST_ONLY"
"synthetic_02","SYN_2_2","SYNEXP_2_2","SYNTHETIC_UNEQUAL_V32","exact",1,,0.497190605510294,,,,,,,"not_applicable",-0.698781814314328,6,"unlabelled_projection","",FALSE,FALSE,FALSE,FALSE,TRUE,TRUE,FALSE,"integration",1,"binary","Null","record_equal","e0e37823be5a93f0208dd5dfc4ef8b4643feb365f9405c81245a812cb29eb161","INTEGRATION_TEST_ONLY"
"synthetic_02","SYN_2_4","SYNEXP_2_4","SYNTHETIC_UNEQUAL_V32","count",1,,0.497190605510294,,,,,,,"not_applicable",-0.698781814314328,8,"unlabelled_projection","",FALSE,FALSE,FALSE,FALSE,TRUE,TRUE,FALSE,"integration",1,"binary","Null","record_equal","e0e37823be5a93f0208dd5dfc4ef8b4643feb365f9405c81245a812cb29eb161","INTEGRATION_TEST_ONLY"
"synthetic_02","SYN_2_5","SYNEXP_2_5","SYNTHETIC_UNEQUAL_V32","exact",0,,0.497190605510294,,,,,,,"not_applicable",-0.687544118093526,9,"unlabelled_projection","",FALSE,FALSE,FALSE,FALSE,TRUE,TRUE,FALSE,"integration",1,"binary","Null","record_equal","e0e37823be5a93f0208dd5dfc4ef8b4643feb365f9405c81245a812cb29eb161","INTEGRATION_TEST_ONLY"
"synthetic_03","SYN_3_1","SYNEXP_3_1","SYNTHETIC_UNEQUAL_V32","count",1,,0.497190605510294,,,,,,,"not_applicable",-0.698781814314328,10,"unlabelled_projection","",FALSE,FALSE,FALSE,FALSE,TRUE,TRUE,FALSE,"integration",1,"binary","Null","record_equal","e0e37823be5a93f0208dd5dfc4ef8b4643feb365f9405c81245a812cb29eb161","INTEGRATION_TEST_ONLY"
"synthetic_03","SYN_3_2","SYNEXP_3_2","SYNTHETIC_UNEQUAL_V32","exact",0,,0.497190605510294,,,,,,,"not_applicable",-0.687544118093526,11,"unlabelled_projection","",FALSE,FALSE,FALSE,FALSE,TRUE,TRUE,FALSE,"integration",1,"binary","Null","record_equal","e0e37823be5a93f0208dd5dfc4ef8b4643feb365f9405c81245a812cb29eb161","INTEGRATION_TEST_ONLY"
"synthetic_03","SYN_3_4","SYNEXP_3_4","SYNTHETIC_UNEQUAL_V32","count",0,,0.497190605510294,,,,,,,"not_applicable",-0.687544118093526,13,"unlabelled_projection","",FALSE,FALSE,FALSE,FALSE,TRUE,TRUE,FALSE,"integration",1,"binary","Null","record_equal","e0e37823be5a93f0208dd5dfc4ef8b4643feb365f9405c81245a812cb29eb161","INTEGRATION_TEST_ONLY"
"synthetic_03","SYN_3_5","SYNEXP_3_5","SYNTHETIC_UNEQUAL_V32","exact",1,,0.497190605510294,,,,,,,"not_applicable",-0.698781814314328,14,"unlabelled_projection","",FALSE,FALSE,FALSE,FALSE,TRUE,TRUE,FALSE,"integration",1,"binary","Null","record_equal","e0e37823be5a93f0208dd5dfc4ef8b4643feb365f9405c81245a812cb29eb161","INTEGRATION_TEST_ONLY"
"synthetic_04","SYN_4_1","SYNEXP_4_1","SYNTHETIC_UNEQUAL_V32","count",0,,0.497190605510294,,,,,,,"not_applicable",-0.687544118093526,16,"unlabelled_projection","",FALSE,FALSE,FALSE,FALSE,TRUE,TRUE,FALSE,"integration",1,"binary","Null","record_equal","e0e37823be5a93f0208dd5dfc4ef8b4643feb365f9405c81245a812cb29eb161","INTEGRATION_TEST_ONLY"
"synthetic_04","SYN_4_2","SYNEXP_4_2","SYNTHETIC_UNEQUAL_V32","exact",1,,0.497190605510294,,,,,,,"not_applicable",-0.698781814314328,17,"unlabelled_projection","",FALSE,FALSE,FALSE,FALSE,TRUE,TRUE,FALSE,"integration",1,"binary","Null","record_equal","e0e37823be5a93f0208dd5dfc4ef8b4643feb365f9405c81245a812cb29eb161","INTEGRATION_TEST_ONLY"
"synthetic_04","SYN_4_4","SYNEXP_4_4","SYNTHETIC_UNEQUAL_V32","count",1,,0.497190605510294,,,,,,,"not_applicable",-0.698781814314328,19,"unlabelled_projection","",FALSE,FALSE,FALSE,FALSE,TRUE,TRUE,FALSE,"integration",1,"binary","Null","record_equal","e0e37823be5a93f0208dd5dfc4ef8b4643feb365f9405c81245a812cb29eb161","INTEGRATION_TEST_ONLY"
"synthetic_04","SYN_4_5","SYNEXP_4_5","SYNTHETIC_UNEQUAL_V32","exact",0,,0.497190605510294,,,,,,,"not_applicable",-0.687544118093526,20,"unlabelled_projection","",FALSE,FALSE,FALSE,FALSE,TRUE,TRUE,FALSE,"integration",1,"binary","Null","record_equal","e0e37823be5a93f0208dd5dfc4ef8b4643feb365f9405c81245a812cb29eb161","INTEGRATION_TEST_ONLY"
"synthetic_04","SYN_4_7","SYNEXP_4_7","SYNTHETIC_UNEQUAL_V32","count",0,,0.497190605510294,,,,,,,"not_applicable",-0.687544118093526,22,"unlabelled_projection","",FALSE,FALSE,FALSE,FALSE,TRUE,TRUE,FALSE,"integration",1,"binary","Null","record_equal","e0e37823be5a93f0208dd5dfc4ef8b4643feb365f9405c81245a812cb29eb161","INTEGRATION_TEST_ONLY"
"synthetic_05","SYN_5_1","SYNEXP_5_1","SYNTHETIC_UNEQUAL_V32","count",1,,0.497190605510294,,,,,,,"not_applicable",-0.698781814314328,23,"unlabelled_projection","",FALSE,FALSE,FALSE,FALSE,TRUE,TRUE,FALSE,"integration",1,"binary","Null","record_equal","e0e37823be5a93f0208dd5dfc4ef8b4643feb365f9405c81245a812cb29eb161","INTEGRATION_TEST_ONLY"
"synthetic_05","SYN_5_2","SYNEXP_5_2","SYNTHETIC_UNEQUAL_V32","exact",0,,0.497190605510294,,,,,,,"not_applicable",-0.687544118093526,24,"unlabelled_projection","",FALSE,FALSE,FALSE,FALSE,TRUE,TRUE,FALSE,"integration",1,"binary","Null","record_equal","e0e37823be5a93f0208dd5dfc4ef8b4643feb365f9405c81245a812cb29eb161","INTEGRATION_TEST_ONLY"
"synthetic_05","SYN_5_4","SYNEXP_5_4","SYNTHETIC_UNEQUAL_V32","count",0,,0.497190605510294,,,,,,,"not_applicable",-0.687544118093526,26,"unlabelled_projection","",FALSE,FALSE,FALSE,FALSE,TRUE,TRUE,FALSE,"integration",1,"binary","Null","record_equal","e0e37823be5a93f0208dd5dfc4ef8b4643feb365f9405c81245a812cb29eb161","INTEGRATION_TEST_ONLY"
"synthetic_05","SYN_5_5","SYNEXP_5_5","SYNTHETIC_UNEQUAL_V32","exact",1,,0.497190605510294,,,,,,,"not_applicable",-0.698781814314328,27,"unlabelled_projection","",FALSE,FALSE,FALSE,FALSE,TRUE,TRUE,FALSE,"integration",1,"binary","Null","record_equal","e0e37823be5a93f0208dd5dfc4ef8b4643feb365f9405c81245a812cb29eb161","INTEGRATION_TEST_ONLY"
"synthetic_05","SYN_5_7","SYNEXP_5_7","SYNTHETIC_UNEQUAL_V32","count",1,,0.497190605510294,,,,,,,"not_applicable",-0.698781814314328,29,"unlabelled_projection","",FALSE,FALSE,FALSE,FALSE,TRUE,TRUE,FALSE,"integration",1,"binary","Null","record_equal","e0e37823be5a93f0208dd5dfc4ef8b4643feb365f9405c81245a812cb29eb161","INTEGRATION_TEST_ONLY"
"synthetic_05","SYN_5_8","SYNEXP_5_8","SYNTHETIC_UNEQUAL_V32","exact",0,,0.497190605510294,,,,,,,"not_applicable",-0.687544118093526,30,"unlabelled_projection","",FALSE,FALSE,FALSE,FALSE,TRUE,TRUE,FALSE,"integration",1,"binary","Null","record_equal","e0e37823be5a93f0208dd5dfc4ef8b4643feb365f9405c81245a812cb29eb161","INTEGRATION_TEST_ONLY"
"synthetic_06","SYN_6_1","SYNEXP_6_1","SYNTHETIC_UNEQUAL_V32","count",0,,0.497190605510294,,,,,,,"not_applicable",-0.687544118093526,31,"unlabelled_projection","",FALSE,FALSE,FALSE,FALSE,TRUE,TRUE,FALSE,"integration",1,"binary","Null","record_equal","e0e37823be5a93f0208dd5dfc4ef8b4643feb365f9405c81245a812cb29eb161","INTEGRATION_TEST_ONLY"
"synthetic_06","SYN_6_2","SYNEXP_6_2","SYNTHETIC_UNEQUAL_V32","exact",1,,0.497190605510294,,,,,,,"not_applicable",-0.698781814314328,32,"unlabelled_projection","",FALSE,FALSE,FALSE,FALSE,TRUE,TRUE,FALSE,"integration",1,"binary","Null","record_equal","e0e37823be5a93f0208dd5dfc4ef8b4643feb365f9405c81245a812cb29eb161","INTEGRATION_TEST_ONLY"
"synthetic_06","SYN_6_4","SYNEXP_6_4","SYNTHETIC_UNEQUAL_V32","count",1,,0.497190605510294,,,,,,,"not_applicable",-0.698781814314328,34,"unlabelled_projection","",FALSE,FALSE,FALSE,FALSE,TRUE,TRUE,FALSE,"integration",1,"binary","Null","record_equal","e0e37823be5a93f0208dd5dfc4ef8b4643feb365f9405c81245a812cb29eb161","INTEGRATION_TEST_ONLY"
"synthetic_06","SYN_6_5","SYNEXP_6_5","SYNTHETIC_UNEQUAL_V32","exact",0,,0.497190605510294,,,,,,,"not_applicable",-0.687544118093526,35,"unlabelled_projection","",FALSE,FALSE,FALSE,FALSE,TRUE,TRUE,FALSE,"integration",1,"binary","Null","record_equal","e0e37823be5a93f0208dd5dfc4ef8b4643feb365f9405c81245a812cb29eb161","INTEGRATION_TEST_ONLY"
"synthetic_06","SYN_6_7","SYNEXP_6_7","SYNTHETIC_UNEQUAL_V32","count",0,,0.497190605510294,,,,,,,"not_applicable",-0.687544118093526,37,"unlabelled_projection","",FALSE,FALSE,FALSE,FALSE,TRUE,TRUE,FALSE,"integration",1,"binary","Null","record_equal","e0e37823be5a93f0208dd5dfc4ef8b4643feb365f9405c81245a812cb29eb161","INTEGRATION_TEST_ONLY"
"synthetic_06","SYN_6_8","SYNEXP_6_8","SYNTHETIC_UNEQUAL_V32","exact",1,,0.497190605510294,,,,,,,"not_applicable",-0.698781814314328,38,"unlabelled_projection","",FALSE,FALSE,FALSE,FALSE,TRUE,TRUE,FALSE,"integration",1,"binary","Null","record_equal","e0e37823be5a93f0208dd5dfc4ef8b4643feb365f9405c81245a812cb29eb161","INTEGRATION_TEST_ONLY"
"synthetic_07","SYN_7_1","SYNEXP_7_1","SYNTHETIC_UNEQUAL_V32","count",1,,0.466797431262345,,,,,,,"not_applicable",-0.761859881450461,40,"unlabelled_projection","",FALSE,FALSE,FALSE,FALSE,TRUE,TRUE,FALSE,"integration",2,"binary","Null","record_equal","cf33deb55e2cb4c8b7434722641299f770cfa60facb701434645401766276895","INTEGRATION_TEST_ONLY"
"synthetic_07","SYN_7_2","SYNEXP_7_2","SYNTHETIC_UNEQUAL_V32","exact",0,,0.466797431262345,,,,,,,"not_applicable",-0.628853873101689,41,"unlabelled_projection","",FALSE,FALSE,FALSE,FALSE,TRUE,TRUE,FALSE,"integration",2,"binary","Null","record_equal","cf33deb55e2cb4c8b7434722641299f770cfa60facb701434645401766276895","INTEGRATION_TEST_ONLY"
"synthetic_07","SYN_7_4","SYNEXP_7_4","SYNTHETIC_UNEQUAL_V32","count",0,,0.466797431262345,,,,,,,"not_applicable",-0.628853873101689,43,"unlabelled_projection","",FALSE,FALSE,FALSE,FALSE,TRUE,TRUE,FALSE,"integration",2,"binary","Null","record_equal","cf33deb55e2cb4c8b7434722641299f770cfa60facb701434645401766276895","INTEGRATION_TEST_ONLY"
"synthetic_07","SYN_7_5","SYNEXP_7_5","SYNTHETIC_UNEQUAL_V32","exact",1,,0.466797431262345,,,,,,,"not_applicable",-0.761859881450461,44,"unlabelled_projection","",FALSE,FALSE,FALSE,FALSE,TRUE,TRUE,FALSE,"integration",2,"binary","Null","record_equal","cf33deb55e2cb4c8b7434722641299f770cfa60facb701434645401766276895","INTEGRATION_TEST_ONLY"
"synthetic_07","SYN_7_7","SYNEXP_7_7","SYNTHETIC_UNEQUAL_V32","count",1,,0.466797431262345,,,,,,,"not_applicable",-0.761859881450461,46,"unlabelled_projection","",FALSE,FALSE,FALSE,FALSE,TRUE,TRUE,FALSE,"integration",2,"binary","Null","record_equal","cf33deb55e2cb4c8b7434722641299f770cfa60facb701434645401766276895","INTEGRATION_TEST_ONLY"
"synthetic_07","SYN_7_8","SYNEXP_7_8","SYNTHETIC_UNEQUAL_V32","exact",0,,0.466797431262345,,,,,,,"not_applicable",-0.628853873101689,47,"unlabelled_projection","",FALSE,FALSE,FALSE,FALSE,TRUE,TRUE,FALSE,"integration",2,"binary","Null","record_equal","cf33deb55e2cb4c8b7434722641299f770cfa60facb701434645401766276895","INTEGRATION_TEST_ONLY"
"synthetic_07","SYN_7_10","SYNEXP_7_10","SYNTHETIC_UNEQUAL_V32","count",0,,0.466797431262345,,,,,,,"not_applicable",-0.628853873101689,49,"unlabelled_projection","",FALSE,FALSE,FALSE,FALSE,TRUE,TRUE,FALSE,"integration",2,"binary","Null","record_equal","cf33deb55e2cb4c8b7434722641299f770cfa60facb701434645401766276895","INTEGRATION_TEST_ONLY"
"synthetic_08","SYN_8_1","SYNEXP_8_1","SYNTHETIC_UNEQUAL_V32","count",0,,0.466797431262345,,,,,,,"not_applicable",-0.628853873101689,50,"unlabelled_projection","",FALSE,FALSE,FALSE,FALSE,TRUE,TRUE,FALSE,"integration",2,"binary","Null","record_equal","cf33deb55e2cb4c8b7434722641299f770cfa60facb701434645401766276895","INTEGRATION_TEST_ONLY"
"synthetic_08","SYN_8_2","SYNEXP_8_2","SYNTHETIC_UNEQUAL_V32","exact",1,,0.466797431262345,,,,,,,"not_applicable",-0.761859881450461,51,"unlabelled_projection","",FALSE,FALSE,FALSE,FALSE,TRUE,TRUE,FALSE,"integration",2,"binary","Null","record_equal","cf33deb55e2cb4c8b7434722641299f770cfa60facb701434645401766276895","INTEGRATION_TEST_ONLY"
"synthetic_08","SYN_8_4","SYNEXP_8_4","SYNTHETIC_UNEQUAL_V32","count",1,,0.466797431262345,,,,,,,"not_applicable",-0.761859881450461,53,"unlabelled_projection","",FALSE,FALSE,FALSE,FALSE,TRUE,TRUE,FALSE,"integration",2,"binary","Null","record_equal","cf33deb55e2cb4c8b7434722641299f770cfa60facb701434645401766276895","INTEGRATION_TEST_ONLY"
"synthetic_08","SYN_8_5","SYNEXP_8_5","SYNTHETIC_UNEQUAL_V32","exact",0,,0.466797431262345,,,,,,,"not_applicable",-0.628853873101689,54,"unlabelled_projection","",FALSE,FALSE,FALSE,FALSE,TRUE,TRUE,FALSE,"integration",2,"binary","Null","record_equal","cf33deb55e2cb4c8b7434722641299f770cfa60facb701434645401766276895","INTEGRATION_TEST_ONLY"
"synthetic_08","SYN_8_7","SYNEXP_8_7","SYNTHETIC_UNEQUAL_V32","count",0,,0.466797431262345,,,,,,,"not_applicable",-0.628853873101689,56,"unlabelled_projection","",FALSE,FALSE,FALSE,FALSE,TRUE,TRUE,FALSE,"integration",2,"binary","Null","record_equal","cf33deb55e2cb4c8b7434722641299f770cfa60facb701434645401766276895","INTEGRATION_TEST_ONLY"
"synthetic_08","SYN_8_8","SYNEXP_8_8","SYNTHETIC_UNEQUAL_V32","exact",1,,0.466797431262345,,,,,,,"not_applicable",-0.761859881450461,57,"unlabelled_projection","",FALSE,FALSE,FALSE,FALSE,TRUE,TRUE,FALSE,"integration",2,"binary","Null","record_equal","cf33deb55e2cb4c8b7434722641299f770cfa60facb701434645401766276895","INTEGRATION_TEST_ONLY"
"synthetic_08","SYN_8_10","SYNEXP_8_10","SYNTHETIC_UNEQUAL_V32","count",1,,0.466797431262345,,,,,,,"not_applicable",-0.761859881450461,59,"unlabelled_projection","",FALSE,FALSE,FALSE,FALSE,TRUE,TRUE,FALSE,"integration",2,"binary","Null","record_equal","cf33deb55e2cb4c8b7434722641299f770cfa60facb701434645401766276895","INTEGRATION_TEST_ONLY"
"synthetic_08","SYN_8_11","SYNEXP_8_11","SYNTHETIC_UNEQUAL_V32","exact",0,,0.466797431262345,,,,,,,"not_applicable",-0.628853873101689,60,"unlabelled_projection","",FALSE,FALSE,FALSE,FALSE,TRUE,TRUE,FALSE,"integration",2,"binary","Null","record_equal","cf33deb55e2cb4c8b7434722641299f770cfa60facb701434645401766276895","INTEGRATION_TEST_ONLY"
"synthetic_09","SYN_9_1","SYNEXP_9_1","SYNTHETIC_UNEQUAL_V32","count",1,,0.466797431262345,,,,,,,"not_applicable",-0.761859881450461,61,"unlabelled_projection","",TRUE,FALSE,FALSE,FALSE,TRUE,TRUE,FALSE,"integration",2,"binary","Null","record_equal","cf33deb55e2cb4c8b7434722641299f770cfa60facb701434645401766276895","INTEGRATION_TEST_ONLY"
"synthetic_09","SYN_9_2","SYNEXP_9_2","SYNTHETIC_UNEQUAL_V32","exact",0,,0.466797431262345,,,,,,,"not_applicable",-0.628853873101689,62,"unlabelled_projection","",TRUE,FALSE,FALSE,FALSE,TRUE,TRUE,FALSE,"integration",2,"binary","Null","record_equal","cf33deb55e2cb4c8b7434722641299f770cfa60facb701434645401766276895","INTEGRATION_TEST_ONLY"
"synthetic_09","SYN_9_4","SYNEXP_9_4","SYNTHETIC_UNEQUAL_V32","count",0,,0.466797431262345,,,,,,,"not_applicable",-0.628853873101689,64,"unlabelled_projection","",TRUE,FALSE,FALSE,FALSE,TRUE,TRUE,FALSE,"integration",2,"binary","Null","record_equal","cf33deb55e2cb4c8b7434722641299f770cfa60facb701434645401766276895","INTEGRATION_TEST_ONLY"
"synthetic_09","SYN_9_5","SYNEXP_9_5","SYNTHETIC_UNEQUAL_V32","exact",1,,0.466797431262345,,,,,,,"not_applicable",-0.761859881450461,65,"unlabelled_projection","",TRUE,FALSE,FALSE,FALSE,TRUE,TRUE,FALSE,"integration",2,"binary","Null","record_equal","cf33deb55e2cb4c8b7434722641299f770cfa60facb701434645401766276895","INTEGRATION_TEST_ONLY"
"synthetic_09","SYN_9_7","SYNEXP_9_7","SYNTHETIC_UNEQUAL_V32","count",1,,0.466797431262345,,,,,,,"not_applicable",-0.761859881450461,67,"unlabelled_projection","",TRUE,FALSE,FALSE,FALSE,TRUE,TRUE,FALSE,"integration",2,"binary","Null","record_equal","cf33deb55e2cb4c8b7434722641299f770cfa60facb701434645401766276895","INTEGRATION_TEST_ONLY"
"synthetic_09","SYN_9_8","SYNEXP_9_8","SYNTHETIC_UNEQUAL_V32","exact",0,,0.466797431262345,,,,,,,"not_applicable",-0.628853873101689,68,"unlabelled_projection","",TRUE,FALSE,FALSE,FALSE,TRUE,TRUE,FALSE,"integration",2,"binary","Null","record_equal","cf33deb55e2cb4c8b7434722641299f770cfa60facb701434645401766276895","INTEGRATION_TEST_ONLY"
"synthetic_09","SYN_9_10","SYNEXP_9_10","SYNTHETIC_UNEQUAL_V32","count",0,,0.466797431262345,,,,,,,"not_applicable",-0.628853873101689,70,"unlabelled_projection","",TRUE,FALSE,FALSE,FALSE,TRUE,TRUE,FALSE,"integration",2,"binary","Null","record_equal","cf33deb55e2cb4c8b7434722641299f770cfa60facb701434645401766276895","INTEGRATION_TEST_ONLY"
"synthetic_09","SYN_9_11","SYNEXP_9_11","SYNTHETIC_UNEQUAL_V32","exact",1,,0.466797431262345,,,,,,,"not_applicable",-0.761859881450461,71,"unlabelled_projection","",TRUE,FALSE,FALSE,FALSE,TRUE,TRUE,FALSE,"integration",2,"binary","Null","record_equal","cf33deb55e2cb4c8b7434722641299f770cfa60facb701434645401766276895","INTEGRATION_TEST_ONLY"
"synthetic_10","SYN_10_1","SYNEXP_10_1","SYNTHETIC_UNEQUAL_V32","count",0,,0.466797431262345,,,,,,,"not_applicable",-0.628853873101689,73,"unlabelled_projection","",FALSE,FALSE,FALSE,FALSE,TRUE,TRUE,FALSE,"integration",2,"binary","Null","record_equal","cf33deb55e2cb4c8b7434722641299f770cfa60facb701434645401766276895","INTEGRATION_TEST_ONLY"
"synthetic_10","SYN_10_2","SYNEXP_10_2","SYNTHETIC_UNEQUAL_V32","exact",1,,0.466797431262345,,,,,,,"not_applicable",-0.761859881450461,74,"unlabelled_projection","",FALSE,FALSE,FALSE,FALSE,TRUE,TRUE,FALSE,"integration",2,"binary","Null","record_equal","cf33deb55e2cb4c8b7434722641299f770cfa60facb701434645401766276895","INTEGRATION_TEST_ONLY"
"synthetic_10","SYN_10_4","SYNEXP_10_4","SYNTHETIC_UNEQUAL_V32","count",1,,0.466797431262345,,,,,,,"not_applicable",-0.761859881450461,76,"unlabelled_projection","",FALSE,FALSE,FALSE,FALSE,TRUE,TRUE,FALSE,"integration",2,"binary","Null","record_equal","cf33deb55e2cb4c8b7434722641299f770cfa60facb701434645401766276895","INTEGRATION_TEST_ONLY"
"synthetic_10","SYN_10_5","SYNEXP_10_5","SYNTHETIC_UNEQUAL_V32","exact",0,,0.466797431262345,,,,,,,"not_applicable",-0.628853873101689,77,"unlabelled_projection","",FALSE,FALSE,FALSE,FALSE,TRUE,TRUE,FALSE,"integration",2,"binary","Null","record_equal","cf33deb55e2cb4c8b7434722641299f770cfa60facb701434645401766276895","INTEGRATION_TEST_ONLY"
"synthetic_10","SYN_10_7","SYNEXP_10_7","SYNTHETIC_UNEQUAL_V32","count",0,,0.466797431262345,,,,,,,"not_applicable",-0.628853873101689,79,"unlabelled_projection","",FALSE,FALSE,FALSE,FALSE,TRUE,TRUE,FALSE,"integration",2,"binary","Null","record_equal","cf33deb55e2cb4c8b7434722641299f770cfa60facb701434645401766276895","INTEGRATION_TEST_ONLY"
"synthetic_10","SYN_10_8","SYNEXP_10_8","SYNTHETIC_UNEQUAL_V32","exact",1,,0.466797431262345,,,,,,,"not_applicable",-0.761859881450461,80,"unlabelled_projection","",FALSE,FALSE,FALSE,FALSE,TRUE,TRUE,FALSE,"integration",2,"binary","Null","record_equal","cf33deb55e2cb4c8b7434722641299f770cfa60facb701434645401766276895","INTEGRATION_TEST_ONLY"
"synthetic_10","SYN_10_10","SYNEXP_10_10","SYNTHETIC_UNEQUAL_V32","count",1,,0.466797431262345,,,,,,,"not_applicable",-0.761859881450461,82,"unlabelled_projection","",FALSE,FALSE,FALSE,FALSE,TRUE,TRUE,FALSE,"integration",2,"binary","Null","record_equal","cf33deb55e2cb4c8b7434722641299f770cfa60facb701434645401766276895","INTEGRATION_TEST_ONLY"
"synthetic_10","SYN_10_11","SYNEXP_10_11","SYNTHETIC_UNEQUAL_V32","exact",0,,0.466797431262345,,,,,,,"not_applicable",-0.628853873101689,83,"unlabelled_projection","",FALSE,FALSE,FALSE,FALSE,TRUE,TRUE,FALSE,"integration",2,"binary","Null","record_equal","cf33deb55e2cb4c8b7434722641299f770cfa60facb701434645401766276895","INTEGRATION_TEST_ONLY"
"synthetic_10","SYN_10_13","SYNEXP_10_13","SYNTHETIC_UNEQUAL_V32","count",0,,0.466797431262345,,,,,,,"not_applicable",-0.628853873101689,85,"unlabelled_projection","",FALSE,FALSE,FALSE,FALSE,TRUE,TRUE,FALSE,"integration",2,"binary","Null","record_equal","cf33deb55e2cb4c8b7434722641299f770cfa60facb701434645401766276895","INTEGRATION_TEST_ONLY"
"synthetic_11","SYN_11_1","SYNEXP_11_1","SYNTHETIC_UNEQUAL_V32","count",1,,0.466797431262345,,,,,,,"not_applicable",-0.761859881450461,86,"unlabelled_projection","",TRUE,FALSE,FALSE,FALSE,TRUE,TRUE,FALSE,"integration",2,"binary","Null","record_equal","cf33deb55e2cb4c8b7434722641299f770cfa60facb701434645401766276895","INTEGRATION_TEST_ONLY"
"synthetic_11","SYN_11_2","SYNEXP_11_2","SYNTHETIC_UNEQUAL_V32","exact",0,,0.466797431262345,,,,,,,"not_applicable",-0.628853873101689,87,"unlabelled_projection","",TRUE,FALSE,FALSE,FALSE,TRUE,TRUE,FALSE,"integration",2,"binary","Null","record_equal","cf33deb55e2cb4c8b7434722641299f770cfa60facb701434645401766276895","INTEGRATION_TEST_ONLY"
"synthetic_11","SYN_11_4","SYNEXP_11_4","SYNTHETIC_UNEQUAL_V32","count",0,,0.466797431262345,,,,,,,"not_applicable",-0.628853873101689,89,"unlabelled_projection","",TRUE,FALSE,FALSE,FALSE,TRUE,TRUE,FALSE,"integration",2,"binary","Null","record_equal","cf33deb55e2cb4c8b7434722641299f770cfa60facb701434645401766276895","INTEGRATION_TEST_ONLY"
"synthetic_11","SYN_11_5","SYNEXP_11_5","SYNTHETIC_UNEQUAL_V32","exact",1,,0.466797431262345,,,,,,,"not_applicable",-0.761859881450461,90,"unlabelled_projection","",TRUE,FALSE,FALSE,FALSE,TRUE,TRUE,FALSE,"integration",2,"binary","Null","record_equal","cf33deb55e2cb4c8b7434722641299f770cfa60facb701434645401766276895","INTEGRATION_TEST_ONLY"
"synthetic_11","SYN_11_7","SYNEXP_11_7","SYNTHETIC_UNEQUAL_V32","count",1,,0.466797431262345,,,,,,,"not_applicable",-0.761859881450461,92,"unlabelled_projection","",TRUE,FALSE,FALSE,FALSE,TRUE,TRUE,FALSE,"integration",2,"binary","Null","record_equal","cf33deb55e2cb4c8b7434722641299f770cfa60facb701434645401766276895","INTEGRATION_TEST_ONLY"
"synthetic_11","SYN_11_8","SYNEXP_11_8","SYNTHETIC_UNEQUAL_V32","exact",0,,0.466797431262345,,,,,,,"not_applicable",-0.628853873101689,93,"unlabelled_projection","",TRUE,FALSE,FALSE,FALSE,TRUE,TRUE,FALSE,"integration",2,"binary","Null","record_equal","cf33deb55e2cb4c8b7434722641299f770cfa60facb701434645401766276895","INTEGRATION_TEST_ONLY"
"synthetic_11","SYN_11_10","SYNEXP_11_10","SYNTHETIC_UNEQUAL_V32","count",0,,0.466797431262345,,,,,,,"not_applicable",-0.628853873101689,95,"unlabelled_projection","",TRUE,FALSE,FALSE,FALSE,TRUE,TRUE,FALSE,"integration",2,"binary","Null","record_equal","cf33deb55e2cb4c8b7434722641299f770cfa60facb701434645401766276895","INTEGRATION_TEST_ONLY"
"synthetic_11","SYN_11_11","SYNEXP_11_11","SYNTHETIC_UNEQUAL_V32","exact",1,,0.466797431262345,,,,,,,"not_applicable",-0.761859881450461,96,"unlabelled_projection","",TRUE,FALSE,FALSE,FALSE,TRUE,TRUE,FALSE,"integration",2,"binary","Null","record_equal","cf33deb55e2cb4c8b7434722641299f770cfa60facb701434645401766276895","INTEGRATION_TEST_ONLY"
"synthetic_11","SYN_11_13","SYNEXP_11_13","SYNTHETIC_UNEQUAL_V32","count",1,,0.466797431262345,,,,,,,"not_applicable",-0.761859881450461,98,"unlabelled_projection","",TRUE,FALSE,FALSE,FALSE,TRUE,TRUE,FALSE,"integration",2,"binary","Null","record_equal","cf33deb55e2cb4c8b7434722641299f770cfa60facb701434645401766276895","INTEGRATION_TEST_ONLY"
"synthetic_11","SYN_11_14","SYNEXP_11_14","SYNTHETIC_UNEQUAL_V32","exact",1,,0.466797431262345,,,,,,,"not_applicable",-0.761859881450461,99,"unlabelled_projection","",TRUE,FALSE,FALSE,FALSE,TRUE,TRUE,FALSE,"integration",2,"binary","Null","record_equal","cf33deb55e2cb4c8b7434722641299f770cfa60facb701434645401766276895","INTEGRATION_TEST_ONLY"
"synthetic_01","SYN_1_1","SYNEXP_1_1","SYNTHETIC_UNEQUAL_V32","count",1,,0.499007327912378,,,,,,,"not_applicable",-0.695134498143299,1,"unlabelled_projection","",FALSE,FALSE,FALSE,FALSE,TRUE,TRUE,FALSE,"integration",1,"binary","Null","species_equal","d3d08bd3b56213ee475df2b6b8c4ec86d489b671ab7f0e667c4f4a2897b61fcc","INTEGRATION_TEST_ONLY"
"synthetic_01","SYN_1_2","SYNEXP_1_2","SYNTHETIC_UNEQUAL_V32","exact",0,,0.499007327912378,,,,,,,"not_applicable",-0.691163804575854,2,"unlabelled_projection","",FALSE,FALSE,FALSE,FALSE,TRUE,TRUE,FALSE,"integration",1,"binary","Null","species_equal","d3d08bd3b56213ee475df2b6b8c4ec86d489b671ab7f0e667c4f4a2897b61fcc","INTEGRATION_TEST_ONLY"
"synthetic_01","SYN_1_4","SYNEXP_1_4","SYNTHETIC_UNEQUAL_V32","count",0,,0.499007327912378,,,,,,,"not_applicable",-0.691163804575854,4,"unlabelled_projection","",FALSE,FALSE,FALSE,FALSE,TRUE,TRUE,FALSE,"integration",1,"binary","Null","species_equal","d3d08bd3b56213ee475df2b6b8c4ec86d489b671ab7f0e667c4f4a2897b61fcc","INTEGRATION_TEST_ONLY"
"synthetic_02","SYN_2_1","SYNEXP_2_1","SYNTHETIC_UNEQUAL_V32","count",0,,0.499007327912378,,,,,,,"not_applicable",-0.691163804575854,5,"unlabelled_projection","",FALSE,FALSE,FALSE,FALSE,TRUE,TRUE,FALSE,"integration",1,"binary","Null","species_equal","d3d08bd3b56213ee475df2b6b8c4ec86d489b671ab7f0e667c4f4a2897b61fcc","INTEGRATION_TEST_ONLY"
"synthetic_02","SYN_2_2","SYNEXP_2_2","SYNTHETIC_UNEQUAL_V32","exact",1,,0.499007327912378,,,,,,,"not_applicable",-0.695134498143299,6,"unlabelled_projection","",FALSE,FALSE,FALSE,FALSE,TRUE,TRUE,FALSE,"integration",1,"binary","Null","species_equal","d3d08bd3b56213ee475df2b6b8c4ec86d489b671ab7f0e667c4f4a2897b61fcc","INTEGRATION_TEST_ONLY"
"synthetic_02","SYN_2_4","SYNEXP_2_4","SYNTHETIC_UNEQUAL_V32","count",1,,0.499007327912378,,,,,,,"not_applicable",-0.695134498143299,8,"unlabelled_projection","",FALSE,FALSE,FALSE,FALSE,TRUE,TRUE,FALSE,"integration",1,"binary","Null","species_equal","d3d08bd3b56213ee475df2b6b8c4ec86d489b671ab7f0e667c4f4a2897b61fcc","INTEGRATION_TEST_ONLY"
"synthetic_02","SYN_2_5","SYNEXP_2_5","SYNTHETIC_UNEQUAL_V32","exact",0,,0.499007327912378,,,,,,,"not_applicable",-0.691163804575854,9,"unlabelled_projection","",FALSE,FALSE,FALSE,FALSE,TRUE,TRUE,FALSE,"integration",1,"binary","Null","species_equal","d3d08bd3b56213ee475df2b6b8c4ec86d489b671ab7f0e667c4f4a2897b61fcc","INTEGRATION_TEST_ONLY"
"synthetic_03","SYN_3_1","SYNEXP_3_1","SYNTHETIC_UNEQUAL_V32","count",1,,0.499007327912378,,,,,,,"not_applicable",-0.695134498143299,10,"unlabelled_projection","",FALSE,FALSE,FALSE,FALSE,TRUE,TRUE,FALSE,"integration",1,"binary","Null","species_equal","d3d08bd3b56213ee475df2b6b8c4ec86d489b671ab7f0e667c4f4a2897b61fcc","INTEGRATION_TEST_ONLY"
"synthetic_03","SYN_3_2","SYNEXP_3_2","SYNTHETIC_UNEQUAL_V32","exact",0,,0.499007327912378,,,,,,,"not_applicable",-0.691163804575854,11,"unlabelled_projection","",FALSE,FALSE,FALSE,FALSE,TRUE,TRUE,FALSE,"integration",1,"binary","Null","species_equal","d3d08bd3b56213ee475df2b6b8c4ec86d489b671ab7f0e667c4f4a2897b61fcc","INTEGRATION_TEST_ONLY"
"synthetic_03","SYN_3_4","SYNEXP_3_4","SYNTHETIC_UNEQUAL_V32","count",0,,0.499007327912378,,,,,,,"not_applicable",-0.691163804575854,13,"unlabelled_projection","",FALSE,FALSE,FALSE,FALSE,TRUE,TRUE,FALSE,"integration",1,"binary","Null","species_equal","d3d08bd3b56213ee475df2b6b8c4ec86d489b671ab7f0e667c4f4a2897b61fcc","INTEGRATION_TEST_ONLY"
"synthetic_03","SYN_3_5","SYNEXP_3_5","SYNTHETIC_UNEQUAL_V32","exact",1,,0.499007327912378,,,,,,,"not_applicable",-0.695134498143299,14,"unlabelled_projection","",FALSE,FALSE,FALSE,FALSE,TRUE,TRUE,FALSE,"integration",1,"binary","Null","species_equal","d3d08bd3b56213ee475df2b6b8c4ec86d489b671ab7f0e667c4f4a2897b61fcc","INTEGRATION_TEST_ONLY"
"synthetic_04","SYN_4_1","SYNEXP_4_1","SYNTHETIC_UNEQUAL_V32","count",0,,0.499007327912378,,,,,,,"not_applicable",-0.691163804575854,16,"unlabelled_projection","",FALSE,FALSE,FALSE,FALSE,TRUE,TRUE,FALSE,"integration",1,"binary","Null","species_equal","d3d08bd3b56213ee475df2b6b8c4ec86d489b671ab7f0e667c4f4a2897b61fcc","INTEGRATION_TEST_ONLY"
"synthetic_04","SYN_4_2","SYNEXP_4_2","SYNTHETIC_UNEQUAL_V32","exact",1,,0.499007327912378,,,,,,,"not_applicable",-0.695134498143299,17,"unlabelled_projection","",FALSE,FALSE,FALSE,FALSE,TRUE,TRUE,FALSE,"integration",1,"binary","Null","species_equal","d3d08bd3b56213ee475df2b6b8c4ec86d489b671ab7f0e667c4f4a2897b61fcc","INTEGRATION_TEST_ONLY"
"synthetic_04","SYN_4_4","SYNEXP_4_4","SYNTHETIC_UNEQUAL_V32","count",1,,0.499007327912378,,,,,,,"not_applicable",-0.695134498143299,19,"unlabelled_projection","",FALSE,FALSE,FALSE,FALSE,TRUE,TRUE,FALSE,"integration",1,"binary","Null","species_equal","d3d08bd3b56213ee475df2b6b8c4ec86d489b671ab7f0e667c4f4a2897b61fcc","INTEGRATION_TEST_ONLY"
"synthetic_04","SYN_4_5","SYNEXP_4_5","SYNTHETIC_UNEQUAL_V32","exact",0,,0.499007327912378,,,,,,,"not_applicable",-0.691163804575854,20,"unlabelled_projection","",FALSE,FALSE,FALSE,FALSE,TRUE,TRUE,FALSE,"integration",1,"binary","Null","species_equal","d3d08bd3b56213ee475df2b6b8c4ec86d489b671ab7f0e667c4f4a2897b61fcc","INTEGRATION_TEST_ONLY"
"synthetic_04","SYN_4_7","SYNEXP_4_7","SYNTHETIC_UNEQUAL_V32","count",0,,0.499007327912378,,,,,,,"not_applicable",-0.691163804575854,22,"unlabelled_projection","",FALSE,FALSE,FALSE,FALSE,TRUE,TRUE,FALSE,"integration",1,"binary","Null","species_equal","d3d08bd3b56213ee475df2b6b8c4ec86d489b671ab7f0e667c4f4a2897b61fcc","INTEGRATION_TEST_ONLY"
"synthetic_05","SYN_5_1","SYNEXP_5_1","SYNTHETIC_UNEQUAL_V32","count",1,,0.499007327912378,,,,,,,"not_applicable",-0.695134498143299,23,"unlabelled_projection","",FALSE,FALSE,FALSE,FALSE,TRUE,TRUE,FALSE,"integration",1,"binary","Null","species_equal","d3d08bd3b56213ee475df2b6b8c4ec86d489b671ab7f0e667c4f4a2897b61fcc","INTEGRATION_TEST_ONLY"
"synthetic_05","SYN_5_2","SYNEXP_5_2","SYNTHETIC_UNEQUAL_V32","exact",0,,0.499007327912378,,,,,,,"not_applicable",-0.691163804575854,24,"unlabelled_projection","",FALSE,FALSE,FALSE,FALSE,TRUE,TRUE,FALSE,"integration",1,"binary","Null","species_equal","d3d08bd3b56213ee475df2b6b8c4ec86d489b671ab7f0e667c4f4a2897b61fcc","INTEGRATION_TEST_ONLY"
"synthetic_05","SYN_5_4","SYNEXP_5_4","SYNTHETIC_UNEQUAL_V32","count",0,,0.499007327912378,,,,,,,"not_applicable",-0.691163804575854,26,"unlabelled_projection","",FALSE,FALSE,FALSE,FALSE,TRUE,TRUE,FALSE,"integration",1,"binary","Null","species_equal","d3d08bd3b56213ee475df2b6b8c4ec86d489b671ab7f0e667c4f4a2897b61fcc","INTEGRATION_TEST_ONLY"
"synthetic_05","SYN_5_5","SYNEXP_5_5","SYNTHETIC_UNEQUAL_V32","exact",1,,0.499007327912378,,,,,,,"not_applicable",-0.695134498143299,27,"unlabelled_projection","",FALSE,FALSE,FALSE,FALSE,TRUE,TRUE,FALSE,"integration",1,"binary","Null","species_equal","d3d08bd3b56213ee475df2b6b8c4ec86d489b671ab7f0e667c4f4a2897b61fcc","INTEGRATION_TEST_ONLY"
"synthetic_05","SYN_5_7","SYNEXP_5_7","SYNTHETIC_UNEQUAL_V32","count",1,,0.499007327912378,,,,,,,"not_applicable",-0.695134498143299,29,"unlabelled_projection","",FALSE,FALSE,FALSE,FALSE,TRUE,TRUE,FALSE,"integration",1,"binary","Null","species_equal","d3d08bd3b56213ee475df2b6b8c4ec86d489b671ab7f0e667c4f4a2897b61fcc","INTEGRATION_TEST_ONLY"
"synthetic_05","SYN_5_8","SYNEXP_5_8","SYNTHETIC_UNEQUAL_V32","exact",0,,0.499007327912378,,,,,,,"not_applicable",-0.691163804575854,30,"unlabelled_projection","",FALSE,FALSE,FALSE,FALSE,TRUE,TRUE,FALSE,"integration",1,"binary","Null","species_equal","d3d08bd3b56213ee475df2b6b8c4ec86d489b671ab7f0e667c4f4a2897b61fcc","INTEGRATION_TEST_ONLY"
"synthetic_06","SYN_6_1","SYNEXP_6_1","SYNTHETIC_UNEQUAL_V32","count",0,,0.499007327912378,,,,,,,"not_applicable",-0.691163804575854,31,"unlabelled_projection","",FALSE,FALSE,FALSE,FALSE,TRUE,TRUE,FALSE,"integration",1,"binary","Null","species_equal","d3d08bd3b56213ee475df2b6b8c4ec86d489b671ab7f0e667c4f4a2897b61fcc","INTEGRATION_TEST_ONLY"
"synthetic_06","SYN_6_2","SYNEXP_6_2","SYNTHETIC_UNEQUAL_V32","exact",1,,0.499007327912378,,,,,,,"not_applicable",-0.695134498143299,32,"unlabelled_projection","",FALSE,FALSE,FALSE,FALSE,TRUE,TRUE,FALSE,"integration",1,"binary","Null","species_equal","d3d08bd3b56213ee475df2b6b8c4ec86d489b671ab7f0e667c4f4a2897b61fcc","INTEGRATION_TEST_ONLY"
"synthetic_06","SYN_6_4","SYNEXP_6_4","SYNTHETIC_UNEQUAL_V32","count",1,,0.499007327912378,,,,,,,"not_applicable",-0.695134498143299,34,"unlabelled_projection","",FALSE,FALSE,FALSE,FALSE,TRUE,TRUE,FALSE,"integration",1,"binary","Null","species_equal","d3d08bd3b56213ee475df2b6b8c4ec86d489b671ab7f0e667c4f4a2897b61fcc","INTEGRATION_TEST_ONLY"
"synthetic_06","SYN_6_5","SYNEXP_6_5","SYNTHETIC_UNEQUAL_V32","exact",0,,0.499007327912378,,,,,,,"not_applicable",-0.691163804575854,35,"unlabelled_projection","",FALSE,FALSE,FALSE,FALSE,TRUE,TRUE,FALSE,"integration",1,"binary","Null","species_equal","d3d08bd3b56213ee475df2b6b8c4ec86d489b671ab7f0e667c4f4a2897b61fcc","INTEGRATION_TEST_ONLY"
"synthetic_06","SYN_6_7","SYNEXP_6_7","SYNTHETIC_UNEQUAL_V32","count",0,,0.499007327912378,,,,,,,"not_applicable",-0.691163804575854,37,"unlabelled_projection","",FALSE,FALSE,FALSE,FALSE,TRUE,TRUE,FALSE,"integration",1,"binary","Null","species_equal","d3d08bd3b56213ee475df2b6b8c4ec86d489b671ab7f0e667c4f4a2897b61fcc","INTEGRATION_TEST_ONLY"
"synthetic_06","SYN_6_8","SYNEXP_6_8","SYNTHETIC_UNEQUAL_V32","exact",1,,0.499007327912378,,,,,,,"not_applicable",-0.695134498143299,38,"unlabelled_projection","",FALSE,FALSE,FALSE,FALSE,TRUE,TRUE,FALSE,"integration",1,"binary","Null","species_equal","d3d08bd3b56213ee475df2b6b8c4ec86d489b671ab7f0e667c4f4a2897b61fcc","INTEGRATION_TEST_ONLY"
"synthetic_07","SYN_7_1","SYNEXP_7_1","SYNTHETIC_UNEQUAL_V32","count",1,,0.466141661418815,,,,,,,"not_applicable",-0.763265696592469,40,"unlabelled_projection","",FALSE,FALSE,FALSE,FALSE,TRUE,TRUE,FALSE,"integration",2,"binary","Null","species_equal","32fbdf29abb04b9a70b1264f43ceff288cdbf708fde57ceba750f502a945b2bf","INTEGRATION_TEST_ONLY"
"synthetic_07","SYN_7_2","SYNEXP_7_2","SYNTHETIC_UNEQUAL_V32","exact",0,,0.466141661418815,,,,,,,"not_applicable",-0.627624758771682,41,"unlabelled_projection","",FALSE,FALSE,FALSE,FALSE,TRUE,TRUE,FALSE,"integration",2,"binary","Null","species_equal","32fbdf29abb04b9a70b1264f43ceff288cdbf708fde57ceba750f502a945b2bf","INTEGRATION_TEST_ONLY"
"synthetic_07","SYN_7_4","SYNEXP_7_4","SYNTHETIC_UNEQUAL_V32","count",0,,0.466141661418815,,,,,,,"not_applicable",-0.627624758771682,43,"unlabelled_projection","",FALSE,FALSE,FALSE,FALSE,TRUE,TRUE,FALSE,"integration",2,"binary","Null","species_equal","32fbdf29abb04b9a70b1264f43ceff288cdbf708fde57ceba750f502a945b2bf","INTEGRATION_TEST_ONLY"
"synthetic_07","SYN_7_5","SYNEXP_7_5","SYNTHETIC_UNEQUAL_V32","exact",1,,0.466141661418815,,,,,,,"not_applicable",-0.763265696592469,44,"unlabelled_projection","",FALSE,FALSE,FALSE,FALSE,TRUE,TRUE,FALSE,"integration",2,"binary","Null","species_equal","32fbdf29abb04b9a70b1264f43ceff288cdbf708fde57ceba750f502a945b2bf","INTEGRATION_TEST_ONLY"
"synthetic_07","SYN_7_7","SYNEXP_7_7","SYNTHETIC_UNEQUAL_V32","count",1,,0.466141661418815,,,,,,,"not_applicable",-0.763265696592469,46,"unlabelled_projection","",FALSE,FALSE,FALSE,FALSE,TRUE,TRUE,FALSE,"integration",2,"binary","Null","species_equal","32fbdf29abb04b9a70b1264f43ceff288cdbf708fde57ceba750f502a945b2bf","INTEGRATION_TEST_ONLY"
"synthetic_07","SYN_7_8","SYNEXP_7_8","SYNTHETIC_UNEQUAL_V32","exact",0,,0.466141661418815,,,,,,,"not_applicable",-0.627624758771682,47,"unlabelled_projection","",FALSE,FALSE,FALSE,FALSE,TRUE,TRUE,FALSE,"integration",2,"binary","Null","species_equal","32fbdf29abb04b9a70b1264f43ceff288cdbf708fde57ceba750f502a945b2bf","INTEGRATION_TEST_ONLY"
"synthetic_07","SYN_7_10","SYNEXP_7_10","SYNTHETIC_UNEQUAL_V32","count",0,,0.466141661418815,,,,,,,"not_applicable",-0.627624758771682,49,"unlabelled_projection","",FALSE,FALSE,FALSE,FALSE,TRUE,TRUE,FALSE,"integration",2,"binary","Null","species_equal","32fbdf29abb04b9a70b1264f43ceff288cdbf708fde57ceba750f502a945b2bf","INTEGRATION_TEST_ONLY"
"synthetic_08","SYN_8_1","SYNEXP_8_1","SYNTHETIC_UNEQUAL_V32","count",0,,0.466141661418815,,,,,,,"not_applicable",-0.627624758771682,50,"unlabelled_projection","",FALSE,FALSE,FALSE,FALSE,TRUE,TRUE,FALSE,"integration",2,"binary","Null","species_equal","32fbdf29abb04b9a70b1264f43ceff288cdbf708fde57ceba750f502a945b2bf","INTEGRATION_TEST_ONLY"
"synthetic_08","SYN_8_2","SYNEXP_8_2","SYNTHETIC_UNEQUAL_V32","exact",1,,0.466141661418815,,,,,,,"not_applicable",-0.763265696592469,51,"unlabelled_projection","",FALSE,FALSE,FALSE,FALSE,TRUE,TRUE,FALSE,"integration",2,"binary","Null","species_equal","32fbdf29abb04b9a70b1264f43ceff288cdbf708fde57ceba750f502a945b2bf","INTEGRATION_TEST_ONLY"
"synthetic_08","SYN_8_4","SYNEXP_8_4","SYNTHETIC_UNEQUAL_V32","count",1,,0.466141661418815,,,,,,,"not_applicable",-0.763265696592469,53,"unlabelled_projection","",FALSE,FALSE,FALSE,FALSE,TRUE,TRUE,FALSE,"integration",2,"binary","Null","species_equal","32fbdf29abb04b9a70b1264f43ceff288cdbf708fde57ceba750f502a945b2bf","INTEGRATION_TEST_ONLY"
"synthetic_08","SYN_8_5","SYNEXP_8_5","SYNTHETIC_UNEQUAL_V32","exact",0,,0.466141661418815,,,,,,,"not_applicable",-0.627624758771682,54,"unlabelled_projection","",FALSE,FALSE,FALSE,FALSE,TRUE,TRUE,FALSE,"integration",2,"binary","Null","species_equal","32fbdf29abb04b9a70b1264f43ceff288cdbf708fde57ceba750f502a945b2bf","INTEGRATION_TEST_ONLY"
"synthetic_08","SYN_8_7","SYNEXP_8_7","SYNTHETIC_UNEQUAL_V32","count",0,,0.466141661418815,,,,,,,"not_applicable",-0.627624758771682,56,"unlabelled_projection","",FALSE,FALSE,FALSE,FALSE,TRUE,TRUE,FALSE,"integration",2,"binary","Null","species_equal","32fbdf29abb04b9a70b1264f43ceff288cdbf708fde57ceba750f502a945b2bf","INTEGRATION_TEST_ONLY"
"synthetic_08","SYN_8_8","SYNEXP_8_8","SYNTHETIC_UNEQUAL_V32","exact",1,,0.466141661418815,,,,,,,"not_applicable",-0.763265696592469,57,"unlabelled_projection","",FALSE,FALSE,FALSE,FALSE,TRUE,TRUE,FALSE,"integration",2,"binary","Null","species_equal","32fbdf29abb04b9a70b1264f43ceff288cdbf708fde57ceba750f502a945b2bf","INTEGRATION_TEST_ONLY"
"synthetic_08","SYN_8_10","SYNEXP_8_10","SYNTHETIC_UNEQUAL_V32","count",1,,0.466141661418815,,,,,,,"not_applicable",-0.763265696592469,59,"unlabelled_projection","",FALSE,FALSE,FALSE,FALSE,TRUE,TRUE,FALSE,"integration",2,"binary","Null","species_equal","32fbdf29abb04b9a70b1264f43ceff288cdbf708fde57ceba750f502a945b2bf","INTEGRATION_TEST_ONLY"
"synthetic_08","SYN_8_11","SYNEXP_8_11","SYNTHETIC_UNEQUAL_V32","exact",0,,0.466141661418815,,,,,,,"not_applicable",-0.627624758771682,60,"unlabelled_projection","",FALSE,FALSE,FALSE,FALSE,TRUE,TRUE,FALSE,"integration",2,"binary","Null","species_equal","32fbdf29abb04b9a70b1264f43ceff288cdbf708fde57ceba750f502a945b2bf","INTEGRATION_TEST_ONLY"
"synthetic_09","SYN_9_1","SYNEXP_9_1","SYNTHETIC_UNEQUAL_V32","count",1,,0.466141661418815,,,,,,,"not_applicable",-0.763265696592469,61,"unlabelled_projection","",TRUE,FALSE,FALSE,FALSE,TRUE,TRUE,FALSE,"integration",2,"binary","Null","species_equal","32fbdf29abb04b9a70b1264f43ceff288cdbf708fde57ceba750f502a945b2bf","INTEGRATION_TEST_ONLY"
"synthetic_09","SYN_9_2","SYNEXP_9_2","SYNTHETIC_UNEQUAL_V32","exact",0,,0.466141661418815,,,,,,,"not_applicable",-0.627624758771682,62,"unlabelled_projection","",TRUE,FALSE,FALSE,FALSE,TRUE,TRUE,FALSE,"integration",2,"binary","Null","species_equal","32fbdf29abb04b9a70b1264f43ceff288cdbf708fde57ceba750f502a945b2bf","INTEGRATION_TEST_ONLY"
"synthetic_09","SYN_9_4","SYNEXP_9_4","SYNTHETIC_UNEQUAL_V32","count",0,,0.466141661418815,,,,,,,"not_applicable",-0.627624758771682,64,"unlabelled_projection","",TRUE,FALSE,FALSE,FALSE,TRUE,TRUE,FALSE,"integration",2,"binary","Null","species_equal","32fbdf29abb04b9a70b1264f43ceff288cdbf708fde57ceba750f502a945b2bf","INTEGRATION_TEST_ONLY"
"synthetic_09","SYN_9_5","SYNEXP_9_5","SYNTHETIC_UNEQUAL_V32","exact",1,,0.466141661418815,,,,,,,"not_applicable",-0.763265696592469,65,"unlabelled_projection","",TRUE,FALSE,FALSE,FALSE,TRUE,TRUE,FALSE,"integration",2,"binary","Null","species_equal","32fbdf29abb04b9a70b1264f43ceff288cdbf708fde57ceba750f502a945b2bf","INTEGRATION_TEST_ONLY"
"synthetic_09","SYN_9_7","SYNEXP_9_7","SYNTHETIC_UNEQUAL_V32","count",1,,0.466141661418815,,,,,,,"not_applicable",-0.763265696592469,67,"unlabelled_projection","",TRUE,FALSE,FALSE,FALSE,TRUE,TRUE,FALSE,"integration",2,"binary","Null","species_equal","32fbdf29abb04b9a70b1264f43ceff288cdbf708fde57ceba750f502a945b2bf","INTEGRATION_TEST_ONLY"
"synthetic_09","SYN_9_8","SYNEXP_9_8","SYNTHETIC_UNEQUAL_V32","exact",0,,0.466141661418815,,,,,,,"not_applicable",-0.627624758771682,68,"unlabelled_projection","",TRUE,FALSE,FALSE,FALSE,TRUE,TRUE,FALSE,"integration",2,"binary","Null","species_equal","32fbdf29abb04b9a70b1264f43ceff288cdbf708fde57ceba750f502a945b2bf","INTEGRATION_TEST_ONLY"
"synthetic_09","SYN_9_10","SYNEXP_9_10","SYNTHETIC_UNEQUAL_V32","count",0,,0.466141661418815,,,,,,,"not_applicable",-0.627624758771682,70,"unlabelled_projection","",TRUE,FALSE,FALSE,FALSE,TRUE,TRUE,FALSE,"integration",2,"binary","Null","species_equal","32fbdf29abb04b9a70b1264f43ceff288cdbf708fde57ceba750f502a945b2bf","INTEGRATION_TEST_ONLY"
"synthetic_09","SYN_9_11","SYNEXP_9_11","SYNTHETIC_UNEQUAL_V32","exact",1,,0.466141661418815,,,,,,,"not_applicable",-0.763265696592469,71,"unlabelled_projection","",TRUE,FALSE,FALSE,FALSE,TRUE,TRUE,FALSE,"integration",2,"binary","Null","species_equal","32fbdf29abb04b9a70b1264f43ceff288cdbf708fde57ceba750f502a945b2bf","INTEGRATION_TEST_ONLY"
"synthetic_10","SYN_10_1","SYNEXP_10_1","SYNTHETIC_UNEQUAL_V32","count",0,,0.466141661418815,,,,,,,"not_applicable",-0.627624758771682,73,"unlabelled_projection","",FALSE,FALSE,FALSE,FALSE,TRUE,TRUE,FALSE,"integration",2,"binary","Null","species_equal","32fbdf29abb04b9a70b1264f43ceff288cdbf708fde57ceba750f502a945b2bf","INTEGRATION_TEST_ONLY"
"synthetic_10","SYN_10_2","SYNEXP_10_2","SYNTHETIC_UNEQUAL_V32","exact",1,,0.466141661418815,,,,,,,"not_applicable",-0.763265696592469,74,"unlabelled_projection","",FALSE,FALSE,FALSE,FALSE,TRUE,TRUE,FALSE,"integration",2,"binary","Null","species_equal","32fbdf29abb04b9a70b1264f43ceff288cdbf708fde57ceba750f502a945b2bf","INTEGRATION_TEST_ONLY"
"synthetic_10","SYN_10_4","SYNEXP_10_4","SYNTHETIC_UNEQUAL_V32","count",1,,0.466141661418815,,,,,,,"not_applicable",-0.763265696592469,76,"unlabelled_projection","",FALSE,FALSE,FALSE,FALSE,TRUE,TRUE,FALSE,"integration",2,"binary","Null","species_equal","32fbdf29abb04b9a70b1264f43ceff288cdbf708fde57ceba750f502a945b2bf","INTEGRATION_TEST_ONLY"
"synthetic_10","SYN_10_5","SYNEXP_10_5","SYNTHETIC_UNEQUAL_V32","exact",0,,0.466141661418815,,,,,,,"not_applicable",-0.627624758771682,77,"unlabelled_projection","",FALSE,FALSE,FALSE,FALSE,TRUE,TRUE,FALSE,"integration",2,"binary","Null","species_equal","32fbdf29abb04b9a70b1264f43ceff288cdbf708fde57ceba750f502a945b2bf","INTEGRATION_TEST_ONLY"
"synthetic_10","SYN_10_7","SYNEXP_10_7","SYNTHETIC_UNEQUAL_V32","count",0,,0.466141661418815,,,,,,,"not_applicable",-0.627624758771682,79,"unlabelled_projection","",FALSE,FALSE,FALSE,FALSE,TRUE,TRUE,FALSE,"integration",2,"binary","Null","species_equal","32fbdf29abb04b9a70b1264f43ceff288cdbf708fde57ceba750f502a945b2bf","INTEGRATION_TEST_ONLY"
"synthetic_10","SYN_10_8","SYNEXP_10_8","SYNTHETIC_UNEQUAL_V32","exact",1,,0.466141661418815,,,,,,,"not_applicable",-0.763265696592469,80,"unlabelled_projection","",FALSE,FALSE,FALSE,FALSE,TRUE,TRUE,FALSE,"integration",2,"binary","Null","species_equal","32fbdf29abb04b9a70b1264f43ceff288cdbf708fde57ceba750f502a945b2bf","INTEGRATION_TEST_ONLY"
"synthetic_10","SYN_10_10","SYNEXP_10_10","SYNTHETIC_UNEQUAL_V32","count",1,,0.466141661418815,,,,,,,"not_applicable",-0.763265696592469,82,"unlabelled_projection","",FALSE,FALSE,FALSE,FALSE,TRUE,TRUE,FALSE,"integration",2,"binary","Null","species_equal","32fbdf29abb04b9a70b1264f43ceff288cdbf708fde57ceba750f502a945b2bf","INTEGRATION_TEST_ONLY"
"synthetic_10","SYN_10_11","SYNEXP_10_11","SYNTHETIC_UNEQUAL_V32","exact",0,,0.466141661418815,,,,,,,"not_applicable",-0.627624758771682,83,"unlabelled_projection","",FALSE,FALSE,FALSE,FALSE,TRUE,TRUE,FALSE,"integration",2,"binary","Null","species_equal","32fbdf29abb04b9a70b1264f43ceff288cdbf708fde57ceba750f502a945b2bf","INTEGRATION_TEST_ONLY"
"synthetic_10","SYN_10_13","SYNEXP_10_13","SYNTHETIC_UNEQUAL_V32","count",0,,0.466141661418815,,,,,,,"not_applicable",-0.627624758771682,85,"unlabelled_projection","",FALSE,FALSE,FALSE,FALSE,TRUE,TRUE,FALSE,"integration",2,"binary","Null","species_equal","32fbdf29abb04b9a70b1264f43ceff288cdbf708fde57ceba750f502a945b2bf","INTEGRATION_TEST_ONLY"
"synthetic_11","SYN_11_1","SYNEXP_11_1","SYNTHETIC_UNEQUAL_V32","count",1,,0.466141661418815,,,,,,,"not_applicable",-0.763265696592469,86,"unlabelled_projection","",TRUE,FALSE,FALSE,FALSE,TRUE,TRUE,FALSE,"integration",2,"binary","Null","species_equal","32fbdf29abb04b9a70b1264f43ceff288cdbf708fde57ceba750f502a945b2bf","INTEGRATION_TEST_ONLY"
"synthetic_11","SYN_11_2","SYNEXP_11_2","SYNTHETIC_UNEQUAL_V32","exact",0,,0.466141661418815,,,,,,,"not_applicable",-0.627624758771682,87,"unlabelled_projection","",TRUE,FALSE,FALSE,FALSE,TRUE,TRUE,FALSE,"integration",2,"binary","Null","species_equal","32fbdf29abb04b9a70b1264f43ceff288cdbf708fde57ceba750f502a945b2bf","INTEGRATION_TEST_ONLY"
"synthetic_11","SYN_11_4","SYNEXP_11_4","SYNTHETIC_UNEQUAL_V32","count",0,,0.466141661418815,,,,,,,"not_applicable",-0.627624758771682,89,"unlabelled_projection","",TRUE,FALSE,FALSE,FALSE,TRUE,TRUE,FALSE,"integration",2,"binary","Null","species_equal","32fbdf29abb04b9a70b1264f43ceff288cdbf708fde57ceba750f502a945b2bf","INTEGRATION_TEST_ONLY"
"synthetic_11","SYN_11_5","SYNEXP_11_5","SYNTHETIC_UNEQUAL_V32","exact",1,,0.466141661418815,,,,,,,"not_applicable",-0.763265696592469,90,"unlabelled_projection","",TRUE,FALSE,FALSE,FALSE,TRUE,TRUE,FALSE,"integration",2,"binary","Null","species_equal","32fbdf29abb04b9a70b1264f43ceff288cdbf708fde57ceba750f502a945b2bf","INTEGRATION_TEST_ONLY"
"synthetic_11","SYN_11_7","SYNEXP_11_7","SYNTHETIC_UNEQUAL_V32","count",1,,0.466141661418815,,,,,,,"not_applicable",-0.763265696592469,92,"unlabelled_projection","",TRUE,FALSE,FALSE,FALSE,TRUE,TRUE,FALSE,"integration",2,"binary","Null","species_equal","32fbdf29abb04b9a70b1264f43ceff288cdbf708fde57ceba750f502a945b2bf","INTEGRATION_TEST_ONLY"
"synthetic_11","SYN_11_8","SYNEXP_11_8","SYNTHETIC_UNEQUAL_V32","exact",0,,0.466141661418815,,,,,,,"not_applicable",-0.627624758771682,93,"unlabelled_projection","",TRUE,FALSE,FALSE,FALSE,TRUE,TRUE,FALSE,"integration",2,"binary","Null","species_equal","32fbdf29abb04b9a70b1264f43ceff288cdbf708fde57ceba750f502a945b2bf","INTEGRATION_TEST_ONLY"
"synthetic_11","SYN_11_10","SYNEXP_11_10","SYNTHETIC_UNEQUAL_V32","count",0,,0.466141661418815,,,,,,,"not_applicable",-0.627624758771682,95,"unlabelled_projection","",TRUE,FALSE,FALSE,FALSE,TRUE,TRUE,FALSE,"integration",2,"binary","Null","species_equal","32fbdf29abb04b9a70b1264f43ceff288cdbf708fde57ceba750f502a945b2bf","INTEGRATION_TEST_ONLY"
"synthetic_11","SYN_11_11","SYNEXP_11_11","SYNTHETIC_UNEQUAL_V32","exact",1,,0.466141661418815,,,,,,,"not_applicable",-0.763265696592469,96,"unlabelled_projection","",TRUE,FALSE,FALSE,FALSE,TRUE,TRUE,FALSE,"integration",2,"binary","Null","species_equal","32fbdf29abb04b9a70b1264f43ceff288cdbf708fde57ceba750f502a945b2bf","INTEGRATION_TEST_ONLY"
"synthetic_11","SYN_11_13","SYNEXP_11_13","SYNTHETIC_UNEQUAL_V32","count",1,,0.466141661418815,,,,,,,"not_applicable",-0.763265696592469,98,"unlabelled_projection","",TRUE,FALSE,FALSE,FALSE,TRUE,TRUE,FALSE,"integration",2,"binary","Null","species_equal","32fbdf29abb04b9a70b1264f43ceff288cdbf708fde57ceba750f502a945b2bf","INTEGRATION_TEST_ONLY"
"synthetic_11","SYN_11_14","SYNEXP_11_14","SYNTHETIC_UNEQUAL_V32","exact",1,,0.466141661418815,,,,,,,"not_applicable",-0.763265696592469,99,"unlabelled_projection","",TRUE,FALSE,FALSE,FALSE,TRUE,TRUE,FALSE,"integration",2,"binary","Null","species_equal","32fbdf29abb04b9a70b1264f43ceff288cdbf708fde57ceba750f502a945b2bf","INTEGRATION_TEST_ONLY"
"synthetic_01","SYN_1_1","SYNEXP_1_1","SYNTHETIC_UNEQUAL_V32","count",1,,0.523971473178649,,,,,,,"not_applicable",-0.646318036641794,1,"unlabelled_projection","unseen_category;unseen_raw_residue;unseen_combination;fixed_effect_not_estimable",FALSE,FALSE,TRUE,TRUE,FALSE,FALSE,FALSE,"integration",1,"binary","M1","record_equal","fd005533e45b92fc9b30a4117e8ba6183940ceeac8b4f0a90484381c2ae5d8f0","INTEGRATION_TEST_ONLY"
"synthetic_01","SYN_1_2","SYNEXP_1_2","SYNTHETIC_UNEQUAL_V32","exact",0,,0.523971473178649,,,,,,,"not_applicable",-0.74227749624951,2,"unlabelled_projection","unseen_category;unseen_raw_residue;unseen_combination;fixed_effect_not_estimable",FALSE,FALSE,TRUE,TRUE,FALSE,FALSE,FALSE,"integration",1,"binary","M1","record_equal","fd005533e45b92fc9b30a4117e8ba6183940ceeac8b4f0a90484381c2ae5d8f0","INTEGRATION_TEST_ONLY"
"synthetic_01","SYN_1_4","SYNEXP_1_4","SYNTHETIC_UNEQUAL_V32","count",0,,0.523971473178649,,,,,,,"not_applicable",-0.74227749624951,4,"unlabelled_projection","unseen_category;unseen_raw_residue;unseen_combination;fixed_effect_not_estimable",FALSE,FALSE,TRUE,TRUE,FALSE,FALSE,FALSE,"integration",1,"binary","M1","record_equal","fd005533e45b92fc9b30a4117e8ba6183940ceeac8b4f0a90484381c2ae5d8f0","INTEGRATION_TEST_ONLY"
"synthetic_02","SYN_2_1","SYNEXP_2_1","SYNTHETIC_UNEQUAL_V32","count",0,,0.523971473178649,,,,,,,"not_applicable",-0.74227749624951,5,"unlabelled_projection","unseen_category;unseen_raw_residue;unseen_combination;fixed_effect_not_estimable",FALSE,FALSE,TRUE,TRUE,FALSE,FALSE,FALSE,"integration",1,"binary","M1","record_equal","fd005533e45b92fc9b30a4117e8ba6183940ceeac8b4f0a90484381c2ae5d8f0","INTEGRATION_TEST_ONLY"
"synthetic_02","SYN_2_2","SYNEXP_2_2","SYNTHETIC_UNEQUAL_V32","exact",1,,0.523971473178649,,,,,,,"not_applicable",-0.646318036641794,6,"unlabelled_projection","unseen_category;unseen_raw_residue;unseen_combination;fixed_effect_not_estimable",FALSE,FALSE,TRUE,TRUE,FALSE,FALSE,FALSE,"integration",1,"binary","M1","record_equal","fd005533e45b92fc9b30a4117e8ba6183940ceeac8b4f0a90484381c2ae5d8f0","INTEGRATION_TEST_ONLY"
"synthetic_02","SYN_2_4","SYNEXP_2_4","SYNTHETIC_UNEQUAL_V32","count",1,,0.523971473178649,,,,,,,"not_applicable",-0.646318036641794,8,"unlabelled_projection","unseen_category;unseen_raw_residue;unseen_combination;fixed_effect_not_estimable",FALSE,FALSE,TRUE,TRUE,FALSE,FALSE,FALSE,"integration",1,"binary","M1","record_equal","fd005533e45b92fc9b30a4117e8ba6183940ceeac8b4f0a90484381c2ae5d8f0","INTEGRATION_TEST_ONLY"
"synthetic_02","SYN_2_5","SYNEXP_2_5","SYNTHETIC_UNEQUAL_V32","exact",0,,0.523971473178649,,,,,,,"not_applicable",-0.74227749624951,9,"unlabelled_projection","unseen_category;unseen_raw_residue;unseen_combination;fixed_effect_not_estimable",FALSE,FALSE,TRUE,TRUE,FALSE,FALSE,FALSE,"integration",1,"binary","M1","record_equal","fd005533e45b92fc9b30a4117e8ba6183940ceeac8b4f0a90484381c2ae5d8f0","INTEGRATION_TEST_ONLY"
"synthetic_03","SYN_3_1","SYNEXP_3_1","SYNTHETIC_UNEQUAL_V32","count",1,,0.523971473178649,,,,,,,"not_applicable",-0.646318036641794,10,"unlabelled_projection","unseen_category;unseen_raw_residue;unseen_combination;fixed_effect_not_estimable",FALSE,FALSE,TRUE,TRUE,FALSE,FALSE,FALSE,"integration",1,"binary","M1","record_equal","fd005533e45b92fc9b30a4117e8ba6183940ceeac8b4f0a90484381c2ae5d8f0","INTEGRATION_TEST_ONLY"
"synthetic_03","SYN_3_2","SYNEXP_3_2","SYNTHETIC_UNEQUAL_V32","exact",0,,0.523971473178649,,,,,,,"not_applicable",-0.74227749624951,11,"unlabelled_projection","unseen_category;unseen_raw_residue;unseen_combination;fixed_effect_not_estimable",FALSE,FALSE,TRUE,TRUE,FALSE,FALSE,FALSE,"integration",1,"binary","M1","record_equal","fd005533e45b92fc9b30a4117e8ba6183940ceeac8b4f0a90484381c2ae5d8f0","INTEGRATION_TEST_ONLY"
"synthetic_03","SYN_3_4","SYNEXP_3_4","SYNTHETIC_UNEQUAL_V32","count",0,,0.523971473178649,,,,,,,"not_applicable",-0.74227749624951,13,"unlabelled_projection","unseen_category;unseen_raw_residue;unseen_combination;fixed_effect_not_estimable",FALSE,FALSE,TRUE,TRUE,FALSE,FALSE,FALSE,"integration",1,"binary","M1","record_equal","fd005533e45b92fc9b30a4117e8ba6183940ceeac8b4f0a90484381c2ae5d8f0","INTEGRATION_TEST_ONLY"
"synthetic_03","SYN_3_5","SYNEXP_3_5","SYNTHETIC_UNEQUAL_V32","exact",1,,0.523971473178649,,,,,,,"not_applicable",-0.646318036641794,14,"unlabelled_projection","unseen_category;unseen_raw_residue;unseen_combination;fixed_effect_not_estimable",FALSE,FALSE,TRUE,TRUE,FALSE,FALSE,FALSE,"integration",1,"binary","M1","record_equal","fd005533e45b92fc9b30a4117e8ba6183940ceeac8b4f0a90484381c2ae5d8f0","INTEGRATION_TEST_ONLY"
"synthetic_04","SYN_4_1","SYNEXP_4_1","SYNTHETIC_UNEQUAL_V32","count",0,,0.523971473178649,,,,,,,"not_applicable",-0.74227749624951,16,"unlabelled_projection","unseen_category;unseen_raw_residue;unseen_combination;fixed_effect_not_estimable",FALSE,FALSE,TRUE,TRUE,FALSE,FALSE,FALSE,"integration",1,"binary","M1","record_equal","fd005533e45b92fc9b30a4117e8ba6183940ceeac8b4f0a90484381c2ae5d8f0","INTEGRATION_TEST_ONLY"
"synthetic_04","SYN_4_2","SYNEXP_4_2","SYNTHETIC_UNEQUAL_V32","exact",1,,0.523971473178649,,,,,,,"not_applicable",-0.646318036641794,17,"unlabelled_projection","unseen_category;unseen_raw_residue;unseen_combination;fixed_effect_not_estimable",FALSE,FALSE,TRUE,TRUE,FALSE,FALSE,FALSE,"integration",1,"binary","M1","record_equal","fd005533e45b92fc9b30a4117e8ba6183940ceeac8b4f0a90484381c2ae5d8f0","INTEGRATION_TEST_ONLY"
"synthetic_04","SYN_4_4","SYNEXP_4_4","SYNTHETIC_UNEQUAL_V32","count",1,,0.523971473178649,,,,,,,"not_applicable",-0.646318036641794,19,"unlabelled_projection","unseen_category;unseen_raw_residue;unseen_combination;fixed_effect_not_estimable",FALSE,FALSE,TRUE,TRUE,FALSE,FALSE,FALSE,"integration",1,"binary","M1","record_equal","fd005533e45b92fc9b30a4117e8ba6183940ceeac8b4f0a90484381c2ae5d8f0","INTEGRATION_TEST_ONLY"
"synthetic_04","SYN_4_5","SYNEXP_4_5","SYNTHETIC_UNEQUAL_V32","exact",0,,0.523971473178649,,,,,,,"not_applicable",-0.74227749624951,20,"unlabelled_projection","unseen_category;unseen_raw_residue;unseen_combination;fixed_effect_not_estimable",FALSE,FALSE,TRUE,TRUE,FALSE,FALSE,FALSE,"integration",1,"binary","M1","record_equal","fd005533e45b92fc9b30a4117e8ba6183940ceeac8b4f0a90484381c2ae5d8f0","INTEGRATION_TEST_ONLY"
"synthetic_04","SYN_4_7","SYNEXP_4_7","SYNTHETIC_UNEQUAL_V32","count",0,,0.523971473178649,,,,,,,"not_applicable",-0.74227749624951,22,"unlabelled_projection","unseen_category;unseen_raw_residue;unseen_combination;fixed_effect_not_estimable",FALSE,FALSE,TRUE,TRUE,FALSE,FALSE,FALSE,"integration",1,"binary","M1","record_equal","fd005533e45b92fc9b30a4117e8ba6183940ceeac8b4f0a90484381c2ae5d8f0","INTEGRATION_TEST_ONLY"
"synthetic_05","SYN_5_1","SYNEXP_5_1","SYNTHETIC_UNEQUAL_V32","count",1,,0.490363752672345,,,,,,,"not_applicable",-0.71260781089217,23,"unlabelled_projection","unseen_category;unseen_raw_residue;unseen_combination;fixed_effect_not_estimable",FALSE,FALSE,TRUE,TRUE,FALSE,FALSE,FALSE,"integration",1,"binary","M1","record_equal","fd005533e45b92fc9b30a4117e8ba6183940ceeac8b4f0a90484381c2ae5d8f0","INTEGRATION_TEST_ONLY"
"synthetic_05","SYN_5_2","SYNEXP_5_2","SYNTHETIC_UNEQUAL_V32","exact",0,,0.490363752672345,,,,,,,"not_applicable",-0.674058048274815,24,"unlabelled_projection","unseen_category;unseen_raw_residue;unseen_combination;fixed_effect_not_estimable",FALSE,FALSE,TRUE,TRUE,FALSE,FALSE,FALSE,"integration",1,"binary","M1","record_equal","fd005533e45b92fc9b30a4117e8ba6183940ceeac8b4f0a90484381c2ae5d8f0","INTEGRATION_TEST_ONLY"
"synthetic_05","SYN_5_4","SYNEXP_5_4","SYNTHETIC_UNEQUAL_V32","count",0,,0.490363752672345,,,,,,,"not_applicable",-0.674058048274815,26,"unlabelled_projection","unseen_category;unseen_raw_residue;unseen_combination;fixed_effect_not_estimable",FALSE,FALSE,TRUE,TRUE,FALSE,FALSE,FALSE,"integration",1,"binary","M1","record_equal","fd005533e45b92fc9b30a4117e8ba6183940ceeac8b4f0a90484381c2ae5d8f0","INTEGRATION_TEST_ONLY"
"synthetic_05","SYN_5_5","SYNEXP_5_5","SYNTHETIC_UNEQUAL_V32","exact",1,,0.490363752672345,,,,,,,"not_applicable",-0.71260781089217,27,"unlabelled_projection","unseen_category;unseen_raw_residue;unseen_combination;fixed_effect_not_estimable",FALSE,FALSE,TRUE,TRUE,FALSE,FALSE,FALSE,"integration",1,"binary","M1","record_equal","fd005533e45b92fc9b30a4117e8ba6183940ceeac8b4f0a90484381c2ae5d8f0","INTEGRATION_TEST_ONLY"
"synthetic_05","SYN_5_7","SYNEXP_5_7","SYNTHETIC_UNEQUAL_V32","count",1,,0.490363752672345,,,,,,,"not_applicable",-0.71260781089217,29,"unlabelled_projection","unseen_category;unseen_raw_residue;unseen_combination;fixed_effect_not_estimable",FALSE,FALSE,TRUE,TRUE,FALSE,FALSE,FALSE,"integration",1,"binary","M1","record_equal","fd005533e45b92fc9b30a4117e8ba6183940ceeac8b4f0a90484381c2ae5d8f0","INTEGRATION_TEST_ONLY"
"synthetic_05","SYN_5_8","SYNEXP_5_8","SYNTHETIC_UNEQUAL_V32","exact",0,,0.490363752672345,,,,,,,"not_applicable",-0.674058048274815,30,"unlabelled_projection","unseen_category;unseen_raw_residue;unseen_combination;fixed_effect_not_estimable",FALSE,FALSE,TRUE,TRUE,FALSE,FALSE,FALSE,"integration",1,"binary","M1","record_equal","fd005533e45b92fc9b30a4117e8ba6183940ceeac8b4f0a90484381c2ae5d8f0","INTEGRATION_TEST_ONLY"
"synthetic_06","SYN_6_1","SYNEXP_6_1","SYNTHETIC_UNEQUAL_V32","count",0,,0.490363752672345,,,,,,,"not_applicable",-0.674058048274815,31,"unlabelled_projection","unseen_category;unseen_raw_residue;unseen_combination;fixed_effect_not_estimable",FALSE,FALSE,TRUE,TRUE,FALSE,FALSE,FALSE,"integration",1,"binary","M1","record_equal","fd005533e45b92fc9b30a4117e8ba6183940ceeac8b4f0a90484381c2ae5d8f0","INTEGRATION_TEST_ONLY"
"synthetic_06","SYN_6_2","SYNEXP_6_2","SYNTHETIC_UNEQUAL_V32","exact",1,,0.490363752672345,,,,,,,"not_applicable",-0.71260781089217,32,"unlabelled_projection","unseen_category;unseen_raw_residue;unseen_combination;fixed_effect_not_estimable",FALSE,FALSE,TRUE,TRUE,FALSE,FALSE,FALSE,"integration",1,"binary","M1","record_equal","fd005533e45b92fc9b30a4117e8ba6183940ceeac8b4f0a90484381c2ae5d8f0","INTEGRATION_TEST_ONLY"
"synthetic_06","SYN_6_4","SYNEXP_6_4","SYNTHETIC_UNEQUAL_V32","count",1,,0.490363752672345,,,,,,,"not_applicable",-0.71260781089217,34,"unlabelled_projection","unseen_category;unseen_raw_residue;unseen_combination;fixed_effect_not_estimable",FALSE,FALSE,TRUE,TRUE,FALSE,FALSE,FALSE,"integration",1,"binary","M1","record_equal","fd005533e45b92fc9b30a4117e8ba6183940ceeac8b4f0a90484381c2ae5d8f0","INTEGRATION_TEST_ONLY"
"synthetic_06","SYN_6_5","SYNEXP_6_5","SYNTHETIC_UNEQUAL_V32","exact",0,,0.490363752672345,,,,,,,"not_applicable",-0.674058048274815,35,"unlabelled_projection","unseen_category;unseen_raw_residue;unseen_combination;fixed_effect_not_estimable",FALSE,FALSE,TRUE,TRUE,FALSE,FALSE,FALSE,"integration",1,"binary","M1","record_equal","fd005533e45b92fc9b30a4117e8ba6183940ceeac8b4f0a90484381c2ae5d8f0","INTEGRATION_TEST_ONLY"
"synthetic_06","SYN_6_7","SYNEXP_6_7","SYNTHETIC_UNEQUAL_V32","count",0,,0.490363752672345,,,,,,,"not_applicable",-0.674058048274815,37,"unlabelled_projection","unseen_category;unseen_raw_residue;unseen_combination;fixed_effect_not_estimable",FALSE,FALSE,TRUE,TRUE,FALSE,FALSE,FALSE,"integration",1,"binary","M1","record_equal","fd005533e45b92fc9b30a4117e8ba6183940ceeac8b4f0a90484381c2ae5d8f0","INTEGRATION_TEST_ONLY"
"synthetic_06","SYN_6_8","SYNEXP_6_8","SYNTHETIC_UNEQUAL_V32","exact",1,,0.490363752672345,,,,,,,"not_applicable",-0.71260781089217,38,"unlabelled_projection","unseen_category;unseen_raw_residue;unseen_combination;fixed_effect_not_estimable",FALSE,FALSE,TRUE,TRUE,FALSE,FALSE,FALSE,"integration",1,"binary","M1","record_equal","fd005533e45b92fc9b30a4117e8ba6183940ceeac8b4f0a90484381c2ae5d8f0","INTEGRATION_TEST_ONLY"
"synthetic_07","SYN_7_1","SYNEXP_7_1","SYNTHETIC_UNEQUAL_V32","count",1,,0.488961320983494,,,,,,,"not_applicable",-0.715471890828957,40,"unlabelled_projection","unseen_category;unseen_raw_residue;unseen_combination;fixed_effect_not_estimable",FALSE,FALSE,TRUE,TRUE,FALSE,FALSE,FALSE,"integration",2,"binary","M1","record_equal","49d1e415d3653d3956c56c01c189b33178ae7f836858bd5acc8860ad5eb3a291","INTEGRATION_TEST_ONLY"
"synthetic_07","SYN_7_2","SYNEXP_7_2","SYNTHETIC_UNEQUAL_V32","exact",0,,0.488961320983494,,,,,,,"not_applicable",-0.67130999885139,41,"unlabelled_projection","unseen_category;unseen_raw_residue;unseen_combination;fixed_effect_not_estimable",FALSE,FALSE,TRUE,TRUE,FALSE,FALSE,FALSE,"integration",2,"binary","M1","record_equal","49d1e415d3653d3956c56c01c189b33178ae7f836858bd5acc8860ad5eb3a291","INTEGRATION_TEST_ONLY"
"synthetic_07","SYN_7_4","SYNEXP_7_4","SYNTHETIC_UNEQUAL_V32","count",0,,0.488961320983494,,,,,,,"not_applicable",-0.67130999885139,43,"unlabelled_projection","unseen_category;unseen_raw_residue;unseen_combination;fixed_effect_not_estimable",FALSE,FALSE,TRUE,TRUE,FALSE,FALSE,FALSE,"integration",2,"binary","M1","record_equal","49d1e415d3653d3956c56c01c189b33178ae7f836858bd5acc8860ad5eb3a291","INTEGRATION_TEST_ONLY"
"synthetic_07","SYN_7_5","SYNEXP_7_5","SYNTHETIC_UNEQUAL_V32","exact",1,,0.488961320983494,,,,,,,"not_applicable",-0.715471890828957,44,"unlabelled_projection","unseen_category;unseen_raw_residue;unseen_combination;fixed_effect_not_estimable",FALSE,FALSE,TRUE,TRUE,FALSE,FALSE,FALSE,"integration",2,"binary","M1","record_equal","49d1e415d3653d3956c56c01c189b33178ae7f836858bd5acc8860ad5eb3a291","INTEGRATION_TEST_ONLY"
"synthetic_07","SYN_7_7","SYNEXP_7_7","SYNTHETIC_UNEQUAL_V32","count",1,,0.488961320983494,,,,,,,"not_applicable",-0.715471890828957,46,"unlabelled_projection","unseen_category;unseen_raw_residue;unseen_combination;fixed_effect_not_estimable",FALSE,FALSE,TRUE,TRUE,FALSE,FALSE,FALSE,"integration",2,"binary","M1","record_equal","49d1e415d3653d3956c56c01c189b33178ae7f836858bd5acc8860ad5eb3a291","INTEGRATION_TEST_ONLY"
"synthetic_07","SYN_7_8","SYNEXP_7_8","SYNTHETIC_UNEQUAL_V32","exact",0,,0.488961320983494,,,,,,,"not_applicable",-0.67130999885139,47,"unlabelled_projection","unseen_category;unseen_raw_residue;unseen_combination;fixed_effect_not_estimable",FALSE,FALSE,TRUE,TRUE,FALSE,FALSE,FALSE,"integration",2,"binary","M1","record_equal","49d1e415d3653d3956c56c01c189b33178ae7f836858bd5acc8860ad5eb3a291","INTEGRATION_TEST_ONLY"
"synthetic_07","SYN_7_10","SYNEXP_7_10","SYNTHETIC_UNEQUAL_V32","count",0,,0.488961320983494,,,,,,,"not_applicable",-0.67130999885139,49,"unlabelled_projection","unseen_category;unseen_raw_residue;unseen_combination;fixed_effect_not_estimable",FALSE,FALSE,TRUE,TRUE,FALSE,FALSE,FALSE,"integration",2,"binary","M1","record_equal","49d1e415d3653d3956c56c01c189b33178ae7f836858bd5acc8860ad5eb3a291","INTEGRATION_TEST_ONLY"
"synthetic_08","SYN_8_1","SYNEXP_8_1","SYNTHETIC_UNEQUAL_V32","count",0,,0.488961320983494,,,,,,,"not_applicable",-0.67130999885139,50,"unlabelled_projection","unseen_category;unseen_raw_residue;unseen_combination;fixed_effect_not_estimable",FALSE,FALSE,TRUE,TRUE,FALSE,FALSE,FALSE,"integration",2,"binary","M1","record_equal","49d1e415d3653d3956c56c01c189b33178ae7f836858bd5acc8860ad5eb3a291","INTEGRATION_TEST_ONLY"
"synthetic_08","SYN_8_2","SYNEXP_8_2","SYNTHETIC_UNEQUAL_V32","exact",1,,0.488961320983494,,,,,,,"not_applicable",-0.715471890828957,51,"unlabelled_projection","unseen_category;unseen_raw_residue;unseen_combination;fixed_effect_not_estimable",FALSE,FALSE,TRUE,TRUE,FALSE,FALSE,FALSE,"integration",2,"binary","M1","record_equal","49d1e415d3653d3956c56c01c189b33178ae7f836858bd5acc8860ad5eb3a291","INTEGRATION_TEST_ONLY"
"synthetic_08","SYN_8_4","SYNEXP_8_4","SYNTHETIC_UNEQUAL_V32","count",1,,0.488961320983494,,,,,,,"not_applicable",-0.715471890828957,53,"unlabelled_projection","unseen_category;unseen_raw_residue;unseen_combination;fixed_effect_not_estimable",FALSE,FALSE,TRUE,TRUE,FALSE,FALSE,FALSE,"integration",2,"binary","M1","record_equal","49d1e415d3653d3956c56c01c189b33178ae7f836858bd5acc8860ad5eb3a291","INTEGRATION_TEST_ONLY"
"synthetic_08","SYN_8_5","SYNEXP_8_5","SYNTHETIC_UNEQUAL_V32","exact",0,,0.488961320983494,,,,,,,"not_applicable",-0.67130999885139,54,"unlabelled_projection","unseen_category;unseen_raw_residue;unseen_combination;fixed_effect_not_estimable",FALSE,FALSE,TRUE,TRUE,FALSE,FALSE,FALSE,"integration",2,"binary","M1","record_equal","49d1e415d3653d3956c56c01c189b33178ae7f836858bd5acc8860ad5eb3a291","INTEGRATION_TEST_ONLY"
"synthetic_08","SYN_8_7","SYNEXP_8_7","SYNTHETIC_UNEQUAL_V32","count",0,,0.488961320983494,,,,,,,"not_applicable",-0.67130999885139,56,"unlabelled_projection","unseen_category;unseen_raw_residue;unseen_combination;fixed_effect_not_estimable",FALSE,FALSE,TRUE,TRUE,FALSE,FALSE,FALSE,"integration",2,"binary","M1","record_equal","49d1e415d3653d3956c56c01c189b33178ae7f836858bd5acc8860ad5eb3a291","INTEGRATION_TEST_ONLY"
"synthetic_08","SYN_8_8","SYNEXP_8_8","SYNTHETIC_UNEQUAL_V32","exact",1,,0.488961320983494,,,,,,,"not_applicable",-0.715471890828957,57,"unlabelled_projection","unseen_category;unseen_raw_residue;unseen_combination;fixed_effect_not_estimable",FALSE,FALSE,TRUE,TRUE,FALSE,FALSE,FALSE,"integration",2,"binary","M1","record_equal","49d1e415d3653d3956c56c01c189b33178ae7f836858bd5acc8860ad5eb3a291","INTEGRATION_TEST_ONLY"
"synthetic_08","SYN_8_10","SYNEXP_8_10","SYNTHETIC_UNEQUAL_V32","count",1,,0.488961320983494,,,,,,,"not_applicable",-0.715471890828957,59,"unlabelled_projection","unseen_category;unseen_raw_residue;unseen_combination;fixed_effect_not_estimable",FALSE,FALSE,TRUE,TRUE,FALSE,FALSE,FALSE,"integration",2,"binary","M1","record_equal","49d1e415d3653d3956c56c01c189b33178ae7f836858bd5acc8860ad5eb3a291","INTEGRATION_TEST_ONLY"
"synthetic_08","SYN_8_11","SYNEXP_8_11","SYNTHETIC_UNEQUAL_V32","exact",0,,0.488961320983494,,,,,,,"not_applicable",-0.67130999885139,60,"unlabelled_projection","unseen_category;unseen_raw_residue;unseen_combination;fixed_effect_not_estimable",FALSE,FALSE,TRUE,TRUE,FALSE,FALSE,FALSE,"integration",2,"binary","M1","record_equal","49d1e415d3653d3956c56c01c189b33178ae7f836858bd5acc8860ad5eb3a291","INTEGRATION_TEST_ONLY"
"synthetic_09","SYN_9_1","SYNEXP_9_1","SYNTHETIC_UNEQUAL_V32","count",1,,0.478061572606793,,,,,,,"not_applicable",-0.738015741801438,61,"unlabelled_projection","missing_predictor;unseen_category;unseen_raw_residue;unseen_combination;fixed_effect_not_estimable",TRUE,TRUE,TRUE,TRUE,FALSE,FALSE,FALSE,"integration",2,"binary","M1","record_equal","49d1e415d3653d3956c56c01c189b33178ae7f836858bd5acc8860ad5eb3a291","INTEGRATION_TEST_ONLY"
"synthetic_09","SYN_9_2","SYNEXP_9_2","SYNTHETIC_UNEQUAL_V32","exact",0,,0.478061572606793,,,,,,,"not_applicable",-0.650205653242186,62,"unlabelled_projection","missing_predictor;unseen_category;unseen_raw_residue;unseen_combination;fixed_effect_not_estimable",TRUE,TRUE,TRUE,TRUE,FALSE,FALSE,FALSE,"integration",2,"binary","M1","record_equal","49d1e415d3653d3956c56c01c189b33178ae7f836858bd5acc8860ad5eb3a291","INTEGRATION_TEST_ONLY"
"synthetic_09","SYN_9_4","SYNEXP_9_4","SYNTHETIC_UNEQUAL_V32","count",0,,0.478061572606793,,,,,,,"not_applicable",-0.650205653242186,64,"unlabelled_projection","missing_predictor;unseen_category;unseen_raw_residue;unseen_combination;fixed_effect_not_estimable",TRUE,TRUE,TRUE,TRUE,FALSE,FALSE,FALSE,"integration",2,"binary","M1","record_equal","49d1e415d3653d3956c56c01c189b33178ae7f836858bd5acc8860ad5eb3a291","INTEGRATION_TEST_ONLY"
"synthetic_09","SYN_9_5","SYNEXP_9_5","SYNTHETIC_UNEQUAL_V32","exact",1,,0.478061572606793,,,,,,,"not_applicable",-0.738015741801438,65,"unlabelled_projection","missing_predictor;unseen_category;unseen_raw_residue;unseen_combination;fixed_effect_not_estimable",TRUE,TRUE,TRUE,TRUE,FALSE,FALSE,FALSE,"integration",2,"binary","M1","record_equal","49d1e415d3653d3956c56c01c189b33178ae7f836858bd5acc8860ad5eb3a291","INTEGRATION_TEST_ONLY"
"synthetic_09","SYN_9_7","SYNEXP_9_7","SYNTHETIC_UNEQUAL_V32","count",1,,0.478061572606793,,,,,,,"not_applicable",-0.738015741801438,67,"unlabelled_projection","missing_predictor;unseen_category;unseen_raw_residue;unseen_combination;fixed_effect_not_estimable",TRUE,TRUE,TRUE,TRUE,FALSE,FALSE,FALSE,"integration",2,"binary","M1","record_equal","49d1e415d3653d3956c56c01c189b33178ae7f836858bd5acc8860ad5eb3a291","INTEGRATION_TEST_ONLY"
"synthetic_09","SYN_9_8","SYNEXP_9_8","SYNTHETIC_UNEQUAL_V32","exact",0,,0.478061572606793,,,,,,,"not_applicable",-0.650205653242186,68,"unlabelled_projection","missing_predictor;unseen_category;unseen_raw_residue;unseen_combination;fixed_effect_not_estimable",TRUE,TRUE,TRUE,TRUE,FALSE,FALSE,FALSE,"integration",2,"binary","M1","record_equal","49d1e415d3653d3956c56c01c189b33178ae7f836858bd5acc8860ad5eb3a291","INTEGRATION_TEST_ONLY"
"synthetic_09","SYN_9_10","SYNEXP_9_10","SYNTHETIC_UNEQUAL_V32","count",0,,0.478061572606793,,,,,,,"not_applicable",-0.650205653242186,70,"unlabelled_projection","missing_predictor;unseen_category;unseen_raw_residue;unseen_combination;fixed_effect_not_estimable",TRUE,TRUE,TRUE,TRUE,FALSE,FALSE,FALSE,"integration",2,"binary","M1","record_equal","49d1e415d3653d3956c56c01c189b33178ae7f836858bd5acc8860ad5eb3a291","INTEGRATION_TEST_ONLY"
"synthetic_09","SYN_9_11","SYNEXP_9_11","SYNTHETIC_UNEQUAL_V32","exact",1,,0.478061572606793,,,,,,,"not_applicable",-0.738015741801438,71,"unlabelled_projection","missing_predictor;unseen_category;unseen_raw_residue;unseen_combination;fixed_effect_not_estimable",TRUE,TRUE,TRUE,TRUE,FALSE,FALSE,FALSE,"integration",2,"binary","M1","record_equal","49d1e415d3653d3956c56c01c189b33178ae7f836858bd5acc8860ad5eb3a291","INTEGRATION_TEST_ONLY"
"synthetic_10","SYN_10_1","SYNEXP_10_1","SYNTHETIC_UNEQUAL_V32","count",0,,0.488961320983494,,,,,,,"not_applicable",-0.67130999885139,73,"unlabelled_projection","unseen_category;unseen_raw_residue;unseen_combination;fixed_effect_not_estimable",FALSE,FALSE,TRUE,TRUE,FALSE,FALSE,FALSE,"integration",2,"binary","M1","record_equal","49d1e415d3653d3956c56c01c189b33178ae7f836858bd5acc8860ad5eb3a291","INTEGRATION_TEST_ONLY"
"synthetic_10","SYN_10_2","SYNEXP_10_2","SYNTHETIC_UNEQUAL_V32","exact",1,,0.488961320983494,,,,,,,"not_applicable",-0.715471890828957,74,"unlabelled_projection","unseen_category;unseen_raw_residue;unseen_combination;fixed_effect_not_estimable",FALSE,FALSE,TRUE,TRUE,FALSE,FALSE,FALSE,"integration",2,"binary","M1","record_equal","49d1e415d3653d3956c56c01c189b33178ae7f836858bd5acc8860ad5eb3a291","INTEGRATION_TEST_ONLY"
"synthetic_10","SYN_10_4","SYNEXP_10_4","SYNTHETIC_UNEQUAL_V32","count",1,,0.488961320983494,,,,,,,"not_applicable",-0.715471890828957,76,"unlabelled_projection","unseen_category;unseen_raw_residue;unseen_combination;fixed_effect_not_estimable",FALSE,FALSE,TRUE,TRUE,FALSE,FALSE,FALSE,"integration",2,"binary","M1","record_equal","49d1e415d3653d3956c56c01c189b33178ae7f836858bd5acc8860ad5eb3a291","INTEGRATION_TEST_ONLY"
"synthetic_10","SYN_10_5","SYNEXP_10_5","SYNTHETIC_UNEQUAL_V32","exact",0,,0.488961320983494,,,,,,,"not_applicable",-0.67130999885139,77,"unlabelled_projection","unseen_category;unseen_raw_residue;unseen_combination;fixed_effect_not_estimable",FALSE,FALSE,TRUE,TRUE,FALSE,FALSE,FALSE,"integration",2,"binary","M1","record_equal","49d1e415d3653d3956c56c01c189b33178ae7f836858bd5acc8860ad5eb3a291","INTEGRATION_TEST_ONLY"
"synthetic_10","SYN_10_7","SYNEXP_10_7","SYNTHETIC_UNEQUAL_V32","count",0,,0.488961320983494,,,,,,,"not_applicable",-0.67130999885139,79,"unlabelled_projection","unseen_category;unseen_raw_residue;unseen_combination;fixed_effect_not_estimable",FALSE,FALSE,TRUE,TRUE,FALSE,FALSE,FALSE,"integration",2,"binary","M1","record_equal","49d1e415d3653d3956c56c01c189b33178ae7f836858bd5acc8860ad5eb3a291","INTEGRATION_TEST_ONLY"
"synthetic_10","SYN_10_8","SYNEXP_10_8","SYNTHETIC_UNEQUAL_V32","exact",1,,0.488961320983494,,,,,,,"not_applicable",-0.715471890828957,80,"unlabelled_projection","unseen_category;unseen_raw_residue;unseen_combination;fixed_effect_not_estimable",FALSE,FALSE,TRUE,TRUE,FALSE,FALSE,FALSE,"integration",2,"binary","M1","record_equal","49d1e415d3653d3956c56c01c189b33178ae7f836858bd5acc8860ad5eb3a291","INTEGRATION_TEST_ONLY"
"synthetic_10","SYN_10_10","SYNEXP_10_10","SYNTHETIC_UNEQUAL_V32","count",1,,0.488961320983494,,,,,,,"not_applicable",-0.715471890828957,82,"unlabelled_projection","unseen_category;unseen_raw_residue;unseen_combination;fixed_effect_not_estimable",FALSE,FALSE,TRUE,TRUE,FALSE,FALSE,FALSE,"integration",2,"binary","M1","record_equal","49d1e415d3653d3956c56c01c189b33178ae7f836858bd5acc8860ad5eb3a291","INTEGRATION_TEST_ONLY"
"synthetic_10","SYN_10_11","SYNEXP_10_11","SYNTHETIC_UNEQUAL_V32","exact",0,,0.488961320983494,,,,,,,"not_applicable",-0.67130999885139,83,"unlabelled_projection","unseen_category;unseen_raw_residue;unseen_combination;fixed_effect_not_estimable",FALSE,FALSE,TRUE,TRUE,FALSE,FALSE,FALSE,"integration",2,"binary","M1","record_equal","49d1e415d3653d3956c56c01c189b33178ae7f836858bd5acc8860ad5eb3a291","INTEGRATION_TEST_ONLY"
"synthetic_10","SYN_10_13","SYNEXP_10_13","SYNTHETIC_UNEQUAL_V32","count",0,,0.488961320983494,,,,,,,"not_applicable",-0.67130999885139,85,"unlabelled_projection","unseen_category;unseen_raw_residue;unseen_combination;fixed_effect_not_estimable",FALSE,FALSE,TRUE,TRUE,FALSE,FALSE,FALSE,"integration",2,"binary","M1","record_equal","49d1e415d3653d3956c56c01c189b33178ae7f836858bd5acc8860ad5eb3a291","INTEGRATION_TEST_ONLY"
"synthetic_11","SYN_11_1","SYNEXP_11_1","SYNTHETIC_UNEQUAL_V32","count",1,,0.473058437460305,,,,,,,"not_applicable",-0.748536351693729,86,"unlabelled_projection","missing_predictor;unseen_category;unseen_raw_residue;unseen_combination;fixed_effect_not_estimable",TRUE,TRUE,TRUE,TRUE,FALSE,FALSE,FALSE,"integration",2,"binary","M1","record_equal","49d1e415d3653d3956c56c01c189b33178ae7f836858bd5acc8860ad5eb3a291","INTEGRATION_TEST_ONLY"
"synthetic_11","SYN_11_2","SYNEXP_11_2","SYNTHETIC_UNEQUAL_V32","exact",0,,0.473058437460305,,,,,,,"not_applicable",-0.640665623610647,87,"unlabelled_projection","missing_predictor;unseen_category;unseen_raw_residue;unseen_combination;fixed_effect_not_estimable",TRUE,TRUE,TRUE,TRUE,FALSE,FALSE,FALSE,"integration",2,"binary","M1","record_equal","49d1e415d3653d3956c56c01c189b33178ae7f836858bd5acc8860ad5eb3a291","INTEGRATION_TEST_ONLY"
"synthetic_11","SYN_11_4","SYNEXP_11_4","SYNTHETIC_UNEQUAL_V32","count",0,,0.473058437460305,,,,,,,"not_applicable",-0.640665623610647,89,"unlabelled_projection","missing_predictor;unseen_category;unseen_raw_residue;unseen_combination;fixed_effect_not_estimable",TRUE,TRUE,TRUE,TRUE,FALSE,FALSE,FALSE,"integration",2,"binary","M1","record_equal","49d1e415d3653d3956c56c01c189b33178ae7f836858bd5acc8860ad5eb3a291","INTEGRATION_TEST_ONLY"
"synthetic_11","SYN_11_5","SYNEXP_11_5","SYNTHETIC_UNEQUAL_V32","exact",1,,0.473058437460305,,,,,,,"not_applicable",-0.748536351693729,90,"unlabelled_projection","missing_predictor;unseen_category;unseen_raw_residue;unseen_combination;fixed_effect_not_estimable",TRUE,TRUE,TRUE,TRUE,FALSE,FALSE,FALSE,"integration",2,"binary","M1","record_equal","49d1e415d3653d3956c56c01c189b33178ae7f836858bd5acc8860ad5eb3a291","INTEGRATION_TEST_ONLY"
"synthetic_11","SYN_11_7","SYNEXP_11_7","SYNTHETIC_UNEQUAL_V32","count",1,,0.473058437460305,,,,,,,"not_applicable",-0.748536351693729,92,"unlabelled_projection","missing_predictor;unseen_category;unseen_raw_residue;unseen_combination;fixed_effect_not_estimable",TRUE,TRUE,TRUE,TRUE,FALSE,FALSE,FALSE,"integration",2,"binary","M1","record_equal","49d1e415d3653d3956c56c01c189b33178ae7f836858bd5acc8860ad5eb3a291","INTEGRATION_TEST_ONLY"
"synthetic_11","SYN_11_8","SYNEXP_11_8","SYNTHETIC_UNEQUAL_V32","exact",0,,0.473058437460305,,,,,,,"not_applicable",-0.640665623610647,93,"unlabelled_projection","missing_predictor;unseen_category;unseen_raw_residue;unseen_combination;fixed_effect_not_estimable",TRUE,TRUE,TRUE,TRUE,FALSE,FALSE,FALSE,"integration",2,"binary","M1","record_equal","49d1e415d3653d3956c56c01c189b33178ae7f836858bd5acc8860ad5eb3a291","INTEGRATION_TEST_ONLY"
"synthetic_11","SYN_11_10","SYNEXP_11_10","SYNTHETIC_UNEQUAL_V32","count",0,,0.473058437460305,,,,,,,"not_applicable",-0.640665623610647,95,"unlabelled_projection","missing_predictor;unseen_category;unseen_raw_residue;unseen_combination;fixed_effect_not_estimable",TRUE,TRUE,TRUE,TRUE,FALSE,FALSE,FALSE,"integration",2,"binary","M1","record_equal","49d1e415d3653d3956c56c01c189b33178ae7f836858bd5acc8860ad5eb3a291","INTEGRATION_TEST_ONLY"
"synthetic_11","SYN_11_11","SYNEXP_11_11","SYNTHETIC_UNEQUAL_V32","exact",1,,0.473058437460305,,,,,,,"not_applicable",-0.748536351693729,96,"unlabelled_projection","missing_predictor;unseen_category;unseen_raw_residue;unseen_combination;fixed_effect_not_estimable",TRUE,TRUE,TRUE,TRUE,FALSE,FALSE,FALSE,"integration",2,"binary","M1","record_equal","49d1e415d3653d3956c56c01c189b33178ae7f836858bd5acc8860ad5eb3a291","INTEGRATION_TEST_ONLY"
"synthetic_11","SYN_11_13","SYNEXP_11_13","SYNTHETIC_UNEQUAL_V32","count",1,,0.473058437460305,,,,,,,"not_applicable",-0.748536351693729,98,"unlabelled_projection","missing_predictor;unseen_category;unseen_raw_residue;unseen_combination;fixed_effect_not_estimable",TRUE,TRUE,TRUE,TRUE,FALSE,FALSE,FALSE,"integration",2,"binary","M1","record_equal","49d1e415d3653d3956c56c01c189b33178ae7f836858bd5acc8860ad5eb3a291","INTEGRATION_TEST_ONLY"
"synthetic_11","SYN_11_14","SYNEXP_11_14","SYNTHETIC_UNEQUAL_V32","exact",1,,0.473058437460305,,,,,,,"not_applicable",-0.748536351693729,99,"unlabelled_projection","missing_predictor;unseen_category;unseen_raw_residue;unseen_combination;fixed_effect_not_estimable",TRUE,TRUE,TRUE,TRUE,FALSE,FALSE,FALSE,"integration",2,"binary","M1","record_equal","49d1e415d3653d3956c56c01c189b33178ae7f836858bd5acc8860ad5eb3a291","INTEGRATION_TEST_ONLY"
"synthetic_01","SYN_1_1","SYNEXP_1_1","SYNTHETIC_UNEQUAL_V32","count",1,,0.513099420116958,,,,,,,"not_applicable",-0.667285651190854,1,"unlabelled_projection","unseen_category;unseen_raw_residue;unseen_combination;fixed_effect_not_estimable",FALSE,FALSE,TRUE,TRUE,FALSE,FALSE,FALSE,"integration",1,"binary","M1","species_equal","9755861bdbf4ccaf118e0c0dea942613edda82f48c5275b093691f60123a8996","INTEGRATION_TEST_ONLY"
"synthetic_01","SYN_1_2","SYNEXP_1_2","SYNTHETIC_UNEQUAL_V32","exact",0,,0.513099420116958,,,,,,,"not_applicable",-0.719695324824706,2,"unlabelled_projection","unseen_category;unseen_raw_residue;unseen_combination;fixed_effect_not_estimable",FALSE,FALSE,TRUE,TRUE,FALSE,FALSE,FALSE,"integration",1,"binary","M1","species_equal","9755861bdbf4ccaf118e0c0dea942613edda82f48c5275b093691f60123a8996","INTEGRATION_TEST_ONLY"
"synthetic_01","SYN_1_4","SYNEXP_1_4","SYNTHETIC_UNEQUAL_V32","count",0,,0.513099420116958,,,,,,,"not_applicable",-0.719695324824706,4,"unlabelled_projection","unseen_category;unseen_raw_residue;unseen_combination;fixed_effect_not_estimable",FALSE,FALSE,TRUE,TRUE,FALSE,FALSE,FALSE,"integration",1,"binary","M1","species_equal","9755861bdbf4ccaf118e0c0dea942613edda82f48c5275b093691f60123a8996","INTEGRATION_TEST_ONLY"
"synthetic_02","SYN_2_1","SYNEXP_2_1","SYNTHETIC_UNEQUAL_V32","count",0,,0.513099420116958,,,,,,,"not_applicable",-0.719695324824706,5,"unlabelled_projection","unseen_category;unseen_raw_residue;unseen_combination;fixed_effect_not_estimable",FALSE,FALSE,TRUE,TRUE,FALSE,FALSE,FALSE,"integration",1,"binary","M1","species_equal","9755861bdbf4ccaf118e0c0dea942613edda82f48c5275b093691f60123a8996","INTEGRATION_TEST_ONLY"
"synthetic_02","SYN_2_2","SYNEXP_2_2","SYNTHETIC_UNEQUAL_V32","exact",1,,0.513099420116958,,,,,,,"not_applicable",-0.667285651190854,6,"unlabelled_projection","unseen_category;unseen_raw_residue;unseen_combination;fixed_effect_not_estimable",FALSE,FALSE,TRUE,TRUE,FALSE,FALSE,FALSE,"integration",1,"binary","M1","species_equal","9755861bdbf4ccaf118e0c0dea942613edda82f48c5275b093691f60123a8996","INTEGRATION_TEST_ONLY"
"synthetic_02","SYN_2_4","SYNEXP_2_4","SYNTHETIC_UNEQUAL_V32","count",1,,0.513099420116958,,,,,,,"not_applicable",-0.667285651190854,8,"unlabelled_projection","unseen_category;unseen_raw_residue;unseen_combination;fixed_effect_not_estimable",FALSE,FALSE,TRUE,TRUE,FALSE,FALSE,FALSE,"integration",1,"binary","M1","species_equal","9755861bdbf4ccaf118e0c0dea942613edda82f48c5275b093691f60123a8996","INTEGRATION_TEST_ONLY"
"synthetic_02","SYN_2_5","SYNEXP_2_5","SYNTHETIC_UNEQUAL_V32","exact",0,,0.513099420116958,,,,,,,"not_applicable",-0.719695324824706,9,"unlabelled_projection","unseen_category;unseen_raw_residue;unseen_combination;fixed_effect_not_estimable",FALSE,FALSE,TRUE,TRUE,FALSE,FALSE,FALSE,"integration",1,"binary","M1","species_equal","9755861bdbf4ccaf118e0c0dea942613edda82f48c5275b093691f60123a8996","INTEGRATION_TEST_ONLY"
"synthetic_03","SYN_3_1","SYNEXP_3_1","SYNTHETIC_UNEQUAL_V32","count",1,,0.513099420116958,,,,,,,"not_applicable",-0.667285651190854,10,"unlabelled_projection","unseen_category;unseen_raw_residue;unseen_combination;fixed_effect_not_estimable",FALSE,FALSE,TRUE,TRUE,FALSE,FALSE,FALSE,"integration",1,"binary","M1","species_equal","9755861bdbf4ccaf118e0c0dea942613edda82f48c5275b093691f60123a8996","INTEGRATION_TEST_ONLY"
"synthetic_03","SYN_3_2","SYNEXP_3_2","SYNTHETIC_UNEQUAL_V32","exact",0,,0.513099420116958,,,,,,,"not_applicable",-0.719695324824706,11,"unlabelled_projection","unseen_category;unseen_raw_residue;unseen_combination;fixed_effect_not_estimable",FALSE,FALSE,TRUE,TRUE,FALSE,FALSE,FALSE,"integration",1,"binary","M1","species_equal","9755861bdbf4ccaf118e0c0dea942613edda82f48c5275b093691f60123a8996","INTEGRATION_TEST_ONLY"
"synthetic_03","SYN_3_4","SYNEXP_3_4","SYNTHETIC_UNEQUAL_V32","count",0,,0.513099420116958,,,,,,,"not_applicable",-0.719695324824706,13,"unlabelled_projection","unseen_category;unseen_raw_residue;unseen_combination;fixed_effect_not_estimable",FALSE,FALSE,TRUE,TRUE,FALSE,FALSE,FALSE,"integration",1,"binary","M1","species_equal","9755861bdbf4ccaf118e0c0dea942613edda82f48c5275b093691f60123a8996","INTEGRATION_TEST_ONLY"
"synthetic_03","SYN_3_5","SYNEXP_3_5","SYNTHETIC_UNEQUAL_V32","exact",1,,0.513099420116958,,,,,,,"not_applicable",-0.667285651190854,14,"unlabelled_projection","unseen_category;unseen_raw_residue;unseen_combination;fixed_effect_not_estimable",FALSE,FALSE,TRUE,TRUE,FALSE,FALSE,FALSE,"integration",1,"binary","M1","species_equal","9755861bdbf4ccaf118e0c0dea942613edda82f48c5275b093691f60123a8996","INTEGRATION_TEST_ONLY"
"synthetic_04","SYN_4_1","SYNEXP_4_1","SYNTHETIC_UNEQUAL_V32","count",0,,0.513099420116958,,,,,,,"not_applicable",-0.719695324824706,16,"unlabelled_projection","unseen_category;unseen_raw_residue;unseen_combination;fixed_effect_not_estimable",FALSE,FALSE,TRUE,TRUE,FALSE,FALSE,FALSE,"integration",1,"binary","M1","species_equal","9755861bdbf4ccaf118e0c0dea942613edda82f48c5275b093691f60123a8996","INTEGRATION_TEST_ONLY"
"synthetic_04","SYN_4_2","SYNEXP_4_2","SYNTHETIC_UNEQUAL_V32","exact",1,,0.513099420116958,,,,,,,"not_applicable",-0.667285651190854,17,"unlabelled_projection","unseen_category;unseen_raw_residue;unseen_combination;fixed_effect_not_estimable",FALSE,FALSE,TRUE,TRUE,FALSE,FALSE,FALSE,"integration",1,"binary","M1","species_equal","9755861bdbf4ccaf118e0c0dea942613edda82f48c5275b093691f60123a8996","INTEGRATION_TEST_ONLY"
"synthetic_04","SYN_4_4","SYNEXP_4_4","SYNTHETIC_UNEQUAL_V32","count",1,,0.513099420116958,,,,,,,"not_applicable",-0.667285651190854,19,"unlabelled_projection","unseen_category;unseen_raw_residue;unseen_combination;fixed_effect_not_estimable",FALSE,FALSE,TRUE,TRUE,FALSE,FALSE,FALSE,"integration",1,"binary","M1","species_equal","9755861bdbf4ccaf118e0c0dea942613edda82f48c5275b093691f60123a8996","INTEGRATION_TEST_ONLY"
"synthetic_04","SYN_4_5","SYNEXP_4_5","SYNTHETIC_UNEQUAL_V32","exact",0,,0.513099420116958,,,,,,,"not_applicable",-0.719695324824706,20,"unlabelled_projection","unseen_category;unseen_raw_residue;unseen_combination;fixed_effect_not_estimable",FALSE,FALSE,TRUE,TRUE,FALSE,FALSE,FALSE,"integration",1,"binary","M1","species_equal","9755861bdbf4ccaf118e0c0dea942613edda82f48c5275b093691f60123a8996","INTEGRATION_TEST_ONLY"
"synthetic_04","SYN_4_7","SYNEXP_4_7","SYNTHETIC_UNEQUAL_V32","count",0,,0.513099420116958,,,,,,,"not_applicable",-0.719695324824706,22,"unlabelled_projection","unseen_category;unseen_raw_residue;unseen_combination;fixed_effect_not_estimable",FALSE,FALSE,TRUE,TRUE,FALSE,FALSE,FALSE,"integration",1,"binary","M1","species_equal","9755861bdbf4ccaf118e0c0dea942613edda82f48c5275b093691f60123a8996","INTEGRATION_TEST_ONLY"
"synthetic_05","SYN_5_1","SYNEXP_5_1","SYNTHETIC_UNEQUAL_V32","count",1,,0.480838059995315,,,,,,,"not_applicable",-0.732224739170071,23,"unlabelled_projection","unseen_category;unseen_raw_residue;unseen_combination;fixed_effect_not_estimable",FALSE,FALSE,TRUE,TRUE,FALSE,FALSE,FALSE,"integration",1,"binary","M1","species_equal","9755861bdbf4ccaf118e0c0dea942613edda82f48c5275b093691f60123a8996","INTEGRATION_TEST_ONLY"
"synthetic_05","SYN_5_2","SYNEXP_5_2","SYNTHETIC_UNEQUAL_V32","exact",0,,0.480838059995315,,,,,,,"not_applicable",-0.655539421354928,24,"unlabelled_projection","unseen_category;unseen_raw_residue;unseen_combination;fixed_effect_not_estimable",FALSE,FALSE,TRUE,TRUE,FALSE,FALSE,FALSE,"integration",1,"binary","M1","species_equal","9755861bdbf4ccaf118e0c0dea942613edda82f48c5275b093691f60123a8996","INTEGRATION_TEST_ONLY"
"synthetic_05","SYN_5_4","SYNEXP_5_4","SYNTHETIC_UNEQUAL_V32","count",0,,0.480838059995315,,,,,,,"not_applicable",-0.655539421354928,26,"unlabelled_projection","unseen_category;unseen_raw_residue;unseen_combination;fixed_effect_not_estimable",FALSE,FALSE,TRUE,TRUE,FALSE,FALSE,FALSE,"integration",1,"binary","M1","species_equal","9755861bdbf4ccaf118e0c0dea942613edda82f48c5275b093691f60123a8996","INTEGRATION_TEST_ONLY"
"synthetic_05","SYN_5_5","SYNEXP_5_5","SYNTHETIC_UNEQUAL_V32","exact",1,,0.480838059995315,,,,,,,"not_applicable",-0.732224739170071,27,"unlabelled_projection","unseen_category;unseen_raw_residue;unseen_combination;fixed_effect_not_estimable",FALSE,FALSE,TRUE,TRUE,FALSE,FALSE,FALSE,"integration",1,"binary","M1","species_equal","9755861bdbf4ccaf118e0c0dea942613edda82f48c5275b093691f60123a8996","INTEGRATION_TEST_ONLY"
"synthetic_05","SYN_5_7","SYNEXP_5_7","SYNTHETIC_UNEQUAL_V32","count",1,,0.480838059995315,,,,,,,"not_applicable",-0.732224739170071,29,"unlabelled_projection","unseen_category;unseen_raw_residue;unseen_combination;fixed_effect_not_estimable",FALSE,FALSE,TRUE,TRUE,FALSE,FALSE,FALSE,"integration",1,"binary","M1","species_equal","9755861bdbf4ccaf118e0c0dea942613edda82f48c5275b093691f60123a8996","INTEGRATION_TEST_ONLY"
"synthetic_05","SYN_5_8","SYNEXP_5_8","SYNTHETIC_UNEQUAL_V32","exact",0,,0.480838059995315,,,,,,,"not_applicable",-0.655539421354928,30,"unlabelled_projection","unseen_category;unseen_raw_residue;unseen_combination;fixed_effect_not_estimable",FALSE,FALSE,TRUE,TRUE,FALSE,FALSE,FALSE,"integration",1,"binary","M1","species_equal","9755861bdbf4ccaf118e0c0dea942613edda82f48c5275b093691f60123a8996","INTEGRATION_TEST_ONLY"
"synthetic_06","SYN_6_1","SYNEXP_6_1","SYNTHETIC_UNEQUAL_V32","count",0,,0.480838059995315,,,,,,,"not_applicable",-0.655539421354928,31,"unlabelled_projection","unseen_category;unseen_raw_residue;unseen_combination;fixed_effect_not_estimable",FALSE,FALSE,TRUE,TRUE,FALSE,FALSE,FALSE,"integration",1,"binary","M1","species_equal","9755861bdbf4ccaf118e0c0dea942613edda82f48c5275b093691f60123a8996","INTEGRATION_TEST_ONLY"
"synthetic_06","SYN_6_2","SYNEXP_6_2","SYNTHETIC_UNEQUAL_V32","exact",1,,0.480838059995315,,,,,,,"not_applicable",-0.732224739170071,32,"unlabelled_projection","unseen_category;unseen_raw_residue;unseen_combination;fixed_effect_not_estimable",FALSE,FALSE,TRUE,TRUE,FALSE,FALSE,FALSE,"integration",1,"binary","M1","species_equal","9755861bdbf4ccaf118e0c0dea942613edda82f48c5275b093691f60123a8996","INTEGRATION_TEST_ONLY"
"synthetic_06","SYN_6_4","SYNEXP_6_4","SYNTHETIC_UNEQUAL_V32","count",1,,0.480838059995315,,,,,,,"not_applicable",-0.732224739170071,34,"unlabelled_projection","unseen_category;unseen_raw_residue;unseen_combination;fixed_effect_not_estimable",FALSE,FALSE,TRUE,TRUE,FALSE,FALSE,FALSE,"integration",1,"binary","M1","species_equal","9755861bdbf4ccaf118e0c0dea942613edda82f48c5275b093691f60123a8996","INTEGRATION_TEST_ONLY"
"synthetic_06","SYN_6_5","SYNEXP_6_5","SYNTHETIC_UNEQUAL_V32","exact",0,,0.480838059995315,,,,,,,"not_applicable",-0.655539421354928,35,"unlabelled_projection","unseen_category;unseen_raw_residue;unseen_combination;fixed_effect_not_estimable",FALSE,FALSE,TRUE,TRUE,FALSE,FALSE,FALSE,"integration",1,"binary","M1","species_equal","9755861bdbf4ccaf118e0c0dea942613edda82f48c5275b093691f60123a8996","INTEGRATION_TEST_ONLY"
"synthetic_06","SYN_6_7","SYNEXP_6_7","SYNTHETIC_UNEQUAL_V32","count",0,,0.480838059995315,,,,,,,"not_applicable",-0.655539421354928,37,"unlabelled_projection","unseen_category;unseen_raw_residue;unseen_combination;fixed_effect_not_estimable",FALSE,FALSE,TRUE,TRUE,FALSE,FALSE,FALSE,"integration",1,"binary","M1","species_equal","9755861bdbf4ccaf118e0c0dea942613edda82f48c5275b093691f60123a8996","INTEGRATION_TEST_ONLY"
"synthetic_06","SYN_6_8","SYNEXP_6_8","SYNTHETIC_UNEQUAL_V32","exact",1,,0.480838059995315,,,,,,,"not_applicable",-0.732224739170071,38,"unlabelled_projection","unseen_category;unseen_raw_residue;unseen_combination;fixed_effect_not_estimable",FALSE,FALSE,TRUE,TRUE,FALSE,FALSE,FALSE,"integration",1,"binary","M1","species_equal","9755861bdbf4ccaf118e0c0dea942613edda82f48c5275b093691f60123a8996","INTEGRATION_TEST_ONLY"
"synthetic_07","SYN_7_1","SYNEXP_7_1","SYNTHETIC_UNEQUAL_V32","count",1,,0.499518947599679,,,,,,,"not_applicable",-0.694109748480481,40,"unlabelled_projection","unseen_category;unseen_raw_residue;unseen_combination;fixed_effect_not_estimable",FALSE,FALSE,TRUE,TRUE,FALSE,FALSE,FALSE,"integration",2,"binary","M1","species_equal","210a5e9b33282c48424fcfc2bbfcf70694ab54554193c1798fe2d16b45f34fbb","INTEGRATION_TEST_ONLY"
"synthetic_07","SYN_7_2","SYNEXP_7_2","SYNTHETIC_UNEQUAL_V32","exact",0,,0.499518947599679,,,,,,,"not_applicable",-0.692185538285485,41,"unlabelled_projection","unseen_category;unseen_raw_residue;unseen_combination;fixed_effect_not_estimable",FALSE,FALSE,TRUE,TRUE,FALSE,FALSE,FALSE,"integration",2,"binary","M1","species_equal","210a5e9b33282c48424fcfc2bbfcf70694ab54554193c1798fe2d16b45f34fbb","INTEGRATION_TEST_ONLY"
"synthetic_07","SYN_7_4","SYNEXP_7_4","SYNTHETIC_UNEQUAL_V32","count",0,,0.499518947599679,,,,,,,"not_applicable",-0.692185538285485,43,"unlabelled_projection","unseen_category;unseen_raw_residue;unseen_combination;fixed_effect_not_estimable",FALSE,FALSE,TRUE,TRUE,FALSE,FALSE,FALSE,"integration",2,"binary","M1","species_equal","210a5e9b33282c48424fcfc2bbfcf70694ab54554193c1798fe2d16b45f34fbb","INTEGRATION_TEST_ONLY"
"synthetic_07","SYN_7_5","SYNEXP_7_5","SYNTHETIC_UNEQUAL_V32","exact",1,,0.499518947599679,,,,,,,"not_applicable",-0.694109748480481,44,"unlabelled_projection","unseen_category;unseen_raw_residue;unseen_combination;fixed_effect_not_estimable",FALSE,FALSE,TRUE,TRUE,FALSE,FALSE,FALSE,"integration",2,"binary","M1","species_equal","210a5e9b33282c48424fcfc2bbfcf70694ab54554193c1798fe2d16b45f34fbb","INTEGRATION_TEST_ONLY"
"synthetic_07","SYN_7_7","SYNEXP_7_7","SYNTHETIC_UNEQUAL_V32","count",1,,0.499518947599679,,,,,,,"not_applicable",-0.694109748480481,46,"unlabelled_projection","unseen_category;unseen_raw_residue;unseen_combination;fixed_effect_not_estimable",FALSE,FALSE,TRUE,TRUE,FALSE,FALSE,FALSE,"integration",2,"binary","M1","species_equal","210a5e9b33282c48424fcfc2bbfcf70694ab54554193c1798fe2d16b45f34fbb","INTEGRATION_TEST_ONLY"
"synthetic_07","SYN_7_8","SYNEXP_7_8","SYNTHETIC_UNEQUAL_V32","exact",0,,0.499518947599679,,,,,,,"not_applicable",-0.692185538285485,47,"unlabelled_projection","unseen_category;unseen_raw_residue;unseen_combination;fixed_effect_not_estimable",FALSE,FALSE,TRUE,TRUE,FALSE,FALSE,FALSE,"integration",2,"binary","M1","species_equal","210a5e9b33282c48424fcfc2bbfcf70694ab54554193c1798fe2d16b45f34fbb","INTEGRATION_TEST_ONLY"
"synthetic_07","SYN_7_10","SYNEXP_7_10","SYNTHETIC_UNEQUAL_V32","count",0,,0.499518947599679,,,,,,,"not_applicable",-0.692185538285485,49,"unlabelled_projection","unseen_category;unseen_raw_residue;unseen_combination;fixed_effect_not_estimable",FALSE,FALSE,TRUE,TRUE,FALSE,FALSE,FALSE,"integration",2,"binary","M1","species_equal","210a5e9b33282c48424fcfc2bbfcf70694ab54554193c1798fe2d16b45f34fbb","INTEGRATION_TEST_ONLY"
"synthetic_08","SYN_8_1","SYNEXP_8_1","SYNTHETIC_UNEQUAL_V32","count",0,,0.499518947599679,,,,,,,"not_applicable",-0.692185538285485,50,"unlabelled_projection","unseen_category;unseen_raw_residue;unseen_combination;fixed_effect_not_estimable",FALSE,FALSE,TRUE,TRUE,FALSE,FALSE,FALSE,"integration",2,"binary","M1","species_equal","210a5e9b33282c48424fcfc2bbfcf70694ab54554193c1798fe2d16b45f34fbb","INTEGRATION_TEST_ONLY"
"synthetic_08","SYN_8_2","SYNEXP_8_2","SYNTHETIC_UNEQUAL_V32","exact",1,,0.499518947599679,,,,,,,"not_applicable",-0.694109748480481,51,"unlabelled_projection","unseen_category;unseen_raw_residue;unseen_combination;fixed_effect_not_estimable",FALSE,FALSE,TRUE,TRUE,FALSE,FALSE,FALSE,"integration",2,"binary","M1","species_equal","210a5e9b33282c48424fcfc2bbfcf70694ab54554193c1798fe2d16b45f34fbb","INTEGRATION_TEST_ONLY"
"synthetic_08","SYN_8_4","SYNEXP_8_4","SYNTHETIC_UNEQUAL_V32","count",1,,0.499518947599679,,,,,,,"not_applicable",-0.694109748480481,53,"unlabelled_projection","unseen_category;unseen_raw_residue;unseen_combination;fixed_effect_not_estimable",FALSE,FALSE,TRUE,TRUE,FALSE,FALSE,FALSE,"integration",2,"binary","M1","species_equal","210a5e9b33282c48424fcfc2bbfcf70694ab54554193c1798fe2d16b45f34fbb","INTEGRATION_TEST_ONLY"
"synthetic_08","SYN_8_5","SYNEXP_8_5","SYNTHETIC_UNEQUAL_V32","exact",0,,0.499518947599679,,,,,,,"not_applicable",-0.692185538285485,54,"unlabelled_projection","unseen_category;unseen_raw_residue;unseen_combination;fixed_effect_not_estimable",FALSE,FALSE,TRUE,TRUE,FALSE,FALSE,FALSE,"integration",2,"binary","M1","species_equal","210a5e9b33282c48424fcfc2bbfcf70694ab54554193c1798fe2d16b45f34fbb","INTEGRATION_TEST_ONLY"
"synthetic_08","SYN_8_7","SYNEXP_8_7","SYNTHETIC_UNEQUAL_V32","count",0,,0.499518947599679,,,,,,,"not_applicable",-0.692185538285485,56,"unlabelled_projection","unseen_category;unseen_raw_residue;unseen_combination;fixed_effect_not_estimable",FALSE,FALSE,TRUE,TRUE,FALSE,FALSE,FALSE,"integration",2,"binary","M1","species_equal","210a5e9b33282c48424fcfc2bbfcf70694ab54554193c1798fe2d16b45f34fbb","INTEGRATION_TEST_ONLY"
"synthetic_08","SYN_8_8","SYNEXP_8_8","SYNTHETIC_UNEQUAL_V32","exact",1,,0.499518947599679,,,,,,,"not_applicable",-0.694109748480481,57,"unlabelled_projection","unseen_category;unseen_raw_residue;unseen_combination;fixed_effect_not_estimable",FALSE,FALSE,TRUE,TRUE,FALSE,FALSE,FALSE,"integration",2,"binary","M1","species_equal","210a5e9b33282c48424fcfc2bbfcf70694ab54554193c1798fe2d16b45f34fbb","INTEGRATION_TEST_ONLY"
"synthetic_08","SYN_8_10","SYNEXP_8_10","SYNTHETIC_UNEQUAL_V32","count",1,,0.499518947599679,,,,,,,"not_applicable",-0.694109748480481,59,"unlabelled_projection","unseen_category;unseen_raw_residue;unseen_combination;fixed_effect_not_estimable",FALSE,FALSE,TRUE,TRUE,FALSE,FALSE,FALSE,"integration",2,"binary","M1","species_equal","210a5e9b33282c48424fcfc2bbfcf70694ab54554193c1798fe2d16b45f34fbb","INTEGRATION_TEST_ONLY"
"synthetic_08","SYN_8_11","SYNEXP_8_11","SYNTHETIC_UNEQUAL_V32","exact",0,,0.499518947599679,,,,,,,"not_applicable",-0.692185538285485,60,"unlabelled_projection","unseen_category;unseen_raw_residue;unseen_combination;fixed_effect_not_estimable",FALSE,FALSE,TRUE,TRUE,FALSE,FALSE,FALSE,"integration",2,"binary","M1","species_equal","210a5e9b33282c48424fcfc2bbfcf70694ab54554193c1798fe2d16b45f34fbb","INTEGRATION_TEST_ONLY"
"synthetic_09","SYN_9_1","SYNEXP_9_1","SYNTHETIC_UNEQUAL_V32","count",1,,0.489726816405337,,,,,,,"not_applicable",-0.713907560888284,61,"unlabelled_projection","missing_predictor;unseen_category;unseen_raw_residue;unseen_combination;fixed_effect_not_estimable",TRUE,TRUE,TRUE,TRUE,FALSE,FALSE,FALSE,"integration",2,"binary","M1","species_equal","210a5e9b33282c48424fcfc2bbfcf70694ab54554193c1798fe2d16b45f34fbb","INTEGRATION_TEST_ONLY"
"synthetic_09","SYN_9_2","SYNEXP_9_2","SYNTHETIC_UNEQUAL_V32","exact",0,,0.489726816405337,,,,,,,"not_applicable",-0.672809042568035,62,"unlabelled_projection","missing_predictor;unseen_category;unseen_raw_residue;unseen_combination;fixed_effect_not_estimable",TRUE,TRUE,TRUE,TRUE,FALSE,FALSE,FALSE,"integration",2,"binary","M1","species_equal","210a5e9b33282c48424fcfc2bbfcf70694ab54554193c1798fe2d16b45f34fbb","INTEGRATION_TEST_ONLY"
"synthetic_09","SYN_9_4","SYNEXP_9_4","SYNTHETIC_UNEQUAL_V32","count",0,,0.489726816405337,,,,,,,"not_applicable",-0.672809042568035,64,"unlabelled_projection","missing_predictor;unseen_category;unseen_raw_residue;unseen_combination;fixed_effect_not_estimable",TRUE,TRUE,TRUE,TRUE,FALSE,FALSE,FALSE,"integration",2,"binary","M1","species_equal","210a5e9b33282c48424fcfc2bbfcf70694ab54554193c1798fe2d16b45f34fbb","INTEGRATION_TEST_ONLY"
"synthetic_09","SYN_9_5","SYNEXP_9_5","SYNTHETIC_UNEQUAL_V32","exact",1,,0.489726816405337,,,,,,,"not_applicable",-0.713907560888284,65,"unlabelled_projection","missing_predictor;unseen_category;unseen_raw_residue;unseen_combination;fixed_effect_not_estimable",TRUE,TRUE,TRUE,TRUE,FALSE,FALSE,FALSE,"integration",2,"binary","M1","species_equal","210a5e9b33282c48424fcfc2bbfcf70694ab54554193c1798fe2d16b45f34fbb","INTEGRATION_TEST_ONLY"
"synthetic_09","SYN_9_7","SYNEXP_9_7","SYNTHETIC_UNEQUAL_V32","count",1,,0.489726816405337,,,,,,,"not_applicable",-0.713907560888284,67,"unlabelled_projection","missing_predictor;unseen_category;unseen_raw_residue;unseen_combination;fixed_effect_not_estimable",TRUE,TRUE,TRUE,TRUE,FALSE,FALSE,FALSE,"integration",2,"binary","M1","species_equal","210a5e9b33282c48424fcfc2bbfcf70694ab54554193c1798fe2d16b45f34fbb","INTEGRATION_TEST_ONLY"
"synthetic_09","SYN_9_8","SYNEXP_9_8","SYNTHETIC_UNEQUAL_V32","exact",0,,0.489726816405337,,,,,,,"not_applicable",-0.672809042568035,68,"unlabelled_projection","missing_predictor;unseen_category;unseen_raw_residue;unseen_combination;fixed_effect_not_estimable",TRUE,TRUE,TRUE,TRUE,FALSE,FALSE,FALSE,"integration",2,"binary","M1","species_equal","210a5e9b33282c48424fcfc2bbfcf70694ab54554193c1798fe2d16b45f34fbb","INTEGRATION_TEST_ONLY"
"synthetic_09","SYN_9_10","SYNEXP_9_10","SYNTHETIC_UNEQUAL_V32","count",0,,0.489726816405337,,,,,,,"not_applicable",-0.672809042568035,70,"unlabelled_projection","missing_predictor;unseen_category;unseen_raw_residue;unseen_combination;fixed_effect_not_estimable",TRUE,TRUE,TRUE,TRUE,FALSE,FALSE,FALSE,"integration",2,"binary","M1","species_equal","210a5e9b33282c48424fcfc2bbfcf70694ab54554193c1798fe2d16b45f34fbb","INTEGRATION_TEST_ONLY"
"synthetic_09","SYN_9_11","SYNEXP_9_11","SYNTHETIC_UNEQUAL_V32","exact",1,,0.489726816405337,,,,,,,"not_applicable",-0.713907560888284,71,"unlabelled_projection","missing_predictor;unseen_category;unseen_raw_residue;unseen_combination;fixed_effect_not_estimable",TRUE,TRUE,TRUE,TRUE,FALSE,FALSE,FALSE,"integration",2,"binary","M1","species_equal","210a5e9b33282c48424fcfc2bbfcf70694ab54554193c1798fe2d16b45f34fbb","INTEGRATION_TEST_ONLY"
"synthetic_10","SYN_10_1","SYNEXP_10_1","SYNTHETIC_UNEQUAL_V32","count",0,,0.499518947599679,,,,,,,"not_applicable",-0.692185538285485,73,"unlabelled_projection","unseen_category;unseen_raw_residue;unseen_combination;fixed_effect_not_estimable",FALSE,FALSE,TRUE,TRUE,FALSE,FALSE,FALSE,"integration",2,"binary","M1","species_equal","210a5e9b33282c48424fcfc2bbfcf70694ab54554193c1798fe2d16b45f34fbb","INTEGRATION_TEST_ONLY"
"synthetic_10","SYN_10_2","SYNEXP_10_2","SYNTHETIC_UNEQUAL_V32","exact",1,,0.499518947599679,,,,,,,"not_applicable",-0.694109748480481,74,"unlabelled_projection","unseen_category;unseen_raw_residue;unseen_combination;fixed_effect_not_estimable",FALSE,FALSE,TRUE,TRUE,FALSE,FALSE,FALSE,"integration",2,"binary","M1","species_equal","210a5e9b33282c48424fcfc2bbfcf70694ab54554193c1798fe2d16b45f34fbb","INTEGRATION_TEST_ONLY"
"synthetic_10","SYN_10_4","SYNEXP_10_4","SYNTHETIC_UNEQUAL_V32","count",1,,0.499518947599679,,,,,,,"not_applicable",-0.694109748480481,76,"unlabelled_projection","unseen_category;unseen_raw_residue;unseen_combination;fixed_effect_not_estimable",FALSE,FALSE,TRUE,TRUE,FALSE,FALSE,FALSE,"integration",2,"binary","M1","species_equal","210a5e9b33282c48424fcfc2bbfcf70694ab54554193c1798fe2d16b45f34fbb","INTEGRATION_TEST_ONLY"
"synthetic_10","SYN_10_5","SYNEXP_10_5","SYNTHETIC_UNEQUAL_V32","exact",0,,0.499518947599679,,,,,,,"not_applicable",-0.692185538285485,77,"unlabelled_projection","unseen_category;unseen_raw_residue;unseen_combination;fixed_effect_not_estimable",FALSE,FALSE,TRUE,TRUE,FALSE,FALSE,FALSE,"integration",2,"binary","M1","species_equal","210a5e9b33282c48424fcfc2bbfcf70694ab54554193c1798fe2d16b45f34fbb","INTEGRATION_TEST_ONLY"
"synthetic_10","SYN_10_7","SYNEXP_10_7","SYNTHETIC_UNEQUAL_V32","count",0,,0.499518947599679,,,,,,,"not_applicable",-0.692185538285485,79,"unlabelled_projection","unseen_category;unseen_raw_residue;unseen_combination;fixed_effect_not_estimable",FALSE,FALSE,TRUE,TRUE,FALSE,FALSE,FALSE,"integration",2,"binary","M1","species_equal","210a5e9b33282c48424fcfc2bbfcf70694ab54554193c1798fe2d16b45f34fbb","INTEGRATION_TEST_ONLY"
"synthetic_10","SYN_10_8","SYNEXP_10_8","SYNTHETIC_UNEQUAL_V32","exact",1,,0.499518947599679,,,,,,,"not_applicable",-0.694109748480481,80,"unlabelled_projection","unseen_category;unseen_raw_residue;unseen_combination;fixed_effect_not_estimable",FALSE,FALSE,TRUE,TRUE,FALSE,FALSE,FALSE,"integration",2,"binary","M1","species_equal","210a5e9b33282c48424fcfc2bbfcf70694ab54554193c1798fe2d16b45f34fbb","INTEGRATION_TEST_ONLY"
"synthetic_10","SYN_10_10","SYNEXP_10_10","SYNTHETIC_UNEQUAL_V32","count",1,,0.499518947599679,,,,,,,"not_applicable",-0.694109748480481,82,"unlabelled_projection","unseen_category;unseen_raw_residue;unseen_combination;fixed_effect_not_estimable",FALSE,FALSE,TRUE,TRUE,FALSE,FALSE,FALSE,"integration",2,"binary","M1","species_equal","210a5e9b33282c48424fcfc2bbfcf70694ab54554193c1798fe2d16b45f34fbb","INTEGRATION_TEST_ONLY"
"synthetic_10","SYN_10_11","SYNEXP_10_11","SYNTHETIC_UNEQUAL_V32","exact",0,,0.499518947599679,,,,,,,"not_applicable",-0.692185538285485,83,"unlabelled_projection","unseen_category;unseen_raw_residue;unseen_combination;fixed_effect_not_estimable",FALSE,FALSE,TRUE,TRUE,FALSE,FALSE,FALSE,"integration",2,"binary","M1","species_equal","210a5e9b33282c48424fcfc2bbfcf70694ab54554193c1798fe2d16b45f34fbb","INTEGRATION_TEST_ONLY"
"synthetic_10","SYN_10_13","SYNEXP_10_13","SYNTHETIC_UNEQUAL_V32","count",0,,0.499518947599679,,,,,,,"not_applicable",-0.692185538285485,85,"unlabelled_projection","unseen_category;unseen_raw_residue;unseen_combination;fixed_effect_not_estimable",FALSE,FALSE,TRUE,TRUE,FALSE,FALSE,FALSE,"integration",2,"binary","M1","species_equal","210a5e9b33282c48424fcfc2bbfcf70694ab54554193c1798fe2d16b45f34fbb","INTEGRATION_TEST_ONLY"
"synthetic_11","SYN_11_1","SYNEXP_11_1","SYNTHETIC_UNEQUAL_V32","count",1,,0.482839397058227,,,,,,,"not_applicable",-0.728071191890305,86,"unlabelled_projection","missing_predictor;unseen_category;unseen_raw_residue;unseen_combination;fixed_effect_not_estimable",TRUE,TRUE,TRUE,TRUE,FALSE,FALSE,FALSE,"integration",2,"binary","M1","species_equal","210a5e9b33282c48424fcfc2bbfcf70694ab54554193c1798fe2d16b45f34fbb","INTEGRATION_TEST_ONLY"
"synthetic_11","SYN_11_2","SYNEXP_11_2","SYNTHETIC_UNEQUAL_V32","exact",0,,0.482839397058227,,,,,,,"not_applicable",-0.659401808725605,87,"unlabelled_projection","missing_predictor;unseen_category;unseen_raw_residue;unseen_combination;fixed_effect_not_estimable",TRUE,TRUE,TRUE,TRUE,FALSE,FALSE,FALSE,"integration",2,"binary","M1","species_equal","210a5e9b33282c48424fcfc2bbfcf70694ab54554193c1798fe2d16b45f34fbb","INTEGRATION_TEST_ONLY"
"synthetic_11","SYN_11_4","SYNEXP_11_4","SYNTHETIC_UNEQUAL_V32","count",0,,0.482839397058227,,,,,,,"not_applicable",-0.659401808725605,89,"unlabelled_projection","missing_predictor;unseen_category;unseen_raw_residue;unseen_combination;fixed_effect_not_estimable",TRUE,TRUE,TRUE,TRUE,FALSE,FALSE,FALSE,"integration",2,"binary","M1","species_equal","210a5e9b33282c48424fcfc2bbfcf70694ab54554193c1798fe2d16b45f34fbb","INTEGRATION_TEST_ONLY"
"synthetic_11","SYN_11_5","SYNEXP_11_5","SYNTHETIC_UNEQUAL_V32","exact",1,,0.482839397058227,,,,,,,"not_applicable",-0.728071191890305,90,"unlabelled_projection","missing_predictor;unseen_category;unseen_raw_residue;unseen_combination;fixed_effect_not_estimable",TRUE,TRUE,TRUE,TRUE,FALSE,FALSE,FALSE,"integration",2,"binary","M1","species_equal","210a5e9b33282c48424fcfc2bbfcf70694ab54554193c1798fe2d16b45f34fbb","INTEGRATION_TEST_ONLY"
"synthetic_11","SYN_11_7","SYNEXP_11_7","SYNTHETIC_UNEQUAL_V32","count",1,,0.482839397058227,,,,,,,"not_applicable",-0.728071191890305,92,"unlabelled_projection","missing_predictor;unseen_category;unseen_raw_residue;unseen_combination;fixed_effect_not_estimable",TRUE,TRUE,TRUE,TRUE,FALSE,FALSE,FALSE,"integration",2,"binary","M1","species_equal","210a5e9b33282c48424fcfc2bbfcf70694ab54554193c1798fe2d16b45f34fbb","INTEGRATION_TEST_ONLY"
"synthetic_11","SYN_11_8","SYNEXP_11_8","SYNTHETIC_UNEQUAL_V32","exact",0,,0.482839397058227,,,,,,,"not_applicable",-0.659401808725605,93,"unlabelled_projection","missing_predictor;unseen_category;unseen_raw_residue;unseen_combination;fixed_effect_not_estimable",TRUE,TRUE,TRUE,TRUE,FALSE,FALSE,FALSE,"integration",2,"binary","M1","species_equal","210a5e9b33282c48424fcfc2bbfcf70694ab54554193c1798fe2d16b45f34fbb","INTEGRATION_TEST_ONLY"
"synthetic_11","SYN_11_10","SYNEXP_11_10","SYNTHETIC_UNEQUAL_V32","count",0,,0.482839397058227,,,,,,,"not_applicable",-0.659401808725605,95,"unlabelled_projection","missing_predictor;unseen_category;unseen_raw_residue;unseen_combination;fixed_effect_not_estimable",TRUE,TRUE,TRUE,TRUE,FALSE,FALSE,FALSE,"integration",2,"binary","M1","species_equal","210a5e9b33282c48424fcfc2bbfcf70694ab54554193c1798fe2d16b45f34fbb","INTEGRATION_TEST_ONLY"
"synthetic_11","SYN_11_11","SYNEXP_11_11","SYNTHETIC_UNEQUAL_V32","exact",1,,0.482839397058227,,,,,,,"not_applicable",-0.728071191890305,96,"unlabelled_projection","missing_predictor;unseen_category;unseen_raw_residue;unseen_combination;fixed_effect_not_estimable",TRUE,TRUE,TRUE,TRUE,FALSE,FALSE,FALSE,"integration",2,"binary","M1","species_equal","210a5e9b33282c48424fcfc2bbfcf70694ab54554193c1798fe2d16b45f34fbb","INTEGRATION_TEST_ONLY"
"synthetic_11","SYN_11_13","SYNEXP_11_13","SYNTHETIC_UNEQUAL_V32","count",1,,0.482839397058227,,,,,,,"not_applicable",-0.728071191890305,98,"unlabelled_projection","missing_predictor;unseen_category;unseen_raw_residue;unseen_combination;fixed_effect_not_estimable",TRUE,TRUE,TRUE,TRUE,FALSE,FALSE,FALSE,"integration",2,"binary","M1","species_equal","210a5e9b33282c48424fcfc2bbfcf70694ab54554193c1798fe2d16b45f34fbb","INTEGRATION_TEST_ONLY"
"synthetic_11","SYN_11_14","SYNEXP_11_14","SYNTHETIC_UNEQUAL_V32","exact",1,,0.482839397058227,,,,,,,"not_applicable",-0.728071191890305,99,"unlabelled_projection","missing_predictor;unseen_category;unseen_raw_residue;unseen_combination;fixed_effect_not_estimable",TRUE,TRUE,TRUE,TRUE,FALSE,FALSE,FALSE,"integration",2,"binary","M1","species_equal","210a5e9b33282c48424fcfc2bbfcf70694ab54554193c1798fe2d16b45f34fbb","INTEGRATION_TEST_ONLY"
"synthetic_01","SYN_1_1","SYNEXP_1_1","SYNTHETIC_UNEQUAL_V32","count",1,,0.48988101356995,,,,,,,"not_applicable",-0.713592746814391,1,"unlabelled_projection","unseen_category;unseen_raw_residue;unseen_combination;fixed_effect_not_estimable",FALSE,FALSE,TRUE,TRUE,FALSE,FALSE,FALSE,"integration",1,"binary","M2","record_equal","57c90b98ad877c621506f0401090b6c8d10b4dca2929f1f1f9dbc18ff0a31d1d","INTEGRATION_TEST_ONLY"
"synthetic_01","SYN_1_2","SYNEXP_1_2","SYNTHETIC_UNEQUAL_V32","exact",0,,0.48988101356995,,,,,,,"not_applicable",-0.673111273749959,2,"unlabelled_projection","unseen_category;unseen_raw_residue;unseen_combination;fixed_effect_not_estimable",FALSE,FALSE,TRUE,TRUE,FALSE,FALSE,FALSE,"integration",1,"binary","M2","record_equal","57c90b98ad877c621506f0401090b6c8d10b4dca2929f1f1f9dbc18ff0a31d1d","INTEGRATION_TEST_ONLY"
"synthetic_01","SYN_1_4","SYNEXP_1_4","SYNTHETIC_UNEQUAL_V32","count",0,,0.48988101356995,,,,,,,"not_applicable",-0.673111273749959,4,"unlabelled_projection","unseen_category;unseen_raw_residue;unseen_combination;fixed_effect_not_estimable",FALSE,FALSE,TRUE,TRUE,FALSE,FALSE,FALSE,"integration",1,"binary","M2","record_equal","57c90b98ad877c621506f0401090b6c8d10b4dca2929f1f1f9dbc18ff0a31d1d","INTEGRATION_TEST_ONLY"
"synthetic_02","SYN_2_1","SYNEXP_2_1","SYNTHETIC_UNEQUAL_V32","count",0,,0.48988101356995,,,,,,,"not_applicable",-0.673111273749959,5,"unlabelled_projection","unseen_category;unseen_raw_residue;unseen_combination;fixed_effect_not_estimable",FALSE,FALSE,TRUE,TRUE,FALSE,FALSE,FALSE,"integration",1,"binary","M2","record_equal","57c90b98ad877c621506f0401090b6c8d10b4dca2929f1f1f9dbc18ff0a31d1d","INTEGRATION_TEST_ONLY"
"synthetic_02","SYN_2_2","SYNEXP_2_2","SYNTHETIC_UNEQUAL_V32","exact",1,,0.48988101356995,,,,,,,"not_applicable",-0.713592746814391,6,"unlabelled_projection","unseen_category;unseen_raw_residue;unseen_combination;fixed_effect_not_estimable",FALSE,FALSE,TRUE,TRUE,FALSE,FALSE,FALSE,"integration",1,"binary","M2","record_equal","57c90b98ad877c621506f0401090b6c8d10b4dca2929f1f1f9dbc18ff0a31d1d","INTEGRATION_TEST_ONLY"
"synthetic_02","SYN_2_4","SYNEXP_2_4","SYNTHETIC_UNEQUAL_V32","count",1,,0.48988101356995,,,,,,,"not_applicable",-0.713592746814391,8,"unlabelled_projection","unseen_category;unseen_raw_residue;unseen_combination;fixed_effect_not_estimable",FALSE,FALSE,TRUE,TRUE,FALSE,FALSE,FALSE,"integration",1,"binary","M2","record_equal","57c90b98ad877c621506f0401090b6c8d10b4dca2929f1f1f9dbc18ff0a31d1d","INTEGRATION_TEST_ONLY"
"synthetic_02","SYN_2_5","SYNEXP_2_5","SYNTHETIC_UNEQUAL_V32","exact",0,,0.48988101356995,,,,,,,"not_applicable",-0.673111273749959,9,"unlabelled_projection","unseen_category;unseen_raw_residue;unseen_combination;fixed_effect_not_estimable",FALSE,FALSE,TRUE,TRUE,FALSE,FALSE,FALSE,"integration",1,"binary","M2","record_equal","57c90b98ad877c621506f0401090b6c8d10b4dca2929f1f1f9dbc18ff0a31d1d","INTEGRATION_TEST_ONLY"
"synthetic_03","SYN_3_1","SYNEXP_3_1","SYNTHETIC_UNEQUAL_V32","count",1,,0.48988101356995,,,,,,,"not_applicable",-0.713592746814391,10,"unlabelled_projection","unseen_category;unseen_raw_residue;unseen_combination;fixed_effect_not_estimable",FALSE,FALSE,TRUE,TRUE,FALSE,FALSE,FALSE,"integration",1,"binary","M2","record_equal","57c90b98ad877c621506f0401090b6c8d10b4dca2929f1f1f9dbc18ff0a31d1d","INTEGRATION_TEST_ONLY"
"synthetic_03","SYN_3_2","SYNEXP_3_2","SYNTHETIC_UNEQUAL_V32","exact",0,,0.48988101356995,,,,,,,"not_applicable",-0.673111273749959,11,"unlabelled_projection","unseen_category;unseen_raw_residue;unseen_combination;fixed_effect_not_estimable",FALSE,FALSE,TRUE,TRUE,FALSE,FALSE,FALSE,"integration",1,"binary","M2","record_equal","57c90b98ad877c621506f0401090b6c8d10b4dca2929f1f1f9dbc18ff0a31d1d","INTEGRATION_TEST_ONLY"
"synthetic_03","SYN_3_4","SYNEXP_3_4","SYNTHETIC_UNEQUAL_V32","count",0,,0.48988101356995,,,,,,,"not_applicable",-0.673111273749959,13,"unlabelled_projection","unseen_category;unseen_raw_residue;unseen_combination;fixed_effect_not_estimable",FALSE,FALSE,TRUE,TRUE,FALSE,FALSE,FALSE,"integration",1,"binary","M2","record_equal","57c90b98ad877c621506f0401090b6c8d10b4dca2929f1f1f9dbc18ff0a31d1d","INTEGRATION_TEST_ONLY"
"synthetic_03","SYN_3_5","SYNEXP_3_5","SYNTHETIC_UNEQUAL_V32","exact",1,,0.48988101356995,,,,,,,"not_applicable",-0.713592746814391,14,"unlabelled_projection","unseen_category;unseen_raw_residue;unseen_combination;fixed_effect_not_estimable",FALSE,FALSE,TRUE,TRUE,FALSE,FALSE,FALSE,"integration",1,"binary","M2","record_equal","57c90b98ad877c621506f0401090b6c8d10b4dca2929f1f1f9dbc18ff0a31d1d","INTEGRATION_TEST_ONLY"
"synthetic_04","SYN_4_1","SYNEXP_4_1","SYNTHETIC_UNEQUAL_V32","count",0,,0.48988101356995,,,,,,,"not_applicable",-0.673111273749959,16,"unlabelled_projection","unseen_category;unseen_raw_residue;unseen_combination;fixed_effect_not_estimable",FALSE,FALSE,TRUE,TRUE,FALSE,FALSE,FALSE,"integration",1,"binary","M2","record_equal","57c90b98ad877c621506f0401090b6c8d10b4dca2929f1f1f9dbc18ff0a31d1d","INTEGRATION_TEST_ONLY"
"synthetic_04","SYN_4_2","SYNEXP_4_2","SYNTHETIC_UNEQUAL_V32","exact",1,,0.48988101356995,,,,,,,"not_applicable",-0.713592746814391,17,"unlabelled_projection","unseen_category;unseen_raw_residue;unseen_combination;fixed_effect_not_estimable",FALSE,FALSE,TRUE,TRUE,FALSE,FALSE,FALSE,"integration",1,"binary","M2","record_equal","57c90b98ad877c621506f0401090b6c8d10b4dca2929f1f1f9dbc18ff0a31d1d","INTEGRATION_TEST_ONLY"
"synthetic_04","SYN_4_4","SYNEXP_4_4","SYNTHETIC_UNEQUAL_V32","count",1,,0.48988101356995,,,,,,,"not_applicable",-0.713592746814391,19,"unlabelled_projection","unseen_category;unseen_raw_residue;unseen_combination;fixed_effect_not_estimable",FALSE,FALSE,TRUE,TRUE,FALSE,FALSE,FALSE,"integration",1,"binary","M2","record_equal","57c90b98ad877c621506f0401090b6c8d10b4dca2929f1f1f9dbc18ff0a31d1d","INTEGRATION_TEST_ONLY"
"synthetic_04","SYN_4_5","SYNEXP_4_5","SYNTHETIC_UNEQUAL_V32","exact",0,,0.48988101356995,,,,,,,"not_applicable",-0.673111273749959,20,"unlabelled_projection","unseen_category;unseen_raw_residue;unseen_combination;fixed_effect_not_estimable",FALSE,FALSE,TRUE,TRUE,FALSE,FALSE,FALSE,"integration",1,"binary","M2","record_equal","57c90b98ad877c621506f0401090b6c8d10b4dca2929f1f1f9dbc18ff0a31d1d","INTEGRATION_TEST_ONLY"
"synthetic_04","SYN_4_7","SYNEXP_4_7","SYNTHETIC_UNEQUAL_V32","count",0,,0.48988101356995,,,,,,,"not_applicable",-0.673111273749959,22,"unlabelled_projection","unseen_category;unseen_raw_residue;unseen_combination;fixed_effect_not_estimable",FALSE,FALSE,TRUE,TRUE,FALSE,FALSE,FALSE,"integration",1,"binary","M2","record_equal","57c90b98ad877c621506f0401090b6c8d10b4dca2929f1f1f9dbc18ff0a31d1d","INTEGRATION_TEST_ONLY"
"synthetic_05","SYN_5_1","SYNEXP_5_1","SYNTHETIC_UNEQUAL_V32","count",1,,0.492201534799594,,,,,,,"not_applicable",-0.708867022786253,23,"unlabelled_projection","unseen_category;unseen_raw_residue;unseen_combination;fixed_effect_not_estimable",FALSE,FALSE,TRUE,TRUE,FALSE,FALSE,FALSE,"integration",1,"binary","M2","record_equal","57c90b98ad877c621506f0401090b6c8d10b4dca2929f1f1f9dbc18ff0a31d1d","INTEGRATION_TEST_ONLY"
"synthetic_05","SYN_5_2","SYNEXP_5_2","SYNTHETIC_UNEQUAL_V32","exact",0,,0.492201534799594,,,,,,,"not_applicable",-0.67767063216511,24,"unlabelled_projection","unseen_category;unseen_raw_residue;unseen_combination;fixed_effect_not_estimable",FALSE,FALSE,TRUE,TRUE,FALSE,FALSE,FALSE,"integration",1,"binary","M2","record_equal","57c90b98ad877c621506f0401090b6c8d10b4dca2929f1f1f9dbc18ff0a31d1d","INTEGRATION_TEST_ONLY"
"synthetic_05","SYN_5_4","SYNEXP_5_4","SYNTHETIC_UNEQUAL_V32","count",0,,0.492201534799594,,,,,,,"not_applicable",-0.67767063216511,26,"unlabelled_projection","unseen_category;unseen_raw_residue;unseen_combination;fixed_effect_not_estimable",FALSE,FALSE,TRUE,TRUE,FALSE,FALSE,FALSE,"integration",1,"binary","M2","record_equal","57c90b98ad877c621506f0401090b6c8d10b4dca2929f1f1f9dbc18ff0a31d1d","INTEGRATION_TEST_ONLY"
"synthetic_05","SYN_5_5","SYNEXP_5_5","SYNTHETIC_UNEQUAL_V32","exact",1,,0.492201534799594,,,,,,,"not_applicable",-0.708867022786253,27,"unlabelled_projection","unseen_category;unseen_raw_residue;unseen_combination;fixed_effect_not_estimable",FALSE,FALSE,TRUE,TRUE,FALSE,FALSE,FALSE,"integration",1,"binary","M2","record_equal","57c90b98ad877c621506f0401090b6c8d10b4dca2929f1f1f9dbc18ff0a31d1d","INTEGRATION_TEST_ONLY"
"synthetic_05","SYN_5_7","SYNEXP_5_7","SYNTHETIC_UNEQUAL_V32","count",1,,0.492201534799594,,,,,,,"not_applicable",-0.708867022786253,29,"unlabelled_projection","unseen_category;unseen_raw_residue;unseen_combination;fixed_effect_not_estimable",FALSE,FALSE,TRUE,TRUE,FALSE,FALSE,FALSE,"integration",1,"binary","M2","record_equal","57c90b98ad877c621506f0401090b6c8d10b4dca2929f1f1f9dbc18ff0a31d1d","INTEGRATION_TEST_ONLY"
"synthetic_05","SYN_5_8","SYNEXP_5_8","SYNTHETIC_UNEQUAL_V32","exact",0,,0.492201534799594,,,,,,,"not_applicable",-0.67767063216511,30,"unlabelled_projection","unseen_category;unseen_raw_residue;unseen_combination;fixed_effect_not_estimable",FALSE,FALSE,TRUE,TRUE,FALSE,FALSE,FALSE,"integration",1,"binary","M2","record_equal","57c90b98ad877c621506f0401090b6c8d10b4dca2929f1f1f9dbc18ff0a31d1d","INTEGRATION_TEST_ONLY"
"synthetic_06","SYN_6_1","SYNEXP_6_1","SYNTHETIC_UNEQUAL_V32","count",0,,0.492201534799594,,,,,,,"not_applicable",-0.67767063216511,31,"unlabelled_projection","unseen_category;unseen_raw_residue;unseen_combination;fixed_effect_not_estimable",FALSE,FALSE,TRUE,TRUE,FALSE,FALSE,FALSE,"integration",1,"binary","M2","record_equal","57c90b98ad877c621506f0401090b6c8d10b4dca2929f1f1f9dbc18ff0a31d1d","INTEGRATION_TEST_ONLY"
"synthetic_06","SYN_6_2","SYNEXP_6_2","SYNTHETIC_UNEQUAL_V32","exact",1,,0.492201534799594,,,,,,,"not_applicable",-0.708867022786253,32,"unlabelled_projection","unseen_category;unseen_raw_residue;unseen_combination;fixed_effect_not_estimable",FALSE,FALSE,TRUE,TRUE,FALSE,FALSE,FALSE,"integration",1,"binary","M2","record_equal","57c90b98ad877c621506f0401090b6c8d10b4dca2929f1f1f9dbc18ff0a31d1d","INTEGRATION_TEST_ONLY"
"synthetic_06","SYN_6_4","SYNEXP_6_4","SYNTHETIC_UNEQUAL_V32","count",1,,0.492201534799594,,,,,,,"not_applicable",-0.708867022786253,34,"unlabelled_projection","unseen_category;unseen_raw_residue;unseen_combination;fixed_effect_not_estimable",FALSE,FALSE,TRUE,TRUE,FALSE,FALSE,FALSE,"integration",1,"binary","M2","record_equal","57c90b98ad877c621506f0401090b6c8d10b4dca2929f1f1f9dbc18ff0a31d1d","INTEGRATION_TEST_ONLY"
"synthetic_06","SYN_6_5","SYNEXP_6_5","SYNTHETIC_UNEQUAL_V32","exact",0,,0.492201534799594,,,,,,,"not_applicable",-0.67767063216511,35,"unlabelled_projection","unseen_category;unseen_raw_residue;unseen_combination;fixed_effect_not_estimable",FALSE,FALSE,TRUE,TRUE,FALSE,FALSE,FALSE,"integration",1,"binary","M2","record_equal","57c90b98ad877c621506f0401090b6c8d10b4dca2929f1f1f9dbc18ff0a31d1d","INTEGRATION_TEST_ONLY"
"synthetic_06","SYN_6_7","SYNEXP_6_7","SYNTHETIC_UNEQUAL_V32","count",0,,0.492201534799594,,,,,,,"not_applicable",-0.67767063216511,37,"unlabelled_projection","unseen_category;unseen_raw_residue;unseen_combination;fixed_effect_not_estimable",FALSE,FALSE,TRUE,TRUE,FALSE,FALSE,FALSE,"integration",1,"binary","M2","record_equal","57c90b98ad877c621506f0401090b6c8d10b4dca2929f1f1f9dbc18ff0a31d1d","INTEGRATION_TEST_ONLY"
"synthetic_06","SYN_6_8","SYNEXP_6_8","SYNTHETIC_UNEQUAL_V32","exact",1,,0.492201534799594,,,,,,,"not_applicable",-0.708867022786253,38,"unlabelled_projection","unseen_category;unseen_raw_residue;unseen_combination;fixed_effect_not_estimable",FALSE,FALSE,TRUE,TRUE,FALSE,FALSE,FALSE,"integration",1,"binary","M2","record_equal","57c90b98ad877c621506f0401090b6c8d10b4dca2929f1f1f9dbc18ff0a31d1d","INTEGRATION_TEST_ONLY"
"synthetic_07","SYN_7_1","SYNEXP_7_1","SYNTHETIC_UNEQUAL_V32","count",1,,0.480349629970268,,,,,,,"not_applicable",-0.73324104446026,40,"unlabelled_projection","unseen_category;unseen_raw_residue;unseen_combination;fixed_effect_not_estimable",FALSE,FALSE,TRUE,TRUE,FALSE,FALSE,FALSE,"integration",2,"binary","M2","record_equal","ae0a5e0e9f854808cad646d477d3992fcbffba7d60aaa32d56a69e0d1979a0d0","INTEGRATION_TEST_ONLY"
"synthetic_07","SYN_7_2","SYNEXP_7_2","SYNTHETIC_UNEQUAL_V32","exact",0,,0.480349629970268,,,,,,,"not_applicable",-0.65459905887304,41,"unlabelled_projection","unseen_category;unseen_raw_residue;unseen_combination;fixed_effect_not_estimable",FALSE,FALSE,TRUE,TRUE,FALSE,FALSE,FALSE,"integration",2,"binary","M2","record_equal","ae0a5e0e9f854808cad646d477d3992fcbffba7d60aaa32d56a69e0d1979a0d0","INTEGRATION_TEST_ONLY"
"synthetic_07","SYN_7_4","SYNEXP_7_4","SYNTHETIC_UNEQUAL_V32","count",0,,0.480349629970268,,,,,,,"not_applicable",-0.65459905887304,43,"unlabelled_projection","unseen_category;unseen_raw_residue;unseen_combination;fixed_effect_not_estimable",FALSE,FALSE,TRUE,TRUE,FALSE,FALSE,FALSE,"integration",2,"binary","M2","record_equal","ae0a5e0e9f854808cad646d477d3992fcbffba7d60aaa32d56a69e0d1979a0d0","INTEGRATION_TEST_ONLY"
"synthetic_07","SYN_7_5","SYNEXP_7_5","SYNTHETIC_UNEQUAL_V32","exact",1,,0.480349629970268,,,,,,,"not_applicable",-0.73324104446026,44,"unlabelled_projection","unseen_category;unseen_raw_residue;unseen_combination;fixed_effect_not_estimable",FALSE,FALSE,TRUE,TRUE,FALSE,FALSE,FALSE,"integration",2,"binary","M2","record_equal","ae0a5e0e9f854808cad646d477d3992fcbffba7d60aaa32d56a69e0d1979a0d0","INTEGRATION_TEST_ONLY"
"synthetic_07","SYN_7_7","SYNEXP_7_7","SYNTHETIC_UNEQUAL_V32","count",1,,0.480349629970268,,,,,,,"not_applicable",-0.73324104446026,46,"unlabelled_projection","unseen_category;unseen_raw_residue;unseen_combination;fixed_effect_not_estimable",FALSE,FALSE,TRUE,TRUE,FALSE,FALSE,FALSE,"integration",2,"binary","M2","record_equal","ae0a5e0e9f854808cad646d477d3992fcbffba7d60aaa32d56a69e0d1979a0d0","INTEGRATION_TEST_ONLY"
"synthetic_07","SYN_7_8","SYNEXP_7_8","SYNTHETIC_UNEQUAL_V32","exact",0,,0.480349629970268,,,,,,,"not_applicable",-0.65459905887304,47,"unlabelled_projection","unseen_category;unseen_raw_residue;unseen_combination;fixed_effect_not_estimable",FALSE,FALSE,TRUE,TRUE,FALSE,FALSE,FALSE,"integration",2,"binary","M2","record_equal","ae0a5e0e9f854808cad646d477d3992fcbffba7d60aaa32d56a69e0d1979a0d0","INTEGRATION_TEST_ONLY"
"synthetic_07","SYN_7_10","SYNEXP_7_10","SYNTHETIC_UNEQUAL_V32","count",0,,0.480349629970268,,,,,,,"not_applicable",-0.65459905887304,49,"unlabelled_projection","unseen_category;unseen_raw_residue;unseen_combination;fixed_effect_not_estimable",FALSE,FALSE,TRUE,TRUE,FALSE,FALSE,FALSE,"integration",2,"binary","M2","record_equal","ae0a5e0e9f854808cad646d477d3992fcbffba7d60aaa32d56a69e0d1979a0d0","INTEGRATION_TEST_ONLY"
"synthetic_08","SYN_8_1","SYNEXP_8_1","SYNTHETIC_UNEQUAL_V32","count",0,,0.480349629970268,,,,,,,"not_applicable",-0.65459905887304,50,"unlabelled_projection","unseen_category;unseen_raw_residue;unseen_combination;fixed_effect_not_estimable",FALSE,FALSE,TRUE,TRUE,FALSE,FALSE,FALSE,"integration",2,"binary","M2","record_equal","ae0a5e0e9f854808cad646d477d3992fcbffba7d60aaa32d56a69e0d1979a0d0","INTEGRATION_TEST_ONLY"
"synthetic_08","SYN_8_2","SYNEXP_8_2","SYNTHETIC_UNEQUAL_V32","exact",1,,0.480349629970268,,,,,,,"not_applicable",-0.73324104446026,51,"unlabelled_projection","unseen_category;unseen_raw_residue;unseen_combination;fixed_effect_not_estimable",FALSE,FALSE,TRUE,TRUE,FALSE,FALSE,FALSE,"integration",2,"binary","M2","record_equal","ae0a5e0e9f854808cad646d477d3992fcbffba7d60aaa32d56a69e0d1979a0d0","INTEGRATION_TEST_ONLY"
"synthetic_08","SYN_8_4","SYNEXP_8_4","SYNTHETIC_UNEQUAL_V32","count",1,,0.480349629970268,,,,,,,"not_applicable",-0.73324104446026,53,"unlabelled_projection","unseen_category;unseen_raw_residue;unseen_combination;fixed_effect_not_estimable",FALSE,FALSE,TRUE,TRUE,FALSE,FALSE,FALSE,"integration",2,"binary","M2","record_equal","ae0a5e0e9f854808cad646d477d3992fcbffba7d60aaa32d56a69e0d1979a0d0","INTEGRATION_TEST_ONLY"
"synthetic_08","SYN_8_5","SYNEXP_8_5","SYNTHETIC_UNEQUAL_V32","exact",0,,0.480349629970268,,,,,,,"not_applicable",-0.65459905887304,54,"unlabelled_projection","unseen_category;unseen_raw_residue;unseen_combination;fixed_effect_not_estimable",FALSE,FALSE,TRUE,TRUE,FALSE,FALSE,FALSE,"integration",2,"binary","M2","record_equal","ae0a5e0e9f854808cad646d477d3992fcbffba7d60aaa32d56a69e0d1979a0d0","INTEGRATION_TEST_ONLY"
"synthetic_08","SYN_8_7","SYNEXP_8_7","SYNTHETIC_UNEQUAL_V32","count",0,,0.480349629970268,,,,,,,"not_applicable",-0.65459905887304,56,"unlabelled_projection","unseen_category;unseen_raw_residue;unseen_combination;fixed_effect_not_estimable",FALSE,FALSE,TRUE,TRUE,FALSE,FALSE,FALSE,"integration",2,"binary","M2","record_equal","ae0a5e0e9f854808cad646d477d3992fcbffba7d60aaa32d56a69e0d1979a0d0","INTEGRATION_TEST_ONLY"
"synthetic_08","SYN_8_8","SYNEXP_8_8","SYNTHETIC_UNEQUAL_V32","exact",1,,0.480349629970268,,,,,,,"not_applicable",-0.73324104446026,57,"unlabelled_projection","unseen_category;unseen_raw_residue;unseen_combination;fixed_effect_not_estimable",FALSE,FALSE,TRUE,TRUE,FALSE,FALSE,FALSE,"integration",2,"binary","M2","record_equal","ae0a5e0e9f854808cad646d477d3992fcbffba7d60aaa32d56a69e0d1979a0d0","INTEGRATION_TEST_ONLY"
"synthetic_08","SYN_8_10","SYNEXP_8_10","SYNTHETIC_UNEQUAL_V32","count",1,,0.480349629970268,,,,,,,"not_applicable",-0.73324104446026,59,"unlabelled_projection","unseen_category;unseen_raw_residue;unseen_combination;fixed_effect_not_estimable",FALSE,FALSE,TRUE,TRUE,FALSE,FALSE,FALSE,"integration",2,"binary","M2","record_equal","ae0a5e0e9f854808cad646d477d3992fcbffba7d60aaa32d56a69e0d1979a0d0","INTEGRATION_TEST_ONLY"
"synthetic_08","SYN_8_11","SYNEXP_8_11","SYNTHETIC_UNEQUAL_V32","exact",0,,0.480349629970268,,,,,,,"not_applicable",-0.65459905887304,60,"unlabelled_projection","unseen_category;unseen_raw_residue;unseen_combination;fixed_effect_not_estimable",FALSE,FALSE,TRUE,TRUE,FALSE,FALSE,FALSE,"integration",2,"binary","M2","record_equal","ae0a5e0e9f854808cad646d477d3992fcbffba7d60aaa32d56a69e0d1979a0d0","INTEGRATION_TEST_ONLY"
"synthetic_09","SYN_9_1","SYNEXP_9_1","SYNTHETIC_UNEQUAL_V32","count",1,,0.470980856194647,,,,,,,"not_applicable",-0.752937830813732,61,"unlabelled_projection","missing_predictor;unseen_category;unseen_raw_residue;unseen_combination;fixed_effect_not_estimable",TRUE,TRUE,TRUE,TRUE,FALSE,FALSE,FALSE,"integration",2,"binary","M2","record_equal","ae0a5e0e9f854808cad646d477d3992fcbffba7d60aaa32d56a69e0d1979a0d0","INTEGRATION_TEST_ONLY"
"synthetic_09","SYN_9_2","SYNEXP_9_2","SYNTHETIC_UNEQUAL_V32","exact",0,,0.470980856194647,,,,,,,"not_applicable",-0.636730659110667,62,"unlabelled_projection","missing_predictor;unseen_category;unseen_raw_residue;unseen_combination;fixed_effect_not_estimable",TRUE,TRUE,TRUE,TRUE,FALSE,FALSE,FALSE,"integration",2,"binary","M2","record_equal","ae0a5e0e9f854808cad646d477d3992fcbffba7d60aaa32d56a69e0d1979a0d0","INTEGRATION_TEST_ONLY"
"synthetic_09","SYN_9_4","SYNEXP_9_4","SYNTHETIC_UNEQUAL_V32","count",0,,0.470980856194647,,,,,,,"not_applicable",-0.636730659110667,64,"unlabelled_projection","missing_predictor;unseen_category;unseen_raw_residue;unseen_combination;fixed_effect_not_estimable",TRUE,TRUE,TRUE,TRUE,FALSE,FALSE,FALSE,"integration",2,"binary","M2","record_equal","ae0a5e0e9f854808cad646d477d3992fcbffba7d60aaa32d56a69e0d1979a0d0","INTEGRATION_TEST_ONLY"
"synthetic_09","SYN_9_5","SYNEXP_9_5","SYNTHETIC_UNEQUAL_V32","exact",1,,0.470980856194647,,,,,,,"not_applicable",-0.752937830813732,65,"unlabelled_projection","missing_predictor;unseen_category;unseen_raw_residue;unseen_combination;fixed_effect_not_estimable",TRUE,TRUE,TRUE,TRUE,FALSE,FALSE,FALSE,"integration",2,"binary","M2","record_equal","ae0a5e0e9f854808cad646d477d3992fcbffba7d60aaa32d56a69e0d1979a0d0","INTEGRATION_TEST_ONLY"
"synthetic_09","SYN_9_7","SYNEXP_9_7","SYNTHETIC_UNEQUAL_V32","count",1,,0.470980856194647,,,,,,,"not_applicable",-0.752937830813732,67,"unlabelled_projection","missing_predictor;unseen_category;unseen_raw_residue;unseen_combination;fixed_effect_not_estimable",TRUE,TRUE,TRUE,TRUE,FALSE,FALSE,FALSE,"integration",2,"binary","M2","record_equal","ae0a5e0e9f854808cad646d477d3992fcbffba7d60aaa32d56a69e0d1979a0d0","INTEGRATION_TEST_ONLY"
"synthetic_09","SYN_9_8","SYNEXP_9_8","SYNTHETIC_UNEQUAL_V32","exact",0,,0.470980856194647,,,,,,,"not_applicable",-0.636730659110667,68,"unlabelled_projection","missing_predictor;unseen_category;unseen_raw_residue;unseen_combination;fixed_effect_not_estimable",TRUE,TRUE,TRUE,TRUE,FALSE,FALSE,FALSE,"integration",2,"binary","M2","record_equal","ae0a5e0e9f854808cad646d477d3992fcbffba7d60aaa32d56a69e0d1979a0d0","INTEGRATION_TEST_ONLY"
"synthetic_09","SYN_9_10","SYNEXP_9_10","SYNTHETIC_UNEQUAL_V32","count",0,,0.470980856194647,,,,,,,"not_applicable",-0.636730659110667,70,"unlabelled_projection","missing_predictor;unseen_category;unseen_raw_residue;unseen_combination;fixed_effect_not_estimable",TRUE,TRUE,TRUE,TRUE,FALSE,FALSE,FALSE,"integration",2,"binary","M2","record_equal","ae0a5e0e9f854808cad646d477d3992fcbffba7d60aaa32d56a69e0d1979a0d0","INTEGRATION_TEST_ONLY"
"synthetic_09","SYN_9_11","SYNEXP_9_11","SYNTHETIC_UNEQUAL_V32","exact",1,,0.470980856194647,,,,,,,"not_applicable",-0.752937830813732,71,"unlabelled_projection","missing_predictor;unseen_category;unseen_raw_residue;unseen_combination;fixed_effect_not_estimable",TRUE,TRUE,TRUE,TRUE,FALSE,FALSE,FALSE,"integration",2,"binary","M2","record_equal","ae0a5e0e9f854808cad646d477d3992fcbffba7d60aaa32d56a69e0d1979a0d0","INTEGRATION_TEST_ONLY"
"synthetic_10","SYN_10_1","SYNEXP_10_1","SYNTHETIC_UNEQUAL_V32","count",0,,0.480349629970268,,,,,,,"not_applicable",-0.65459905887304,73,"unlabelled_projection","unseen_category;unseen_raw_residue;unseen_combination;fixed_effect_not_estimable",FALSE,FALSE,TRUE,TRUE,FALSE,FALSE,FALSE,"integration",2,"binary","M2","record_equal","ae0a5e0e9f854808cad646d477d3992fcbffba7d60aaa32d56a69e0d1979a0d0","INTEGRATION_TEST_ONLY"
"synthetic_10","SYN_10_2","SYNEXP_10_2","SYNTHETIC_UNEQUAL_V32","exact",1,,0.480349629970268,,,,,,,"not_applicable",-0.73324104446026,74,"unlabelled_projection","unseen_category;unseen_raw_residue;unseen_combination;fixed_effect_not_estimable",FALSE,FALSE,TRUE,TRUE,FALSE,FALSE,FALSE,"integration",2,"binary","M2","record_equal","ae0a5e0e9f854808cad646d477d3992fcbffba7d60aaa32d56a69e0d1979a0d0","INTEGRATION_TEST_ONLY"
"synthetic_10","SYN_10_4","SYNEXP_10_4","SYNTHETIC_UNEQUAL_V32","count",1,,0.480349629970268,,,,,,,"not_applicable",-0.73324104446026,76,"unlabelled_projection","unseen_category;unseen_raw_residue;unseen_combination;fixed_effect_not_estimable",FALSE,FALSE,TRUE,TRUE,FALSE,FALSE,FALSE,"integration",2,"binary","M2","record_equal","ae0a5e0e9f854808cad646d477d3992fcbffba7d60aaa32d56a69e0d1979a0d0","INTEGRATION_TEST_ONLY"
"synthetic_10","SYN_10_5","SYNEXP_10_5","SYNTHETIC_UNEQUAL_V32","exact",0,,0.480349629970268,,,,,,,"not_applicable",-0.65459905887304,77,"unlabelled_projection","unseen_category;unseen_raw_residue;unseen_combination;fixed_effect_not_estimable",FALSE,FALSE,TRUE,TRUE,FALSE,FALSE,FALSE,"integration",2,"binary","M2","record_equal","ae0a5e0e9f854808cad646d477d3992fcbffba7d60aaa32d56a69e0d1979a0d0","INTEGRATION_TEST_ONLY"
"synthetic_10","SYN_10_7","SYNEXP_10_7","SYNTHETIC_UNEQUAL_V32","count",0,,0.480349629970268,,,,,,,"not_applicable",-0.65459905887304,79,"unlabelled_projection","unseen_category;unseen_raw_residue;unseen_combination;fixed_effect_not_estimable",FALSE,FALSE,TRUE,TRUE,FALSE,FALSE,FALSE,"integration",2,"binary","M2","record_equal","ae0a5e0e9f854808cad646d477d3992fcbffba7d60aaa32d56a69e0d1979a0d0","INTEGRATION_TEST_ONLY"
"synthetic_10","SYN_10_8","SYNEXP_10_8","SYNTHETIC_UNEQUAL_V32","exact",1,,0.480349629970268,,,,,,,"not_applicable",-0.73324104446026,80,"unlabelled_projection","unseen_category;unseen_raw_residue;unseen_combination;fixed_effect_not_estimable",FALSE,FALSE,TRUE,TRUE,FALSE,FALSE,FALSE,"integration",2,"binary","M2","record_equal","ae0a5e0e9f854808cad646d477d3992fcbffba7d60aaa32d56a69e0d1979a0d0","INTEGRATION_TEST_ONLY"
"synthetic_10","SYN_10_10","SYNEXP_10_10","SYNTHETIC_UNEQUAL_V32","count",1,,0.480349629970268,,,,,,,"not_applicable",-0.73324104446026,82,"unlabelled_projection","unseen_category;unseen_raw_residue;unseen_combination;fixed_effect_not_estimable",FALSE,FALSE,TRUE,TRUE,FALSE,FALSE,FALSE,"integration",2,"binary","M2","record_equal","ae0a5e0e9f854808cad646d477d3992fcbffba7d60aaa32d56a69e0d1979a0d0","INTEGRATION_TEST_ONLY"
"synthetic_10","SYN_10_11","SYNEXP_10_11","SYNTHETIC_UNEQUAL_V32","exact",0,,0.480349629970268,,,,,,,"not_applicable",-0.65459905887304,83,"unlabelled_projection","unseen_category;unseen_raw_residue;unseen_combination;fixed_effect_not_estimable",FALSE,FALSE,TRUE,TRUE,FALSE,FALSE,FALSE,"integration",2,"binary","M2","record_equal","ae0a5e0e9f854808cad646d477d3992fcbffba7d60aaa32d56a69e0d1979a0d0","INTEGRATION_TEST_ONLY"
"synthetic_10","SYN_10_13","SYNEXP_10_13","SYNTHETIC_UNEQUAL_V32","count",0,,0.480349629970268,,,,,,,"not_applicable",-0.65459905887304,85,"unlabelled_projection","unseen_category;unseen_raw_residue;unseen_combination;fixed_effect_not_estimable",FALSE,FALSE,TRUE,TRUE,FALSE,FALSE,FALSE,"integration",2,"binary","M2","record_equal","ae0a5e0e9f854808cad646d477d3992fcbffba7d60aaa32d56a69e0d1979a0d0","INTEGRATION_TEST_ONLY"
"synthetic_11","SYN_11_1","SYNEXP_11_1","SYNTHETIC_UNEQUAL_V32","count",1,,0.486029482752453,,,,,,,"not_applicable",-0.721485992821938,86,"unlabelled_projection","missing_predictor;unseen_category;unseen_raw_residue;unseen_combination;fixed_effect_not_estimable",TRUE,TRUE,TRUE,TRUE,FALSE,FALSE,FALSE,"integration",2,"binary","M2","record_equal","ae0a5e0e9f854808cad646d477d3992fcbffba7d60aaa32d56a69e0d1979a0d0","INTEGRATION_TEST_ONLY"
"synthetic_11","SYN_11_2","SYNEXP_11_2","SYNTHETIC_UNEQUAL_V32","exact",0,,0.486029482752453,,,,,,,"not_applicable",-0.665589374612657,87,"unlabelled_projection","missing_predictor;unseen_category;unseen_raw_residue;unseen_combination;fixed_effect_not_estimable",TRUE,TRUE,TRUE,TRUE,FALSE,FALSE,FALSE,"integration",2,"binary","M2","record_equal","ae0a5e0e9f854808cad646d477d3992fcbffba7d60aaa32d56a69e0d1979a0d0","INTEGRATION_TEST_ONLY"
"synthetic_11","SYN_11_4","SYNEXP_11_4","SYNTHETIC_UNEQUAL_V32","count",0,,0.486029482752453,,,,,,,"not_applicable",-0.665589374612657,89,"unlabelled_projection","missing_predictor;unseen_category;unseen_raw_residue;unseen_combination;fixed_effect_not_estimable",TRUE,TRUE,TRUE,TRUE,FALSE,FALSE,FALSE,"integration",2,"binary","M2","record_equal","ae0a5e0e9f854808cad646d477d3992fcbffba7d60aaa32d56a69e0d1979a0d0","INTEGRATION_TEST_ONLY"
"synthetic_11","SYN_11_5","SYNEXP_11_5","SYNTHETIC_UNEQUAL_V32","exact",1,,0.486029482752453,,,,,,,"not_applicable",-0.721485992821938,90,"unlabelled_projection","missing_predictor;unseen_category;unseen_raw_residue;unseen_combination;fixed_effect_not_estimable",TRUE,TRUE,TRUE,TRUE,FALSE,FALSE,FALSE,"integration",2,"binary","M2","record_equal","ae0a5e0e9f854808cad646d477d3992fcbffba7d60aaa32d56a69e0d1979a0d0","INTEGRATION_TEST_ONLY"
"synthetic_11","SYN_11_7","SYNEXP_11_7","SYNTHETIC_UNEQUAL_V32","count",1,,0.486029482752453,,,,,,,"not_applicable",-0.721485992821938,92,"unlabelled_projection","missing_predictor;unseen_category;unseen_raw_residue;unseen_combination;fixed_effect_not_estimable",TRUE,TRUE,TRUE,TRUE,FALSE,FALSE,FALSE,"integration",2,"binary","M2","record_equal","ae0a5e0e9f854808cad646d477d3992fcbffba7d60aaa32d56a69e0d1979a0d0","INTEGRATION_TEST_ONLY"
"synthetic_11","SYN_11_8","SYNEXP_11_8","SYNTHETIC_UNEQUAL_V32","exact",0,,0.486029482752453,,,,,,,"not_applicable",-0.665589374612657,93,"unlabelled_projection","missing_predictor;unseen_category;unseen_raw_residue;unseen_combination;fixed_effect_not_estimable",TRUE,TRUE,TRUE,TRUE,FALSE,FALSE,FALSE,"integration",2,"binary","M2","record_equal","ae0a5e0e9f854808cad646d477d3992fcbffba7d60aaa32d56a69e0d1979a0d0","INTEGRATION_TEST_ONLY"
"synthetic_11","SYN_11_10","SYNEXP_11_10","SYNTHETIC_UNEQUAL_V32","count",0,,0.486029482752453,,,,,,,"not_applicable",-0.665589374612657,95,"unlabelled_projection","missing_predictor;unseen_category;unseen_raw_residue;unseen_combination;fixed_effect_not_estimable",TRUE,TRUE,TRUE,TRUE,FALSE,FALSE,FALSE,"integration",2,"binary","M2","record_equal","ae0a5e0e9f854808cad646d477d3992fcbffba7d60aaa32d56a69e0d1979a0d0","INTEGRATION_TEST_ONLY"
"synthetic_11","SYN_11_11","SYNEXP_11_11","SYNTHETIC_UNEQUAL_V32","exact",1,,0.486029482752453,,,,,,,"not_applicable",-0.721485992821938,96,"unlabelled_projection","missing_predictor;unseen_category;unseen_raw_residue;unseen_combination;fixed_effect_not_estimable",TRUE,TRUE,TRUE,TRUE,FALSE,FALSE,FALSE,"integration",2,"binary","M2","record_equal","ae0a5e0e9f854808cad646d477d3992fcbffba7d60aaa32d56a69e0d1979a0d0","INTEGRATION_TEST_ONLY"
"synthetic_11","SYN_11_13","SYNEXP_11_13","SYNTHETIC_UNEQUAL_V32","count",1,,0.486029482752453,,,,,,,"not_applicable",-0.721485992821938,98,"unlabelled_projection","missing_predictor;unseen_category;unseen_raw_residue;unseen_combination;fixed_effect_not_estimable",TRUE,TRUE,TRUE,TRUE,FALSE,FALSE,FALSE,"integration",2,"binary","M2","record_equal","ae0a5e0e9f854808cad646d477d3992fcbffba7d60aaa32d56a69e0d1979a0d0","INTEGRATION_TEST_ONLY"
"synthetic_11","SYN_11_14","SYNEXP_11_14","SYNTHETIC_UNEQUAL_V32","exact",1,,0.486029482752453,,,,,,,"not_applicable",-0.721485992821938,99,"unlabelled_projection","missing_predictor;unseen_category;unseen_raw_residue;unseen_combination;fixed_effect_not_estimable",TRUE,TRUE,TRUE,TRUE,FALSE,FALSE,FALSE,"integration",2,"binary","M2","record_equal","ae0a5e0e9f854808cad646d477d3992fcbffba7d60aaa32d56a69e0d1979a0d0","INTEGRATION_TEST_ONLY"
"synthetic_01","SYN_1_1","SYNEXP_1_1","SYNTHETIC_UNEQUAL_V32","count",1,,0.497597994771895,,,,,,,"not_applicable",-0.697962767364533,1,"unlabelled_projection","unseen_category;unseen_raw_residue;unseen_combination;fixed_effect_not_estimable",FALSE,FALSE,TRUE,TRUE,FALSE,FALSE,FALSE,"integration",1,"binary","M2","species_equal","54bef1a5774e69176f87f2ea1818aba3b6285ff141a73e29c6a896cdbe548655","INTEGRATION_TEST_ONLY"
"synthetic_01","SYN_1_2","SYNEXP_1_2","SYNTHETIC_UNEQUAL_V32","exact",0,,0.497597994771895,,,,,,,"not_applicable",-0.688354672538134,2,"unlabelled_projection","unseen_category;unseen_raw_residue;unseen_combination;fixed_effect_not_estimable",FALSE,FALSE,TRUE,TRUE,FALSE,FALSE,FALSE,"integration",1,"binary","M2","species_equal","54bef1a5774e69176f87f2ea1818aba3b6285ff141a73e29c6a896cdbe548655","INTEGRATION_TEST_ONLY"
"synthetic_01","SYN_1_4","SYNEXP_1_4","SYNTHETIC_UNEQUAL_V32","count",0,,0.497597994771895,,,,,,,"not_applicable",-0.688354672538134,4,"unlabelled_projection","unseen_category;unseen_raw_residue;unseen_combination;fixed_effect_not_estimable",FALSE,FALSE,TRUE,TRUE,FALSE,FALSE,FALSE,"integration",1,"binary","M2","species_equal","54bef1a5774e69176f87f2ea1818aba3b6285ff141a73e29c6a896cdbe548655","INTEGRATION_TEST_ONLY"
"synthetic_02","SYN_2_1","SYNEXP_2_1","SYNTHETIC_UNEQUAL_V32","count",0,,0.497597994771895,,,,,,,"not_applicable",-0.688354672538134,5,"unlabelled_projection","unseen_category;unseen_raw_residue;unseen_combination;fixed_effect_not_estimable",FALSE,FALSE,TRUE,TRUE,FALSE,FALSE,FALSE,"integration",1,"binary","M2","species_equal","54bef1a5774e69176f87f2ea1818aba3b6285ff141a73e29c6a896cdbe548655","INTEGRATION_TEST_ONLY"
"synthetic_02","SYN_2_2","SYNEXP_2_2","SYNTHETIC_UNEQUAL_V32","exact",1,,0.497597994771895,,,,,,,"not_applicable",-0.697962767364533,6,"unlabelled_projection","unseen_category;unseen_raw_residue;unseen_combination;fixed_effect_not_estimable",FALSE,FALSE,TRUE,TRUE,FALSE,FALSE,FALSE,"integration",1,"binary","M2","species_equal","54bef1a5774e69176f87f2ea1818aba3b6285ff141a73e29c6a896cdbe548655","INTEGRATION_TEST_ONLY"
"synthetic_02","SYN_2_4","SYNEXP_2_4","SYNTHETIC_UNEQUAL_V32","count",1,,0.497597994771895,,,,,,,"not_applicable",-0.697962767364533,8,"unlabelled_projection","unseen_category;unseen_raw_residue;unseen_combination;fixed_effect_not_estimable",FALSE,FALSE,TRUE,TRUE,FALSE,FALSE,FALSE,"integration",1,"binary","M2","species_equal","54bef1a5774e69176f87f2ea1818aba3b6285ff141a73e29c6a896cdbe548655","INTEGRATION_TEST_ONLY"
"synthetic_02","SYN_2_5","SYNEXP_2_5","SYNTHETIC_UNEQUAL_V32","exact",0,,0.497597994771895,,,,,,,"not_applicable",-0.688354672538134,9,"unlabelled_projection","unseen_category;unseen_raw_residue;unseen_combination;fixed_effect_not_estimable",FALSE,FALSE,TRUE,TRUE,FALSE,FALSE,FALSE,"integration",1,"binary","M2","species_equal","54bef1a5774e69176f87f2ea1818aba3b6285ff141a73e29c6a896cdbe548655","INTEGRATION_TEST_ONLY"
"synthetic_03","SYN_3_1","SYNEXP_3_1","SYNTHETIC_UNEQUAL_V32","count",1,,0.497597994771895,,,,,,,"not_applicable",-0.697962767364533,10,"unlabelled_projection","unseen_category;unseen_raw_residue;unseen_combination;fixed_effect_not_estimable",FALSE,FALSE,TRUE,TRUE,FALSE,FALSE,FALSE,"integration",1,"binary","M2","species_equal","54bef1a5774e69176f87f2ea1818aba3b6285ff141a73e29c6a896cdbe548655","INTEGRATION_TEST_ONLY"
"synthetic_03","SYN_3_2","SYNEXP_3_2","SYNTHETIC_UNEQUAL_V32","exact",0,,0.497597994771895,,,,,,,"not_applicable",-0.688354672538134,11,"unlabelled_projection","unseen_category;unseen_raw_residue;unseen_combination;fixed_effect_not_estimable",FALSE,FALSE,TRUE,TRUE,FALSE,FALSE,FALSE,"integration",1,"binary","M2","species_equal","54bef1a5774e69176f87f2ea1818aba3b6285ff141a73e29c6a896cdbe548655","INTEGRATION_TEST_ONLY"
"synthetic_03","SYN_3_4","SYNEXP_3_4","SYNTHETIC_UNEQUAL_V32","count",0,,0.497597994771895,,,,,,,"not_applicable",-0.688354672538134,13,"unlabelled_projection","unseen_category;unseen_raw_residue;unseen_combination;fixed_effect_not_estimable",FALSE,FALSE,TRUE,TRUE,FALSE,FALSE,FALSE,"integration",1,"binary","M2","species_equal","54bef1a5774e69176f87f2ea1818aba3b6285ff141a73e29c6a896cdbe548655","INTEGRATION_TEST_ONLY"
"synthetic_03","SYN_3_5","SYNEXP_3_5","SYNTHETIC_UNEQUAL_V32","exact",1,,0.497597994771895,,,,,,,"not_applicable",-0.697962767364533,14,"unlabelled_projection","unseen_category;unseen_raw_residue;unseen_combination;fixed_effect_not_estimable",FALSE,FALSE,TRUE,TRUE,FALSE,FALSE,FALSE,"integration",1,"binary","M2","species_equal","54bef1a5774e69176f87f2ea1818aba3b6285ff141a73e29c6a896cdbe548655","INTEGRATION_TEST_ONLY"
"synthetic_04","SYN_4_1","SYNEXP_4_1","SYNTHETIC_UNEQUAL_V32","count",0,,0.497597994771895,,,,,,,"not_applicable",-0.688354672538134,16,"unlabelled_projection","unseen_category;unseen_raw_residue;unseen_combination;fixed_effect_not_estimable",FALSE,FALSE,TRUE,TRUE,FALSE,FALSE,FALSE,"integration",1,"binary","M2","species_equal","54bef1a5774e69176f87f2ea1818aba3b6285ff141a73e29c6a896cdbe548655","INTEGRATION_TEST_ONLY"
"synthetic_04","SYN_4_2","SYNEXP_4_2","SYNTHETIC_UNEQUAL_V32","exact",1,,0.497597994771895,,,,,,,"not_applicable",-0.697962767364533,17,"unlabelled_projection","unseen_category;unseen_raw_residue;unseen_combination;fixed_effect_not_estimable",FALSE,FALSE,TRUE,TRUE,FALSE,FALSE,FALSE,"integration",1,"binary","M2","species_equal","54bef1a5774e69176f87f2ea1818aba3b6285ff141a73e29c6a896cdbe548655","INTEGRATION_TEST_ONLY"
"synthetic_04","SYN_4_4","SYNEXP_4_4","SYNTHETIC_UNEQUAL_V32","count",1,,0.497597994771895,,,,,,,"not_applicable",-0.697962767364533,19,"unlabelled_projection","unseen_category;unseen_raw_residue;unseen_combination;fixed_effect_not_estimable",FALSE,FALSE,TRUE,TRUE,FALSE,FALSE,FALSE,"integration",1,"binary","M2","species_equal","54bef1a5774e69176f87f2ea1818aba3b6285ff141a73e29c6a896cdbe548655","INTEGRATION_TEST_ONLY"
"synthetic_04","SYN_4_5","SYNEXP_4_5","SYNTHETIC_UNEQUAL_V32","exact",0,,0.497597994771895,,,,,,,"not_applicable",-0.688354672538134,20,"unlabelled_projection","unseen_category;unseen_raw_residue;unseen_combination;fixed_effect_not_estimable",FALSE,FALSE,TRUE,TRUE,FALSE,FALSE,FALSE,"integration",1,"binary","M2","species_equal","54bef1a5774e69176f87f2ea1818aba3b6285ff141a73e29c6a896cdbe548655","INTEGRATION_TEST_ONLY"
"synthetic_04","SYN_4_7","SYNEXP_4_7","SYNTHETIC_UNEQUAL_V32","count",0,,0.497597994771895,,,,,,,"not_applicable",-0.688354672538134,22,"unlabelled_projection","unseen_category;unseen_raw_residue;unseen_combination;fixed_effect_not_estimable",FALSE,FALSE,TRUE,TRUE,FALSE,FALSE,FALSE,"integration",1,"binary","M2","species_equal","54bef1a5774e69176f87f2ea1818aba3b6285ff141a73e29c6a896cdbe548655","INTEGRATION_TEST_ONLY"
"synthetic_05","SYN_5_1","SYNEXP_5_1","SYNTHETIC_UNEQUAL_V32","count",1,,0.49754111332548,,,,,,,"not_applicable",-0.698077085947762,23,"unlabelled_projection","unseen_category;unseen_raw_residue;unseen_combination;fixed_effect_not_estimable",FALSE,FALSE,TRUE,TRUE,FALSE,FALSE,FALSE,"integration",1,"binary","M2","species_equal","54bef1a5774e69176f87f2ea1818aba3b6285ff141a73e29c6a896cdbe548655","INTEGRATION_TEST_ONLY"
"synthetic_05","SYN_5_2","SYNEXP_5_2","SYNTHETIC_UNEQUAL_V32","exact",0,,0.49754111332548,,,,,,,"not_applicable",-0.688241459959291,24,"unlabelled_projection","unseen_category;unseen_raw_residue;unseen_combination;fixed_effect_not_estimable",FALSE,FALSE,TRUE,TRUE,FALSE,FALSE,FALSE,"integration",1,"binary","M2","species_equal","54bef1a5774e69176f87f2ea1818aba3b6285ff141a73e29c6a896cdbe548655","INTEGRATION_TEST_ONLY"
"synthetic_05","SYN_5_4","SYNEXP_5_4","SYNTHETIC_UNEQUAL_V32","count",0,,0.49754111332548,,,,,,,"not_applicable",-0.688241459959291,26,"unlabelled_projection","unseen_category;unseen_raw_residue;unseen_combination;fixed_effect_not_estimable",FALSE,FALSE,TRUE,TRUE,FALSE,FALSE,FALSE,"integration",1,"binary","M2","species_equal","54bef1a5774e69176f87f2ea1818aba3b6285ff141a73e29c6a896cdbe548655","INTEGRATION_TEST_ONLY"
"synthetic_05","SYN_5_5","SYNEXP_5_5","SYNTHETIC_UNEQUAL_V32","exact",1,,0.49754111332548,,,,,,,"not_applicable",-0.698077085947762,27,"unlabelled_projection","unseen_category;unseen_raw_residue;unseen_combination;fixed_effect_not_estimable",FALSE,FALSE,TRUE,TRUE,FALSE,FALSE,FALSE,"integration",1,"binary","M2","species_equal","54bef1a5774e69176f87f2ea1818aba3b6285ff141a73e29c6a896cdbe548655","INTEGRATION_TEST_ONLY"
"synthetic_05","SYN_5_7","SYNEXP_5_7","SYNTHETIC_UNEQUAL_V32","count",1,,0.49754111332548,,,,,,,"not_applicable",-0.698077085947762,29,"unlabelled_projection","unseen_category;unseen_raw_residue;unseen_combination;fixed_effect_not_estimable",FALSE,FALSE,TRUE,TRUE,FALSE,FALSE,FALSE,"integration",1,"binary","M2","species_equal","54bef1a5774e69176f87f2ea1818aba3b6285ff141a73e29c6a896cdbe548655","INTEGRATION_TEST_ONLY"
"synthetic_05","SYN_5_8","SYNEXP_5_8","SYNTHETIC_UNEQUAL_V32","exact",0,,0.49754111332548,,,,,,,"not_applicable",-0.688241459959291,30,"unlabelled_projection","unseen_category;unseen_raw_residue;unseen_combination;fixed_effect_not_estimable",FALSE,FALSE,TRUE,TRUE,FALSE,FALSE,FALSE,"integration",1,"binary","M2","species_equal","54bef1a5774e69176f87f2ea1818aba3b6285ff141a73e29c6a896cdbe548655","INTEGRATION_TEST_ONLY"
"synthetic_06","SYN_6_1","SYNEXP_6_1","SYNTHETIC_UNEQUAL_V32","count",0,,0.49754111332548,,,,,,,"not_applicable",-0.688241459959291,31,"unlabelled_projection","unseen_category;unseen_raw_residue;unseen_combination;fixed_effect_not_estimable",FALSE,FALSE,TRUE,TRUE,FALSE,FALSE,FALSE,"integration",1,"binary","M2","species_equal","54bef1a5774e69176f87f2ea1818aba3b6285ff141a73e29c6a896cdbe548655","INTEGRATION_TEST_ONLY"
"synthetic_06","SYN_6_2","SYNEXP_6_2","SYNTHETIC_UNEQUAL_V32","exact",1,,0.49754111332548,,,,,,,"not_applicable",-0.698077085947762,32,"unlabelled_projection","unseen_category;unseen_raw_residue;unseen_combination;fixed_effect_not_estimable",FALSE,FALSE,TRUE,TRUE,FALSE,FALSE,FALSE,"integration",1,"binary","M2","species_equal","54bef1a5774e69176f87f2ea1818aba3b6285ff141a73e29c6a896cdbe548655","INTEGRATION_TEST_ONLY"
"synthetic_06","SYN_6_4","SYNEXP_6_4","SYNTHETIC_UNEQUAL_V32","count",1,,0.49754111332548,,,,,,,"not_applicable",-0.698077085947762,34,"unlabelled_projection","unseen_category;unseen_raw_residue;unseen_combination;fixed_effect_not_estimable",FALSE,FALSE,TRUE,TRUE,FALSE,FALSE,FALSE,"integration",1,"binary","M2","species_equal","54bef1a5774e69176f87f2ea1818aba3b6285ff141a73e29c6a896cdbe548655","INTEGRATION_TEST_ONLY"
"synthetic_06","SYN_6_5","SYNEXP_6_5","SYNTHETIC_UNEQUAL_V32","exact",0,,0.49754111332548,,,,,,,"not_applicable",-0.688241459959291,35,"unlabelled_projection","unseen_category;unseen_raw_residue;unseen_combination;fixed_effect_not_estimable",FALSE,FALSE,TRUE,TRUE,FALSE,FALSE,FALSE,"integration",1,"binary","M2","species_equal","54bef1a5774e69176f87f2ea1818aba3b6285ff141a73e29c6a896cdbe548655","INTEGRATION_TEST_ONLY"
"synthetic_06","SYN_6_7","SYNEXP_6_7","SYNTHETIC_UNEQUAL_V32","count",0,,0.49754111332548,,,,,,,"not_applicable",-0.688241459959291,37,"unlabelled_projection","unseen_category;unseen_raw_residue;unseen_combination;fixed_effect_not_estimable",FALSE,FALSE,TRUE,TRUE,FALSE,FALSE,FALSE,"integration",1,"binary","M2","species_equal","54bef1a5774e69176f87f2ea1818aba3b6285ff141a73e29c6a896cdbe548655","INTEGRATION_TEST_ONLY"
"synthetic_06","SYN_6_8","SYNEXP_6_8","SYNTHETIC_UNEQUAL_V32","exact",1,,0.49754111332548,,,,,,,"not_applicable",-0.698077085947762,38,"unlabelled_projection","unseen_category;unseen_raw_residue;unseen_combination;fixed_effect_not_estimable",FALSE,FALSE,TRUE,TRUE,FALSE,FALSE,FALSE,"integration",1,"binary","M2","species_equal","54bef1a5774e69176f87f2ea1818aba3b6285ff141a73e29c6a896cdbe548655","INTEGRATION_TEST_ONLY"
"synthetic_07","SYN_7_1","SYNEXP_7_1","SYNTHETIC_UNEQUAL_V32","count",1,,0.483007552326599,,,,,,,"not_applicable",-0.727722989164856,40,"unlabelled_projection","unseen_category;unseen_raw_residue;unseen_combination;fixed_effect_not_estimable",FALSE,FALSE,TRUE,TRUE,FALSE,FALSE,FALSE,"integration",2,"binary","M2","species_equal","c1d3767a597fba77755e7a358870945017ed0c20538701ce9cd05f20646d7f38","INTEGRATION_TEST_ONLY"
"synthetic_07","SYN_7_2","SYNEXP_7_2","SYNTHETIC_UNEQUAL_V32","exact",0,,0.483007552326599,,,,,,,"not_applicable",-0.659727012562221,41,"unlabelled_projection","unseen_category;unseen_raw_residue;unseen_combination;fixed_effect_not_estimable",FALSE,FALSE,TRUE,TRUE,FALSE,FALSE,FALSE,"integration",2,"binary","M2","species_equal","c1d3767a597fba77755e7a358870945017ed0c20538701ce9cd05f20646d7f38","INTEGRATION_TEST_ONLY"
"synthetic_07","SYN_7_4","SYNEXP_7_4","SYNTHETIC_UNEQUAL_V32","count",0,,0.483007552326599,,,,,,,"not_applicable",-0.659727012562221,43,"unlabelled_projection","unseen_category;unseen_raw_residue;unseen_combination;fixed_effect_not_estimable",FALSE,FALSE,TRUE,TRUE,FALSE,FALSE,FALSE,"integration",2,"binary","M2","species_equal","c1d3767a597fba77755e7a358870945017ed0c20538701ce9cd05f20646d7f38","INTEGRATION_TEST_ONLY"
"synthetic_07","SYN_7_5","SYNEXP_7_5","SYNTHETIC_UNEQUAL_V32","exact",1,,0.483007552326599,,,,,,,"not_applicable",-0.727722989164856,44,"unlabelled_projection","unseen_category;unseen_raw_residue;unseen_combination;fixed_effect_not_estimable",FALSE,FALSE,TRUE,TRUE,FALSE,FALSE,FALSE,"integration",2,"binary","M2","species_equal","c1d3767a597fba77755e7a358870945017ed0c20538701ce9cd05f20646d7f38","INTEGRATION_TEST_ONLY"
"synthetic_07","SYN_7_7","SYNEXP_7_7","SYNTHETIC_UNEQUAL_V32","count",1,,0.483007552326599,,,,,,,"not_applicable",-0.727722989164856,46,"unlabelled_projection","unseen_category;unseen_raw_residue;unseen_combination;fixed_effect_not_estimable",FALSE,FALSE,TRUE,TRUE,FALSE,FALSE,FALSE,"integration",2,"binary","M2","species_equal","c1d3767a597fba77755e7a358870945017ed0c20538701ce9cd05f20646d7f38","INTEGRATION_TEST_ONLY"
"synthetic_07","SYN_7_8","SYNEXP_7_8","SYNTHETIC_UNEQUAL_V32","exact",0,,0.483007552326599,,,,,,,"not_applicable",-0.659727012562221,47,"unlabelled_projection","unseen_category;unseen_raw_residue;unseen_combination;fixed_effect_not_estimable",FALSE,FALSE,TRUE,TRUE,FALSE,FALSE,FALSE,"integration",2,"binary","M2","species_equal","c1d3767a597fba77755e7a358870945017ed0c20538701ce9cd05f20646d7f38","INTEGRATION_TEST_ONLY"
"synthetic_07","SYN_7_10","SYNEXP_7_10","SYNTHETIC_UNEQUAL_V32","count",0,,0.483007552326599,,,,,,,"not_applicable",-0.659727012562221,49,"unlabelled_projection","unseen_category;unseen_raw_residue;unseen_combination;fixed_effect_not_estimable",FALSE,FALSE,TRUE,TRUE,FALSE,FALSE,FALSE,"integration",2,"binary","M2","species_equal","c1d3767a597fba77755e7a358870945017ed0c20538701ce9cd05f20646d7f38","INTEGRATION_TEST_ONLY"
"synthetic_08","SYN_8_1","SYNEXP_8_1","SYNTHETIC_UNEQUAL_V32","count",0,,0.483007552326599,,,,,,,"not_applicable",-0.659727012562221,50,"unlabelled_projection","unseen_category;unseen_raw_residue;unseen_combination;fixed_effect_not_estimable",FALSE,FALSE,TRUE,TRUE,FALSE,FALSE,FALSE,"integration",2,"binary","M2","species_equal","c1d3767a597fba77755e7a358870945017ed0c20538701ce9cd05f20646d7f38","INTEGRATION_TEST_ONLY"
"synthetic_08","SYN_8_2","SYNEXP_8_2","SYNTHETIC_UNEQUAL_V32","exact",1,,0.483007552326599,,,,,,,"not_applicable",-0.727722989164856,51,"unlabelled_projection","unseen_category;unseen_raw_residue;unseen_combination;fixed_effect_not_estimable",FALSE,FALSE,TRUE,TRUE,FALSE,FALSE,FALSE,"integration",2,"binary","M2","species_equal","c1d3767a597fba77755e7a358870945017ed0c20538701ce9cd05f20646d7f38","INTEGRATION_TEST_ONLY"
"synthetic_08","SYN_8_4","SYNEXP_8_4","SYNTHETIC_UNEQUAL_V32","count",1,,0.483007552326599,,,,,,,"not_applicable",-0.727722989164856,53,"unlabelled_projection","unseen_category;unseen_raw_residue;unseen_combination;fixed_effect_not_estimable",FALSE,FALSE,TRUE,TRUE,FALSE,FALSE,FALSE,"integration",2,"binary","M2","species_equal","c1d3767a597fba77755e7a358870945017ed0c20538701ce9cd05f20646d7f38","INTEGRATION_TEST_ONLY"
"synthetic_08","SYN_8_5","SYNEXP_8_5","SYNTHETIC_UNEQUAL_V32","exact",0,,0.483007552326599,,,,,,,"not_applicable",-0.659727012562221,54,"unlabelled_projection","unseen_category;unseen_raw_residue;unseen_combination;fixed_effect_not_estimable",FALSE,FALSE,TRUE,TRUE,FALSE,FALSE,FALSE,"integration",2,"binary","M2","species_equal","c1d3767a597fba77755e7a358870945017ed0c20538701ce9cd05f20646d7f38","INTEGRATION_TEST_ONLY"
"synthetic_08","SYN_8_7","SYNEXP_8_7","SYNTHETIC_UNEQUAL_V32","count",0,,0.483007552326599,,,,,,,"not_applicable",-0.659727012562221,56,"unlabelled_projection","unseen_category;unseen_raw_residue;unseen_combination;fixed_effect_not_estimable",FALSE,FALSE,TRUE,TRUE,FALSE,FALSE,FALSE,"integration",2,"binary","M2","species_equal","c1d3767a597fba77755e7a358870945017ed0c20538701ce9cd05f20646d7f38","INTEGRATION_TEST_ONLY"
"synthetic_08","SYN_8_8","SYNEXP_8_8","SYNTHETIC_UNEQUAL_V32","exact",1,,0.483007552326599,,,,,,,"not_applicable",-0.727722989164856,57,"unlabelled_projection","unseen_category;unseen_raw_residue;unseen_combination;fixed_effect_not_estimable",FALSE,FALSE,TRUE,TRUE,FALSE,FALSE,FALSE,"integration",2,"binary","M2","species_equal","c1d3767a597fba77755e7a358870945017ed0c20538701ce9cd05f20646d7f38","INTEGRATION_TEST_ONLY"
"synthetic_08","SYN_8_10","SYNEXP_8_10","SYNTHETIC_UNEQUAL_V32","count",1,,0.483007552326599,,,,,,,"not_applicable",-0.727722989164856,59,"unlabelled_projection","unseen_category;unseen_raw_residue;unseen_combination;fixed_effect_not_estimable",FALSE,FALSE,TRUE,TRUE,FALSE,FALSE,FALSE,"integration",2,"binary","M2","species_equal","c1d3767a597fba77755e7a358870945017ed0c20538701ce9cd05f20646d7f38","INTEGRATION_TEST_ONLY"
"synthetic_08","SYN_8_11","SYNEXP_8_11","SYNTHETIC_UNEQUAL_V32","exact",0,,0.483007552326599,,,,,,,"not_applicable",-0.659727012562221,60,"unlabelled_projection","unseen_category;unseen_raw_residue;unseen_combination;fixed_effect_not_estimable",FALSE,FALSE,TRUE,TRUE,FALSE,FALSE,FALSE,"integration",2,"binary","M2","species_equal","c1d3767a597fba77755e7a358870945017ed0c20538701ce9cd05f20646d7f38","INTEGRATION_TEST_ONLY"
"synthetic_09","SYN_9_1","SYNEXP_9_1","SYNTHETIC_UNEQUAL_V32","count",1,,0.472147255119188,,,,,,,"not_applicable",-0.750464360867872,61,"unlabelled_projection","missing_predictor;unseen_category;unseen_raw_residue;unseen_combination;fixed_effect_not_estimable",TRUE,TRUE,TRUE,TRUE,FALSE,FALSE,FALSE,"integration",2,"binary","M2","species_equal","c1d3767a597fba77755e7a358870945017ed0c20538701ce9cd05f20646d7f38","INTEGRATION_TEST_ONLY"
"synthetic_09","SYN_9_2","SYNEXP_9_2","SYNTHETIC_UNEQUAL_V32","exact",0,,0.472147255119188,,,,,,,"not_applicable",-0.638937926444746,62,"unlabelled_projection","missing_predictor;unseen_category;unseen_raw_residue;unseen_combination;fixed_effect_not_estimable",TRUE,TRUE,TRUE,TRUE,FALSE,FALSE,FALSE,"integration",2,"binary","M2","species_equal","c1d3767a597fba77755e7a358870945017ed0c20538701ce9cd05f20646d7f38","INTEGRATION_TEST_ONLY"
"synthetic_09","SYN_9_4","SYNEXP_9_4","SYNTHETIC_UNEQUAL_V32","count",0,,0.472147255119188,,,,,,,"not_applicable",-0.638937926444746,64,"unlabelled_projection","missing_predictor;unseen_category;unseen_raw_residue;unseen_combination;fixed_effect_not_estimable",TRUE,TRUE,TRUE,TRUE,FALSE,FALSE,FALSE,"integration",2,"binary","M2","species_equal","c1d3767a597fba77755e7a358870945017ed0c20538701ce9cd05f20646d7f38","INTEGRATION_TEST_ONLY"
"synthetic_09","SYN_9_5","SYNEXP_9_5","SYNTHETIC_UNEQUAL_V32","exact",1,,0.472147255119188,,,,,,,"not_applicable",-0.750464360867872,65,"unlabelled_projection","missing_predictor;unseen_category;unseen_raw_residue;unseen_combination;fixed_effect_not_estimable",TRUE,TRUE,TRUE,TRUE,FALSE,FALSE,FALSE,"integration",2,"binary","M2","species_equal","c1d3767a597fba77755e7a358870945017ed0c20538701ce9cd05f20646d7f38","INTEGRATION_TEST_ONLY"
"synthetic_09","SYN_9_7","SYNEXP_9_7","SYNTHETIC_UNEQUAL_V32","count",1,,0.472147255119188,,,,,,,"not_applicable",-0.750464360867872,67,"unlabelled_projection","missing_predictor;unseen_category;unseen_raw_residue;unseen_combination;fixed_effect_not_estimable",TRUE,TRUE,TRUE,TRUE,FALSE,FALSE,FALSE,"integration",2,"binary","M2","species_equal","c1d3767a597fba77755e7a358870945017ed0c20538701ce9cd05f20646d7f38","INTEGRATION_TEST_ONLY"
"synthetic_09","SYN_9_8","SYNEXP_9_8","SYNTHETIC_UNEQUAL_V32","exact",0,,0.472147255119188,,,,,,,"not_applicable",-0.638937926444746,68,"unlabelled_projection","missing_predictor;unseen_category;unseen_raw_residue;unseen_combination;fixed_effect_not_estimable",TRUE,TRUE,TRUE,TRUE,FALSE,FALSE,FALSE,"integration",2,"binary","M2","species_equal","c1d3767a597fba77755e7a358870945017ed0c20538701ce9cd05f20646d7f38","INTEGRATION_TEST_ONLY"
"synthetic_09","SYN_9_10","SYNEXP_9_10","SYNTHETIC_UNEQUAL_V32","count",0,,0.472147255119188,,,,,,,"not_applicable",-0.638937926444746,70,"unlabelled_projection","missing_predictor;unseen_category;unseen_raw_residue;unseen_combination;fixed_effect_not_estimable",TRUE,TRUE,TRUE,TRUE,FALSE,FALSE,FALSE,"integration",2,"binary","M2","species_equal","c1d3767a597fba77755e7a358870945017ed0c20538701ce9cd05f20646d7f38","INTEGRATION_TEST_ONLY"
"synthetic_09","SYN_9_11","SYNEXP_9_11","SYNTHETIC_UNEQUAL_V32","exact",1,,0.472147255119188,,,,,,,"not_applicable",-0.750464360867872,71,"unlabelled_projection","missing_predictor;unseen_category;unseen_raw_residue;unseen_combination;fixed_effect_not_estimable",TRUE,TRUE,TRUE,TRUE,FALSE,FALSE,FALSE,"integration",2,"binary","M2","species_equal","c1d3767a597fba77755e7a358870945017ed0c20538701ce9cd05f20646d7f38","INTEGRATION_TEST_ONLY"
"synthetic_10","SYN_10_1","SYNEXP_10_1","SYNTHETIC_UNEQUAL_V32","count",0,,0.483007552326599,,,,,,,"not_applicable",-0.659727012562221,73,"unlabelled_projection","unseen_category;unseen_raw_residue;unseen_combination;fixed_effect_not_estimable",FALSE,FALSE,TRUE,TRUE,FALSE,FALSE,FALSE,"integration",2,"binary","M2","species_equal","c1d3767a597fba77755e7a358870945017ed0c20538701ce9cd05f20646d7f38","INTEGRATION_TEST_ONLY"
"synthetic_10","SYN_10_2","SYNEXP_10_2","SYNTHETIC_UNEQUAL_V32","exact",1,,0.483007552326599,,,,,,,"not_applicable",-0.727722989164856,74,"unlabelled_projection","unseen_category;unseen_raw_residue;unseen_combination;fixed_effect_not_estimable",FALSE,FALSE,TRUE,TRUE,FALSE,FALSE,FALSE,"integration",2,"binary","M2","species_equal","c1d3767a597fba77755e7a358870945017ed0c20538701ce9cd05f20646d7f38","INTEGRATION_TEST_ONLY"
"synthetic_10","SYN_10_4","SYNEXP_10_4","SYNTHETIC_UNEQUAL_V32","count",1,,0.483007552326599,,,,,,,"not_applicable",-0.727722989164856,76,"unlabelled_projection","unseen_category;unseen_raw_residue;unseen_combination;fixed_effect_not_estimable",FALSE,FALSE,TRUE,TRUE,FALSE,FALSE,FALSE,"integration",2,"binary","M2","species_equal","c1d3767a597fba77755e7a358870945017ed0c20538701ce9cd05f20646d7f38","INTEGRATION_TEST_ONLY"
"synthetic_10","SYN_10_5","SYNEXP_10_5","SYNTHETIC_UNEQUAL_V32","exact",0,,0.483007552326599,,,,,,,"not_applicable",-0.659727012562221,77,"unlabelled_projection","unseen_category;unseen_raw_residue;unseen_combination;fixed_effect_not_estimable",FALSE,FALSE,TRUE,TRUE,FALSE,FALSE,FALSE,"integration",2,"binary","M2","species_equal","c1d3767a597fba77755e7a358870945017ed0c20538701ce9cd05f20646d7f38","INTEGRATION_TEST_ONLY"
"synthetic_10","SYN_10_7","SYNEXP_10_7","SYNTHETIC_UNEQUAL_V32","count",0,,0.483007552326599,,,,,,,"not_applicable",-0.659727012562221,79,"unlabelled_projection","unseen_category;unseen_raw_residue;unseen_combination;fixed_effect_not_estimable",FALSE,FALSE,TRUE,TRUE,FALSE,FALSE,FALSE,"integration",2,"binary","M2","species_equal","c1d3767a597fba77755e7a358870945017ed0c20538701ce9cd05f20646d7f38","INTEGRATION_TEST_ONLY"
"synthetic_10","SYN_10_8","SYNEXP_10_8","SYNTHETIC_UNEQUAL_V32","exact",1,,0.483007552326599,,,,,,,"not_applicable",-0.727722989164856,80,"unlabelled_projection","unseen_category;unseen_raw_residue;unseen_combination;fixed_effect_not_estimable",FALSE,FALSE,TRUE,TRUE,FALSE,FALSE,FALSE,"integration",2,"binary","M2","species_equal","c1d3767a597fba77755e7a358870945017ed0c20538701ce9cd05f20646d7f38","INTEGRATION_TEST_ONLY"
"synthetic_10","SYN_10_10","SYNEXP_10_10","SYNTHETIC_UNEQUAL_V32","count",1,,0.483007552326599,,,,,,,"not_applicable",-0.727722989164856,82,"unlabelled_projection","unseen_category;unseen_raw_residue;unseen_combination;fixed_effect_not_estimable",FALSE,FALSE,TRUE,TRUE,FALSE,FALSE,FALSE,"integration",2,"binary","M2","species_equal","c1d3767a597fba77755e7a358870945017ed0c20538701ce9cd05f20646d7f38","INTEGRATION_TEST_ONLY"
"synthetic_10","SYN_10_11","SYNEXP_10_11","SYNTHETIC_UNEQUAL_V32","exact",0,,0.483007552326599,,,,,,,"not_applicable",-0.659727012562221,83,"unlabelled_projection","unseen_category;unseen_raw_residue;unseen_combination;fixed_effect_not_estimable",FALSE,FALSE,TRUE,TRUE,FALSE,FALSE,FALSE,"integration",2,"binary","M2","species_equal","c1d3767a597fba77755e7a358870945017ed0c20538701ce9cd05f20646d7f38","INTEGRATION_TEST_ONLY"
"synthetic_10","SYN_10_13","SYNEXP_10_13","SYNTHETIC_UNEQUAL_V32","count",0,,0.483007552326599,,,,,,,"not_applicable",-0.659727012562221,85,"unlabelled_projection","unseen_category;unseen_raw_residue;unseen_combination;fixed_effect_not_estimable",FALSE,FALSE,TRUE,TRUE,FALSE,FALSE,FALSE,"integration",2,"binary","M2","species_equal","c1d3767a597fba77755e7a358870945017ed0c20538701ce9cd05f20646d7f38","INTEGRATION_TEST_ONLY"
"synthetic_11","SYN_11_1","SYNEXP_11_1","SYNTHETIC_UNEQUAL_V32","count",1,,0.485507434177102,,,,,,,"not_applicable",-0.722560678953775,86,"unlabelled_projection","missing_predictor;unseen_category;unseen_raw_residue;unseen_combination;fixed_effect_not_estimable",TRUE,TRUE,TRUE,TRUE,FALSE,FALSE,FALSE,"integration",2,"binary","M2","species_equal","c1d3767a597fba77755e7a358870945017ed0c20538701ce9cd05f20646d7f38","INTEGRATION_TEST_ONLY"
"synthetic_11","SYN_11_2","SYNEXP_11_2","SYNTHETIC_UNEQUAL_V32","exact",0,,0.485507434177102,,,,,,,"not_applicable",-0.664574173136238,87,"unlabelled_projection","missing_predictor;unseen_category;unseen_raw_residue;unseen_combination;fixed_effect_not_estimable",TRUE,TRUE,TRUE,TRUE,FALSE,FALSE,FALSE,"integration",2,"binary","M2","species_equal","c1d3767a597fba77755e7a358870945017ed0c20538701ce9cd05f20646d7f38","INTEGRATION_TEST_ONLY"
"synthetic_11","SYN_11_4","SYNEXP_11_4","SYNTHETIC_UNEQUAL_V32","count",0,,0.485507434177102,,,,,,,"not_applicable",-0.664574173136238,89,"unlabelled_projection","missing_predictor;unseen_category;unseen_raw_residue;unseen_combination;fixed_effect_not_estimable",TRUE,TRUE,TRUE,TRUE,FALSE,FALSE,FALSE,"integration",2,"binary","M2","species_equal","c1d3767a597fba77755e7a358870945017ed0c20538701ce9cd05f20646d7f38","INTEGRATION_TEST_ONLY"
"synthetic_11","SYN_11_5","SYNEXP_11_5","SYNTHETIC_UNEQUAL_V32","exact",1,,0.485507434177102,,,,,,,"not_applicable",-0.722560678953775,90,"unlabelled_projection","missing_predictor;unseen_category;unseen_raw_residue;unseen_combination;fixed_effect_not_estimable",TRUE,TRUE,TRUE,TRUE,FALSE,FALSE,FALSE,"integration",2,"binary","M2","species_equal","c1d3767a597fba77755e7a358870945017ed0c20538701ce9cd05f20646d7f38","INTEGRATION_TEST_ONLY"
"synthetic_11","SYN_11_7","SYNEXP_11_7","SYNTHETIC_UNEQUAL_V32","count",1,,0.485507434177102,,,,,,,"not_applicable",-0.722560678953775,92,"unlabelled_projection","missing_predictor;unseen_category;unseen_raw_residue;unseen_combination;fixed_effect_not_estimable",TRUE,TRUE,TRUE,TRUE,FALSE,FALSE,FALSE,"integration",2,"binary","M2","species_equal","c1d3767a597fba77755e7a358870945017ed0c20538701ce9cd05f20646d7f38","INTEGRATION_TEST_ONLY"
"synthetic_11","SYN_11_8","SYNEXP_11_8","SYNTHETIC_UNEQUAL_V32","exact",0,,0.485507434177102,,,,,,,"not_applicable",-0.664574173136238,93,"unlabelled_projection","missing_predictor;unseen_category;unseen_raw_residue;unseen_combination;fixed_effect_not_estimable",TRUE,TRUE,TRUE,TRUE,FALSE,FALSE,FALSE,"integration",2,"binary","M2","species_equal","c1d3767a597fba77755e7a358870945017ed0c20538701ce9cd05f20646d7f38","INTEGRATION_TEST_ONLY"
"synthetic_11","SYN_11_10","SYNEXP_11_10","SYNTHETIC_UNEQUAL_V32","count",0,,0.485507434177102,,,,,,,"not_applicable",-0.664574173136238,95,"unlabelled_projection","missing_predictor;unseen_category;unseen_raw_residue;unseen_combination;fixed_effect_not_estimable",TRUE,TRUE,TRUE,TRUE,FALSE,FALSE,FALSE,"integration",2,"binary","M2","species_equal","c1d3767a597fba77755e7a358870945017ed0c20538701ce9cd05f20646d7f38","INTEGRATION_TEST_ONLY"
"synthetic_11","SYN_11_11","SYNEXP_11_11","SYNTHETIC_UNEQUAL_V32","exact",1,,0.485507434177102,,,,,,,"not_applicable",-0.722560678953775,96,"unlabelled_projection","missing_predictor;unseen_category;unseen_raw_residue;unseen_combination;fixed_effect_not_estimable",TRUE,TRUE,TRUE,TRUE,FALSE,FALSE,FALSE,"integration",2,"binary","M2","species_equal","c1d3767a597fba77755e7a358870945017ed0c20538701ce9cd05f20646d7f38","INTEGRATION_TEST_ONLY"
"synthetic_11","SYN_11_13","SYNEXP_11_13","SYNTHETIC_UNEQUAL_V32","count",1,,0.485507434177102,,,,,,,"not_applicable",-0.722560678953775,98,"unlabelled_projection","missing_predictor;unseen_category;unseen_raw_residue;unseen_combination;fixed_effect_not_estimable",TRUE,TRUE,TRUE,TRUE,FALSE,FALSE,FALSE,"integration",2,"binary","M2","species_equal","c1d3767a597fba77755e7a358870945017ed0c20538701ce9cd05f20646d7f38","INTEGRATION_TEST_ONLY"
"synthetic_11","SYN_11_14","SYNEXP_11_14","SYNTHETIC_UNEQUAL_V32","exact",1,,0.485507434177102,,,,,,,"not_applicable",-0.722560678953775,99,"unlabelled_projection","missing_predictor;unseen_category;unseen_raw_residue;unseen_combination;fixed_effect_not_estimable",TRUE,TRUE,TRUE,TRUE,FALSE,FALSE,FALSE,"integration",2,"binary","M2","species_equal","c1d3767a597fba77755e7a358870945017ed0c20538701ce9cd05f20646d7f38","INTEGRATION_TEST_ONLY"
"synthetic_01","SYN_1_1","SYNEXP_1_1","SYNTHETIC_UNEQUAL_V32","count",1,,0.492210755347755,,,,,,,"not_applicable",-0.708848289683764,1,"unlabelled_projection","unseen_category;unseen_raw_residue;unseen_combination;fixed_effect_not_estimable",FALSE,FALSE,TRUE,TRUE,FALSE,FALSE,FALSE,"integration",1,"binary","M3","record_equal","f2171c5e615909d1aa7b32ccfeb4354d9f8e7c197df11d8b9a9a24be7023647c","INTEGRATION_TEST_ONLY"
"synthetic_01","SYN_1_2","SYNEXP_1_2","SYNTHETIC_UNEQUAL_V32","exact",0,,0.492210755347755,,,,,,,"not_applicable",-0.677688790218958,2,"unlabelled_projection","unseen_category;unseen_raw_residue;unseen_combination;fixed_effect_not_estimable",FALSE,FALSE,TRUE,TRUE,FALSE,FALSE,FALSE,"integration",1,"binary","M3","record_equal","f2171c5e615909d1aa7b32ccfeb4354d9f8e7c197df11d8b9a9a24be7023647c","INTEGRATION_TEST_ONLY"
"synthetic_01","SYN_1_4","SYNEXP_1_4","SYNTHETIC_UNEQUAL_V32","count",0,,0.492210755347755,,,,,,,"not_applicable",-0.677688790218958,4,"unlabelled_projection","unseen_category;unseen_raw_residue;unseen_combination;fixed_effect_not_estimable",FALSE,FALSE,TRUE,TRUE,FALSE,FALSE,FALSE,"integration",1,"binary","M3","record_equal","f2171c5e615909d1aa7b32ccfeb4354d9f8e7c197df11d8b9a9a24be7023647c","INTEGRATION_TEST_ONLY"
"synthetic_02","SYN_2_1","SYNEXP_2_1","SYNTHETIC_UNEQUAL_V32","count",0,,0.492210755347755,,,,,,,"not_applicable",-0.677688790218958,5,"unlabelled_projection","unseen_category;unseen_raw_residue;unseen_combination;fixed_effect_not_estimable",FALSE,FALSE,TRUE,TRUE,FALSE,FALSE,FALSE,"integration",1,"binary","M3","record_equal","f2171c5e615909d1aa7b32ccfeb4354d9f8e7c197df11d8b9a9a24be7023647c","INTEGRATION_TEST_ONLY"
"synthetic_02","SYN_2_2","SYNEXP_2_2","SYNTHETIC_UNEQUAL_V32","exact",1,,0.492210755347755,,,,,,,"not_applicable",-0.708848289683764,6,"unlabelled_projection","unseen_category;unseen_raw_residue;unseen_combination;fixed_effect_not_estimable",FALSE,FALSE,TRUE,TRUE,FALSE,FALSE,FALSE,"integration",1,"binary","M3","record_equal","f2171c5e615909d1aa7b32ccfeb4354d9f8e7c197df11d8b9a9a24be7023647c","INTEGRATION_TEST_ONLY"
"synthetic_02","SYN_2_4","SYNEXP_2_4","SYNTHETIC_UNEQUAL_V32","count",1,,0.492210755347755,,,,,,,"not_applicable",-0.708848289683764,8,"unlabelled_projection","unseen_category;unseen_raw_residue;unseen_combination;fixed_effect_not_estimable",FALSE,FALSE,TRUE,TRUE,FALSE,FALSE,FALSE,"integration",1,"binary","M3","record_equal","f2171c5e615909d1aa7b32ccfeb4354d9f8e7c197df11d8b9a9a24be7023647c","INTEGRATION_TEST_ONLY"
"synthetic_02","SYN_2_5","SYNEXP_2_5","SYNTHETIC_UNEQUAL_V32","exact",0,,0.492210755347755,,,,,,,"not_applicable",-0.677688790218958,9,"unlabelled_projection","unseen_category;unseen_raw_residue;unseen_combination;fixed_effect_not_estimable",FALSE,FALSE,TRUE,TRUE,FALSE,FALSE,FALSE,"integration",1,"binary","M3","record_equal","f2171c5e615909d1aa7b32ccfeb4354d9f8e7c197df11d8b9a9a24be7023647c","INTEGRATION_TEST_ONLY"
"synthetic_03","SYN_3_1","SYNEXP_3_1","SYNTHETIC_UNEQUAL_V32","count",1,,0.492210755347755,,,,,,,"not_applicable",-0.708848289683764,10,"unlabelled_projection","unseen_category;unseen_raw_residue;unseen_combination;fixed_effect_not_estimable",FALSE,FALSE,TRUE,TRUE,FALSE,FALSE,FALSE,"integration",1,"binary","M3","record_equal","f2171c5e615909d1aa7b32ccfeb4354d9f8e7c197df11d8b9a9a24be7023647c","INTEGRATION_TEST_ONLY"
"synthetic_03","SYN_3_2","SYNEXP_3_2","SYNTHETIC_UNEQUAL_V32","exact",0,,0.492210755347755,,,,,,,"not_applicable",-0.677688790218958,11,"unlabelled_projection","unseen_category;unseen_raw_residue;unseen_combination;fixed_effect_not_estimable",FALSE,FALSE,TRUE,TRUE,FALSE,FALSE,FALSE,"integration",1,"binary","M3","record_equal","f2171c5e615909d1aa7b32ccfeb4354d9f8e7c197df11d8b9a9a24be7023647c","INTEGRATION_TEST_ONLY"
"synthetic_03","SYN_3_4","SYNEXP_3_4","SYNTHETIC_UNEQUAL_V32","count",0,,0.492210755347755,,,,,,,"not_applicable",-0.677688790218958,13,"unlabelled_projection","unseen_category;unseen_raw_residue;unseen_combination;fixed_effect_not_estimable",FALSE,FALSE,TRUE,TRUE,FALSE,FALSE,FALSE,"integration",1,"binary","M3","record_equal","f2171c5e615909d1aa7b32ccfeb4354d9f8e7c197df11d8b9a9a24be7023647c","INTEGRATION_TEST_ONLY"
"synthetic_03","SYN_3_5","SYNEXP_3_5","SYNTHETIC_UNEQUAL_V32","exact",1,,0.492210755347755,,,,,,,"not_applicable",-0.708848289683764,14,"unlabelled_projection","unseen_category;unseen_raw_residue;unseen_combination;fixed_effect_not_estimable",FALSE,FALSE,TRUE,TRUE,FALSE,FALSE,FALSE,"integration",1,"binary","M3","record_equal","f2171c5e615909d1aa7b32ccfeb4354d9f8e7c197df11d8b9a9a24be7023647c","INTEGRATION_TEST_ONLY"
"synthetic_04","SYN_4_1","SYNEXP_4_1","SYNTHETIC_UNEQUAL_V32","count",0,,0.492210755347755,,,,,,,"not_applicable",-0.677688790218958,16,"unlabelled_projection","unseen_category;unseen_raw_residue;unseen_combination;fixed_effect_not_estimable",FALSE,FALSE,TRUE,TRUE,FALSE,FALSE,FALSE,"integration",1,"binary","M3","record_equal","f2171c5e615909d1aa7b32ccfeb4354d9f8e7c197df11d8b9a9a24be7023647c","INTEGRATION_TEST_ONLY"
"synthetic_04","SYN_4_2","SYNEXP_4_2","SYNTHETIC_UNEQUAL_V32","exact",1,,0.492210755347755,,,,,,,"not_applicable",-0.708848289683764,17,"unlabelled_projection","unseen_category;unseen_raw_residue;unseen_combination;fixed_effect_not_estimable",FALSE,FALSE,TRUE,TRUE,FALSE,FALSE,FALSE,"integration",1,"binary","M3","record_equal","f2171c5e615909d1aa7b32ccfeb4354d9f8e7c197df11d8b9a9a24be7023647c","INTEGRATION_TEST_ONLY"
"synthetic_04","SYN_4_4","SYNEXP_4_4","SYNTHETIC_UNEQUAL_V32","count",1,,0.492210755347755,,,,,,,"not_applicable",-0.708848289683764,19,"unlabelled_projection","unseen_category;unseen_raw_residue;unseen_combination;fixed_effect_not_estimable",FALSE,FALSE,TRUE,TRUE,FALSE,FALSE,FALSE,"integration",1,"binary","M3","record_equal","f2171c5e615909d1aa7b32ccfeb4354d9f8e7c197df11d8b9a9a24be7023647c","INTEGRATION_TEST_ONLY"
"synthetic_04","SYN_4_5","SYNEXP_4_5","SYNTHETIC_UNEQUAL_V32","exact",0,,0.492210755347755,,,,,,,"not_applicable",-0.677688790218958,20,"unlabelled_projection","unseen_category;unseen_raw_residue;unseen_combination;fixed_effect_not_estimable",FALSE,FALSE,TRUE,TRUE,FALSE,FALSE,FALSE,"integration",1,"binary","M3","record_equal","f2171c5e615909d1aa7b32ccfeb4354d9f8e7c197df11d8b9a9a24be7023647c","INTEGRATION_TEST_ONLY"
"synthetic_04","SYN_4_7","SYNEXP_4_7","SYNTHETIC_UNEQUAL_V32","count",0,,0.492210755347755,,,,,,,"not_applicable",-0.677688790218958,22,"unlabelled_projection","unseen_category;unseen_raw_residue;unseen_combination;fixed_effect_not_estimable",FALSE,FALSE,TRUE,TRUE,FALSE,FALSE,FALSE,"integration",1,"binary","M3","record_equal","f2171c5e615909d1aa7b32ccfeb4354d9f8e7c197df11d8b9a9a24be7023647c","INTEGRATION_TEST_ONLY"
"synthetic_05","SYN_5_1","SYNEXP_5_1","SYNTHETIC_UNEQUAL_V32","count",1,,0.485077891605156,,,,,,,"not_applicable",-0.72344579969191,23,"unlabelled_projection","unseen_category;unseen_raw_residue;unseen_combination;fixed_effect_not_estimable",FALSE,FALSE,TRUE,TRUE,FALSE,FALSE,FALSE,"integration",1,"binary","M3","record_equal","f2171c5e615909d1aa7b32ccfeb4354d9f8e7c197df11d8b9a9a24be7023647c","INTEGRATION_TEST_ONLY"
"synthetic_05","SYN_5_2","SYNEXP_5_2","SYNTHETIC_UNEQUAL_V32","exact",0,,0.485077891605156,,,,,,,"not_applicable",-0.663739635592459,24,"unlabelled_projection","unseen_category;unseen_raw_residue;unseen_combination;fixed_effect_not_estimable",FALSE,FALSE,TRUE,TRUE,FALSE,FALSE,FALSE,"integration",1,"binary","M3","record_equal","f2171c5e615909d1aa7b32ccfeb4354d9f8e7c197df11d8b9a9a24be7023647c","INTEGRATION_TEST_ONLY"
"synthetic_05","SYN_5_4","SYNEXP_5_4","SYNTHETIC_UNEQUAL_V32","count",0,,0.485077891605156,,,,,,,"not_applicable",-0.663739635592459,26,"unlabelled_projection","unseen_category;unseen_raw_residue;unseen_combination;fixed_effect_not_estimable",FALSE,FALSE,TRUE,TRUE,FALSE,FALSE,FALSE,"integration",1,"binary","M3","record_equal","f2171c5e615909d1aa7b32ccfeb4354d9f8e7c197df11d8b9a9a24be7023647c","INTEGRATION_TEST_ONLY"
"synthetic_05","SYN_5_5","SYNEXP_5_5","SYNTHETIC_UNEQUAL_V32","exact",1,,0.485077891605156,,,,,,,"not_applicable",-0.72344579969191,27,"unlabelled_projection","unseen_category;unseen_raw_residue;unseen_combination;fixed_effect_not_estimable",FALSE,FALSE,TRUE,TRUE,FALSE,FALSE,FALSE,"integration",1,"binary","M3","record_equal","f2171c5e615909d1aa7b32ccfeb4354d9f8e7c197df11d8b9a9a24be7023647c","INTEGRATION_TEST_ONLY"
"synthetic_05","SYN_5_7","SYNEXP_5_7","SYNTHETIC_UNEQUAL_V32","count",1,,0.485077891605156,,,,,,,"not_applicable",-0.72344579969191,29,"unlabelled_projection","unseen_category;unseen_raw_residue;unseen_combination;fixed_effect_not_estimable",FALSE,FALSE,TRUE,TRUE,FALSE,FALSE,FALSE,"integration",1,"binary","M3","record_equal","f2171c5e615909d1aa7b32ccfeb4354d9f8e7c197df11d8b9a9a24be7023647c","INTEGRATION_TEST_ONLY"
"synthetic_05","SYN_5_8","SYNEXP_5_8","SYNTHETIC_UNEQUAL_V32","exact",0,,0.485077891605156,,,,,,,"not_applicable",-0.663739635592459,30,"unlabelled_projection","unseen_category;unseen_raw_residue;unseen_combination;fixed_effect_not_estimable",FALSE,FALSE,TRUE,TRUE,FALSE,FALSE,FALSE,"integration",1,"binary","M3","record_equal","f2171c5e615909d1aa7b32ccfeb4354d9f8e7c197df11d8b9a9a24be7023647c","INTEGRATION_TEST_ONLY"
"synthetic_06","SYN_6_1","SYNEXP_6_1","SYNTHETIC_UNEQUAL_V32","count",0,,0.485077891605156,,,,,,,"not_applicable",-0.663739635592459,31,"unlabelled_projection","unseen_category;unseen_raw_residue;unseen_combination;fixed_effect_not_estimable",FALSE,FALSE,TRUE,TRUE,FALSE,FALSE,FALSE,"integration",1,"binary","M3","record_equal","f2171c5e615909d1aa7b32ccfeb4354d9f8e7c197df11d8b9a9a24be7023647c","INTEGRATION_TEST_ONLY"
"synthetic_06","SYN_6_2","SYNEXP_6_2","SYNTHETIC_UNEQUAL_V32","exact",1,,0.485077891605156,,,,,,,"not_applicable",-0.72344579969191,32,"unlabelled_projection","unseen_category;unseen_raw_residue;unseen_combination;fixed_effect_not_estimable",FALSE,FALSE,TRUE,TRUE,FALSE,FALSE,FALSE,"integration",1,"binary","M3","record_equal","f2171c5e615909d1aa7b32ccfeb4354d9f8e7c197df11d8b9a9a24be7023647c","INTEGRATION_TEST_ONLY"
"synthetic_06","SYN_6_4","SYNEXP_6_4","SYNTHETIC_UNEQUAL_V32","count",1,,0.485077891605156,,,,,,,"not_applicable",-0.72344579969191,34,"unlabelled_projection","unseen_category;unseen_raw_residue;unseen_combination;fixed_effect_not_estimable",FALSE,FALSE,TRUE,TRUE,FALSE,FALSE,FALSE,"integration",1,"binary","M3","record_equal","f2171c5e615909d1aa7b32ccfeb4354d9f8e7c197df11d8b9a9a24be7023647c","INTEGRATION_TEST_ONLY"
"synthetic_06","SYN_6_5","SYNEXP_6_5","SYNTHETIC_UNEQUAL_V32","exact",0,,0.485077891605156,,,,,,,"not_applicable",-0.663739635592459,35,"unlabelled_projection","unseen_category;unseen_raw_residue;unseen_combination;fixed_effect_not_estimable",FALSE,FALSE,TRUE,TRUE,FALSE,FALSE,FALSE,"integration",1,"binary","M3","record_equal","f2171c5e615909d1aa7b32ccfeb4354d9f8e7c197df11d8b9a9a24be7023647c","INTEGRATION_TEST_ONLY"
"synthetic_06","SYN_6_7","SYNEXP_6_7","SYNTHETIC_UNEQUAL_V32","count",0,,0.485077891605156,,,,,,,"not_applicable",-0.663739635592459,37,"unlabelled_projection","unseen_category;unseen_raw_residue;unseen_combination;fixed_effect_not_estimable",FALSE,FALSE,TRUE,TRUE,FALSE,FALSE,FALSE,"integration",1,"binary","M3","record_equal","f2171c5e615909d1aa7b32ccfeb4354d9f8e7c197df11d8b9a9a24be7023647c","INTEGRATION_TEST_ONLY"
"synthetic_06","SYN_6_8","SYNEXP_6_8","SYNTHETIC_UNEQUAL_V32","exact",1,,0.485077891605156,,,,,,,"not_applicable",-0.72344579969191,38,"unlabelled_projection","unseen_category;unseen_raw_residue;unseen_combination;fixed_effect_not_estimable",FALSE,FALSE,TRUE,TRUE,FALSE,FALSE,FALSE,"integration",1,"binary","M3","record_equal","f2171c5e615909d1aa7b32ccfeb4354d9f8e7c197df11d8b9a9a24be7023647c","INTEGRATION_TEST_ONLY"
"synthetic_07","SYN_7_1","SYNEXP_7_1","SYNTHETIC_UNEQUAL_V32","count",1,,0.48427915864507,,,,,,,"not_applicable",-0.725093764475672,40,"unlabelled_projection","unseen_category;unseen_raw_residue;unseen_combination;fixed_effect_not_estimable",FALSE,FALSE,TRUE,TRUE,FALSE,FALSE,FALSE,"integration",2,"binary","M3","record_equal","7ebc507d28a870f83634c7132c2308aae93414e9be81c162eefe789a3119d5c3","INTEGRATION_TEST_ONLY"
"synthetic_07","SYN_7_2","SYNEXP_7_2","SYNTHETIC_UNEQUAL_V32","exact",0,,0.48427915864507,,,,,,,"not_applicable",-0.662189665022755,41,"unlabelled_projection","unseen_category;unseen_raw_residue;unseen_combination;fixed_effect_not_estimable",FALSE,FALSE,TRUE,TRUE,FALSE,FALSE,FALSE,"integration",2,"binary","M3","record_equal","7ebc507d28a870f83634c7132c2308aae93414e9be81c162eefe789a3119d5c3","INTEGRATION_TEST_ONLY"
"synthetic_07","SYN_7_4","SYNEXP_7_4","SYNTHETIC_UNEQUAL_V32","count",0,,0.48427915864507,,,,,,,"not_applicable",-0.662189665022755,43,"unlabelled_projection","unseen_category;unseen_raw_residue;unseen_combination;fixed_effect_not_estimable",FALSE,FALSE,TRUE,TRUE,FALSE,FALSE,FALSE,"integration",2,"binary","M3","record_equal","7ebc507d28a870f83634c7132c2308aae93414e9be81c162eefe789a3119d5c3","INTEGRATION_TEST_ONLY"
"synthetic_07","SYN_7_5","SYNEXP_7_5","SYNTHETIC_UNEQUAL_V32","exact",1,,0.48427915864507,,,,,,,"not_applicable",-0.725093764475672,44,"unlabelled_projection","unseen_category;unseen_raw_residue;unseen_combination;fixed_effect_not_estimable",FALSE,FALSE,TRUE,TRUE,FALSE,FALSE,FALSE,"integration",2,"binary","M3","record_equal","7ebc507d28a870f83634c7132c2308aae93414e9be81c162eefe789a3119d5c3","INTEGRATION_TEST_ONLY"
"synthetic_07","SYN_7_7","SYNEXP_7_7","SYNTHETIC_UNEQUAL_V32","count",1,,0.48427915864507,,,,,,,"not_applicable",-0.725093764475672,46,"unlabelled_projection","unseen_category;unseen_raw_residue;unseen_combination;fixed_effect_not_estimable",FALSE,FALSE,TRUE,TRUE,FALSE,FALSE,FALSE,"integration",2,"binary","M3","record_equal","7ebc507d28a870f83634c7132c2308aae93414e9be81c162eefe789a3119d5c3","INTEGRATION_TEST_ONLY"
"synthetic_07","SYN_7_8","SYNEXP_7_8","SYNTHETIC_UNEQUAL_V32","exact",0,,0.48427915864507,,,,,,,"not_applicable",-0.662189665022755,47,"unlabelled_projection","unseen_category;unseen_raw_residue;unseen_combination;fixed_effect_not_estimable",FALSE,FALSE,TRUE,TRUE,FALSE,FALSE,FALSE,"integration",2,"binary","M3","record_equal","7ebc507d28a870f83634c7132c2308aae93414e9be81c162eefe789a3119d5c3","INTEGRATION_TEST_ONLY"
"synthetic_07","SYN_7_10","SYNEXP_7_10","SYNTHETIC_UNEQUAL_V32","count",0,,0.48427915864507,,,,,,,"not_applicable",-0.662189665022755,49,"unlabelled_projection","unseen_category;unseen_raw_residue;unseen_combination;fixed_effect_not_estimable",FALSE,FALSE,TRUE,TRUE,FALSE,FALSE,FALSE,"integration",2,"binary","M3","record_equal","7ebc507d28a870f83634c7132c2308aae93414e9be81c162eefe789a3119d5c3","INTEGRATION_TEST_ONLY"
"synthetic_08","SYN_8_1","SYNEXP_8_1","SYNTHETIC_UNEQUAL_V32","count",0,,0.48427915864507,,,,,,,"not_applicable",-0.662189665022755,50,"unlabelled_projection","unseen_category;unseen_raw_residue;unseen_combination;fixed_effect_not_estimable",FALSE,FALSE,TRUE,TRUE,FALSE,FALSE,FALSE,"integration",2,"binary","M3","record_equal","7ebc507d28a870f83634c7132c2308aae93414e9be81c162eefe789a3119d5c3","INTEGRATION_TEST_ONLY"
"synthetic_08","SYN_8_2","SYNEXP_8_2","SYNTHETIC_UNEQUAL_V32","exact",1,,0.48427915864507,,,,,,,"not_applicable",-0.725093764475672,51,"unlabelled_projection","unseen_category;unseen_raw_residue;unseen_combination;fixed_effect_not_estimable",FALSE,FALSE,TRUE,TRUE,FALSE,FALSE,FALSE,"integration",2,"binary","M3","record_equal","7ebc507d28a870f83634c7132c2308aae93414e9be81c162eefe789a3119d5c3","INTEGRATION_TEST_ONLY"
"synthetic_08","SYN_8_4","SYNEXP_8_4","SYNTHETIC_UNEQUAL_V32","count",1,,0.48427915864507,,,,,,,"not_applicable",-0.725093764475672,53,"unlabelled_projection","unseen_category;unseen_raw_residue;unseen_combination;fixed_effect_not_estimable",FALSE,FALSE,TRUE,TRUE,FALSE,FALSE,FALSE,"integration",2,"binary","M3","record_equal","7ebc507d28a870f83634c7132c2308aae93414e9be81c162eefe789a3119d5c3","INTEGRATION_TEST_ONLY"
"synthetic_08","SYN_8_5","SYNEXP_8_5","SYNTHETIC_UNEQUAL_V32","exact",0,,0.48427915864507,,,,,,,"not_applicable",-0.662189665022755,54,"unlabelled_projection","unseen_category;unseen_raw_residue;unseen_combination;fixed_effect_not_estimable",FALSE,FALSE,TRUE,TRUE,FALSE,FALSE,FALSE,"integration",2,"binary","M3","record_equal","7ebc507d28a870f83634c7132c2308aae93414e9be81c162eefe789a3119d5c3","INTEGRATION_TEST_ONLY"
"synthetic_08","SYN_8_7","SYNEXP_8_7","SYNTHETIC_UNEQUAL_V32","count",0,,0.48427915864507,,,,,,,"not_applicable",-0.662189665022755,56,"unlabelled_projection","unseen_category;unseen_raw_residue;unseen_combination;fixed_effect_not_estimable",FALSE,FALSE,TRUE,TRUE,FALSE,FALSE,FALSE,"integration",2,"binary","M3","record_equal","7ebc507d28a870f83634c7132c2308aae93414e9be81c162eefe789a3119d5c3","INTEGRATION_TEST_ONLY"
"synthetic_08","SYN_8_8","SYNEXP_8_8","SYNTHETIC_UNEQUAL_V32","exact",1,,0.48427915864507,,,,,,,"not_applicable",-0.725093764475672,57,"unlabelled_projection","unseen_category;unseen_raw_residue;unseen_combination;fixed_effect_not_estimable",FALSE,FALSE,TRUE,TRUE,FALSE,FALSE,FALSE,"integration",2,"binary","M3","record_equal","7ebc507d28a870f83634c7132c2308aae93414e9be81c162eefe789a3119d5c3","INTEGRATION_TEST_ONLY"
"synthetic_08","SYN_8_10","SYNEXP_8_10","SYNTHETIC_UNEQUAL_V32","count",1,,0.48427915864507,,,,,,,"not_applicable",-0.725093764475672,59,"unlabelled_projection","unseen_category;unseen_raw_residue;unseen_combination;fixed_effect_not_estimable",FALSE,FALSE,TRUE,TRUE,FALSE,FALSE,FALSE,"integration",2,"binary","M3","record_equal","7ebc507d28a870f83634c7132c2308aae93414e9be81c162eefe789a3119d5c3","INTEGRATION_TEST_ONLY"
"synthetic_08","SYN_8_11","SYNEXP_8_11","SYNTHETIC_UNEQUAL_V32","exact",0,,0.48427915864507,,,,,,,"not_applicable",-0.662189665022755,60,"unlabelled_projection","unseen_category;unseen_raw_residue;unseen_combination;fixed_effect_not_estimable",FALSE,FALSE,TRUE,TRUE,FALSE,FALSE,FALSE,"integration",2,"binary","M3","record_equal","7ebc507d28a870f83634c7132c2308aae93414e9be81c162eefe789a3119d5c3","INTEGRATION_TEST_ONLY"
"synthetic_09","SYN_9_1","SYNEXP_9_1","SYNTHETIC_UNEQUAL_V32","count",1,,0.479030318157517,,,,,,,"not_applicable",-0.735991388882145,61,"unlabelled_projection","missing_predictor;unseen_category;unseen_raw_residue;unseen_combination;fixed_effect_not_estimable",TRUE,TRUE,TRUE,TRUE,FALSE,FALSE,FALSE,"integration",2,"binary","M3","record_equal","7ebc507d28a870f83634c7132c2308aae93414e9be81c162eefe789a3119d5c3","INTEGRATION_TEST_ONLY"
"synthetic_09","SYN_9_2","SYNEXP_9_2","SYNTHETIC_UNEQUAL_V32","exact",0,,0.479030318157517,,,,,,,"not_applicable",-0.652063431162919,62,"unlabelled_projection","missing_predictor;unseen_category;unseen_raw_residue;unseen_combination;fixed_effect_not_estimable",TRUE,TRUE,TRUE,TRUE,FALSE,FALSE,FALSE,"integration",2,"binary","M3","record_equal","7ebc507d28a870f83634c7132c2308aae93414e9be81c162eefe789a3119d5c3","INTEGRATION_TEST_ONLY"
"synthetic_09","SYN_9_4","SYNEXP_9_4","SYNTHETIC_UNEQUAL_V32","count",0,,0.479030318157517,,,,,,,"not_applicable",-0.652063431162919,64,"unlabelled_projection","missing_predictor;unseen_category;unseen_raw_residue;unseen_combination;fixed_effect_not_estimable",TRUE,TRUE,TRUE,TRUE,FALSE,FALSE,FALSE,"integration",2,"binary","M3","record_equal","7ebc507d28a870f83634c7132c2308aae93414e9be81c162eefe789a3119d5c3","INTEGRATION_TEST_ONLY"
"synthetic_09","SYN_9_5","SYNEXP_9_5","SYNTHETIC_UNEQUAL_V32","exact",1,,0.479030318157517,,,,,,,"not_applicable",-0.735991388882145,65,"unlabelled_projection","missing_predictor;unseen_category;unseen_raw_residue;unseen_combination;fixed_effect_not_estimable",TRUE,TRUE,TRUE,TRUE,FALSE,FALSE,FALSE,"integration",2,"binary","M3","record_equal","7ebc507d28a870f83634c7132c2308aae93414e9be81c162eefe789a3119d5c3","INTEGRATION_TEST_ONLY"
"synthetic_09","SYN_9_7","SYNEXP_9_7","SYNTHETIC_UNEQUAL_V32","count",1,,0.479030318157517,,,,,,,"not_applicable",-0.735991388882145,67,"unlabelled_projection","missing_predictor;unseen_category;unseen_raw_residue;unseen_combination;fixed_effect_not_estimable",TRUE,TRUE,TRUE,TRUE,FALSE,FALSE,FALSE,"integration",2,"binary","M3","record_equal","7ebc507d28a870f83634c7132c2308aae93414e9be81c162eefe789a3119d5c3","INTEGRATION_TEST_ONLY"
"synthetic_09","SYN_9_8","SYNEXP_9_8","SYNTHETIC_UNEQUAL_V32","exact",0,,0.479030318157517,,,,,,,"not_applicable",-0.652063431162919,68,"unlabelled_projection","missing_predictor;unseen_category;unseen_raw_residue;unseen_combination;fixed_effect_not_estimable",TRUE,TRUE,TRUE,TRUE,FALSE,FALSE,FALSE,"integration",2,"binary","M3","record_equal","7ebc507d28a870f83634c7132c2308aae93414e9be81c162eefe789a3119d5c3","INTEGRATION_TEST_ONLY"
"synthetic_09","SYN_9_10","SYNEXP_9_10","SYNTHETIC_UNEQUAL_V32","count",0,,0.479030318157517,,,,,,,"not_applicable",-0.652063431162919,70,"unlabelled_projection","missing_predictor;unseen_category;unseen_raw_residue;unseen_combination;fixed_effect_not_estimable",TRUE,TRUE,TRUE,TRUE,FALSE,FALSE,FALSE,"integration",2,"binary","M3","record_equal","7ebc507d28a870f83634c7132c2308aae93414e9be81c162eefe789a3119d5c3","INTEGRATION_TEST_ONLY"
"synthetic_09","SYN_9_11","SYNEXP_9_11","SYNTHETIC_UNEQUAL_V32","exact",1,,0.479030318157517,,,,,,,"not_applicable",-0.735991388882145,71,"unlabelled_projection","missing_predictor;unseen_category;unseen_raw_residue;unseen_combination;fixed_effect_not_estimable",TRUE,TRUE,TRUE,TRUE,FALSE,FALSE,FALSE,"integration",2,"binary","M3","record_equal","7ebc507d28a870f83634c7132c2308aae93414e9be81c162eefe789a3119d5c3","INTEGRATION_TEST_ONLY"
"synthetic_10","SYN_10_1","SYNEXP_10_1","SYNTHETIC_UNEQUAL_V32","count",0,,0.486535590464095,,,,,,,"not_applicable",-0.666574561585349,73,"unlabelled_projection","unseen_category;unseen_raw_residue;unseen_combination;fixed_effect_not_estimable",FALSE,FALSE,TRUE,TRUE,FALSE,FALSE,FALSE,"integration",2,"binary","M3","record_equal","7ebc507d28a870f83634c7132c2308aae93414e9be81c162eefe789a3119d5c3","INTEGRATION_TEST_ONLY"
"synthetic_10","SYN_10_2","SYNEXP_10_2","SYNTHETIC_UNEQUAL_V32","exact",1,,0.486535590464095,,,,,,,"not_applicable",-0.720445223887777,74,"unlabelled_projection","unseen_category;unseen_raw_residue;unseen_combination;fixed_effect_not_estimable",FALSE,FALSE,TRUE,TRUE,FALSE,FALSE,FALSE,"integration",2,"binary","M3","record_equal","7ebc507d28a870f83634c7132c2308aae93414e9be81c162eefe789a3119d5c3","INTEGRATION_TEST_ONLY"
"synthetic_10","SYN_10_4","SYNEXP_10_4","SYNTHETIC_UNEQUAL_V32","count",1,,0.486535590464095,,,,,,,"not_applicable",-0.720445223887777,76,"unlabelled_projection","unseen_category;unseen_raw_residue;unseen_combination;fixed_effect_not_estimable",FALSE,FALSE,TRUE,TRUE,FALSE,FALSE,FALSE,"integration",2,"binary","M3","record_equal","7ebc507d28a870f83634c7132c2308aae93414e9be81c162eefe789a3119d5c3","INTEGRATION_TEST_ONLY"
"synthetic_10","SYN_10_5","SYNEXP_10_5","SYNTHETIC_UNEQUAL_V32","exact",0,,0.486535590464095,,,,,,,"not_applicable",-0.666574561585349,77,"unlabelled_projection","unseen_category;unseen_raw_residue;unseen_combination;fixed_effect_not_estimable",FALSE,FALSE,TRUE,TRUE,FALSE,FALSE,FALSE,"integration",2,"binary","M3","record_equal","7ebc507d28a870f83634c7132c2308aae93414e9be81c162eefe789a3119d5c3","INTEGRATION_TEST_ONLY"
"synthetic_10","SYN_10_7","SYNEXP_10_7","SYNTHETIC_UNEQUAL_V32","count",0,,0.486535590464095,,,,,,,"not_applicable",-0.666574561585349,79,"unlabelled_projection","unseen_category;unseen_raw_residue;unseen_combination;fixed_effect_not_estimable",FALSE,FALSE,TRUE,TRUE,FALSE,FALSE,FALSE,"integration",2,"binary","M3","record_equal","7ebc507d28a870f83634c7132c2308aae93414e9be81c162eefe789a3119d5c3","INTEGRATION_TEST_ONLY"
"synthetic_10","SYN_10_8","SYNEXP_10_8","SYNTHETIC_UNEQUAL_V32","exact",1,,0.486535590464095,,,,,,,"not_applicable",-0.720445223887777,80,"unlabelled_projection","unseen_category;unseen_raw_residue;unseen_combination;fixed_effect_not_estimable",FALSE,FALSE,TRUE,TRUE,FALSE,FALSE,FALSE,"integration",2,"binary","M3","record_equal","7ebc507d28a870f83634c7132c2308aae93414e9be81c162eefe789a3119d5c3","INTEGRATION_TEST_ONLY"
"synthetic_10","SYN_10_10","SYNEXP_10_10","SYNTHETIC_UNEQUAL_V32","count",1,,0.486535590464095,,,,,,,"not_applicable",-0.720445223887777,82,"unlabelled_projection","unseen_category;unseen_raw_residue;unseen_combination;fixed_effect_not_estimable",FALSE,FALSE,TRUE,TRUE,FALSE,FALSE,FALSE,"integration",2,"binary","M3","record_equal","7ebc507d28a870f83634c7132c2308aae93414e9be81c162eefe789a3119d5c3","INTEGRATION_TEST_ONLY"
"synthetic_10","SYN_10_11","SYNEXP_10_11","SYNTHETIC_UNEQUAL_V32","exact",0,,0.486535590464095,,,,,,,"not_applicable",-0.666574561585349,83,"unlabelled_projection","unseen_category;unseen_raw_residue;unseen_combination;fixed_effect_not_estimable",FALSE,FALSE,TRUE,TRUE,FALSE,FALSE,FALSE,"integration",2,"binary","M3","record_equal","7ebc507d28a870f83634c7132c2308aae93414e9be81c162eefe789a3119d5c3","INTEGRATION_TEST_ONLY"
"synthetic_10","SYN_10_13","SYNEXP_10_13","SYNTHETIC_UNEQUAL_V32","count",0,,0.486535590464095,,,,,,,"not_applicable",-0.666574561585349,85,"unlabelled_projection","unseen_category;unseen_raw_residue;unseen_combination;fixed_effect_not_estimable",FALSE,FALSE,TRUE,TRUE,FALSE,FALSE,FALSE,"integration",2,"binary","M3","record_equal","7ebc507d28a870f83634c7132c2308aae93414e9be81c162eefe789a3119d5c3","INTEGRATION_TEST_ONLY"
"synthetic_11","SYN_11_1","SYNEXP_11_1","SYNTHETIC_UNEQUAL_V32","count",1,,0.487672260757249,,,,,,,"not_applicable",-0.718111695560066,86,"unlabelled_projection","missing_predictor;unseen_category;unseen_raw_residue;unseen_combination;fixed_effect_not_estimable",TRUE,TRUE,TRUE,TRUE,FALSE,FALSE,FALSE,"integration",2,"binary","M3","record_equal","7ebc507d28a870f83634c7132c2308aae93414e9be81c162eefe789a3119d5c3","INTEGRATION_TEST_ONLY"
"synthetic_11","SYN_11_2","SYNEXP_11_2","SYNTHETIC_UNEQUAL_V32","exact",0,,0.487672260757249,,,,,,,"not_applicable",-0.668790743020805,87,"unlabelled_projection","missing_predictor;unseen_category;unseen_raw_residue;unseen_combination;fixed_effect_not_estimable",TRUE,TRUE,TRUE,TRUE,FALSE,FALSE,FALSE,"integration",2,"binary","M3","record_equal","7ebc507d28a870f83634c7132c2308aae93414e9be81c162eefe789a3119d5c3","INTEGRATION_TEST_ONLY"
"synthetic_11","SYN_11_4","SYNEXP_11_4","SYNTHETIC_UNEQUAL_V32","count",0,,0.487672260757249,,,,,,,"not_applicable",-0.668790743020805,89,"unlabelled_projection","missing_predictor;unseen_category;unseen_raw_residue;unseen_combination;fixed_effect_not_estimable",TRUE,TRUE,TRUE,TRUE,FALSE,FALSE,FALSE,"integration",2,"binary","M3","record_equal","7ebc507d28a870f83634c7132c2308aae93414e9be81c162eefe789a3119d5c3","INTEGRATION_TEST_ONLY"
"synthetic_11","SYN_11_5","SYNEXP_11_5","SYNTHETIC_UNEQUAL_V32","exact",1,,0.487672260757249,,,,,,,"not_applicable",-0.718111695560066,90,"unlabelled_projection","missing_predictor;unseen_category;unseen_raw_residue;unseen_combination;fixed_effect_not_estimable",TRUE,TRUE,TRUE,TRUE,FALSE,FALSE,FALSE,"integration",2,"binary","M3","record_equal","7ebc507d28a870f83634c7132c2308aae93414e9be81c162eefe789a3119d5c3","INTEGRATION_TEST_ONLY"
"synthetic_11","SYN_11_7","SYNEXP_11_7","SYNTHETIC_UNEQUAL_V32","count",1,,0.487672260757249,,,,,,,"not_applicable",-0.718111695560066,92,"unlabelled_projection","missing_predictor;unseen_category;unseen_raw_residue;unseen_combination;fixed_effect_not_estimable",TRUE,TRUE,TRUE,TRUE,FALSE,FALSE,FALSE,"integration",2,"binary","M3","record_equal","7ebc507d28a870f83634c7132c2308aae93414e9be81c162eefe789a3119d5c3","INTEGRATION_TEST_ONLY"
"synthetic_11","SYN_11_8","SYNEXP_11_8","SYNTHETIC_UNEQUAL_V32","exact",0,,0.487672260757249,,,,,,,"not_applicable",-0.668790743020805,93,"unlabelled_projection","missing_predictor;unseen_category;unseen_raw_residue;unseen_combination;fixed_effect_not_estimable",TRUE,TRUE,TRUE,TRUE,FALSE,FALSE,FALSE,"integration",2,"binary","M3","record_equal","7ebc507d28a870f83634c7132c2308aae93414e9be81c162eefe789a3119d5c3","INTEGRATION_TEST_ONLY"
"synthetic_11","SYN_11_10","SYNEXP_11_10","SYNTHETIC_UNEQUAL_V32","count",0,,0.487672260757249,,,,,,,"not_applicable",-0.668790743020805,95,"unlabelled_projection","missing_predictor;unseen_category;unseen_raw_residue;unseen_combination;fixed_effect_not_estimable",TRUE,TRUE,TRUE,TRUE,FALSE,FALSE,FALSE,"integration",2,"binary","M3","record_equal","7ebc507d28a870f83634c7132c2308aae93414e9be81c162eefe789a3119d5c3","INTEGRATION_TEST_ONLY"
"synthetic_11","SYN_11_11","SYNEXP_11_11","SYNTHETIC_UNEQUAL_V32","exact",1,,0.487672260757249,,,,,,,"not_applicable",-0.718111695560066,96,"unlabelled_projection","missing_predictor;unseen_category;unseen_raw_residue;unseen_combination;fixed_effect_not_estimable",TRUE,TRUE,TRUE,TRUE,FALSE,FALSE,FALSE,"integration",2,"binary","M3","record_equal","7ebc507d28a870f83634c7132c2308aae93414e9be81c162eefe789a3119d5c3","INTEGRATION_TEST_ONLY"
"synthetic_11","SYN_11_13","SYNEXP_11_13","SYNTHETIC_UNEQUAL_V32","count",1,,0.487672260757249,,,,,,,"not_applicable",-0.718111695560066,98,"unlabelled_projection","missing_predictor;unseen_category;unseen_raw_residue;unseen_combination;fixed_effect_not_estimable",TRUE,TRUE,TRUE,TRUE,FALSE,FALSE,FALSE,"integration",2,"binary","M3","record_equal","7ebc507d28a870f83634c7132c2308aae93414e9be81c162eefe789a3119d5c3","INTEGRATION_TEST_ONLY"
"synthetic_11","SYN_11_14","SYNEXP_11_14","SYNTHETIC_UNEQUAL_V32","exact",1,,0.487672260757249,,,,,,,"not_applicable",-0.718111695560066,99,"unlabelled_projection","missing_predictor;unseen_category;unseen_raw_residue;unseen_combination;fixed_effect_not_estimable",TRUE,TRUE,TRUE,TRUE,FALSE,FALSE,FALSE,"integration",2,"binary","M3","record_equal","7ebc507d28a870f83634c7132c2308aae93414e9be81c162eefe789a3119d5c3","INTEGRATION_TEST_ONLY"
"synthetic_01","SYN_1_1","SYNEXP_1_1","SYNTHETIC_UNEQUAL_V32","count",1,,0.482863633981154,,,,,,,"not_applicable",-0.728020996494508,1,"unlabelled_projection","unseen_category;unseen_raw_residue;unseen_combination;fixed_effect_not_estimable",FALSE,FALSE,TRUE,TRUE,FALSE,FALSE,FALSE,"integration",1,"binary","M3","species_equal","981d576bb1b4cf645827f440079d8e1983e971415b332ac3d85d30a945de1e47","INTEGRATION_TEST_ONLY"
"synthetic_01","SYN_1_2","SYNEXP_1_2","SYNTHETIC_UNEQUAL_V32","exact",0,,0.482863633981154,,,,,,,"not_applicable",-0.659448675193669,2,"unlabelled_projection","unseen_category;unseen_raw_residue;unseen_combination;fixed_effect_not_estimable",FALSE,FALSE,TRUE,TRUE,FALSE,FALSE,FALSE,"integration",1,"binary","M3","species_equal","981d576bb1b4cf645827f440079d8e1983e971415b332ac3d85d30a945de1e47","INTEGRATION_TEST_ONLY"
"synthetic_01","SYN_1_4","SYNEXP_1_4","SYNTHETIC_UNEQUAL_V32","count",0,,0.482863633981154,,,,,,,"not_applicable",-0.659448675193669,4,"unlabelled_projection","unseen_category;unseen_raw_residue;unseen_combination;fixed_effect_not_estimable",FALSE,FALSE,TRUE,TRUE,FALSE,FALSE,FALSE,"integration",1,"binary","M3","species_equal","981d576bb1b4cf645827f440079d8e1983e971415b332ac3d85d30a945de1e47","INTEGRATION_TEST_ONLY"
"synthetic_02","SYN_2_1","SYNEXP_2_1","SYNTHETIC_UNEQUAL_V32","count",0,,0.482863633981154,,,,,,,"not_applicable",-0.659448675193669,5,"unlabelled_projection","unseen_category;unseen_raw_residue;unseen_combination;fixed_effect_not_estimable",FALSE,FALSE,TRUE,TRUE,FALSE,FALSE,FALSE,"integration",1,"binary","M3","species_equal","981d576bb1b4cf645827f440079d8e1983e971415b332ac3d85d30a945de1e47","INTEGRATION_TEST_ONLY"
"synthetic_02","SYN_2_2","SYNEXP_2_2","SYNTHETIC_UNEQUAL_V32","exact",1,,0.482863633981154,,,,,,,"not_applicable",-0.728020996494508,6,"unlabelled_projection","unseen_category;unseen_raw_residue;unseen_combination;fixed_effect_not_estimable",FALSE,FALSE,TRUE,TRUE,FALSE,FALSE,FALSE,"integration",1,"binary","M3","species_equal","981d576bb1b4cf645827f440079d8e1983e971415b332ac3d85d30a945de1e47","INTEGRATION_TEST_ONLY"
"synthetic_02","SYN_2_4","SYNEXP_2_4","SYNTHETIC_UNEQUAL_V32","count",1,,0.482863633981154,,,,,,,"not_applicable",-0.728020996494508,8,"unlabelled_projection","unseen_category;unseen_raw_residue;unseen_combination;fixed_effect_not_estimable",FALSE,FALSE,TRUE,TRUE,FALSE,FALSE,FALSE,"integration",1,"binary","M3","species_equal","981d576bb1b4cf645827f440079d8e1983e971415b332ac3d85d30a945de1e47","INTEGRATION_TEST_ONLY"
"synthetic_02","SYN_2_5","SYNEXP_2_5","SYNTHETIC_UNEQUAL_V32","exact",0,,0.482863633981154,,,,,,,"not_applicable",-0.659448675193669,9,"unlabelled_projection","unseen_category;unseen_raw_residue;unseen_combination;fixed_effect_not_estimable",FALSE,FALSE,TRUE,TRUE,FALSE,FALSE,FALSE,"integration",1,"binary","M3","species_equal","981d576bb1b4cf645827f440079d8e1983e971415b332ac3d85d30a945de1e47","INTEGRATION_TEST_ONLY"
"synthetic_03","SYN_3_1","SYNEXP_3_1","SYNTHETIC_UNEQUAL_V32","count",1,,0.482863633981154,,,,,,,"not_applicable",-0.728020996494508,10,"unlabelled_projection","unseen_category;unseen_raw_residue;unseen_combination;fixed_effect_not_estimable",FALSE,FALSE,TRUE,TRUE,FALSE,FALSE,FALSE,"integration",1,"binary","M3","species_equal","981d576bb1b4cf645827f440079d8e1983e971415b332ac3d85d30a945de1e47","INTEGRATION_TEST_ONLY"
"synthetic_03","SYN_3_2","SYNEXP_3_2","SYNTHETIC_UNEQUAL_V32","exact",0,,0.482863633981154,,,,,,,"not_applicable",-0.659448675193669,11,"unlabelled_projection","unseen_category;unseen_raw_residue;unseen_combination;fixed_effect_not_estimable",FALSE,FALSE,TRUE,TRUE,FALSE,FALSE,FALSE,"integration",1,"binary","M3","species_equal","981d576bb1b4cf645827f440079d8e1983e971415b332ac3d85d30a945de1e47","INTEGRATION_TEST_ONLY"
"synthetic_03","SYN_3_4","SYNEXP_3_4","SYNTHETIC_UNEQUAL_V32","count",0,,0.482863633981154,,,,,,,"not_applicable",-0.659448675193669,13,"unlabelled_projection","unseen_category;unseen_raw_residue;unseen_combination;fixed_effect_not_estimable",FALSE,FALSE,TRUE,TRUE,FALSE,FALSE,FALSE,"integration",1,"binary","M3","species_equal","981d576bb1b4cf645827f440079d8e1983e971415b332ac3d85d30a945de1e47","INTEGRATION_TEST_ONLY"
"synthetic_03","SYN_3_5","SYNEXP_3_5","SYNTHETIC_UNEQUAL_V32","exact",1,,0.482863633981154,,,,,,,"not_applicable",-0.728020996494508,14,"unlabelled_projection","unseen_category;unseen_raw_residue;unseen_combination;fixed_effect_not_estimable",FALSE,FALSE,TRUE,TRUE,FALSE,FALSE,FALSE,"integration",1,"binary","M3","species_equal","981d576bb1b4cf645827f440079d8e1983e971415b332ac3d85d30a945de1e47","INTEGRATION_TEST_ONLY"
"synthetic_04","SYN_4_1","SYNEXP_4_1","SYNTHETIC_UNEQUAL_V32","count",0,,0.482863633981154,,,,,,,"not_applicable",-0.659448675193669,16,"unlabelled_projection","unseen_category;unseen_raw_residue;unseen_combination;fixed_effect_not_estimable",FALSE,FALSE,TRUE,TRUE,FALSE,FALSE,FALSE,"integration",1,"binary","M3","species_equal","981d576bb1b4cf645827f440079d8e1983e971415b332ac3d85d30a945de1e47","INTEGRATION_TEST_ONLY"
"synthetic_04","SYN_4_2","SYNEXP_4_2","SYNTHETIC_UNEQUAL_V32","exact",1,,0.482863633981154,,,,,,,"not_applicable",-0.728020996494508,17,"unlabelled_projection","unseen_category;unseen_raw_residue;unseen_combination;fixed_effect_not_estimable",FALSE,FALSE,TRUE,TRUE,FALSE,FALSE,FALSE,"integration",1,"binary","M3","species_equal","981d576bb1b4cf645827f440079d8e1983e971415b332ac3d85d30a945de1e47","INTEGRATION_TEST_ONLY"
"synthetic_04","SYN_4_4","SYNEXP_4_4","SYNTHETIC_UNEQUAL_V32","count",1,,0.482863633981154,,,,,,,"not_applicable",-0.728020996494508,19,"unlabelled_projection","unseen_category;unseen_raw_residue;unseen_combination;fixed_effect_not_estimable",FALSE,FALSE,TRUE,TRUE,FALSE,FALSE,FALSE,"integration",1,"binary","M3","species_equal","981d576bb1b4cf645827f440079d8e1983e971415b332ac3d85d30a945de1e47","INTEGRATION_TEST_ONLY"
"synthetic_04","SYN_4_5","SYNEXP_4_5","SYNTHETIC_UNEQUAL_V32","exact",0,,0.482863633981154,,,,,,,"not_applicable",-0.659448675193669,20,"unlabelled_projection","unseen_category;unseen_raw_residue;unseen_combination;fixed_effect_not_estimable",FALSE,FALSE,TRUE,TRUE,FALSE,FALSE,FALSE,"integration",1,"binary","M3","species_equal","981d576bb1b4cf645827f440079d8e1983e971415b332ac3d85d30a945de1e47","INTEGRATION_TEST_ONLY"
"synthetic_04","SYN_4_7","SYNEXP_4_7","SYNTHETIC_UNEQUAL_V32","count",0,,0.482863633981154,,,,,,,"not_applicable",-0.659448675193669,22,"unlabelled_projection","unseen_category;unseen_raw_residue;unseen_combination;fixed_effect_not_estimable",FALSE,FALSE,TRUE,TRUE,FALSE,FALSE,FALSE,"integration",1,"binary","M3","species_equal","981d576bb1b4cf645827f440079d8e1983e971415b332ac3d85d30a945de1e47","INTEGRATION_TEST_ONLY"
"synthetic_05","SYN_5_1","SYNEXP_5_1","SYNTHETIC_UNEQUAL_V32","count",1,,0.477476954595237,,,,,,,"not_applicable",-0.739239382853806,23,"unlabelled_projection","unseen_category;unseen_raw_residue;unseen_combination;fixed_effect_not_estimable",FALSE,FALSE,TRUE,TRUE,FALSE,FALSE,FALSE,"integration",1,"binary","M3","species_equal","981d576bb1b4cf645827f440079d8e1983e971415b332ac3d85d30a945de1e47","INTEGRATION_TEST_ONLY"
"synthetic_05","SYN_5_2","SYNEXP_5_2","SYNTHETIC_UNEQUAL_V32","exact",0,,0.477476954595237,,,,,,,"not_applicable",-0.64908619007799,24,"unlabelled_projection","unseen_category;unseen_raw_residue;unseen_combination;fixed_effect_not_estimable",FALSE,FALSE,TRUE,TRUE,FALSE,FALSE,FALSE,"integration",1,"binary","M3","species_equal","981d576bb1b4cf645827f440079d8e1983e971415b332ac3d85d30a945de1e47","INTEGRATION_TEST_ONLY"
"synthetic_05","SYN_5_4","SYNEXP_5_4","SYNTHETIC_UNEQUAL_V32","count",0,,0.477476954595237,,,,,,,"not_applicable",-0.64908619007799,26,"unlabelled_projection","unseen_category;unseen_raw_residue;unseen_combination;fixed_effect_not_estimable",FALSE,FALSE,TRUE,TRUE,FALSE,FALSE,FALSE,"integration",1,"binary","M3","species_equal","981d576bb1b4cf645827f440079d8e1983e971415b332ac3d85d30a945de1e47","INTEGRATION_TEST_ONLY"
"synthetic_05","SYN_5_5","SYNEXP_5_5","SYNTHETIC_UNEQUAL_V32","exact",1,,0.477476954595237,,,,,,,"not_applicable",-0.739239382853806,27,"unlabelled_projection","unseen_category;unseen_raw_residue;unseen_combination;fixed_effect_not_estimable",FALSE,FALSE,TRUE,TRUE,FALSE,FALSE,FALSE,"integration",1,"binary","M3","species_equal","981d576bb1b4cf645827f440079d8e1983e971415b332ac3d85d30a945de1e47","INTEGRATION_TEST_ONLY"
"synthetic_05","SYN_5_7","SYNEXP_5_7","SYNTHETIC_UNEQUAL_V32","count",1,,0.477476954595237,,,,,,,"not_applicable",-0.739239382853806,29,"unlabelled_projection","unseen_category;unseen_raw_residue;unseen_combination;fixed_effect_not_estimable",FALSE,FALSE,TRUE,TRUE,FALSE,FALSE,FALSE,"integration",1,"binary","M3","species_equal","981d576bb1b4cf645827f440079d8e1983e971415b332ac3d85d30a945de1e47","INTEGRATION_TEST_ONLY"
"synthetic_05","SYN_5_8","SYNEXP_5_8","SYNTHETIC_UNEQUAL_V32","exact",0,,0.477476954595237,,,,,,,"not_applicable",-0.64908619007799,30,"unlabelled_projection","unseen_category;unseen_raw_residue;unseen_combination;fixed_effect_not_estimable",FALSE,FALSE,TRUE,TRUE,FALSE,FALSE,FALSE,"integration",1,"binary","M3","species_equal","981d576bb1b4cf645827f440079d8e1983e971415b332ac3d85d30a945de1e47","INTEGRATION_TEST_ONLY"
"synthetic_06","SYN_6_1","SYNEXP_6_1","SYNTHETIC_UNEQUAL_V32","count",0,,0.477476954595237,,,,,,,"not_applicable",-0.64908619007799,31,"unlabelled_projection","unseen_category;unseen_raw_residue;unseen_combination;fixed_effect_not_estimable",FALSE,FALSE,TRUE,TRUE,FALSE,FALSE,FALSE,"integration",1,"binary","M3","species_equal","981d576bb1b4cf645827f440079d8e1983e971415b332ac3d85d30a945de1e47","INTEGRATION_TEST_ONLY"
"synthetic_06","SYN_6_2","SYNEXP_6_2","SYNTHETIC_UNEQUAL_V32","exact",1,,0.477476954595237,,,,,,,"not_applicable",-0.739239382853806,32,"unlabelled_projection","unseen_category;unseen_raw_residue;unseen_combination;fixed_effect_not_estimable",FALSE,FALSE,TRUE,TRUE,FALSE,FALSE,FALSE,"integration",1,"binary","M3","species_equal","981d576bb1b4cf645827f440079d8e1983e971415b332ac3d85d30a945de1e47","INTEGRATION_TEST_ONLY"
"synthetic_06","SYN_6_4","SYNEXP_6_4","SYNTHETIC_UNEQUAL_V32","count",1,,0.477476954595237,,,,,,,"not_applicable",-0.739239382853806,34,"unlabelled_projection","unseen_category;unseen_raw_residue;unseen_combination;fixed_effect_not_estimable",FALSE,FALSE,TRUE,TRUE,FALSE,FALSE,FALSE,"integration",1,"binary","M3","species_equal","981d576bb1b4cf645827f440079d8e1983e971415b332ac3d85d30a945de1e47","INTEGRATION_TEST_ONLY"
"synthetic_06","SYN_6_5","SYNEXP_6_5","SYNTHETIC_UNEQUAL_V32","exact",0,,0.477476954595237,,,,,,,"not_applicable",-0.64908619007799,35,"unlabelled_projection","unseen_category;unseen_raw_residue;unseen_combination;fixed_effect_not_estimable",FALSE,FALSE,TRUE,TRUE,FALSE,FALSE,FALSE,"integration",1,"binary","M3","species_equal","981d576bb1b4cf645827f440079d8e1983e971415b332ac3d85d30a945de1e47","INTEGRATION_TEST_ONLY"
"synthetic_06","SYN_6_7","SYNEXP_6_7","SYNTHETIC_UNEQUAL_V32","count",0,,0.477476954595237,,,,,,,"not_applicable",-0.64908619007799,37,"unlabelled_projection","unseen_category;unseen_raw_residue;unseen_combination;fixed_effect_not_estimable",FALSE,FALSE,TRUE,TRUE,FALSE,FALSE,FALSE,"integration",1,"binary","M3","species_equal","981d576bb1b4cf645827f440079d8e1983e971415b332ac3d85d30a945de1e47","INTEGRATION_TEST_ONLY"
"synthetic_06","SYN_6_8","SYNEXP_6_8","SYNTHETIC_UNEQUAL_V32","exact",1,,0.477476954595237,,,,,,,"not_applicable",-0.739239382853806,38,"unlabelled_projection","unseen_category;unseen_raw_residue;unseen_combination;fixed_effect_not_estimable",FALSE,FALSE,TRUE,TRUE,FALSE,FALSE,FALSE,"integration",1,"binary","M3","species_equal","981d576bb1b4cf645827f440079d8e1983e971415b332ac3d85d30a945de1e47","INTEGRATION_TEST_ONLY"
"synthetic_07","SYN_7_1","SYNEXP_7_1","SYNTHETIC_UNEQUAL_V32","count",1,,0.485835817613053,,,,,,,"not_applicable",-0.721884535998427,40,"unlabelled_projection","unseen_category;unseen_raw_residue;unseen_combination;fixed_effect_not_estimable",FALSE,FALSE,TRUE,TRUE,FALSE,FALSE,FALSE,"integration",2,"binary","M3","species_equal","5426f5a75caf2a43535902b20cf3a471db855dd582ab05728dc2d2efa170336d","INTEGRATION_TEST_ONLY"
"synthetic_07","SYN_7_2","SYNEXP_7_2","SYNTHETIC_UNEQUAL_V32","exact",0,,0.485835817613053,,,,,,,"not_applicable",-0.665212643544716,41,"unlabelled_projection","unseen_category;unseen_raw_residue;unseen_combination;fixed_effect_not_estimable",FALSE,FALSE,TRUE,TRUE,FALSE,FALSE,FALSE,"integration",2,"binary","M3","species_equal","5426f5a75caf2a43535902b20cf3a471db855dd582ab05728dc2d2efa170336d","INTEGRATION_TEST_ONLY"
"synthetic_07","SYN_7_4","SYNEXP_7_4","SYNTHETIC_UNEQUAL_V32","count",0,,0.485835817613053,,,,,,,"not_applicable",-0.665212643544716,43,"unlabelled_projection","unseen_category;unseen_raw_residue;unseen_combination;fixed_effect_not_estimable",FALSE,FALSE,TRUE,TRUE,FALSE,FALSE,FALSE,"integration",2,"binary","M3","species_equal","5426f5a75caf2a43535902b20cf3a471db855dd582ab05728dc2d2efa170336d","INTEGRATION_TEST_ONLY"
"synthetic_07","SYN_7_5","SYNEXP_7_5","SYNTHETIC_UNEQUAL_V32","exact",1,,0.485835817613053,,,,,,,"not_applicable",-0.721884535998427,44,"unlabelled_projection","unseen_category;unseen_raw_residue;unseen_combination;fixed_effect_not_estimable",FALSE,FALSE,TRUE,TRUE,FALSE,FALSE,FALSE,"integration",2,"binary","M3","species_equal","5426f5a75caf2a43535902b20cf3a471db855dd582ab05728dc2d2efa170336d","INTEGRATION_TEST_ONLY"
"synthetic_07","SYN_7_7","SYNEXP_7_7","SYNTHETIC_UNEQUAL_V32","count",1,,0.485835817613053,,,,,,,"not_applicable",-0.721884535998427,46,"unlabelled_projection","unseen_category;unseen_raw_residue;unseen_combination;fixed_effect_not_estimable",FALSE,FALSE,TRUE,TRUE,FALSE,FALSE,FALSE,"integration",2,"binary","M3","species_equal","5426f5a75caf2a43535902b20cf3a471db855dd582ab05728dc2d2efa170336d","INTEGRATION_TEST_ONLY"
"synthetic_07","SYN_7_8","SYNEXP_7_8","SYNTHETIC_UNEQUAL_V32","exact",0,,0.485835817613053,,,,,,,"not_applicable",-0.665212643544716,47,"unlabelled_projection","unseen_category;unseen_raw_residue;unseen_combination;fixed_effect_not_estimable",FALSE,FALSE,TRUE,TRUE,FALSE,FALSE,FALSE,"integration",2,"binary","M3","species_equal","5426f5a75caf2a43535902b20cf3a471db855dd582ab05728dc2d2efa170336d","INTEGRATION_TEST_ONLY"
"synthetic_07","SYN_7_10","SYNEXP_7_10","SYNTHETIC_UNEQUAL_V32","count",0,,0.485835817613053,,,,,,,"not_applicable",-0.665212643544716,49,"unlabelled_projection","unseen_category;unseen_raw_residue;unseen_combination;fixed_effect_not_estimable",FALSE,FALSE,TRUE,TRUE,FALSE,FALSE,FALSE,"integration",2,"binary","M3","species_equal","5426f5a75caf2a43535902b20cf3a471db855dd582ab05728dc2d2efa170336d","INTEGRATION_TEST_ONLY"
"synthetic_08","SYN_8_1","SYNEXP_8_1","SYNTHETIC_UNEQUAL_V32","count",0,,0.485835817613053,,,,,,,"not_applicable",-0.665212643544716,50,"unlabelled_projection","unseen_category;unseen_raw_residue;unseen_combination;fixed_effect_not_estimable",FALSE,FALSE,TRUE,TRUE,FALSE,FALSE,FALSE,"integration",2,"binary","M3","species_equal","5426f5a75caf2a43535902b20cf3a471db855dd582ab05728dc2d2efa170336d","INTEGRATION_TEST_ONLY"
"synthetic_08","SYN_8_2","SYNEXP_8_2","SYNTHETIC_UNEQUAL_V32","exact",1,,0.485835817613053,,,,,,,"not_applicable",-0.721884535998427,51,"unlabelled_projection","unseen_category;unseen_raw_residue;unseen_combination;fixed_effect_not_estimable",FALSE,FALSE,TRUE,TRUE,FALSE,FALSE,FALSE,"integration",2,"binary","M3","species_equal","5426f5a75caf2a43535902b20cf3a471db855dd582ab05728dc2d2efa170336d","INTEGRATION_TEST_ONLY"
"synthetic_08","SYN_8_4","SYNEXP_8_4","SYNTHETIC_UNEQUAL_V32","count",1,,0.485835817613053,,,,,,,"not_applicable",-0.721884535998427,53,"unlabelled_projection","unseen_category;unseen_raw_residue;unseen_combination;fixed_effect_not_estimable",FALSE,FALSE,TRUE,TRUE,FALSE,FALSE,FALSE,"integration",2,"binary","M3","species_equal","5426f5a75caf2a43535902b20cf3a471db855dd582ab05728dc2d2efa170336d","INTEGRATION_TEST_ONLY"
"synthetic_08","SYN_8_5","SYNEXP_8_5","SYNTHETIC_UNEQUAL_V32","exact",0,,0.485835817613053,,,,,,,"not_applicable",-0.665212643544716,54,"unlabelled_projection","unseen_category;unseen_raw_residue;unseen_combination;fixed_effect_not_estimable",FALSE,FALSE,TRUE,TRUE,FALSE,FALSE,FALSE,"integration",2,"binary","M3","species_equal","5426f5a75caf2a43535902b20cf3a471db855dd582ab05728dc2d2efa170336d","INTEGRATION_TEST_ONLY"
"synthetic_08","SYN_8_7","SYNEXP_8_7","SYNTHETIC_UNEQUAL_V32","count",0,,0.485835817613053,,,,,,,"not_applicable",-0.665212643544716,56,"unlabelled_projection","unseen_category;unseen_raw_residue;unseen_combination;fixed_effect_not_estimable",FALSE,FALSE,TRUE,TRUE,FALSE,FALSE,FALSE,"integration",2,"binary","M3","species_equal","5426f5a75caf2a43535902b20cf3a471db855dd582ab05728dc2d2efa170336d","INTEGRATION_TEST_ONLY"
"synthetic_08","SYN_8_8","SYNEXP_8_8","SYNTHETIC_UNEQUAL_V32","exact",1,,0.485835817613053,,,,,,,"not_applicable",-0.721884535998427,57,"unlabelled_projection","unseen_category;unseen_raw_residue;unseen_combination;fixed_effect_not_estimable",FALSE,FALSE,TRUE,TRUE,FALSE,FALSE,FALSE,"integration",2,"binary","M3","species_equal","5426f5a75caf2a43535902b20cf3a471db855dd582ab05728dc2d2efa170336d","INTEGRATION_TEST_ONLY"
"synthetic_08","SYN_8_10","SYNEXP_8_10","SYNTHETIC_UNEQUAL_V32","count",1,,0.485835817613053,,,,,,,"not_applicable",-0.721884535998427,59,"unlabelled_projection","unseen_category;unseen_raw_residue;unseen_combination;fixed_effect_not_estimable",FALSE,FALSE,TRUE,TRUE,FALSE,FALSE,FALSE,"integration",2,"binary","M3","species_equal","5426f5a75caf2a43535902b20cf3a471db855dd582ab05728dc2d2efa170336d","INTEGRATION_TEST_ONLY"
"synthetic_08","SYN_8_11","SYNEXP_8_11","SYNTHETIC_UNEQUAL_V32","exact",0,,0.485835817613053,,,,,,,"not_applicable",-0.665212643544716,60,"unlabelled_projection","unseen_category;unseen_raw_residue;unseen_combination;fixed_effect_not_estimable",FALSE,FALSE,TRUE,TRUE,FALSE,FALSE,FALSE,"integration",2,"binary","M3","species_equal","5426f5a75caf2a43535902b20cf3a471db855dd582ab05728dc2d2efa170336d","INTEGRATION_TEST_ONLY"
"synthetic_09","SYN_9_1","SYNEXP_9_1","SYNTHETIC_UNEQUAL_V32","count",1,,0.481741284472917,,,,,,,"not_applicable",-0.730348063241209,61,"unlabelled_projection","missing_predictor;unseen_category;unseen_raw_residue;unseen_combination;fixed_effect_not_estimable",TRUE,TRUE,TRUE,TRUE,FALSE,FALSE,FALSE,"integration",2,"binary","M3","species_equal","5426f5a75caf2a43535902b20cf3a471db855dd582ab05728dc2d2efa170336d","INTEGRATION_TEST_ONLY"
"synthetic_09","SYN_9_2","SYNEXP_9_2","SYNTHETIC_UNEQUAL_V32","exact",0,,0.481741284472917,,,,,,,"not_applicable",-0.657280710582219,62,"unlabelled_projection","missing_predictor;unseen_category;unseen_raw_residue;unseen_combination;fixed_effect_not_estimable",TRUE,TRUE,TRUE,TRUE,FALSE,FALSE,FALSE,"integration",2,"binary","M3","species_equal","5426f5a75caf2a43535902b20cf3a471db855dd582ab05728dc2d2efa170336d","INTEGRATION_TEST_ONLY"
"synthetic_09","SYN_9_4","SYNEXP_9_4","SYNTHETIC_UNEQUAL_V32","count",0,,0.481741284472917,,,,,,,"not_applicable",-0.657280710582219,64,"unlabelled_projection","missing_predictor;unseen_category;unseen_raw_residue;unseen_combination;fixed_effect_not_estimable",TRUE,TRUE,TRUE,TRUE,FALSE,FALSE,FALSE,"integration",2,"binary","M3","species_equal","5426f5a75caf2a43535902b20cf3a471db855dd582ab05728dc2d2efa170336d","INTEGRATION_TEST_ONLY"
"synthetic_09","SYN_9_5","SYNEXP_9_5","SYNTHETIC_UNEQUAL_V32","exact",1,,0.481741284472917,,,,,,,"not_applicable",-0.730348063241209,65,"unlabelled_projection","missing_predictor;unseen_category;unseen_raw_residue;unseen_combination;fixed_effect_not_estimable",TRUE,TRUE,TRUE,TRUE,FALSE,FALSE,FALSE,"integration",2,"binary","M3","species_equal","5426f5a75caf2a43535902b20cf3a471db855dd582ab05728dc2d2efa170336d","INTEGRATION_TEST_ONLY"
"synthetic_09","SYN_9_7","SYNEXP_9_7","SYNTHETIC_UNEQUAL_V32","count",1,,0.481741284472917,,,,,,,"not_applicable",-0.730348063241209,67,"unlabelled_projection","missing_predictor;unseen_category;unseen_raw_residue;unseen_combination;fixed_effect_not_estimable",TRUE,TRUE,TRUE,TRUE,FALSE,FALSE,FALSE,"integration",2,"binary","M3","species_equal","5426f5a75caf2a43535902b20cf3a471db855dd582ab05728dc2d2efa170336d","INTEGRATION_TEST_ONLY"
"synthetic_09","SYN_9_8","SYNEXP_9_8","SYNTHETIC_UNEQUAL_V32","exact",0,,0.481741284472917,,,,,,,"not_applicable",-0.657280710582219,68,"unlabelled_projection","missing_predictor;unseen_category;unseen_raw_residue;unseen_combination;fixed_effect_not_estimable",TRUE,TRUE,TRUE,TRUE,FALSE,FALSE,FALSE,"integration",2,"binary","M3","species_equal","5426f5a75caf2a43535902b20cf3a471db855dd582ab05728dc2d2efa170336d","INTEGRATION_TEST_ONLY"
"synthetic_09","SYN_9_10","SYNEXP_9_10","SYNTHETIC_UNEQUAL_V32","count",0,,0.481741284472917,,,,,,,"not_applicable",-0.657280710582219,70,"unlabelled_projection","missing_predictor;unseen_category;unseen_raw_residue;unseen_combination;fixed_effect_not_estimable",TRUE,TRUE,TRUE,TRUE,FALSE,FALSE,FALSE,"integration",2,"binary","M3","species_equal","5426f5a75caf2a43535902b20cf3a471db855dd582ab05728dc2d2efa170336d","INTEGRATION_TEST_ONLY"
"synthetic_09","SYN_9_11","SYNEXP_9_11","SYNTHETIC_UNEQUAL_V32","exact",1,,0.481741284472917,,,,,,,"not_applicable",-0.730348063241209,71,"unlabelled_projection","missing_predictor;unseen_category;unseen_raw_residue;unseen_combination;fixed_effect_not_estimable",TRUE,TRUE,TRUE,TRUE,FALSE,FALSE,FALSE,"integration",2,"binary","M3","species_equal","5426f5a75caf2a43535902b20cf3a471db855dd582ab05728dc2d2efa170336d","INTEGRATION_TEST_ONLY"
"synthetic_10","SYN_10_1","SYNEXP_10_1","SYNTHETIC_UNEQUAL_V32","count",0,,0.483766864566539,,,,,,,"not_applicable",-0.661196802681724,73,"unlabelled_projection","unseen_category;unseen_raw_residue;unseen_combination;fixed_effect_not_estimable",FALSE,FALSE,TRUE,TRUE,FALSE,FALSE,FALSE,"integration",2,"binary","M3","species_equal","5426f5a75caf2a43535902b20cf3a471db855dd582ab05728dc2d2efa170336d","INTEGRATION_TEST_ONLY"
"synthetic_10","SYN_10_2","SYNEXP_10_2","SYNTHETIC_UNEQUAL_V32","exact",1,,0.483766864566539,,,,,,,"not_applicable",-0.726152173092765,74,"unlabelled_projection","unseen_category;unseen_raw_residue;unseen_combination;fixed_effect_not_estimable",FALSE,FALSE,TRUE,TRUE,FALSE,FALSE,FALSE,"integration",2,"binary","M3","species_equal","5426f5a75caf2a43535902b20cf3a471db855dd582ab05728dc2d2efa170336d","INTEGRATION_TEST_ONLY"
"synthetic_10","SYN_10_4","SYNEXP_10_4","SYNTHETIC_UNEQUAL_V32","count",1,,0.483766864566539,,,,,,,"not_applicable",-0.726152173092765,76,"unlabelled_projection","unseen_category;unseen_raw_residue;unseen_combination;fixed_effect_not_estimable",FALSE,FALSE,TRUE,TRUE,FALSE,FALSE,FALSE,"integration",2,"binary","M3","species_equal","5426f5a75caf2a43535902b20cf3a471db855dd582ab05728dc2d2efa170336d","INTEGRATION_TEST_ONLY"
"synthetic_10","SYN_10_5","SYNEXP_10_5","SYNTHETIC_UNEQUAL_V32","exact",0,,0.483766864566539,,,,,,,"not_applicable",-0.661196802681724,77,"unlabelled_projection","unseen_category;unseen_raw_residue;unseen_combination;fixed_effect_not_estimable",FALSE,FALSE,TRUE,TRUE,FALSE,FALSE,FALSE,"integration",2,"binary","M3","species_equal","5426f5a75caf2a43535902b20cf3a471db855dd582ab05728dc2d2efa170336d","INTEGRATION_TEST_ONLY"
"synthetic_10","SYN_10_7","SYNEXP_10_7","SYNTHETIC_UNEQUAL_V32","count",0,,0.483766864566539,,,,,,,"not_applicable",-0.661196802681724,79,"unlabelled_projection","unseen_category;unseen_raw_residue;unseen_combination;fixed_effect_not_estimable",FALSE,FALSE,TRUE,TRUE,FALSE,FALSE,FALSE,"integration",2,"binary","M3","species_equal","5426f5a75caf2a43535902b20cf3a471db855dd582ab05728dc2d2efa170336d","INTEGRATION_TEST_ONLY"
"synthetic_10","SYN_10_8","SYNEXP_10_8","SYNTHETIC_UNEQUAL_V32","exact",1,,0.483766864566539,,,,,,,"not_applicable",-0.726152173092765,80,"unlabelled_projection","unseen_category;unseen_raw_residue;unseen_combination;fixed_effect_not_estimable",FALSE,FALSE,TRUE,TRUE,FALSE,FALSE,FALSE,"integration",2,"binary","M3","species_equal","5426f5a75caf2a43535902b20cf3a471db855dd582ab05728dc2d2efa170336d","INTEGRATION_TEST_ONLY"
"synthetic_10","SYN_10_10","SYNEXP_10_10","SYNTHETIC_UNEQUAL_V32","count",1,,0.483766864566539,,,,,,,"not_applicable",-0.726152173092765,82,"unlabelled_projection","unseen_category;unseen_raw_residue;unseen_combination;fixed_effect_not_estimable",FALSE,FALSE,TRUE,TRUE,FALSE,FALSE,FALSE,"integration",2,"binary","M3","species_equal","5426f5a75caf2a43535902b20cf3a471db855dd582ab05728dc2d2efa170336d","INTEGRATION_TEST_ONLY"
"synthetic_10","SYN_10_11","SYNEXP_10_11","SYNTHETIC_UNEQUAL_V32","exact",0,,0.483766864566539,,,,,,,"not_applicable",-0.661196802681724,83,"unlabelled_projection","unseen_category;unseen_raw_residue;unseen_combination;fixed_effect_not_estimable",FALSE,FALSE,TRUE,TRUE,FALSE,FALSE,FALSE,"integration",2,"binary","M3","species_equal","5426f5a75caf2a43535902b20cf3a471db855dd582ab05728dc2d2efa170336d","INTEGRATION_TEST_ONLY"
"synthetic_10","SYN_10_13","SYNEXP_10_13","SYNTHETIC_UNEQUAL_V32","count",0,,0.483766864566539,,,,,,,"not_applicable",-0.661196802681724,85,"unlabelled_projection","unseen_category;unseen_raw_residue;unseen_combination;fixed_effect_not_estimable",FALSE,FALSE,TRUE,TRUE,FALSE,FALSE,FALSE,"integration",2,"binary","M3","species_equal","5426f5a75caf2a43535902b20cf3a471db855dd582ab05728dc2d2efa170336d","INTEGRATION_TEST_ONLY"
"synthetic_11","SYN_11_1","SYNEXP_11_1","SYNTHETIC_UNEQUAL_V32","count",1,,0.479846746691783,,,,,,,"not_applicable",-0.734288503785636,86,"unlabelled_projection","missing_predictor;unseen_category;unseen_raw_residue;unseen_combination;fixed_effect_not_estimable",TRUE,TRUE,TRUE,TRUE,FALSE,FALSE,FALSE,"integration",2,"binary","M3","species_equal","5426f5a75caf2a43535902b20cf3a471db855dd582ab05728dc2d2efa170336d","INTEGRATION_TEST_ONLY"
"synthetic_11","SYN_11_2","SYNEXP_11_2","SYNTHETIC_UNEQUAL_V32","exact",0,,0.479846746691783,,,,,,,"not_applicable",-0.653631792927037,87,"unlabelled_projection","missing_predictor;unseen_category;unseen_raw_residue;unseen_combination;fixed_effect_not_estimable",TRUE,TRUE,TRUE,TRUE,FALSE,FALSE,FALSE,"integration",2,"binary","M3","species_equal","5426f5a75caf2a43535902b20cf3a471db855dd582ab05728dc2d2efa170336d","INTEGRATION_TEST_ONLY"
"synthetic_11","SYN_11_4","SYNEXP_11_4","SYNTHETIC_UNEQUAL_V32","count",0,,0.479846746691783,,,,,,,"not_applicable",-0.653631792927037,89,"unlabelled_projection","missing_predictor;unseen_category;unseen_raw_residue;unseen_combination;fixed_effect_not_estimable",TRUE,TRUE,TRUE,TRUE,FALSE,FALSE,FALSE,"integration",2,"binary","M3","species_equal","5426f5a75caf2a43535902b20cf3a471db855dd582ab05728dc2d2efa170336d","INTEGRATION_TEST_ONLY"
"synthetic_11","SYN_11_5","SYNEXP_11_5","SYNTHETIC_UNEQUAL_V32","exact",1,,0.479846746691783,,,,,,,"not_applicable",-0.734288503785636,90,"unlabelled_projection","missing_predictor;unseen_category;unseen_raw_residue;unseen_combination;fixed_effect_not_estimable",TRUE,TRUE,TRUE,TRUE,FALSE,FALSE,FALSE,"integration",2,"binary","M3","species_equal","5426f5a75caf2a43535902b20cf3a471db855dd582ab05728dc2d2efa170336d","INTEGRATION_TEST_ONLY"
"synthetic_11","SYN_11_7","SYNEXP_11_7","SYNTHETIC_UNEQUAL_V32","count",1,,0.479846746691783,,,,,,,"not_applicable",-0.734288503785636,92,"unlabelled_projection","missing_predictor;unseen_category;unseen_raw_residue;unseen_combination;fixed_effect_not_estimable",TRUE,TRUE,TRUE,TRUE,FALSE,FALSE,FALSE,"integration",2,"binary","M3","species_equal","5426f5a75caf2a43535902b20cf3a471db855dd582ab05728dc2d2efa170336d","INTEGRATION_TEST_ONLY"
"synthetic_11","SYN_11_8","SYNEXP_11_8","SYNTHETIC_UNEQUAL_V32","exact",0,,0.479846746691783,,,,,,,"not_applicable",-0.653631792927037,93,"unlabelled_projection","missing_predictor;unseen_category;unseen_raw_residue;unseen_combination;fixed_effect_not_estimable",TRUE,TRUE,TRUE,TRUE,FALSE,FALSE,FALSE,"integration",2,"binary","M3","species_equal","5426f5a75caf2a43535902b20cf3a471db855dd582ab05728dc2d2efa170336d","INTEGRATION_TEST_ONLY"
"synthetic_11","SYN_11_10","SYNEXP_11_10","SYNTHETIC_UNEQUAL_V32","count",0,,0.479846746691783,,,,,,,"not_applicable",-0.653631792927037,95,"unlabelled_projection","missing_predictor;unseen_category;unseen_raw_residue;unseen_combination;fixed_effect_not_estimable",TRUE,TRUE,TRUE,TRUE,FALSE,FALSE,FALSE,"integration",2,"binary","M3","species_equal","5426f5a75caf2a43535902b20cf3a471db855dd582ab05728dc2d2efa170336d","INTEGRATION_TEST_ONLY"
"synthetic_11","SYN_11_11","SYNEXP_11_11","SYNTHETIC_UNEQUAL_V32","exact",1,,0.479846746691783,,,,,,,"not_applicable",-0.734288503785636,96,"unlabelled_projection","missing_predictor;unseen_category;unseen_raw_residue;unseen_combination;fixed_effect_not_estimable",TRUE,TRUE,TRUE,TRUE,FALSE,FALSE,FALSE,"integration",2,"binary","M3","species_equal","5426f5a75caf2a43535902b20cf3a471db855dd582ab05728dc2d2efa170336d","INTEGRATION_TEST_ONLY"
"synthetic_11","SYN_11_13","SYNEXP_11_13","SYNTHETIC_UNEQUAL_V32","count",1,,0.479846746691783,,,,,,,"not_applicable",-0.734288503785636,98,"unlabelled_projection","missing_predictor;unseen_category;unseen_raw_residue;unseen_combination;fixed_effect_not_estimable",TRUE,TRUE,TRUE,TRUE,FALSE,FALSE,FALSE,"integration",2,"binary","M3","species_equal","5426f5a75caf2a43535902b20cf3a471db855dd582ab05728dc2d2efa170336d","INTEGRATION_TEST_ONLY"
"synthetic_11","SYN_11_14","SYNEXP_11_14","SYNTHETIC_UNEQUAL_V32","exact",1,,0.479846746691783,,,,,,,"not_applicable",-0.734288503785636,99,"unlabelled_projection","missing_predictor;unseen_category;unseen_raw_residue;unseen_combination;fixed_effect_not_estimable",TRUE,TRUE,TRUE,TRUE,FALSE,FALSE,FALSE,"integration",2,"binary","M3","species_equal","5426f5a75caf2a43535902b20cf3a471db855dd582ab05728dc2d2efa170336d","INTEGRATION_TEST_ONLY"
"synthetic_01","SYN_1_1","SYNEXP_1_1","SYNTHETIC_UNEQUAL_V32","count",1,0.625,,0.512580538442535,0,1,1,TRUE,,"beta_binomial_at_observed_Total",-1.84893206985629,1,"unlabelled_projection","",FALSE,FALSE,FALSE,FALSE,TRUE,TRUE,FALSE,"integration",1,"joint_bb","Null","record_equal","e4c65b240dedb9eb39e840fabc91f682053074559c5a48c46902532e4e38daa1","INTEGRATION_TEST_ONLY"
"synthetic_01","SYN_1_2","SYNEXP_1_2","SYNTHETIC_UNEQUAL_V32","exact",0,0.35,,0.512580538442535,0.139223533380021,1,0.860776466619979,TRUE,,"one_inflated_beta_report",0.433047682962252,2,"unlabelled_projection","",FALSE,FALSE,FALSE,FALSE,TRUE,TRUE,FALSE,"integration",1,"joint_bb","Null","record_equal","e4c65b240dedb9eb39e840fabc91f682053074559c5a48c46902532e4e38daa1","INTEGRATION_TEST_ONLY"
"synthetic_01","SYN_1_3","SYNEXP_1_3","SYNTHETIC_UNEQUAL_V32","interval",,,,0.512580538442535,0.182199946382477,1,0.817800053617523,,TRUE,"one_inflated_beta_report",-0.64774190030677,3,"unlabelled_projection","",FALSE,FALSE,FALSE,FALSE,TRUE,TRUE,FALSE,"integration",1,"joint_bb","Null","record_equal","e4c65b240dedb9eb39e840fabc91f682053074559c5a48c46902532e4e38daa1","INTEGRATION_TEST_ONLY"
"synthetic_01","SYN_1_4","SYNEXP_1_4","SYNTHETIC_UNEQUAL_V32","count",0,0.181818181818182,,0.512580538442535,0.0909090909090909,1,0.909090909090909,TRUE,,"beta_binomial_at_observed_Total",-2.62222300397535,4,"unlabelled_projection","",FALSE,FALSE,FALSE,FALSE,TRUE,TRUE,FALSE,"integration",1,"joint_bb","Null","record_equal","e4c65b240dedb9eb39e840fabc91f682053074559c5a48c46902532e4e38daa1","INTEGRATION_TEST_ONLY"
"synthetic_02","SYN_2_1","SYNEXP_2_1","SYNTHETIC_UNEQUAL_V32","count",0,0.333333333333333,,0.512580538442535,0.111111111111111,0.888888888888889,0.777777777777778,TRUE,,"beta_binomial_at_observed_Total",-2.04686239619427,5,"unlabelled_projection","",FALSE,FALSE,FALSE,FALSE,TRUE,TRUE,FALSE,"integration",1,"joint_bb","Null","record_equal","e4c65b240dedb9eb39e840fabc91f682053074559c5a48c46902532e4e38daa1","INTEGRATION_TEST_ONLY"
"synthetic_02","SYN_2_2","SYNEXP_2_2","SYNTHETIC_UNEQUAL_V32","exact",1,0.85,,0.512580538442535,0.138210055055885,1,0.861789944944115,TRUE,,"one_inflated_beta_report",-0.877147974241752,6,"unlabelled_projection","",FALSE,FALSE,FALSE,FALSE,TRUE,TRUE,FALSE,"integration",1,"joint_bb","Null","record_equal","e4c65b240dedb9eb39e840fabc91f682053074559c5a48c46902532e4e38daa1","INTEGRATION_TEST_ONLY"
"synthetic_02","SYN_2_3","SYNEXP_2_3","SYNTHETIC_UNEQUAL_V32","interval",,,,0.512580538442535,0.154144216276794,1,0.845855783723206,,TRUE,"one_inflated_beta_report",-0.64774190030677,7,"unlabelled_projection","",FALSE,FALSE,FALSE,FALSE,TRUE,TRUE,FALSE,"integration",1,"joint_bb","Null","record_equal","e4c65b240dedb9eb39e840fabc91f682053074559c5a48c46902532e4e38daa1","INTEGRATION_TEST_ONLY"
"synthetic_02","SYN_2_4","SYNEXP_2_4","SYNTHETIC_UNEQUAL_V32","count",1,0.666666666666667,,0.512580538442535,0.0833333333333333,0.960416666666665,0.877083333333331,TRUE,,"beta_binomial_at_observed_Total",-2.23692332335093,8,"unlabelled_projection","",FALSE,FALSE,FALSE,FALSE,TRUE,TRUE,FALSE,"integration",1,"joint_bb","Null","record_equal","e4c65b240dedb9eb39e840fabc91f682053074559c5a48c46902532e4e38daa1","INTEGRATION_TEST_ONLY"
"synthetic_02","SYN_2_5","SYNEXP_2_5","SYNTHETIC_UNEQUAL_V32","exact",0,0.35,,0.512580538442535,0.149045506849319,1,0.850954493150681,TRUE,,"one_inflated_beta_report",0.433047682962252,9,"unlabelled_projection","",FALSE,FALSE,FALSE,FALSE,TRUE,TRUE,FALSE,"integration",1,"joint_bb","Null","record_equal","e4c65b240dedb9eb39e840fabc91f682053074559c5a48c46902532e4e38daa1","INTEGRATION_TEST_ONLY"
"synthetic_03","SYN_3_1","SYNEXP_3_1","SYNTHETIC_UNEQUAL_V32","count",1,0.8,,0.512580538442535,0.1,1,0.9,TRUE,,"beta_binomial_at_observed_Total",-2.34765964369978,10,"unlabelled_projection","",FALSE,FALSE,FALSE,FALSE,TRUE,TRUE,FALSE,"integration",1,"joint_bb","Null","record_equal","e4c65b240dedb9eb39e840fabc91f682053074559c5a48c46902532e4e38daa1","INTEGRATION_TEST_ONLY"
"synthetic_03","SYN_3_2","SYNEXP_3_2","SYNTHETIC_UNEQUAL_V32","exact",0,0.15,,0.512580538442535,0.132675362189045,1,0.867324637810955,TRUE,,"one_inflated_beta_report",-0.772923219676368,11,"unlabelled_projection","",FALSE,FALSE,FALSE,FALSE,TRUE,TRUE,FALSE,"integration",1,"joint_bb","Null","record_equal","e4c65b240dedb9eb39e840fabc91f682053074559c5a48c46902532e4e38daa1","INTEGRATION_TEST_ONLY"
"synthetic_03","SYN_3_3","SYNEXP_3_3","SYNTHETIC_UNEQUAL_V32","interval",,,,0.512580538442535,0.164767627402694,1,0.835232372597306,,TRUE,"one_inflated_beta_report",-0.64774190030677,12,"unlabelled_projection","",FALSE,FALSE,FALSE,FALSE,TRUE,TRUE,FALSE,"integration",1,"joint_bb","Null","record_equal","e4c65b240dedb9eb39e840fabc91f682053074559c5a48c46902532e4e38daa1","INTEGRATION_TEST_ONLY"
"synthetic_03","SYN_3_4","SYNEXP_3_4","SYNTHETIC_UNEQUAL_V32","count",0,0.333333333333333,,0.512580538442535,0,1,1,TRUE,,"beta_binomial_at_observed_Total",-1.70714991409304,13,"unlabelled_projection","",FALSE,FALSE,FALSE,FALSE,TRUE,TRUE,FALSE,"integration",1,"joint_bb","Null","record_equal","e4c65b240dedb9eb39e840fabc91f682053074559c5a48c46902532e4e38daa1","INTEGRATION_TEST_ONLY"
"synthetic_03","SYN_3_5","SYNEXP_3_5","SYNTHETIC_UNEQUAL_V32","exact",1,0.85,,0.512580538442535,0.15799807854978,0.868992949007527,0.710994870457748,TRUE,,"one_inflated_beta_report",-0.877147974241752,14,"unlabelled_projection","",FALSE,FALSE,FALSE,FALSE,TRUE,TRUE,FALSE,"integration",1,"joint_bb","Null","record_equal","e4c65b240dedb9eb39e840fabc91f682053074559c5a48c46902532e4e38daa1","INTEGRATION_TEST_ONLY"
"synthetic_03","SYN_3_6","SYNEXP_3_6","SYNTHETIC_UNEQUAL_V32","interval",,,,0.512580538442535,0.152079423136644,1,0.847920576863356,,TRUE,"one_inflated_beta_report",-0.64774190030677,15,"unlabelled_projection","",FALSE,FALSE,FALSE,FALSE,TRUE,TRUE,FALSE,"integration",1,"joint_bb","Null","record_equal","e4c65b240dedb9eb39e840fabc91f682053074559c5a48c46902532e4e38daa1","INTEGRATION_TEST_ONLY"
"synthetic_04","SYN_4_1","SYNEXP_4_1","SYNTHETIC_UNEQUAL_V32","count",0,0.181818181818182,,0.512580538442535,0.0909090909090909,0.95681818181818,0.865909090909089,TRUE,,"beta_binomial_at_observed_Total",-2.62222300397535,16,"unlabelled_projection","",FALSE,FALSE,FALSE,FALSE,TRUE,TRUE,FALSE,"integration",1,"joint_bb","Null","record_equal","e4c65b240dedb9eb39e840fabc91f682053074559c5a48c46902532e4e38daa1","INTEGRATION_TEST_ONLY"
"synthetic_04","SYN_4_2","SYNEXP_4_2","SYNTHETIC_UNEQUAL_V32","exact",1,0.65,,0.512580538442535,0.149906901920008,1,0.850093098079992,TRUE,,"one_inflated_beta_report",0.392012750440348,17,"unlabelled_projection","",FALSE,FALSE,FALSE,FALSE,TRUE,TRUE,FALSE,"integration",1,"joint_bb","Null","record_equal","e4c65b240dedb9eb39e840fabc91f682053074559c5a48c46902532e4e38daa1","INTEGRATION_TEST_ONLY"
"synthetic_04","SYN_4_3","SYNEXP_4_3","SYNTHETIC_UNEQUAL_V32","interval",,,,0.512580538442535,0.16297213642664,0.968776433806396,0.805804297379756,,TRUE,"one_inflated_beta_report",-0.64774190030677,18,"unlabelled_projection","",FALSE,FALSE,FALSE,FALSE,TRUE,TRUE,FALSE,"integration",1,"joint_bb","Null","record_equal","e4c65b240dedb9eb39e840fabc91f682053074559c5a48c46902532e4e38daa1","INTEGRATION_TEST_ONLY"
"synthetic_04","SYN_4_4","SYNEXP_4_4","SYNTHETIC_UNEQUAL_V32","count",1,0.857142857142857,,0.512580538442535,0,1,1,TRUE,,"beta_binomial_at_observed_Total",-2.14883831049861,19,"unlabelled_projection","",FALSE,FALSE,FALSE,FALSE,TRUE,TRUE,FALSE,"integration",1,"joint_bb","Null","record_equal","e4c65b240dedb9eb39e840fabc91f682053074559c5a48c46902532e4e38daa1","INTEGRATION_TEST_ONLY"
"synthetic_04","SYN_4_5","SYNEXP_4_5","SYNTHETIC_UNEQUAL_V32","exact",0,0.15,,0.512580538442535,0.124144653850244,1,0.875855346149756,TRUE,,"one_inflated_beta_report",-0.772923219676368,20,"unlabelled_projection","",FALSE,FALSE,FALSE,FALSE,TRUE,TRUE,FALSE,"integration",1,"joint_bb","Null","record_equal","e4c65b240dedb9eb39e840fabc91f682053074559c5a48c46902532e4e38daa1","INTEGRATION_TEST_ONLY"
"synthetic_04","SYN_4_6","SYNEXP_4_6","SYNTHETIC_UNEQUAL_V32","interval",,,,0.512580538442535,0.141772807159407,1,0.858227192840593,,TRUE,"one_inflated_beta_report",-0.64774190030677,21,"unlabelled_projection","",FALSE,FALSE,FALSE,FALSE,TRUE,TRUE,FALSE,"integration",1,"joint_bb","Null","record_equal","e4c65b240dedb9eb39e840fabc91f682053074559c5a48c46902532e4e38daa1","INTEGRATION_TEST_ONLY"
"synthetic_04","SYN_4_7","SYNEXP_4_7","SYNTHETIC_UNEQUAL_V32","count",0,0.4,,0.512580538442535,0.1,1,0.9,TRUE,,"beta_binomial_at_observed_Total",-2.04774668808484,22,"unlabelled_projection","",FALSE,FALSE,FALSE,FALSE,TRUE,TRUE,FALSE,"integration",1,"joint_bb","Null","record_equal","e4c65b240dedb9eb39e840fabc91f682053074559c5a48c46902532e4e38daa1","INTEGRATION_TEST_ONLY"
"synthetic_05","SYN_5_1","SYNEXP_5_1","SYNTHETIC_UNEQUAL_V32","count",1,0.666666666666667,,0.512580538442535,0.0833333333333333,0.916666666666667,0.833333333333333,TRUE,,"beta_binomial_at_observed_Total",-2.23692332335093,23,"unlabelled_projection","",FALSE,FALSE,FALSE,FALSE,TRUE,TRUE,FALSE,"integration",1,"joint_bb","Null","record_equal","e4c65b240dedb9eb39e840fabc91f682053074559c5a48c46902532e4e38daa1","INTEGRATION_TEST_ONLY"
"synthetic_05","SYN_5_2","SYNEXP_5_2","SYNTHETIC_UNEQUAL_V32","exact",0,0.35,,0.512580538442535,0.134268411842096,1,0.865731588157904,TRUE,,"one_inflated_beta_report",0.433047682962252,24,"unlabelled_projection","",FALSE,FALSE,FALSE,FALSE,TRUE,TRUE,FALSE,"integration",1,"joint_bb","Null","record_equal","e4c65b240dedb9eb39e840fabc91f682053074559c5a48c46902532e4e38daa1","INTEGRATION_TEST_ONLY"
"synthetic_05","SYN_5_3","SYNEXP_5_3","SYNTHETIC_UNEQUAL_V32","interval",,,,0.512580538442535,0.169390271527805,1,0.830609728472195,,TRUE,"one_inflated_beta_report",-0.64774190030677,25,"unlabelled_projection","",FALSE,FALSE,FALSE,FALSE,TRUE,TRUE,FALSE,"integration",1,"joint_bb","Null","record_equal","e4c65b240dedb9eb39e840fabc91f682053074559c5a48c46902532e4e38daa1","INTEGRATION_TEST_ONLY"
"synthetic_05","SYN_5_4","SYNEXP_5_4","SYNTHETIC_UNEQUAL_V32","count",0,0.125,,0.512580538442535,0,0.875,0.875,TRUE,,"beta_binomial_at_observed_Total",-2.48413778025388,26,"unlabelled_projection","",FALSE,FALSE,FALSE,FALSE,TRUE,TRUE,FALSE,"integration",1,"joint_bb","Null","record_equal","e4c65b240dedb9eb39e840fabc91f682053074559c5a48c46902532e4e38daa1","INTEGRATION_TEST_ONLY"
"synthetic_05","SYN_5_5","SYNEXP_5_5","SYNTHETIC_UNEQUAL_V32","exact",1,0.65,,0.512580538442535,0.198219590719342,1,0.801780409280658,TRUE,,"one_inflated_beta_report",0.392012750440348,27,"unlabelled_projection","",FALSE,FALSE,FALSE,FALSE,TRUE,TRUE,FALSE,"integration",1,"joint_bb","Null","record_equal","e4c65b240dedb9eb39e840fabc91f682053074559c5a48c46902532e4e38daa1","INTEGRATION_TEST_ONLY"
"synthetic_05","SYN_5_6","SYNEXP_5_6","SYNTHETIC_UNEQUAL_V32","interval",,,,0.512580538442535,0.162849593236047,1,0.837150406763953,,TRUE,"one_inflated_beta_report",-0.64774190030677,28,"unlabelled_projection","",FALSE,FALSE,FALSE,FALSE,TRUE,TRUE,FALSE,"integration",1,"joint_bb","Null","record_equal","e4c65b240dedb9eb39e840fabc91f682053074559c5a48c46902532e4e38daa1","INTEGRATION_TEST_ONLY"
"synthetic_05","SYN_5_7","SYNEXP_5_7","SYNTHETIC_UNEQUAL_V32","count",1,0.818181818181818,,0.512580538442535,0.0909090909090909,1,0.909090909090909,TRUE,,"beta_binomial_at_observed_Total",-2.49892904752969,29,"unlabelled_projection","",FALSE,FALSE,FALSE,FALSE,TRUE,TRUE,FALSE,"integration",1,"joint_bb","Null","record_equal","e4c65b240dedb9eb39e840fabc91f682053074559c5a48c46902532e4e38daa1","INTEGRATION_TEST_ONLY"
"synthetic_05","SYN_5_8","SYNEXP_5_8","SYNTHETIC_UNEQUAL_V32","exact",0,0.15,,0.512580538442535,0.204417661048626,0.976081625663323,0.771663964614697,FALSE,,"one_inflated_beta_report",-0.772923219676368,30,"unlabelled_projection","",FALSE,FALSE,FALSE,FALSE,TRUE,TRUE,FALSE,"integration",1,"joint_bb","Null","record_equal","e4c65b240dedb9eb39e840fabc91f682053074559c5a48c46902532e4e38daa1","INTEGRATION_TEST_ONLY"
"synthetic_06","SYN_6_1","SYNEXP_6_1","SYNTHETIC_UNEQUAL_V32","count",0,0.333333333333333,,0.512580538442535,0,1,1,TRUE,,"beta_binomial_at_observed_Total",-1.70714991409304,31,"unlabelled_projection","",FALSE,FALSE,FALSE,FALSE,TRUE,TRUE,FALSE,"integration",1,"joint_bb","Null","record_equal","e4c65b240dedb9eb39e840fabc91f682053074559c5a48c46902532e4e38daa1","INTEGRATION_TEST_ONLY"
"synthetic_06","SYN_6_2","SYNEXP_6_2","SYNTHETIC_UNEQUAL_V32","exact",1,0.85,,0.512580538442535,0.181997863238032,1,0.818002136761968,TRUE,,"one_inflated_beta_report",-0.877147974241752,32,"unlabelled_projection","",FALSE,FALSE,FALSE,FALSE,TRUE,TRUE,FALSE,"integration",1,"joint_bb","Null","record_equal","e4c65b240dedb9eb39e840fabc91f682053074559c5a48c46902532e4e38daa1","INTEGRATION_TEST_ONLY"
"synthetic_06","SYN_6_3","SYNEXP_6_3","SYNTHETIC_UNEQUAL_V32","interval",,,,0.512580538442535,0.113677383626745,1,0.886322616373255,,TRUE,"one_inflated_beta_report",-0.64774190030677,33,"unlabelled_projection","",FALSE,FALSE,FALSE,FALSE,TRUE,TRUE,FALSE,"integration",1,"joint_bb","Null","record_equal","e4c65b240dedb9eb39e840fabc91f682053074559c5a48c46902532e4e38daa1","INTEGRATION_TEST_ONLY"
"synthetic_06","SYN_6_4","SYNEXP_6_4","SYNTHETIC_UNEQUAL_V32","count",1,0.666666666666667,,0.512580538442535,0,1,1,TRUE,,"beta_binomial_at_observed_Total",-1.98866705592474,34,"unlabelled_projection","",FALSE,FALSE,FALSE,FALSE,TRUE,TRUE,FALSE,"integration",1,"joint_bb","Null","record_equal","e4c65b240dedb9eb39e840fabc91f682053074559c5a48c46902532e4e38daa1","INTEGRATION_TEST_ONLY"
"synthetic_06","SYN_6_5","SYNEXP_6_5","SYNTHETIC_UNEQUAL_V32","exact",0,0.35,,0.512580538442535,0.140352761275471,1,0.859647238724529,TRUE,,"one_inflated_beta_report",0.433047682962252,35,"unlabelled_projection","",FALSE,FALSE,FALSE,FALSE,TRUE,TRUE,FALSE,"integration",1,"joint_bb","Null","record_equal","e4c65b240dedb9eb39e840fabc91f682053074559c5a48c46902532e4e38daa1","INTEGRATION_TEST_ONLY"
"synthetic_06","SYN_6_6","SYNEXP_6_6","SYNTHETIC_UNEQUAL_V32","interval",,,,0.512580538442535,0.131964821921627,1,0.868035178078373,,TRUE,"one_inflated_beta_report",-0.64774190030677,36,"unlabelled_projection","",FALSE,FALSE,FALSE,FALSE,TRUE,TRUE,FALSE,"integration",1,"joint_bb","Null","record_equal","e4c65b240dedb9eb39e840fabc91f682053074559c5a48c46902532e4e38daa1","INTEGRATION_TEST_ONLY"
"synthetic_06","SYN_6_7","SYNEXP_6_7","SYNTHETIC_UNEQUAL_V32","count",0,0.166666666666667,,0.512580538442535,0,0.916666666666667,0.916666666666667,TRUE,,"beta_binomial_at_observed_Total",-2.77503598922813,37,"unlabelled_projection","",FALSE,FALSE,FALSE,FALSE,TRUE,TRUE,FALSE,"integration",1,"joint_bb","Null","record_equal","e4c65b240dedb9eb39e840fabc91f682053074559c5a48c46902532e4e38daa1","INTEGRATION_TEST_ONLY"
"synthetic_06","SYN_6_8","SYNEXP_6_8","SYNTHETIC_UNEQUAL_V32","exact",1,0.65,,0.512580538442535,0.142629955405716,1,0.857370044594284,TRUE,,"one_inflated_beta_report",0.392012750440348,38,"unlabelled_projection","",FALSE,FALSE,FALSE,FALSE,TRUE,TRUE,FALSE,"integration",1,"joint_bb","Null","record_equal","e4c65b240dedb9eb39e840fabc91f682053074559c5a48c46902532e4e38daa1","INTEGRATION_TEST_ONLY"
"synthetic_06","SYN_6_9","SYNEXP_6_9","SYNTHETIC_UNEQUAL_V32","interval",,,,0.512580538442535,0.152580065540393,1,0.847419934459607,,TRUE,"one_inflated_beta_report",-0.64774190030677,39,"unlabelled_projection","",FALSE,FALSE,FALSE,FALSE,TRUE,TRUE,FALSE,"integration",1,"joint_bb","Null","record_equal","e4c65b240dedb9eb39e840fabc91f682053074559c5a48c46902532e4e38daa1","INTEGRATION_TEST_ONLY"
"synthetic_07","SYN_7_1","SYNEXP_7_1","SYNTHETIC_UNEQUAL_V32","count",1,0.857142857142857,,0.499589171110213,0,1,1,TRUE,,"beta_binomial_at_observed_Total",-2.27006889177759,40,"unlabelled_projection","",FALSE,FALSE,FALSE,FALSE,TRUE,TRUE,FALSE,"integration",2,"joint_bb","Null","record_equal","39dd0cc3a6b9d732d6851529ea6d93d510563b96056436f4f2493e971413d8b7","INTEGRATION_TEST_ONLY"
"synthetic_07","SYN_7_2","SYNEXP_7_2","SYNTHETIC_UNEQUAL_V32","exact",0,0.15,,0.499589171110213,0.0636141500972999,1,0.9363858499027,TRUE,,"one_inflated_beta_report",-0.417740859360741,41,"unlabelled_projection","",FALSE,FALSE,FALSE,FALSE,TRUE,TRUE,FALSE,"integration",2,"joint_bb","Null","record_equal","39dd0cc3a6b9d732d6851529ea6d93d510563b96056436f4f2493e971413d8b7","INTEGRATION_TEST_ONLY"
"synthetic_07","SYN_7_3","SYNEXP_7_3","SYNTHETIC_UNEQUAL_V32","interval",,,,0.499589171110213,0.111024388234555,1,0.888975611765445,,TRUE,"one_inflated_beta_report",-0.738084231393716,42,"unlabelled_projection","",FALSE,FALSE,FALSE,FALSE,TRUE,TRUE,FALSE,"integration",2,"joint_bb","Null","record_equal","39dd0cc3a6b9d732d6851529ea6d93d510563b96056436f4f2493e971413d8b7","INTEGRATION_TEST_ONLY"
"synthetic_07","SYN_7_4","SYNEXP_7_4","SYNTHETIC_UNEQUAL_V32","count",0,0.4,,0.499589171110213,0.1,0.9,0.8,TRUE,,"beta_binomial_at_observed_Total",-1.95458703153485,43,"unlabelled_projection","",FALSE,FALSE,FALSE,FALSE,TRUE,TRUE,FALSE,"integration",2,"joint_bb","Null","record_equal","39dd0cc3a6b9d732d6851529ea6d93d510563b96056436f4f2493e971413d8b7","INTEGRATION_TEST_ONLY"
"synthetic_07","SYN_7_5","SYNEXP_7_5","SYNTHETIC_UNEQUAL_V32","exact",1,0.85,,0.499589171110213,0.0948411765508838,1,0.905158823449116,TRUE,,"one_inflated_beta_report",-0.719569489977151,44,"unlabelled_projection","",FALSE,FALSE,FALSE,FALSE,TRUE,TRUE,FALSE,"integration",2,"joint_bb","Null","record_equal","39dd0cc3a6b9d732d6851529ea6d93d510563b96056436f4f2493e971413d8b7","INTEGRATION_TEST_ONLY"
"synthetic_07","SYN_7_6","SYNEXP_7_6","SYNTHETIC_UNEQUAL_V32","interval",,,,0.499589171110213,0.111332618402312,1,0.888667381597688,,TRUE,"one_inflated_beta_report",-0.738084231393716,45,"unlabelled_projection","",FALSE,FALSE,FALSE,FALSE,TRUE,TRUE,FALSE,"integration",2,"joint_bb","Null","record_equal","39dd0cc3a6b9d732d6851529ea6d93d510563b96056436f4f2493e971413d8b7","INTEGRATION_TEST_ONLY"
"synthetic_07","SYN_7_7","SYNEXP_7_7","SYNTHETIC_UNEQUAL_V32","count",1,0.666666666666667,,0.499589171110213,0,1,1,TRUE,,"beta_binomial_at_observed_Total",-1.63708285524312,46,"unlabelled_projection","",FALSE,FALSE,FALSE,FALSE,TRUE,TRUE,FALSE,"integration",2,"joint_bb","Null","record_equal","39dd0cc3a6b9d732d6851529ea6d93d510563b96056436f4f2493e971413d8b7","INTEGRATION_TEST_ONLY"
"synthetic_07","SYN_7_8","SYNEXP_7_8","SYNTHETIC_UNEQUAL_V32","exact",0,0.35,,0.499589171110213,0.0991081517836361,1,0.900891848216364,TRUE,,"one_inflated_beta_report",0.410549345738165,47,"unlabelled_projection","",FALSE,FALSE,FALSE,FALSE,TRUE,TRUE,FALSE,"integration",2,"joint_bb","Null","record_equal","39dd0cc3a6b9d732d6851529ea6d93d510563b96056436f4f2493e971413d8b7","INTEGRATION_TEST_ONLY"
"synthetic_07","SYN_7_9","SYNEXP_7_9","SYNTHETIC_UNEQUAL_V32","interval",,,,0.499589171110213,0.11450430209819,0.915851340694511,0.801347038596321,,TRUE,"one_inflated_beta_report",-0.738084231393716,48,"unlabelled_projection","",FALSE,FALSE,FALSE,FALSE,TRUE,TRUE,FALSE,"integration",2,"joint_bb","Null","record_equal","39dd0cc3a6b9d732d6851529ea6d93d510563b96056436f4f2493e971413d8b7","INTEGRATION_TEST_ONLY"
"synthetic_07","SYN_7_10","SYNEXP_7_10","SYNTHETIC_UNEQUAL_V32","count",0,0.111111111111111,,0.499589171110213,0.111111111111111,1,0.888888888888889,TRUE,,"beta_binomial_at_observed_Total",-2.72449590918486,49,"unlabelled_projection","",FALSE,FALSE,FALSE,FALSE,TRUE,TRUE,FALSE,"integration",2,"joint_bb","Null","record_equal","39dd0cc3a6b9d732d6851529ea6d93d510563b96056436f4f2493e971413d8b7","INTEGRATION_TEST_ONLY"
"synthetic_08","SYN_8_1","SYNEXP_8_1","SYNTHETIC_UNEQUAL_V32","count",0,0.125,,0.499589171110213,0,0.940624999999997,0.940624999999997,TRUE,,"beta_binomial_at_observed_Total",-2.50526984782267,50,"unlabelled_projection","",FALSE,FALSE,FALSE,FALSE,TRUE,TRUE,FALSE,"integration",2,"joint_bb","Null","record_equal","39dd0cc3a6b9d732d6851529ea6d93d510563b96056436f4f2493e971413d8b7","INTEGRATION_TEST_ONLY"
"synthetic_08","SYN_8_2","SYNEXP_8_2","SYNTHETIC_UNEQUAL_V32","exact",1,0.65,,0.499589171110213,0.154178287590905,1,0.845821712409095,TRUE,,"one_inflated_beta_report",0.295892312084997,51,"unlabelled_projection","",FALSE,FALSE,FALSE,FALSE,TRUE,TRUE,FALSE,"integration",2,"joint_bb","Null","record_equal","39dd0cc3a6b9d732d6851529ea6d93d510563b96056436f4f2493e971413d8b7","INTEGRATION_TEST_ONLY"
"synthetic_08","SYN_8_3","SYNEXP_8_3","SYNTHETIC_UNEQUAL_V32","interval",,,,0.499589171110213,0.13228675540646,1,0.86771324459354,,TRUE,"one_inflated_beta_report",-0.738084231393716,52,"unlabelled_projection","",FALSE,FALSE,FALSE,FALSE,TRUE,TRUE,FALSE,"integration",2,"joint_bb","Null","record_equal","39dd0cc3a6b9d732d6851529ea6d93d510563b96056436f4f2493e971413d8b7","INTEGRATION_TEST_ONLY"
"synthetic_08","SYN_8_4","SYNEXP_8_4","SYNTHETIC_UNEQUAL_V32","count",1,0.818181818181818,,0.499589171110213,0.0909090909090909,0.909090909090909,0.818181818181818,TRUE,,"beta_binomial_at_observed_Total",-2.62518081480475,53,"unlabelled_projection","",FALSE,FALSE,FALSE,FALSE,TRUE,TRUE,FALSE,"integration",2,"joint_bb","Null","record_equal","39dd0cc3a6b9d732d6851529ea6d93d510563b96056436f4f2493e971413d8b7","INTEGRATION_TEST_ONLY"
"synthetic_08","SYN_8_5","SYNEXP_8_5","SYNTHETIC_UNEQUAL_V32","exact",0,0.15,,0.499589171110213,0.11523717542359,1,0.88476282457641,TRUE,,"one_inflated_beta_report",-0.417740859360741,54,"unlabelled_projection","",FALSE,FALSE,FALSE,FALSE,TRUE,TRUE,FALSE,"integration",2,"joint_bb","Null","record_equal","39dd0cc3a6b9d732d6851529ea6d93d510563b96056436f4f2493e971413d8b7","INTEGRATION_TEST_ONLY"
"synthetic_08","SYN_8_6","SYNEXP_8_6","SYNTHETIC_UNEQUAL_V32","interval",,,,0.499589171110213,0.0925577593076482,0.922392439172203,0.829834679864555,,TRUE,"one_inflated_beta_report",-0.738084231393716,55,"unlabelled_projection","",FALSE,FALSE,FALSE,FALSE,TRUE,TRUE,FALSE,"integration",2,"joint_bb","Null","record_equal","39dd0cc3a6b9d732d6851529ea6d93d510563b96056436f4f2493e971413d8b7","INTEGRATION_TEST_ONLY"
"synthetic_08","SYN_8_7","SYNEXP_8_7","SYNTHETIC_UNEQUAL_V32","count",0,0.285714285714286,,0.499589171110213,0,1,1,TRUE,,"beta_binomial_at_observed_Total",-1.84617592663644,56,"unlabelled_projection","",FALSE,FALSE,FALSE,FALSE,TRUE,TRUE,FALSE,"integration",2,"joint_bb","Null","record_equal","39dd0cc3a6b9d732d6851529ea6d93d510563b96056436f4f2493e971413d8b7","INTEGRATION_TEST_ONLY"
"synthetic_08","SYN_8_8","SYNEXP_8_8","SYNTHETIC_UNEQUAL_V32","exact",1,0.85,,0.499589171110213,0.108573591271106,1,0.891426408728894,TRUE,,"one_inflated_beta_report",-0.719569489977151,57,"unlabelled_projection","",FALSE,FALSE,FALSE,FALSE,TRUE,TRUE,FALSE,"integration",2,"joint_bb","Null","record_equal","39dd0cc3a6b9d732d6851529ea6d93d510563b96056436f4f2493e971413d8b7","INTEGRATION_TEST_ONLY"
"synthetic_08","SYN_8_9","SYNEXP_8_9","SYNTHETIC_UNEQUAL_V32","interval",,,,0.499589171110213,0.140483810731485,1,0.859516189268515,,TRUE,"one_inflated_beta_report",-0.738084231393716,58,"unlabelled_projection","",FALSE,FALSE,FALSE,FALSE,TRUE,TRUE,FALSE,"integration",2,"joint_bb","Null","record_equal","39dd0cc3a6b9d732d6851529ea6d93d510563b96056436f4f2493e971413d8b7","INTEGRATION_TEST_ONLY"
"synthetic_08","SYN_8_10","SYNEXP_8_10","SYNTHETIC_UNEQUAL_V32","count",1,0.6,,0.499589171110213,0.1,0.9,0.8,TRUE,,"beta_binomial_at_observed_Total",-1.95604187425964,59,"unlabelled_projection","",FALSE,FALSE,FALSE,FALSE,TRUE,TRUE,FALSE,"integration",2,"joint_bb","Null","record_equal","39dd0cc3a6b9d732d6851529ea6d93d510563b96056436f4f2493e971413d8b7","INTEGRATION_TEST_ONLY"
"synthetic_08","SYN_8_11","SYNEXP_8_11","SYNTHETIC_UNEQUAL_V32","exact",0,0.35,,0.499589171110213,0.112617704379124,1,0.887382295620876,TRUE,,"one_inflated_beta_report",0.410549345738165,60,"unlabelled_projection","",FALSE,FALSE,FALSE,FALSE,TRUE,TRUE,FALSE,"integration",2,"joint_bb","Null","record_equal","39dd0cc3a6b9d732d6851529ea6d93d510563b96056436f4f2493e971413d8b7","INTEGRATION_TEST_ONLY"
"synthetic_09","SYN_9_1","SYNEXP_9_1","SYNTHETIC_UNEQUAL_V32","count",1,0.666666666666667,,0.499589171110213,0.0527777777777779,0.888888888888889,0.836111111111111,TRUE,,"beta_binomial_at_observed_Total",-1.96994477462451,61,"unlabelled_projection","",TRUE,FALSE,FALSE,FALSE,TRUE,TRUE,FALSE,"integration",2,"joint_bb","Null","record_equal","39dd0cc3a6b9d732d6851529ea6d93d510563b96056436f4f2493e971413d8b7","INTEGRATION_TEST_ONLY"
"synthetic_09","SYN_9_2","SYNEXP_9_2","SYNTHETIC_UNEQUAL_V32","exact",0,0.35,,0.499589171110213,0.11232493075153,1,0.88767506924847,TRUE,,"one_inflated_beta_report",0.410549345738165,62,"unlabelled_projection","",TRUE,FALSE,FALSE,FALSE,TRUE,TRUE,FALSE,"integration",2,"joint_bb","Null","record_equal","39dd0cc3a6b9d732d6851529ea6d93d510563b96056436f4f2493e971413d8b7","INTEGRATION_TEST_ONLY"
"synthetic_09","SYN_9_3","SYNEXP_9_3","SYNTHETIC_UNEQUAL_V32","interval",,,,0.499589171110213,0.0876599236986373,1,0.912340076301363,,TRUE,"one_inflated_beta_report",-0.738084231393716,63,"unlabelled_projection","",TRUE,FALSE,FALSE,FALSE,TRUE,TRUE,FALSE,"integration",2,"joint_bb","Null","record_equal","39dd0cc3a6b9d732d6851529ea6d93d510563b96056436f4f2493e971413d8b7","INTEGRATION_TEST_ONLY"
"synthetic_09","SYN_9_4","SYNEXP_9_4","SYNTHETIC_UNEQUAL_V32","count",0,0.166666666666667,,0.499589171110213,0.0833333333333333,0.916666666666667,0.833333333333333,TRUE,,"beta_binomial_at_observed_Total",-2.79432862303565,64,"unlabelled_projection","",TRUE,FALSE,FALSE,FALSE,TRUE,TRUE,FALSE,"integration",2,"joint_bb","Null","record_equal","39dd0cc3a6b9d732d6851529ea6d93d510563b96056436f4f2493e971413d8b7","INTEGRATION_TEST_ONLY"
"synthetic_09","SYN_9_5","SYNEXP_9_5","SYNTHETIC_UNEQUAL_V32","exact",1,0.65,,0.499589171110213,0.0976789400765218,0.977536758641016,0.879857818564494,TRUE,,"one_inflated_beta_report",0.295892312084997,65,"unlabelled_projection","",TRUE,FALSE,FALSE,FALSE,TRUE,TRUE,FALSE,"integration",2,"joint_bb","Null","record_equal","39dd0cc3a6b9d732d6851529ea6d93d510563b96056436f4f2493e971413d8b7","INTEGRATION_TEST_ONLY"
"synthetic_09","SYN_9_6","SYNEXP_9_6","SYNTHETIC_UNEQUAL_V32","interval",,,,0.499589171110213,0.148962767791356,1,0.851037232208644,,TRUE,"one_inflated_beta_report",-0.738084231393716,66,"unlabelled_projection","",TRUE,FALSE,FALSE,FALSE,TRUE,TRUE,FALSE,"integration",2,"joint_bb","Null","record_equal","39dd0cc3a6b9d732d6851529ea6d93d510563b96056436f4f2493e971413d8b7","INTEGRATION_TEST_ONLY"
"synthetic_09","SYN_9_7","SYNEXP_9_7","SYNTHETIC_UNEQUAL_V32","count",1,0.875,,0.499589171110213,0,1,1,TRUE,,"beta_binomial_at_observed_Total",-2.50759058767145,67,"unlabelled_projection","",TRUE,FALSE,FALSE,FALSE,TRUE,TRUE,FALSE,"integration",2,"joint_bb","Null","record_equal","39dd0cc3a6b9d732d6851529ea6d93d510563b96056436f4f2493e971413d8b7","INTEGRATION_TEST_ONLY"
"synthetic_09","SYN_9_8","SYNEXP_9_8","SYNTHETIC_UNEQUAL_V32","exact",0,0.15,,0.499589171110213,0.125605660990435,1,0.874394339009565,TRUE,,"one_inflated_beta_report",-0.417740859360741,68,"unlabelled_projection","",TRUE,FALSE,FALSE,FALSE,TRUE,TRUE,FALSE,"integration",2,"joint_bb","Null","record_equal","39dd0cc3a6b9d732d6851529ea6d93d510563b96056436f4f2493e971413d8b7","INTEGRATION_TEST_ONLY"
"synthetic_09","SYN_9_9","SYNEXP_9_9","SYNTHETIC_UNEQUAL_V32","interval",,,,0.499589171110213,0.118499512446971,0.969032750119114,0.850533237672143,,TRUE,"one_inflated_beta_report",-0.738084231393716,69,"unlabelled_projection","",TRUE,FALSE,FALSE,FALSE,TRUE,TRUE,FALSE,"integration",2,"joint_bb","Null","record_equal","39dd0cc3a6b9d732d6851529ea6d93d510563b96056436f4f2493e971413d8b7","INTEGRATION_TEST_ONLY"
"synthetic_09","SYN_9_10","SYNEXP_9_10","SYNTHETIC_UNEQUAL_V32","count",0,0.363636363636364,,0.499589171110213,0.0909090909090909,0.909090909090909,0.818181818181818,TRUE,,"beta_binomial_at_observed_Total",-2.08467191701671,70,"unlabelled_projection","",TRUE,FALSE,FALSE,FALSE,TRUE,TRUE,FALSE,"integration",2,"joint_bb","Null","record_equal","39dd0cc3a6b9d732d6851529ea6d93d510563b96056436f4f2493e971413d8b7","INTEGRATION_TEST_ONLY"
"synthetic_09","SYN_9_11","SYNEXP_9_11","SYNTHETIC_UNEQUAL_V32","exact",1,0.85,,0.499589171110213,0.126349226468192,1,0.873650773531808,TRUE,,"one_inflated_beta_report",-0.719569489977151,71,"unlabelled_projection","",TRUE,FALSE,FALSE,FALSE,TRUE,TRUE,FALSE,"integration",2,"joint_bb","Null","record_equal","39dd0cc3a6b9d732d6851529ea6d93d510563b96056436f4f2493e971413d8b7","INTEGRATION_TEST_ONLY"
"synthetic_09","SYN_9_12","SYNEXP_9_12","SYNTHETIC_UNEQUAL_V32","interval",,,,0.499589171110213,0.100917724112612,1,0.899082275887388,,TRUE,"one_inflated_beta_report",-0.738084231393716,72,"unlabelled_projection","",TRUE,FALSE,FALSE,FALSE,TRUE,TRUE,FALSE,"integration",2,"joint_bb","Null","record_equal","39dd0cc3a6b9d732d6851529ea6d93d510563b96056436f4f2493e971413d8b7","INTEGRATION_TEST_ONLY"
"synthetic_10","SYN_10_1","SYNEXP_10_1","SYNTHETIC_UNEQUAL_V32","count",0,0.4,,0.499589171110213,0,0.952499999999998,0.952499999999998,TRUE,,"beta_binomial_at_observed_Total",-1.95458703153485,73,"unlabelled_projection","",FALSE,FALSE,FALSE,FALSE,TRUE,TRUE,FALSE,"integration",2,"joint_bb","Null","record_equal","39dd0cc3a6b9d732d6851529ea6d93d510563b96056436f4f2493e971413d8b7","INTEGRATION_TEST_ONLY"
"synthetic_10","SYN_10_2","SYNEXP_10_2","SYNTHETIC_UNEQUAL_V32","exact",1,0.85,,0.499589171110213,0.125463051213435,1,0.874536948786565,TRUE,,"one_inflated_beta_report",-0.719569489977151,74,"unlabelled_projection","",FALSE,FALSE,FALSE,FALSE,TRUE,TRUE,FALSE,"integration",2,"joint_bb","Null","record_equal","39dd0cc3a6b9d732d6851529ea6d93d510563b96056436f4f2493e971413d8b7","INTEGRATION_TEST_ONLY"
"synthetic_10","SYN_10_3","SYNEXP_10_3","SYNTHETIC_UNEQUAL_V32","interval",,,,0.499589171110213,0.12285595225156,0.971681766536804,0.848825814285244,,TRUE,"one_inflated_beta_report",-0.738084231393716,75,"unlabelled_projection","",FALSE,FALSE,FALSE,FALSE,TRUE,TRUE,FALSE,"integration",2,"joint_bb","Null","record_equal","39dd0cc3a6b9d732d6851529ea6d93d510563b96056436f4f2493e971413d8b7","INTEGRATION_TEST_ONLY"
"synthetic_10","SYN_10_4","SYNEXP_10_4","SYNTHETIC_UNEQUAL_V32","count",1,0.666666666666667,,0.499589171110213,0,1,1,TRUE,,"beta_binomial_at_observed_Total",-1.63708285524312,76,"unlabelled_projection","",FALSE,FALSE,FALSE,FALSE,TRUE,TRUE,FALSE,"integration",2,"joint_bb","Null","record_equal","39dd0cc3a6b9d732d6851529ea6d93d510563b96056436f4f2493e971413d8b7","INTEGRATION_TEST_ONLY"
"synthetic_10","SYN_10_5","SYNEXP_10_5","SYNTHETIC_UNEQUAL_V32","exact",0,0.35,,0.499589171110213,0.0927386227578351,0.977577561461993,0.884838938704158,TRUE,,"one_inflated_beta_report",0.410549345738165,77,"unlabelled_projection","",FALSE,FALSE,FALSE,FALSE,TRUE,TRUE,FALSE,"integration",2,"joint_bb","Null","record_equal","39dd0cc3a6b9d732d6851529ea6d93d510563b96056436f4f2493e971413d8b7","INTEGRATION_TEST_ONLY"
"synthetic_10","SYN_10_6","SYNEXP_10_6","SYNTHETIC_UNEQUAL_V32","interval",,,,0.499589171110213,0.102490600322516,1,0.897509399677484,,TRUE,"one_inflated_beta_report",-0.738084231393716,78,"unlabelled_projection","",FALSE,FALSE,FALSE,FALSE,TRUE,TRUE,FALSE,"integration",2,"joint_bb","Null","record_equal","39dd0cc3a6b9d732d6851529ea6d93d510563b96056436f4f2493e971413d8b7","INTEGRATION_TEST_ONLY"
"synthetic_10","SYN_10_7","SYNEXP_10_7","SYNTHETIC_UNEQUAL_V32","count",0,0.111111111111111,,0.499589171110213,0.111111111111111,1,0.888888888888889,TRUE,,"beta_binomial_at_observed_Total",-2.72449590918486,79,"unlabelled_projection","",FALSE,FALSE,FALSE,FALSE,TRUE,TRUE,FALSE,"integration",2,"joint_bb","Null","record_equal","39dd0cc3a6b9d732d6851529ea6d93d510563b96056436f4f2493e971413d8b7","INTEGRATION_TEST_ONLY"
"synthetic_10","SYN_10_8","SYNEXP_10_8","SYNTHETIC_UNEQUAL_V32","exact",1,0.65,,0.499589171110213,0.126594109773434,1,0.873405890226566,TRUE,,"one_inflated_beta_report",0.295892312084997,80,"unlabelled_projection","",FALSE,FALSE,FALSE,FALSE,TRUE,TRUE,FALSE,"integration",2,"joint_bb","Null","record_equal","39dd0cc3a6b9d732d6851529ea6d93d510563b96056436f4f2493e971413d8b7","INTEGRATION_TEST_ONLY"
"synthetic_10","SYN_10_9","SYNEXP_10_9","SYNTHETIC_UNEQUAL_V32","interval",,,,0.499589171110213,0.114978397744063,1,0.885021602255937,,TRUE,"one_inflated_beta_report",-0.738084231393716,81,"unlabelled_projection","",FALSE,FALSE,FALSE,FALSE,TRUE,TRUE,FALSE,"integration",2,"joint_bb","Null","record_equal","39dd0cc3a6b9d732d6851529ea6d93d510563b96056436f4f2493e971413d8b7","INTEGRATION_TEST_ONLY"
"synthetic_10","SYN_10_10","SYNEXP_10_10","SYNTHETIC_UNEQUAL_V32","count",1,0.833333333333333,,0.499589171110213,0.0833333333333333,0.916666666666667,0.833333333333333,TRUE,,"beta_binomial_at_observed_Total",-2.79572879262212,82,"unlabelled_projection","",FALSE,FALSE,FALSE,FALSE,TRUE,TRUE,FALSE,"integration",2,"joint_bb","Null","record_equal","39dd0cc3a6b9d732d6851529ea6d93d510563b96056436f4f2493e971413d8b7","INTEGRATION_TEST_ONLY"
"synthetic_10","SYN_10_11","SYNEXP_10_11","SYNTHETIC_UNEQUAL_V32","exact",0,0.15,,0.499589171110213,0.126329377157062,1,0.873670622842938,TRUE,,"one_inflated_beta_report",-0.417740859360741,83,"unlabelled_projection","",FALSE,FALSE,FALSE,FALSE,TRUE,TRUE,FALSE,"integration",2,"joint_bb","Null","record_equal","39dd0cc3a6b9d732d6851529ea6d93d510563b96056436f4f2493e971413d8b7","INTEGRATION_TEST_ONLY"
"synthetic_10","SYN_10_12","SYNEXP_10_12","SYNTHETIC_UNEQUAL_V32","interval",,,,0.499589171110213,0.113268862454862,1,0.886731137545138,,TRUE,"one_inflated_beta_report",-0.738084231393716,84,"unlabelled_projection","",FALSE,FALSE,FALSE,FALSE,TRUE,TRUE,FALSE,"integration",2,"joint_bb","Null","record_equal","39dd0cc3a6b9d732d6851529ea6d93d510563b96056436f4f2493e971413d8b7","INTEGRATION_TEST_ONLY"
"synthetic_10","SYN_10_13","SYNEXP_10_13","SYNTHETIC_UNEQUAL_V32","count",0,0.375,,0.499589171110213,0,1,1,TRUE,,"beta_binomial_at_observed_Total",-1.80648227568115,85,"unlabelled_projection","",FALSE,FALSE,FALSE,FALSE,TRUE,TRUE,FALSE,"integration",2,"joint_bb","Null","record_equal","39dd0cc3a6b9d732d6851529ea6d93d510563b96056436f4f2493e971413d8b7","INTEGRATION_TEST_ONLY"
"synthetic_11","SYN_11_1","SYNEXP_11_1","SYNTHETIC_UNEQUAL_V32","count",1,0.818181818181818,,0.499589171110213,0.0909090909090909,0.909090909090909,0.818181818181818,TRUE,,"beta_binomial_at_observed_Total",-2.62518081480475,86,"unlabelled_projection","",TRUE,FALSE,FALSE,FALSE,TRUE,TRUE,FALSE,"integration",2,"joint_bb","Null","record_equal","39dd0cc3a6b9d732d6851529ea6d93d510563b96056436f4f2493e971413d8b7","INTEGRATION_TEST_ONLY"
"synthetic_11","SYN_11_2","SYNEXP_11_2","SYNTHETIC_UNEQUAL_V32","exact",0,0.15,,0.499589171110213,0.120254751049651,1,0.879745248950349,TRUE,,"one_inflated_beta_report",-0.417740859360741,87,"unlabelled_projection","",TRUE,FALSE,FALSE,FALSE,TRUE,TRUE,FALSE,"integration",2,"joint_bb","Null","record_equal","39dd0cc3a6b9d732d6851529ea6d93d510563b96056436f4f2493e971413d8b7","INTEGRATION_TEST_ONLY"
"synthetic_11","SYN_11_3","SYNEXP_11_3","SYNTHETIC_UNEQUAL_V32","interval",,,,0.499589171110213,0.11303564283496,0.88931345637843,0.77627781354347,,TRUE,"one_inflated_beta_report",-0.738084231393716,88,"unlabelled_projection","",TRUE,FALSE,FALSE,FALSE,TRUE,TRUE,FALSE,"integration",2,"joint_bb","Null","record_equal","39dd0cc3a6b9d732d6851529ea6d93d510563b96056436f4f2493e971413d8b7","INTEGRATION_TEST_ONLY"
"synthetic_11","SYN_11_4","SYNEXP_11_4","SYNTHETIC_UNEQUAL_V32","count",0,0.285714285714286,,0.499589171110213,0,1,1,TRUE,,"beta_binomial_at_observed_Total",-1.84617592663644,89,"unlabelled_projection","",TRUE,FALSE,FALSE,FALSE,TRUE,TRUE,FALSE,"integration",2,"joint_bb","Null","record_equal","39dd0cc3a6b9d732d6851529ea6d93d510563b96056436f4f2493e971413d8b7","INTEGRATION_TEST_ONLY"
"synthetic_11","SYN_11_5","SYNEXP_11_5","SYNTHETIC_UNEQUAL_V32","exact",1,0.85,,0.499589171110213,0.105204019374774,1,0.894795980625226,TRUE,,"one_inflated_beta_report",-0.719569489977151,90,"unlabelled_projection","",TRUE,FALSE,FALSE,FALSE,TRUE,TRUE,FALSE,"integration",2,"joint_bb","Null","record_equal","39dd0cc3a6b9d732d6851529ea6d93d510563b96056436f4f2493e971413d8b7","INTEGRATION_TEST_ONLY"
"synthetic_11","SYN_11_6","SYNEXP_11_6","SYNTHETIC_UNEQUAL_V32","interval",,,,0.499589171110213,0.101551804870717,0.975004364443715,0.873452559572998,,TRUE,"one_inflated_beta_report",-0.738084231393716,91,"unlabelled_projection","",TRUE,FALSE,FALSE,FALSE,TRUE,TRUE,FALSE,"integration",2,"joint_bb","Null","record_equal","39dd0cc3a6b9d732d6851529ea6d93d510563b96056436f4f2493e971413d8b7","INTEGRATION_TEST_ONLY"
"synthetic_11","SYN_11_7","SYNEXP_11_7","SYNTHETIC_UNEQUAL_V32","count",1,0.6,,0.499589171110213,0.1,0.9,0.8,TRUE,,"beta_binomial_at_observed_Total",-1.95604187425964,92,"unlabelled_projection","",TRUE,FALSE,FALSE,FALSE,TRUE,TRUE,FALSE,"integration",2,"joint_bb","Null","record_equal","39dd0cc3a6b9d732d6851529ea6d93d510563b96056436f4f2493e971413d8b7","INTEGRATION_TEST_ONLY"
"synthetic_11","SYN_11_8","SYNEXP_11_8","SYNTHETIC_UNEQUAL_V32","exact",0,0.35,,0.499589171110213,0.124722850326609,0.977135573479638,0.852412723153029,TRUE,,"one_inflated_beta_report",0.410549345738165,93,"unlabelled_projection","",TRUE,FALSE,FALSE,FALSE,TRUE,TRUE,FALSE,"integration",2,"joint_bb","Null","record_equal","39dd0cc3a6b9d732d6851529ea6d93d510563b96056436f4f2493e971413d8b7","INTEGRATION_TEST_ONLY"
"synthetic_11","SYN_11_9","SYNEXP_11_9","SYNTHETIC_UNEQUAL_V32","interval",,,,0.499589171110213,0.11216636405565,1,0.88783363594435,,TRUE,"one_inflated_beta_report",-0.738084231393716,94,"unlabelled_projection","",TRUE,FALSE,FALSE,FALSE,TRUE,TRUE,FALSE,"integration",2,"joint_bb","Null","record_equal","39dd0cc3a6b9d732d6851529ea6d93d510563b96056436f4f2493e971413d8b7","INTEGRATION_TEST_ONLY"
"synthetic_11","SYN_11_10","SYNEXP_11_10","SYNTHETIC_UNEQUAL_V32","count",0,0.166666666666667,,0.499589171110213,0,1,1,TRUE,,"beta_binomial_at_observed_Total",-2.01112465296682,95,"unlabelled_projection","",TRUE,FALSE,FALSE,FALSE,TRUE,TRUE,FALSE,"integration",2,"joint_bb","Null","record_equal","39dd0cc3a6b9d732d6851529ea6d93d510563b96056436f4f2493e971413d8b7","INTEGRATION_TEST_ONLY"
"synthetic_11","SYN_11_11","SYNEXP_11_11","SYNTHETIC_UNEQUAL_V32","exact",1,0.65,,0.499589171110213,0.108505666417816,1,0.891494333582184,TRUE,,"one_inflated_beta_report",0.295892312084997,96,"unlabelled_projection","",TRUE,FALSE,FALSE,FALSE,TRUE,TRUE,FALSE,"integration",2,"joint_bb","Null","record_equal","39dd0cc3a6b9d732d6851529ea6d93d510563b96056436f4f2493e971413d8b7","INTEGRATION_TEST_ONLY"
"synthetic_11","SYN_11_12","SYNEXP_11_12","SYNTHETIC_UNEQUAL_V32","interval",,,,0.499589171110213,0.118150482992911,1,0.881849517007089,,TRUE,"one_inflated_beta_report",-0.738084231393716,97,"unlabelled_projection","",TRUE,FALSE,FALSE,FALSE,TRUE,TRUE,FALSE,"integration",2,"joint_bb","Null","record_equal","39dd0cc3a6b9d732d6851529ea6d93d510563b96056436f4f2493e971413d8b7","INTEGRATION_TEST_ONLY"
"synthetic_11","SYN_11_13","SYNEXP_11_13","SYNTHETIC_UNEQUAL_V32","count",1,0.888888888888889,,0.499589171110213,0,1,1,TRUE,,"beta_binomial_at_observed_Total",-2.72698114074005,98,"unlabelled_projection","",TRUE,FALSE,FALSE,FALSE,TRUE,TRUE,FALSE,"integration",2,"joint_bb","Null","record_equal","39dd0cc3a6b9d732d6851529ea6d93d510563b96056436f4f2493e971413d8b7","INTEGRATION_TEST_ONLY"
"synthetic_11","SYN_11_14","SYNEXP_11_14","SYNTHETIC_UNEQUAL_V32","exact",1,1,,0.499589171110213,0.130881962972659,1,0.869118037027341,TRUE,,"one_inflated_beta_report",-3.4088013759513,99,"unlabelled_projection","",TRUE,FALSE,FALSE,FALSE,TRUE,TRUE,FALSE,"integration",2,"joint_bb","Null","record_equal","39dd0cc3a6b9d732d6851529ea6d93d510563b96056436f4f2493e971413d8b7","INTEGRATION_TEST_ONLY"
"synthetic_12","SYN_12_1","SYNEXP_12_1","SYNTHETIC_UNEQUAL_V32","interval",,,,0.499589171110213,0.117847161714161,1,0.882152838285839,,TRUE,"one_inflated_beta_report",-0.738084231393716,100,"unlabelled_projection","",FALSE,FALSE,FALSE,FALSE,TRUE,TRUE,FALSE,"integration",2,"joint_bb","Null","record_equal","39dd0cc3a6b9d732d6851529ea6d93d510563b96056436f4f2493e971413d8b7","INTEGRATION_TEST_ONLY"
"synthetic_12","SYN_12_2","SYNEXP_12_2","SYNTHETIC_UNEQUAL_V32","interval",,,,0.499589171110213,0.123165317286722,0.899976803380975,0.776811486094253,,TRUE,"one_inflated_beta_report",-0.738084231393716,101,"unlabelled_projection","",FALSE,FALSE,FALSE,FALSE,TRUE,TRUE,FALSE,"integration",2,"joint_bb","Null","record_equal","39dd0cc3a6b9d732d6851529ea6d93d510563b96056436f4f2493e971413d8b7","INTEGRATION_TEST_ONLY"
"synthetic_12","SYN_12_3","SYNEXP_12_3","SYNTHETIC_UNEQUAL_V32","interval",,,,0.499589171110213,0.132381055832055,1,0.867618944167945,,TRUE,"one_inflated_beta_report",-0.738084231393716,102,"unlabelled_projection","",FALSE,FALSE,FALSE,FALSE,TRUE,TRUE,FALSE,"integration",2,"joint_bb","Null","record_equal","39dd0cc3a6b9d732d6851529ea6d93d510563b96056436f4f2493e971413d8b7","INTEGRATION_TEST_ONLY"
"synthetic_12","SYN_12_4","SYNEXP_12_4","SYNTHETIC_UNEQUAL_V32","interval",,,,0.499589171110213,0.11981826038524,0.922644234336335,0.802825973951094,,TRUE,"one_inflated_beta_report",-0.738084231393716,103,"unlabelled_projection","",FALSE,FALSE,FALSE,FALSE,TRUE,TRUE,FALSE,"integration",2,"joint_bb","Null","record_equal","39dd0cc3a6b9d732d6851529ea6d93d510563b96056436f4f2493e971413d8b7","INTEGRATION_TEST_ONLY"
"synthetic_12","SYN_12_5","SYNEXP_12_5","SYNTHETIC_UNEQUAL_V32","interval",,,,0.499589171110213,0.135311778726213,1,0.864688221273787,,TRUE,"one_inflated_beta_report",-0.738084231393716,104,"unlabelled_projection","",FALSE,FALSE,FALSE,FALSE,TRUE,TRUE,FALSE,"integration",2,"joint_bb","Null","record_equal","39dd0cc3a6b9d732d6851529ea6d93d510563b96056436f4f2493e971413d8b7","INTEGRATION_TEST_ONLY"
"synthetic_12","SYN_12_6","SYNEXP_12_6","SYNTHETIC_UNEQUAL_V32","interval",,,,0.499589171110213,0.107873944770535,0.962188957788149,0.854315013017614,,TRUE,"one_inflated_beta_report",-0.738084231393716,105,"unlabelled_projection","",FALSE,FALSE,FALSE,FALSE,TRUE,TRUE,FALSE,"integration",2,"joint_bb","Null","record_equal","39dd0cc3a6b9d732d6851529ea6d93d510563b96056436f4f2493e971413d8b7","INTEGRATION_TEST_ONLY"
"synthetic_12","SYN_12_7","SYNEXP_12_7","SYNTHETIC_UNEQUAL_V32","interval",,,,0.499589171110213,0.0927082994682084,1,0.907291700531792,,TRUE,"one_inflated_beta_report",-0.738084231393716,106,"unlabelled_projection","",FALSE,FALSE,FALSE,FALSE,TRUE,TRUE,FALSE,"integration",2,"joint_bb","Null","record_equal","39dd0cc3a6b9d732d6851529ea6d93d510563b96056436f4f2493e971413d8b7","INTEGRATION_TEST_ONLY"
"synthetic_12","SYN_12_8","SYNEXP_12_8","SYNTHETIC_UNEQUAL_V32","interval",,,,0.499589171110213,0.103085912923528,0.953853945004138,0.850768032080611,,TRUE,"one_inflated_beta_report",-0.738084231393716,107,"unlabelled_projection","",FALSE,FALSE,FALSE,FALSE,TRUE,TRUE,FALSE,"integration",2,"joint_bb","Null","record_equal","39dd0cc3a6b9d732d6851529ea6d93d510563b96056436f4f2493e971413d8b7","INTEGRATION_TEST_ONLY"
"synthetic_12","SYN_12_9","SYNEXP_12_9","SYNTHETIC_UNEQUAL_V32","interval",,,,0.499589171110213,0.124772570964717,1,0.875227429035283,,TRUE,"one_inflated_beta_report",-0.738084231393716,108,"unlabelled_projection","",FALSE,FALSE,FALSE,FALSE,TRUE,TRUE,FALSE,"integration",2,"joint_bb","Null","record_equal","39dd0cc3a6b9d732d6851529ea6d93d510563b96056436f4f2493e971413d8b7","INTEGRATION_TEST_ONLY"
"synthetic_12","SYN_12_10","SYNEXP_12_10","SYNTHETIC_UNEQUAL_V32","interval",,,,0.499589171110213,0.103235029685847,0.937333293222873,0.834098263537026,,TRUE,"one_inflated_beta_report",-0.738084231393716,109,"unlabelled_projection","",FALSE,FALSE,FALSE,FALSE,TRUE,TRUE,FALSE,"integration",2,"joint_bb","Null","record_equal","39dd0cc3a6b9d732d6851529ea6d93d510563b96056436f4f2493e971413d8b7","INTEGRATION_TEST_ONLY"
"synthetic_12","SYN_12_11","SYNEXP_12_11","SYNTHETIC_UNEQUAL_V32","interval",,,,0.499589171110213,0.104491832702424,0.890627579979901,0.786135747277476,,TRUE,"one_inflated_beta_report",-0.738084231393716,110,"unlabelled_projection","",FALSE,FALSE,FALSE,FALSE,TRUE,TRUE,FALSE,"integration",2,"joint_bb","Null","record_equal","39dd0cc3a6b9d732d6851529ea6d93d510563b96056436f4f2493e971413d8b7","INTEGRATION_TEST_ONLY"
"synthetic_12","SYN_12_12","SYNEXP_12_12","SYNTHETIC_UNEQUAL_V32","interval",,,,0.499589171110213,0.114276575440779,0.99002173099378,0.875745155553001,,TRUE,"one_inflated_beta_report",-0.738084231393716,111,"unlabelled_projection","",FALSE,FALSE,FALSE,FALSE,TRUE,TRUE,FALSE,"integration",2,"joint_bb","Null","record_equal","39dd0cc3a6b9d732d6851529ea6d93d510563b96056436f4f2493e971413d8b7","INTEGRATION_TEST_ONLY"
"synthetic_12","SYN_12_13","SYNEXP_12_13","SYNTHETIC_UNEQUAL_V32","interval",,,,0.499589171110213,0.11464939575409,0.929403599551267,0.814754203797177,,TRUE,"one_inflated_beta_report",-0.738084231393716,112,"unlabelled_projection","",FALSE,FALSE,FALSE,FALSE,TRUE,TRUE,FALSE,"integration",2,"joint_bb","Null","record_equal","39dd0cc3a6b9d732d6851529ea6d93d510563b96056436f4f2493e971413d8b7","INTEGRATION_TEST_ONLY"
"synthetic_12","SYN_12_14","SYNEXP_12_14","SYNTHETIC_UNEQUAL_V32","interval",,,,0.499589171110213,0.115262180252275,1,0.884737819747725,,TRUE,"one_inflated_beta_report",-0.738084231393716,113,"unlabelled_projection","",FALSE,FALSE,FALSE,FALSE,TRUE,TRUE,FALSE,"integration",2,"joint_bb","Null","record_equal","39dd0cc3a6b9d732d6851529ea6d93d510563b96056436f4f2493e971413d8b7","INTEGRATION_TEST_ONLY"
"synthetic_12","SYN_12_15","SYNEXP_12_15","SYNTHETIC_UNEQUAL_V32","interval",,,,0.499589171110213,0.10029765922076,1,0.89970234077924,,TRUE,"one_inflated_beta_report",-0.738084231393716,114,"unlabelled_projection","",FALSE,FALSE,FALSE,FALSE,TRUE,TRUE,FALSE,"integration",2,"joint_bb","Null","record_equal","39dd0cc3a6b9d732d6851529ea6d93d510563b96056436f4f2493e971413d8b7","INTEGRATION_TEST_ONLY"
"synthetic_01","SYN_1_1","SYNEXP_1_1","SYNTHETIC_UNEQUAL_V32","count",1,0.625,,0.511198986702003,0,1,1,TRUE,,"beta_binomial_at_observed_Total",-1.85024732393912,1,"unlabelled_projection","",FALSE,FALSE,FALSE,FALSE,TRUE,TRUE,FALSE,"integration",1,"joint_bb","Null","species_equal","47a6d4c9a3f65c764f95170827ed2ccaf18b71b2d05b473a01007b5085999fd4","INTEGRATION_TEST_ONLY"
"synthetic_01","SYN_1_2","SYNEXP_1_2","SYNTHETIC_UNEQUAL_V32","exact",0,0.35,,0.511198986702003,0.102227624560195,1,0.897772375439805,TRUE,,"one_inflated_beta_report",0.42408528183701,2,"unlabelled_projection","",FALSE,FALSE,FALSE,FALSE,TRUE,TRUE,FALSE,"integration",1,"joint_bb","Null","species_equal","47a6d4c9a3f65c764f95170827ed2ccaf18b71b2d05b473a01007b5085999fd4","INTEGRATION_TEST_ONLY"
"synthetic_01","SYN_1_3","SYNEXP_1_3","SYNTHETIC_UNEQUAL_V32","interval",,,,0.511198986702003,0.190872389340748,1,0.809127610659252,,TRUE,"one_inflated_beta_report",-0.665913310126532,3,"unlabelled_projection","",FALSE,FALSE,FALSE,FALSE,TRUE,TRUE,FALSE,"integration",1,"joint_bb","Null","species_equal","47a6d4c9a3f65c764f95170827ed2ccaf18b71b2d05b473a01007b5085999fd4","INTEGRATION_TEST_ONLY"
"synthetic_01","SYN_1_4","SYNEXP_1_4","SYNTHETIC_UNEQUAL_V32","count",0,0.181818181818182,,0.511198986702003,0,0.909090909090909,0.909090909090909,TRUE,,"beta_binomial_at_observed_Total",-2.61611256965519,4,"unlabelled_projection","",FALSE,FALSE,FALSE,FALSE,TRUE,TRUE,FALSE,"integration",1,"joint_bb","Null","species_equal","47a6d4c9a3f65c764f95170827ed2ccaf18b71b2d05b473a01007b5085999fd4","INTEGRATION_TEST_ONLY"
"synthetic_02","SYN_2_1","SYNEXP_2_1","SYNTHETIC_UNEQUAL_V32","count",0,0.333333333333333,,0.511198986702003,0,1,1,TRUE,,"beta_binomial_at_observed_Total",-2.04266125282421,5,"unlabelled_projection","",FALSE,FALSE,FALSE,FALSE,TRUE,TRUE,FALSE,"integration",1,"joint_bb","Null","species_equal","47a6d4c9a3f65c764f95170827ed2ccaf18b71b2d05b473a01007b5085999fd4","INTEGRATION_TEST_ONLY"
"synthetic_02","SYN_2_2","SYNEXP_2_2","SYNTHETIC_UNEQUAL_V32","exact",1,0.85,,0.511198986702003,0.143100936366587,0.94748101044464,0.804380074078054,TRUE,,"one_inflated_beta_report",-0.811655149323633,6,"unlabelled_projection","",FALSE,FALSE,FALSE,FALSE,TRUE,TRUE,FALSE,"integration",1,"joint_bb","Null","species_equal","47a6d4c9a3f65c764f95170827ed2ccaf18b71b2d05b473a01007b5085999fd4","INTEGRATION_TEST_ONLY"
"synthetic_02","SYN_2_3","SYNEXP_2_3","SYNTHETIC_UNEQUAL_V32","interval",,,,0.511198986702003,0.16103372197175,1,0.83896627802825,,TRUE,"one_inflated_beta_report",-0.665913310126532,7,"unlabelled_projection","",FALSE,FALSE,FALSE,FALSE,TRUE,TRUE,FALSE,"integration",1,"joint_bb","Null","species_equal","47a6d4c9a3f65c764f95170827ed2ccaf18b71b2d05b473a01007b5085999fd4","INTEGRATION_TEST_ONLY"
"synthetic_02","SYN_2_4","SYNEXP_2_4","SYNTHETIC_UNEQUAL_V32","count",1,0.666666666666667,,0.511198986702003,0.0833333333333333,0.916666666666667,0.833333333333333,TRUE,,"beta_binomial_at_observed_Total",-2.239962508915,8,"unlabelled_projection","",FALSE,FALSE,FALSE,FALSE,TRUE,TRUE,FALSE,"integration",1,"joint_bb","Null","species_equal","47a6d4c9a3f65c764f95170827ed2ccaf18b71b2d05b473a01007b5085999fd4","INTEGRATION_TEST_ONLY"
"synthetic_02","SYN_2_5","SYNEXP_2_5","SYNTHETIC_UNEQUAL_V32","exact",0,0.35,,0.511198986702003,0.149669757451493,1,0.850330242548507,TRUE,,"one_inflated_beta_report",0.42408528183701,9,"unlabelled_projection","",FALSE,FALSE,FALSE,FALSE,TRUE,TRUE,FALSE,"integration",1,"joint_bb","Null","species_equal","47a6d4c9a3f65c764f95170827ed2ccaf18b71b2d05b473a01007b5085999fd4","INTEGRATION_TEST_ONLY"
"synthetic_03","SYN_3_1","SYNEXP_3_1","SYNTHETIC_UNEQUAL_V32","count",1,0.8,,0.511198986702003,0.1,1,0.9,TRUE,,"beta_binomial_at_observed_Total",-2.35568963238754,10,"unlabelled_projection","",FALSE,FALSE,FALSE,FALSE,TRUE,TRUE,FALSE,"integration",1,"joint_bb","Null","species_equal","47a6d4c9a3f65c764f95170827ed2ccaf18b71b2d05b473a01007b5085999fd4","INTEGRATION_TEST_ONLY"
"synthetic_03","SYN_3_2","SYNEXP_3_2","SYNTHETIC_UNEQUAL_V32","exact",0,0.15,,0.511198986702003,0.125461842959991,1,0.874538157040009,TRUE,,"one_inflated_beta_report",-0.702157730913387,11,"unlabelled_projection","",FALSE,FALSE,FALSE,FALSE,TRUE,TRUE,FALSE,"integration",1,"joint_bb","Null","species_equal","47a6d4c9a3f65c764f95170827ed2ccaf18b71b2d05b473a01007b5085999fd4","INTEGRATION_TEST_ONLY"
"synthetic_03","SYN_3_3","SYNEXP_3_3","SYNTHETIC_UNEQUAL_V32","interval",,,,0.511198986702003,0.150638950788479,1,0.84936104921152,,TRUE,"one_inflated_beta_report",-0.665913310126532,12,"unlabelled_projection","",FALSE,FALSE,FALSE,FALSE,TRUE,TRUE,FALSE,"integration",1,"joint_bb","Null","species_equal","47a6d4c9a3f65c764f95170827ed2ccaf18b71b2d05b473a01007b5085999fd4","INTEGRATION_TEST_ONLY"
"synthetic_03","SYN_3_4","SYNEXP_3_4","SYNTHETIC_UNEQUAL_V32","count",0,0.333333333333333,,0.511198986702003,0,1,1,TRUE,,"beta_binomial_at_observed_Total",-1.70341632709805,13,"unlabelled_projection","",FALSE,FALSE,FALSE,FALSE,TRUE,TRUE,FALSE,"integration",1,"joint_bb","Null","species_equal","47a6d4c9a3f65c764f95170827ed2ccaf18b71b2d05b473a01007b5085999fd4","INTEGRATION_TEST_ONLY"
"synthetic_03","SYN_3_5","SYNEXP_3_5","SYNTHETIC_UNEQUAL_V32","exact",1,0.85,,0.511198986702003,0.165955080294106,0.871930388713761,0.705975308419655,TRUE,,"one_inflated_beta_report",-0.811655149323633,14,"unlabelled_projection","",FALSE,FALSE,FALSE,FALSE,TRUE,TRUE,FALSE,"integration",1,"joint_bb","Null","species_equal","47a6d4c9a3f65c764f95170827ed2ccaf18b71b2d05b473a01007b5085999fd4","INTEGRATION_TEST_ONLY"
"synthetic_03","SYN_3_6","SYNEXP_3_6","SYNTHETIC_UNEQUAL_V32","interval",,,,0.511198986702003,0.139492256426284,1,0.860507743573716,,TRUE,"one_inflated_beta_report",-0.665913310126532,15,"unlabelled_projection","",FALSE,FALSE,FALSE,FALSE,TRUE,TRUE,FALSE,"integration",1,"joint_bb","Null","species_equal","47a6d4c9a3f65c764f95170827ed2ccaf18b71b2d05b473a01007b5085999fd4","INTEGRATION_TEST_ONLY"
"synthetic_04","SYN_4_1","SYNEXP_4_1","SYNTHETIC_UNEQUAL_V32","count",0,0.181818181818182,,0.511198986702003,0.0909090909090909,1,0.909090909090909,TRUE,,"beta_binomial_at_observed_Total",-2.61611256965519,16,"unlabelled_projection","",FALSE,FALSE,FALSE,FALSE,TRUE,TRUE,FALSE,"integration",1,"joint_bb","Null","species_equal","47a6d4c9a3f65c764f95170827ed2ccaf18b71b2d05b473a01007b5085999fd4","INTEGRATION_TEST_ONLY"
"synthetic_04","SYN_4_2","SYNEXP_4_2","SYNTHETIC_UNEQUAL_V32","exact",1,0.65,,0.511198986702003,0.152589286330639,0.897128070862913,0.744538784532274,TRUE,,"one_inflated_beta_report",0.382883347274989,17,"unlabelled_projection","",FALSE,FALSE,FALSE,FALSE,TRUE,TRUE,FALSE,"integration",1,"joint_bb","Null","species_equal","47a6d4c9a3f65c764f95170827ed2ccaf18b71b2d05b473a01007b5085999fd4","INTEGRATION_TEST_ONLY"
"synthetic_04","SYN_4_3","SYNEXP_4_3","SYNTHETIC_UNEQUAL_V32","interval",,,,0.511198986702003,0.144956828522037,0.941275289616268,0.796318461094231,,TRUE,"one_inflated_beta_report",-0.665913310126532,18,"unlabelled_projection","",FALSE,FALSE,FALSE,FALSE,TRUE,TRUE,FALSE,"integration",1,"joint_bb","Null","species_equal","47a6d4c9a3f65c764f95170827ed2ccaf18b71b2d05b473a01007b5085999fd4","INTEGRATION_TEST_ONLY"
"synthetic_04","SYN_4_4","SYNEXP_4_4","SYNTHETIC_UNEQUAL_V32","count",1,0.857142857142857,,0.511198986702003,0,1,1,TRUE,,"beta_binomial_at_observed_Total",-2.15709986781895,19,"unlabelled_projection","",FALSE,FALSE,FALSE,FALSE,TRUE,TRUE,FALSE,"integration",1,"joint_bb","Null","species_equal","47a6d4c9a3f65c764f95170827ed2ccaf18b71b2d05b473a01007b5085999fd4","INTEGRATION_TEST_ONLY"
"synthetic_04","SYN_4_5","SYNEXP_4_5","SYNTHETIC_UNEQUAL_V32","exact",0,0.15,,0.511198986702003,0.120096739827201,1,0.879903260172799,TRUE,,"one_inflated_beta_report",-0.702157730913387,20,"unlabelled_projection","",FALSE,FALSE,FALSE,FALSE,TRUE,TRUE,FALSE,"integration",1,"joint_bb","Null","species_equal","47a6d4c9a3f65c764f95170827ed2ccaf18b71b2d05b473a01007b5085999fd4","INTEGRATION_TEST_ONLY"
"synthetic_04","SYN_4_6","SYNEXP_4_6","SYNTHETIC_UNEQUAL_V32","interval",,,,0.511198986702003,0.136424673598999,1,0.863575326401001,,TRUE,"one_inflated_beta_report",-0.665913310126532,21,"unlabelled_projection","",FALSE,FALSE,FALSE,FALSE,TRUE,TRUE,FALSE,"integration",1,"joint_bb","Null","species_equal","47a6d4c9a3f65c764f95170827ed2ccaf18b71b2d05b473a01007b5085999fd4","INTEGRATION_TEST_ONLY"
"synthetic_04","SYN_4_7","SYNEXP_4_7","SYNTHETIC_UNEQUAL_V32","count",0,0.4,,0.511198986702003,0.1,1,0.9,TRUE,,"beta_binomial_at_observed_Total",-2.04416058760703,22,"unlabelled_projection","",FALSE,FALSE,FALSE,FALSE,TRUE,TRUE,FALSE,"integration",1,"joint_bb","Null","species_equal","47a6d4c9a3f65c764f95170827ed2ccaf18b71b2d05b473a01007b5085999fd4","INTEGRATION_TEST_ONLY"
"synthetic_05","SYN_5_1","SYNEXP_5_1","SYNTHETIC_UNEQUAL_V32","count",1,0.666666666666667,,0.511198986702003,0.0395833333333334,0.916666666666667,0.877083333333333,TRUE,,"beta_binomial_at_observed_Total",-2.239962508915,23,"unlabelled_projection","",FALSE,FALSE,FALSE,FALSE,TRUE,TRUE,FALSE,"integration",1,"joint_bb","Null","species_equal","47a6d4c9a3f65c764f95170827ed2ccaf18b71b2d05b473a01007b5085999fd4","INTEGRATION_TEST_ONLY"
"synthetic_05","SYN_5_2","SYNEXP_5_2","SYNTHETIC_UNEQUAL_V32","exact",0,0.35,,0.511198986702003,0.171471125502788,1,0.828528874497212,TRUE,,"one_inflated_beta_report",0.42408528183701,24,"unlabelled_projection","",FALSE,FALSE,FALSE,FALSE,TRUE,TRUE,FALSE,"integration",1,"joint_bb","Null","species_equal","47a6d4c9a3f65c764f95170827ed2ccaf18b71b2d05b473a01007b5085999fd4","INTEGRATION_TEST_ONLY"
"synthetic_05","SYN_5_3","SYNEXP_5_3","SYNTHETIC_UNEQUAL_V32","interval",,,,0.511198986702003,0.148938957711801,0.969422265732138,0.820483308020337,,TRUE,"one_inflated_beta_report",-0.665913310126532,25,"unlabelled_projection","",FALSE,FALSE,FALSE,FALSE,TRUE,TRUE,FALSE,"integration",1,"joint_bb","Null","species_equal","47a6d4c9a3f65c764f95170827ed2ccaf18b71b2d05b473a01007b5085999fd4","INTEGRATION_TEST_ONLY"
"synthetic_05","SYN_5_4","SYNEXP_5_4","SYNTHETIC_UNEQUAL_V32","count",0,0.125,,0.511198986702003,0.125,1,0.875,TRUE,,"beta_binomial_at_observed_Total",-2.47751646675177,26,"unlabelled_projection","",FALSE,FALSE,FALSE,FALSE,TRUE,TRUE,FALSE,"integration",1,"joint_bb","Null","species_equal","47a6d4c9a3f65c764f95170827ed2ccaf18b71b2d05b473a01007b5085999fd4","INTEGRATION_TEST_ONLY"
"synthetic_05","SYN_5_5","SYNEXP_5_5","SYNTHETIC_UNEQUAL_V32","exact",1,0.65,,0.511198986702003,0.166516320943927,1,0.833483679056073,TRUE,,"one_inflated_beta_report",0.382883347274989,27,"unlabelled_projection","",FALSE,FALSE,FALSE,FALSE,TRUE,TRUE,FALSE,"integration",1,"joint_bb","Null","species_equal","47a6d4c9a3f65c764f95170827ed2ccaf18b71b2d05b473a01007b5085999fd4","INTEGRATION_TEST_ONLY"
"synthetic_05","SYN_5_6","SYNEXP_5_6","SYNTHETIC_UNEQUAL_V32","interval",,,,0.511198986702003,0.158273215050745,1,0.841726784949255,,TRUE,"one_inflated_beta_report",-0.665913310126532,28,"unlabelled_projection","",FALSE,FALSE,FALSE,FALSE,TRUE,TRUE,FALSE,"integration",1,"joint_bb","Null","species_equal","47a6d4c9a3f65c764f95170827ed2ccaf18b71b2d05b473a01007b5085999fd4","INTEGRATION_TEST_ONLY"
"synthetic_05","SYN_5_7","SYNEXP_5_7","SYNTHETIC_UNEQUAL_V32","count",1,0.818181818181818,,0.511198986702003,0.0909090909090909,1,0.909090909090909,TRUE,,"beta_binomial_at_observed_Total",-2.50806665709068,29,"unlabelled_projection","",FALSE,FALSE,FALSE,FALSE,TRUE,TRUE,FALSE,"integration",1,"joint_bb","Null","species_equal","47a6d4c9a3f65c764f95170827ed2ccaf18b71b2d05b473a01007b5085999fd4","INTEGRATION_TEST_ONLY"
"synthetic_05","SYN_5_8","SYNEXP_5_8","SYNTHETIC_UNEQUAL_V32","exact",0,0.15,,0.511198986702003,0.201492338028431,0.889147214814739,0.687654876786309,FALSE,,"one_inflated_beta_report",-0.702157730913387,30,"unlabelled_projection","",FALSE,FALSE,FALSE,FALSE,TRUE,TRUE,FALSE,"integration",1,"joint_bb","Null","species_equal","47a6d4c9a3f65c764f95170827ed2ccaf18b71b2d05b473a01007b5085999fd4","INTEGRATION_TEST_ONLY"
"synthetic_06","SYN_6_1","SYNEXP_6_1","SYNTHETIC_UNEQUAL_V32","count",0,0.333333333333333,,0.511198986702003,0,1,1,TRUE,,"beta_binomial_at_observed_Total",-1.70341632709805,31,"unlabelled_projection","",FALSE,FALSE,FALSE,FALSE,TRUE,TRUE,FALSE,"integration",1,"joint_bb","Null","species_equal","47a6d4c9a3f65c764f95170827ed2ccaf18b71b2d05b473a01007b5085999fd4","INTEGRATION_TEST_ONLY"
"synthetic_06","SYN_6_2","SYNEXP_6_2","SYNTHETIC_UNEQUAL_V32","exact",1,0.85,,0.511198986702003,0.176787854463546,1,0.823212145536454,TRUE,,"one_inflated_beta_report",-0.811655149323633,32,"unlabelled_projection","",FALSE,FALSE,FALSE,FALSE,TRUE,TRUE,FALSE,"integration",1,"joint_bb","Null","species_equal","47a6d4c9a3f65c764f95170827ed2ccaf18b71b2d05b473a01007b5085999fd4","INTEGRATION_TEST_ONLY"
"synthetic_06","SYN_6_3","SYNEXP_6_3","SYNTHETIC_UNEQUAL_V32","interval",,,,0.511198986702003,0.109773019463855,1,0.890226980536145,,TRUE,"one_inflated_beta_report",-0.665913310126532,33,"unlabelled_projection","",FALSE,FALSE,FALSE,FALSE,TRUE,TRUE,FALSE,"integration",1,"joint_bb","Null","species_equal","47a6d4c9a3f65c764f95170827ed2ccaf18b71b2d05b473a01007b5085999fd4","INTEGRATION_TEST_ONLY"
"synthetic_06","SYN_6_4","SYNEXP_6_4","SYNTHETIC_UNEQUAL_V32","count",1,0.666666666666667,,0.511198986702003,0,1,1,TRUE,,"beta_binomial_at_observed_Total",-1.99138061040646,34,"unlabelled_projection","",FALSE,FALSE,FALSE,FALSE,TRUE,TRUE,FALSE,"integration",1,"joint_bb","Null","species_equal","47a6d4c9a3f65c764f95170827ed2ccaf18b71b2d05b473a01007b5085999fd4","INTEGRATION_TEST_ONLY"
"synthetic_06","SYN_6_5","SYNEXP_6_5","SYNTHETIC_UNEQUAL_V32","exact",0,0.35,,0.511198986702003,0.142379763487513,1,0.857620236512487,TRUE,,"one_inflated_beta_report",0.42408528183701,35,"unlabelled_projection","",FALSE,FALSE,FALSE,FALSE,TRUE,TRUE,FALSE,"integration",1,"joint_bb","Null","species_equal","47a6d4c9a3f65c764f95170827ed2ccaf18b71b2d05b473a01007b5085999fd4","INTEGRATION_TEST_ONLY"
"synthetic_06","SYN_6_6","SYNEXP_6_6","SYNTHETIC_UNEQUAL_V32","interval",,,,0.511198986702003,0.127309703747311,0.903872131210429,0.776562427463117,,TRUE,"one_inflated_beta_report",-0.665913310126532,36,"unlabelled_projection","",FALSE,FALSE,FALSE,FALSE,TRUE,TRUE,FALSE,"integration",1,"joint_bb","Null","species_equal","47a6d4c9a3f65c764f95170827ed2ccaf18b71b2d05b473a01007b5085999fd4","INTEGRATION_TEST_ONLY"
"synthetic_06","SYN_6_7","SYNEXP_6_7","SYNTHETIC_UNEQUAL_V32","count",0,0.166666666666667,,0.511198986702003,0.0833333333333333,1,0.916666666666667,TRUE,,"beta_binomial_at_observed_Total",-2.7685604366343,37,"unlabelled_projection","",FALSE,FALSE,FALSE,FALSE,TRUE,TRUE,FALSE,"integration",1,"joint_bb","Null","species_equal","47a6d4c9a3f65c764f95170827ed2ccaf18b71b2d05b473a01007b5085999fd4","INTEGRATION_TEST_ONLY"
"synthetic_06","SYN_6_8","SYNEXP_6_8","SYNTHETIC_UNEQUAL_V32","exact",1,0.65,,0.511198986702003,0.151725874886331,1,0.848274125113669,TRUE,,"one_inflated_beta_report",0.382883347274989,38,"unlabelled_projection","",FALSE,FALSE,FALSE,FALSE,TRUE,TRUE,FALSE,"integration",1,"joint_bb","Null","species_equal","47a6d4c9a3f65c764f95170827ed2ccaf18b71b2d05b473a01007b5085999fd4","INTEGRATION_TEST_ONLY"
"synthetic_06","SYN_6_9","SYNEXP_6_9","SYNTHETIC_UNEQUAL_V32","interval",,,,0.511198986702003,0.161578039122059,1,0.838421960877941,,TRUE,"one_inflated_beta_report",-0.665913310126532,39,"unlabelled_projection","",FALSE,FALSE,FALSE,FALSE,TRUE,TRUE,FALSE,"integration",1,"joint_bb","Null","species_equal","47a6d4c9a3f65c764f95170827ed2ccaf18b71b2d05b473a01007b5085999fd4","INTEGRATION_TEST_ONLY"
"synthetic_07","SYN_7_1","SYNEXP_7_1","SYNTHETIC_UNEQUAL_V32","count",1,0.857142857142857,,0.495139946403013,0,1,1,TRUE,,"beta_binomial_at_observed_Total",-2.31709784669566,40,"unlabelled_projection","",FALSE,FALSE,FALSE,FALSE,TRUE,TRUE,FALSE,"integration",2,"joint_bb","Null","species_equal","6e620e732be5859082b4674d63b616eff6224bf1df1dd43c9067b2c849425c8d","INTEGRATION_TEST_ONLY"
"synthetic_07","SYN_7_2","SYNEXP_7_2","SYNTHETIC_UNEQUAL_V32","exact",0,0.15,,0.495139946403013,0.0894954900446237,1,0.910504509955376,TRUE,,"one_inflated_beta_report",-0.390207166578499,41,"unlabelled_projection","",FALSE,FALSE,FALSE,FALSE,TRUE,TRUE,FALSE,"integration",2,"joint_bb","Null","species_equal","6e620e732be5859082b4674d63b616eff6224bf1df1dd43c9067b2c849425c8d","INTEGRATION_TEST_ONLY"
"synthetic_07","SYN_7_3","SYNEXP_7_3","SYNTHETIC_UNEQUAL_V32","interval",,,,0.495139946403013,0.109202582924519,1,0.890797417075481,,TRUE,"one_inflated_beta_report",-0.736070555005067,42,"unlabelled_projection","",FALSE,FALSE,FALSE,FALSE,TRUE,TRUE,FALSE,"integration",2,"joint_bb","Null","species_equal","6e620e732be5859082b4674d63b616eff6224bf1df1dd43c9067b2c849425c8d","INTEGRATION_TEST_ONLY"
"synthetic_07","SYN_7_4","SYNEXP_7_4","SYNTHETIC_UNEQUAL_V32","count",0,0.4,,0.495139946403013,0,0.9,0.9,TRUE,,"beta_binomial_at_observed_Total",-1.92558837995369,43,"unlabelled_projection","",FALSE,FALSE,FALSE,FALSE,TRUE,TRUE,FALSE,"integration",2,"joint_bb","Null","species_equal","6e620e732be5859082b4674d63b616eff6224bf1df1dd43c9067b2c849425c8d","INTEGRATION_TEST_ONLY"
"synthetic_07","SYN_7_5","SYNEXP_7_5","SYNTHETIC_UNEQUAL_V32","exact",1,0.85,,0.495139946403013,0.0853234656394123,1,0.914676534360588,TRUE,,"one_inflated_beta_report",-0.747786545209691,44,"unlabelled_projection","",FALSE,FALSE,FALSE,FALSE,TRUE,TRUE,FALSE,"integration",2,"joint_bb","Null","species_equal","6e620e732be5859082b4674d63b616eff6224bf1df1dd43c9067b2c849425c8d","INTEGRATION_TEST_ONLY"
"synthetic_07","SYN_7_6","SYNEXP_7_6","SYNTHETIC_UNEQUAL_V32","interval",,,,0.495139946403013,0.101685972271316,1,0.898314027728684,,TRUE,"one_inflated_beta_report",-0.736070555005067,45,"unlabelled_projection","",FALSE,FALSE,FALSE,FALSE,TRUE,TRUE,FALSE,"integration",2,"joint_bb","Null","species_equal","6e620e732be5859082b4674d63b616eff6224bf1df1dd43c9067b2c849425c8d","INTEGRATION_TEST_ONLY"
"synthetic_07","SYN_7_7","SYNEXP_7_7","SYNTHETIC_UNEQUAL_V32","count",1,0.666666666666667,,0.495139946403013,0,1,1,TRUE,,"beta_binomial_at_observed_Total",-1.63399544545018,46,"unlabelled_projection","",FALSE,FALSE,FALSE,FALSE,TRUE,TRUE,FALSE,"integration",2,"joint_bb","Null","species_equal","6e620e732be5859082b4674d63b616eff6224bf1df1dd43c9067b2c849425c8d","INTEGRATION_TEST_ONLY"
"synthetic_07","SYN_7_8","SYNEXP_7_8","SYNTHETIC_UNEQUAL_V32","exact",0,0.35,,0.495139946403013,0.0948958839762225,1,0.905104116023777,TRUE,,"one_inflated_beta_report",0.419012843114851,47,"unlabelled_projection","",FALSE,FALSE,FALSE,FALSE,TRUE,TRUE,FALSE,"integration",2,"joint_bb","Null","species_equal","6e620e732be5859082b4674d63b616eff6224bf1df1dd43c9067b2c849425c8d","INTEGRATION_TEST_ONLY"
"synthetic_07","SYN_7_9","SYNEXP_7_9","SYNTHETIC_UNEQUAL_V32","interval",,,,0.495139946403013,0.153501224776962,0.924178398463582,0.77067717368662,,TRUE,"one_inflated_beta_report",-0.736070555005067,48,"unlabelled_projection","",FALSE,FALSE,FALSE,FALSE,TRUE,TRUE,FALSE,"integration",2,"joint_bb","Null","species_equal","6e620e732be5859082b4674d63b616eff6224bf1df1dd43c9067b2c849425c8d","INTEGRATION_TEST_ONLY"
"synthetic_07","SYN_7_10","SYNEXP_7_10","SYNTHETIC_UNEQUAL_V32","count",0,0.111111111111111,,0.495139946403013,0,0.888888888888889,0.888888888888889,TRUE,,"beta_binomial_at_observed_Total",-2.73260049814171,49,"unlabelled_projection","",FALSE,FALSE,FALSE,FALSE,TRUE,TRUE,FALSE,"integration",2,"joint_bb","Null","species_equal","6e620e732be5859082b4674d63b616eff6224bf1df1dd43c9067b2c849425c8d","INTEGRATION_TEST_ONLY"
"synthetic_08","SYN_8_1","SYNEXP_8_1","SYNTHETIC_UNEQUAL_V32","count",0,0.125,,0.495139946403013,0,1,1,TRUE,,"beta_binomial_at_observed_Total",-2.50802548954075,50,"unlabelled_projection","",FALSE,FALSE,FALSE,FALSE,TRUE,TRUE,FALSE,"integration",2,"joint_bb","Null","species_equal","6e620e732be5859082b4674d63b616eff6224bf1df1dd43c9067b2c849425c8d","INTEGRATION_TEST_ONLY"
"synthetic_08","SYN_8_2","SYNEXP_8_2","SYNTHETIC_UNEQUAL_V32","exact",1,0.65,,0.495139946403013,0.142479016979716,1,0.857520983020284,TRUE,,"one_inflated_beta_report",0.291813084493766,51,"unlabelled_projection","",FALSE,FALSE,FALSE,FALSE,TRUE,TRUE,FALSE,"integration",2,"joint_bb","Null","species_equal","6e620e732be5859082b4674d63b616eff6224bf1df1dd43c9067b2c849425c8d","INTEGRATION_TEST_ONLY"
"synthetic_08","SYN_8_3","SYNEXP_8_3","SYNTHETIC_UNEQUAL_V32","interval",,,,0.495139946403013,0.131455897544851,0.953679686937231,0.82222378939238,,TRUE,"one_inflated_beta_report",-0.736070555005067,52,"unlabelled_projection","",FALSE,FALSE,FALSE,FALSE,TRUE,TRUE,FALSE,"integration",2,"joint_bb","Null","species_equal","6e620e732be5859082b4674d63b616eff6224bf1df1dd43c9067b2c849425c8d","INTEGRATION_TEST_ONLY"
"synthetic_08","SYN_8_4","SYNEXP_8_4","SYNTHETIC_UNEQUAL_V32","count",1,0.818181818181818,,0.495139946403013,0.0909090909090909,0.909090909090909,0.818181818181818,TRUE,,"beta_binomial_at_observed_Total",-2.67862407157297,53,"unlabelled_projection","",FALSE,FALSE,FALSE,FALSE,TRUE,TRUE,FALSE,"integration",2,"joint_bb","Null","species_equal","6e620e732be5859082b4674d63b616eff6224bf1df1dd43c9067b2c849425c8d","INTEGRATION_TEST_ONLY"
"synthetic_08","SYN_8_5","SYNEXP_8_5","SYNTHETIC_UNEQUAL_V32","exact",0,0.15,,0.495139946403013,0.113902718576535,1,0.886097281423465,TRUE,,"one_inflated_beta_report",-0.390207166578499,54,"unlabelled_projection","",FALSE,FALSE,FALSE,FALSE,TRUE,TRUE,FALSE,"integration",2,"joint_bb","Null","species_equal","6e620e732be5859082b4674d63b616eff6224bf1df1dd43c9067b2c849425c8d","INTEGRATION_TEST_ONLY"
"synthetic_08","SYN_8_6","SYNEXP_8_6","SYNTHETIC_UNEQUAL_V32","interval",,,,0.495139946403013,0.143931619113059,0.997885038875626,0.853953419762567,,TRUE,"one_inflated_beta_report",-0.736070555005067,55,"unlabelled_projection","",FALSE,FALSE,FALSE,FALSE,TRUE,TRUE,FALSE,"integration",2,"joint_bb","Null","species_equal","6e620e732be5859082b4674d63b616eff6224bf1df1dd43c9067b2c849425c8d","INTEGRATION_TEST_ONLY"
"synthetic_08","SYN_8_7","SYNEXP_8_7","SYNTHETIC_UNEQUAL_V32","count",0,0.285714285714286,,0.495139946403013,0,1,1,TRUE,,"beta_binomial_at_observed_Total",-1.82669558850628,56,"unlabelled_projection","",FALSE,FALSE,FALSE,FALSE,TRUE,TRUE,FALSE,"integration",2,"joint_bb","Null","species_equal","6e620e732be5859082b4674d63b616eff6224bf1df1dd43c9067b2c849425c8d","INTEGRATION_TEST_ONLY"
"synthetic_08","SYN_8_8","SYNEXP_8_8","SYNTHETIC_UNEQUAL_V32","exact",1,0.85,,0.495139946403013,0.11759749218376,0.978690764711046,0.861093272527286,TRUE,,"one_inflated_beta_report",-0.747786545209691,57,"unlabelled_projection","",FALSE,FALSE,FALSE,FALSE,TRUE,TRUE,FALSE,"integration",2,"joint_bb","Null","species_equal","6e620e732be5859082b4674d63b616eff6224bf1df1dd43c9067b2c849425c8d","INTEGRATION_TEST_ONLY"
"synthetic_08","SYN_8_9","SYNEXP_8_9","SYNTHETIC_UNEQUAL_V32","interval",,,,0.495139946403013,0.142084172273768,1,0.857915827726232,,TRUE,"one_inflated_beta_report",-0.736070555005067,58,"unlabelled_projection","",FALSE,FALSE,FALSE,FALSE,TRUE,TRUE,FALSE,"integration",2,"joint_bb","Null","species_equal","6e620e732be5859082b4674d63b616eff6224bf1df1dd43c9067b2c849425c8d","INTEGRATION_TEST_ONLY"
"synthetic_08","SYN_8_10","SYNEXP_8_10","SYNTHETIC_UNEQUAL_V32","count",1,0.6,,0.495139946403013,0.0475000000000001,0.9,0.8525,TRUE,,"beta_binomial_at_observed_Total",-1.94023793891098,59,"unlabelled_projection","",FALSE,FALSE,FALSE,FALSE,TRUE,TRUE,FALSE,"integration",2,"joint_bb","Null","species_equal","6e620e732be5859082b4674d63b616eff6224bf1df1dd43c9067b2c849425c8d","INTEGRATION_TEST_ONLY"
"synthetic_08","SYN_8_11","SYNEXP_8_11","SYNTHETIC_UNEQUAL_V32","exact",0,0.35,,0.495139946403013,0.140416118040384,1,0.859583881959616,TRUE,,"one_inflated_beta_report",0.419012843114851,60,"unlabelled_projection","",FALSE,FALSE,FALSE,FALSE,TRUE,TRUE,FALSE,"integration",2,"joint_bb","Null","species_equal","6e620e732be5859082b4674d63b616eff6224bf1df1dd43c9067b2c849425c8d","INTEGRATION_TEST_ONLY"
"synthetic_09","SYN_9_1","SYNEXP_9_1","SYNTHETIC_UNEQUAL_V32","count",1,0.666666666666667,,0.495139946403013,0.111111111111111,0.888888888888889,0.777777777777778,TRUE,,"beta_binomial_at_observed_Total",-1.968343788371,61,"unlabelled_projection","",TRUE,FALSE,FALSE,FALSE,TRUE,TRUE,FALSE,"integration",2,"joint_bb","Null","species_equal","6e620e732be5859082b4674d63b616eff6224bf1df1dd43c9067b2c849425c8d","INTEGRATION_TEST_ONLY"
"synthetic_09","SYN_9_2","SYNEXP_9_2","SYNTHETIC_UNEQUAL_V32","exact",0,0.35,,0.495139946403013,0.106885090092994,0.980592603990362,0.873707513897369,TRUE,,"one_inflated_beta_report",0.419012843114851,62,"unlabelled_projection","",TRUE,FALSE,FALSE,FALSE,TRUE,TRUE,FALSE,"integration",2,"joint_bb","Null","species_equal","6e620e732be5859082b4674d63b616eff6224bf1df1dd43c9067b2c849425c8d","INTEGRATION_TEST_ONLY"
"synthetic_09","SYN_9_3","SYNEXP_9_3","SYNTHETIC_UNEQUAL_V32","interval",,,,0.495139946403013,0.0940489397060383,0.966576171738197,0.872527232032159,,TRUE,"one_inflated_beta_report",-0.736070555005067,63,"unlabelled_projection","",TRUE,FALSE,FALSE,FALSE,TRUE,TRUE,FALSE,"integration",2,"joint_bb","Null","species_equal","6e620e732be5859082b4674d63b616eff6224bf1df1dd43c9067b2c849425c8d","INTEGRATION_TEST_ONLY"
"synthetic_09","SYN_9_4","SYNEXP_9_4","SYNTHETIC_UNEQUAL_V32","count",0,0.166666666666667,,0.495139946403013,0.0833333333333333,0.916666666666667,0.833333333333333,TRUE,,"beta_binomial_at_observed_Total",-2.79858319626723,64,"unlabelled_projection","",TRUE,FALSE,FALSE,FALSE,TRUE,TRUE,FALSE,"integration",2,"joint_bb","Null","species_equal","6e620e732be5859082b4674d63b616eff6224bf1df1dd43c9067b2c849425c8d","INTEGRATION_TEST_ONLY"
"synthetic_09","SYN_9_5","SYNEXP_9_5","SYNTHETIC_UNEQUAL_V32","exact",1,0.65,,0.495139946403013,0.108713703923818,0.951891110633573,0.843177406709755,TRUE,,"one_inflated_beta_report",0.291813084493766,65,"unlabelled_projection","",TRUE,FALSE,FALSE,FALSE,TRUE,TRUE,FALSE,"integration",2,"joint_bb","Null","species_equal","6e620e732be5859082b4674d63b616eff6224bf1df1dd43c9067b2c849425c8d","INTEGRATION_TEST_ONLY"
"synthetic_09","SYN_9_6","SYNEXP_9_6","SYNTHETIC_UNEQUAL_V32","interval",,,,0.495139946403013,0.126727833310837,1,0.873272166689163,,TRUE,"one_inflated_beta_report",-0.736070555005067,66,"unlabelled_projection","",TRUE,FALSE,FALSE,FALSE,TRUE,TRUE,FALSE,"integration",2,"joint_bb","Null","species_equal","6e620e732be5859082b4674d63b616eff6224bf1df1dd43c9067b2c849425c8d","INTEGRATION_TEST_ONLY"
"synthetic_09","SYN_9_7","SYNEXP_9_7","SYNTHETIC_UNEQUAL_V32","count",1,0.875,,0.495139946403013,0,1,1,TRUE,,"beta_binomial_at_observed_Total",-2.56757023266612,67,"unlabelled_projection","",TRUE,FALSE,FALSE,FALSE,TRUE,TRUE,FALSE,"integration",2,"joint_bb","Null","species_equal","6e620e732be5859082b4674d63b616eff6224bf1df1dd43c9067b2c849425c8d","INTEGRATION_TEST_ONLY"
"synthetic_09","SYN_9_8","SYNEXP_9_8","SYNTHETIC_UNEQUAL_V32","exact",0,0.15,,0.495139946403013,0.117435533311779,1,0.882564466688221,TRUE,,"one_inflated_beta_report",-0.390207166578499,68,"unlabelled_projection","",TRUE,FALSE,FALSE,FALSE,TRUE,TRUE,FALSE,"integration",2,"joint_bb","Null","species_equal","6e620e732be5859082b4674d63b616eff6224bf1df1dd43c9067b2c849425c8d","INTEGRATION_TEST_ONLY"
"synthetic_09","SYN_9_9","SYNEXP_9_9","SYNTHETIC_UNEQUAL_V32","interval",,,,0.495139946403013,0.117765181816959,1,0.882234818183041,,TRUE,"one_inflated_beta_report",-0.736070555005067,69,"unlabelled_projection","",TRUE,FALSE,FALSE,FALSE,TRUE,TRUE,FALSE,"integration",2,"joint_bb","Null","species_equal","6e620e732be5859082b4674d63b616eff6224bf1df1dd43c9067b2c849425c8d","INTEGRATION_TEST_ONLY"
"synthetic_09","SYN_9_10","SYNEXP_9_10","SYNTHETIC_UNEQUAL_V32","count",0,0.363636363636364,,0.495139946403013,0.0909090909090909,0.909090909090909,0.818181818181818,TRUE,,"beta_binomial_at_observed_Total",-2.05736510702,70,"unlabelled_projection","",TRUE,FALSE,FALSE,FALSE,TRUE,TRUE,FALSE,"integration",2,"joint_bb","Null","species_equal","6e620e732be5859082b4674d63b616eff6224bf1df1dd43c9067b2c849425c8d","INTEGRATION_TEST_ONLY"
"synthetic_09","SYN_9_11","SYNEXP_9_11","SYNTHETIC_UNEQUAL_V32","exact",1,0.85,,0.495139946403013,0.117113457066658,1,0.882886542933342,TRUE,,"one_inflated_beta_report",-0.747786545209691,71,"unlabelled_projection","",TRUE,FALSE,FALSE,FALSE,TRUE,TRUE,FALSE,"integration",2,"joint_bb","Null","species_equal","6e620e732be5859082b4674d63b616eff6224bf1df1dd43c9067b2c849425c8d","INTEGRATION_TEST_ONLY"
"synthetic_09","SYN_9_12","SYNEXP_9_12","SYNTHETIC_UNEQUAL_V32","interval",,,,0.495139946403013,0.118007848763102,0.983809291681527,0.865801442918425,,TRUE,"one_inflated_beta_report",-0.736070555005067,72,"unlabelled_projection","",TRUE,FALSE,FALSE,FALSE,TRUE,TRUE,FALSE,"integration",2,"joint_bb","Null","species_equal","6e620e732be5859082b4674d63b616eff6224bf1df1dd43c9067b2c849425c8d","INTEGRATION_TEST_ONLY"
"synthetic_10","SYN_10_1","SYNEXP_10_1","SYNTHETIC_UNEQUAL_V32","count",0,0.4,,0.495139946403013,0,0.9,0.9,TRUE,,"beta_binomial_at_observed_Total",-1.92558837995369,73,"unlabelled_projection","",FALSE,FALSE,FALSE,FALSE,TRUE,TRUE,FALSE,"integration",2,"joint_bb","Null","species_equal","6e620e732be5859082b4674d63b616eff6224bf1df1dd43c9067b2c849425c8d","INTEGRATION_TEST_ONLY"
"synthetic_10","SYN_10_2","SYNEXP_10_2","SYNTHETIC_UNEQUAL_V32","exact",1,0.85,,0.495139946403013,0.125434229256122,1,0.874565770743878,TRUE,,"one_inflated_beta_report",-0.747786545209691,74,"unlabelled_projection","",FALSE,FALSE,FALSE,FALSE,TRUE,TRUE,FALSE,"integration",2,"joint_bb","Null","species_equal","6e620e732be5859082b4674d63b616eff6224bf1df1dd43c9067b2c849425c8d","INTEGRATION_TEST_ONLY"
"synthetic_10","SYN_10_3","SYNEXP_10_3","SYNTHETIC_UNEQUAL_V32","interval",,,,0.495139946403013,0.0797793166930223,0.967033874493482,0.88725455780046,,TRUE,"one_inflated_beta_report",-0.736070555005067,75,"unlabelled_projection","",FALSE,FALSE,FALSE,FALSE,TRUE,TRUE,FALSE,"integration",2,"joint_bb","Null","species_equal","6e620e732be5859082b4674d63b616eff6224bf1df1dd43c9067b2c849425c8d","INTEGRATION_TEST_ONLY"
"synthetic_10","SYN_10_4","SYNEXP_10_4","SYNTHETIC_UNEQUAL_V32","count",1,0.666666666666667,,0.495139946403013,0,1,1,TRUE,,"beta_binomial_at_observed_Total",-1.63399544545018,76,"unlabelled_projection","",FALSE,FALSE,FALSE,FALSE,TRUE,TRUE,FALSE,"integration",2,"joint_bb","Null","species_equal","6e620e732be5859082b4674d63b616eff6224bf1df1dd43c9067b2c849425c8d","INTEGRATION_TEST_ONLY"
"synthetic_10","SYN_10_5","SYNEXP_10_5","SYNTHETIC_UNEQUAL_V32","exact",0,0.35,,0.495139946403013,0.0858133414599015,0.980485699978388,0.894672358518487,TRUE,,"one_inflated_beta_report",0.419012843114851,77,"unlabelled_projection","",FALSE,FALSE,FALSE,FALSE,TRUE,TRUE,FALSE,"integration",2,"joint_bb","Null","species_equal","6e620e732be5859082b4674d63b616eff6224bf1df1dd43c9067b2c849425c8d","INTEGRATION_TEST_ONLY"
"synthetic_10","SYN_10_6","SYNEXP_10_6","SYNTHETIC_UNEQUAL_V32","interval",,,,0.495139946403013,0.13472723761346,1,0.86527276238654,,TRUE,"one_inflated_beta_report",-0.736070555005067,78,"unlabelled_projection","",FALSE,FALSE,FALSE,FALSE,TRUE,TRUE,FALSE,"integration",2,"joint_bb","Null","species_equal","6e620e732be5859082b4674d63b616eff6224bf1df1dd43c9067b2c849425c8d","INTEGRATION_TEST_ONLY"
"synthetic_10","SYN_10_7","SYNEXP_10_7","SYNTHETIC_UNEQUAL_V32","count",0,0.111111111111111,,0.495139946403013,0,0.888888888888889,0.888888888888889,TRUE,,"beta_binomial_at_observed_Total",-2.73260049814171,79,"unlabelled_projection","",FALSE,FALSE,FALSE,FALSE,TRUE,TRUE,FALSE,"integration",2,"joint_bb","Null","species_equal","6e620e732be5859082b4674d63b616eff6224bf1df1dd43c9067b2c849425c8d","INTEGRATION_TEST_ONLY"
"synthetic_10","SYN_10_8","SYNEXP_10_8","SYNTHETIC_UNEQUAL_V32","exact",1,0.65,,0.495139946403013,0.10874568267099,1,0.89125431732901,TRUE,,"one_inflated_beta_report",0.291813084493766,80,"unlabelled_projection","",FALSE,FALSE,FALSE,FALSE,TRUE,TRUE,FALSE,"integration",2,"joint_bb","Null","species_equal","6e620e732be5859082b4674d63b616eff6224bf1df1dd43c9067b2c849425c8d","INTEGRATION_TEST_ONLY"
"synthetic_10","SYN_10_9","SYNEXP_10_9","SYNTHETIC_UNEQUAL_V32","interval",,,,0.495139946403013,0.111427526252603,0.947363217517838,0.835935691265234,,TRUE,"one_inflated_beta_report",-0.736070555005067,81,"unlabelled_projection","",FALSE,FALSE,FALSE,FALSE,TRUE,TRUE,FALSE,"integration",2,"joint_bb","Null","species_equal","6e620e732be5859082b4674d63b616eff6224bf1df1dd43c9067b2c849425c8d","INTEGRATION_TEST_ONLY"
"synthetic_10","SYN_10_10","SYNEXP_10_10","SYNTHETIC_UNEQUAL_V32","count",1,0.833333333333333,,0.495139946403013,0.0833333333333333,0.916666666666667,0.833333333333333,TRUE,,"beta_binomial_at_observed_Total",-2.85969645982972,82,"unlabelled_projection","",FALSE,FALSE,FALSE,FALSE,TRUE,TRUE,FALSE,"integration",2,"joint_bb","Null","species_equal","6e620e732be5859082b4674d63b616eff6224bf1df1dd43c9067b2c849425c8d","INTEGRATION_TEST_ONLY"
"synthetic_10","SYN_10_11","SYNEXP_10_11","SYNTHETIC_UNEQUAL_V32","exact",0,0.15,,0.495139946403013,0.14084660270491,0.893471859347,0.75262525664209,TRUE,,"one_inflated_beta_report",-0.390207166578499,83,"unlabelled_projection","",FALSE,FALSE,FALSE,FALSE,TRUE,TRUE,FALSE,"integration",2,"joint_bb","Null","species_equal","6e620e732be5859082b4674d63b616eff6224bf1df1dd43c9067b2c849425c8d","INTEGRATION_TEST_ONLY"
"synthetic_10","SYN_10_12","SYNEXP_10_12","SYNTHETIC_UNEQUAL_V32","interval",,,,0.495139946403013,0.14094374106568,0.975772412917796,0.834828671852116,,TRUE,"one_inflated_beta_report",-0.736070555005067,84,"unlabelled_projection","",FALSE,FALSE,FALSE,FALSE,TRUE,TRUE,FALSE,"integration",2,"joint_bb","Null","species_equal","6e620e732be5859082b4674d63b616eff6224bf1df1dd43c9067b2c849425c8d","INTEGRATION_TEST_ONLY"
"synthetic_10","SYN_10_13","SYNEXP_10_13","SYNTHETIC_UNEQUAL_V32","count",0,0.375,,0.495139946403013,0,1,1,TRUE,,"beta_binomial_at_observed_Total",-1.78057405974596,85,"unlabelled_projection","",FALSE,FALSE,FALSE,FALSE,TRUE,TRUE,FALSE,"integration",2,"joint_bb","Null","species_equal","6e620e732be5859082b4674d63b616eff6224bf1df1dd43c9067b2c849425c8d","INTEGRATION_TEST_ONLY"
"synthetic_11","SYN_11_1","SYNEXP_11_1","SYNTHETIC_UNEQUAL_V32","count",1,0.818181818181818,,0.495139946403013,0.0909090909090909,0.909090909090909,0.818181818181818,TRUE,,"beta_binomial_at_observed_Total",-2.67862407157297,86,"unlabelled_projection","",TRUE,FALSE,FALSE,FALSE,TRUE,TRUE,FALSE,"integration",2,"joint_bb","Null","species_equal","6e620e732be5859082b4674d63b616eff6224bf1df1dd43c9067b2c849425c8d","INTEGRATION_TEST_ONLY"
"synthetic_11","SYN_11_2","SYNEXP_11_2","SYNTHETIC_UNEQUAL_V32","exact",0,0.15,,0.495139946403013,0.13747754856922,1,0.86252245143078,TRUE,,"one_inflated_beta_report",-0.390207166578499,87,"unlabelled_projection","",TRUE,FALSE,FALSE,FALSE,TRUE,TRUE,FALSE,"integration",2,"joint_bb","Null","species_equal","6e620e732be5859082b4674d63b616eff6224bf1df1dd43c9067b2c849425c8d","INTEGRATION_TEST_ONLY"
"synthetic_11","SYN_11_3","SYNEXP_11_3","SYNTHETIC_UNEQUAL_V32","interval",,,,0.495139946403013,0.0990661842727573,0.918588044854295,0.819521860581538,,TRUE,"one_inflated_beta_report",-0.736070555005067,88,"unlabelled_projection","",TRUE,FALSE,FALSE,FALSE,TRUE,TRUE,FALSE,"integration",2,"joint_bb","Null","species_equal","6e620e732be5859082b4674d63b616eff6224bf1df1dd43c9067b2c849425c8d","INTEGRATION_TEST_ONLY"
"synthetic_11","SYN_11_4","SYNEXP_11_4","SYNTHETIC_UNEQUAL_V32","count",0,0.285714285714286,,0.495139946403013,0,1,1,TRUE,,"beta_binomial_at_observed_Total",-1.82669558850628,89,"unlabelled_projection","",TRUE,FALSE,FALSE,FALSE,TRUE,TRUE,FALSE,"integration",2,"joint_bb","Null","species_equal","6e620e732be5859082b4674d63b616eff6224bf1df1dd43c9067b2c849425c8d","INTEGRATION_TEST_ONLY"
"synthetic_11","SYN_11_5","SYNEXP_11_5","SYNTHETIC_UNEQUAL_V32","exact",1,0.85,,0.495139946403013,0.143185430495086,1,0.856814569504914,TRUE,,"one_inflated_beta_report",-0.747786545209691,90,"unlabelled_projection","",TRUE,FALSE,FALSE,FALSE,TRUE,TRUE,FALSE,"integration",2,"joint_bb","Null","species_equal","6e620e732be5859082b4674d63b616eff6224bf1df1dd43c9067b2c849425c8d","INTEGRATION_TEST_ONLY"
"synthetic_11","SYN_11_6","SYNEXP_11_6","SYNTHETIC_UNEQUAL_V32","interval",,,,0.495139946403013,0.0969211635997993,0.914282891774648,0.817361728174849,,TRUE,"one_inflated_beta_report",-0.736070555005067,91,"unlabelled_projection","",TRUE,FALSE,FALSE,FALSE,TRUE,TRUE,FALSE,"integration",2,"joint_bb","Null","species_equal","6e620e732be5859082b4674d63b616eff6224bf1df1dd43c9067b2c849425c8d","INTEGRATION_TEST_ONLY"
"synthetic_11","SYN_11_7","SYNEXP_11_7","SYNTHETIC_UNEQUAL_V32","count",1,0.6,,0.495139946403013,0,1,1,TRUE,,"beta_binomial_at_observed_Total",-1.94023793891098,92,"unlabelled_projection","",TRUE,FALSE,FALSE,FALSE,TRUE,TRUE,FALSE,"integration",2,"joint_bb","Null","species_equal","6e620e732be5859082b4674d63b616eff6224bf1df1dd43c9067b2c849425c8d","INTEGRATION_TEST_ONLY"
"synthetic_11","SYN_11_8","SYNEXP_11_8","SYNTHETIC_UNEQUAL_V32","exact",0,0.35,,0.495139946403013,0.124300009006091,1,0.875699990993909,TRUE,,"one_inflated_beta_report",0.419012843114851,93,"unlabelled_projection","",TRUE,FALSE,FALSE,FALSE,TRUE,TRUE,FALSE,"integration",2,"joint_bb","Null","species_equal","6e620e732be5859082b4674d63b616eff6224bf1df1dd43c9067b2c849425c8d","INTEGRATION_TEST_ONLY"
"synthetic_11","SYN_11_9","SYNEXP_11_9","SYNTHETIC_UNEQUAL_V32","interval",,,,0.495139946403013,0.121750673206432,1,0.878249326793568,,TRUE,"one_inflated_beta_report",-0.736070555005067,94,"unlabelled_projection","",TRUE,FALSE,FALSE,FALSE,TRUE,TRUE,FALSE,"integration",2,"joint_bb","Null","species_equal","6e620e732be5859082b4674d63b616eff6224bf1df1dd43c9067b2c849425c8d","INTEGRATION_TEST_ONLY"
"synthetic_11","SYN_11_10","SYNEXP_11_10","SYNTHETIC_UNEQUAL_V32","count",0,0.166666666666667,,0.495139946403013,0,1,1,TRUE,,"beta_binomial_at_observed_Total",-2.00261429540597,95,"unlabelled_projection","",TRUE,FALSE,FALSE,FALSE,TRUE,TRUE,FALSE,"integration",2,"joint_bb","Null","species_equal","6e620e732be5859082b4674d63b616eff6224bf1df1dd43c9067b2c849425c8d","INTEGRATION_TEST_ONLY"
"synthetic_11","SYN_11_11","SYNEXP_11_11","SYNTHETIC_UNEQUAL_V32","exact",1,0.65,,0.495139946403013,0.105601989497961,1,0.894398010502039,TRUE,,"one_inflated_beta_report",0.291813084493766,96,"unlabelled_projection","",TRUE,FALSE,FALSE,FALSE,TRUE,TRUE,FALSE,"integration",2,"joint_bb","Null","species_equal","6e620e732be5859082b4674d63b616eff6224bf1df1dd43c9067b2c849425c8d","INTEGRATION_TEST_ONLY"
"synthetic_11","SYN_11_12","SYNEXP_11_12","SYNTHETIC_UNEQUAL_V32","interval",,,,0.495139946403013,0.124337155480536,0.991146843458236,0.866809687977701,,TRUE,"one_inflated_beta_report",-0.736070555005067,97,"unlabelled_projection","",TRUE,FALSE,FALSE,FALSE,TRUE,TRUE,FALSE,"integration",2,"joint_bb","Null","species_equal","6e620e732be5859082b4674d63b616eff6224bf1df1dd43c9067b2c849425c8d","INTEGRATION_TEST_ONLY"
"synthetic_11","SYN_11_13","SYNEXP_11_13","SYNTHETIC_UNEQUAL_V32","count",1,0.888888888888889,,0.495139946403013,0,0.888888888888889,0.888888888888889,TRUE,,"beta_binomial_at_observed_Total",-2.79899020062306,98,"unlabelled_projection","",TRUE,FALSE,FALSE,FALSE,TRUE,TRUE,FALSE,"integration",2,"joint_bb","Null","species_equal","6e620e732be5859082b4674d63b616eff6224bf1df1dd43c9067b2c849425c8d","INTEGRATION_TEST_ONLY"
"synthetic_11","SYN_11_14","SYNEXP_11_14","SYNTHETIC_UNEQUAL_V32","exact",1,1,,0.495139946403013,0.130009956936457,0.900039343638278,0.770029386701821,FALSE,,"one_inflated_beta_report",-3.49910072073224,99,"unlabelled_projection","",TRUE,FALSE,FALSE,FALSE,TRUE,TRUE,FALSE,"integration",2,"joint_bb","Null","species_equal","6e620e732be5859082b4674d63b616eff6224bf1df1dd43c9067b2c849425c8d","INTEGRATION_TEST_ONLY"
"synthetic_12","SYN_12_1","SYNEXP_12_1","SYNTHETIC_UNEQUAL_V32","interval",,,,0.495139946403013,0.132452514087723,1,0.867547485912277,,TRUE,"one_inflated_beta_report",-0.736070555005067,100,"unlabelled_projection","",FALSE,FALSE,FALSE,FALSE,TRUE,TRUE,FALSE,"integration",2,"joint_bb","Null","species_equal","6e620e732be5859082b4674d63b616eff6224bf1df1dd43c9067b2c849425c8d","INTEGRATION_TEST_ONLY"
"synthetic_12","SYN_12_2","SYNEXP_12_2","SYNTHETIC_UNEQUAL_V32","interval",,,,0.495139946403013,0.103948585146436,0.904613330900489,0.800664745754053,,TRUE,"one_inflated_beta_report",-0.736070555005067,101,"unlabelled_projection","",FALSE,FALSE,FALSE,FALSE,TRUE,TRUE,FALSE,"integration",2,"joint_bb","Null","species_equal","6e620e732be5859082b4674d63b616eff6224bf1df1dd43c9067b2c849425c8d","INTEGRATION_TEST_ONLY"
"synthetic_12","SYN_12_3","SYNEXP_12_3","SYNTHETIC_UNEQUAL_V32","interval",,,,0.495139946403013,0.105353603056849,1,0.894646396943151,,TRUE,"one_inflated_beta_report",-0.736070555005067,102,"unlabelled_projection","",FALSE,FALSE,FALSE,FALSE,TRUE,TRUE,FALSE,"integration",2,"joint_bb","Null","species_equal","6e620e732be5859082b4674d63b616eff6224bf1df1dd43c9067b2c849425c8d","INTEGRATION_TEST_ONLY"
"synthetic_12","SYN_12_4","SYNEXP_12_4","SYNTHETIC_UNEQUAL_V32","interval",,,,0.495139946403013,0.091943449477162,1,0.908056550522838,,TRUE,"one_inflated_beta_report",-0.736070555005067,103,"unlabelled_projection","",FALSE,FALSE,FALSE,FALSE,TRUE,TRUE,FALSE,"integration",2,"joint_bb","Null","species_equal","6e620e732be5859082b4674d63b616eff6224bf1df1dd43c9067b2c849425c8d","INTEGRATION_TEST_ONLY"
"synthetic_12","SYN_12_5","SYNEXP_12_5","SYNTHETIC_UNEQUAL_V32","interval",,,,0.495139946403013,0.10555421802955,0.990713743051659,0.885159525022109,,TRUE,"one_inflated_beta_report",-0.736070555005067,104,"unlabelled_projection","",FALSE,FALSE,FALSE,FALSE,TRUE,TRUE,FALSE,"integration",2,"joint_bb","Null","species_equal","6e620e732be5859082b4674d63b616eff6224bf1df1dd43c9067b2c849425c8d","INTEGRATION_TEST_ONLY"
"synthetic_12","SYN_12_6","SYNEXP_12_6","SYNTHETIC_UNEQUAL_V32","interval",,,,0.495139946403013,0.12883944056363,1,0.87116055943637,,TRUE,"one_inflated_beta_report",-0.736070555005067,105,"unlabelled_projection","",FALSE,FALSE,FALSE,FALSE,TRUE,TRUE,FALSE,"integration",2,"joint_bb","Null","species_equal","6e620e732be5859082b4674d63b616eff6224bf1df1dd43c9067b2c849425c8d","INTEGRATION_TEST_ONLY"
"synthetic_12","SYN_12_7","SYNEXP_12_7","SYNTHETIC_UNEQUAL_V32","interval",,,,0.495139946403013,0.0773176320500391,1,0.922682367949961,,TRUE,"one_inflated_beta_report",-0.736070555005067,106,"unlabelled_projection","",FALSE,FALSE,FALSE,FALSE,TRUE,TRUE,FALSE,"integration",2,"joint_bb","Null","species_equal","6e620e732be5859082b4674d63b616eff6224bf1df1dd43c9067b2c849425c8d","INTEGRATION_TEST_ONLY"
"synthetic_12","SYN_12_8","SYNEXP_12_8","SYNTHETIC_UNEQUAL_V32","interval",,,,0.495139946403013,0.128163159535655,1,0.871836840464345,,TRUE,"one_inflated_beta_report",-0.736070555005067,107,"unlabelled_projection","",FALSE,FALSE,FALSE,FALSE,TRUE,TRUE,FALSE,"integration",2,"joint_bb","Null","species_equal","6e620e732be5859082b4674d63b616eff6224bf1df1dd43c9067b2c849425c8d","INTEGRATION_TEST_ONLY"
"synthetic_12","SYN_12_9","SYNEXP_12_9","SYNTHETIC_UNEQUAL_V32","interval",,,,0.495139946403013,0.124056327786882,1,0.875943672213118,,TRUE,"one_inflated_beta_report",-0.736070555005067,108,"unlabelled_projection","",FALSE,FALSE,FALSE,FALSE,TRUE,TRUE,FALSE,"integration",2,"joint_bb","Null","species_equal","6e620e732be5859082b4674d63b616eff6224bf1df1dd43c9067b2c849425c8d","INTEGRATION_TEST_ONLY"
"synthetic_12","SYN_12_10","SYNEXP_12_10","SYNTHETIC_UNEQUAL_V32","interval",,,,0.495139946403013,0.103545924284614,1,0.896454075715386,,TRUE,"one_inflated_beta_report",-0.736070555005067,109,"unlabelled_projection","",FALSE,FALSE,FALSE,FALSE,TRUE,TRUE,FALSE,"integration",2,"joint_bb","Null","species_equal","6e620e732be5859082b4674d63b616eff6224bf1df1dd43c9067b2c849425c8d","INTEGRATION_TEST_ONLY"
"synthetic_12","SYN_12_11","SYNEXP_12_11","SYNTHETIC_UNEQUAL_V32","interval",,,,0.495139946403013,0.114130421736963,0.876995797452182,0.762865375715218,,TRUE,"one_inflated_beta_report",-0.736070555005067,110,"unlabelled_projection","",FALSE,FALSE,FALSE,FALSE,TRUE,TRUE,FALSE,"integration",2,"joint_bb","Null","species_equal","6e620e732be5859082b4674d63b616eff6224bf1df1dd43c9067b2c849425c8d","INTEGRATION_TEST_ONLY"
"synthetic_12","SYN_12_12","SYNEXP_12_12","SYNTHETIC_UNEQUAL_V32","interval",,,,0.495139946403013,0.107723473398195,1,0.892276526601805,,TRUE,"one_inflated_beta_report",-0.736070555005067,111,"unlabelled_projection","",FALSE,FALSE,FALSE,FALSE,TRUE,TRUE,FALSE,"integration",2,"joint_bb","Null","species_equal","6e620e732be5859082b4674d63b616eff6224bf1df1dd43c9067b2c849425c8d","INTEGRATION_TEST_ONLY"
"synthetic_12","SYN_12_13","SYNEXP_12_13","SYNTHETIC_UNEQUAL_V32","interval",,,,0.495139946403013,0.130282855281989,1,0.869717144718011,,TRUE,"one_inflated_beta_report",-0.736070555005067,112,"unlabelled_projection","",FALSE,FALSE,FALSE,FALSE,TRUE,TRUE,FALSE,"integration",2,"joint_bb","Null","species_equal","6e620e732be5859082b4674d63b616eff6224bf1df1dd43c9067b2c849425c8d","INTEGRATION_TEST_ONLY"
"synthetic_12","SYN_12_14","SYNEXP_12_14","SYNTHETIC_UNEQUAL_V32","interval",,,,0.495139946403013,0.121107676935739,1,0.878892323064261,,TRUE,"one_inflated_beta_report",-0.736070555005067,113,"unlabelled_projection","",FALSE,FALSE,FALSE,FALSE,TRUE,TRUE,FALSE,"integration",2,"joint_bb","Null","species_equal","6e620e732be5859082b4674d63b616eff6224bf1df1dd43c9067b2c849425c8d","INTEGRATION_TEST_ONLY"
"synthetic_12","SYN_12_15","SYNEXP_12_15","SYNTHETIC_UNEQUAL_V32","interval",,,,0.495139946403013,0.103595488701243,1,0.896404511298758,,TRUE,"one_inflated_beta_report",-0.736070555005067,114,"unlabelled_projection","",FALSE,FALSE,FALSE,FALSE,TRUE,TRUE,FALSE,"integration",2,"joint_bb","Null","species_equal","6e620e732be5859082b4674d63b616eff6224bf1df1dd43c9067b2c849425c8d","INTEGRATION_TEST_ONLY"
"synthetic_01","SYN_1_1","SYNEXP_1_1","SYNTHETIC_UNEQUAL_V32","count",1,0.625,,0.514479954153274,0,1,1,TRUE,,"beta_binomial_at_observed_Total",-2.03970942846491,1,"unlabelled_projection","unseen_category;unseen_raw_residue;unseen_combination;fixed_effect_not_estimable",FALSE,FALSE,TRUE,TRUE,FALSE,FALSE,FALSE,"integration",1,"joint_bb","M1","record_equal","9f9befe4e6d9b8f080446d15e638dfdfe281ed19c106417f079996b94b4e6982","INTEGRATION_TEST_ONLY"
"synthetic_01","SYN_1_2","SYNEXP_1_2","SYNTHETIC_UNEQUAL_V32","exact",0,0.35,,0.514479954153274,0.0712489010145716,0.993892799131028,0.922643898116456,TRUE,,"one_inflated_beta_report",0.203851479880719,2,"unlabelled_projection","unseen_category;unseen_raw_residue;unseen_combination;fixed_effect_not_estimable",FALSE,FALSE,TRUE,TRUE,FALSE,FALSE,FALSE,"integration",1,"joint_bb","M1","record_equal","9f9befe4e6d9b8f080446d15e638dfdfe281ed19c106417f079996b94b4e6982","INTEGRATION_TEST_ONLY"
"synthetic_01","SYN_1_3","SYNEXP_1_3","SYNTHETIC_UNEQUAL_V32","interval",,,,0.514479954153274,0.0845558266434022,0.999941465519583,0.91538563887618,,TRUE,"one_inflated_beta_report",-0.972131646827491,3,"unlabelled_projection","unseen_category;unseen_raw_residue;unseen_combination;fixed_effect_not_estimable",FALSE,FALSE,TRUE,TRUE,FALSE,FALSE,FALSE,"integration",1,"joint_bb","M1","record_equal","9f9befe4e6d9b8f080446d15e638dfdfe281ed19c106417f079996b94b4e6982","INTEGRATION_TEST_ONLY"
"synthetic_01","SYN_1_4","SYNEXP_1_4","SYNTHETIC_UNEQUAL_V32","count",0,0.181818181818182,,0.514479954153274,0,1,1,TRUE,,"beta_binomial_at_observed_Total",-2.56091492297543,4,"unlabelled_projection","unseen_category;unseen_raw_residue;unseen_combination;fixed_effect_not_estimable",FALSE,FALSE,TRUE,TRUE,FALSE,FALSE,FALSE,"integration",1,"joint_bb","M1","record_equal","9f9befe4e6d9b8f080446d15e638dfdfe281ed19c106417f079996b94b4e6982","INTEGRATION_TEST_ONLY"
"synthetic_02","SYN_2_1","SYNEXP_2_1","SYNTHETIC_UNEQUAL_V32","count",0,0.333333333333333,,0.514479954153274,0,1,1,TRUE,,"beta_binomial_at_observed_Total",-2.20665071152519,5,"unlabelled_projection","unseen_category;unseen_raw_residue;unseen_combination;fixed_effect_not_estimable",FALSE,FALSE,TRUE,TRUE,FALSE,FALSE,FALSE,"integration",1,"joint_bb","M1","record_equal","9f9befe4e6d9b8f080446d15e638dfdfe281ed19c106417f079996b94b4e6982","INTEGRATION_TEST_ONLY"
"synthetic_02","SYN_2_2","SYNEXP_2_2","SYNTHETIC_UNEQUAL_V32","exact",1,0.85,,0.514479954153274,0.0734535402379393,0.993945510853587,0.920491970615647,TRUE,,"one_inflated_beta_report",-0.207899341570064,6,"unlabelled_projection","unseen_category;unseen_raw_residue;unseen_combination;fixed_effect_not_estimable",FALSE,FALSE,TRUE,TRUE,FALSE,FALSE,FALSE,"integration",1,"joint_bb","M1","record_equal","9f9befe4e6d9b8f080446d15e638dfdfe281ed19c106417f079996b94b4e6982","INTEGRATION_TEST_ONLY"
"synthetic_02","SYN_2_3","SYNEXP_2_3","SYNTHETIC_UNEQUAL_V32","interval",,,,0.514479954153274,0.0616828583376601,1,0.93831714166234,,TRUE,"one_inflated_beta_report",-0.972131646827491,7,"unlabelled_projection","unseen_category;unseen_raw_residue;unseen_combination;fixed_effect_not_estimable",FALSE,FALSE,TRUE,TRUE,FALSE,FALSE,FALSE,"integration",1,"joint_bb","M1","record_equal","9f9befe4e6d9b8f080446d15e638dfdfe281ed19c106417f079996b94b4e6982","INTEGRATION_TEST_ONLY"
"synthetic_02","SYN_2_4","SYNEXP_2_4","SYNTHETIC_UNEQUAL_V32","count",1,0.666666666666667,,0.514479954153274,0,1,1,TRUE,,"beta_binomial_at_observed_Total",-2.41127310235584,8,"unlabelled_projection","unseen_category;unseen_raw_residue;unseen_combination;fixed_effect_not_estimable",FALSE,FALSE,TRUE,TRUE,FALSE,FALSE,FALSE,"integration",1,"joint_bb","M1","record_equal","9f9befe4e6d9b8f080446d15e638dfdfe281ed19c106417f079996b94b4e6982","INTEGRATION_TEST_ONLY"
"synthetic_02","SYN_2_5","SYNEXP_2_5","SYNTHETIC_UNEQUAL_V32","exact",0,0.35,,0.514479954153274,0.0568680921222544,1,0.943131907877746,TRUE,,"one_inflated_beta_report",0.203851479880719,9,"unlabelled_projection","unseen_category;unseen_raw_residue;unseen_combination;fixed_effect_not_estimable",FALSE,FALSE,TRUE,TRUE,FALSE,FALSE,FALSE,"integration",1,"joint_bb","M1","record_equal","9f9befe4e6d9b8f080446d15e638dfdfe281ed19c106417f079996b94b4e6982","INTEGRATION_TEST_ONLY"
"synthetic_03","SYN_3_1","SYNEXP_3_1","SYNTHETIC_UNEQUAL_V32","count",1,0.8,,0.514479954153274,0,1,1,TRUE,,"beta_binomial_at_observed_Total",-2.34241971858225,10,"unlabelled_projection","unseen_category;unseen_raw_residue;unseen_combination;fixed_effect_not_estimable",FALSE,FALSE,TRUE,TRUE,FALSE,FALSE,FALSE,"integration",1,"joint_bb","M1","record_equal","9f9befe4e6d9b8f080446d15e638dfdfe281ed19c106417f079996b94b4e6982","INTEGRATION_TEST_ONLY"
"synthetic_03","SYN_3_2","SYNEXP_3_2","SYNTHETIC_UNEQUAL_V32","exact",0,0.15,,0.514479954153274,0.0834662003400735,0.997484977729929,0.914018777389856,TRUE,,"one_inflated_beta_report",-0.197917063100774,11,"unlabelled_projection","unseen_category;unseen_raw_residue;unseen_combination;fixed_effect_not_estimable",FALSE,FALSE,TRUE,TRUE,FALSE,FALSE,FALSE,"integration",1,"joint_bb","M1","record_equal","9f9befe4e6d9b8f080446d15e638dfdfe281ed19c106417f079996b94b4e6982","INTEGRATION_TEST_ONLY"
"synthetic_03","SYN_3_3","SYNEXP_3_3","SYNTHETIC_UNEQUAL_V32","interval",,,,0.514479954153274,0.0437294776417516,1,0.956270522358248,,TRUE,"one_inflated_beta_report",-0.972131646827491,12,"unlabelled_projection","unseen_category;unseen_raw_residue;unseen_combination;fixed_effect_not_estimable",FALSE,FALSE,TRUE,TRUE,FALSE,FALSE,FALSE,"integration",1,"joint_bb","M1","record_equal","9f9befe4e6d9b8f080446d15e638dfdfe281ed19c106417f079996b94b4e6982","INTEGRATION_TEST_ONLY"
"synthetic_03","SYN_3_4","SYNEXP_3_4","SYNTHETIC_UNEQUAL_V32","count",0,0.333333333333333,,0.514479954153274,0,1,1,TRUE,,"beta_binomial_at_observed_Total",-1.85767442177182,13,"unlabelled_projection","unseen_category;unseen_raw_residue;unseen_combination;fixed_effect_not_estimable",FALSE,FALSE,TRUE,TRUE,FALSE,FALSE,FALSE,"integration",1,"joint_bb","M1","record_equal","9f9befe4e6d9b8f080446d15e638dfdfe281ed19c106417f079996b94b4e6982","INTEGRATION_TEST_ONLY"
"synthetic_03","SYN_3_5","SYNEXP_3_5","SYNTHETIC_UNEQUAL_V32","exact",1,0.85,,0.514479954153274,0.0690552732878538,0.994249680598079,0.925194407310226,TRUE,,"one_inflated_beta_report",-0.207899341570064,14,"unlabelled_projection","unseen_category;unseen_raw_residue;unseen_combination;fixed_effect_not_estimable",FALSE,FALSE,TRUE,TRUE,FALSE,FALSE,FALSE,"integration",1,"joint_bb","M1","record_equal","9f9befe4e6d9b8f080446d15e638dfdfe281ed19c106417f079996b94b4e6982","INTEGRATION_TEST_ONLY"
"synthetic_03","SYN_3_6","SYNEXP_3_6","SYNTHETIC_UNEQUAL_V32","interval",,,,0.514479954153274,0.054924033466283,0.986306426551148,0.931382393084865,,TRUE,"one_inflated_beta_report",-0.972131646827491,15,"unlabelled_projection","unseen_category;unseen_raw_residue;unseen_combination;fixed_effect_not_estimable",FALSE,FALSE,TRUE,TRUE,FALSE,FALSE,FALSE,"integration",1,"joint_bb","M1","record_equal","9f9befe4e6d9b8f080446d15e638dfdfe281ed19c106417f079996b94b4e6982","INTEGRATION_TEST_ONLY"
"synthetic_04","SYN_4_1","SYNEXP_4_1","SYNTHETIC_UNEQUAL_V32","count",0,0.181818181818182,,0.514479954153274,0,1,1,TRUE,,"beta_binomial_at_observed_Total",-2.56091492297543,16,"unlabelled_projection","unseen_category;unseen_raw_residue;unseen_combination;fixed_effect_not_estimable",FALSE,FALSE,TRUE,TRUE,FALSE,FALSE,FALSE,"integration",1,"joint_bb","M1","record_equal","9f9befe4e6d9b8f080446d15e638dfdfe281ed19c106417f079996b94b4e6982","INTEGRATION_TEST_ONLY"
"synthetic_04","SYN_4_2","SYNEXP_4_2","SYNTHETIC_UNEQUAL_V32","exact",1,0.65,,0.514479954153274,0.054595461185926,0.992994810107787,0.938399348921861,TRUE,,"one_inflated_beta_report",0.167662698970299,17,"unlabelled_projection","unseen_category;unseen_raw_residue;unseen_combination;fixed_effect_not_estimable",FALSE,FALSE,TRUE,TRUE,FALSE,FALSE,FALSE,"integration",1,"joint_bb","M1","record_equal","9f9befe4e6d9b8f080446d15e638dfdfe281ed19c106417f079996b94b4e6982","INTEGRATION_TEST_ONLY"
"synthetic_04","SYN_4_3","SYNEXP_4_3","SYNTHETIC_UNEQUAL_V32","interval",,,,0.514479954153274,0.0629587931450392,0.964365553477869,0.90140676033283,,TRUE,"one_inflated_beta_report",-0.972131646827491,18,"unlabelled_projection","unseen_category;unseen_raw_residue;unseen_combination;fixed_effect_not_estimable",FALSE,FALSE,TRUE,TRUE,FALSE,FALSE,FALSE,"integration",1,"joint_bb","M1","record_equal","9f9befe4e6d9b8f080446d15e638dfdfe281ed19c106417f079996b94b4e6982","INTEGRATION_TEST_ONLY"
"synthetic_04","SYN_4_4","SYNEXP_4_4","SYNTHETIC_UNEQUAL_V32","count",1,0.857142857142857,,0.514479954153274,0,1,1,TRUE,,"beta_binomial_at_observed_Total",-2.06921665454849,19,"unlabelled_projection","unseen_category;unseen_raw_residue;unseen_combination;fixed_effect_not_estimable",FALSE,FALSE,TRUE,TRUE,FALSE,FALSE,FALSE,"integration",1,"joint_bb","M1","record_equal","9f9befe4e6d9b8f080446d15e638dfdfe281ed19c106417f079996b94b4e6982","INTEGRATION_TEST_ONLY"
"synthetic_04","SYN_4_5","SYNEXP_4_5","SYNTHETIC_UNEQUAL_V32","exact",0,0.15,,0.514479954153274,0.0906998030770049,0.994730770913864,0.904030967836859,TRUE,,"one_inflated_beta_report",-0.197917063100774,20,"unlabelled_projection","unseen_category;unseen_raw_residue;unseen_combination;fixed_effect_not_estimable",FALSE,FALSE,TRUE,TRUE,FALSE,FALSE,FALSE,"integration",1,"joint_bb","M1","record_equal","9f9befe4e6d9b8f080446d15e638dfdfe281ed19c106417f079996b94b4e6982","INTEGRATION_TEST_ONLY"
"synthetic_04","SYN_4_6","SYNEXP_4_6","SYNTHETIC_UNEQUAL_V32","interval",,,,0.514479954153274,0.0492520412567121,1,0.950747958743288,,TRUE,"one_inflated_beta_report",-0.972131646827491,21,"unlabelled_projection","unseen_category;unseen_raw_residue;unseen_combination;fixed_effect_not_estimable",FALSE,FALSE,TRUE,TRUE,FALSE,FALSE,FALSE,"integration",1,"joint_bb","M1","record_equal","9f9befe4e6d9b8f080446d15e638dfdfe281ed19c106417f079996b94b4e6982","INTEGRATION_TEST_ONLY"
"synthetic_04","SYN_4_7","SYNEXP_4_7","SYNTHETIC_UNEQUAL_V32","count",0,0.4,,0.514479954153274,0,1,1,TRUE,,"beta_binomial_at_observed_Total",-2.25655001738749,22,"unlabelled_projection","unseen_category;unseen_raw_residue;unseen_combination;fixed_effect_not_estimable",FALSE,FALSE,TRUE,TRUE,FALSE,FALSE,FALSE,"integration",1,"joint_bb","M1","record_equal","9f9befe4e6d9b8f080446d15e638dfdfe281ed19c106417f079996b94b4e6982","INTEGRATION_TEST_ONLY"
"synthetic_05","SYN_5_1","SYNEXP_5_1","SYNTHETIC_UNEQUAL_V32","count",1,0.666666666666667,,0.50344496250726,0.0833333333333333,1,0.916666666666667,TRUE,,"beta_binomial_at_observed_Total",-2.3311263491451,23,"unlabelled_projection","unseen_category;unseen_raw_residue;unseen_combination;fixed_effect_not_estimable",FALSE,FALSE,TRUE,TRUE,FALSE,FALSE,FALSE,"integration",1,"joint_bb","M1","record_equal","9f9befe4e6d9b8f080446d15e638dfdfe281ed19c106417f079996b94b4e6982","INTEGRATION_TEST_ONLY"
"synthetic_05","SYN_5_2","SYNEXP_5_2","SYNTHETIC_UNEQUAL_V32","exact",0,0.35,,0.50344496250726,0.0946796563839908,1,0.905320343616009,TRUE,,"one_inflated_beta_report",0.36523218834615,24,"unlabelled_projection","unseen_category;unseen_raw_residue;unseen_combination;fixed_effect_not_estimable",FALSE,FALSE,TRUE,TRUE,FALSE,FALSE,FALSE,"integration",1,"joint_bb","M1","record_equal","9f9befe4e6d9b8f080446d15e638dfdfe281ed19c106417f079996b94b4e6982","INTEGRATION_TEST_ONLY"
"synthetic_05","SYN_5_3","SYNEXP_5_3","SYNTHETIC_UNEQUAL_V32","interval",,,,0.50344496250726,0.125358888860302,1,0.874641111139698,,TRUE,"one_inflated_beta_report",-0.794455133098336,25,"unlabelled_projection","unseen_category;unseen_raw_residue;unseen_combination;fixed_effect_not_estimable",FALSE,FALSE,TRUE,TRUE,FALSE,FALSE,FALSE,"integration",1,"joint_bb","M1","record_equal","9f9befe4e6d9b8f080446d15e638dfdfe281ed19c106417f079996b94b4e6982","INTEGRATION_TEST_ONLY"
"synthetic_05","SYN_5_4","SYNEXP_5_4","SYNTHETIC_UNEQUAL_V32","count",0,0.125,,0.50344496250726,0,1,1,TRUE,,"beta_binomial_at_observed_Total",-2.35029969525048,26,"unlabelled_projection","unseen_category;unseen_raw_residue;unseen_combination;fixed_effect_not_estimable",FALSE,FALSE,TRUE,TRUE,FALSE,FALSE,FALSE,"integration",1,"joint_bb","M1","record_equal","9f9befe4e6d9b8f080446d15e638dfdfe281ed19c106417f079996b94b4e6982","INTEGRATION_TEST_ONLY"
"synthetic_05","SYN_5_5","SYNEXP_5_5","SYNTHETIC_UNEQUAL_V32","exact",1,0.65,,0.50344496250726,0.0908532918271314,1,0.909146708172869,TRUE,,"one_inflated_beta_report",0.268765516905181,27,"unlabelled_projection","unseen_category;unseen_raw_residue;unseen_combination;fixed_effect_not_estimable",FALSE,FALSE,TRUE,TRUE,FALSE,FALSE,FALSE,"integration",1,"joint_bb","M1","record_equal","9f9befe4e6d9b8f080446d15e638dfdfe281ed19c106417f079996b94b4e6982","INTEGRATION_TEST_ONLY"
"synthetic_05","SYN_5_6","SYNEXP_5_6","SYNTHETIC_UNEQUAL_V32","interval",,,,0.50344496250726,0.0990113377061881,1,0.900988662293812,,TRUE,"one_inflated_beta_report",-0.794455133098336,28,"unlabelled_projection","unseen_category;unseen_raw_residue;unseen_combination;fixed_effect_not_estimable",FALSE,FALSE,TRUE,TRUE,FALSE,FALSE,FALSE,"integration",1,"joint_bb","M1","record_equal","9f9befe4e6d9b8f080446d15e638dfdfe281ed19c106417f079996b94b4e6982","INTEGRATION_TEST_ONLY"
"synthetic_05","SYN_5_7","SYNEXP_5_7","SYNTHETIC_UNEQUAL_V32","count",1,0.818181818181818,,0.50344496250726,0,1,1,TRUE,,"beta_binomial_at_observed_Total",-2.50448356038783,29,"unlabelled_projection","unseen_category;unseen_raw_residue;unseen_combination;fixed_effect_not_estimable",FALSE,FALSE,TRUE,TRUE,FALSE,FALSE,FALSE,"integration",1,"joint_bb","M1","record_equal","9f9befe4e6d9b8f080446d15e638dfdfe281ed19c106417f079996b94b4e6982","INTEGRATION_TEST_ONLY"
"synthetic_05","SYN_5_8","SYNEXP_5_8","SYNTHETIC_UNEQUAL_V32","exact",0,0.15,,0.50344496250726,0.102197802605939,0.906643797792012,0.804445995186073,TRUE,,"one_inflated_beta_report",-0.345337538862862,30,"unlabelled_projection","unseen_category;unseen_raw_residue;unseen_combination;fixed_effect_not_estimable",FALSE,FALSE,TRUE,TRUE,FALSE,FALSE,FALSE,"integration",1,"joint_bb","M1","record_equal","9f9befe4e6d9b8f080446d15e638dfdfe281ed19c106417f079996b94b4e6982","INTEGRATION_TEST_ONLY"
"synthetic_06","SYN_6_1","SYNEXP_6_1","SYNTHETIC_UNEQUAL_V32","count",0,0.333333333333333,,0.50344496250726,0,1,1,TRUE,,"beta_binomial_at_observed_Total",-1.74561930714358,31,"unlabelled_projection","unseen_category;unseen_raw_residue;unseen_combination;fixed_effect_not_estimable",FALSE,FALSE,TRUE,TRUE,FALSE,FALSE,FALSE,"integration",1,"joint_bb","M1","record_equal","9f9befe4e6d9b8f080446d15e638dfdfe281ed19c106417f079996b94b4e6982","INTEGRATION_TEST_ONLY"
"synthetic_06","SYN_6_2","SYNEXP_6_2","SYNTHETIC_UNEQUAL_V32","exact",1,0.85,,0.50344496250726,0.117777815089065,0.951133688562468,0.833355873473403,TRUE,,"one_inflated_beta_report",-0.53188686512261,32,"unlabelled_projection","unseen_category;unseen_raw_residue;unseen_combination;fixed_effect_not_estimable",FALSE,FALSE,TRUE,TRUE,FALSE,FALSE,FALSE,"integration",1,"joint_bb","M1","record_equal","9f9befe4e6d9b8f080446d15e638dfdfe281ed19c106417f079996b94b4e6982","INTEGRATION_TEST_ONLY"
"synthetic_06","SYN_6_3","SYNEXP_6_3","SYNTHETIC_UNEQUAL_V32","interval",,,,0.50344496250726,0.131656691761581,1,0.868343308238419,,TRUE,"one_inflated_beta_report",-0.794455133098336,33,"unlabelled_projection","unseen_category;unseen_raw_residue;unseen_combination;fixed_effect_not_estimable",FALSE,FALSE,TRUE,TRUE,FALSE,FALSE,FALSE,"integration",1,"joint_bb","M1","record_equal","9f9befe4e6d9b8f080446d15e638dfdfe281ed19c106417f079996b94b4e6982","INTEGRATION_TEST_ONLY"
"synthetic_06","SYN_6_4","SYNEXP_6_4","SYNTHETIC_UNEQUAL_V32","count",1,0.666666666666667,,0.50344496250726,0,1,1,TRUE,,"beta_binomial_at_observed_Total",-2.07814636430639,34,"unlabelled_projection","unseen_category;unseen_raw_residue;unseen_combination;fixed_effect_not_estimable",FALSE,FALSE,TRUE,TRUE,FALSE,FALSE,FALSE,"integration",1,"joint_bb","M1","record_equal","9f9befe4e6d9b8f080446d15e638dfdfe281ed19c106417f079996b94b4e6982","INTEGRATION_TEST_ONLY"
"synthetic_06","SYN_6_5","SYNEXP_6_5","SYNTHETIC_UNEQUAL_V32","exact",0,0.35,,0.50344496250726,0.113575610180735,1,0.886424389819265,TRUE,,"one_inflated_beta_report",0.36523218834615,35,"unlabelled_projection","unseen_category;unseen_raw_residue;unseen_combination;fixed_effect_not_estimable",FALSE,FALSE,TRUE,TRUE,FALSE,FALSE,FALSE,"integration",1,"joint_bb","M1","record_equal","9f9befe4e6d9b8f080446d15e638dfdfe281ed19c106417f079996b94b4e6982","INTEGRATION_TEST_ONLY"
"synthetic_06","SYN_6_6","SYNEXP_6_6","SYNTHETIC_UNEQUAL_V32","interval",,,,0.50344496250726,0.0948267557410581,1,0.905173244258942,,TRUE,"one_inflated_beta_report",-0.794455133098336,36,"unlabelled_projection","unseen_category;unseen_raw_residue;unseen_combination;fixed_effect_not_estimable",FALSE,FALSE,TRUE,TRUE,FALSE,FALSE,FALSE,"integration",1,"joint_bb","M1","record_equal","9f9befe4e6d9b8f080446d15e638dfdfe281ed19c106417f079996b94b4e6982","INTEGRATION_TEST_ONLY"
"synthetic_06","SYN_6_7","SYNEXP_6_7","SYNTHETIC_UNEQUAL_V32","count",0,0.166666666666667,,0.50344496250726,0,1,1,TRUE,,"beta_binomial_at_observed_Total",-2.65309844086271,37,"unlabelled_projection","unseen_category;unseen_raw_residue;unseen_combination;fixed_effect_not_estimable",FALSE,FALSE,TRUE,TRUE,FALSE,FALSE,FALSE,"integration",1,"joint_bb","M1","record_equal","9f9befe4e6d9b8f080446d15e638dfdfe281ed19c106417f079996b94b4e6982","INTEGRATION_TEST_ONLY"
"synthetic_06","SYN_6_8","SYNEXP_6_8","SYNTHETIC_UNEQUAL_V32","exact",1,0.65,,0.50344496250726,0.0569928860947758,0.989377686953621,0.932384800858846,TRUE,,"one_inflated_beta_report",0.268765516905181,38,"unlabelled_projection","unseen_category;unseen_raw_residue;unseen_combination;fixed_effect_not_estimable",FALSE,FALSE,TRUE,TRUE,FALSE,FALSE,FALSE,"integration",1,"joint_bb","M1","record_equal","9f9befe4e6d9b8f080446d15e638dfdfe281ed19c106417f079996b94b4e6982","INTEGRATION_TEST_ONLY"
"synthetic_06","SYN_6_9","SYNEXP_6_9","SYNTHETIC_UNEQUAL_V32","interval",,,,0.50344496250726,0.111530137720416,1,0.888469862279584,,TRUE,"one_inflated_beta_report",-0.794455133098336,39,"unlabelled_projection","unseen_category;unseen_raw_residue;unseen_combination;fixed_effect_not_estimable",FALSE,FALSE,TRUE,TRUE,FALSE,FALSE,FALSE,"integration",1,"joint_bb","M1","record_equal","9f9befe4e6d9b8f080446d15e638dfdfe281ed19c106417f079996b94b4e6982","INTEGRATION_TEST_ONLY"
"synthetic_07","SYN_7_1","SYNEXP_7_1","SYNTHETIC_UNEQUAL_V32","count",1,0.857142857142857,,0.507079156249876,0,1,1,TRUE,,"beta_binomial_at_observed_Total",-2.144329660996,40,"unlabelled_projection","unseen_category;unseen_raw_residue;unseen_combination;fixed_effect_not_estimable",FALSE,FALSE,TRUE,TRUE,FALSE,FALSE,FALSE,"integration",2,"joint_bb","M1","record_equal","9487ad6518a86a50431a7c153328bfa7746dedbcafdf1fea097adaaf95a60ad5","INTEGRATION_TEST_ONLY"
"synthetic_07","SYN_7_2","SYNEXP_7_2","SYNTHETIC_UNEQUAL_V32","exact",0,0.15,,0.507079156249876,0.0560119739924478,1,0.943988026007552,TRUE,,"one_inflated_beta_report",-0.212446464632995,41,"unlabelled_projection","unseen_category;unseen_raw_residue;unseen_combination;fixed_effect_not_estimable",FALSE,FALSE,TRUE,TRUE,FALSE,FALSE,FALSE,"integration",2,"joint_bb","M1","record_equal","9487ad6518a86a50431a7c153328bfa7746dedbcafdf1fea097adaaf95a60ad5","INTEGRATION_TEST_ONLY"
"synthetic_07","SYN_7_3","SYNEXP_7_3","SYNTHETIC_UNEQUAL_V32","interval",,,,0.507079156249876,0.0816646334482016,1,0.918335366551798,,TRUE,"one_inflated_beta_report",-0.899498679103675,42,"unlabelled_projection","unseen_category;unseen_raw_residue;unseen_combination;fixed_effect_not_estimable",FALSE,FALSE,TRUE,TRUE,FALSE,FALSE,FALSE,"integration",2,"joint_bb","M1","record_equal","9487ad6518a86a50431a7c153328bfa7746dedbcafdf1fea097adaaf95a60ad5","INTEGRATION_TEST_ONLY"
"synthetic_07","SYN_7_4","SYNEXP_7_4","SYNTHETIC_UNEQUAL_V32","count",0,0.4,,0.507079156249876,0,1,1,TRUE,,"beta_binomial_at_observed_Total",-2.08490974385403,43,"unlabelled_projection","unseen_category;unseen_raw_residue;unseen_combination;fixed_effect_not_estimable",FALSE,FALSE,TRUE,TRUE,FALSE,FALSE,FALSE,"integration",2,"joint_bb","M1","record_equal","9487ad6518a86a50431a7c153328bfa7746dedbcafdf1fea097adaaf95a60ad5","INTEGRATION_TEST_ONLY"
"synthetic_07","SYN_7_5","SYNEXP_7_5","SYNTHETIC_UNEQUAL_V32","exact",1,0.85,,0.507079156249876,0.0425782282735712,0.934317220769357,0.891738992495786,TRUE,,"one_inflated_beta_report",-0.348635918850482,44,"unlabelled_projection","unseen_category;unseen_raw_residue;unseen_combination;fixed_effect_not_estimable",FALSE,FALSE,TRUE,TRUE,FALSE,FALSE,FALSE,"integration",2,"joint_bb","M1","record_equal","9487ad6518a86a50431a7c153328bfa7746dedbcafdf1fea097adaaf95a60ad5","INTEGRATION_TEST_ONLY"
"synthetic_07","SYN_7_6","SYNEXP_7_6","SYNTHETIC_UNEQUAL_V32","interval",,,,0.507079156249876,0.10169393638911,1,0.89830606361089,,TRUE,"one_inflated_beta_report",-0.899498679103675,45,"unlabelled_projection","unseen_category;unseen_raw_residue;unseen_combination;fixed_effect_not_estimable",FALSE,FALSE,TRUE,TRUE,FALSE,FALSE,FALSE,"integration",2,"joint_bb","M1","record_equal","9487ad6518a86a50431a7c153328bfa7746dedbcafdf1fea097adaaf95a60ad5","INTEGRATION_TEST_ONLY"
"synthetic_07","SYN_7_7","SYNEXP_7_7","SYNTHETIC_UNEQUAL_V32","count",1,0.666666666666667,,0.507079156249876,0,1,1,TRUE,,"beta_binomial_at_observed_Total",-1.69834192949107,46,"unlabelled_projection","unseen_category;unseen_raw_residue;unseen_combination;fixed_effect_not_estimable",FALSE,FALSE,TRUE,TRUE,FALSE,FALSE,FALSE,"integration",2,"joint_bb","M1","record_equal","9487ad6518a86a50431a7c153328bfa7746dedbcafdf1fea097adaaf95a60ad5","INTEGRATION_TEST_ONLY"
"synthetic_07","SYN_7_8","SYNEXP_7_8","SYNTHETIC_UNEQUAL_V32","exact",0,0.35,,0.507079156249876,0.0864258028939213,1,0.913574197106079,TRUE,,"one_inflated_beta_report",0.267914538525038,47,"unlabelled_projection","unseen_category;unseen_raw_residue;unseen_combination;fixed_effect_not_estimable",FALSE,FALSE,TRUE,TRUE,FALSE,FALSE,FALSE,"integration",2,"joint_bb","M1","record_equal","9487ad6518a86a50431a7c153328bfa7746dedbcafdf1fea097adaaf95a60ad5","INTEGRATION_TEST_ONLY"
"synthetic_07","SYN_7_9","SYNEXP_7_9","SYNTHETIC_UNEQUAL_V32","interval",,,,0.507079156249876,0.108446032042069,1,0.891553967957931,,TRUE,"one_inflated_beta_report",-0.899498679103675,48,"unlabelled_projection","unseen_category;unseen_raw_residue;unseen_combination;fixed_effect_not_estimable",FALSE,FALSE,TRUE,TRUE,FALSE,FALSE,FALSE,"integration",2,"joint_bb","M1","record_equal","9487ad6518a86a50431a7c153328bfa7746dedbcafdf1fea097adaaf95a60ad5","INTEGRATION_TEST_ONLY"
"synthetic_07","SYN_7_10","SYNEXP_7_10","SYNTHETIC_UNEQUAL_V32","count",0,0.111111111111111,,0.507079156249876,0,1,1,TRUE,,"beta_binomial_at_observed_Total",-2.5908309599917,49,"unlabelled_projection","unseen_category;unseen_raw_residue;unseen_combination;fixed_effect_not_estimable",FALSE,FALSE,TRUE,TRUE,FALSE,FALSE,FALSE,"integration",2,"joint_bb","M1","record_equal","9487ad6518a86a50431a7c153328bfa7746dedbcafdf1fea097adaaf95a60ad5","INTEGRATION_TEST_ONLY"
"synthetic_08","SYN_8_1","SYNEXP_8_1","SYNTHETIC_UNEQUAL_V32","count",0,0.125,,0.507079156249876,0,1,1,TRUE,,"beta_binomial_at_observed_Total",-2.41108223274738,50,"unlabelled_projection","unseen_category;unseen_raw_residue;unseen_combination;fixed_effect_not_estimable",FALSE,FALSE,TRUE,TRUE,FALSE,FALSE,FALSE,"integration",2,"joint_bb","M1","record_equal","9487ad6518a86a50431a7c153328bfa7746dedbcafdf1fea097adaaf95a60ad5","INTEGRATION_TEST_ONLY"
"synthetic_08","SYN_8_2","SYNEXP_8_2","SYNTHETIC_UNEQUAL_V32","exact",1,0.65,,0.507079156249876,0.119494489399666,1,0.880505510600334,TRUE,,"one_inflated_beta_report",0.216664877512083,51,"unlabelled_projection","unseen_category;unseen_raw_residue;unseen_combination;fixed_effect_not_estimable",FALSE,FALSE,TRUE,TRUE,FALSE,FALSE,FALSE,"integration",2,"joint_bb","M1","record_equal","9487ad6518a86a50431a7c153328bfa7746dedbcafdf1fea097adaaf95a60ad5","INTEGRATION_TEST_ONLY"
"synthetic_08","SYN_8_3","SYNEXP_8_3","SYNTHETIC_UNEQUAL_V32","interval",,,,0.507079156249876,0.0782762073030535,0.998222190849416,0.919945983546363,,TRUE,"one_inflated_beta_report",-0.899498679103675,52,"unlabelled_projection","unseen_category;unseen_raw_residue;unseen_combination;fixed_effect_not_estimable",FALSE,FALSE,TRUE,TRUE,FALSE,FALSE,FALSE,"integration",2,"joint_bb","M1","record_equal","9487ad6518a86a50431a7c153328bfa7746dedbcafdf1fea097adaaf95a60ad5","INTEGRATION_TEST_ONLY"
"synthetic_08","SYN_8_4","SYNEXP_8_4","SYNTHETIC_UNEQUAL_V32","count",1,0.818181818181818,,0.507079156249876,0,1,1,TRUE,,"beta_binomial_at_observed_Total",-2.49776627526107,53,"unlabelled_projection","unseen_category;unseen_raw_residue;unseen_combination;fixed_effect_not_estimable",FALSE,FALSE,TRUE,TRUE,FALSE,FALSE,FALSE,"integration",2,"joint_bb","M1","record_equal","9487ad6518a86a50431a7c153328bfa7746dedbcafdf1fea097adaaf95a60ad5","INTEGRATION_TEST_ONLY"
"synthetic_08","SYN_8_5","SYNEXP_8_5","SYNTHETIC_UNEQUAL_V32","exact",0,0.15,,0.507079156249876,0.0510602162539051,0.979856516605298,0.928796300351393,TRUE,,"one_inflated_beta_report",-0.212446464632995,54,"unlabelled_projection","unseen_category;unseen_raw_residue;unseen_combination;fixed_effect_not_estimable",FALSE,FALSE,TRUE,TRUE,FALSE,FALSE,FALSE,"integration",2,"joint_bb","M1","record_equal","9487ad6518a86a50431a7c153328bfa7746dedbcafdf1fea097adaaf95a60ad5","INTEGRATION_TEST_ONLY"
"synthetic_08","SYN_8_6","SYNEXP_8_6","SYNTHETIC_UNEQUAL_V32","interval",,,,0.507079156249876,0.085843398119877,1,0.914156601880123,,TRUE,"one_inflated_beta_report",-0.899498679103675,55,"unlabelled_projection","unseen_category;unseen_raw_residue;unseen_combination;fixed_effect_not_estimable",FALSE,FALSE,TRUE,TRUE,FALSE,FALSE,FALSE,"integration",2,"joint_bb","M1","record_equal","9487ad6518a86a50431a7c153328bfa7746dedbcafdf1fea097adaaf95a60ad5","INTEGRATION_TEST_ONLY"
"synthetic_08","SYN_8_7","SYNEXP_8_7","SYNTHETIC_UNEQUAL_V32","count",0,0.285714285714286,,0.507079156249876,0,1,1,TRUE,,"beta_binomial_at_observed_Total",-1.91597341952249,56,"unlabelled_projection","unseen_category;unseen_raw_residue;unseen_combination;fixed_effect_not_estimable",FALSE,FALSE,TRUE,TRUE,FALSE,FALSE,FALSE,"integration",2,"joint_bb","M1","record_equal","9487ad6518a86a50431a7c153328bfa7746dedbcafdf1fea097adaaf95a60ad5","INTEGRATION_TEST_ONLY"
"synthetic_08","SYN_8_8","SYNEXP_8_8","SYNTHETIC_UNEQUAL_V32","exact",1,0.85,,0.507079156249876,0.0752999742257544,1,0.924700025774246,TRUE,,"one_inflated_beta_report",-0.348635918850482,57,"unlabelled_projection","unseen_category;unseen_raw_residue;unseen_combination;fixed_effect_not_estimable",FALSE,FALSE,TRUE,TRUE,FALSE,FALSE,FALSE,"integration",2,"joint_bb","M1","record_equal","9487ad6518a86a50431a7c153328bfa7746dedbcafdf1fea097adaaf95a60ad5","INTEGRATION_TEST_ONLY"
"synthetic_08","SYN_8_9","SYNEXP_8_9","SYNTHETIC_UNEQUAL_V32","interval",,,,0.507079156249876,0.0661632015346303,1,0.93383679846537,,TRUE,"one_inflated_beta_report",-0.899498679103675,58,"unlabelled_projection","unseen_category;unseen_raw_residue;unseen_combination;fixed_effect_not_estimable",FALSE,FALSE,TRUE,TRUE,FALSE,FALSE,FALSE,"integration",2,"joint_bb","M1","record_equal","9487ad6518a86a50431a7c153328bfa7746dedbcafdf1fea097adaaf95a60ad5","INTEGRATION_TEST_ONLY"
"synthetic_08","SYN_8_10","SYNEXP_8_10","SYNTHETIC_UNEQUAL_V32","count",1,0.6,,0.507079156249876,0,1,1,TRUE,,"beta_binomial_at_observed_Total",-2.06572034202406,59,"unlabelled_projection","unseen_category;unseen_raw_residue;unseen_combination;fixed_effect_not_estimable",FALSE,FALSE,TRUE,TRUE,FALSE,FALSE,FALSE,"integration",2,"joint_bb","M1","record_equal","9487ad6518a86a50431a7c153328bfa7746dedbcafdf1fea097adaaf95a60ad5","INTEGRATION_TEST_ONLY"
"synthetic_08","SYN_8_11","SYNEXP_8_11","SYNTHETIC_UNEQUAL_V32","exact",0,0.35,,0.507079156249876,0.0897504053159976,1,0.910249594684002,TRUE,,"one_inflated_beta_report",0.267914538525038,60,"unlabelled_projection","unseen_category;unseen_raw_residue;unseen_combination;fixed_effect_not_estimable",FALSE,FALSE,TRUE,TRUE,FALSE,FALSE,FALSE,"integration",2,"joint_bb","M1","record_equal","9487ad6518a86a50431a7c153328bfa7746dedbcafdf1fea097adaaf95a60ad5","INTEGRATION_TEST_ONLY"
"synthetic_09","SYN_9_1","SYNEXP_9_1","SYNTHETIC_UNEQUAL_V32","count",1,0.666666666666667,,0.494848398427364,0,1,1,TRUE,,"beta_binomial_at_observed_Total",-2.15459755043826,61,"unlabelled_projection","missing_predictor;unseen_category;unseen_raw_residue;unseen_combination;fixed_effect_not_estimable",TRUE,TRUE,TRUE,TRUE,FALSE,FALSE,FALSE,"integration",2,"joint_bb","M1","record_equal","9487ad6518a86a50431a7c153328bfa7746dedbcafdf1fea097adaaf95a60ad5","INTEGRATION_TEST_ONLY"
"synthetic_09","SYN_9_2","SYNEXP_9_2","SYNTHETIC_UNEQUAL_V32","exact",0,0.35,,0.494848398427364,0.0602918288125189,1,0.939708171187481,TRUE,,"one_inflated_beta_report",0.200196741041999,62,"unlabelled_projection","missing_predictor;unseen_category;unseen_raw_residue;unseen_combination;fixed_effect_not_estimable",TRUE,TRUE,TRUE,TRUE,FALSE,FALSE,FALSE,"integration",2,"joint_bb","M1","record_equal","9487ad6518a86a50431a7c153328bfa7746dedbcafdf1fea097adaaf95a60ad5","INTEGRATION_TEST_ONLY"
"synthetic_09","SYN_9_3","SYNEXP_9_3","SYNTHETIC_UNEQUAL_V32","interval",,,,0.494848398427364,0.0485885649499274,1,0.951411435050073,,TRUE,"one_inflated_beta_report",-1.01664303610571,63,"unlabelled_projection","missing_predictor;unseen_category;unseen_raw_residue;unseen_combination;fixed_effect_not_estimable",TRUE,TRUE,TRUE,TRUE,FALSE,FALSE,FALSE,"integration",2,"joint_bb","M1","record_equal","9487ad6518a86a50431a7c153328bfa7746dedbcafdf1fea097adaaf95a60ad5","INTEGRATION_TEST_ONLY"
"synthetic_09","SYN_9_4","SYNEXP_9_4","SYNTHETIC_UNEQUAL_V32","count",0,0.166666666666667,,0.494848398427364,0,1,1,TRUE,,"beta_binomial_at_observed_Total",-2.58369127357314,64,"unlabelled_projection","missing_predictor;unseen_category;unseen_raw_residue;unseen_combination;fixed_effect_not_estimable",TRUE,TRUE,TRUE,TRUE,FALSE,FALSE,FALSE,"integration",2,"joint_bb","M1","record_equal","9487ad6518a86a50431a7c153328bfa7746dedbcafdf1fea097adaaf95a60ad5","INTEGRATION_TEST_ONLY"
"synthetic_09","SYN_9_5","SYNEXP_9_5","SYNTHETIC_UNEQUAL_V32","exact",1,0.65,,0.494848398427364,0.0395389517492018,1,0.960461048250798,TRUE,,"one_inflated_beta_report",0.094263116393163,65,"unlabelled_projection","missing_predictor;unseen_category;unseen_raw_residue;unseen_combination;fixed_effect_not_estimable",TRUE,TRUE,TRUE,TRUE,FALSE,FALSE,FALSE,"integration",2,"joint_bb","M1","record_equal","9487ad6518a86a50431a7c153328bfa7746dedbcafdf1fea097adaaf95a60ad5","INTEGRATION_TEST_ONLY"
"synthetic_09","SYN_9_6","SYNEXP_9_6","SYNTHETIC_UNEQUAL_V32","interval",,,,0.494848398427364,0.0491892556826701,0.982390190136352,0.933200934453682,,TRUE,"one_inflated_beta_report",-1.01664303610571,66,"unlabelled_projection","missing_predictor;unseen_category;unseen_raw_residue;unseen_combination;fixed_effect_not_estimable",TRUE,TRUE,TRUE,TRUE,FALSE,FALSE,FALSE,"integration",2,"joint_bb","M1","record_equal","9487ad6518a86a50431a7c153328bfa7746dedbcafdf1fea097adaaf95a60ad5","INTEGRATION_TEST_ONLY"
"synthetic_09","SYN_9_7","SYNEXP_9_7","SYNTHETIC_UNEQUAL_V32","count",1,0.875,,0.494848398427364,0,1,1,TRUE,,"beta_binomial_at_observed_Total",-2.33943190427458,67,"unlabelled_projection","missing_predictor;unseen_category;unseen_raw_residue;unseen_combination;fixed_effect_not_estimable",TRUE,TRUE,TRUE,TRUE,FALSE,FALSE,FALSE,"integration",2,"joint_bb","M1","record_equal","9487ad6518a86a50431a7c153328bfa7746dedbcafdf1fea097adaaf95a60ad5","INTEGRATION_TEST_ONLY"
"synthetic_09","SYN_9_8","SYNEXP_9_8","SYNTHETIC_UNEQUAL_V32","exact",0,0.15,,0.494848398427364,0.0274994369206049,0.999786037111615,0.97228660019101,TRUE,,"one_inflated_beta_report",-0.0404593211915794,68,"unlabelled_projection","missing_predictor;unseen_category;unseen_raw_residue;unseen_combination;fixed_effect_not_estimable",TRUE,TRUE,TRUE,TRUE,FALSE,FALSE,FALSE,"integration",2,"joint_bb","M1","record_equal","9487ad6518a86a50431a7c153328bfa7746dedbcafdf1fea097adaaf95a60ad5","INTEGRATION_TEST_ONLY"
"synthetic_09","SYN_9_9","SYNEXP_9_9","SYNTHETIC_UNEQUAL_V32","interval",,,,0.494848398427364,0.0301925106861501,1,0.96980748931385,,TRUE,"one_inflated_beta_report",-1.01664303610571,69,"unlabelled_projection","missing_predictor;unseen_category;unseen_raw_residue;unseen_combination;fixed_effect_not_estimable",TRUE,TRUE,TRUE,TRUE,FALSE,FALSE,FALSE,"integration",2,"joint_bb","M1","record_equal","9487ad6518a86a50431a7c153328bfa7746dedbcafdf1fea097adaaf95a60ad5","INTEGRATION_TEST_ONLY"
"synthetic_09","SYN_9_10","SYNEXP_9_10","SYNTHETIC_UNEQUAL_V32","count",0,0.363636363636364,,0.494848398427364,0.0431818181818183,1,0.956818181818182,TRUE,,"beta_binomial_at_observed_Total",-2.24160732567242,70,"unlabelled_projection","missing_predictor;unseen_category;unseen_raw_residue;unseen_combination;fixed_effect_not_estimable",TRUE,TRUE,TRUE,TRUE,FALSE,FALSE,FALSE,"integration",2,"joint_bb","M1","record_equal","9487ad6518a86a50431a7c153328bfa7746dedbcafdf1fea097adaaf95a60ad5","INTEGRATION_TEST_ONLY"
"synthetic_09","SYN_9_11","SYNEXP_9_11","SYNTHETIC_UNEQUAL_V32","exact",1,0.85,,0.494848398427364,0.044634882975335,1,0.955365117024665,TRUE,,"one_inflated_beta_report",-0.301637596401035,71,"unlabelled_projection","missing_predictor;unseen_category;unseen_raw_residue;unseen_combination;fixed_effect_not_estimable",TRUE,TRUE,TRUE,TRUE,FALSE,FALSE,FALSE,"integration",2,"joint_bb","M1","record_equal","9487ad6518a86a50431a7c153328bfa7746dedbcafdf1fea097adaaf95a60ad5","INTEGRATION_TEST_ONLY"
"synthetic_09","SYN_9_12","SYNEXP_9_12","SYNTHETIC_UNEQUAL_V32","interval",,,,0.494848398427364,0.0507644405971899,1,0.94923555940281,,TRUE,"one_inflated_beta_report",-1.01664303610571,72,"unlabelled_projection","missing_predictor;unseen_category;unseen_raw_residue;unseen_combination;fixed_effect_not_estimable",TRUE,TRUE,TRUE,TRUE,FALSE,FALSE,FALSE,"integration",2,"joint_bb","M1","record_equal","9487ad6518a86a50431a7c153328bfa7746dedbcafdf1fea097adaaf95a60ad5","INTEGRATION_TEST_ONLY"
"synthetic_10","SYN_10_1","SYNEXP_10_1","SYNTHETIC_UNEQUAL_V32","count",0,0.4,,0.507079156249876,0,0.952499999999998,0.952499999999998,TRUE,,"beta_binomial_at_observed_Total",-2.08490974385403,73,"unlabelled_projection","unseen_category;unseen_raw_residue;unseen_combination;fixed_effect_not_estimable",FALSE,FALSE,TRUE,TRUE,FALSE,FALSE,FALSE,"integration",2,"joint_bb","M1","record_equal","9487ad6518a86a50431a7c153328bfa7746dedbcafdf1fea097adaaf95a60ad5","INTEGRATION_TEST_ONLY"
"synthetic_10","SYN_10_2","SYNEXP_10_2","SYNTHETIC_UNEQUAL_V32","exact",1,0.85,,0.507079156249876,0.0769319496585159,0.965652341705863,0.888720392047347,TRUE,,"one_inflated_beta_report",-0.348635918850482,74,"unlabelled_projection","unseen_category;unseen_raw_residue;unseen_combination;fixed_effect_not_estimable",FALSE,FALSE,TRUE,TRUE,FALSE,FALSE,FALSE,"integration",2,"joint_bb","M1","record_equal","9487ad6518a86a50431a7c153328bfa7746dedbcafdf1fea097adaaf95a60ad5","INTEGRATION_TEST_ONLY"
"synthetic_10","SYN_10_3","SYNEXP_10_3","SYNTHETIC_UNEQUAL_V32","interval",,,,0.507079156249876,0.0751360453911541,0.979576204206144,0.90444015881499,,TRUE,"one_inflated_beta_report",-0.899498679103675,75,"unlabelled_projection","unseen_category;unseen_raw_residue;unseen_combination;fixed_effect_not_estimable",FALSE,FALSE,TRUE,TRUE,FALSE,FALSE,FALSE,"integration",2,"joint_bb","M1","record_equal","9487ad6518a86a50431a7c153328bfa7746dedbcafdf1fea097adaaf95a60ad5","INTEGRATION_TEST_ONLY"
"synthetic_10","SYN_10_4","SYNEXP_10_4","SYNTHETIC_UNEQUAL_V32","count",1,0.666666666666667,,0.507079156249876,0,1,1,TRUE,,"beta_binomial_at_observed_Total",-1.69834192949107,76,"unlabelled_projection","unseen_category;unseen_raw_residue;unseen_combination;fixed_effect_not_estimable",FALSE,FALSE,TRUE,TRUE,FALSE,FALSE,FALSE,"integration",2,"joint_bb","M1","record_equal","9487ad6518a86a50431a7c153328bfa7746dedbcafdf1fea097adaaf95a60ad5","INTEGRATION_TEST_ONLY"
"synthetic_10","SYN_10_5","SYNEXP_10_5","SYNTHETIC_UNEQUAL_V32","exact",0,0.35,,0.507079156249876,0.0876862500130767,0.951953910075883,0.864267660062806,TRUE,,"one_inflated_beta_report",0.267914538525038,77,"unlabelled_projection","unseen_category;unseen_raw_residue;unseen_combination;fixed_effect_not_estimable",FALSE,FALSE,TRUE,TRUE,FALSE,FALSE,FALSE,"integration",2,"joint_bb","M1","record_equal","9487ad6518a86a50431a7c153328bfa7746dedbcafdf1fea097adaaf95a60ad5","INTEGRATION_TEST_ONLY"
"synthetic_10","SYN_10_6","SYNEXP_10_6","SYNTHETIC_UNEQUAL_V32","interval",,,,0.507079156249876,0.0528976712231879,1,0.947102328776812,,TRUE,"one_inflated_beta_report",-0.899498679103675,78,"unlabelled_projection","unseen_category;unseen_raw_residue;unseen_combination;fixed_effect_not_estimable",FALSE,FALSE,TRUE,TRUE,FALSE,FALSE,FALSE,"integration",2,"joint_bb","M1","record_equal","9487ad6518a86a50431a7c153328bfa7746dedbcafdf1fea097adaaf95a60ad5","INTEGRATION_TEST_ONLY"
"synthetic_10","SYN_10_7","SYNEXP_10_7","SYNTHETIC_UNEQUAL_V32","count",0,0.111111111111111,,0.507079156249876,0,1,1,TRUE,,"beta_binomial_at_observed_Total",-2.5908309599917,79,"unlabelled_projection","unseen_category;unseen_raw_residue;unseen_combination;fixed_effect_not_estimable",FALSE,FALSE,TRUE,TRUE,FALSE,FALSE,FALSE,"integration",2,"joint_bb","M1","record_equal","9487ad6518a86a50431a7c153328bfa7746dedbcafdf1fea097adaaf95a60ad5","INTEGRATION_TEST_ONLY"
"synthetic_10","SYN_10_8","SYNEXP_10_8","SYNTHETIC_UNEQUAL_V32","exact",1,0.65,,0.507079156249876,0.0790553868303057,1,0.920944613169694,TRUE,,"one_inflated_beta_report",0.216664877512083,80,"unlabelled_projection","unseen_category;unseen_raw_residue;unseen_combination;fixed_effect_not_estimable",FALSE,FALSE,TRUE,TRUE,FALSE,FALSE,FALSE,"integration",2,"joint_bb","M1","record_equal","9487ad6518a86a50431a7c153328bfa7746dedbcafdf1fea097adaaf95a60ad5","INTEGRATION_TEST_ONLY"
"synthetic_10","SYN_10_9","SYNEXP_10_9","SYNTHETIC_UNEQUAL_V32","interval",,,,0.507079156249876,0.114799233567958,1,0.885200766432042,,TRUE,"one_inflated_beta_report",-0.899498679103675,81,"unlabelled_projection","unseen_category;unseen_raw_residue;unseen_combination;fixed_effect_not_estimable",FALSE,FALSE,TRUE,TRUE,FALSE,FALSE,FALSE,"integration",2,"joint_bb","M1","record_equal","9487ad6518a86a50431a7c153328bfa7746dedbcafdf1fea097adaaf95a60ad5","INTEGRATION_TEST_ONLY"
"synthetic_10","SYN_10_10","SYNEXP_10_10","SYNTHETIC_UNEQUAL_V32","count",1,0.833333333333333,,0.507079156249876,0.0833333333333333,0.916666666666667,0.833333333333333,TRUE,,"beta_binomial_at_observed_Total",-2.63028708827309,82,"unlabelled_projection","unseen_category;unseen_raw_residue;unseen_combination;fixed_effect_not_estimable",FALSE,FALSE,TRUE,TRUE,FALSE,FALSE,FALSE,"integration",2,"joint_bb","M1","record_equal","9487ad6518a86a50431a7c153328bfa7746dedbcafdf1fea097adaaf95a60ad5","INTEGRATION_TEST_ONLY"
"synthetic_10","SYN_10_11","SYNEXP_10_11","SYNTHETIC_UNEQUAL_V32","exact",0,0.15,,0.507079156249876,0.0734457045277299,0.994530213548708,0.921084509020978,TRUE,,"one_inflated_beta_report",-0.212446464632995,83,"unlabelled_projection","unseen_category;unseen_raw_residue;unseen_combination;fixed_effect_not_estimable",FALSE,FALSE,TRUE,TRUE,FALSE,FALSE,FALSE,"integration",2,"joint_bb","M1","record_equal","9487ad6518a86a50431a7c153328bfa7746dedbcafdf1fea097adaaf95a60ad5","INTEGRATION_TEST_ONLY"
"synthetic_10","SYN_10_12","SYNEXP_10_12","SYNTHETIC_UNEQUAL_V32","interval",,,,0.507079156249876,0.0948727059242907,1,0.905127294075709,,TRUE,"one_inflated_beta_report",-0.899498679103675,84,"unlabelled_projection","unseen_category;unseen_raw_residue;unseen_combination;fixed_effect_not_estimable",FALSE,FALSE,TRUE,TRUE,FALSE,FALSE,FALSE,"integration",2,"joint_bb","M1","record_equal","9487ad6518a86a50431a7c153328bfa7746dedbcafdf1fea097adaaf95a60ad5","INTEGRATION_TEST_ONLY"
"synthetic_10","SYN_10_13","SYNEXP_10_13","SYNTHETIC_UNEQUAL_V32","count",0,0.375,,0.507079156249876,0,1,1,TRUE,,"beta_binomial_at_observed_Total",-1.92077065243223,85,"unlabelled_projection","unseen_category;unseen_raw_residue;unseen_combination;fixed_effect_not_estimable",FALSE,FALSE,TRUE,TRUE,FALSE,FALSE,FALSE,"integration",2,"joint_bb","M1","record_equal","9487ad6518a86a50431a7c153328bfa7746dedbcafdf1fea097adaaf95a60ad5","INTEGRATION_TEST_ONLY"
"synthetic_11","SYN_11_1","SYNEXP_11_1","SYNTHETIC_UNEQUAL_V32","count",1,0.818181818181818,,0.493637567806115,0,1,1,TRUE,,"beta_binomial_at_observed_Total",-2.50808977419849,86,"unlabelled_projection","missing_predictor;unseen_category;unseen_raw_residue;unseen_combination;fixed_effect_not_estimable",TRUE,TRUE,TRUE,TRUE,FALSE,FALSE,FALSE,"integration",2,"joint_bb","M1","record_equal","9487ad6518a86a50431a7c153328bfa7746dedbcafdf1fea097adaaf95a60ad5","INTEGRATION_TEST_ONLY"
"synthetic_11","SYN_11_2","SYNEXP_11_2","SYNTHETIC_UNEQUAL_V32","exact",0,0.15,,0.493637567806115,0.00743616528778143,1,0.992563834712219,TRUE,,"one_inflated_beta_report",-0.0214417817894117,87,"unlabelled_projection","missing_predictor;unseen_category;unseen_raw_residue;unseen_combination;fixed_effect_not_estimable",TRUE,TRUE,TRUE,TRUE,FALSE,FALSE,FALSE,"integration",2,"joint_bb","M1","record_equal","9487ad6518a86a50431a7c153328bfa7746dedbcafdf1fea097adaaf95a60ad5","INTEGRATION_TEST_ONLY"
"synthetic_11","SYN_11_3","SYNEXP_11_3","SYNTHETIC_UNEQUAL_V32","interval",,,,0.493637567806115,0.0372127099175531,1,0.962787290082447,,TRUE,"one_inflated_beta_report",-1.10726713444557,88,"unlabelled_projection","missing_predictor;unseen_category;unseen_raw_residue;unseen_combination;fixed_effect_not_estimable",TRUE,TRUE,TRUE,TRUE,FALSE,FALSE,FALSE,"integration",2,"joint_bb","M1","record_equal","9487ad6518a86a50431a7c153328bfa7746dedbcafdf1fea097adaaf95a60ad5","INTEGRATION_TEST_ONLY"
"synthetic_11","SYN_11_4","SYNEXP_11_4","SYNTHETIC_UNEQUAL_V32","count",0,0.285714285714286,,0.493637567806115,0,1,1,TRUE,,"beta_binomial_at_observed_Total",-1.99005874027524,89,"unlabelled_projection","missing_predictor;unseen_category;unseen_raw_residue;unseen_combination;fixed_effect_not_estimable",TRUE,TRUE,TRUE,TRUE,FALSE,FALSE,FALSE,"integration",2,"joint_bb","M1","record_equal","9487ad6518a86a50431a7c153328bfa7746dedbcafdf1fea097adaaf95a60ad5","INTEGRATION_TEST_ONLY"
"synthetic_11","SYN_11_5","SYNEXP_11_5","SYNTHETIC_UNEQUAL_V32","exact",1,0.85,,0.493637567806115,0.0442034110779104,0.999091007171809,0.954887596093899,TRUE,,"one_inflated_beta_report",-0.256465644111019,90,"unlabelled_projection","missing_predictor;unseen_category;unseen_raw_residue;unseen_combination;fixed_effect_not_estimable",TRUE,TRUE,TRUE,TRUE,FALSE,FALSE,FALSE,"integration",2,"joint_bb","M1","record_equal","9487ad6518a86a50431a7c153328bfa7746dedbcafdf1fea097adaaf95a60ad5","INTEGRATION_TEST_ONLY"
"synthetic_11","SYN_11_6","SYNEXP_11_6","SYNTHETIC_UNEQUAL_V32","interval",,,,0.493637567806115,0.0381310791630003,0.9989136612686,0.960782582105599,,TRUE,"one_inflated_beta_report",-1.10726713444557,91,"unlabelled_projection","missing_predictor;unseen_category;unseen_raw_residue;unseen_combination;fixed_effect_not_estimable",TRUE,TRUE,TRUE,TRUE,FALSE,FALSE,FALSE,"integration",2,"joint_bb","M1","record_equal","9487ad6518a86a50431a7c153328bfa7746dedbcafdf1fea097adaaf95a60ad5","INTEGRATION_TEST_ONLY"
"synthetic_11","SYN_11_7","SYNEXP_11_7","SYNTHETIC_UNEQUAL_V32","count",1,0.6,,0.493637567806115,0,1,1,TRUE,,"beta_binomial_at_observed_Total",-2.26379813050917,92,"unlabelled_projection","missing_predictor;unseen_category;unseen_raw_residue;unseen_combination;fixed_effect_not_estimable",TRUE,TRUE,TRUE,TRUE,FALSE,FALSE,FALSE,"integration",2,"joint_bb","M1","record_equal","9487ad6518a86a50431a7c153328bfa7746dedbcafdf1fea097adaaf95a60ad5","INTEGRATION_TEST_ONLY"
"synthetic_11","SYN_11_8","SYNEXP_11_8","SYNTHETIC_UNEQUAL_V32","exact",0,0.35,,0.493637567806115,0.0110981601928866,1,0.988901839807113,TRUE,,"one_inflated_beta_report",0.121937471258936,93,"unlabelled_projection","missing_predictor;unseen_category;unseen_raw_residue;unseen_combination;fixed_effect_not_estimable",TRUE,TRUE,TRUE,TRUE,FALSE,FALSE,FALSE,"integration",2,"joint_bb","M1","record_equal","9487ad6518a86a50431a7c153328bfa7746dedbcafdf1fea097adaaf95a60ad5","INTEGRATION_TEST_ONLY"
"synthetic_11","SYN_11_9","SYNEXP_11_9","SYNTHETIC_UNEQUAL_V32","interval",,,,0.493637567806115,0.0244605776114559,1,0.975539422388544,,TRUE,"one_inflated_beta_report",-1.10726713444557,94,"unlabelled_projection","missing_predictor;unseen_category;unseen_raw_residue;unseen_combination;fixed_effect_not_estimable",TRUE,TRUE,TRUE,TRUE,FALSE,FALSE,FALSE,"integration",2,"joint_bb","M1","record_equal","9487ad6518a86a50431a7c153328bfa7746dedbcafdf1fea097adaaf95a60ad5","INTEGRATION_TEST_ONLY"
"synthetic_11","SYN_11_10","SYNEXP_11_10","SYNTHETIC_UNEQUAL_V32","count",0,0.166666666666667,,0.493637567806115,0,1,1,TRUE,,"beta_binomial_at_observed_Total",-1.93139636521119,95,"unlabelled_projection","missing_predictor;unseen_category;unseen_raw_residue;unseen_combination;fixed_effect_not_estimable",TRUE,TRUE,TRUE,TRUE,FALSE,FALSE,FALSE,"integration",2,"joint_bb","M1","record_equal","9487ad6518a86a50431a7c153328bfa7746dedbcafdf1fea097adaaf95a60ad5","INTEGRATION_TEST_ONLY"
"synthetic_11","SYN_11_11","SYNEXP_11_11","SYNTHETIC_UNEQUAL_V32","exact",1,0.65,,0.493637567806115,0.0230684274739565,0.998507095965435,0.975438668491478,TRUE,,"one_inflated_beta_report",0.0133973147310865,96,"unlabelled_projection","missing_predictor;unseen_category;unseen_raw_residue;unseen_combination;fixed_effect_not_estimable",TRUE,TRUE,TRUE,TRUE,FALSE,FALSE,FALSE,"integration",2,"joint_bb","M1","record_equal","9487ad6518a86a50431a7c153328bfa7746dedbcafdf1fea097adaaf95a60ad5","INTEGRATION_TEST_ONLY"
"synthetic_11","SYN_11_12","SYNEXP_11_12","SYNTHETIC_UNEQUAL_V32","interval",,,,0.493637567806115,0.0288478150268242,1,0.971152184973176,,TRUE,"one_inflated_beta_report",-1.10726713444557,97,"unlabelled_projection","missing_predictor;unseen_category;unseen_raw_residue;unseen_combination;fixed_effect_not_estimable",TRUE,TRUE,TRUE,TRUE,FALSE,FALSE,FALSE,"integration",2,"joint_bb","M1","record_equal","9487ad6518a86a50431a7c153328bfa7746dedbcafdf1fea097adaaf95a60ad5","INTEGRATION_TEST_ONLY"
"synthetic_11","SYN_11_13","SYNEXP_11_13","SYNTHETIC_UNEQUAL_V32","count",1,0.888888888888889,,0.493637567806115,0,1,1,TRUE,,"beta_binomial_at_observed_Total",-2.41407103101964,98,"unlabelled_projection","missing_predictor;unseen_category;unseen_raw_residue;unseen_combination;fixed_effect_not_estimable",TRUE,TRUE,TRUE,TRUE,FALSE,FALSE,FALSE,"integration",2,"joint_bb","M1","record_equal","9487ad6518a86a50431a7c153328bfa7746dedbcafdf1fea097adaaf95a60ad5","INTEGRATION_TEST_ONLY"
"synthetic_11","SYN_11_14","SYNEXP_11_14","SYNTHETIC_UNEQUAL_V32","exact",1,1,,0.493637567806115,0.0294747115140024,0.987072341896561,0.957597630382559,FALSE,,"one_inflated_beta_report",-3.38257738710361,99,"unlabelled_projection","missing_predictor;unseen_category;unseen_raw_residue;unseen_combination;fixed_effect_not_estimable",TRUE,TRUE,TRUE,TRUE,FALSE,FALSE,FALSE,"integration",2,"joint_bb","M1","record_equal","9487ad6518a86a50431a7c153328bfa7746dedbcafdf1fea097adaaf95a60ad5","INTEGRATION_TEST_ONLY"
"synthetic_12","SYN_12_1","SYNEXP_12_1","SYNTHETIC_UNEQUAL_V32","interval",,,,0.507079156249876,0.0751048738846803,0.978583856561325,0.903478982676645,,TRUE,"one_inflated_beta_report",-0.899498679103675,100,"unlabelled_projection","unseen_category;unseen_raw_residue;unseen_combination;fixed_effect_not_estimable",FALSE,FALSE,TRUE,TRUE,FALSE,FALSE,FALSE,"integration",2,"joint_bb","M1","record_equal","9487ad6518a86a50431a7c153328bfa7746dedbcafdf1fea097adaaf95a60ad5","INTEGRATION_TEST_ONLY"
"synthetic_12","SYN_12_2","SYNEXP_12_2","SYNTHETIC_UNEQUAL_V32","interval",,,,0.507079156249876,0.0632656609915952,0.952090786384323,0.888825125392728,,TRUE,"one_inflated_beta_report",-0.899498679103675,101,"unlabelled_projection","unseen_category;unseen_raw_residue;unseen_combination;fixed_effect_not_estimable",FALSE,FALSE,TRUE,TRUE,FALSE,FALSE,FALSE,"integration",2,"joint_bb","M1","record_equal","9487ad6518a86a50431a7c153328bfa7746dedbcafdf1fea097adaaf95a60ad5","INTEGRATION_TEST_ONLY"
"synthetic_12","SYN_12_3","SYNEXP_12_3","SYNTHETIC_UNEQUAL_V32","interval",,,,0.507079156249876,0.083938077235331,1,0.916061922764669,,TRUE,"one_inflated_beta_report",-0.899498679103675,102,"unlabelled_projection","unseen_category;unseen_raw_residue;unseen_combination;fixed_effect_not_estimable",FALSE,FALSE,TRUE,TRUE,FALSE,FALSE,FALSE,"integration",2,"joint_bb","M1","record_equal","9487ad6518a86a50431a7c153328bfa7746dedbcafdf1fea097adaaf95a60ad5","INTEGRATION_TEST_ONLY"
"synthetic_12","SYN_12_4","SYNEXP_12_4","SYNTHETIC_UNEQUAL_V32","interval",,,,0.507079156249876,0.112978786895867,1,0.887021213104133,,TRUE,"one_inflated_beta_report",-0.899498679103675,103,"unlabelled_projection","unseen_category;unseen_raw_residue;unseen_combination;fixed_effect_not_estimable",FALSE,FALSE,TRUE,TRUE,FALSE,FALSE,FALSE,"integration",2,"joint_bb","M1","record_equal","9487ad6518a86a50431a7c153328bfa7746dedbcafdf1fea097adaaf95a60ad5","INTEGRATION_TEST_ONLY"
"synthetic_12","SYN_12_5","SYNEXP_12_5","SYNTHETIC_UNEQUAL_V32","interval",,,,0.507079156249876,0.0615157243305913,1,0.938484275669409,,TRUE,"one_inflated_beta_report",-0.899498679103675,104,"unlabelled_projection","unseen_category;unseen_raw_residue;unseen_combination;fixed_effect_not_estimable",FALSE,FALSE,TRUE,TRUE,FALSE,FALSE,FALSE,"integration",2,"joint_bb","M1","record_equal","9487ad6518a86a50431a7c153328bfa7746dedbcafdf1fea097adaaf95a60ad5","INTEGRATION_TEST_ONLY"
"synthetic_12","SYN_12_6","SYNEXP_12_6","SYNTHETIC_UNEQUAL_V32","interval",,,,0.507079156249876,0.0901732331661157,1,0.909826766833884,,TRUE,"one_inflated_beta_report",-0.899498679103675,105,"unlabelled_projection","unseen_category;unseen_raw_residue;unseen_combination;fixed_effect_not_estimable",FALSE,FALSE,TRUE,TRUE,FALSE,FALSE,FALSE,"integration",2,"joint_bb","M1","record_equal","9487ad6518a86a50431a7c153328bfa7746dedbcafdf1fea097adaaf95a60ad5","INTEGRATION_TEST_ONLY"
"synthetic_12","SYN_12_7","SYNEXP_12_7","SYNTHETIC_UNEQUAL_V32","interval",,,,0.507079156249876,0.0739673675384894,1,0.926032632461511,,TRUE,"one_inflated_beta_report",-0.899498679103675,106,"unlabelled_projection","unseen_category;unseen_raw_residue;unseen_combination;fixed_effect_not_estimable",FALSE,FALSE,TRUE,TRUE,FALSE,FALSE,FALSE,"integration",2,"joint_bb","M1","record_equal","9487ad6518a86a50431a7c153328bfa7746dedbcafdf1fea097adaaf95a60ad5","INTEGRATION_TEST_ONLY"
"synthetic_12","SYN_12_8","SYNEXP_12_8","SYNTHETIC_UNEQUAL_V32","interval",,,,0.507079156249876,0.0917509840298391,1,0.908249015970161,,TRUE,"one_inflated_beta_report",-0.899498679103675,107,"unlabelled_projection","unseen_category;unseen_raw_residue;unseen_combination;fixed_effect_not_estimable",FALSE,FALSE,TRUE,TRUE,FALSE,FALSE,FALSE,"integration",2,"joint_bb","M1","record_equal","9487ad6518a86a50431a7c153328bfa7746dedbcafdf1fea097adaaf95a60ad5","INTEGRATION_TEST_ONLY"
"synthetic_12","SYN_12_9","SYNEXP_12_9","SYNTHETIC_UNEQUAL_V32","interval",,,,0.507079156249876,0.0476054626731438,0.965941834642267,0.918336371969123,,TRUE,"one_inflated_beta_report",-0.899498679103675,108,"unlabelled_projection","unseen_category;unseen_raw_residue;unseen_combination;fixed_effect_not_estimable",FALSE,FALSE,TRUE,TRUE,FALSE,FALSE,FALSE,"integration",2,"joint_bb","M1","record_equal","9487ad6518a86a50431a7c153328bfa7746dedbcafdf1fea097adaaf95a60ad5","INTEGRATION_TEST_ONLY"
"synthetic_12","SYN_12_10","SYNEXP_12_10","SYNTHETIC_UNEQUAL_V32","interval",,,,0.507079156249876,0.070886220654803,0.957488214899833,0.88660199424503,,TRUE,"one_inflated_beta_report",-0.899498679103675,109,"unlabelled_projection","unseen_category;unseen_raw_residue;unseen_combination;fixed_effect_not_estimable",FALSE,FALSE,TRUE,TRUE,FALSE,FALSE,FALSE,"integration",2,"joint_bb","M1","record_equal","9487ad6518a86a50431a7c153328bfa7746dedbcafdf1fea097adaaf95a60ad5","INTEGRATION_TEST_ONLY"
"synthetic_12","SYN_12_11","SYNEXP_12_11","SYNTHETIC_UNEQUAL_V32","interval",,,,0.507079156249876,0.0879225670187792,0.985514067978449,0.89759150095967,,TRUE,"one_inflated_beta_report",-0.899498679103675,110,"unlabelled_projection","unseen_category;unseen_raw_residue;unseen_combination;fixed_effect_not_estimable",FALSE,FALSE,TRUE,TRUE,FALSE,FALSE,FALSE,"integration",2,"joint_bb","M1","record_equal","9487ad6518a86a50431a7c153328bfa7746dedbcafdf1fea097adaaf95a60ad5","INTEGRATION_TEST_ONLY"
"synthetic_12","SYN_12_12","SYNEXP_12_12","SYNTHETIC_UNEQUAL_V32","interval",,,,0.507079156249876,0.0697297944049173,1,0.930270205595083,,TRUE,"one_inflated_beta_report",-0.899498679103675,111,"unlabelled_projection","unseen_category;unseen_raw_residue;unseen_combination;fixed_effect_not_estimable",FALSE,FALSE,TRUE,TRUE,FALSE,FALSE,FALSE,"integration",2,"joint_bb","M1","record_equal","9487ad6518a86a50431a7c153328bfa7746dedbcafdf1fea097adaaf95a60ad5","INTEGRATION_TEST_ONLY"
"synthetic_12","SYN_12_13","SYNEXP_12_13","SYNTHETIC_UNEQUAL_V32","interval",,,,0.507079156249876,0.069500290887452,0.986384423715438,0.916884132827986,,TRUE,"one_inflated_beta_report",-0.899498679103675,112,"unlabelled_projection","unseen_category;unseen_raw_residue;unseen_combination;fixed_effect_not_estimable",FALSE,FALSE,TRUE,TRUE,FALSE,FALSE,FALSE,"integration",2,"joint_bb","M1","record_equal","9487ad6518a86a50431a7c153328bfa7746dedbcafdf1fea097adaaf95a60ad5","INTEGRATION_TEST_ONLY"
"synthetic_12","SYN_12_14","SYNEXP_12_14","SYNTHETIC_UNEQUAL_V32","interval",,,,0.507079156249876,0.0837622951435971,1,0.916237704856403,,TRUE,"one_inflated_beta_report",-0.899498679103675,113,"unlabelled_projection","unseen_category;unseen_raw_residue;unseen_combination;fixed_effect_not_estimable",FALSE,FALSE,TRUE,TRUE,FALSE,FALSE,FALSE,"integration",2,"joint_bb","M1","record_equal","9487ad6518a86a50431a7c153328bfa7746dedbcafdf1fea097adaaf95a60ad5","INTEGRATION_TEST_ONLY"
"synthetic_12","SYN_12_15","SYNEXP_12_15","SYNTHETIC_UNEQUAL_V32","interval",,,,0.507079156249876,0.0924385226921707,0.995372760738511,0.902934238046341,,TRUE,"one_inflated_beta_report",-0.899498679103675,114,"unlabelled_projection","unseen_category;unseen_raw_residue;unseen_combination;fixed_effect_not_estimable",FALSE,FALSE,TRUE,TRUE,FALSE,FALSE,FALSE,"integration",2,"joint_bb","M1","record_equal","9487ad6518a86a50431a7c153328bfa7746dedbcafdf1fea097adaaf95a60ad5","INTEGRATION_TEST_ONLY"
"synthetic_01","SYN_1_1","SYNEXP_1_1","SYNTHETIC_UNEQUAL_V32","count",1,0.625,,0.513104330321474,0,1,1,TRUE,,"beta_binomial_at_observed_Total",-2.03122124223726,1,"unlabelled_projection","unseen_category;unseen_raw_residue;unseen_combination;fixed_effect_not_estimable",FALSE,FALSE,TRUE,TRUE,FALSE,FALSE,FALSE,"integration",1,"joint_bb","M1","species_equal","ed676e487d913804b69ac457ce9076cc455173497fc1b79f10f46110b9c44ccc","INTEGRATION_TEST_ONLY"
"synthetic_01","SYN_1_2","SYNEXP_1_2","SYNTHETIC_UNEQUAL_V32","exact",0,0.35,,0.513104330321474,0.0806411677883548,0.999410745651018,0.918769577862663,TRUE,,"one_inflated_beta_report",0.207501537785087,2,"unlabelled_projection","unseen_category;unseen_raw_residue;unseen_combination;fixed_effect_not_estimable",FALSE,FALSE,TRUE,TRUE,FALSE,FALSE,FALSE,"integration",1,"joint_bb","M1","species_equal","ed676e487d913804b69ac457ce9076cc455173497fc1b79f10f46110b9c44ccc","INTEGRATION_TEST_ONLY"
"synthetic_01","SYN_1_3","SYNEXP_1_3","SYNTHETIC_UNEQUAL_V32","interval",,,,0.513104330321474,0.0608311142385168,0.988028402713,0.927197288474483,,TRUE,"one_inflated_beta_report",-0.959756951847162,3,"unlabelled_projection","unseen_category;unseen_raw_residue;unseen_combination;fixed_effect_not_estimable",FALSE,FALSE,TRUE,TRUE,FALSE,FALSE,FALSE,"integration",1,"joint_bb","M1","species_equal","ed676e487d913804b69ac457ce9076cc455173497fc1b79f10f46110b9c44ccc","INTEGRATION_TEST_ONLY"
"synthetic_01","SYN_1_4","SYNEXP_1_4","SYNTHETIC_UNEQUAL_V32","count",0,0.181818181818182,,0.513104330321474,0,1,1,TRUE,,"beta_binomial_at_observed_Total",-2.54577962868953,4,"unlabelled_projection","unseen_category;unseen_raw_residue;unseen_combination;fixed_effect_not_estimable",FALSE,FALSE,TRUE,TRUE,FALSE,FALSE,FALSE,"integration",1,"joint_bb","M1","species_equal","ed676e487d913804b69ac457ce9076cc455173497fc1b79f10f46110b9c44ccc","INTEGRATION_TEST_ONLY"
"synthetic_02","SYN_2_1","SYNEXP_2_1","SYNTHETIC_UNEQUAL_V32","count",0,0.333333333333333,,0.513104330321474,0,1,1,TRUE,,"beta_binomial_at_observed_Total",-2.18414695881929,5,"unlabelled_projection","unseen_category;unseen_raw_residue;unseen_combination;fixed_effect_not_estimable",FALSE,FALSE,TRUE,TRUE,FALSE,FALSE,FALSE,"integration",1,"joint_bb","M1","species_equal","ed676e487d913804b69ac457ce9076cc455173497fc1b79f10f46110b9c44ccc","INTEGRATION_TEST_ONLY"
"synthetic_02","SYN_2_2","SYNEXP_2_2","SYNTHETIC_UNEQUAL_V32","exact",1,0.85,,0.513104330321474,0.0619988233213652,0.990748517715885,0.92874969439452,TRUE,,"one_inflated_beta_report",-0.224847084909185,6,"unlabelled_projection","unseen_category;unseen_raw_residue;unseen_combination;fixed_effect_not_estimable",FALSE,FALSE,TRUE,TRUE,FALSE,FALSE,FALSE,"integration",1,"joint_bb","M1","species_equal","ed676e487d913804b69ac457ce9076cc455173497fc1b79f10f46110b9c44ccc","INTEGRATION_TEST_ONLY"
"synthetic_02","SYN_2_3","SYNEXP_2_3","SYNTHETIC_UNEQUAL_V32","interval",,,,0.513104330321474,0.0747997950511582,0.976071581519826,0.901271786468668,,TRUE,"one_inflated_beta_report",-0.959756951847162,7,"unlabelled_projection","unseen_category;unseen_raw_residue;unseen_combination;fixed_effect_not_estimable",FALSE,FALSE,TRUE,TRUE,FALSE,FALSE,FALSE,"integration",1,"joint_bb","M1","species_equal","ed676e487d913804b69ac457ce9076cc455173497fc1b79f10f46110b9c44ccc","INTEGRATION_TEST_ONLY"
"synthetic_02","SYN_2_4","SYNEXP_2_4","SYNTHETIC_UNEQUAL_V32","count",1,0.666666666666667,,0.513104330321474,0,1,1,TRUE,,"beta_binomial_at_observed_Total",-2.40579736164717,8,"unlabelled_projection","unseen_category;unseen_raw_residue;unseen_combination;fixed_effect_not_estimable",FALSE,FALSE,TRUE,TRUE,FALSE,FALSE,FALSE,"integration",1,"joint_bb","M1","species_equal","ed676e487d913804b69ac457ce9076cc455173497fc1b79f10f46110b9c44ccc","INTEGRATION_TEST_ONLY"
"synthetic_02","SYN_2_5","SYNEXP_2_5","SYNTHETIC_UNEQUAL_V32","exact",0,0.35,,0.513104330321474,0.0609224611751037,0.968580379014464,0.90765791783936,TRUE,,"one_inflated_beta_report",0.207501537785087,9,"unlabelled_projection","unseen_category;unseen_raw_residue;unseen_combination;fixed_effect_not_estimable",FALSE,FALSE,TRUE,TRUE,FALSE,FALSE,FALSE,"integration",1,"joint_bb","M1","species_equal","ed676e487d913804b69ac457ce9076cc455173497fc1b79f10f46110b9c44ccc","INTEGRATION_TEST_ONLY"
"synthetic_03","SYN_3_1","SYNEXP_3_1","SYNTHETIC_UNEQUAL_V32","count",1,0.8,,0.513104330321474,0,1,1,TRUE,,"beta_binomial_at_observed_Total",-2.35681932964401,10,"unlabelled_projection","unseen_category;unseen_raw_residue;unseen_combination;fixed_effect_not_estimable",FALSE,FALSE,TRUE,TRUE,FALSE,FALSE,FALSE,"integration",1,"joint_bb","M1","species_equal","ed676e487d913804b69ac457ce9076cc455173497fc1b79f10f46110b9c44ccc","INTEGRATION_TEST_ONLY"
"synthetic_03","SYN_3_2","SYNEXP_3_2","SYNTHETIC_UNEQUAL_V32","exact",0,0.15,,0.513104330321474,0.079814491113663,1,0.920185508886337,TRUE,,"one_inflated_beta_report",-0.196044503355872,11,"unlabelled_projection","unseen_category;unseen_raw_residue;unseen_combination;fixed_effect_not_estimable",FALSE,FALSE,TRUE,TRUE,FALSE,FALSE,FALSE,"integration",1,"joint_bb","M1","species_equal","ed676e487d913804b69ac457ce9076cc455173497fc1b79f10f46110b9c44ccc","INTEGRATION_TEST_ONLY"
"synthetic_03","SYN_3_3","SYNEXP_3_3","SYNTHETIC_UNEQUAL_V32","interval",,,,0.513104330321474,0.0522517491566376,1,0.947748250843362,,TRUE,"one_inflated_beta_report",-0.959756951847162,12,"unlabelled_projection","unseen_category;unseen_raw_residue;unseen_combination;fixed_effect_not_estimable",FALSE,FALSE,TRUE,TRUE,FALSE,FALSE,FALSE,"integration",1,"joint_bb","M1","species_equal","ed676e487d913804b69ac457ce9076cc455173497fc1b79f10f46110b9c44ccc","INTEGRATION_TEST_ONLY"
"synthetic_03","SYN_3_4","SYNEXP_3_4","SYNTHETIC_UNEQUAL_V32","count",0,0.333333333333333,,0.513104330321474,0,1,1,TRUE,,"beta_binomial_at_observed_Total",-1.83770850436762,13,"unlabelled_projection","unseen_category;unseen_raw_residue;unseen_combination;fixed_effect_not_estimable",FALSE,FALSE,TRUE,TRUE,FALSE,FALSE,FALSE,"integration",1,"joint_bb","M1","species_equal","ed676e487d913804b69ac457ce9076cc455173497fc1b79f10f46110b9c44ccc","INTEGRATION_TEST_ONLY"
"synthetic_03","SYN_3_5","SYNEXP_3_5","SYNTHETIC_UNEQUAL_V32","exact",1,0.85,,0.513104330321474,0.0441139125352477,0.981687315269706,0.937573402734459,TRUE,,"one_inflated_beta_report",-0.224847084909185,14,"unlabelled_projection","unseen_category;unseen_raw_residue;unseen_combination;fixed_effect_not_estimable",FALSE,FALSE,TRUE,TRUE,FALSE,FALSE,FALSE,"integration",1,"joint_bb","M1","species_equal","ed676e487d913804b69ac457ce9076cc455173497fc1b79f10f46110b9c44ccc","INTEGRATION_TEST_ONLY"
"synthetic_03","SYN_3_6","SYNEXP_3_6","SYNTHETIC_UNEQUAL_V32","interval",,,,0.513104330321474,0.0569452227948145,0.976240738663541,0.919295515868726,,TRUE,"one_inflated_beta_report",-0.959756951847162,15,"unlabelled_projection","unseen_category;unseen_raw_residue;unseen_combination;fixed_effect_not_estimable",FALSE,FALSE,TRUE,TRUE,FALSE,FALSE,FALSE,"integration",1,"joint_bb","M1","species_equal","ed676e487d913804b69ac457ce9076cc455173497fc1b79f10f46110b9c44ccc","INTEGRATION_TEST_ONLY"
"synthetic_04","SYN_4_1","SYNEXP_4_1","SYNTHETIC_UNEQUAL_V32","count",0,0.181818181818182,,0.513104330321474,0,1,1,TRUE,,"beta_binomial_at_observed_Total",-2.54577962868953,16,"unlabelled_projection","unseen_category;unseen_raw_residue;unseen_combination;fixed_effect_not_estimable",FALSE,FALSE,TRUE,TRUE,FALSE,FALSE,FALSE,"integration",1,"joint_bb","M1","species_equal","ed676e487d913804b69ac457ce9076cc455173497fc1b79f10f46110b9c44ccc","INTEGRATION_TEST_ONLY"
"synthetic_04","SYN_4_2","SYNEXP_4_2","SYNTHETIC_UNEQUAL_V32","exact",1,0.65,,0.513104330321474,0.102016530425045,0.96757583209601,0.865559301670965,TRUE,,"one_inflated_beta_report",0.178253135733711,17,"unlabelled_projection","unseen_category;unseen_raw_residue;unseen_combination;fixed_effect_not_estimable",FALSE,FALSE,TRUE,TRUE,FALSE,FALSE,FALSE,"integration",1,"joint_bb","M1","species_equal","ed676e487d913804b69ac457ce9076cc455173497fc1b79f10f46110b9c44ccc","INTEGRATION_TEST_ONLY"
"synthetic_04","SYN_4_3","SYNEXP_4_3","SYNTHETIC_UNEQUAL_V32","interval",,,,0.513104330321474,0.0803785254189304,0.961752603814241,0.88137407839531,,TRUE,"one_inflated_beta_report",-0.959756951847162,18,"unlabelled_projection","unseen_category;unseen_raw_residue;unseen_combination;fixed_effect_not_estimable",FALSE,FALSE,TRUE,TRUE,FALSE,FALSE,FALSE,"integration",1,"joint_bb","M1","species_equal","ed676e487d913804b69ac457ce9076cc455173497fc1b79f10f46110b9c44ccc","INTEGRATION_TEST_ONLY"
"synthetic_04","SYN_4_4","SYNEXP_4_4","SYNTHETIC_UNEQUAL_V32","count",1,0.857142857142857,,0.513104330321474,0,1,1,TRUE,,"beta_binomial_at_observed_Total",-2.09009400285152,19,"unlabelled_projection","unseen_category;unseen_raw_residue;unseen_combination;fixed_effect_not_estimable",FALSE,FALSE,TRUE,TRUE,FALSE,FALSE,FALSE,"integration",1,"joint_bb","M1","species_equal","ed676e487d913804b69ac457ce9076cc455173497fc1b79f10f46110b9c44ccc","INTEGRATION_TEST_ONLY"
"synthetic_04","SYN_4_5","SYNEXP_4_5","SYNTHETIC_UNEQUAL_V32","exact",0,0.15,,0.513104330321474,0.0449019952299796,0.997469287902345,0.952567292672365,TRUE,,"one_inflated_beta_report",-0.196044503355872,20,"unlabelled_projection","unseen_category;unseen_raw_residue;unseen_combination;fixed_effect_not_estimable",FALSE,FALSE,TRUE,TRUE,FALSE,FALSE,FALSE,"integration",1,"joint_bb","M1","species_equal","ed676e487d913804b69ac457ce9076cc455173497fc1b79f10f46110b9c44ccc","INTEGRATION_TEST_ONLY"
"synthetic_04","SYN_4_6","SYNEXP_4_6","SYNTHETIC_UNEQUAL_V32","interval",,,,0.513104330321474,0.0720706896195934,0.99866887778361,0.926598188164016,,TRUE,"one_inflated_beta_report",-0.959756951847162,21,"unlabelled_projection","unseen_category;unseen_raw_residue;unseen_combination;fixed_effect_not_estimable",FALSE,FALSE,TRUE,TRUE,FALSE,FALSE,FALSE,"integration",1,"joint_bb","M1","species_equal","ed676e487d913804b69ac457ce9076cc455173497fc1b79f10f46110b9c44ccc","INTEGRATION_TEST_ONLY"
"synthetic_04","SYN_4_7","SYNEXP_4_7","SYNTHETIC_UNEQUAL_V32","count",0,0.4,,0.513104330321474,0,1,1,TRUE,,"beta_binomial_at_observed_Total",-2.23507361992126,22,"unlabelled_projection","unseen_category;unseen_raw_residue;unseen_combination;fixed_effect_not_estimable",FALSE,FALSE,TRUE,TRUE,FALSE,FALSE,FALSE,"integration",1,"joint_bb","M1","species_equal","ed676e487d913804b69ac457ce9076cc455173497fc1b79f10f46110b9c44ccc","INTEGRATION_TEST_ONLY"
"synthetic_05","SYN_5_1","SYNEXP_5_1","SYNTHETIC_UNEQUAL_V32","count",1,0.666666666666667,,0.504498482484323,0.0833333333333333,1,0.916666666666667,TRUE,,"beta_binomial_at_observed_Total",-2.32926212290292,23,"unlabelled_projection","unseen_category;unseen_raw_residue;unseen_combination;fixed_effect_not_estimable",FALSE,FALSE,TRUE,TRUE,FALSE,FALSE,FALSE,"integration",1,"joint_bb","M1","species_equal","ed676e487d913804b69ac457ce9076cc455173497fc1b79f10f46110b9c44ccc","INTEGRATION_TEST_ONLY"
"synthetic_05","SYN_5_2","SYNEXP_5_2","SYNTHETIC_UNEQUAL_V32","exact",0,0.35,,0.504498482484323,0.120797508048773,0.966533300224327,0.845735792175554,TRUE,,"one_inflated_beta_report",0.334745257894085,24,"unlabelled_projection","unseen_category;unseen_raw_residue;unseen_combination;fixed_effect_not_estimable",FALSE,FALSE,TRUE,TRUE,FALSE,FALSE,FALSE,"integration",1,"joint_bb","M1","species_equal","ed676e487d913804b69ac457ce9076cc455173497fc1b79f10f46110b9c44ccc","INTEGRATION_TEST_ONLY"
"synthetic_05","SYN_5_3","SYNEXP_5_3","SYNTHETIC_UNEQUAL_V32","interval",,,,0.504498482484323,0.106713187878663,1,0.893286812121337,,TRUE,"one_inflated_beta_report",-0.810573623311296,25,"unlabelled_projection","unseen_category;unseen_raw_residue;unseen_combination;fixed_effect_not_estimable",FALSE,FALSE,TRUE,TRUE,FALSE,FALSE,FALSE,"integration",1,"joint_bb","M1","species_equal","ed676e487d913804b69ac457ce9076cc455173497fc1b79f10f46110b9c44ccc","INTEGRATION_TEST_ONLY"
"synthetic_05","SYN_5_4","SYNEXP_5_4","SYNTHETIC_UNEQUAL_V32","count",0,0.125,,0.504498482484323,0.0593750000000002,1,0.940625,TRUE,,"beta_binomial_at_observed_Total",-2.34955560318711,26,"unlabelled_projection","unseen_category;unseen_raw_residue;unseen_combination;fixed_effect_not_estimable",FALSE,FALSE,TRUE,TRUE,FALSE,FALSE,FALSE,"integration",1,"joint_bb","M1","species_equal","ed676e487d913804b69ac457ce9076cc455173497fc1b79f10f46110b9c44ccc","INTEGRATION_TEST_ONLY"
"synthetic_05","SYN_5_5","SYNEXP_5_5","SYNTHETIC_UNEQUAL_V32","exact",1,0.65,,0.504498482484323,0.0803552298319604,1,0.91964477016804,TRUE,,"one_inflated_beta_report",0.28318132542734,27,"unlabelled_projection","unseen_category;unseen_raw_residue;unseen_combination;fixed_effect_not_estimable",FALSE,FALSE,TRUE,TRUE,FALSE,FALSE,FALSE,"integration",1,"joint_bb","M1","species_equal","ed676e487d913804b69ac457ce9076cc455173497fc1b79f10f46110b9c44ccc","INTEGRATION_TEST_ONLY"
"synthetic_05","SYN_5_6","SYNEXP_5_6","SYNTHETIC_UNEQUAL_V32","interval",,,,0.504498482484323,0.0961061958537405,1,0.903893804146259,,TRUE,"one_inflated_beta_report",-0.810573623311296,28,"unlabelled_projection","unseen_category;unseen_raw_residue;unseen_combination;fixed_effect_not_estimable",FALSE,FALSE,TRUE,TRUE,FALSE,FALSE,FALSE,"integration",1,"joint_bb","M1","species_equal","ed676e487d913804b69ac457ce9076cc455173497fc1b79f10f46110b9c44ccc","INTEGRATION_TEST_ONLY"
"synthetic_05","SYN_5_7","SYNEXP_5_7","SYNTHETIC_UNEQUAL_V32","count",1,0.818181818181818,,0.504498482484323,0,1,1,TRUE,,"beta_binomial_at_observed_Total",-2.50108041598014,29,"unlabelled_projection","unseen_category;unseen_raw_residue;unseen_combination;fixed_effect_not_estimable",FALSE,FALSE,TRUE,TRUE,FALSE,FALSE,FALSE,"integration",1,"joint_bb","M1","species_equal","ed676e487d913804b69ac457ce9076cc455173497fc1b79f10f46110b9c44ccc","INTEGRATION_TEST_ONLY"
"synthetic_05","SYN_5_8","SYNEXP_5_8","SYNTHETIC_UNEQUAL_V32","exact",0,0.15,,0.504498482484323,0.130416518219403,0.964498272911491,0.834081754692088,TRUE,,"one_inflated_beta_report",-0.321929664661853,30,"unlabelled_projection","unseen_category;unseen_raw_residue;unseen_combination;fixed_effect_not_estimable",FALSE,FALSE,TRUE,TRUE,FALSE,FALSE,FALSE,"integration",1,"joint_bb","M1","species_equal","ed676e487d913804b69ac457ce9076cc455173497fc1b79f10f46110b9c44ccc","INTEGRATION_TEST_ONLY"
"synthetic_06","SYN_6_1","SYNEXP_6_1","SYNTHETIC_UNEQUAL_V32","count",0,0.333333333333333,,0.504498482484323,0,1,1,TRUE,,"beta_binomial_at_observed_Total",-1.7474431065563,31,"unlabelled_projection","unseen_category;unseen_raw_residue;unseen_combination;fixed_effect_not_estimable",FALSE,FALSE,TRUE,TRUE,FALSE,FALSE,FALSE,"integration",1,"joint_bb","M1","species_equal","ed676e487d913804b69ac457ce9076cc455173497fc1b79f10f46110b9c44ccc","INTEGRATION_TEST_ONLY"
"synthetic_06","SYN_6_2","SYNEXP_6_2","SYNTHETIC_UNEQUAL_V32","exact",1,0.85,,0.504498482484323,0.100534699771081,1,0.899465300228919,TRUE,,"one_inflated_beta_report",-0.48093012834478,32,"unlabelled_projection","unseen_category;unseen_raw_residue;unseen_combination;fixed_effect_not_estimable",FALSE,FALSE,TRUE,TRUE,FALSE,FALSE,FALSE,"integration",1,"joint_bb","M1","species_equal","ed676e487d913804b69ac457ce9076cc455173497fc1b79f10f46110b9c44ccc","INTEGRATION_TEST_ONLY"
"synthetic_06","SYN_6_3","SYNEXP_6_3","SYNTHETIC_UNEQUAL_V32","interval",,,,0.504498482484323,0.117067654617588,1,0.882932345382412,,TRUE,"one_inflated_beta_report",-0.810573623311296,33,"unlabelled_projection","unseen_category;unseen_raw_residue;unseen_combination;fixed_effect_not_estimable",FALSE,FALSE,TRUE,TRUE,FALSE,FALSE,FALSE,"integration",1,"joint_bb","M1","species_equal","ed676e487d913804b69ac457ce9076cc455173497fc1b79f10f46110b9c44ccc","INTEGRATION_TEST_ONLY"
"synthetic_06","SYN_6_4","SYNEXP_6_4","SYNTHETIC_UNEQUAL_V32","count",1,0.666666666666667,,0.504498482484323,0,1,1,TRUE,,"beta_binomial_at_observed_Total",-2.07691182278709,34,"unlabelled_projection","unseen_category;unseen_raw_residue;unseen_combination;fixed_effect_not_estimable",FALSE,FALSE,TRUE,TRUE,FALSE,FALSE,FALSE,"integration",1,"joint_bb","M1","species_equal","ed676e487d913804b69ac457ce9076cc455173497fc1b79f10f46110b9c44ccc","INTEGRATION_TEST_ONLY"
"synthetic_06","SYN_6_5","SYNEXP_6_5","SYNTHETIC_UNEQUAL_V32","exact",0,0.35,,0.504498482484323,0.0871048486895457,1,0.912895151310454,TRUE,,"one_inflated_beta_report",0.334745257894085,35,"unlabelled_projection","unseen_category;unseen_raw_residue;unseen_combination;fixed_effect_not_estimable",FALSE,FALSE,TRUE,TRUE,FALSE,FALSE,FALSE,"integration",1,"joint_bb","M1","species_equal","ed676e487d913804b69ac457ce9076cc455173497fc1b79f10f46110b9c44ccc","INTEGRATION_TEST_ONLY"
"synthetic_06","SYN_6_6","SYNEXP_6_6","SYNTHETIC_UNEQUAL_V32","interval",,,,0.504498482484323,0.117783988718078,0.925055087957409,0.807271099239331,,TRUE,"one_inflated_beta_report",-0.810573623311296,36,"unlabelled_projection","unseen_category;unseen_raw_residue;unseen_combination;fixed_effect_not_estimable",FALSE,FALSE,TRUE,TRUE,FALSE,FALSE,FALSE,"integration",1,"joint_bb","M1","species_equal","ed676e487d913804b69ac457ce9076cc455173497fc1b79f10f46110b9c44ccc","INTEGRATION_TEST_ONLY"
"synthetic_06","SYN_6_7","SYNEXP_6_7","SYNTHETIC_UNEQUAL_V32","count",0,0.166666666666667,,0.504498482484323,0,1,1,TRUE,,"beta_binomial_at_observed_Total",-2.6507913682829,37,"unlabelled_projection","unseen_category;unseen_raw_residue;unseen_combination;fixed_effect_not_estimable",FALSE,FALSE,TRUE,TRUE,FALSE,FALSE,FALSE,"integration",1,"joint_bb","M1","species_equal","ed676e487d913804b69ac457ce9076cc455173497fc1b79f10f46110b9c44ccc","INTEGRATION_TEST_ONLY"
"synthetic_06","SYN_6_8","SYNEXP_6_8","SYNTHETIC_UNEQUAL_V32","exact",1,0.65,,0.504498482484323,0.0810086029533744,1,0.918991397046626,TRUE,,"one_inflated_beta_report",0.28318132542734,38,"unlabelled_projection","unseen_category;unseen_raw_residue;unseen_combination;fixed_effect_not_estimable",FALSE,FALSE,TRUE,TRUE,FALSE,FALSE,FALSE,"integration",1,"joint_bb","M1","species_equal","ed676e487d913804b69ac457ce9076cc455173497fc1b79f10f46110b9c44ccc","INTEGRATION_TEST_ONLY"
"synthetic_06","SYN_6_9","SYNEXP_6_9","SYNTHETIC_UNEQUAL_V32","interval",,,,0.504498482484323,0.0813620856235289,1,0.918637914376471,,TRUE,"one_inflated_beta_report",-0.810573623311296,39,"unlabelled_projection","unseen_category;unseen_raw_residue;unseen_combination;fixed_effect_not_estimable",FALSE,FALSE,TRUE,TRUE,FALSE,FALSE,FALSE,"integration",1,"joint_bb","M1","species_equal","ed676e487d913804b69ac457ce9076cc455173497fc1b79f10f46110b9c44ccc","INTEGRATION_TEST_ONLY"
"synthetic_07","SYN_7_1","SYNEXP_7_1","SYNTHETIC_UNEQUAL_V32","count",1,0.857142857142857,,0.497073291150964,0,1,1,TRUE,,"beta_binomial_at_observed_Total",-2.20828969460096,40,"unlabelled_projection","unseen_category;unseen_raw_residue;unseen_combination;fixed_effect_not_estimable",FALSE,FALSE,TRUE,TRUE,FALSE,FALSE,FALSE,"integration",2,"joint_bb","M1","species_equal","144419ae16021559712f2c6c505826ea6e3a70f6d77210222b2b72545f6a52f9","INTEGRATION_TEST_ONLY"
"synthetic_07","SYN_7_2","SYNEXP_7_2","SYNTHETIC_UNEQUAL_V32","exact",0,0.15,,0.497073291150964,0.0594042164449161,1,0.940595783555084,TRUE,,"one_inflated_beta_report",-0.175658321112711,41,"unlabelled_projection","unseen_category;unseen_raw_residue;unseen_combination;fixed_effect_not_estimable",FALSE,FALSE,TRUE,TRUE,FALSE,FALSE,FALSE,"integration",2,"joint_bb","M1","species_equal","144419ae16021559712f2c6c505826ea6e3a70f6d77210222b2b72545f6a52f9","INTEGRATION_TEST_ONLY"
"synthetic_07","SYN_7_3","SYNEXP_7_3","SYNTHETIC_UNEQUAL_V32","interval",,,,0.497073291150964,0.0711257593821292,1,0.928874240617871,,TRUE,"one_inflated_beta_report",-0.890962542065414,42,"unlabelled_projection","unseen_category;unseen_raw_residue;unseen_combination;fixed_effect_not_estimable",FALSE,FALSE,TRUE,TRUE,FALSE,FALSE,FALSE,"integration",2,"joint_bb","M1","species_equal","144419ae16021559712f2c6c505826ea6e3a70f6d77210222b2b72545f6a52f9","INTEGRATION_TEST_ONLY"
"synthetic_07","SYN_7_4","SYNEXP_7_4","SYNTHETIC_UNEQUAL_V32","count",0,0.4,,0.497073291150964,0,0.9,0.9,TRUE,,"beta_binomial_at_observed_Total",-2.05103039799856,43,"unlabelled_projection","unseen_category;unseen_raw_residue;unseen_combination;fixed_effect_not_estimable",FALSE,FALSE,TRUE,TRUE,FALSE,FALSE,FALSE,"integration",2,"joint_bb","M1","species_equal","144419ae16021559712f2c6c505826ea6e3a70f6d77210222b2b72545f6a52f9","INTEGRATION_TEST_ONLY"
"synthetic_07","SYN_7_5","SYNEXP_7_5","SYNTHETIC_UNEQUAL_V32","exact",1,0.85,,0.497073291150964,0.050678577893586,0.960512609127452,0.909834031233866,TRUE,,"one_inflated_beta_report",-0.412778561535581,44,"unlabelled_projection","unseen_category;unseen_raw_residue;unseen_combination;fixed_effect_not_estimable",FALSE,FALSE,TRUE,TRUE,FALSE,FALSE,FALSE,"integration",2,"joint_bb","M1","species_equal","144419ae16021559712f2c6c505826ea6e3a70f6d77210222b2b72545f6a52f9","INTEGRATION_TEST_ONLY"
"synthetic_07","SYN_7_6","SYNEXP_7_6","SYNTHETIC_UNEQUAL_V32","interval",,,,0.497073291150964,0.0621036052176747,1,0.937896394782325,,TRUE,"one_inflated_beta_report",-0.890962542065414,45,"unlabelled_projection","unseen_category;unseen_raw_residue;unseen_combination;fixed_effect_not_estimable",FALSE,FALSE,TRUE,TRUE,FALSE,FALSE,FALSE,"integration",2,"joint_bb","M1","species_equal","144419ae16021559712f2c6c505826ea6e3a70f6d77210222b2b72545f6a52f9","INTEGRATION_TEST_ONLY"
"synthetic_07","SYN_7_7","SYNEXP_7_7","SYNTHETIC_UNEQUAL_V32","count",1,0.666666666666667,,0.497073291150964,0,1,1,TRUE,,"beta_binomial_at_observed_Total",-1.70861356126198,46,"unlabelled_projection","unseen_category;unseen_raw_residue;unseen_combination;fixed_effect_not_estimable",FALSE,FALSE,TRUE,TRUE,FALSE,FALSE,FALSE,"integration",2,"joint_bb","M1","species_equal","144419ae16021559712f2c6c505826ea6e3a70f6d77210222b2b72545f6a52f9","INTEGRATION_TEST_ONLY"
"synthetic_07","SYN_7_8","SYNEXP_7_8","SYNTHETIC_UNEQUAL_V32","exact",0,0.35,,0.497073291150964,0.0805665746582045,1,0.919433425341796,TRUE,,"one_inflated_beta_report",0.291992138836668,47,"unlabelled_projection","unseen_category;unseen_raw_residue;unseen_combination;fixed_effect_not_estimable",FALSE,FALSE,TRUE,TRUE,FALSE,FALSE,FALSE,"integration",2,"joint_bb","M1","species_equal","144419ae16021559712f2c6c505826ea6e3a70f6d77210222b2b72545f6a52f9","INTEGRATION_TEST_ONLY"
"synthetic_07","SYN_7_9","SYNEXP_7_9","SYNTHETIC_UNEQUAL_V32","interval",,,,0.497073291150964,0.0812073224602029,0.991458445291289,0.910251122831086,,TRUE,"one_inflated_beta_report",-0.890962542065414,48,"unlabelled_projection","unseen_category;unseen_raw_residue;unseen_combination;fixed_effect_not_estimable",FALSE,FALSE,TRUE,TRUE,FALSE,FALSE,FALSE,"integration",2,"joint_bb","M1","species_equal","144419ae16021559712f2c6c505826ea6e3a70f6d77210222b2b72545f6a52f9","INTEGRATION_TEST_ONLY"
"synthetic_07","SYN_7_10","SYNEXP_7_10","SYNTHETIC_UNEQUAL_V32","count",0,0.111111111111111,,0.497073291150964,0,1,1,TRUE,,"beta_binomial_at_observed_Total",-2.54849464569866,49,"unlabelled_projection","unseen_category;unseen_raw_residue;unseen_combination;fixed_effect_not_estimable",FALSE,FALSE,TRUE,TRUE,FALSE,FALSE,FALSE,"integration",2,"joint_bb","M1","species_equal","144419ae16021559712f2c6c505826ea6e3a70f6d77210222b2b72545f6a52f9","INTEGRATION_TEST_ONLY"
"synthetic_08","SYN_8_1","SYNEXP_8_1","SYNTHETIC_UNEQUAL_V32","count",0,0.125,,0.497073291150964,0,1,1,TRUE,,"beta_binomial_at_observed_Total",-2.3675194329215,50,"unlabelled_projection","unseen_category;unseen_raw_residue;unseen_combination;fixed_effect_not_estimable",FALSE,FALSE,TRUE,TRUE,FALSE,FALSE,FALSE,"integration",2,"joint_bb","M1","species_equal","144419ae16021559712f2c6c505826ea6e3a70f6d77210222b2b72545f6a52f9","INTEGRATION_TEST_ONLY"
"synthetic_08","SYN_8_2","SYNEXP_8_2","SYNTHETIC_UNEQUAL_V32","exact",1,0.65,,0.497073291150964,0.0982901783240178,1,0.901709821675982,TRUE,,"one_inflated_beta_report",0.201161615438334,51,"unlabelled_projection","unseen_category;unseen_raw_residue;unseen_combination;fixed_effect_not_estimable",FALSE,FALSE,TRUE,TRUE,FALSE,FALSE,FALSE,"integration",2,"joint_bb","M1","species_equal","144419ae16021559712f2c6c505826ea6e3a70f6d77210222b2b72545f6a52f9","INTEGRATION_TEST_ONLY"
"synthetic_08","SYN_8_3","SYNEXP_8_3","SYNTHETIC_UNEQUAL_V32","interval",,,,0.497073291150964,0.0586751419675996,0.941766010656047,0.883090868688447,,TRUE,"one_inflated_beta_report",-0.890962542065414,52,"unlabelled_projection","unseen_category;unseen_raw_residue;unseen_combination;fixed_effect_not_estimable",FALSE,FALSE,TRUE,TRUE,FALSE,FALSE,FALSE,"integration",2,"joint_bb","M1","species_equal","144419ae16021559712f2c6c505826ea6e3a70f6d77210222b2b72545f6a52f9","INTEGRATION_TEST_ONLY"
"synthetic_08","SYN_8_4","SYNEXP_8_4","SYNTHETIC_UNEQUAL_V32","count",1,0.818181818181818,,0.497073291150964,0.0431818181818183,0.909090909090909,0.865909090909091,TRUE,,"beta_binomial_at_observed_Total",-2.56516690920843,53,"unlabelled_projection","unseen_category;unseen_raw_residue;unseen_combination;fixed_effect_not_estimable",FALSE,FALSE,TRUE,TRUE,FALSE,FALSE,FALSE,"integration",2,"joint_bb","M1","species_equal","144419ae16021559712f2c6c505826ea6e3a70f6d77210222b2b72545f6a52f9","INTEGRATION_TEST_ONLY"
"synthetic_08","SYN_8_5","SYNEXP_8_5","SYNTHETIC_UNEQUAL_V32","exact",0,0.15,,0.497073291150964,0.0547219618198606,1,0.945278038180139,TRUE,,"one_inflated_beta_report",-0.175658321112711,54,"unlabelled_projection","unseen_category;unseen_raw_residue;unseen_combination;fixed_effect_not_estimable",FALSE,FALSE,TRUE,TRUE,FALSE,FALSE,FALSE,"integration",2,"joint_bb","M1","species_equal","144419ae16021559712f2c6c505826ea6e3a70f6d77210222b2b72545f6a52f9","INTEGRATION_TEST_ONLY"
"synthetic_08","SYN_8_6","SYNEXP_8_6","SYNTHETIC_UNEQUAL_V32","interval",,,,0.497073291150964,0.059445135298484,0.943379641724019,0.883934506425536,,TRUE,"one_inflated_beta_report",-0.890962542065414,55,"unlabelled_projection","unseen_category;unseen_raw_residue;unseen_combination;fixed_effect_not_estimable",FALSE,FALSE,TRUE,TRUE,FALSE,FALSE,FALSE,"integration",2,"joint_bb","M1","species_equal","144419ae16021559712f2c6c505826ea6e3a70f6d77210222b2b72545f6a52f9","INTEGRATION_TEST_ONLY"
"synthetic_08","SYN_8_7","SYNEXP_8_7","SYNTHETIC_UNEQUAL_V32","count",0,0.285714285714286,,0.497073291150964,0,1,1,TRUE,,"beta_binomial_at_observed_Total",-1.87509871856826,56,"unlabelled_projection","unseen_category;unseen_raw_residue;unseen_combination;fixed_effect_not_estimable",FALSE,FALSE,TRUE,TRUE,FALSE,FALSE,FALSE,"integration",2,"joint_bb","M1","species_equal","144419ae16021559712f2c6c505826ea6e3a70f6d77210222b2b72545f6a52f9","INTEGRATION_TEST_ONLY"
"synthetic_08","SYN_8_8","SYNEXP_8_8","SYNTHETIC_UNEQUAL_V32","exact",1,0.85,,0.497073291150964,0.0562696120298004,1,0.9437303879702,TRUE,,"one_inflated_beta_report",-0.412778561535581,57,"unlabelled_projection","unseen_category;unseen_raw_residue;unseen_combination;fixed_effect_not_estimable",FALSE,FALSE,TRUE,TRUE,FALSE,FALSE,FALSE,"integration",2,"joint_bb","M1","species_equal","144419ae16021559712f2c6c505826ea6e3a70f6d77210222b2b72545f6a52f9","INTEGRATION_TEST_ONLY"
"synthetic_08","SYN_8_9","SYNEXP_8_9","SYNTHETIC_UNEQUAL_V32","interval",,,,0.497073291150964,0.0590352451830959,1,0.940964754816904,,TRUE,"one_inflated_beta_report",-0.890962542065414,58,"unlabelled_projection","unseen_category;unseen_raw_residue;unseen_combination;fixed_effect_not_estimable",FALSE,FALSE,TRUE,TRUE,FALSE,FALSE,FALSE,"integration",2,"joint_bb","M1","species_equal","144419ae16021559712f2c6c505826ea6e3a70f6d77210222b2b72545f6a52f9","INTEGRATION_TEST_ONLY"
"synthetic_08","SYN_8_10","SYNEXP_8_10","SYNTHETIC_UNEQUAL_V32","count",1,0.6,,0.497073291150964,0.1,1,0.9,TRUE,,"beta_binomial_at_observed_Total",-2.06216226832004,59,"unlabelled_projection","unseen_category;unseen_raw_residue;unseen_combination;fixed_effect_not_estimable",FALSE,FALSE,TRUE,TRUE,FALSE,FALSE,FALSE,"integration",2,"joint_bb","M1","species_equal","144419ae16021559712f2c6c505826ea6e3a70f6d77210222b2b72545f6a52f9","INTEGRATION_TEST_ONLY"
"synthetic_08","SYN_8_11","SYNEXP_8_11","SYNTHETIC_UNEQUAL_V32","exact",0,0.35,,0.497073291150964,0.067448523294147,1,0.932551476705853,TRUE,,"one_inflated_beta_report",0.291992138836668,60,"unlabelled_projection","unseen_category;unseen_raw_residue;unseen_combination;fixed_effect_not_estimable",FALSE,FALSE,TRUE,TRUE,FALSE,FALSE,FALSE,"integration",2,"joint_bb","M1","species_equal","144419ae16021559712f2c6c505826ea6e3a70f6d77210222b2b72545f6a52f9","INTEGRATION_TEST_ONLY"
"synthetic_09","SYN_9_1","SYNEXP_9_1","SYNTHETIC_UNEQUAL_V32","count",1,0.666666666666667,,0.484988803658142,0,1,1,TRUE,,"beta_binomial_at_observed_Total",-2.15031868815323,61,"unlabelled_projection","missing_predictor;unseen_category;unseen_raw_residue;unseen_combination;fixed_effect_not_estimable",TRUE,TRUE,TRUE,TRUE,FALSE,FALSE,FALSE,"integration",2,"joint_bb","M1","species_equal","144419ae16021559712f2c6c505826ea6e3a70f6d77210222b2b72545f6a52f9","INTEGRATION_TEST_ONLY"
"synthetic_09","SYN_9_2","SYNEXP_9_2","SYNTHETIC_UNEQUAL_V32","exact",0,0.35,,0.484988803658142,0.0447300216622912,1,0.955269978337709,TRUE,,"one_inflated_beta_report",0.18711345823971,62,"unlabelled_projection","missing_predictor;unseen_category;unseen_raw_residue;unseen_combination;fixed_effect_not_estimable",TRUE,TRUE,TRUE,TRUE,FALSE,FALSE,FALSE,"integration",2,"joint_bb","M1","species_equal","144419ae16021559712f2c6c505826ea6e3a70f6d77210222b2b72545f6a52f9","INTEGRATION_TEST_ONLY"
"synthetic_09","SYN_9_3","SYNEXP_9_3","SYNTHETIC_UNEQUAL_V32","interval",,,,0.484988803658142,0.0256140413522363,1,0.974385958647764,,TRUE,"one_inflated_beta_report",-1.02388829323818,63,"unlabelled_projection","missing_predictor;unseen_category;unseen_raw_residue;unseen_combination;fixed_effect_not_estimable",TRUE,TRUE,TRUE,TRUE,FALSE,FALSE,FALSE,"integration",2,"joint_bb","M1","species_equal","144419ae16021559712f2c6c505826ea6e3a70f6d77210222b2b72545f6a52f9","INTEGRATION_TEST_ONLY"
"synthetic_09","SYN_9_4","SYNEXP_9_4","SYNTHETIC_UNEQUAL_V32","count",0,0.166666666666667,,0.484988803658142,0,0.916666666666667,0.916666666666667,TRUE,,"beta_binomial_at_observed_Total",-2.54279520311939,64,"unlabelled_projection","missing_predictor;unseen_category;unseen_raw_residue;unseen_combination;fixed_effect_not_estimable",TRUE,TRUE,TRUE,TRUE,FALSE,FALSE,FALSE,"integration",2,"joint_bb","M1","species_equal","144419ae16021559712f2c6c505826ea6e3a70f6d77210222b2b72545f6a52f9","INTEGRATION_TEST_ONLY"
"synthetic_09","SYN_9_5","SYNEXP_9_5","SYNTHETIC_UNEQUAL_V32","exact",1,0.65,,0.484988803658142,0.031925658339157,0.993335259251493,0.961409600912336,TRUE,,"one_inflated_beta_report",0.101220682089206,65,"unlabelled_projection","missing_predictor;unseen_category;unseen_raw_residue;unseen_combination;fixed_effect_not_estimable",TRUE,TRUE,TRUE,TRUE,FALSE,FALSE,FALSE,"integration",2,"joint_bb","M1","species_equal","144419ae16021559712f2c6c505826ea6e3a70f6d77210222b2b72545f6a52f9","INTEGRATION_TEST_ONLY"
"synthetic_09","SYN_9_6","SYNEXP_9_6","SYNTHETIC_UNEQUAL_V32","interval",,,,0.484988803658142,0.0698752707835524,0.992621866375521,0.922746595591968,,TRUE,"one_inflated_beta_report",-1.02388829323818,66,"unlabelled_projection","missing_predictor;unseen_category;unseen_raw_residue;unseen_combination;fixed_effect_not_estimable",TRUE,TRUE,TRUE,TRUE,FALSE,FALSE,FALSE,"integration",2,"joint_bb","M1","species_equal","144419ae16021559712f2c6c505826ea6e3a70f6d77210222b2b72545f6a52f9","INTEGRATION_TEST_ONLY"
"synthetic_09","SYN_9_7","SYNEXP_9_7","SYNTHETIC_UNEQUAL_V32","count",1,0.875,,0.484988803658142,0,1,1,TRUE,,"beta_binomial_at_observed_Total",-2.37063430472896,67,"unlabelled_projection","missing_predictor;unseen_category;unseen_raw_residue;unseen_combination;fixed_effect_not_estimable",TRUE,TRUE,TRUE,TRUE,FALSE,FALSE,FALSE,"integration",2,"joint_bb","M1","species_equal","144419ae16021559712f2c6c505826ea6e3a70f6d77210222b2b72545f6a52f9","INTEGRATION_TEST_ONLY"
"synthetic_09","SYN_9_8","SYNEXP_9_8","SYNTHETIC_UNEQUAL_V32","exact",0,0.15,,0.484988803658142,0.0185759461596326,1,0.981424053840367,TRUE,,"one_inflated_beta_report",-0.0183636255984485,68,"unlabelled_projection","missing_predictor;unseen_category;unseen_raw_residue;unseen_combination;fixed_effect_not_estimable",TRUE,TRUE,TRUE,TRUE,FALSE,FALSE,FALSE,"integration",2,"joint_bb","M1","species_equal","144419ae16021559712f2c6c505826ea6e3a70f6d77210222b2b72545f6a52f9","INTEGRATION_TEST_ONLY"
"synthetic_09","SYN_9_9","SYNEXP_9_9","SYNTHETIC_UNEQUAL_V32","interval",,,,0.484988803658142,0.0263148281111132,1,0.973685171888887,,TRUE,"one_inflated_beta_report",-1.02388829323818,69,"unlabelled_projection","missing_predictor;unseen_category;unseen_raw_residue;unseen_combination;fixed_effect_not_estimable",TRUE,TRUE,TRUE,TRUE,FALSE,FALSE,FALSE,"integration",2,"joint_bb","M1","species_equal","144419ae16021559712f2c6c505826ea6e3a70f6d77210222b2b72545f6a52f9","INTEGRATION_TEST_ONLY"
"synthetic_09","SYN_9_10","SYNEXP_9_10","SYNTHETIC_UNEQUAL_V32","count",0,0.363636363636364,,0.484988803658142,0,1,1,TRUE,,"beta_binomial_at_observed_Total",-2.24046013896224,70,"unlabelled_projection","missing_predictor;unseen_category;unseen_raw_residue;unseen_combination;fixed_effect_not_estimable",TRUE,TRUE,TRUE,TRUE,FALSE,FALSE,FALSE,"integration",2,"joint_bb","M1","species_equal","144419ae16021559712f2c6c505826ea6e3a70f6d77210222b2b72545f6a52f9","INTEGRATION_TEST_ONLY"
"synthetic_09","SYN_9_11","SYNEXP_9_11","SYNTHETIC_UNEQUAL_V32","exact",1,0.85,,0.484988803658142,0.0828915795794057,0.984618901125136,0.90172732154573,TRUE,,"one_inflated_beta_report",-0.312427772492854,71,"unlabelled_projection","missing_predictor;unseen_category;unseen_raw_residue;unseen_combination;fixed_effect_not_estimable",TRUE,TRUE,TRUE,TRUE,FALSE,FALSE,FALSE,"integration",2,"joint_bb","M1","species_equal","144419ae16021559712f2c6c505826ea6e3a70f6d77210222b2b72545f6a52f9","INTEGRATION_TEST_ONLY"
"synthetic_09","SYN_9_12","SYNEXP_9_12","SYNTHETIC_UNEQUAL_V32","interval",,,,0.484988803658142,0.0309672095773355,1,0.969032790422665,,TRUE,"one_inflated_beta_report",-1.02388829323818,72,"unlabelled_projection","missing_predictor;unseen_category;unseen_raw_residue;unseen_combination;fixed_effect_not_estimable",TRUE,TRUE,TRUE,TRUE,FALSE,FALSE,FALSE,"integration",2,"joint_bb","M1","species_equal","144419ae16021559712f2c6c505826ea6e3a70f6d77210222b2b72545f6a52f9","INTEGRATION_TEST_ONLY"
"synthetic_10","SYN_10_1","SYNEXP_10_1","SYNTHETIC_UNEQUAL_V32","count",0,0.4,,0.497073291150964,0,0.952499999999998,0.952499999999998,TRUE,,"beta_binomial_at_observed_Total",-2.05103039799856,73,"unlabelled_projection","unseen_category;unseen_raw_residue;unseen_combination;fixed_effect_not_estimable",FALSE,FALSE,TRUE,TRUE,FALSE,FALSE,FALSE,"integration",2,"joint_bb","M1","species_equal","144419ae16021559712f2c6c505826ea6e3a70f6d77210222b2b72545f6a52f9","INTEGRATION_TEST_ONLY"
"synthetic_10","SYN_10_2","SYNEXP_10_2","SYNTHETIC_UNEQUAL_V32","exact",1,0.85,,0.497073291150964,0.0966792866191707,0.961829974628131,0.86515068800896,TRUE,,"one_inflated_beta_report",-0.412778561535581,74,"unlabelled_projection","unseen_category;unseen_raw_residue;unseen_combination;fixed_effect_not_estimable",FALSE,FALSE,TRUE,TRUE,FALSE,FALSE,FALSE,"integration",2,"joint_bb","M1","species_equal","144419ae16021559712f2c6c505826ea6e3a70f6d77210222b2b72545f6a52f9","INTEGRATION_TEST_ONLY"
"synthetic_10","SYN_10_3","SYNEXP_10_3","SYNTHETIC_UNEQUAL_V32","interval",,,,0.497073291150964,0.0834566811641044,0.952409701972354,0.868953020808249,,TRUE,"one_inflated_beta_report",-0.890962542065414,75,"unlabelled_projection","unseen_category;unseen_raw_residue;unseen_combination;fixed_effect_not_estimable",FALSE,FALSE,TRUE,TRUE,FALSE,FALSE,FALSE,"integration",2,"joint_bb","M1","species_equal","144419ae16021559712f2c6c505826ea6e3a70f6d77210222b2b72545f6a52f9","INTEGRATION_TEST_ONLY"
"synthetic_10","SYN_10_4","SYNEXP_10_4","SYNTHETIC_UNEQUAL_V32","count",1,0.666666666666667,,0.497073291150964,0,1,1,TRUE,,"beta_binomial_at_observed_Total",-1.70861356126198,76,"unlabelled_projection","unseen_category;unseen_raw_residue;unseen_combination;fixed_effect_not_estimable",FALSE,FALSE,TRUE,TRUE,FALSE,FALSE,FALSE,"integration",2,"joint_bb","M1","species_equal","144419ae16021559712f2c6c505826ea6e3a70f6d77210222b2b72545f6a52f9","INTEGRATION_TEST_ONLY"
"synthetic_10","SYN_10_5","SYNEXP_10_5","SYNTHETIC_UNEQUAL_V32","exact",0,0.35,,0.497073291150964,0.0726020803867114,1,0.927397919613289,TRUE,,"one_inflated_beta_report",0.291992138836668,77,"unlabelled_projection","unseen_category;unseen_raw_residue;unseen_combination;fixed_effect_not_estimable",FALSE,FALSE,TRUE,TRUE,FALSE,FALSE,FALSE,"integration",2,"joint_bb","M1","species_equal","144419ae16021559712f2c6c505826ea6e3a70f6d77210222b2b72545f6a52f9","INTEGRATION_TEST_ONLY"
"synthetic_10","SYN_10_6","SYNEXP_10_6","SYNTHETIC_UNEQUAL_V32","interval",,,,0.497073291150964,0.0633125757840241,1,0.936687424215976,,TRUE,"one_inflated_beta_report",-0.890962542065414,78,"unlabelled_projection","unseen_category;unseen_raw_residue;unseen_combination;fixed_effect_not_estimable",FALSE,FALSE,TRUE,TRUE,FALSE,FALSE,FALSE,"integration",2,"joint_bb","M1","species_equal","144419ae16021559712f2c6c505826ea6e3a70f6d77210222b2b72545f6a52f9","INTEGRATION_TEST_ONLY"
"synthetic_10","SYN_10_7","SYNEXP_10_7","SYNTHETIC_UNEQUAL_V32","count",0,0.111111111111111,,0.497073291150964,0,1,1,TRUE,,"beta_binomial_at_observed_Total",-2.54849464569866,79,"unlabelled_projection","unseen_category;unseen_raw_residue;unseen_combination;fixed_effect_not_estimable",FALSE,FALSE,TRUE,TRUE,FALSE,FALSE,FALSE,"integration",2,"joint_bb","M1","species_equal","144419ae16021559712f2c6c505826ea6e3a70f6d77210222b2b72545f6a52f9","INTEGRATION_TEST_ONLY"
"synthetic_10","SYN_10_8","SYNEXP_10_8","SYNTHETIC_UNEQUAL_V32","exact",1,0.65,,0.497073291150964,0.0523377527331678,1,0.947662247266832,TRUE,,"one_inflated_beta_report",0.201161615438334,80,"unlabelled_projection","unseen_category;unseen_raw_residue;unseen_combination;fixed_effect_not_estimable",FALSE,FALSE,TRUE,TRUE,FALSE,FALSE,FALSE,"integration",2,"joint_bb","M1","species_equal","144419ae16021559712f2c6c505826ea6e3a70f6d77210222b2b72545f6a52f9","INTEGRATION_TEST_ONLY"
"synthetic_10","SYN_10_9","SYNEXP_10_9","SYNTHETIC_UNEQUAL_V32","interval",,,,0.497073291150964,0.0469973889940342,1,0.953002611005966,,TRUE,"one_inflated_beta_report",-0.890962542065414,81,"unlabelled_projection","unseen_category;unseen_raw_residue;unseen_combination;fixed_effect_not_estimable",FALSE,FALSE,TRUE,TRUE,FALSE,FALSE,FALSE,"integration",2,"joint_bb","M1","species_equal","144419ae16021559712f2c6c505826ea6e3a70f6d77210222b2b72545f6a52f9","INTEGRATION_TEST_ONLY"
"synthetic_10","SYN_10_10","SYNEXP_10_10","SYNTHETIC_UNEQUAL_V32","count",1,0.833333333333333,,0.497073291150964,0.0833333333333333,0.916666666666667,0.833333333333333,TRUE,,"beta_binomial_at_observed_Total",-2.7069621245181,82,"unlabelled_projection","unseen_category;unseen_raw_residue;unseen_combination;fixed_effect_not_estimable",FALSE,FALSE,TRUE,TRUE,FALSE,FALSE,FALSE,"integration",2,"joint_bb","M1","species_equal","144419ae16021559712f2c6c505826ea6e3a70f6d77210222b2b72545f6a52f9","INTEGRATION_TEST_ONLY"
"synthetic_10","SYN_10_11","SYNEXP_10_11","SYNTHETIC_UNEQUAL_V32","exact",0,0.15,,0.497073291150964,0.0745338275936612,0.94052936553071,0.865995537937049,TRUE,,"one_inflated_beta_report",-0.175658321112711,83,"unlabelled_projection","unseen_category;unseen_raw_residue;unseen_combination;fixed_effect_not_estimable",FALSE,FALSE,TRUE,TRUE,FALSE,FALSE,FALSE,"integration",2,"joint_bb","M1","species_equal","144419ae16021559712f2c6c505826ea6e3a70f6d77210222b2b72545f6a52f9","INTEGRATION_TEST_ONLY"
"synthetic_10","SYN_10_12","SYNEXP_10_12","SYNTHETIC_UNEQUAL_V32","interval",,,,0.497073291150964,0.0919568891042418,0.94092959742589,0.848972708321648,,TRUE,"one_inflated_beta_report",-0.890962542065414,84,"unlabelled_projection","unseen_category;unseen_raw_residue;unseen_combination;fixed_effect_not_estimable",FALSE,FALSE,TRUE,TRUE,FALSE,FALSE,FALSE,"integration",2,"joint_bb","M1","species_equal","144419ae16021559712f2c6c505826ea6e3a70f6d77210222b2b72545f6a52f9","INTEGRATION_TEST_ONLY"
"synthetic_10","SYN_10_13","SYNEXP_10_13","SYNTHETIC_UNEQUAL_V32","count",0,0.375,,0.497073291150964,0,1,1,TRUE,,"beta_binomial_at_observed_Total",-1.88603440273021,85,"unlabelled_projection","unseen_category;unseen_raw_residue;unseen_combination;fixed_effect_not_estimable",FALSE,FALSE,TRUE,TRUE,FALSE,FALSE,FALSE,"integration",2,"joint_bb","M1","species_equal","144419ae16021559712f2c6c505826ea6e3a70f6d77210222b2b72545f6a52f9","INTEGRATION_TEST_ONLY"
"synthetic_11","SYN_11_1","SYNEXP_11_1","SYNTHETIC_UNEQUAL_V32","count",1,0.818181818181818,,0.500011741991336,0,1,1,TRUE,,"beta_binomial_at_observed_Total",-2.51408584083065,86,"unlabelled_projection","missing_predictor;unseen_category;unseen_raw_residue;unseen_combination;fixed_effect_not_estimable",TRUE,TRUE,TRUE,TRUE,FALSE,FALSE,FALSE,"integration",2,"joint_bb","M1","species_equal","144419ae16021559712f2c6c505826ea6e3a70f6d77210222b2b72545f6a52f9","INTEGRATION_TEST_ONLY"
"synthetic_11","SYN_11_2","SYNEXP_11_2","SYNTHETIC_UNEQUAL_V32","exact",0,0.15,,0.500011741991336,0.01877391569838,1,0.98122608430162,TRUE,,"one_inflated_beta_report",-0.0760715376342591,87,"unlabelled_projection","missing_predictor;unseen_category;unseen_raw_residue;unseen_combination;fixed_effect_not_estimable",TRUE,TRUE,TRUE,TRUE,FALSE,FALSE,FALSE,"integration",2,"joint_bb","M1","species_equal","144419ae16021559712f2c6c505826ea6e3a70f6d77210222b2b72545f6a52f9","INTEGRATION_TEST_ONLY"
"synthetic_11","SYN_11_3","SYNEXP_11_3","SYNTHETIC_UNEQUAL_V32","interval",,,,0.500011741991336,0.0355420044987992,1,0.964457995501201,,TRUE,"one_inflated_beta_report",-1.04364211353584,88,"unlabelled_projection","missing_predictor;unseen_category;unseen_raw_residue;unseen_combination;fixed_effect_not_estimable",TRUE,TRUE,TRUE,TRUE,FALSE,FALSE,FALSE,"integration",2,"joint_bb","M1","species_equal","144419ae16021559712f2c6c505826ea6e3a70f6d77210222b2b72545f6a52f9","INTEGRATION_TEST_ONLY"
"synthetic_11","SYN_11_4","SYNEXP_11_4","SYNTHETIC_UNEQUAL_V32","count",0,0.285714285714286,,0.500011741991336,0,1,1,TRUE,,"beta_binomial_at_observed_Total",-1.95356459116013,89,"unlabelled_projection","missing_predictor;unseen_category;unseen_raw_residue;unseen_combination;fixed_effect_not_estimable",TRUE,TRUE,TRUE,TRUE,FALSE,FALSE,FALSE,"integration",2,"joint_bb","M1","species_equal","144419ae16021559712f2c6c505826ea6e3a70f6d77210222b2b72545f6a52f9","INTEGRATION_TEST_ONLY"
"synthetic_11","SYN_11_5","SYNEXP_11_5","SYNTHETIC_UNEQUAL_V32","exact",1,0.85,,0.500011741991336,0.0294760447370237,0.980924061845652,0.951448017108629,TRUE,,"one_inflated_beta_report",-0.264708994421081,90,"unlabelled_projection","missing_predictor;unseen_category;unseen_raw_residue;unseen_combination;fixed_effect_not_estimable",TRUE,TRUE,TRUE,TRUE,FALSE,FALSE,FALSE,"integration",2,"joint_bb","M1","species_equal","144419ae16021559712f2c6c505826ea6e3a70f6d77210222b2b72545f6a52f9","INTEGRATION_TEST_ONLY"
"synthetic_11","SYN_11_6","SYNEXP_11_6","SYNTHETIC_UNEQUAL_V32","interval",,,,0.500011741991336,0.0262806900201965,0.987096644315962,0.960815954295766,,TRUE,"one_inflated_beta_report",-1.04364211353584,91,"unlabelled_projection","missing_predictor;unseen_category;unseen_raw_residue;unseen_combination;fixed_effect_not_estimable",TRUE,TRUE,TRUE,TRUE,FALSE,FALSE,FALSE,"integration",2,"joint_bb","M1","species_equal","144419ae16021559712f2c6c505826ea6e3a70f6d77210222b2b72545f6a52f9","INTEGRATION_TEST_ONLY"
"synthetic_11","SYN_11_7","SYNEXP_11_7","SYNTHETIC_UNEQUAL_V32","count",1,0.6,,0.500011741991336,0,1,1,TRUE,,"beta_binomial_at_observed_Total",-2.1913678786741,92,"unlabelled_projection","missing_predictor;unseen_category;unseen_raw_residue;unseen_combination;fixed_effect_not_estimable",TRUE,TRUE,TRUE,TRUE,FALSE,FALSE,FALSE,"integration",2,"joint_bb","M1","species_equal","144419ae16021559712f2c6c505826ea6e3a70f6d77210222b2b72545f6a52f9","INTEGRATION_TEST_ONLY"
"synthetic_11","SYN_11_8","SYNEXP_11_8","SYNTHETIC_UNEQUAL_V32","exact",0,0.35,,0.500011741991336,0.0310656200264507,0.996724698211852,0.965659078185402,TRUE,,"one_inflated_beta_report",0.15978208959519,93,"unlabelled_projection","missing_predictor;unseen_category;unseen_raw_residue;unseen_combination;fixed_effect_not_estimable",TRUE,TRUE,TRUE,TRUE,FALSE,FALSE,FALSE,"integration",2,"joint_bb","M1","species_equal","144419ae16021559712f2c6c505826ea6e3a70f6d77210222b2b72545f6a52f9","INTEGRATION_TEST_ONLY"
"synthetic_11","SYN_11_9","SYNEXP_11_9","SYNTHETIC_UNEQUAL_V32","interval",,,,0.500011741991336,0.0161602384672637,0.999243866127077,0.983083627659813,,TRUE,"one_inflated_beta_report",-1.04364211353584,94,"unlabelled_projection","missing_predictor;unseen_category;unseen_raw_residue;unseen_combination;fixed_effect_not_estimable",TRUE,TRUE,TRUE,TRUE,FALSE,FALSE,FALSE,"integration",2,"joint_bb","M1","species_equal","144419ae16021559712f2c6c505826ea6e3a70f6d77210222b2b72545f6a52f9","INTEGRATION_TEST_ONLY"
"synthetic_11","SYN_11_10","SYNEXP_11_10","SYNTHETIC_UNEQUAL_V32","count",0,0.166666666666667,,0.500011741991336,0,1,1,TRUE,,"beta_binomial_at_observed_Total",-1.9530720859397,95,"unlabelled_projection","missing_predictor;unseen_category;unseen_raw_residue;unseen_combination;fixed_effect_not_estimable",TRUE,TRUE,TRUE,TRUE,FALSE,FALSE,FALSE,"integration",2,"joint_bb","M1","species_equal","144419ae16021559712f2c6c505826ea6e3a70f6d77210222b2b72545f6a52f9","INTEGRATION_TEST_ONLY"
"synthetic_11","SYN_11_11","SYNEXP_11_11","SYNTHETIC_UNEQUAL_V32","exact",1,0.65,,0.500011741991336,0.0406608783436682,1,0.959339121656332,TRUE,,"one_inflated_beta_report",0.0831531136211366,96,"unlabelled_projection","missing_predictor;unseen_category;unseen_raw_residue;unseen_combination;fixed_effect_not_estimable",TRUE,TRUE,TRUE,TRUE,FALSE,FALSE,FALSE,"integration",2,"joint_bb","M1","species_equal","144419ae16021559712f2c6c505826ea6e3a70f6d77210222b2b72545f6a52f9","INTEGRATION_TEST_ONLY"
"synthetic_11","SYN_11_12","SYNEXP_11_12","SYNTHETIC_UNEQUAL_V32","interval",,,,0.500011741991336,0.0181270049804027,1,0.981872995019597,,TRUE,"one_inflated_beta_report",-1.04364211353584,97,"unlabelled_projection","missing_predictor;unseen_category;unseen_raw_residue;unseen_combination;fixed_effect_not_estimable",TRUE,TRUE,TRUE,TRUE,FALSE,FALSE,FALSE,"integration",2,"joint_bb","M1","species_equal","144419ae16021559712f2c6c505826ea6e3a70f6d77210222b2b72545f6a52f9","INTEGRATION_TEST_ONLY"
"synthetic_11","SYN_11_13","SYNEXP_11_13","SYNTHETIC_UNEQUAL_V32","count",1,0.888888888888889,,0.500011741991336,0,1,1,TRUE,,"beta_binomial_at_observed_Total",-2.45131535488875,98,"unlabelled_projection","missing_predictor;unseen_category;unseen_raw_residue;unseen_combination;fixed_effect_not_estimable",TRUE,TRUE,TRUE,TRUE,FALSE,FALSE,FALSE,"integration",2,"joint_bb","M1","species_equal","144419ae16021559712f2c6c505826ea6e3a70f6d77210222b2b72545f6a52f9","INTEGRATION_TEST_ONLY"
"synthetic_11","SYN_11_14","SYNEXP_11_14","SYNTHETIC_UNEQUAL_V32","exact",1,1,,0.500011741991336,0.0391222288699815,1,0.960877771130018,TRUE,,"one_inflated_beta_report",-3.43598305108119,99,"unlabelled_projection","missing_predictor;unseen_category;unseen_raw_residue;unseen_combination;fixed_effect_not_estimable",TRUE,TRUE,TRUE,TRUE,FALSE,FALSE,FALSE,"integration",2,"joint_bb","M1","species_equal","144419ae16021559712f2c6c505826ea6e3a70f6d77210222b2b72545f6a52f9","INTEGRATION_TEST_ONLY"
"synthetic_12","SYN_12_1","SYNEXP_12_1","SYNTHETIC_UNEQUAL_V32","interval",,,,0.497073291150964,0.0580333302559779,0.987484550584264,0.929451220328286,,TRUE,"one_inflated_beta_report",-0.890962542065414,100,"unlabelled_projection","unseen_category;unseen_raw_residue;unseen_combination;fixed_effect_not_estimable",FALSE,FALSE,TRUE,TRUE,FALSE,FALSE,FALSE,"integration",2,"joint_bb","M1","species_equal","144419ae16021559712f2c6c505826ea6e3a70f6d77210222b2b72545f6a52f9","INTEGRATION_TEST_ONLY"
"synthetic_12","SYN_12_2","SYNEXP_12_2","SYNTHETIC_UNEQUAL_V32","interval",,,,0.497073291150964,0.0666251162010925,1,0.933374883798908,,TRUE,"one_inflated_beta_report",-0.890962542065414,101,"unlabelled_projection","unseen_category;unseen_raw_residue;unseen_combination;fixed_effect_not_estimable",FALSE,FALSE,TRUE,TRUE,FALSE,FALSE,FALSE,"integration",2,"joint_bb","M1","species_equal","144419ae16021559712f2c6c505826ea6e3a70f6d77210222b2b72545f6a52f9","INTEGRATION_TEST_ONLY"
"synthetic_12","SYN_12_3","SYNEXP_12_3","SYNTHETIC_UNEQUAL_V32","interval",,,,0.497073291150964,0.076618671306299,1,0.923381328693701,,TRUE,"one_inflated_beta_report",-0.890962542065414,102,"unlabelled_projection","unseen_category;unseen_raw_residue;unseen_combination;fixed_effect_not_estimable",FALSE,FALSE,TRUE,TRUE,FALSE,FALSE,FALSE,"integration",2,"joint_bb","M1","species_equal","144419ae16021559712f2c6c505826ea6e3a70f6d77210222b2b72545f6a52f9","INTEGRATION_TEST_ONLY"
"synthetic_12","SYN_12_4","SYNEXP_12_4","SYNTHETIC_UNEQUAL_V32","interval",,,,0.497073291150964,0.0702137725616799,0.977138658494886,0.906924885933206,,TRUE,"one_inflated_beta_report",-0.890962542065414,103,"unlabelled_projection","unseen_category;unseen_raw_residue;unseen_combination;fixed_effect_not_estimable",FALSE,FALSE,TRUE,TRUE,FALSE,FALSE,FALSE,"integration",2,"joint_bb","M1","species_equal","144419ae16021559712f2c6c505826ea6e3a70f6d77210222b2b72545f6a52f9","INTEGRATION_TEST_ONLY"
"synthetic_12","SYN_12_5","SYNEXP_12_5","SYNTHETIC_UNEQUAL_V32","interval",,,,0.497073291150964,0.0861722407205862,0.990795744934975,0.904623504214389,,TRUE,"one_inflated_beta_report",-0.890962542065414,104,"unlabelled_projection","unseen_category;unseen_raw_residue;unseen_combination;fixed_effect_not_estimable",FALSE,FALSE,TRUE,TRUE,FALSE,FALSE,FALSE,"integration",2,"joint_bb","M1","species_equal","144419ae16021559712f2c6c505826ea6e3a70f6d77210222b2b72545f6a52f9","INTEGRATION_TEST_ONLY"
"synthetic_12","SYN_12_6","SYNEXP_12_6","SYNTHETIC_UNEQUAL_V32","interval",,,,0.497073291150964,0.0500167057670537,1,0.949983294232946,,TRUE,"one_inflated_beta_report",-0.890962542065414,105,"unlabelled_projection","unseen_category;unseen_raw_residue;unseen_combination;fixed_effect_not_estimable",FALSE,FALSE,TRUE,TRUE,FALSE,FALSE,FALSE,"integration",2,"joint_bb","M1","species_equal","144419ae16021559712f2c6c505826ea6e3a70f6d77210222b2b72545f6a52f9","INTEGRATION_TEST_ONLY"
"synthetic_12","SYN_12_7","SYNEXP_12_7","SYNTHETIC_UNEQUAL_V32","interval",,,,0.497073291150964,0.0937699731588101,1,0.90623002684119,,TRUE,"one_inflated_beta_report",-0.890962542065414,106,"unlabelled_projection","unseen_category;unseen_raw_residue;unseen_combination;fixed_effect_not_estimable",FALSE,FALSE,TRUE,TRUE,FALSE,FALSE,FALSE,"integration",2,"joint_bb","M1","species_equal","144419ae16021559712f2c6c505826ea6e3a70f6d77210222b2b72545f6a52f9","INTEGRATION_TEST_ONLY"
"synthetic_12","SYN_12_8","SYNEXP_12_8","SYNTHETIC_UNEQUAL_V32","interval",,,,0.497073291150964,0.0743609361149009,1,0.925639063885099,,TRUE,"one_inflated_beta_report",-0.890962542065414,107,"unlabelled_projection","unseen_category;unseen_raw_residue;unseen_combination;fixed_effect_not_estimable",FALSE,FALSE,TRUE,TRUE,FALSE,FALSE,FALSE,"integration",2,"joint_bb","M1","species_equal","144419ae16021559712f2c6c505826ea6e3a70f6d77210222b2b72545f6a52f9","INTEGRATION_TEST_ONLY"
"synthetic_12","SYN_12_9","SYNEXP_12_9","SYNTHETIC_UNEQUAL_V32","interval",,,,0.497073291150964,0.0798006771328575,0.920594982049068,0.84079430491621,,TRUE,"one_inflated_beta_report",-0.890962542065414,108,"unlabelled_projection","unseen_category;unseen_raw_residue;unseen_combination;fixed_effect_not_estimable",FALSE,FALSE,TRUE,TRUE,FALSE,FALSE,FALSE,"integration",2,"joint_bb","M1","species_equal","144419ae16021559712f2c6c505826ea6e3a70f6d77210222b2b72545f6a52f9","INTEGRATION_TEST_ONLY"
"synthetic_12","SYN_12_10","SYNEXP_12_10","SYNTHETIC_UNEQUAL_V32","interval",,,,0.497073291150964,0.0489585474599377,0.963955938098984,0.914997390639046,,TRUE,"one_inflated_beta_report",-0.890962542065414,109,"unlabelled_projection","unseen_category;unseen_raw_residue;unseen_combination;fixed_effect_not_estimable",FALSE,FALSE,TRUE,TRUE,FALSE,FALSE,FALSE,"integration",2,"joint_bb","M1","species_equal","144419ae16021559712f2c6c505826ea6e3a70f6d77210222b2b72545f6a52f9","INTEGRATION_TEST_ONLY"
"synthetic_12","SYN_12_11","SYNEXP_12_11","SYNTHETIC_UNEQUAL_V32","interval",,,,0.497073291150964,0.0776315375476013,0.930849759511267,0.853218221963665,,TRUE,"one_inflated_beta_report",-0.890962542065414,110,"unlabelled_projection","unseen_category;unseen_raw_residue;unseen_combination;fixed_effect_not_estimable",FALSE,FALSE,TRUE,TRUE,FALSE,FALSE,FALSE,"integration",2,"joint_bb","M1","species_equal","144419ae16021559712f2c6c505826ea6e3a70f6d77210222b2b72545f6a52f9","INTEGRATION_TEST_ONLY"
"synthetic_12","SYN_12_12","SYNEXP_12_12","SYNTHETIC_UNEQUAL_V32","interval",,,,0.497073291150964,0.0731859919521306,1,0.926814008047869,,TRUE,"one_inflated_beta_report",-0.890962542065414,111,"unlabelled_projection","unseen_category;unseen_raw_residue;unseen_combination;fixed_effect_not_estimable",FALSE,FALSE,TRUE,TRUE,FALSE,FALSE,FALSE,"integration",2,"joint_bb","M1","species_equal","144419ae16021559712f2c6c505826ea6e3a70f6d77210222b2b72545f6a52f9","INTEGRATION_TEST_ONLY"
"synthetic_12","SYN_12_13","SYNEXP_12_13","SYNTHETIC_UNEQUAL_V32","interval",,,,0.497073291150964,0.0804249582983395,1,0.91957504170166,,TRUE,"one_inflated_beta_report",-0.890962542065414,112,"unlabelled_projection","unseen_category;unseen_raw_residue;unseen_combination;fixed_effect_not_estimable",FALSE,FALSE,TRUE,TRUE,FALSE,FALSE,FALSE,"integration",2,"joint_bb","M1","species_equal","144419ae16021559712f2c6c505826ea6e3a70f6d77210222b2b72545f6a52f9","INTEGRATION_TEST_ONLY"
"synthetic_12","SYN_12_14","SYNEXP_12_14","SYNTHETIC_UNEQUAL_V32","interval",,,,0.497073291150964,0.0845143576209713,1,0.915485642379029,,TRUE,"one_inflated_beta_report",-0.890962542065414,113,"unlabelled_projection","unseen_category;unseen_raw_residue;unseen_combination;fixed_effect_not_estimable",FALSE,FALSE,TRUE,TRUE,FALSE,FALSE,FALSE,"integration",2,"joint_bb","M1","species_equal","144419ae16021559712f2c6c505826ea6e3a70f6d77210222b2b72545f6a52f9","INTEGRATION_TEST_ONLY"
"synthetic_12","SYN_12_15","SYNEXP_12_15","SYNTHETIC_UNEQUAL_V32","interval",,,,0.497073291150964,0.085457374466448,1,0.914542625533552,,TRUE,"one_inflated_beta_report",-0.890962542065414,114,"unlabelled_projection","unseen_category;unseen_raw_residue;unseen_combination;fixed_effect_not_estimable",FALSE,FALSE,TRUE,TRUE,FALSE,FALSE,FALSE,"integration",2,"joint_bb","M1","species_equal","144419ae16021559712f2c6c505826ea6e3a70f6d77210222b2b72545f6a52f9","INTEGRATION_TEST_ONLY"
"synthetic_01","SYN_1_1","SYNEXP_1_1","SYNTHETIC_UNEQUAL_V32","count",1,0.625,,0.493083864199181,0,1,1,TRUE,,"beta_binomial_at_observed_Total",-2.05894909312549,1,"unlabelled_projection","unseen_category;unseen_raw_residue;unseen_combination;fixed_effect_not_estimable",FALSE,FALSE,TRUE,TRUE,FALSE,FALSE,FALSE,"integration",1,"joint_bb","M2","record_equal","d279db6346b9e9c60240b76e5bc295fa68e8bade5b89910aaad68cd7b263acda","INTEGRATION_TEST_ONLY"
"synthetic_01","SYN_1_2","SYNEXP_1_2","SYNTHETIC_UNEQUAL_V32","exact",0,0.35,,0.493083864199181,0.0635602564827931,0.99744675298272,0.933886496499926,TRUE,,"one_inflated_beta_report",0.263716070550499,2,"unlabelled_projection","unseen_category;unseen_raw_residue;unseen_combination;fixed_effect_not_estimable",FALSE,FALSE,TRUE,TRUE,FALSE,FALSE,FALSE,"integration",1,"joint_bb","M2","record_equal","d279db6346b9e9c60240b76e5bc295fa68e8bade5b89910aaad68cd7b263acda","INTEGRATION_TEST_ONLY"
"synthetic_01","SYN_1_3","SYNEXP_1_3","SYNTHETIC_UNEQUAL_V32","interval",,,,0.493083864199181,0.0535973259389273,1,0.946402674061073,,TRUE,"one_inflated_beta_report",-0.929345440325903,3,"unlabelled_projection","unseen_category;unseen_raw_residue;unseen_combination;fixed_effect_not_estimable",FALSE,FALSE,TRUE,TRUE,FALSE,FALSE,FALSE,"integration",1,"joint_bb","M2","record_equal","d279db6346b9e9c60240b76e5bc295fa68e8bade5b89910aaad68cd7b263acda","INTEGRATION_TEST_ONLY"
"synthetic_01","SYN_1_4","SYNEXP_1_4","SYNTHETIC_UNEQUAL_V32","count",0,0.181818181818182,,0.493083864199181,0,1,1,TRUE,,"beta_binomial_at_observed_Total",-2.47117009400482,4,"unlabelled_projection","unseen_category;unseen_raw_residue;unseen_combination;fixed_effect_not_estimable",FALSE,FALSE,TRUE,TRUE,FALSE,FALSE,FALSE,"integration",1,"joint_bb","M2","record_equal","d279db6346b9e9c60240b76e5bc295fa68e8bade5b89910aaad68cd7b263acda","INTEGRATION_TEST_ONLY"
"synthetic_02","SYN_2_1","SYNEXP_2_1","SYNTHETIC_UNEQUAL_V32","count",0,0.333333333333333,,0.493083864199181,0,1,1,TRUE,,"beta_binomial_at_observed_Total",-2.16119797096494,5,"unlabelled_projection","unseen_category;unseen_raw_residue;unseen_combination;fixed_effect_not_estimable",FALSE,FALSE,TRUE,TRUE,FALSE,FALSE,FALSE,"integration",1,"joint_bb","M2","record_equal","d279db6346b9e9c60240b76e5bc295fa68e8bade5b89910aaad68cd7b263acda","INTEGRATION_TEST_ONLY"
"synthetic_02","SYN_2_2","SYNEXP_2_2","SYNTHETIC_UNEQUAL_V32","exact",1,0.85,,0.493083864199181,0.0757878537454267,0.977369647843097,0.901581794097671,TRUE,,"one_inflated_beta_report",-0.4075531249226,6,"unlabelled_projection","unseen_category;unseen_raw_residue;unseen_combination;fixed_effect_not_estimable",FALSE,FALSE,TRUE,TRUE,FALSE,FALSE,FALSE,"integration",1,"joint_bb","M2","record_equal","d279db6346b9e9c60240b76e5bc295fa68e8bade5b89910aaad68cd7b263acda","INTEGRATION_TEST_ONLY"
"synthetic_02","SYN_2_3","SYNEXP_2_3","SYNTHETIC_UNEQUAL_V32","interval",,,,0.493083864199181,0.0732827045945543,0.987270914076004,0.91398820948145,,TRUE,"one_inflated_beta_report",-0.929345440325903,7,"unlabelled_projection","unseen_category;unseen_raw_residue;unseen_combination;fixed_effect_not_estimable",FALSE,FALSE,TRUE,TRUE,FALSE,FALSE,FALSE,"integration",1,"joint_bb","M2","record_equal","d279db6346b9e9c60240b76e5bc295fa68e8bade5b89910aaad68cd7b263acda","INTEGRATION_TEST_ONLY"
"synthetic_02","SYN_2_4","SYNEXP_2_4","SYNTHETIC_UNEQUAL_V32","count",1,0.666666666666667,,0.493083864199181,0,1,1,TRUE,,"beta_binomial_at_observed_Total",-2.44160870883058,8,"unlabelled_projection","unseen_category;unseen_raw_residue;unseen_combination;fixed_effect_not_estimable",FALSE,FALSE,TRUE,TRUE,FALSE,FALSE,FALSE,"integration",1,"joint_bb","M2","record_equal","d279db6346b9e9c60240b76e5bc295fa68e8bade5b89910aaad68cd7b263acda","INTEGRATION_TEST_ONLY"
"synthetic_02","SYN_2_5","SYNEXP_2_5","SYNTHETIC_UNEQUAL_V32","exact",0,0.35,,0.493083864199181,0.0475632260471448,1,0.952436773952855,TRUE,,"one_inflated_beta_report",0.263716070550499,9,"unlabelled_projection","unseen_category;unseen_raw_residue;unseen_combination;fixed_effect_not_estimable",FALSE,FALSE,TRUE,TRUE,FALSE,FALSE,FALSE,"integration",1,"joint_bb","M2","record_equal","d279db6346b9e9c60240b76e5bc295fa68e8bade5b89910aaad68cd7b263acda","INTEGRATION_TEST_ONLY"
"synthetic_03","SYN_3_1","SYNEXP_3_1","SYNTHETIC_UNEQUAL_V32","count",1,0.8,,0.493083864199181,0,1,1,TRUE,,"beta_binomial_at_observed_Total",-2.4010976653122,10,"unlabelled_projection","unseen_category;unseen_raw_residue;unseen_combination;fixed_effect_not_estimable",FALSE,FALSE,TRUE,TRUE,FALSE,FALSE,FALSE,"integration",1,"joint_bb","M2","record_equal","d279db6346b9e9c60240b76e5bc295fa68e8bade5b89910aaad68cd7b263acda","INTEGRATION_TEST_ONLY"
"synthetic_03","SYN_3_2","SYNEXP_3_2","SYNTHETIC_UNEQUAL_V32","exact",0,0.15,,0.493083864199181,0.0562904537825657,1,0.943709546217434,TRUE,,"one_inflated_beta_report",-0.121131522049568,11,"unlabelled_projection","unseen_category;unseen_raw_residue;unseen_combination;fixed_effect_not_estimable",FALSE,FALSE,TRUE,TRUE,FALSE,FALSE,FALSE,"integration",1,"joint_bb","M2","record_equal","d279db6346b9e9c60240b76e5bc295fa68e8bade5b89910aaad68cd7b263acda","INTEGRATION_TEST_ONLY"
"synthetic_03","SYN_3_3","SYNEXP_3_3","SYNTHETIC_UNEQUAL_V32","interval",,,,0.493083864199181,0.0651037834246791,1,0.934896216575321,,TRUE,"one_inflated_beta_report",-0.929345440325903,12,"unlabelled_projection","unseen_category;unseen_raw_residue;unseen_combination;fixed_effect_not_estimable",FALSE,FALSE,TRUE,TRUE,FALSE,FALSE,FALSE,"integration",1,"joint_bb","M2","record_equal","d279db6346b9e9c60240b76e5bc295fa68e8bade5b89910aaad68cd7b263acda","INTEGRATION_TEST_ONLY"
"synthetic_03","SYN_3_4","SYNEXP_3_4","SYNTHETIC_UNEQUAL_V32","count",0,0.333333333333333,,0.493083864199181,0,1,1,TRUE,,"beta_binomial_at_observed_Total",-1.81615539710154,13,"unlabelled_projection","unseen_category;unseen_raw_residue;unseen_combination;fixed_effect_not_estimable",FALSE,FALSE,TRUE,TRUE,FALSE,FALSE,FALSE,"integration",1,"joint_bb","M2","record_equal","d279db6346b9e9c60240b76e5bc295fa68e8bade5b89910aaad68cd7b263acda","INTEGRATION_TEST_ONLY"
"synthetic_03","SYN_3_5","SYNEXP_3_5","SYNTHETIC_UNEQUAL_V32","exact",1,0.85,,0.493083864199181,0.0455012698242591,1,0.954498730175741,TRUE,,"one_inflated_beta_report",-0.4075531249226,14,"unlabelled_projection","unseen_category;unseen_raw_residue;unseen_combination;fixed_effect_not_estimable",FALSE,FALSE,TRUE,TRUE,FALSE,FALSE,FALSE,"integration",1,"joint_bb","M2","record_equal","d279db6346b9e9c60240b76e5bc295fa68e8bade5b89910aaad68cd7b263acda","INTEGRATION_TEST_ONLY"
"synthetic_03","SYN_3_6","SYNEXP_3_6","SYNTHETIC_UNEQUAL_V32","interval",,,,0.493083864199181,0.0638474044098755,0.943587850244513,0.879740445834637,,TRUE,"one_inflated_beta_report",-0.929345440325903,15,"unlabelled_projection","unseen_category;unseen_raw_residue;unseen_combination;fixed_effect_not_estimable",FALSE,FALSE,TRUE,TRUE,FALSE,FALSE,FALSE,"integration",1,"joint_bb","M2","record_equal","d279db6346b9e9c60240b76e5bc295fa68e8bade5b89910aaad68cd7b263acda","INTEGRATION_TEST_ONLY"
"synthetic_04","SYN_4_1","SYNEXP_4_1","SYNTHETIC_UNEQUAL_V32","count",0,0.181818181818182,,0.493083864199181,0,1,1,TRUE,,"beta_binomial_at_observed_Total",-2.47117009400482,16,"unlabelled_projection","unseen_category;unseen_raw_residue;unseen_combination;fixed_effect_not_estimable",FALSE,FALSE,TRUE,TRUE,FALSE,FALSE,FALSE,"integration",1,"joint_bb","M2","record_equal","d279db6346b9e9c60240b76e5bc295fa68e8bade5b89910aaad68cd7b263acda","INTEGRATION_TEST_ONLY"
"synthetic_04","SYN_4_2","SYNEXP_4_2","SYNTHETIC_UNEQUAL_V32","exact",1,0.65,,0.493083864199181,0.0653902987918693,1,0.934609701208131,TRUE,,"one_inflated_beta_report",0.167507546065941,17,"unlabelled_projection","unseen_category;unseen_raw_residue;unseen_combination;fixed_effect_not_estimable",FALSE,FALSE,TRUE,TRUE,FALSE,FALSE,FALSE,"integration",1,"joint_bb","M2","record_equal","d279db6346b9e9c60240b76e5bc295fa68e8bade5b89910aaad68cd7b263acda","INTEGRATION_TEST_ONLY"
"synthetic_04","SYN_4_3","SYNEXP_4_3","SYNTHETIC_UNEQUAL_V32","interval",,,,0.493083864199181,0.0876684641233601,0.990463774070737,0.902795309947377,,TRUE,"one_inflated_beta_report",-0.929345440325903,18,"unlabelled_projection","unseen_category;unseen_raw_residue;unseen_combination;fixed_effect_not_estimable",FALSE,FALSE,TRUE,TRUE,FALSE,FALSE,FALSE,"integration",1,"joint_bb","M2","record_equal","d279db6346b9e9c60240b76e5bc295fa68e8bade5b89910aaad68cd7b263acda","INTEGRATION_TEST_ONLY"
"synthetic_04","SYN_4_4","SYNEXP_4_4","SYNTHETIC_UNEQUAL_V32","count",1,0.857142857142857,,0.493083864199181,0,1,1,TRUE,,"beta_binomial_at_observed_Total",-2.13986405248379,19,"unlabelled_projection","unseen_category;unseen_raw_residue;unseen_combination;fixed_effect_not_estimable",FALSE,FALSE,TRUE,TRUE,FALSE,FALSE,FALSE,"integration",1,"joint_bb","M2","record_equal","d279db6346b9e9c60240b76e5bc295fa68e8bade5b89910aaad68cd7b263acda","INTEGRATION_TEST_ONLY"
"synthetic_04","SYN_4_5","SYNEXP_4_5","SYNTHETIC_UNEQUAL_V32","exact",0,0.15,,0.493083864199181,0.0597671964841399,1,0.94023280351586,TRUE,,"one_inflated_beta_report",-0.121131522049568,20,"unlabelled_projection","unseen_category;unseen_raw_residue;unseen_combination;fixed_effect_not_estimable",FALSE,FALSE,TRUE,TRUE,FALSE,FALSE,FALSE,"integration",1,"joint_bb","M2","record_equal","d279db6346b9e9c60240b76e5bc295fa68e8bade5b89910aaad68cd7b263acda","INTEGRATION_TEST_ONLY"
"synthetic_04","SYN_4_6","SYNEXP_4_6","SYNTHETIC_UNEQUAL_V32","interval",,,,0.493083864199181,0.0751903590941898,1,0.92480964090581,,TRUE,"one_inflated_beta_report",-0.929345440325903,21,"unlabelled_projection","unseen_category;unseen_raw_residue;unseen_combination;fixed_effect_not_estimable",FALSE,FALSE,TRUE,TRUE,FALSE,FALSE,FALSE,"integration",1,"joint_bb","M2","record_equal","d279db6346b9e9c60240b76e5bc295fa68e8bade5b89910aaad68cd7b263acda","INTEGRATION_TEST_ONLY"
"synthetic_04","SYN_4_7","SYNEXP_4_7","SYNTHETIC_UNEQUAL_V32","count",0,0.4,,0.493083864199181,0,1,1,TRUE,,"beta_binomial_at_observed_Total",-2.22751397756665,22,"unlabelled_projection","unseen_category;unseen_raw_residue;unseen_combination;fixed_effect_not_estimable",FALSE,FALSE,TRUE,TRUE,FALSE,FALSE,FALSE,"integration",1,"joint_bb","M2","record_equal","d279db6346b9e9c60240b76e5bc295fa68e8bade5b89910aaad68cd7b263acda","INTEGRATION_TEST_ONLY"
"synthetic_05","SYN_5_1","SYNEXP_5_1","SYNTHETIC_UNEQUAL_V32","count",1,0.666666666666667,,0.497224169811765,0.0833333333333333,1,0.916666666666667,TRUE,,"beta_binomial_at_observed_Total",-2.34657612726863,23,"unlabelled_projection","unseen_category;unseen_raw_residue;unseen_combination;fixed_effect_not_estimable",FALSE,FALSE,TRUE,TRUE,FALSE,FALSE,FALSE,"integration",1,"joint_bb","M2","record_equal","d279db6346b9e9c60240b76e5bc295fa68e8bade5b89910aaad68cd7b263acda","INTEGRATION_TEST_ONLY"
"synthetic_05","SYN_5_2","SYNEXP_5_2","SYNTHETIC_UNEQUAL_V32","exact",0,0.35,,0.497224169811765,0.121017012970946,1,0.878982987029054,TRUE,,"one_inflated_beta_report",0.394442229898986,24,"unlabelled_projection","unseen_category;unseen_raw_residue;unseen_combination;fixed_effect_not_estimable",FALSE,FALSE,TRUE,TRUE,FALSE,FALSE,FALSE,"integration",1,"joint_bb","M2","record_equal","d279db6346b9e9c60240b76e5bc295fa68e8bade5b89910aaad68cd7b263acda","INTEGRATION_TEST_ONLY"
"synthetic_05","SYN_5_3","SYNEXP_5_3","SYNTHETIC_UNEQUAL_V32","interval",,,,0.497224169811765,0.110494832541738,1,0.889505167458262,,TRUE,"one_inflated_beta_report",-0.783212281094152,25,"unlabelled_projection","unseen_category;unseen_raw_residue;unseen_combination;fixed_effect_not_estimable",FALSE,FALSE,TRUE,TRUE,FALSE,FALSE,FALSE,"integration",1,"joint_bb","M2","record_equal","d279db6346b9e9c60240b76e5bc295fa68e8bade5b89910aaad68cd7b263acda","INTEGRATION_TEST_ONLY"
"synthetic_05","SYN_5_4","SYNEXP_5_4","SYNTHETIC_UNEQUAL_V32","count",0,0.125,,0.497224169811765,0,1,1,TRUE,,"beta_binomial_at_observed_Total",-2.32317297503196,26,"unlabelled_projection","unseen_category;unseen_raw_residue;unseen_combination;fixed_effect_not_estimable",FALSE,FALSE,TRUE,TRUE,FALSE,FALSE,FALSE,"integration",1,"joint_bb","M2","record_equal","d279db6346b9e9c60240b76e5bc295fa68e8bade5b89910aaad68cd7b263acda","INTEGRATION_TEST_ONLY"
"synthetic_05","SYN_5_5","SYNEXP_5_5","SYNTHETIC_UNEQUAL_V32","exact",1,0.65,,0.497224169811765,0.123278583861061,0.990639051298172,0.867360467437111,TRUE,,"one_inflated_beta_report",0.254765021773475,27,"unlabelled_projection","unseen_category;unseen_raw_residue;unseen_combination;fixed_effect_not_estimable",FALSE,FALSE,TRUE,TRUE,FALSE,FALSE,FALSE,"integration",1,"joint_bb","M2","record_equal","d279db6346b9e9c60240b76e5bc295fa68e8bade5b89910aaad68cd7b263acda","INTEGRATION_TEST_ONLY"
"synthetic_05","SYN_5_6","SYNEXP_5_6","SYNTHETIC_UNEQUAL_V32","interval",,,,0.497224169811765,0.0715331217527373,1,0.928466878247263,,TRUE,"one_inflated_beta_report",-0.783212281094152,28,"unlabelled_projection","unseen_category;unseen_raw_residue;unseen_combination;fixed_effect_not_estimable",FALSE,FALSE,TRUE,TRUE,FALSE,FALSE,FALSE,"integration",1,"joint_bb","M2","record_equal","d279db6346b9e9c60240b76e5bc295fa68e8bade5b89910aaad68cd7b263acda","INTEGRATION_TEST_ONLY"
"synthetic_05","SYN_5_7","SYNEXP_5_7","SYNTHETIC_UNEQUAL_V32","count",1,0.818181818181818,,0.497224169811765,0,1,1,TRUE,,"beta_binomial_at_observed_Total",-2.53198745496462,29,"unlabelled_projection","unseen_category;unseen_raw_residue;unseen_combination;fixed_effect_not_estimable",FALSE,FALSE,TRUE,TRUE,FALSE,FALSE,FALSE,"integration",1,"joint_bb","M2","record_equal","d279db6346b9e9c60240b76e5bc295fa68e8bade5b89910aaad68cd7b263acda","INTEGRATION_TEST_ONLY"
"synthetic_05","SYN_5_8","SYNEXP_5_8","SYNTHETIC_UNEQUAL_V32","exact",0,0.15,,0.497224169811765,0.119250966686569,0.983430224863052,0.864179258176482,TRUE,,"one_inflated_beta_report",-0.310130007502184,30,"unlabelled_projection","unseen_category;unseen_raw_residue;unseen_combination;fixed_effect_not_estimable",FALSE,FALSE,TRUE,TRUE,FALSE,FALSE,FALSE,"integration",1,"joint_bb","M2","record_equal","d279db6346b9e9c60240b76e5bc295fa68e8bade5b89910aaad68cd7b263acda","INTEGRATION_TEST_ONLY"
"synthetic_06","SYN_6_1","SYNEXP_6_1","SYNTHETIC_UNEQUAL_V32","count",0,0.333333333333333,,0.497224169811765,0,1,1,TRUE,,"beta_binomial_at_observed_Total",-1.737410820599,31,"unlabelled_projection","unseen_category;unseen_raw_residue;unseen_combination;fixed_effect_not_estimable",FALSE,FALSE,TRUE,TRUE,FALSE,FALSE,FALSE,"integration",1,"joint_bb","M2","record_equal","d279db6346b9e9c60240b76e5bc295fa68e8bade5b89910aaad68cd7b263acda","INTEGRATION_TEST_ONLY"
"synthetic_06","SYN_6_2","SYNEXP_6_2","SYNTHETIC_UNEQUAL_V32","exact",1,0.85,,0.497224169811765,0.105633255844824,0.954484629865201,0.848851374020377,TRUE,,"one_inflated_beta_report",-0.632558728189498,32,"unlabelled_projection","unseen_category;unseen_raw_residue;unseen_combination;fixed_effect_not_estimable",FALSE,FALSE,TRUE,TRUE,FALSE,FALSE,FALSE,"integration",1,"joint_bb","M2","record_equal","d279db6346b9e9c60240b76e5bc295fa68e8bade5b89910aaad68cd7b263acda","INTEGRATION_TEST_ONLY"
"synthetic_06","SYN_6_3","SYNEXP_6_3","SYNTHETIC_UNEQUAL_V32","interval",,,,0.497224169811765,0.102202409243806,1,0.897797590756194,,TRUE,"one_inflated_beta_report",-0.783212281094152,33,"unlabelled_projection","unseen_category;unseen_raw_residue;unseen_combination;fixed_effect_not_estimable",FALSE,FALSE,TRUE,TRUE,FALSE,FALSE,FALSE,"integration",1,"joint_bb","M2","record_equal","d279db6346b9e9c60240b76e5bc295fa68e8bade5b89910aaad68cd7b263acda","INTEGRATION_TEST_ONLY"
"synthetic_06","SYN_6_4","SYNEXP_6_4","SYNTHETIC_UNEQUAL_V32","count",1,0.666666666666667,,0.497224169811765,0,1,1,TRUE,,"beta_binomial_at_observed_Total",-2.09248117339651,34,"unlabelled_projection","unseen_category;unseen_raw_residue;unseen_combination;fixed_effect_not_estimable",FALSE,FALSE,TRUE,TRUE,FALSE,FALSE,FALSE,"integration",1,"joint_bb","M2","record_equal","d279db6346b9e9c60240b76e5bc295fa68e8bade5b89910aaad68cd7b263acda","INTEGRATION_TEST_ONLY"
"synthetic_06","SYN_6_5","SYNEXP_6_5","SYNTHETIC_UNEQUAL_V32","exact",0,0.35,,0.497224169811765,0.0917997731759473,1,0.908200226824053,TRUE,,"one_inflated_beta_report",0.394442229898986,35,"unlabelled_projection","unseen_category;unseen_raw_residue;unseen_combination;fixed_effect_not_estimable",FALSE,FALSE,TRUE,TRUE,FALSE,FALSE,FALSE,"integration",1,"joint_bb","M2","record_equal","d279db6346b9e9c60240b76e5bc295fa68e8bade5b89910aaad68cd7b263acda","INTEGRATION_TEST_ONLY"
"synthetic_06","SYN_6_6","SYNEXP_6_6","SYNTHETIC_UNEQUAL_V32","interval",,,,0.497224169811765,0.131799192820059,1,0.868200807179942,,TRUE,"one_inflated_beta_report",-0.783212281094152,36,"unlabelled_projection","unseen_category;unseen_raw_residue;unseen_combination;fixed_effect_not_estimable",FALSE,FALSE,TRUE,TRUE,FALSE,FALSE,FALSE,"integration",1,"joint_bb","M2","record_equal","d279db6346b9e9c60240b76e5bc295fa68e8bade5b89910aaad68cd7b263acda","INTEGRATION_TEST_ONLY"
"synthetic_06","SYN_6_7","SYNEXP_6_7","SYNTHETIC_UNEQUAL_V32","count",0,0.166666666666667,,0.497224169811765,0.0395833333333334,1,0.960416666666667,TRUE,,"beta_binomial_at_observed_Total",-2.62874479513211,37,"unlabelled_projection","unseen_category;unseen_raw_residue;unseen_combination;fixed_effect_not_estimable",FALSE,FALSE,TRUE,TRUE,FALSE,FALSE,FALSE,"integration",1,"joint_bb","M2","record_equal","d279db6346b9e9c60240b76e5bc295fa68e8bade5b89910aaad68cd7b263acda","INTEGRATION_TEST_ONLY"
"synthetic_06","SYN_6_8","SYNEXP_6_8","SYNTHETIC_UNEQUAL_V32","exact",1,0.65,,0.497224169811765,0.0981902823443517,1,0.901809717655648,TRUE,,"one_inflated_beta_report",0.254765021773475,38,"unlabelled_projection","unseen_category;unseen_raw_residue;unseen_combination;fixed_effect_not_estimable",FALSE,FALSE,TRUE,TRUE,FALSE,FALSE,FALSE,"integration",1,"joint_bb","M2","record_equal","d279db6346b9e9c60240b76e5bc295fa68e8bade5b89910aaad68cd7b263acda","INTEGRATION_TEST_ONLY"
"synthetic_06","SYN_6_9","SYNEXP_6_9","SYNTHETIC_UNEQUAL_V32","interval",,,,0.497224169811765,0.117567474195013,1,0.882432525804987,,TRUE,"one_inflated_beta_report",-0.783212281094152,39,"unlabelled_projection","unseen_category;unseen_raw_residue;unseen_combination;fixed_effect_not_estimable",FALSE,FALSE,TRUE,TRUE,FALSE,FALSE,FALSE,"integration",1,"joint_bb","M2","record_equal","d279db6346b9e9c60240b76e5bc295fa68e8bade5b89910aaad68cd7b263acda","INTEGRATION_TEST_ONLY"
"synthetic_07","SYN_7_1","SYNEXP_7_1","SYNTHETIC_UNEQUAL_V32","count",1,0.857142857142857,,0.494630661221803,0,1,1,TRUE,,"beta_binomial_at_observed_Total",-2.20690025613975,40,"unlabelled_projection","unseen_category;unseen_raw_residue;unseen_combination;fixed_effect_not_estimable",FALSE,FALSE,TRUE,TRUE,FALSE,FALSE,FALSE,"integration",2,"joint_bb","M2","record_equal","eba3acab31cb24e90ff59462a0c0e5e5a2598ebd33b2bd8922d5f92f33aa2b4a","INTEGRATION_TEST_ONLY"
"synthetic_07","SYN_7_2","SYNEXP_7_2","SYNTHETIC_UNEQUAL_V32","exact",0,0.15,,0.494630661221803,0.065355338674989,1,0.934644661325011,TRUE,,"one_inflated_beta_report",-0.142381717744002,41,"unlabelled_projection","unseen_category;unseen_raw_residue;unseen_combination;fixed_effect_not_estimable",FALSE,FALSE,TRUE,TRUE,FALSE,FALSE,FALSE,"integration",2,"joint_bb","M2","record_equal","eba3acab31cb24e90ff59462a0c0e5e5a2598ebd33b2bd8922d5f92f33aa2b4a","INTEGRATION_TEST_ONLY"
"synthetic_07","SYN_7_3","SYNEXP_7_3","SYNTHETIC_UNEQUAL_V32","interval",,,,0.494630661221803,0.0816343832928741,1,0.918365616707126,,TRUE,"one_inflated_beta_report",-0.900426461020311,42,"unlabelled_projection","unseen_category;unseen_raw_residue;unseen_combination;fixed_effect_not_estimable",FALSE,FALSE,TRUE,TRUE,FALSE,FALSE,FALSE,"integration",2,"joint_bb","M2","record_equal","eba3acab31cb24e90ff59462a0c0e5e5a2598ebd33b2bd8922d5f92f33aa2b4a","INTEGRATION_TEST_ONLY"
"synthetic_07","SYN_7_4","SYNEXP_7_4","SYNTHETIC_UNEQUAL_V32","count",0,0.4,,0.494630661221803,0,0.952499999999998,0.952499999999998,TRUE,,"beta_binomial_at_observed_Total",-2.06281663849654,43,"unlabelled_projection","unseen_category;unseen_raw_residue;unseen_combination;fixed_effect_not_estimable",FALSE,FALSE,TRUE,TRUE,FALSE,FALSE,FALSE,"integration",2,"joint_bb","M2","record_equal","eba3acab31cb24e90ff59462a0c0e5e5a2598ebd33b2bd8922d5f92f33aa2b4a","INTEGRATION_TEST_ONLY"
"synthetic_07","SYN_7_5","SYNEXP_7_5","SYNTHETIC_UNEQUAL_V32","exact",1,0.85,,0.494630661221803,0.0405305711788098,0.952890480022334,0.912359908843524,TRUE,,"one_inflated_beta_report",-0.426854729401367,44,"unlabelled_projection","unseen_category;unseen_raw_residue;unseen_combination;fixed_effect_not_estimable",FALSE,FALSE,TRUE,TRUE,FALSE,FALSE,FALSE,"integration",2,"joint_bb","M2","record_equal","eba3acab31cb24e90ff59462a0c0e5e5a2598ebd33b2bd8922d5f92f33aa2b4a","INTEGRATION_TEST_ONLY"
"synthetic_07","SYN_7_6","SYNEXP_7_6","SYNTHETIC_UNEQUAL_V32","interval",,,,0.494630661221803,0.0721231241414137,1,0.927876875858586,,TRUE,"one_inflated_beta_report",-0.900426461020311,45,"unlabelled_projection","unseen_category;unseen_raw_residue;unseen_combination;fixed_effect_not_estimable",FALSE,FALSE,TRUE,TRUE,FALSE,FALSE,FALSE,"integration",2,"joint_bb","M2","record_equal","eba3acab31cb24e90ff59462a0c0e5e5a2598ebd33b2bd8922d5f92f33aa2b4a","INTEGRATION_TEST_ONLY"
"synthetic_07","SYN_7_7","SYNEXP_7_7","SYNTHETIC_UNEQUAL_V32","count",1,0.666666666666667,,0.494630661221803,0,1,1,TRUE,,"beta_binomial_at_observed_Total",-1.71767348328615,46,"unlabelled_projection","unseen_category;unseen_raw_residue;unseen_combination;fixed_effect_not_estimable",FALSE,FALSE,TRUE,TRUE,FALSE,FALSE,FALSE,"integration",2,"joint_bb","M2","record_equal","eba3acab31cb24e90ff59462a0c0e5e5a2598ebd33b2bd8922d5f92f33aa2b4a","INTEGRATION_TEST_ONLY"
"synthetic_07","SYN_7_8","SYNEXP_7_8","SYNTHETIC_UNEQUAL_V32","exact",0,0.35,,0.494630661221803,0.0625936746125017,1,0.937406325387498,TRUE,,"one_inflated_beta_report",0.293376409278127,47,"unlabelled_projection","unseen_category;unseen_raw_residue;unseen_combination;fixed_effect_not_estimable",FALSE,FALSE,TRUE,TRUE,FALSE,FALSE,FALSE,"integration",2,"joint_bb","M2","record_equal","eba3acab31cb24e90ff59462a0c0e5e5a2598ebd33b2bd8922d5f92f33aa2b4a","INTEGRATION_TEST_ONLY"
"synthetic_07","SYN_7_9","SYNEXP_7_9","SYNTHETIC_UNEQUAL_V32","interval",,,,0.494630661221803,0.110496011908397,1,0.889503988091603,,TRUE,"one_inflated_beta_report",-0.900426461020311,48,"unlabelled_projection","unseen_category;unseen_raw_residue;unseen_combination;fixed_effect_not_estimable",FALSE,FALSE,TRUE,TRUE,FALSE,FALSE,FALSE,"integration",2,"joint_bb","M2","record_equal","eba3acab31cb24e90ff59462a0c0e5e5a2598ebd33b2bd8922d5f92f33aa2b4a","INTEGRATION_TEST_ONLY"
"synthetic_07","SYN_7_10","SYNEXP_7_10","SYNTHETIC_UNEQUAL_V32","count",0,0.111111111111111,,0.494630661221803,0,1,1,TRUE,,"beta_binomial_at_observed_Total",-2.53356682671822,49,"unlabelled_projection","unseen_category;unseen_raw_residue;unseen_combination;fixed_effect_not_estimable",FALSE,FALSE,TRUE,TRUE,FALSE,FALSE,FALSE,"integration",2,"joint_bb","M2","record_equal","eba3acab31cb24e90ff59462a0c0e5e5a2598ebd33b2bd8922d5f92f33aa2b4a","INTEGRATION_TEST_ONLY"
"synthetic_08","SYN_8_1","SYNEXP_8_1","SYNTHETIC_UNEQUAL_V32","count",0,0.125,,0.494630661221803,0,1,1,TRUE,,"beta_binomial_at_observed_Total",-2.35774241862855,50,"unlabelled_projection","unseen_category;unseen_raw_residue;unseen_combination;fixed_effect_not_estimable",FALSE,FALSE,TRUE,TRUE,FALSE,FALSE,FALSE,"integration",2,"joint_bb","M2","record_equal","eba3acab31cb24e90ff59462a0c0e5e5a2598ebd33b2bd8922d5f92f33aa2b4a","INTEGRATION_TEST_ONLY"
"synthetic_08","SYN_8_2","SYNEXP_8_2","SYNTHETIC_UNEQUAL_V32","exact",1,0.65,,0.494630661221803,0.0920056039886677,0.963657387021438,0.87165178303277,TRUE,,"one_inflated_beta_report",0.185098096509177,51,"unlabelled_projection","unseen_category;unseen_raw_residue;unseen_combination;fixed_effect_not_estimable",FALSE,FALSE,TRUE,TRUE,FALSE,FALSE,FALSE,"integration",2,"joint_bb","M2","record_equal","eba3acab31cb24e90ff59462a0c0e5e5a2598ebd33b2bd8922d5f92f33aa2b4a","INTEGRATION_TEST_ONLY"
"synthetic_08","SYN_8_3","SYNEXP_8_3","SYNTHETIC_UNEQUAL_V32","interval",,,,0.494630661221803,0.063228088268377,1,0.936771911731623,,TRUE,"one_inflated_beta_report",-0.900426461020311,52,"unlabelled_projection","unseen_category;unseen_raw_residue;unseen_combination;fixed_effect_not_estimable",FALSE,FALSE,TRUE,TRUE,FALSE,FALSE,FALSE,"integration",2,"joint_bb","M2","record_equal","eba3acab31cb24e90ff59462a0c0e5e5a2598ebd33b2bd8922d5f92f33aa2b4a","INTEGRATION_TEST_ONLY"
"synthetic_08","SYN_8_4","SYNEXP_8_4","SYNTHETIC_UNEQUAL_V32","count",1,0.818181818181818,,0.494630661221803,0,1,1,TRUE,,"beta_binomial_at_observed_Total",-2.56358590446526,53,"unlabelled_projection","unseen_category;unseen_raw_residue;unseen_combination;fixed_effect_not_estimable",FALSE,FALSE,TRUE,TRUE,FALSE,FALSE,FALSE,"integration",2,"joint_bb","M2","record_equal","eba3acab31cb24e90ff59462a0c0e5e5a2598ebd33b2bd8922d5f92f33aa2b4a","INTEGRATION_TEST_ONLY"
"synthetic_08","SYN_8_5","SYNEXP_8_5","SYNTHETIC_UNEQUAL_V32","exact",0,0.15,,0.494630661221803,0.0655486379349633,1,0.934451362065037,TRUE,,"one_inflated_beta_report",-0.142381717744002,54,"unlabelled_projection","unseen_category;unseen_raw_residue;unseen_combination;fixed_effect_not_estimable",FALSE,FALSE,TRUE,TRUE,FALSE,FALSE,FALSE,"integration",2,"joint_bb","M2","record_equal","eba3acab31cb24e90ff59462a0c0e5e5a2598ebd33b2bd8922d5f92f33aa2b4a","INTEGRATION_TEST_ONLY"
"synthetic_08","SYN_8_6","SYNEXP_8_6","SYNTHETIC_UNEQUAL_V32","interval",,,,0.494630661221803,0.0664173486209902,0.921084556744832,0.854667208123842,,TRUE,"one_inflated_beta_report",-0.900426461020311,55,"unlabelled_projection","unseen_category;unseen_raw_residue;unseen_combination;fixed_effect_not_estimable",FALSE,FALSE,TRUE,TRUE,FALSE,FALSE,FALSE,"integration",2,"joint_bb","M2","record_equal","eba3acab31cb24e90ff59462a0c0e5e5a2598ebd33b2bd8922d5f92f33aa2b4a","INTEGRATION_TEST_ONLY"
"synthetic_08","SYN_8_7","SYNEXP_8_7","SYNTHETIC_UNEQUAL_V32","count",0,0.285714285714286,,0.494630661221803,0,1,1,TRUE,,"beta_binomial_at_observed_Total",-1.88358810863372,56,"unlabelled_projection","unseen_category;unseen_raw_residue;unseen_combination;fixed_effect_not_estimable",FALSE,FALSE,TRUE,TRUE,FALSE,FALSE,FALSE,"integration",2,"joint_bb","M2","record_equal","eba3acab31cb24e90ff59462a0c0e5e5a2598ebd33b2bd8922d5f92f33aa2b4a","INTEGRATION_TEST_ONLY"
"synthetic_08","SYN_8_8","SYNEXP_8_8","SYNTHETIC_UNEQUAL_V32","exact",1,0.85,,0.494630661221803,0.0609602957687631,1,0.939039704231237,TRUE,,"one_inflated_beta_report",-0.426854729401367,57,"unlabelled_projection","unseen_category;unseen_raw_residue;unseen_combination;fixed_effect_not_estimable",FALSE,FALSE,TRUE,TRUE,FALSE,FALSE,FALSE,"integration",2,"joint_bb","M2","record_equal","eba3acab31cb24e90ff59462a0c0e5e5a2598ebd33b2bd8922d5f92f33aa2b4a","INTEGRATION_TEST_ONLY"
"synthetic_08","SYN_8_9","SYNEXP_8_9","SYNTHETIC_UNEQUAL_V32","interval",,,,0.494630661221803,0.0891797241925263,1,0.910820275807474,,TRUE,"one_inflated_beta_report",-0.900426461020311,58,"unlabelled_projection","unseen_category;unseen_raw_residue;unseen_combination;fixed_effect_not_estimable",FALSE,FALSE,TRUE,TRUE,FALSE,FALSE,FALSE,"integration",2,"joint_bb","M2","record_equal","eba3acab31cb24e90ff59462a0c0e5e5a2598ebd33b2bd8922d5f92f33aa2b4a","INTEGRATION_TEST_ONLY"
"synthetic_08","SYN_8_10","SYNEXP_8_10","SYNTHETIC_UNEQUAL_V32","count",1,0.6,,0.494630661221803,0,1,1,TRUE,,"beta_binomial_at_observed_Total",-2.07402223821702,59,"unlabelled_projection","unseen_category;unseen_raw_residue;unseen_combination;fixed_effect_not_estimable",FALSE,FALSE,TRUE,TRUE,FALSE,FALSE,FALSE,"integration",2,"joint_bb","M2","record_equal","eba3acab31cb24e90ff59462a0c0e5e5a2598ebd33b2bd8922d5f92f33aa2b4a","INTEGRATION_TEST_ONLY"
"synthetic_08","SYN_8_11","SYNEXP_8_11","SYNTHETIC_UNEQUAL_V32","exact",0,0.35,,0.494630661221803,0.0474002571144994,1,0.952599742885501,TRUE,,"one_inflated_beta_report",0.293376409278127,60,"unlabelled_projection","unseen_category;unseen_raw_residue;unseen_combination;fixed_effect_not_estimable",FALSE,FALSE,TRUE,TRUE,FALSE,FALSE,FALSE,"integration",2,"joint_bb","M2","record_equal","eba3acab31cb24e90ff59462a0c0e5e5a2598ebd33b2bd8922d5f92f33aa2b4a","INTEGRATION_TEST_ONLY"
"synthetic_09","SYN_9_1","SYNEXP_9_1","SYNTHETIC_UNEQUAL_V32","count",1,0.666666666666667,,0.489347421530605,0,1,1,TRUE,,"beta_binomial_at_observed_Total",-2.16585683008166,61,"unlabelled_projection","missing_predictor;unseen_category;unseen_raw_residue;unseen_combination;fixed_effect_not_estimable",TRUE,TRUE,TRUE,TRUE,FALSE,FALSE,FALSE,"integration",2,"joint_bb","M2","record_equal","eba3acab31cb24e90ff59462a0c0e5e5a2598ebd33b2bd8922d5f92f33aa2b4a","INTEGRATION_TEST_ONLY"
"synthetic_09","SYN_9_2","SYNEXP_9_2","SYNTHETIC_UNEQUAL_V32","exact",0,0.35,,0.489347421530605,0.049115674221556,1,0.950884325778444,TRUE,,"one_inflated_beta_report",0.194258182646222,62,"unlabelled_projection","missing_predictor;unseen_category;unseen_raw_residue;unseen_combination;fixed_effect_not_estimable",TRUE,TRUE,TRUE,TRUE,FALSE,FALSE,FALSE,"integration",2,"joint_bb","M2","record_equal","eba3acab31cb24e90ff59462a0c0e5e5a2598ebd33b2bd8922d5f92f33aa2b4a","INTEGRATION_TEST_ONLY"
"synthetic_09","SYN_9_3","SYNEXP_9_3","SYNTHETIC_UNEQUAL_V32","interval",,,,0.489347421530605,0.0299253084451145,1,0.970074691554885,,TRUE,"one_inflated_beta_report",-1.03752142251946,63,"unlabelled_projection","missing_predictor;unseen_category;unseen_raw_residue;unseen_combination;fixed_effect_not_estimable",TRUE,TRUE,TRUE,TRUE,FALSE,FALSE,FALSE,"integration",2,"joint_bb","M2","record_equal","eba3acab31cb24e90ff59462a0c0e5e5a2598ebd33b2bd8922d5f92f33aa2b4a","INTEGRATION_TEST_ONLY"
"synthetic_09","SYN_9_4","SYNEXP_9_4","SYNTHETIC_UNEQUAL_V32","count",0,0.166666666666667,,0.489347421530605,0,1,1,TRUE,,"beta_binomial_at_observed_Total",-2.56127862624505,64,"unlabelled_projection","missing_predictor;unseen_category;unseen_raw_residue;unseen_combination;fixed_effect_not_estimable",TRUE,TRUE,TRUE,TRUE,FALSE,FALSE,FALSE,"integration",2,"joint_bb","M2","record_equal","eba3acab31cb24e90ff59462a0c0e5e5a2598ebd33b2bd8922d5f92f33aa2b4a","INTEGRATION_TEST_ONLY"
"synthetic_09","SYN_9_5","SYNEXP_9_5","SYNTHETIC_UNEQUAL_V32","exact",1,0.65,,0.489347421530605,0.0571110593526978,0.980569817956783,0.923458758604085,TRUE,,"one_inflated_beta_report",0.0644207068488011,65,"unlabelled_projection","missing_predictor;unseen_category;unseen_raw_residue;unseen_combination;fixed_effect_not_estimable",TRUE,TRUE,TRUE,TRUE,FALSE,FALSE,FALSE,"integration",2,"joint_bb","M2","record_equal","eba3acab31cb24e90ff59462a0c0e5e5a2598ebd33b2bd8922d5f92f33aa2b4a","INTEGRATION_TEST_ONLY"
"synthetic_09","SYN_9_6","SYNEXP_9_6","SYNTHETIC_UNEQUAL_V32","interval",,,,0.489347421530605,0.0503876944476781,1,0.949612305552322,,TRUE,"one_inflated_beta_report",-1.03752142251946,66,"unlabelled_projection","missing_predictor;unseen_category;unseen_raw_residue;unseen_combination;fixed_effect_not_estimable",TRUE,TRUE,TRUE,TRUE,FALSE,FALSE,FALSE,"integration",2,"joint_bb","M2","record_equal","eba3acab31cb24e90ff59462a0c0e5e5a2598ebd33b2bd8922d5f92f33aa2b4a","INTEGRATION_TEST_ONLY"
"synthetic_09","SYN_9_7","SYNEXP_9_7","SYNTHETIC_UNEQUAL_V32","count",1,0.875,,0.489347421530605,0,1,1,TRUE,,"beta_binomial_at_observed_Total",-2.34795148444837,67,"unlabelled_projection","missing_predictor;unseen_category;unseen_raw_residue;unseen_combination;fixed_effect_not_estimable",TRUE,TRUE,TRUE,TRUE,FALSE,FALSE,FALSE,"integration",2,"joint_bb","M2","record_equal","eba3acab31cb24e90ff59462a0c0e5e5a2598ebd33b2bd8922d5f92f33aa2b4a","INTEGRATION_TEST_ONLY"
"synthetic_09","SYN_9_8","SYNEXP_9_8","SYNTHETIC_UNEQUAL_V32","exact",0,0.15,,0.489347421530605,0.0591289298410834,1,0.940871070158917,TRUE,,"one_inflated_beta_report",-0.0235597323628736,68,"unlabelled_projection","missing_predictor;unseen_category;unseen_raw_residue;unseen_combination;fixed_effect_not_estimable",TRUE,TRUE,TRUE,TRUE,FALSE,FALSE,FALSE,"integration",2,"joint_bb","M2","record_equal","eba3acab31cb24e90ff59462a0c0e5e5a2598ebd33b2bd8922d5f92f33aa2b4a","INTEGRATION_TEST_ONLY"
"synthetic_09","SYN_9_9","SYNEXP_9_9","SYNTHETIC_UNEQUAL_V32","interval",,,,0.489347421530605,0.0286230766527301,1,0.97137692334727,,TRUE,"one_inflated_beta_report",-1.03752142251946,69,"unlabelled_projection","missing_predictor;unseen_category;unseen_raw_residue;unseen_combination;fixed_effect_not_estimable",TRUE,TRUE,TRUE,TRUE,FALSE,FALSE,FALSE,"integration",2,"joint_bb","M2","record_equal","eba3acab31cb24e90ff59462a0c0e5e5a2598ebd33b2bd8922d5f92f33aa2b4a","INTEGRATION_TEST_ONLY"
"synthetic_09","SYN_9_10","SYNEXP_9_10","SYNTHETIC_UNEQUAL_V32","count",0,0.363636363636364,,0.489347421530605,0,1,1,TRUE,,"beta_binomial_at_observed_Total",-2.26024640232271,70,"unlabelled_projection","missing_predictor;unseen_category;unseen_raw_residue;unseen_combination;fixed_effect_not_estimable",TRUE,TRUE,TRUE,TRUE,FALSE,FALSE,FALSE,"integration",2,"joint_bb","M2","record_equal","eba3acab31cb24e90ff59462a0c0e5e5a2598ebd33b2bd8922d5f92f33aa2b4a","INTEGRATION_TEST_ONLY"
"synthetic_09","SYN_9_11","SYNEXP_9_11","SYNTHETIC_UNEQUAL_V32","exact",1,0.85,,0.489347421530605,0.0254259458082797,0.998641622128521,0.973215676320241,TRUE,,"one_inflated_beta_report",-0.303086124333735,71,"unlabelled_projection","missing_predictor;unseen_category;unseen_raw_residue;unseen_combination;fixed_effect_not_estimable",TRUE,TRUE,TRUE,TRUE,FALSE,FALSE,FALSE,"integration",2,"joint_bb","M2","record_equal","eba3acab31cb24e90ff59462a0c0e5e5a2598ebd33b2bd8922d5f92f33aa2b4a","INTEGRATION_TEST_ONLY"
"synthetic_09","SYN_9_12","SYNEXP_9_12","SYNTHETIC_UNEQUAL_V32","interval",,,,0.489347421530605,0.0266445285433921,1,0.973355471456608,,TRUE,"one_inflated_beta_report",-1.03752142251946,72,"unlabelled_projection","missing_predictor;unseen_category;unseen_raw_residue;unseen_combination;fixed_effect_not_estimable",TRUE,TRUE,TRUE,TRUE,FALSE,FALSE,FALSE,"integration",2,"joint_bb","M2","record_equal","eba3acab31cb24e90ff59462a0c0e5e5a2598ebd33b2bd8922d5f92f33aa2b4a","INTEGRATION_TEST_ONLY"
"synthetic_10","SYN_10_1","SYNEXP_10_1","SYNTHETIC_UNEQUAL_V32","count",0,0.4,,0.494630661221803,0.0475000000000001,1,0.9525,TRUE,,"beta_binomial_at_observed_Total",-2.06281663849654,73,"unlabelled_projection","unseen_category;unseen_raw_residue;unseen_combination;fixed_effect_not_estimable",FALSE,FALSE,TRUE,TRUE,FALSE,FALSE,FALSE,"integration",2,"joint_bb","M2","record_equal","eba3acab31cb24e90ff59462a0c0e5e5a2598ebd33b2bd8922d5f92f33aa2b4a","INTEGRATION_TEST_ONLY"
"synthetic_10","SYN_10_2","SYNEXP_10_2","SYNTHETIC_UNEQUAL_V32","exact",1,0.85,,0.494630661221803,0.0845098094477299,0.96451801415284,0.880008204705111,TRUE,,"one_inflated_beta_report",-0.426854729401367,74,"unlabelled_projection","unseen_category;unseen_raw_residue;unseen_combination;fixed_effect_not_estimable",FALSE,FALSE,TRUE,TRUE,FALSE,FALSE,FALSE,"integration",2,"joint_bb","M2","record_equal","eba3acab31cb24e90ff59462a0c0e5e5a2598ebd33b2bd8922d5f92f33aa2b4a","INTEGRATION_TEST_ONLY"
"synthetic_10","SYN_10_3","SYNEXP_10_3","SYNTHETIC_UNEQUAL_V32","interval",,,,0.494630661221803,0.0604818690867031,1,0.939518130913297,,TRUE,"one_inflated_beta_report",-0.900426461020311,75,"unlabelled_projection","unseen_category;unseen_raw_residue;unseen_combination;fixed_effect_not_estimable",FALSE,FALSE,TRUE,TRUE,FALSE,FALSE,FALSE,"integration",2,"joint_bb","M2","record_equal","eba3acab31cb24e90ff59462a0c0e5e5a2598ebd33b2bd8922d5f92f33aa2b4a","INTEGRATION_TEST_ONLY"
"synthetic_10","SYN_10_4","SYNEXP_10_4","SYNTHETIC_UNEQUAL_V32","count",1,0.666666666666667,,0.494630661221803,0,1,1,TRUE,,"beta_binomial_at_observed_Total",-1.71767348328615,76,"unlabelled_projection","unseen_category;unseen_raw_residue;unseen_combination;fixed_effect_not_estimable",FALSE,FALSE,TRUE,TRUE,FALSE,FALSE,FALSE,"integration",2,"joint_bb","M2","record_equal","eba3acab31cb24e90ff59462a0c0e5e5a2598ebd33b2bd8922d5f92f33aa2b4a","INTEGRATION_TEST_ONLY"
"synthetic_10","SYN_10_5","SYNEXP_10_5","SYNTHETIC_UNEQUAL_V32","exact",0,0.35,,0.494630661221803,0.0624377937021966,1,0.937562206297803,TRUE,,"one_inflated_beta_report",0.293376409278127,77,"unlabelled_projection","unseen_category;unseen_raw_residue;unseen_combination;fixed_effect_not_estimable",FALSE,FALSE,TRUE,TRUE,FALSE,FALSE,FALSE,"integration",2,"joint_bb","M2","record_equal","eba3acab31cb24e90ff59462a0c0e5e5a2598ebd33b2bd8922d5f92f33aa2b4a","INTEGRATION_TEST_ONLY"
"synthetic_10","SYN_10_6","SYNEXP_10_6","SYNTHETIC_UNEQUAL_V32","interval",,,,0.494630661221803,0.0426187008905832,1,0.957381299109417,,TRUE,"one_inflated_beta_report",-0.900426461020311,78,"unlabelled_projection","unseen_category;unseen_raw_residue;unseen_combination;fixed_effect_not_estimable",FALSE,FALSE,TRUE,TRUE,FALSE,FALSE,FALSE,"integration",2,"joint_bb","M2","record_equal","eba3acab31cb24e90ff59462a0c0e5e5a2598ebd33b2bd8922d5f92f33aa2b4a","INTEGRATION_TEST_ONLY"
"synthetic_10","SYN_10_7","SYNEXP_10_7","SYNTHETIC_UNEQUAL_V32","count",0,0.111111111111111,,0.494630661221803,0,1,1,TRUE,,"beta_binomial_at_observed_Total",-2.53356682671822,79,"unlabelled_projection","unseen_category;unseen_raw_residue;unseen_combination;fixed_effect_not_estimable",FALSE,FALSE,TRUE,TRUE,FALSE,FALSE,FALSE,"integration",2,"joint_bb","M2","record_equal","eba3acab31cb24e90ff59462a0c0e5e5a2598ebd33b2bd8922d5f92f33aa2b4a","INTEGRATION_TEST_ONLY"
"synthetic_10","SYN_10_8","SYNEXP_10_8","SYNTHETIC_UNEQUAL_V32","exact",1,0.65,,0.494630661221803,0.063120561510339,1,0.936879438489661,TRUE,,"one_inflated_beta_report",0.185098096509177,80,"unlabelled_projection","unseen_category;unseen_raw_residue;unseen_combination;fixed_effect_not_estimable",FALSE,FALSE,TRUE,TRUE,FALSE,FALSE,FALSE,"integration",2,"joint_bb","M2","record_equal","eba3acab31cb24e90ff59462a0c0e5e5a2598ebd33b2bd8922d5f92f33aa2b4a","INTEGRATION_TEST_ONLY"
"synthetic_10","SYN_10_9","SYNEXP_10_9","SYNTHETIC_UNEQUAL_V32","interval",,,,0.494630661221803,0.102164381112254,1,0.897835618887746,,TRUE,"one_inflated_beta_report",-0.900426461020311,81,"unlabelled_projection","unseen_category;unseen_raw_residue;unseen_combination;fixed_effect_not_estimable",FALSE,FALSE,TRUE,TRUE,FALSE,FALSE,FALSE,"integration",2,"joint_bb","M2","record_equal","eba3acab31cb24e90ff59462a0c0e5e5a2598ebd33b2bd8922d5f92f33aa2b4a","INTEGRATION_TEST_ONLY"
"synthetic_10","SYN_10_10","SYNEXP_10_10","SYNTHETIC_UNEQUAL_V32","count",1,0.833333333333333,,0.494630661221803,0.0833333333333333,1,0.916666666666667,TRUE,,"beta_binomial_at_observed_Total",-2.70298767572466,82,"unlabelled_projection","unseen_category;unseen_raw_residue;unseen_combination;fixed_effect_not_estimable",FALSE,FALSE,TRUE,TRUE,FALSE,FALSE,FALSE,"integration",2,"joint_bb","M2","record_equal","eba3acab31cb24e90ff59462a0c0e5e5a2598ebd33b2bd8922d5f92f33aa2b4a","INTEGRATION_TEST_ONLY"
"synthetic_10","SYN_10_11","SYNEXP_10_11","SYNTHETIC_UNEQUAL_V32","exact",0,0.15,,0.494630661221803,0.0875657573937066,1,0.912434242606293,TRUE,,"one_inflated_beta_report",-0.142381717744002,83,"unlabelled_projection","unseen_category;unseen_raw_residue;unseen_combination;fixed_effect_not_estimable",FALSE,FALSE,TRUE,TRUE,FALSE,FALSE,FALSE,"integration",2,"joint_bb","M2","record_equal","eba3acab31cb24e90ff59462a0c0e5e5a2598ebd33b2bd8922d5f92f33aa2b4a","INTEGRATION_TEST_ONLY"
"synthetic_10","SYN_10_12","SYNEXP_10_12","SYNTHETIC_UNEQUAL_V32","interval",,,,0.494630661221803,0.0855826504864633,1,0.914417349513537,,TRUE,"one_inflated_beta_report",-0.900426461020311,84,"unlabelled_projection","unseen_category;unseen_raw_residue;unseen_combination;fixed_effect_not_estimable",FALSE,FALSE,TRUE,TRUE,FALSE,FALSE,FALSE,"integration",2,"joint_bb","M2","record_equal","eba3acab31cb24e90ff59462a0c0e5e5a2598ebd33b2bd8922d5f92f33aa2b4a","INTEGRATION_TEST_ONLY"
"synthetic_10","SYN_10_13","SYNEXP_10_13","SYNTHETIC_UNEQUAL_V32","count",0,0.375,,0.494630661221803,0,1,1,TRUE,,"beta_binomial_at_observed_Total",-1.89717066047227,85,"unlabelled_projection","unseen_category;unseen_raw_residue;unseen_combination;fixed_effect_not_estimable",FALSE,FALSE,TRUE,TRUE,FALSE,FALSE,FALSE,"integration",2,"joint_bb","M2","record_equal","eba3acab31cb24e90ff59462a0c0e5e5a2598ebd33b2bd8922d5f92f33aa2b4a","INTEGRATION_TEST_ONLY"
"synthetic_11","SYN_11_1","SYNEXP_11_1","SYNTHETIC_UNEQUAL_V32","count",1,0.818181818181818,,0.488848853552037,0,0.909090909090909,0.909090909090909,TRUE,,"beta_binomial_at_observed_Total",-2.55784731115489,86,"unlabelled_projection","missing_predictor;unseen_category;unseen_raw_residue;unseen_combination;fixed_effect_not_estimable",TRUE,TRUE,TRUE,TRUE,FALSE,FALSE,FALSE,"integration",2,"joint_bb","M2","record_equal","eba3acab31cb24e90ff59462a0c0e5e5a2598ebd33b2bd8922d5f92f33aa2b4a","INTEGRATION_TEST_ONLY"
"synthetic_11","SYN_11_2","SYNEXP_11_2","SYNTHETIC_UNEQUAL_V32","exact",0,0.15,,0.488848853552037,0.0503098080162732,1,0.949690191983727,TRUE,,"one_inflated_beta_report",-0.0364751808119104,87,"unlabelled_projection","missing_predictor;unseen_category;unseen_raw_residue;unseen_combination;fixed_effect_not_estimable",TRUE,TRUE,TRUE,TRUE,FALSE,FALSE,FALSE,"integration",2,"joint_bb","M2","record_equal","eba3acab31cb24e90ff59462a0c0e5e5a2598ebd33b2bd8922d5f92f33aa2b4a","INTEGRATION_TEST_ONLY"
"synthetic_11","SYN_11_3","SYNEXP_11_3","SYNTHETIC_UNEQUAL_V32","interval",,,,0.488848853552037,0.0515758177301576,1,0.948424182269842,,TRUE,"one_inflated_beta_report",-0.98174757797435,88,"unlabelled_projection","missing_predictor;unseen_category;unseen_raw_residue;unseen_combination;fixed_effect_not_estimable",TRUE,TRUE,TRUE,TRUE,FALSE,FALSE,FALSE,"integration",2,"joint_bb","M2","record_equal","eba3acab31cb24e90ff59462a0c0e5e5a2598ebd33b2bd8922d5f92f33aa2b4a","INTEGRATION_TEST_ONLY"
"synthetic_11","SYN_11_4","SYNEXP_11_4","SYNTHETIC_UNEQUAL_V32","count",0,0.285714285714286,,0.488848853552037,0,1,1,TRUE,,"beta_binomial_at_observed_Total",-1.9027763596692,89,"unlabelled_projection","missing_predictor;unseen_category;unseen_raw_residue;unseen_combination;fixed_effect_not_estimable",TRUE,TRUE,TRUE,TRUE,FALSE,FALSE,FALSE,"integration",2,"joint_bb","M2","record_equal","eba3acab31cb24e90ff59462a0c0e5e5a2598ebd33b2bd8922d5f92f33aa2b4a","INTEGRATION_TEST_ONLY"
"synthetic_11","SYN_11_5","SYNEXP_11_5","SYNTHETIC_UNEQUAL_V32","exact",1,0.85,,0.488848853552037,0.0456972235617448,0.959891156475275,0.91419393291353,TRUE,,"one_inflated_beta_report",-0.35530804697746,90,"unlabelled_projection","missing_predictor;unseen_category;unseen_raw_residue;unseen_combination;fixed_effect_not_estimable",TRUE,TRUE,TRUE,TRUE,FALSE,FALSE,FALSE,"integration",2,"joint_bb","M2","record_equal","eba3acab31cb24e90ff59462a0c0e5e5a2598ebd33b2bd8922d5f92f33aa2b4a","INTEGRATION_TEST_ONLY"
"synthetic_11","SYN_11_6","SYNEXP_11_6","SYNTHETIC_UNEQUAL_V32","interval",,,,0.488848853552037,0.0412375816487238,1,0.958762418351276,,TRUE,"one_inflated_beta_report",-0.98174757797435,91,"unlabelled_projection","missing_predictor;unseen_category;unseen_raw_residue;unseen_combination;fixed_effect_not_estimable",TRUE,TRUE,TRUE,TRUE,FALSE,FALSE,FALSE,"integration",2,"joint_bb","M2","record_equal","eba3acab31cb24e90ff59462a0c0e5e5a2598ebd33b2bd8922d5f92f33aa2b4a","INTEGRATION_TEST_ONLY"
"synthetic_11","SYN_11_7","SYNEXP_11_7","SYNTHETIC_UNEQUAL_V32","count",1,0.6,,0.488848853552037,0,1,1,TRUE,,"beta_binomial_at_observed_Total",-2.14119203730831,92,"unlabelled_projection","missing_predictor;unseen_category;unseen_raw_residue;unseen_combination;fixed_effect_not_estimable",TRUE,TRUE,TRUE,TRUE,FALSE,FALSE,FALSE,"integration",2,"joint_bb","M2","record_equal","eba3acab31cb24e90ff59462a0c0e5e5a2598ebd33b2bd8922d5f92f33aa2b4a","INTEGRATION_TEST_ONLY"
"synthetic_11","SYN_11_8","SYNEXP_11_8","SYNTHETIC_UNEQUAL_V32","exact",0,0.35,,0.488848853552037,0.0399172761558649,0.99994744477489,0.960030168619025,TRUE,,"one_inflated_beta_report",0.242241505598657,93,"unlabelled_projection","missing_predictor;unseen_category;unseen_raw_residue;unseen_combination;fixed_effect_not_estimable",TRUE,TRUE,TRUE,TRUE,FALSE,FALSE,FALSE,"integration",2,"joint_bb","M2","record_equal","eba3acab31cb24e90ff59462a0c0e5e5a2598ebd33b2bd8922d5f92f33aa2b4a","INTEGRATION_TEST_ONLY"
"synthetic_11","SYN_11_9","SYNEXP_11_9","SYNTHETIC_UNEQUAL_V32","interval",,,,0.488848853552037,0.0519134175381671,1,0.948086582461833,,TRUE,"one_inflated_beta_report",-0.98174757797435,94,"unlabelled_projection","missing_predictor;unseen_category;unseen_raw_residue;unseen_combination;fixed_effect_not_estimable",TRUE,TRUE,TRUE,TRUE,FALSE,FALSE,FALSE,"integration",2,"joint_bb","M2","record_equal","eba3acab31cb24e90ff59462a0c0e5e5a2598ebd33b2bd8922d5f92f33aa2b4a","INTEGRATION_TEST_ONLY"
"synthetic_11","SYN_11_10","SYNEXP_11_10","SYNTHETIC_UNEQUAL_V32","count",0,0.166666666666667,,0.488848853552037,0,1,1,TRUE,,"beta_binomial_at_observed_Total",-1.92351639832426,95,"unlabelled_projection","missing_predictor;unseen_category;unseen_raw_residue;unseen_combination;fixed_effect_not_estimable",TRUE,TRUE,TRUE,TRUE,FALSE,FALSE,FALSE,"integration",2,"joint_bb","M2","record_equal","eba3acab31cb24e90ff59462a0c0e5e5a2598ebd33b2bd8922d5f92f33aa2b4a","INTEGRATION_TEST_ONLY"
"synthetic_11","SYN_11_11","SYNEXP_11_11","SYNTHETIC_UNEQUAL_V32","exact",1,0.65,,0.488848853552037,0.0439380000198199,1,0.95606199998018,TRUE,,"one_inflated_beta_report",0.111529102490019,96,"unlabelled_projection","missing_predictor;unseen_category;unseen_raw_residue;unseen_combination;fixed_effect_not_estimable",TRUE,TRUE,TRUE,TRUE,FALSE,FALSE,FALSE,"integration",2,"joint_bb","M2","record_equal","eba3acab31cb24e90ff59462a0c0e5e5a2598ebd33b2bd8922d5f92f33aa2b4a","INTEGRATION_TEST_ONLY"
"synthetic_11","SYN_11_12","SYNEXP_11_12","SYNTHETIC_UNEQUAL_V32","interval",,,,0.488848853552037,0.0355877629377623,0.997605726590247,0.962017963652484,,TRUE,"one_inflated_beta_report",-0.98174757797435,97,"unlabelled_projection","missing_predictor;unseen_category;unseen_raw_residue;unseen_combination;fixed_effect_not_estimable",TRUE,TRUE,TRUE,TRUE,FALSE,FALSE,FALSE,"integration",2,"joint_bb","M2","record_equal","eba3acab31cb24e90ff59462a0c0e5e5a2598ebd33b2bd8922d5f92f33aa2b4a","INTEGRATION_TEST_ONLY"
"synthetic_11","SYN_11_13","SYNEXP_11_13","SYNTHETIC_UNEQUAL_V32","count",1,0.888888888888889,,0.488848853552037,0,1,1,TRUE,,"beta_binomial_at_observed_Total",-2.54733582461043,98,"unlabelled_projection","missing_predictor;unseen_category;unseen_raw_residue;unseen_combination;fixed_effect_not_estimable",TRUE,TRUE,TRUE,TRUE,FALSE,FALSE,FALSE,"integration",2,"joint_bb","M2","record_equal","eba3acab31cb24e90ff59462a0c0e5e5a2598ebd33b2bd8922d5f92f33aa2b4a","INTEGRATION_TEST_ONLY"
"synthetic_11","SYN_11_14","SYNEXP_11_14","SYNTHETIC_UNEQUAL_V32","exact",1,1,,0.488848853552037,0.0635327494641747,0.960958905368651,0.897426155904476,FALSE,,"one_inflated_beta_report",-3.47988920362999,99,"unlabelled_projection","missing_predictor;unseen_category;unseen_raw_residue;unseen_combination;fixed_effect_not_estimable",TRUE,TRUE,TRUE,TRUE,FALSE,FALSE,FALSE,"integration",2,"joint_bb","M2","record_equal","eba3acab31cb24e90ff59462a0c0e5e5a2598ebd33b2bd8922d5f92f33aa2b4a","INTEGRATION_TEST_ONLY"
"synthetic_12","SYN_12_1","SYNEXP_12_1","SYNTHETIC_UNEQUAL_V32","interval",,,,0.496554296398008,0.0391695116341113,0.985576312486615,0.946406800852504,,TRUE,"one_inflated_beta_report",-0.989362657006233,100,"unlabelled_projection","unseen_category;unseen_raw_residue;unseen_combination;fixed_effect_not_estimable",FALSE,FALSE,TRUE,TRUE,FALSE,FALSE,FALSE,"integration",2,"joint_bb","M2","record_equal","eba3acab31cb24e90ff59462a0c0e5e5a2598ebd33b2bd8922d5f92f33aa2b4a","INTEGRATION_TEST_ONLY"
"synthetic_12","SYN_12_2","SYNEXP_12_2","SYNTHETIC_UNEQUAL_V32","interval",,,,0.496554296398008,0.0317131116096773,0.971894231899011,0.940181120289334,,TRUE,"one_inflated_beta_report",-0.989362657006233,101,"unlabelled_projection","unseen_category;unseen_raw_residue;unseen_combination;fixed_effect_not_estimable",FALSE,FALSE,TRUE,TRUE,FALSE,FALSE,FALSE,"integration",2,"joint_bb","M2","record_equal","eba3acab31cb24e90ff59462a0c0e5e5a2598ebd33b2bd8922d5f92f33aa2b4a","INTEGRATION_TEST_ONLY"
"synthetic_12","SYN_12_3","SYNEXP_12_3","SYNTHETIC_UNEQUAL_V32","interval",,,,0.496554296398008,0.0385512914761327,1,0.961448708523867,,TRUE,"one_inflated_beta_report",-0.989362657006233,102,"unlabelled_projection","unseen_category;unseen_raw_residue;unseen_combination;fixed_effect_not_estimable",FALSE,FALSE,TRUE,TRUE,FALSE,FALSE,FALSE,"integration",2,"joint_bb","M2","record_equal","eba3acab31cb24e90ff59462a0c0e5e5a2598ebd33b2bd8922d5f92f33aa2b4a","INTEGRATION_TEST_ONLY"
"synthetic_12","SYN_12_4","SYNEXP_12_4","SYNTHETIC_UNEQUAL_V32","interval",,,,0.496554296398008,0.0552808395461159,1,0.944719160453884,,TRUE,"one_inflated_beta_report",-0.989362657006233,103,"unlabelled_projection","unseen_category;unseen_raw_residue;unseen_combination;fixed_effect_not_estimable",FALSE,FALSE,TRUE,TRUE,FALSE,FALSE,FALSE,"integration",2,"joint_bb","M2","record_equal","eba3acab31cb24e90ff59462a0c0e5e5a2598ebd33b2bd8922d5f92f33aa2b4a","INTEGRATION_TEST_ONLY"
"synthetic_12","SYN_12_5","SYNEXP_12_5","SYNTHETIC_UNEQUAL_V32","interval",,,,0.496554296398008,0.0686669903265927,1,0.931333009673407,,TRUE,"one_inflated_beta_report",-0.989362657006233,104,"unlabelled_projection","unseen_category;unseen_raw_residue;unseen_combination;fixed_effect_not_estimable",FALSE,FALSE,TRUE,TRUE,FALSE,FALSE,FALSE,"integration",2,"joint_bb","M2","record_equal","eba3acab31cb24e90ff59462a0c0e5e5a2598ebd33b2bd8922d5f92f33aa2b4a","INTEGRATION_TEST_ONLY"
"synthetic_12","SYN_12_6","SYNEXP_12_6","SYNTHETIC_UNEQUAL_V32","interval",,,,0.496554296398008,0.0325644882447117,1,0.967435511755288,,TRUE,"one_inflated_beta_report",-0.989362657006233,105,"unlabelled_projection","unseen_category;unseen_raw_residue;unseen_combination;fixed_effect_not_estimable",FALSE,FALSE,TRUE,TRUE,FALSE,FALSE,FALSE,"integration",2,"joint_bb","M2","record_equal","eba3acab31cb24e90ff59462a0c0e5e5a2598ebd33b2bd8922d5f92f33aa2b4a","INTEGRATION_TEST_ONLY"
"synthetic_12","SYN_12_7","SYNEXP_12_7","SYNTHETIC_UNEQUAL_V32","interval",,,,0.496554296398008,0.0277416418856604,0.997097237960254,0.969355596074594,,TRUE,"one_inflated_beta_report",-0.989362657006233,106,"unlabelled_projection","unseen_category;unseen_raw_residue;unseen_combination;fixed_effect_not_estimable",FALSE,FALSE,TRUE,TRUE,FALSE,FALSE,FALSE,"integration",2,"joint_bb","M2","record_equal","eba3acab31cb24e90ff59462a0c0e5e5a2598ebd33b2bd8922d5f92f33aa2b4a","INTEGRATION_TEST_ONLY"
"synthetic_12","SYN_12_8","SYNEXP_12_8","SYNTHETIC_UNEQUAL_V32","interval",,,,0.496554296398008,0.0600000204448971,1,0.939999979555103,,TRUE,"one_inflated_beta_report",-0.989362657006233,107,"unlabelled_projection","unseen_category;unseen_raw_residue;unseen_combination;fixed_effect_not_estimable",FALSE,FALSE,TRUE,TRUE,FALSE,FALSE,FALSE,"integration",2,"joint_bb","M2","record_equal","eba3acab31cb24e90ff59462a0c0e5e5a2598ebd33b2bd8922d5f92f33aa2b4a","INTEGRATION_TEST_ONLY"
"synthetic_12","SYN_12_9","SYNEXP_12_9","SYNTHETIC_UNEQUAL_V32","interval",,,,0.496554296398008,0.0380995957011137,0.984659129623306,0.946559533922192,,TRUE,"one_inflated_beta_report",-0.989362657006233,108,"unlabelled_projection","unseen_category;unseen_raw_residue;unseen_combination;fixed_effect_not_estimable",FALSE,FALSE,TRUE,TRUE,FALSE,FALSE,FALSE,"integration",2,"joint_bb","M2","record_equal","eba3acab31cb24e90ff59462a0c0e5e5a2598ebd33b2bd8922d5f92f33aa2b4a","INTEGRATION_TEST_ONLY"
"synthetic_12","SYN_12_10","SYNEXP_12_10","SYNTHETIC_UNEQUAL_V32","interval",,,,0.496554296398008,0.063551259842021,0.973280239589297,0.909728979747276,,TRUE,"one_inflated_beta_report",-0.989362657006233,109,"unlabelled_projection","unseen_category;unseen_raw_residue;unseen_combination;fixed_effect_not_estimable",FALSE,FALSE,TRUE,TRUE,FALSE,FALSE,FALSE,"integration",2,"joint_bb","M2","record_equal","eba3acab31cb24e90ff59462a0c0e5e5a2598ebd33b2bd8922d5f92f33aa2b4a","INTEGRATION_TEST_ONLY"
"synthetic_12","SYN_12_11","SYNEXP_12_11","SYNTHETIC_UNEQUAL_V32","interval",,,,0.496554296398008,0.0444993782510987,0.954060133827006,0.909560755575908,,TRUE,"one_inflated_beta_report",-0.989362657006233,110,"unlabelled_projection","unseen_category;unseen_raw_residue;unseen_combination;fixed_effect_not_estimable",FALSE,FALSE,TRUE,TRUE,FALSE,FALSE,FALSE,"integration",2,"joint_bb","M2","record_equal","eba3acab31cb24e90ff59462a0c0e5e5a2598ebd33b2bd8922d5f92f33aa2b4a","INTEGRATION_TEST_ONLY"
"synthetic_12","SYN_12_12","SYNEXP_12_12","SYNTHETIC_UNEQUAL_V32","interval",,,,0.496554296398008,0.0459381344461909,1,0.954061865553809,,TRUE,"one_inflated_beta_report",-0.989362657006233,111,"unlabelled_projection","unseen_category;unseen_raw_residue;unseen_combination;fixed_effect_not_estimable",FALSE,FALSE,TRUE,TRUE,FALSE,FALSE,FALSE,"integration",2,"joint_bb","M2","record_equal","eba3acab31cb24e90ff59462a0c0e5e5a2598ebd33b2bd8922d5f92f33aa2b4a","INTEGRATION_TEST_ONLY"
"synthetic_12","SYN_12_13","SYNEXP_12_13","SYNTHETIC_UNEQUAL_V32","interval",,,,0.496554296398008,0.0496426355006755,1,0.950357364499325,,TRUE,"one_inflated_beta_report",-0.989362657006233,112,"unlabelled_projection","unseen_category;unseen_raw_residue;unseen_combination;fixed_effect_not_estimable",FALSE,FALSE,TRUE,TRUE,FALSE,FALSE,FALSE,"integration",2,"joint_bb","M2","record_equal","eba3acab31cb24e90ff59462a0c0e5e5a2598ebd33b2bd8922d5f92f33aa2b4a","INTEGRATION_TEST_ONLY"
"synthetic_12","SYN_12_14","SYNEXP_12_14","SYNTHETIC_UNEQUAL_V32","interval",,,,0.496554296398008,0.0532505988825605,1,0.946749401117439,,TRUE,"one_inflated_beta_report",-0.989362657006233,113,"unlabelled_projection","unseen_category;unseen_raw_residue;unseen_combination;fixed_effect_not_estimable",FALSE,FALSE,TRUE,TRUE,FALSE,FALSE,FALSE,"integration",2,"joint_bb","M2","record_equal","eba3acab31cb24e90ff59462a0c0e5e5a2598ebd33b2bd8922d5f92f33aa2b4a","INTEGRATION_TEST_ONLY"
"synthetic_12","SYN_12_15","SYNEXP_12_15","SYNTHETIC_UNEQUAL_V32","interval",,,,0.496554296398008,0.0520607696697861,1,0.947939230330214,,TRUE,"one_inflated_beta_report",-0.989362657006233,114,"unlabelled_projection","unseen_category;unseen_raw_residue;unseen_combination;fixed_effect_not_estimable",FALSE,FALSE,TRUE,TRUE,FALSE,FALSE,FALSE,"integration",2,"joint_bb","M2","record_equal","eba3acab31cb24e90ff59462a0c0e5e5a2598ebd33b2bd8922d5f92f33aa2b4a","INTEGRATION_TEST_ONLY"
"synthetic_01","SYN_1_1","SYNEXP_1_1","SYNTHETIC_UNEQUAL_V32","count",1,0.625,,0.507624436101475,0,1,1,TRUE,,"beta_binomial_at_observed_Total",-2.026342499661,1,"unlabelled_projection","unseen_category;unseen_raw_residue;unseen_combination;fixed_effect_not_estimable",FALSE,FALSE,TRUE,TRUE,FALSE,FALSE,FALSE,"integration",1,"joint_bb","M2","species_equal","fd7c20f719d21fc875bcea3e5845bb0564ac1634792c022e219ecab031c05534","INTEGRATION_TEST_ONLY"
"synthetic_01","SYN_1_2","SYNEXP_1_2","SYNTHETIC_UNEQUAL_V32","exact",0,0.35,,0.507624436101475,0.0722469815165528,1,0.927753018483447,TRUE,,"one_inflated_beta_report",0.232124170027626,2,"unlabelled_projection","unseen_category;unseen_raw_residue;unseen_combination;fixed_effect_not_estimable",FALSE,FALSE,TRUE,TRUE,FALSE,FALSE,FALSE,"integration",1,"joint_bb","M2","species_equal","fd7c20f719d21fc875bcea3e5845bb0564ac1634792c022e219ecab031c05534","INTEGRATION_TEST_ONLY"
"synthetic_01","SYN_1_3","SYNEXP_1_3","SYNTHETIC_UNEQUAL_V32","interval",,,,0.507624436101475,0.0625757488118926,1,0.937424251188107,,TRUE,"one_inflated_beta_report",-0.952484782658459,3,"unlabelled_projection","unseen_category;unseen_raw_residue;unseen_combination;fixed_effect_not_estimable",FALSE,FALSE,TRUE,TRUE,FALSE,FALSE,FALSE,"integration",1,"joint_bb","M2","species_equal","fd7c20f719d21fc875bcea3e5845bb0564ac1634792c022e219ecab031c05534","INTEGRATION_TEST_ONLY"
"synthetic_01","SYN_1_4","SYNEXP_1_4","SYNTHETIC_UNEQUAL_V32","count",0,0.181818181818182,,0.507624436101475,0,1,1,TRUE,,"beta_binomial_at_observed_Total",-2.52584470968117,4,"unlabelled_projection","unseen_category;unseen_raw_residue;unseen_combination;fixed_effect_not_estimable",FALSE,FALSE,TRUE,TRUE,FALSE,FALSE,FALSE,"integration",1,"joint_bb","M2","species_equal","fd7c20f719d21fc875bcea3e5845bb0564ac1634792c022e219ecab031c05534","INTEGRATION_TEST_ONLY"
"synthetic_02","SYN_2_1","SYNEXP_2_1","SYNTHETIC_UNEQUAL_V32","count",0,0.333333333333333,,0.507624436101475,0,1,1,TRUE,,"beta_binomial_at_observed_Total",-2.18180626219751,5,"unlabelled_projection","unseen_category;unseen_raw_residue;unseen_combination;fixed_effect_not_estimable",FALSE,FALSE,TRUE,TRUE,FALSE,FALSE,FALSE,"integration",1,"joint_bb","M2","species_equal","fd7c20f719d21fc875bcea3e5845bb0564ac1634792c022e219ecab031c05534","INTEGRATION_TEST_ONLY"
"synthetic_02","SYN_2_2","SYNEXP_2_2","SYNTHETIC_UNEQUAL_V32","exact",1,0.85,,0.507624436101475,0.074944527510748,0.994913771638186,0.919969244127438,TRUE,,"one_inflated_beta_report",-0.276335485070582,6,"unlabelled_projection","unseen_category;unseen_raw_residue;unseen_combination;fixed_effect_not_estimable",FALSE,FALSE,TRUE,TRUE,FALSE,FALSE,FALSE,"integration",1,"joint_bb","M2","species_equal","fd7c20f719d21fc875bcea3e5845bb0564ac1634792c022e219ecab031c05534","INTEGRATION_TEST_ONLY"
"synthetic_02","SYN_2_3","SYNEXP_2_3","SYNTHETIC_UNEQUAL_V32","interval",,,,0.507624436101475,0.0929554779018954,1,0.907044522098105,,TRUE,"one_inflated_beta_report",-0.952484782658459,7,"unlabelled_projection","unseen_category;unseen_raw_residue;unseen_combination;fixed_effect_not_estimable",FALSE,FALSE,TRUE,TRUE,FALSE,FALSE,FALSE,"integration",1,"joint_bb","M2","species_equal","fd7c20f719d21fc875bcea3e5845bb0564ac1634792c022e219ecab031c05534","INTEGRATION_TEST_ONLY"
"synthetic_02","SYN_2_4","SYNEXP_2_4","SYNTHETIC_UNEQUAL_V32","count",1,0.666666666666667,,0.507624436101475,0,1,1,TRUE,,"beta_binomial_at_observed_Total",-2.39730834095466,8,"unlabelled_projection","unseen_category;unseen_raw_residue;unseen_combination;fixed_effect_not_estimable",FALSE,FALSE,TRUE,TRUE,FALSE,FALSE,FALSE,"integration",1,"joint_bb","M2","species_equal","fd7c20f719d21fc875bcea3e5845bb0564ac1634792c022e219ecab031c05534","INTEGRATION_TEST_ONLY"
"synthetic_02","SYN_2_5","SYNEXP_2_5","SYNTHETIC_UNEQUAL_V32","exact",0,0.35,,0.507624436101475,0.0880634666838139,1,0.911936533316186,TRUE,,"one_inflated_beta_report",0.232124170027626,9,"unlabelled_projection","unseen_category;unseen_raw_residue;unseen_combination;fixed_effect_not_estimable",FALSE,FALSE,TRUE,TRUE,FALSE,FALSE,FALSE,"integration",1,"joint_bb","M2","species_equal","fd7c20f719d21fc875bcea3e5845bb0564ac1634792c022e219ecab031c05534","INTEGRATION_TEST_ONLY"
"synthetic_03","SYN_3_1","SYNEXP_3_1","SYNTHETIC_UNEQUAL_V32","count",1,0.8,,0.507624436101475,0,1,1,TRUE,,"beta_binomial_at_observed_Total",-2.34569763214407,10,"unlabelled_projection","unseen_category;unseen_raw_residue;unseen_combination;fixed_effect_not_estimable",FALSE,FALSE,TRUE,TRUE,FALSE,FALSE,FALSE,"integration",1,"joint_bb","M2","species_equal","fd7c20f719d21fc875bcea3e5845bb0564ac1634792c022e219ecab031c05534","INTEGRATION_TEST_ONLY"
"synthetic_03","SYN_3_2","SYNEXP_3_2","SYNTHETIC_UNEQUAL_V32","exact",0,0.15,,0.507624436101475,0.0617487740892445,1,0.938251225910755,TRUE,,"one_inflated_beta_report",-0.162655453217186,11,"unlabelled_projection","unseen_category;unseen_raw_residue;unseen_combination;fixed_effect_not_estimable",FALSE,FALSE,TRUE,TRUE,FALSE,FALSE,FALSE,"integration",1,"joint_bb","M2","species_equal","fd7c20f719d21fc875bcea3e5845bb0564ac1634792c022e219ecab031c05534","INTEGRATION_TEST_ONLY"
"synthetic_03","SYN_3_3","SYNEXP_3_3","SYNTHETIC_UNEQUAL_V32","interval",,,,0.507624436101475,0.0639802423018282,1,0.936019757698172,,TRUE,"one_inflated_beta_report",-0.952484782658459,12,"unlabelled_projection","unseen_category;unseen_raw_residue;unseen_combination;fixed_effect_not_estimable",FALSE,FALSE,TRUE,TRUE,FALSE,FALSE,FALSE,"integration",1,"joint_bb","M2","species_equal","fd7c20f719d21fc875bcea3e5845bb0564ac1634792c022e219ecab031c05534","INTEGRATION_TEST_ONLY"
"synthetic_03","SYN_3_4","SYNEXP_3_4","SYNTHETIC_UNEQUAL_V32","count",0,0.333333333333333,,0.507624436101475,0,1,1,TRUE,,"beta_binomial_at_observed_Total",-1.83364268117192,13,"unlabelled_projection","unseen_category;unseen_raw_residue;unseen_combination;fixed_effect_not_estimable",FALSE,FALSE,TRUE,TRUE,FALSE,FALSE,FALSE,"integration",1,"joint_bb","M2","species_equal","fd7c20f719d21fc875bcea3e5845bb0564ac1634792c022e219ecab031c05534","INTEGRATION_TEST_ONLY"
"synthetic_03","SYN_3_5","SYNEXP_3_5","SYNTHETIC_UNEQUAL_V32","exact",1,0.85,,0.507624436101475,0.0728879038416576,1,0.927112096158342,TRUE,,"one_inflated_beta_report",-0.276335485070582,14,"unlabelled_projection","unseen_category;unseen_raw_residue;unseen_combination;fixed_effect_not_estimable",FALSE,FALSE,TRUE,TRUE,FALSE,FALSE,FALSE,"integration",1,"joint_bb","M2","species_equal","fd7c20f719d21fc875bcea3e5845bb0564ac1634792c022e219ecab031c05534","INTEGRATION_TEST_ONLY"
"synthetic_03","SYN_3_6","SYNEXP_3_6","SYNTHETIC_UNEQUAL_V32","interval",,,,0.507624436101475,0.0764371475781407,1,0.923562852421859,,TRUE,"one_inflated_beta_report",-0.952484782658459,15,"unlabelled_projection","unseen_category;unseen_raw_residue;unseen_combination;fixed_effect_not_estimable",FALSE,FALSE,TRUE,TRUE,FALSE,FALSE,FALSE,"integration",1,"joint_bb","M2","species_equal","fd7c20f719d21fc875bcea3e5845bb0564ac1634792c022e219ecab031c05534","INTEGRATION_TEST_ONLY"
"synthetic_04","SYN_4_1","SYNEXP_4_1","SYNTHETIC_UNEQUAL_V32","count",0,0.181818181818182,,0.507624436101475,0,1,1,TRUE,,"beta_binomial_at_observed_Total",-2.52584470968117,16,"unlabelled_projection","unseen_category;unseen_raw_residue;unseen_combination;fixed_effect_not_estimable",FALSE,FALSE,TRUE,TRUE,FALSE,FALSE,FALSE,"integration",1,"joint_bb","M2","species_equal","fd7c20f719d21fc875bcea3e5845bb0564ac1634792c022e219ecab031c05534","INTEGRATION_TEST_ONLY"
"synthetic_04","SYN_4_2","SYNEXP_4_2","SYNTHETIC_UNEQUAL_V32","exact",1,0.65,,0.507624436101475,0.105950366310372,0.995387590525819,0.889437224215447,TRUE,,"one_inflated_beta_report",0.171451516384087,17,"unlabelled_projection","unseen_category;unseen_raw_residue;unseen_combination;fixed_effect_not_estimable",FALSE,FALSE,TRUE,TRUE,FALSE,FALSE,FALSE,"integration",1,"joint_bb","M2","species_equal","fd7c20f719d21fc875bcea3e5845bb0564ac1634792c022e219ecab031c05534","INTEGRATION_TEST_ONLY"
"synthetic_04","SYN_4_3","SYNEXP_4_3","SYNTHETIC_UNEQUAL_V32","interval",,,,0.507624436101475,0.0802891347042295,0.953182729091512,0.872893594387282,,TRUE,"one_inflated_beta_report",-0.952484782658459,18,"unlabelled_projection","unseen_category;unseen_raw_residue;unseen_combination;fixed_effect_not_estimable",FALSE,FALSE,TRUE,TRUE,FALSE,FALSE,FALSE,"integration",1,"joint_bb","M2","species_equal","fd7c20f719d21fc875bcea3e5845bb0564ac1634792c022e219ecab031c05534","INTEGRATION_TEST_ONLY"
"synthetic_04","SYN_4_4","SYNEXP_4_4","SYNTHETIC_UNEQUAL_V32","count",1,0.857142857142857,,0.507624436101475,0,1,1,TRUE,,"beta_binomial_at_observed_Total",-2.08772550600608,19,"unlabelled_projection","unseen_category;unseen_raw_residue;unseen_combination;fixed_effect_not_estimable",FALSE,FALSE,TRUE,TRUE,FALSE,FALSE,FALSE,"integration",1,"joint_bb","M2","species_equal","fd7c20f719d21fc875bcea3e5845bb0564ac1634792c022e219ecab031c05534","INTEGRATION_TEST_ONLY"
"synthetic_04","SYN_4_5","SYNEXP_4_5","SYNTHETIC_UNEQUAL_V32","exact",0,0.15,,0.507624436101475,0.0506809991194498,1,0.94931900088055,TRUE,,"one_inflated_beta_report",-0.162655453217186,20,"unlabelled_projection","unseen_category;unseen_raw_residue;unseen_combination;fixed_effect_not_estimable",FALSE,FALSE,TRUE,TRUE,FALSE,FALSE,FALSE,"integration",1,"joint_bb","M2","species_equal","fd7c20f719d21fc875bcea3e5845bb0564ac1634792c022e219ecab031c05534","INTEGRATION_TEST_ONLY"
"synthetic_04","SYN_4_6","SYNEXP_4_6","SYNTHETIC_UNEQUAL_V32","interval",,,,0.507624436101475,0.0600638625430438,0.995436632405147,0.935372769862103,,TRUE,"one_inflated_beta_report",-0.952484782658459,21,"unlabelled_projection","unseen_category;unseen_raw_residue;unseen_combination;fixed_effect_not_estimable",FALSE,FALSE,TRUE,TRUE,FALSE,FALSE,FALSE,"integration",1,"joint_bb","M2","species_equal","fd7c20f719d21fc875bcea3e5845bb0564ac1634792c022e219ecab031c05534","INTEGRATION_TEST_ONLY"
"synthetic_04","SYN_4_7","SYNEXP_4_7","SYNTHETIC_UNEQUAL_V32","count",0,0.4,,0.507624436101475,0,1,1,TRUE,,"beta_binomial_at_observed_Total",-2.2364404045848,22,"unlabelled_projection","unseen_category;unseen_raw_residue;unseen_combination;fixed_effect_not_estimable",FALSE,FALSE,TRUE,TRUE,FALSE,FALSE,FALSE,"integration",1,"joint_bb","M2","species_equal","fd7c20f719d21fc875bcea3e5845bb0564ac1634792c022e219ecab031c05534","INTEGRATION_TEST_ONLY"
"synthetic_05","SYN_5_1","SYNEXP_5_1","SYNTHETIC_UNEQUAL_V32","count",1,0.666666666666667,,0.504780653285918,0.0833333333333333,0.916666666666667,0.833333333333333,TRUE,,"beta_binomial_at_observed_Total",-2.31928413176366,23,"unlabelled_projection","unseen_category;unseen_raw_residue;unseen_combination;fixed_effect_not_estimable",FALSE,FALSE,TRUE,TRUE,FALSE,FALSE,FALSE,"integration",1,"joint_bb","M2","species_equal","fd7c20f719d21fc875bcea3e5845bb0564ac1634792c022e219ecab031c05534","INTEGRATION_TEST_ONLY"
"synthetic_05","SYN_5_2","SYNEXP_5_2","SYNTHETIC_UNEQUAL_V32","exact",0,0.35,,0.504780653285918,0.111021013681852,1,0.888978986318148,TRUE,,"one_inflated_beta_report",0.345682664514122,24,"unlabelled_projection","unseen_category;unseen_raw_residue;unseen_combination;fixed_effect_not_estimable",FALSE,FALSE,TRUE,TRUE,FALSE,FALSE,FALSE,"integration",1,"joint_bb","M2","species_equal","fd7c20f719d21fc875bcea3e5845bb0564ac1634792c022e219ecab031c05534","INTEGRATION_TEST_ONLY"
"synthetic_05","SYN_5_3","SYNEXP_5_3","SYNTHETIC_UNEQUAL_V32","interval",,,,0.504780653285918,0.106119968970728,1,0.893880031029272,,TRUE,"one_inflated_beta_report",-0.804395534292187,25,"unlabelled_projection","unseen_category;unseen_raw_residue;unseen_combination;fixed_effect_not_estimable",FALSE,FALSE,TRUE,TRUE,FALSE,FALSE,FALSE,"integration",1,"joint_bb","M2","species_equal","fd7c20f719d21fc875bcea3e5845bb0564ac1634792c022e219ecab031c05534","INTEGRATION_TEST_ONLY"
"synthetic_05","SYN_5_4","SYNEXP_5_4","SYNTHETIC_UNEQUAL_V32","count",0,0.125,,0.504780653285918,0,1,1,TRUE,,"beta_binomial_at_observed_Total",-2.36699126281393,26,"unlabelled_projection","unseen_category;unseen_raw_residue;unseen_combination;fixed_effect_not_estimable",FALSE,FALSE,TRUE,TRUE,FALSE,FALSE,FALSE,"integration",1,"joint_bb","M2","species_equal","fd7c20f719d21fc875bcea3e5845bb0564ac1634792c022e219ecab031c05534","INTEGRATION_TEST_ONLY"
"synthetic_05","SYN_5_5","SYNEXP_5_5","SYNTHETIC_UNEQUAL_V32","exact",1,0.65,,0.504780653285918,0.100039529597432,1,0.899960470402568,TRUE,,"one_inflated_beta_report",0.276909704642833,27,"unlabelled_projection","unseen_category;unseen_raw_residue;unseen_combination;fixed_effect_not_estimable",FALSE,FALSE,TRUE,TRUE,FALSE,FALSE,FALSE,"integration",1,"joint_bb","M2","species_equal","fd7c20f719d21fc875bcea3e5845bb0564ac1634792c022e219ecab031c05534","INTEGRATION_TEST_ONLY"
"synthetic_05","SYN_5_6","SYNEXP_5_6","SYNTHETIC_UNEQUAL_V32","interval",,,,0.504780653285918,0.111972108363762,1,0.888027891636238,,TRUE,"one_inflated_beta_report",-0.804395534292187,28,"unlabelled_projection","unseen_category;unseen_raw_residue;unseen_combination;fixed_effect_not_estimable",FALSE,FALSE,TRUE,TRUE,FALSE,FALSE,FALSE,"integration",1,"joint_bb","M2","species_equal","fd7c20f719d21fc875bcea3e5845bb0564ac1634792c022e219ecab031c05534","INTEGRATION_TEST_ONLY"
"synthetic_05","SYN_5_7","SYNEXP_5_7","SYNTHETIC_UNEQUAL_V32","count",1,0.818181818181818,,0.504780653285918,0,1,1,TRUE,,"beta_binomial_at_observed_Total",-2.49605179076212,29,"unlabelled_projection","unseen_category;unseen_raw_residue;unseen_combination;fixed_effect_not_estimable",FALSE,FALSE,TRUE,TRUE,FALSE,FALSE,FALSE,"integration",1,"joint_bb","M2","species_equal","fd7c20f719d21fc875bcea3e5845bb0564ac1634792c022e219ecab031c05534","INTEGRATION_TEST_ONLY"
"synthetic_05","SYN_5_8","SYNEXP_5_8","SYNTHETIC_UNEQUAL_V32","exact",0,0.15,,0.504780653285918,0.0986619413393766,0.950069335852509,0.851407394513133,TRUE,,"one_inflated_beta_report",-0.331435959933174,30,"unlabelled_projection","unseen_category;unseen_raw_residue;unseen_combination;fixed_effect_not_estimable",FALSE,FALSE,TRUE,TRUE,FALSE,FALSE,FALSE,"integration",1,"joint_bb","M2","species_equal","fd7c20f719d21fc875bcea3e5845bb0564ac1634792c022e219ecab031c05534","INTEGRATION_TEST_ONLY"
"synthetic_06","SYN_6_1","SYNEXP_6_1","SYNTHETIC_UNEQUAL_V32","count",0,0.333333333333333,,0.504780653285918,0,1,1,TRUE,,"beta_binomial_at_observed_Total",-1.74983478060778,31,"unlabelled_projection","unseen_category;unseen_raw_residue;unseen_combination;fixed_effect_not_estimable",FALSE,FALSE,TRUE,TRUE,FALSE,FALSE,FALSE,"integration",1,"joint_bb","M2","species_equal","fd7c20f719d21fc875bcea3e5845bb0564ac1634792c022e219ecab031c05534","INTEGRATION_TEST_ONLY"
"synthetic_06","SYN_6_2","SYNEXP_6_2","SYNTHETIC_UNEQUAL_V32","exact",1,0.85,,0.504780653285918,0.0712188943026786,1,0.928781105697321,TRUE,,"one_inflated_beta_report",-0.520831684943684,32,"unlabelled_projection","unseen_category;unseen_raw_residue;unseen_combination;fixed_effect_not_estimable",FALSE,FALSE,TRUE,TRUE,FALSE,FALSE,FALSE,"integration",1,"joint_bb","M2","species_equal","fd7c20f719d21fc875bcea3e5845bb0564ac1634792c022e219ecab031c05534","INTEGRATION_TEST_ONLY"
"synthetic_06","SYN_6_3","SYNEXP_6_3","SYNTHETIC_UNEQUAL_V32","interval",,,,0.504780653285918,0.114281872242323,0.993210807433589,0.878928935191266,,TRUE,"one_inflated_beta_report",-0.804395534292187,33,"unlabelled_projection","unseen_category;unseen_raw_residue;unseen_combination;fixed_effect_not_estimable",FALSE,FALSE,TRUE,TRUE,FALSE,FALSE,FALSE,"integration",1,"joint_bb","M2","species_equal","fd7c20f719d21fc875bcea3e5845bb0564ac1634792c022e219ecab031c05534","INTEGRATION_TEST_ONLY"
"synthetic_06","SYN_6_4","SYNEXP_6_4","SYNTHETIC_UNEQUAL_V32","count",1,0.666666666666667,,0.504780653285918,0,1,1,TRUE,,"beta_binomial_at_observed_Total",-2.06717585810661,34,"unlabelled_projection","unseen_category;unseen_raw_residue;unseen_combination;fixed_effect_not_estimable",FALSE,FALSE,TRUE,TRUE,FALSE,FALSE,FALSE,"integration",1,"joint_bb","M2","species_equal","fd7c20f719d21fc875bcea3e5845bb0564ac1634792c022e219ecab031c05534","INTEGRATION_TEST_ONLY"
"synthetic_06","SYN_6_5","SYNEXP_6_5","SYNTHETIC_UNEQUAL_V32","exact",0,0.35,,0.504780653285918,0.0885488739178407,1,0.911451126082159,TRUE,,"one_inflated_beta_report",0.345682664514122,35,"unlabelled_projection","unseen_category;unseen_raw_residue;unseen_combination;fixed_effect_not_estimable",FALSE,FALSE,TRUE,TRUE,FALSE,FALSE,FALSE,"integration",1,"joint_bb","M2","species_equal","fd7c20f719d21fc875bcea3e5845bb0564ac1634792c022e219ecab031c05534","INTEGRATION_TEST_ONLY"
"synthetic_06","SYN_6_6","SYNEXP_6_6","SYNTHETIC_UNEQUAL_V32","interval",,,,0.504780653285918,0.101909868872526,1,0.898090131127474,,TRUE,"one_inflated_beta_report",-0.804395534292187,36,"unlabelled_projection","unseen_category;unseen_raw_residue;unseen_combination;fixed_effect_not_estimable",FALSE,FALSE,TRUE,TRUE,FALSE,FALSE,FALSE,"integration",1,"joint_bb","M2","species_equal","fd7c20f719d21fc875bcea3e5845bb0564ac1634792c022e219ecab031c05534","INTEGRATION_TEST_ONLY"
"synthetic_06","SYN_6_7","SYNEXP_6_7","SYNTHETIC_UNEQUAL_V32","count",0,0.166666666666667,,0.504780653285918,0,1,1,TRUE,,"beta_binomial_at_observed_Total",-2.67348122842529,37,"unlabelled_projection","unseen_category;unseen_raw_residue;unseen_combination;fixed_effect_not_estimable",FALSE,FALSE,TRUE,TRUE,FALSE,FALSE,FALSE,"integration",1,"joint_bb","M2","species_equal","fd7c20f719d21fc875bcea3e5845bb0564ac1634792c022e219ecab031c05534","INTEGRATION_TEST_ONLY"
"synthetic_06","SYN_6_8","SYNEXP_6_8","SYNTHETIC_UNEQUAL_V32","exact",1,0.65,,0.504780653285918,0.0899909330027222,1,0.910009066997278,TRUE,,"one_inflated_beta_report",0.276909704642833,38,"unlabelled_projection","unseen_category;unseen_raw_residue;unseen_combination;fixed_effect_not_estimable",FALSE,FALSE,TRUE,TRUE,FALSE,FALSE,FALSE,"integration",1,"joint_bb","M2","species_equal","fd7c20f719d21fc875bcea3e5845bb0564ac1634792c022e219ecab031c05534","INTEGRATION_TEST_ONLY"
"synthetic_06","SYN_6_9","SYNEXP_6_9","SYNTHETIC_UNEQUAL_V32","interval",,,,0.504780653285918,0.11668080659457,1,0.88331919340543,,TRUE,"one_inflated_beta_report",-0.804395534292187,39,"unlabelled_projection","unseen_category;unseen_raw_residue;unseen_combination;fixed_effect_not_estimable",FALSE,FALSE,TRUE,TRUE,FALSE,FALSE,FALSE,"integration",1,"joint_bb","M2","species_equal","fd7c20f719d21fc875bcea3e5845bb0564ac1634792c022e219ecab031c05534","INTEGRATION_TEST_ONLY"
"synthetic_07","SYN_7_1","SYNEXP_7_1","SYNTHETIC_UNEQUAL_V32","count",1,0.857142857142857,,0.494194951528411,0,1,1,TRUE,,"beta_binomial_at_observed_Total",-2.22101878138171,40,"unlabelled_projection","unseen_category;unseen_raw_residue;unseen_combination;fixed_effect_not_estimable",FALSE,FALSE,TRUE,TRUE,FALSE,FALSE,FALSE,"integration",2,"joint_bb","M2","species_equal","73c100d60b2b1e9faaba40f689200a9429c0c7ba5c598a49d9b95cb347b2a769","INTEGRATION_TEST_ONLY"
"synthetic_07","SYN_7_2","SYNEXP_7_2","SYNTHETIC_UNEQUAL_V32","exact",0,0.15,,0.494194951528411,0.0647850107410529,1,0.935214989258947,TRUE,,"one_inflated_beta_report",-0.160242903846431,41,"unlabelled_projection","unseen_category;unseen_raw_residue;unseen_combination;fixed_effect_not_estimable",FALSE,FALSE,TRUE,TRUE,FALSE,FALSE,FALSE,"integration",2,"joint_bb","M2","species_equal","73c100d60b2b1e9faaba40f689200a9429c0c7ba5c598a49d9b95cb347b2a769","INTEGRATION_TEST_ONLY"
"synthetic_07","SYN_7_3","SYNEXP_7_3","SYNTHETIC_UNEQUAL_V32","interval",,,,0.494194951528411,0.0719666232303945,0.9922327221978,0.920266098967405,,TRUE,"one_inflated_beta_report",-0.892289801945394,42,"unlabelled_projection","unseen_category;unseen_raw_residue;unseen_combination;fixed_effect_not_estimable",FALSE,FALSE,TRUE,TRUE,FALSE,FALSE,FALSE,"integration",2,"joint_bb","M2","species_equal","73c100d60b2b1e9faaba40f689200a9429c0c7ba5c598a49d9b95cb347b2a769","INTEGRATION_TEST_ONLY"
"synthetic_07","SYN_7_4","SYNEXP_7_4","SYNTHETIC_UNEQUAL_V32","count",0,0.4,,0.494194951528411,0,0.9,0.9,TRUE,,"beta_binomial_at_observed_Total",-2.05450082135213,43,"unlabelled_projection","unseen_category;unseen_raw_residue;unseen_combination;fixed_effect_not_estimable",FALSE,FALSE,TRUE,TRUE,FALSE,FALSE,FALSE,"integration",2,"joint_bb","M2","species_equal","73c100d60b2b1e9faaba40f689200a9429c0c7ba5c598a49d9b95cb347b2a769","INTEGRATION_TEST_ONLY"
"synthetic_07","SYN_7_5","SYNEXP_7_5","SYNTHETIC_UNEQUAL_V32","exact",1,0.85,,0.494194951528411,0.0469824471738959,0.920158743277358,0.873176296103462,TRUE,,"one_inflated_beta_report",-0.426866166914331,44,"unlabelled_projection","unseen_category;unseen_raw_residue;unseen_combination;fixed_effect_not_estimable",FALSE,FALSE,TRUE,TRUE,FALSE,FALSE,FALSE,"integration",2,"joint_bb","M2","species_equal","73c100d60b2b1e9faaba40f689200a9429c0c7ba5c598a49d9b95cb347b2a769","INTEGRATION_TEST_ONLY"
"synthetic_07","SYN_7_6","SYNEXP_7_6","SYNTHETIC_UNEQUAL_V32","interval",,,,0.494194951528411,0.0759264393212086,0.965112966107929,0.889186526786721,,TRUE,"one_inflated_beta_report",-0.892289801945394,45,"unlabelled_projection","unseen_category;unseen_raw_residue;unseen_combination;fixed_effect_not_estimable",FALSE,FALSE,TRUE,TRUE,FALSE,FALSE,FALSE,"integration",2,"joint_bb","M2","species_equal","73c100d60b2b1e9faaba40f689200a9429c0c7ba5c598a49d9b95cb347b2a769","INTEGRATION_TEST_ONLY"
"synthetic_07","SYN_7_7","SYNEXP_7_7","SYNTHETIC_UNEQUAL_V32","count",1,0.666666666666667,,0.494194951528411,0,1,1,TRUE,,"beta_binomial_at_observed_Total",-1.70976162345262,46,"unlabelled_projection","unseen_category;unseen_raw_residue;unseen_combination;fixed_effect_not_estimable",FALSE,FALSE,TRUE,TRUE,FALSE,FALSE,FALSE,"integration",2,"joint_bb","M2","species_equal","73c100d60b2b1e9faaba40f689200a9429c0c7ba5c598a49d9b95cb347b2a769","INTEGRATION_TEST_ONLY"
"synthetic_07","SYN_7_8","SYNEXP_7_8","SYNTHETIC_UNEQUAL_V32","exact",0,0.35,,0.494194951528411,0.0683356499473063,0.992444169923151,0.924108519975845,TRUE,,"one_inflated_beta_report",0.293425550417877,47,"unlabelled_projection","unseen_category;unseen_raw_residue;unseen_combination;fixed_effect_not_estimable",FALSE,FALSE,TRUE,TRUE,FALSE,FALSE,FALSE,"integration",2,"joint_bb","M2","species_equal","73c100d60b2b1e9faaba40f689200a9429c0c7ba5c598a49d9b95cb347b2a769","INTEGRATION_TEST_ONLY"
"synthetic_07","SYN_7_9","SYNEXP_7_9","SYNTHETIC_UNEQUAL_V32","interval",,,,0.494194951528411,0.0707195350870299,0.987782302256805,0.917062767169775,,TRUE,"one_inflated_beta_report",-0.892289801945394,48,"unlabelled_projection","unseen_category;unseen_raw_residue;unseen_combination;fixed_effect_not_estimable",FALSE,FALSE,TRUE,TRUE,FALSE,FALSE,FALSE,"integration",2,"joint_bb","M2","species_equal","73c100d60b2b1e9faaba40f689200a9429c0c7ba5c598a49d9b95cb347b2a769","INTEGRATION_TEST_ONLY"
"synthetic_07","SYN_7_10","SYNEXP_7_10","SYNTHETIC_UNEQUAL_V32","count",0,0.111111111111111,,0.494194951528411,0,1,1,TRUE,,"beta_binomial_at_observed_Total",-2.54890678273044,49,"unlabelled_projection","unseen_category;unseen_raw_residue;unseen_combination;fixed_effect_not_estimable",FALSE,FALSE,TRUE,TRUE,FALSE,FALSE,FALSE,"integration",2,"joint_bb","M2","species_equal","73c100d60b2b1e9faaba40f689200a9429c0c7ba5c598a49d9b95cb347b2a769","INTEGRATION_TEST_ONLY"
"synthetic_08","SYN_8_1","SYNEXP_8_1","SYNTHETIC_UNEQUAL_V32","count",0,0.125,,0.494194951528411,0,0.940624999999997,0.940624999999997,TRUE,,"beta_binomial_at_observed_Total",-2.37182731407938,50,"unlabelled_projection","unseen_category;unseen_raw_residue;unseen_combination;fixed_effect_not_estimable",FALSE,FALSE,TRUE,TRUE,FALSE,FALSE,FALSE,"integration",2,"joint_bb","M2","species_equal","73c100d60b2b1e9faaba40f689200a9429c0c7ba5c598a49d9b95cb347b2a769","INTEGRATION_TEST_ONLY"
"synthetic_08","SYN_8_2","SYNEXP_8_2","SYNTHETIC_UNEQUAL_V32","exact",1,0.65,,0.494194951528411,0.0873672071425839,1,0.912632792857416,TRUE,,"one_inflated_beta_report",0.194637291044604,51,"unlabelled_projection","unseen_category;unseen_raw_residue;unseen_combination;fixed_effect_not_estimable",FALSE,FALSE,TRUE,TRUE,FALSE,FALSE,FALSE,"integration",2,"joint_bb","M2","species_equal","73c100d60b2b1e9faaba40f689200a9429c0c7ba5c598a49d9b95cb347b2a769","INTEGRATION_TEST_ONLY"
"synthetic_08","SYN_8_3","SYNEXP_8_3","SYNTHETIC_UNEQUAL_V32","interval",,,,0.494194951528411,0.0656272845035641,1,0.934372715496436,,TRUE,"one_inflated_beta_report",-0.892289801945394,52,"unlabelled_projection","unseen_category;unseen_raw_residue;unseen_combination;fixed_effect_not_estimable",FALSE,FALSE,TRUE,TRUE,FALSE,FALSE,FALSE,"integration",2,"joint_bb","M2","species_equal","73c100d60b2b1e9faaba40f689200a9429c0c7ba5c598a49d9b95cb347b2a769","INTEGRATION_TEST_ONLY"
"synthetic_08","SYN_8_4","SYNEXP_8_4","SYNTHETIC_UNEQUAL_V32","count",1,0.818181818181818,,0.494194951528411,0,0.909090909090909,0.909090909090909,TRUE,,"beta_binomial_at_observed_Total",-2.57946724928148,53,"unlabelled_projection","unseen_category;unseen_raw_residue;unseen_combination;fixed_effect_not_estimable",FALSE,FALSE,TRUE,TRUE,FALSE,FALSE,FALSE,"integration",2,"joint_bb","M2","species_equal","73c100d60b2b1e9faaba40f689200a9429c0c7ba5c598a49d9b95cb347b2a769","INTEGRATION_TEST_ONLY"
"synthetic_08","SYN_8_5","SYNEXP_8_5","SYNTHETIC_UNEQUAL_V32","exact",0,0.15,,0.494194951528411,0.0591747286744218,1,0.940825271325578,TRUE,,"one_inflated_beta_report",-0.160242903846431,54,"unlabelled_projection","unseen_category;unseen_raw_residue;unseen_combination;fixed_effect_not_estimable",FALSE,FALSE,TRUE,TRUE,FALSE,FALSE,FALSE,"integration",2,"joint_bb","M2","species_equal","73c100d60b2b1e9faaba40f689200a9429c0c7ba5c598a49d9b95cb347b2a769","INTEGRATION_TEST_ONLY"
"synthetic_08","SYN_8_6","SYNEXP_8_6","SYNTHETIC_UNEQUAL_V32","interval",,,,0.494194951528411,0.0861058780397635,0.942491922556752,0.856386044516988,,TRUE,"one_inflated_beta_report",-0.892289801945394,55,"unlabelled_projection","unseen_category;unseen_raw_residue;unseen_combination;fixed_effect_not_estimable",FALSE,FALSE,TRUE,TRUE,FALSE,FALSE,FALSE,"integration",2,"joint_bb","M2","species_equal","73c100d60b2b1e9faaba40f689200a9429c0c7ba5c598a49d9b95cb347b2a769","INTEGRATION_TEST_ONLY"
"synthetic_08","SYN_8_7","SYNEXP_8_7","SYNTHETIC_UNEQUAL_V32","count",0,0.285714285714286,,0.494194951528411,0,1,1,TRUE,,"beta_binomial_at_observed_Total",-1.88550586406944,56,"unlabelled_projection","unseen_category;unseen_raw_residue;unseen_combination;fixed_effect_not_estimable",FALSE,FALSE,TRUE,TRUE,FALSE,FALSE,FALSE,"integration",2,"joint_bb","M2","species_equal","73c100d60b2b1e9faaba40f689200a9429c0c7ba5c598a49d9b95cb347b2a769","INTEGRATION_TEST_ONLY"
"synthetic_08","SYN_8_8","SYNEXP_8_8","SYNTHETIC_UNEQUAL_V32","exact",1,0.85,,0.494194951528411,0.0756815688436812,1,0.924318431156319,TRUE,,"one_inflated_beta_report",-0.426866166914331,57,"unlabelled_projection","unseen_category;unseen_raw_residue;unseen_combination;fixed_effect_not_estimable",FALSE,FALSE,TRUE,TRUE,FALSE,FALSE,FALSE,"integration",2,"joint_bb","M2","species_equal","73c100d60b2b1e9faaba40f689200a9429c0c7ba5c598a49d9b95cb347b2a769","INTEGRATION_TEST_ONLY"
"synthetic_08","SYN_8_9","SYNEXP_8_9","SYNTHETIC_UNEQUAL_V32","interval",,,,0.494194951528411,0.0440936936386735,0.996811248294552,0.952717554655878,,TRUE,"one_inflated_beta_report",-0.892289801945394,58,"unlabelled_projection","unseen_category;unseen_raw_residue;unseen_combination;fixed_effect_not_estimable",FALSE,FALSE,TRUE,TRUE,FALSE,FALSE,FALSE,"integration",2,"joint_bb","M2","species_equal","73c100d60b2b1e9faaba40f689200a9429c0c7ba5c598a49d9b95cb347b2a769","INTEGRATION_TEST_ONLY"
"synthetic_08","SYN_8_10","SYNEXP_8_10","SYNTHETIC_UNEQUAL_V32","count",1,0.6,,0.494194951528411,0,0.9,0.9,TRUE,,"beta_binomial_at_observed_Total",-2.05880127389553,59,"unlabelled_projection","unseen_category;unseen_raw_residue;unseen_combination;fixed_effect_not_estimable",FALSE,FALSE,TRUE,TRUE,FALSE,FALSE,FALSE,"integration",2,"joint_bb","M2","species_equal","73c100d60b2b1e9faaba40f689200a9429c0c7ba5c598a49d9b95cb347b2a769","INTEGRATION_TEST_ONLY"
"synthetic_08","SYN_8_11","SYNEXP_8_11","SYNTHETIC_UNEQUAL_V32","exact",0,0.35,,0.494194951528411,0.0642448051508404,0.932576526453023,0.868331721302182,TRUE,,"one_inflated_beta_report",0.293425550417877,60,"unlabelled_projection","unseen_category;unseen_raw_residue;unseen_combination;fixed_effect_not_estimable",FALSE,FALSE,TRUE,TRUE,FALSE,FALSE,FALSE,"integration",2,"joint_bb","M2","species_equal","73c100d60b2b1e9faaba40f689200a9429c0c7ba5c598a49d9b95cb347b2a769","INTEGRATION_TEST_ONLY"
"synthetic_09","SYN_9_1","SYNEXP_9_1","SYNTHETIC_UNEQUAL_V32","count",1,0.666666666666667,,0.500786845136041,0,1,1,TRUE,,"beta_binomial_at_observed_Total",-2.16165427883669,61,"unlabelled_projection","missing_predictor;unseen_category;unseen_raw_residue;unseen_combination;fixed_effect_not_estimable",TRUE,TRUE,TRUE,TRUE,FALSE,FALSE,FALSE,"integration",2,"joint_bb","M2","species_equal","73c100d60b2b1e9faaba40f689200a9429c0c7ba5c598a49d9b95cb347b2a769","INTEGRATION_TEST_ONLY"
"synthetic_09","SYN_9_2","SYNEXP_9_2","SYNTHETIC_UNEQUAL_V32","exact",0,0.35,,0.500786845136041,0.0529106303625497,1,0.94708936963745,TRUE,,"one_inflated_beta_report",0.154429659911904,62,"unlabelled_projection","missing_predictor;unseen_category;unseen_raw_residue;unseen_combination;fixed_effect_not_estimable",TRUE,TRUE,TRUE,TRUE,FALSE,FALSE,FALSE,"integration",2,"joint_bb","M2","species_equal","73c100d60b2b1e9faaba40f689200a9429c0c7ba5c598a49d9b95cb347b2a769","INTEGRATION_TEST_ONLY"
"synthetic_09","SYN_9_3","SYNEXP_9_3","SYNTHETIC_UNEQUAL_V32","interval",,,,0.500786845136041,0.0306885557018085,1,0.969311444298191,,TRUE,"one_inflated_beta_report",-1.05710798653554,63,"unlabelled_projection","missing_predictor;unseen_category;unseen_raw_residue;unseen_combination;fixed_effect_not_estimable",TRUE,TRUE,TRUE,TRUE,FALSE,FALSE,FALSE,"integration",2,"joint_bb","M2","species_equal","73c100d60b2b1e9faaba40f689200a9429c0c7ba5c598a49d9b95cb347b2a769","INTEGRATION_TEST_ONLY"
"synthetic_09","SYN_9_4","SYNEXP_9_4","SYNTHETIC_UNEQUAL_V32","count",0,0.166666666666667,,0.500786845136041,0,1,1,TRUE,,"beta_binomial_at_observed_Total",-2.61616023783023,64,"unlabelled_projection","missing_predictor;unseen_category;unseen_raw_residue;unseen_combination;fixed_effect_not_estimable",TRUE,TRUE,TRUE,TRUE,FALSE,FALSE,FALSE,"integration",2,"joint_bb","M2","species_equal","73c100d60b2b1e9faaba40f689200a9429c0c7ba5c598a49d9b95cb347b2a769","INTEGRATION_TEST_ONLY"
"synthetic_09","SYN_9_5","SYNEXP_9_5","SYNTHETIC_UNEQUAL_V32","exact",1,0.65,,0.500786845136041,0.034496539878417,0.96024135755593,0.925744817677513,TRUE,,"one_inflated_beta_report",0.0664993676764888,65,"unlabelled_projection","missing_predictor;unseen_category;unseen_raw_residue;unseen_combination;fixed_effect_not_estimable",TRUE,TRUE,TRUE,TRUE,FALSE,FALSE,FALSE,"integration",2,"joint_bb","M2","species_equal","73c100d60b2b1e9faaba40f689200a9429c0c7ba5c598a49d9b95cb347b2a769","INTEGRATION_TEST_ONLY"
"synthetic_09","SYN_9_6","SYNEXP_9_6","SYNTHETIC_UNEQUAL_V32","interval",,,,0.500786845136041,0.0589256029389576,0.999985025016433,0.941059422077476,,TRUE,"one_inflated_beta_report",-1.05710798653554,66,"unlabelled_projection","missing_predictor;unseen_category;unseen_raw_residue;unseen_combination;fixed_effect_not_estimable",TRUE,TRUE,TRUE,TRUE,FALSE,FALSE,FALSE,"integration",2,"joint_bb","M2","species_equal","73c100d60b2b1e9faaba40f689200a9429c0c7ba5c598a49d9b95cb347b2a769","INTEGRATION_TEST_ONLY"
"synthetic_09","SYN_9_7","SYNEXP_9_7","SYNTHETIC_UNEQUAL_V32","count",1,0.875,,0.500786845136041,0,1,1,TRUE,,"beta_binomial_at_observed_Total",-2.29786285298742,67,"unlabelled_projection","missing_predictor;unseen_category;unseen_raw_residue;unseen_combination;fixed_effect_not_estimable",TRUE,TRUE,TRUE,TRUE,FALSE,FALSE,FALSE,"integration",2,"joint_bb","M2","species_equal","73c100d60b2b1e9faaba40f689200a9429c0c7ba5c598a49d9b95cb347b2a769","INTEGRATION_TEST_ONLY"
"synthetic_09","SYN_9_8","SYNEXP_9_8","SYNTHETIC_UNEQUAL_V32","exact",0,0.15,,0.500786845136041,0.033129210587781,0.999020638679673,0.965891428091892,TRUE,,"one_inflated_beta_report",-0.0487071979540432,68,"unlabelled_projection","missing_predictor;unseen_category;unseen_raw_residue;unseen_combination;fixed_effect_not_estimable",TRUE,TRUE,TRUE,TRUE,FALSE,FALSE,FALSE,"integration",2,"joint_bb","M2","species_equal","73c100d60b2b1e9faaba40f689200a9429c0c7ba5c598a49d9b95cb347b2a769","INTEGRATION_TEST_ONLY"
"synthetic_09","SYN_9_9","SYNEXP_9_9","SYNTHETIC_UNEQUAL_V32","interval",,,,0.500786845136041,0.0502977814234579,1,0.949702218576542,,TRUE,"one_inflated_beta_report",-1.05710798653554,69,"unlabelled_projection","missing_predictor;unseen_category;unseen_raw_residue;unseen_combination;fixed_effect_not_estimable",TRUE,TRUE,TRUE,TRUE,FALSE,FALSE,FALSE,"integration",2,"joint_bb","M2","species_equal","73c100d60b2b1e9faaba40f689200a9429c0c7ba5c598a49d9b95cb347b2a769","INTEGRATION_TEST_ONLY"
"synthetic_09","SYN_9_10","SYNEXP_9_10","SYNTHETIC_UNEQUAL_V32","count",0,0.363636363636364,,0.500786845136041,0,1,1,TRUE,,"beta_binomial_at_observed_Total",-2.28872982577792,70,"unlabelled_projection","missing_predictor;unseen_category;unseen_raw_residue;unseen_combination;fixed_effect_not_estimable",TRUE,TRUE,TRUE,TRUE,FALSE,FALSE,FALSE,"integration",2,"joint_bb","M2","species_equal","73c100d60b2b1e9faaba40f689200a9429c0c7ba5c598a49d9b95cb347b2a769","INTEGRATION_TEST_ONLY"
"synthetic_09","SYN_9_11","SYNEXP_9_11","SYNTHETIC_UNEQUAL_V32","exact",1,0.85,,0.500786845136041,0.0457547838906596,1,0.95424521610934,TRUE,,"one_inflated_beta_report",-0.254430594545902,71,"unlabelled_projection","missing_predictor;unseen_category;unseen_raw_residue;unseen_combination;fixed_effect_not_estimable",TRUE,TRUE,TRUE,TRUE,FALSE,FALSE,FALSE,"integration",2,"joint_bb","M2","species_equal","73c100d60b2b1e9faaba40f689200a9429c0c7ba5c598a49d9b95cb347b2a769","INTEGRATION_TEST_ONLY"
"synthetic_09","SYN_9_12","SYNEXP_9_12","SYNTHETIC_UNEQUAL_V32","interval",,,,0.500786845136041,0.066945425390308,1,0.933054574609692,,TRUE,"one_inflated_beta_report",-1.05710798653554,72,"unlabelled_projection","missing_predictor;unseen_category;unseen_raw_residue;unseen_combination;fixed_effect_not_estimable",TRUE,TRUE,TRUE,TRUE,FALSE,FALSE,FALSE,"integration",2,"joint_bb","M2","species_equal","73c100d60b2b1e9faaba40f689200a9429c0c7ba5c598a49d9b95cb347b2a769","INTEGRATION_TEST_ONLY"
"synthetic_10","SYN_10_1","SYNEXP_10_1","SYNTHETIC_UNEQUAL_V32","count",0,0.4,,0.494194951528411,0,0.952499999999998,0.952499999999998,TRUE,,"beta_binomial_at_observed_Total",-2.05450082135213,73,"unlabelled_projection","unseen_category;unseen_raw_residue;unseen_combination;fixed_effect_not_estimable",FALSE,FALSE,TRUE,TRUE,FALSE,FALSE,FALSE,"integration",2,"joint_bb","M2","species_equal","73c100d60b2b1e9faaba40f689200a9429c0c7ba5c598a49d9b95cb347b2a769","INTEGRATION_TEST_ONLY"
"synthetic_10","SYN_10_2","SYNEXP_10_2","SYNTHETIC_UNEQUAL_V32","exact",1,0.85,,0.494194951528411,0.0574765006807979,0.955110758327336,0.897634257646538,TRUE,,"one_inflated_beta_report",-0.426866166914331,74,"unlabelled_projection","unseen_category;unseen_raw_residue;unseen_combination;fixed_effect_not_estimable",FALSE,FALSE,TRUE,TRUE,FALSE,FALSE,FALSE,"integration",2,"joint_bb","M2","species_equal","73c100d60b2b1e9faaba40f689200a9429c0c7ba5c598a49d9b95cb347b2a769","INTEGRATION_TEST_ONLY"
"synthetic_10","SYN_10_3","SYNEXP_10_3","SYNTHETIC_UNEQUAL_V32","interval",,,,0.494194951528411,0.0685080939124302,1,0.93149190608757,,TRUE,"one_inflated_beta_report",-0.892289801945394,75,"unlabelled_projection","unseen_category;unseen_raw_residue;unseen_combination;fixed_effect_not_estimable",FALSE,FALSE,TRUE,TRUE,FALSE,FALSE,FALSE,"integration",2,"joint_bb","M2","species_equal","73c100d60b2b1e9faaba40f689200a9429c0c7ba5c598a49d9b95cb347b2a769","INTEGRATION_TEST_ONLY"
"synthetic_10","SYN_10_4","SYNEXP_10_4","SYNTHETIC_UNEQUAL_V32","count",1,0.666666666666667,,0.494194951528411,0,1,1,TRUE,,"beta_binomial_at_observed_Total",-1.70976162345262,76,"unlabelled_projection","unseen_category;unseen_raw_residue;unseen_combination;fixed_effect_not_estimable",FALSE,FALSE,TRUE,TRUE,FALSE,FALSE,FALSE,"integration",2,"joint_bb","M2","species_equal","73c100d60b2b1e9faaba40f689200a9429c0c7ba5c598a49d9b95cb347b2a769","INTEGRATION_TEST_ONLY"
"synthetic_10","SYN_10_5","SYNEXP_10_5","SYNTHETIC_UNEQUAL_V32","exact",0,0.35,,0.494194951528411,0.0732591147719782,1,0.926740885228022,TRUE,,"one_inflated_beta_report",0.293425550417877,77,"unlabelled_projection","unseen_category;unseen_raw_residue;unseen_combination;fixed_effect_not_estimable",FALSE,FALSE,TRUE,TRUE,FALSE,FALSE,FALSE,"integration",2,"joint_bb","M2","species_equal","73c100d60b2b1e9faaba40f689200a9429c0c7ba5c598a49d9b95cb347b2a769","INTEGRATION_TEST_ONLY"
"synthetic_10","SYN_10_6","SYNEXP_10_6","SYNTHETIC_UNEQUAL_V32","interval",,,,0.494194951528411,0.0601819291264366,1,0.939818070873563,,TRUE,"one_inflated_beta_report",-0.892289801945394,78,"unlabelled_projection","unseen_category;unseen_raw_residue;unseen_combination;fixed_effect_not_estimable",FALSE,FALSE,TRUE,TRUE,FALSE,FALSE,FALSE,"integration",2,"joint_bb","M2","species_equal","73c100d60b2b1e9faaba40f689200a9429c0c7ba5c598a49d9b95cb347b2a769","INTEGRATION_TEST_ONLY"
"synthetic_10","SYN_10_7","SYNEXP_10_7","SYNTHETIC_UNEQUAL_V32","count",0,0.111111111111111,,0.494194951528411,0,1,1,TRUE,,"beta_binomial_at_observed_Total",-2.54890678273044,79,"unlabelled_projection","unseen_category;unseen_raw_residue;unseen_combination;fixed_effect_not_estimable",FALSE,FALSE,TRUE,TRUE,FALSE,FALSE,FALSE,"integration",2,"joint_bb","M2","species_equal","73c100d60b2b1e9faaba40f689200a9429c0c7ba5c598a49d9b95cb347b2a769","INTEGRATION_TEST_ONLY"
"synthetic_10","SYN_10_8","SYNEXP_10_8","SYNTHETIC_UNEQUAL_V32","exact",1,0.65,,0.494194951528411,0.0855964039735671,1,0.914403596026433,TRUE,,"one_inflated_beta_report",0.194637291044604,80,"unlabelled_projection","unseen_category;unseen_raw_residue;unseen_combination;fixed_effect_not_estimable",FALSE,FALSE,TRUE,TRUE,FALSE,FALSE,FALSE,"integration",2,"joint_bb","M2","species_equal","73c100d60b2b1e9faaba40f689200a9429c0c7ba5c598a49d9b95cb347b2a769","INTEGRATION_TEST_ONLY"
"synthetic_10","SYN_10_9","SYNEXP_10_9","SYNTHETIC_UNEQUAL_V32","interval",,,,0.494194951528411,0.114522596910595,1,0.885477403089405,,TRUE,"one_inflated_beta_report",-0.892289801945394,81,"unlabelled_projection","unseen_category;unseen_raw_residue;unseen_combination;fixed_effect_not_estimable",FALSE,FALSE,TRUE,TRUE,FALSE,FALSE,FALSE,"integration",2,"joint_bb","M2","species_equal","73c100d60b2b1e9faaba40f689200a9429c0c7ba5c598a49d9b95cb347b2a769","INTEGRATION_TEST_ONLY"
"synthetic_10","SYN_10_10","SYNEXP_10_10","SYNTHETIC_UNEQUAL_V32","count",1,0.833333333333333,,0.494194951528411,0,0.916666666666667,0.916666666666667,TRUE,,"beta_binomial_at_observed_Total",-2.72394189157,82,"unlabelled_projection","unseen_category;unseen_raw_residue;unseen_combination;fixed_effect_not_estimable",FALSE,FALSE,TRUE,TRUE,FALSE,FALSE,FALSE,"integration",2,"joint_bb","M2","species_equal","73c100d60b2b1e9faaba40f689200a9429c0c7ba5c598a49d9b95cb347b2a769","INTEGRATION_TEST_ONLY"
"synthetic_10","SYN_10_11","SYNEXP_10_11","SYNTHETIC_UNEQUAL_V32","exact",0,0.15,,0.494194951528411,0.077823484588475,0.981557262252534,0.903733777664059,TRUE,,"one_inflated_beta_report",-0.160242903846431,83,"unlabelled_projection","unseen_category;unseen_raw_residue;unseen_combination;fixed_effect_not_estimable",FALSE,FALSE,TRUE,TRUE,FALSE,FALSE,FALSE,"integration",2,"joint_bb","M2","species_equal","73c100d60b2b1e9faaba40f689200a9429c0c7ba5c598a49d9b95cb347b2a769","INTEGRATION_TEST_ONLY"
"synthetic_10","SYN_10_12","SYNEXP_10_12","SYNTHETIC_UNEQUAL_V32","interval",,,,0.494194951528411,0.067320507054305,1,0.932679492945695,,TRUE,"one_inflated_beta_report",-0.892289801945394,84,"unlabelled_projection","unseen_category;unseen_raw_residue;unseen_combination;fixed_effect_not_estimable",FALSE,FALSE,TRUE,TRUE,FALSE,FALSE,FALSE,"integration",2,"joint_bb","M2","species_equal","73c100d60b2b1e9faaba40f689200a9429c0c7ba5c598a49d9b95cb347b2a769","INTEGRATION_TEST_ONLY"
"synthetic_10","SYN_10_13","SYNEXP_10_13","SYNTHETIC_UNEQUAL_V32","count",0,0.375,,0.494194951528411,0,1,1,TRUE,,"beta_binomial_at_observed_Total",-1.89149189296187,85,"unlabelled_projection","unseen_category;unseen_raw_residue;unseen_combination;fixed_effect_not_estimable",FALSE,FALSE,TRUE,TRUE,FALSE,FALSE,FALSE,"integration",2,"joint_bb","M2","species_equal","73c100d60b2b1e9faaba40f689200a9429c0c7ba5c598a49d9b95cb347b2a769","INTEGRATION_TEST_ONLY"
"synthetic_11","SYN_11_1","SYNEXP_11_1","SYNTHETIC_UNEQUAL_V32","count",1,0.818181818181818,,0.493241216213171,0,1,1,TRUE,,"beta_binomial_at_observed_Total",-2.5513179593657,86,"unlabelled_projection","missing_predictor;unseen_category;unseen_raw_residue;unseen_combination;fixed_effect_not_estimable",TRUE,TRUE,TRUE,TRUE,FALSE,FALSE,FALSE,"integration",2,"joint_bb","M2","species_equal","73c100d60b2b1e9faaba40f689200a9429c0c7ba5c598a49d9b95cb347b2a769","INTEGRATION_TEST_ONLY"
"synthetic_11","SYN_11_2","SYNEXP_11_2","SYNTHETIC_UNEQUAL_V32","exact",0,0.15,,0.493241216213171,0.0473764803376185,0.99393274821604,0.946556267878422,TRUE,,"one_inflated_beta_report",-0.111607331963466,87,"unlabelled_projection","missing_predictor;unseen_category;unseen_raw_residue;unseen_combination;fixed_effect_not_estimable",TRUE,TRUE,TRUE,TRUE,FALSE,FALSE,FALSE,"integration",2,"joint_bb","M2","species_equal","73c100d60b2b1e9faaba40f689200a9429c0c7ba5c598a49d9b95cb347b2a769","INTEGRATION_TEST_ONLY"
"synthetic_11","SYN_11_3","SYNEXP_11_3","SYNTHETIC_UNEQUAL_V32","interval",,,,0.493241216213171,0.0208586419816092,1,0.979141358018391,,TRUE,"one_inflated_beta_report",-0.970526161526285,88,"unlabelled_projection","missing_predictor;unseen_category;unseen_raw_residue;unseen_combination;fixed_effect_not_estimable",TRUE,TRUE,TRUE,TRUE,FALSE,FALSE,FALSE,"integration",2,"joint_bb","M2","species_equal","73c100d60b2b1e9faaba40f689200a9429c0c7ba5c598a49d9b95cb347b2a769","INTEGRATION_TEST_ONLY"
"synthetic_11","SYN_11_4","SYNEXP_11_4","SYNTHETIC_UNEQUAL_V32","count",0,0.285714285714286,,0.493241216213171,0,1,1,TRUE,,"beta_binomial_at_observed_Total",-1.91933675788365,89,"unlabelled_projection","missing_predictor;unseen_category;unseen_raw_residue;unseen_combination;fixed_effect_not_estimable",TRUE,TRUE,TRUE,TRUE,FALSE,FALSE,FALSE,"integration",2,"joint_bb","M2","species_equal","73c100d60b2b1e9faaba40f689200a9429c0c7ba5c598a49d9b95cb347b2a769","INTEGRATION_TEST_ONLY"
"synthetic_11","SYN_11_5","SYNEXP_11_5","SYNTHETIC_UNEQUAL_V32","exact",1,0.85,,0.493241216213171,0.0596359998390955,0.957195617767711,0.897559617928616,TRUE,,"one_inflated_beta_report",-0.329926034294389,90,"unlabelled_projection","missing_predictor;unseen_category;unseen_raw_residue;unseen_combination;fixed_effect_not_estimable",TRUE,TRUE,TRUE,TRUE,FALSE,FALSE,FALSE,"integration",2,"joint_bb","M2","species_equal","73c100d60b2b1e9faaba40f689200a9429c0c7ba5c598a49d9b95cb347b2a769","INTEGRATION_TEST_ONLY"
"synthetic_11","SYN_11_6","SYNEXP_11_6","SYNTHETIC_UNEQUAL_V32","interval",,,,0.493241216213171,0.0433846341112189,0.993509834951495,0.950125200840276,,TRUE,"one_inflated_beta_report",-0.970526161526285,91,"unlabelled_projection","missing_predictor;unseen_category;unseen_raw_residue;unseen_combination;fixed_effect_not_estimable",TRUE,TRUE,TRUE,TRUE,FALSE,FALSE,FALSE,"integration",2,"joint_bb","M2","species_equal","73c100d60b2b1e9faaba40f689200a9429c0c7ba5c598a49d9b95cb347b2a769","INTEGRATION_TEST_ONLY"
"synthetic_11","SYN_11_7","SYNEXP_11_7","SYNTHETIC_UNEQUAL_V32","count",1,0.6,,0.493241216213171,0,1,1,TRUE,,"beta_binomial_at_observed_Total",-2.12869528496407,92,"unlabelled_projection","missing_predictor;unseen_category;unseen_raw_residue;unseen_combination;fixed_effect_not_estimable",TRUE,TRUE,TRUE,TRUE,FALSE,FALSE,FALSE,"integration",2,"joint_bb","M2","species_equal","73c100d60b2b1e9faaba40f689200a9429c0c7ba5c598a49d9b95cb347b2a769","INTEGRATION_TEST_ONLY"
"synthetic_11","SYN_11_8","SYNEXP_11_8","SYNTHETIC_UNEQUAL_V32","exact",0,0.35,,0.493241216213171,0.0534755833786269,1,0.946524416621373,TRUE,,"one_inflated_beta_report",0.226170654571181,93,"unlabelled_projection","missing_predictor;unseen_category;unseen_raw_residue;unseen_combination;fixed_effect_not_estimable",TRUE,TRUE,TRUE,TRUE,FALSE,FALSE,FALSE,"integration",2,"joint_bb","M2","species_equal","73c100d60b2b1e9faaba40f689200a9429c0c7ba5c598a49d9b95cb347b2a769","INTEGRATION_TEST_ONLY"
"synthetic_11","SYN_11_9","SYNEXP_11_9","SYNTHETIC_UNEQUAL_V32","interval",,,,0.493241216213171,0.0782806036537328,1,0.921719396346267,,TRUE,"one_inflated_beta_report",-0.970526161526285,94,"unlabelled_projection","missing_predictor;unseen_category;unseen_raw_residue;unseen_combination;fixed_effect_not_estimable",TRUE,TRUE,TRUE,TRUE,FALSE,FALSE,FALSE,"integration",2,"joint_bb","M2","species_equal","73c100d60b2b1e9faaba40f689200a9429c0c7ba5c598a49d9b95cb347b2a769","INTEGRATION_TEST_ONLY"
"synthetic_11","SYN_11_10","SYNEXP_11_10","SYNTHETIC_UNEQUAL_V32","count",0,0.166666666666667,,0.493241216213171,0,1,1,TRUE,,"beta_binomial_at_observed_Total",-1.94868911151974,95,"unlabelled_projection","missing_predictor;unseen_category;unseen_raw_residue;unseen_combination;fixed_effect_not_estimable",TRUE,TRUE,TRUE,TRUE,FALSE,FALSE,FALSE,"integration",2,"joint_bb","M2","species_equal","73c100d60b2b1e9faaba40f689200a9429c0c7ba5c598a49d9b95cb347b2a769","INTEGRATION_TEST_ONLY"
"synthetic_11","SYN_11_11","SYNEXP_11_11","SYNTHETIC_UNEQUAL_V32","exact",1,0.65,,0.493241216213171,0.0185151993549389,0.957614869699751,0.939099670344812,TRUE,,"one_inflated_beta_report",0.136709549892145,96,"unlabelled_projection","missing_predictor;unseen_category;unseen_raw_residue;unseen_combination;fixed_effect_not_estimable",TRUE,TRUE,TRUE,TRUE,FALSE,FALSE,FALSE,"integration",2,"joint_bb","M2","species_equal","73c100d60b2b1e9faaba40f689200a9429c0c7ba5c598a49d9b95cb347b2a769","INTEGRATION_TEST_ONLY"
"synthetic_11","SYN_11_12","SYNEXP_11_12","SYNTHETIC_UNEQUAL_V32","interval",,,,0.493241216213171,0.0365071383160563,0.981622943295459,0.945115804979403,,TRUE,"one_inflated_beta_report",-0.970526161526285,97,"unlabelled_projection","missing_predictor;unseen_category;unseen_raw_residue;unseen_combination;fixed_effect_not_estimable",TRUE,TRUE,TRUE,TRUE,FALSE,FALSE,FALSE,"integration",2,"joint_bb","M2","species_equal","73c100d60b2b1e9faaba40f689200a9429c0c7ba5c598a49d9b95cb347b2a769","INTEGRATION_TEST_ONLY"
"synthetic_11","SYN_11_13","SYNEXP_11_13","SYNTHETIC_UNEQUAL_V32","count",1,0.888888888888889,,0.493241216213171,0,1,1,TRUE,,"beta_binomial_at_observed_Total",-2.53799549928303,98,"unlabelled_projection","missing_predictor;unseen_category;unseen_raw_residue;unseen_combination;fixed_effect_not_estimable",TRUE,TRUE,TRUE,TRUE,FALSE,FALSE,FALSE,"integration",2,"joint_bb","M2","species_equal","73c100d60b2b1e9faaba40f689200a9429c0c7ba5c598a49d9b95cb347b2a769","INTEGRATION_TEST_ONLY"
"synthetic_11","SYN_11_14","SYNEXP_11_14","SYNTHETIC_UNEQUAL_V32","exact",1,1,,0.493241216213171,0.0566781608687502,0.928598444805338,0.871920283936588,FALSE,,"one_inflated_beta_report",-3.52683838401247,99,"unlabelled_projection","missing_predictor;unseen_category;unseen_raw_residue;unseen_combination;fixed_effect_not_estimable",TRUE,TRUE,TRUE,TRUE,FALSE,FALSE,FALSE,"integration",2,"joint_bb","M2","species_equal","73c100d60b2b1e9faaba40f689200a9429c0c7ba5c598a49d9b95cb347b2a769","INTEGRATION_TEST_ONLY"
"synthetic_12","SYN_12_1","SYNEXP_12_1","SYNTHETIC_UNEQUAL_V32","interval",,,,0.491477182316538,0.0397131011096818,0.972179200509151,0.932466099399469,,TRUE,"one_inflated_beta_report",-0.999754011641626,100,"unlabelled_projection","unseen_category;unseen_raw_residue;unseen_combination;fixed_effect_not_estimable",FALSE,FALSE,TRUE,TRUE,FALSE,FALSE,FALSE,"integration",2,"joint_bb","M2","species_equal","73c100d60b2b1e9faaba40f689200a9429c0c7ba5c598a49d9b95cb347b2a769","INTEGRATION_TEST_ONLY"
"synthetic_12","SYN_12_2","SYNEXP_12_2","SYNTHETIC_UNEQUAL_V32","interval",,,,0.491477182316538,0.036628581483805,0.988719793756695,0.95209121227289,,TRUE,"one_inflated_beta_report",-0.999754011641626,101,"unlabelled_projection","unseen_category;unseen_raw_residue;unseen_combination;fixed_effect_not_estimable",FALSE,FALSE,TRUE,TRUE,FALSE,FALSE,FALSE,"integration",2,"joint_bb","M2","species_equal","73c100d60b2b1e9faaba40f689200a9429c0c7ba5c598a49d9b95cb347b2a769","INTEGRATION_TEST_ONLY"
"synthetic_12","SYN_12_3","SYNEXP_12_3","SYNTHETIC_UNEQUAL_V32","interval",,,,0.491477182316538,0.0454876883207336,1,0.954512311679266,,TRUE,"one_inflated_beta_report",-0.999754011641626,102,"unlabelled_projection","unseen_category;unseen_raw_residue;unseen_combination;fixed_effect_not_estimable",FALSE,FALSE,TRUE,TRUE,FALSE,FALSE,FALSE,"integration",2,"joint_bb","M2","species_equal","73c100d60b2b1e9faaba40f689200a9429c0c7ba5c598a49d9b95cb347b2a769","INTEGRATION_TEST_ONLY"
"synthetic_12","SYN_12_4","SYNEXP_12_4","SYNTHETIC_UNEQUAL_V32","interval",,,,0.491477182316538,0.0486240396005648,1,0.951375960399435,,TRUE,"one_inflated_beta_report",-0.999754011641626,103,"unlabelled_projection","unseen_category;unseen_raw_residue;unseen_combination;fixed_effect_not_estimable",FALSE,FALSE,TRUE,TRUE,FALSE,FALSE,FALSE,"integration",2,"joint_bb","M2","species_equal","73c100d60b2b1e9faaba40f689200a9429c0c7ba5c598a49d9b95cb347b2a769","INTEGRATION_TEST_ONLY"
"synthetic_12","SYN_12_5","SYNEXP_12_5","SYNTHETIC_UNEQUAL_V32","interval",,,,0.491477182316538,0.0372442079028599,1,0.96275579209714,,TRUE,"one_inflated_beta_report",-0.999754011641626,104,"unlabelled_projection","unseen_category;unseen_raw_residue;unseen_combination;fixed_effect_not_estimable",FALSE,FALSE,TRUE,TRUE,FALSE,FALSE,FALSE,"integration",2,"joint_bb","M2","species_equal","73c100d60b2b1e9faaba40f689200a9429c0c7ba5c598a49d9b95cb347b2a769","INTEGRATION_TEST_ONLY"
"synthetic_12","SYN_12_6","SYNEXP_12_6","SYNTHETIC_UNEQUAL_V32","interval",,,,0.491477182316538,0.0482608187117599,1,0.95173918128824,,TRUE,"one_inflated_beta_report",-0.999754011641626,105,"unlabelled_projection","unseen_category;unseen_raw_residue;unseen_combination;fixed_effect_not_estimable",FALSE,FALSE,TRUE,TRUE,FALSE,FALSE,FALSE,"integration",2,"joint_bb","M2","species_equal","73c100d60b2b1e9faaba40f689200a9429c0c7ba5c598a49d9b95cb347b2a769","INTEGRATION_TEST_ONLY"
"synthetic_12","SYN_12_7","SYNEXP_12_7","SYNTHETIC_UNEQUAL_V32","interval",,,,0.491477182316538,0.0552645592559185,1,0.944735440744081,,TRUE,"one_inflated_beta_report",-0.999754011641626,106,"unlabelled_projection","unseen_category;unseen_raw_residue;unseen_combination;fixed_effect_not_estimable",FALSE,FALSE,TRUE,TRUE,FALSE,FALSE,FALSE,"integration",2,"joint_bb","M2","species_equal","73c100d60b2b1e9faaba40f689200a9429c0c7ba5c598a49d9b95cb347b2a769","INTEGRATION_TEST_ONLY"
"synthetic_12","SYN_12_8","SYNEXP_12_8","SYNTHETIC_UNEQUAL_V32","interval",,,,0.491477182316538,0.0424087425699355,1,0.957591257430064,,TRUE,"one_inflated_beta_report",-0.999754011641626,107,"unlabelled_projection","unseen_category;unseen_raw_residue;unseen_combination;fixed_effect_not_estimable",FALSE,FALSE,TRUE,TRUE,FALSE,FALSE,FALSE,"integration",2,"joint_bb","M2","species_equal","73c100d60b2b1e9faaba40f689200a9429c0c7ba5c598a49d9b95cb347b2a769","INTEGRATION_TEST_ONLY"
"synthetic_12","SYN_12_9","SYNEXP_12_9","SYNTHETIC_UNEQUAL_V32","interval",,,,0.491477182316538,0.0514862700903725,0.936253446847541,0.884767176757169,,TRUE,"one_inflated_beta_report",-0.999754011641626,108,"unlabelled_projection","unseen_category;unseen_raw_residue;unseen_combination;fixed_effect_not_estimable",FALSE,FALSE,TRUE,TRUE,FALSE,FALSE,FALSE,"integration",2,"joint_bb","M2","species_equal","73c100d60b2b1e9faaba40f689200a9429c0c7ba5c598a49d9b95cb347b2a769","INTEGRATION_TEST_ONLY"
"synthetic_12","SYN_12_10","SYNEXP_12_10","SYNTHETIC_UNEQUAL_V32","interval",,,,0.491477182316538,0.043438742127089,0.964218933190665,0.920780191063576,,TRUE,"one_inflated_beta_report",-0.999754011641626,109,"unlabelled_projection","unseen_category;unseen_raw_residue;unseen_combination;fixed_effect_not_estimable",FALSE,FALSE,TRUE,TRUE,FALSE,FALSE,FALSE,"integration",2,"joint_bb","M2","species_equal","73c100d60b2b1e9faaba40f689200a9429c0c7ba5c598a49d9b95cb347b2a769","INTEGRATION_TEST_ONLY"
"synthetic_12","SYN_12_11","SYNEXP_12_11","SYNTHETIC_UNEQUAL_V32","interval",,,,0.491477182316538,0.0464276438307174,0.954982028310484,0.908554384479767,,TRUE,"one_inflated_beta_report",-0.999754011641626,110,"unlabelled_projection","unseen_category;unseen_raw_residue;unseen_combination;fixed_effect_not_estimable",FALSE,FALSE,TRUE,TRUE,FALSE,FALSE,FALSE,"integration",2,"joint_bb","M2","species_equal","73c100d60b2b1e9faaba40f689200a9429c0c7ba5c598a49d9b95cb347b2a769","INTEGRATION_TEST_ONLY"
"synthetic_12","SYN_12_12","SYNEXP_12_12","SYNTHETIC_UNEQUAL_V32","interval",,,,0.491477182316538,0.0409179418893531,1,0.959082058110647,,TRUE,"one_inflated_beta_report",-0.999754011641626,111,"unlabelled_projection","unseen_category;unseen_raw_residue;unseen_combination;fixed_effect_not_estimable",FALSE,FALSE,TRUE,TRUE,FALSE,FALSE,FALSE,"integration",2,"joint_bb","M2","species_equal","73c100d60b2b1e9faaba40f689200a9429c0c7ba5c598a49d9b95cb347b2a769","INTEGRATION_TEST_ONLY"
"synthetic_12","SYN_12_13","SYNEXP_12_13","SYNTHETIC_UNEQUAL_V32","interval",,,,0.491477182316538,0.0318444968440056,1,0.968155503155994,,TRUE,"one_inflated_beta_report",-0.999754011641626,112,"unlabelled_projection","unseen_category;unseen_raw_residue;unseen_combination;fixed_effect_not_estimable",FALSE,FALSE,TRUE,TRUE,FALSE,FALSE,FALSE,"integration",2,"joint_bb","M2","species_equal","73c100d60b2b1e9faaba40f689200a9429c0c7ba5c598a49d9b95cb347b2a769","INTEGRATION_TEST_ONLY"
"synthetic_12","SYN_12_14","SYNEXP_12_14","SYNTHETIC_UNEQUAL_V32","interval",,,,0.491477182316538,0.0672213681574218,1,0.932778631842578,,TRUE,"one_inflated_beta_report",-0.999754011641626,113,"unlabelled_projection","unseen_category;unseen_raw_residue;unseen_combination;fixed_effect_not_estimable",FALSE,FALSE,TRUE,TRUE,FALSE,FALSE,FALSE,"integration",2,"joint_bb","M2","species_equal","73c100d60b2b1e9faaba40f689200a9429c0c7ba5c598a49d9b95cb347b2a769","INTEGRATION_TEST_ONLY"
"synthetic_12","SYN_12_15","SYNEXP_12_15","SYNTHETIC_UNEQUAL_V32","interval",,,,0.491477182316538,0.0429939016147106,1,0.957006098385289,,TRUE,"one_inflated_beta_report",-0.999754011641626,114,"unlabelled_projection","unseen_category;unseen_raw_residue;unseen_combination;fixed_effect_not_estimable",FALSE,FALSE,TRUE,TRUE,FALSE,FALSE,FALSE,"integration",2,"joint_bb","M2","species_equal","73c100d60b2b1e9faaba40f689200a9429c0c7ba5c598a49d9b95cb347b2a769","INTEGRATION_TEST_ONLY"
"synthetic_01","SYN_1_1","SYNEXP_1_1","SYNTHETIC_UNEQUAL_V32","count",1,0.625,,0.499386032691316,0,1,1,TRUE,,"beta_binomial_at_observed_Total",-2.16892377526633,1,"unlabelled_projection","unseen_category;unseen_raw_residue;unseen_combination;fixed_effect_not_estimable",FALSE,FALSE,TRUE,TRUE,FALSE,FALSE,FALSE,"integration",1,"joint_bb","M3","record_equal","0a5d2044348d89cce2965e11d828c287b17319c1a6303d22412a80558fa602ed","INTEGRATION_TEST_ONLY"
"synthetic_01","SYN_1_2","SYNEXP_1_2","SYNTHETIC_UNEQUAL_V32","exact",0,0.35,,0.499386032691316,0.0376898033960156,1,0.962310196603984,TRUE,,"one_inflated_beta_report",0.112945080675679,2,"unlabelled_projection","unseen_category;unseen_raw_residue;unseen_combination;fixed_effect_not_estimable",FALSE,FALSE,TRUE,TRUE,FALSE,FALSE,FALSE,"integration",1,"joint_bb","M3","record_equal","0a5d2044348d89cce2965e11d828c287b17319c1a6303d22412a80558fa602ed","INTEGRATION_TEST_ONLY"
"synthetic_01","SYN_1_3","SYNEXP_1_3","SYNTHETIC_UNEQUAL_V32","interval",,,,0.499386032691316,0.035481812312938,1,0.964518187687062,,TRUE,"one_inflated_beta_report",-1.10620902771979,3,"unlabelled_projection","unseen_category;unseen_raw_residue;unseen_combination;fixed_effect_not_estimable",FALSE,FALSE,TRUE,TRUE,FALSE,FALSE,FALSE,"integration",1,"joint_bb","M3","record_equal","0a5d2044348d89cce2965e11d828c287b17319c1a6303d22412a80558fa602ed","INTEGRATION_TEST_ONLY"
"synthetic_01","SYN_1_4","SYNEXP_1_4","SYNTHETIC_UNEQUAL_V32","count",0,0.181818181818182,,0.499386032691316,0,1,1,TRUE,,"beta_binomial_at_observed_Total",-2.47922675452001,4,"unlabelled_projection","unseen_category;unseen_raw_residue;unseen_combination;fixed_effect_not_estimable",FALSE,FALSE,TRUE,TRUE,FALSE,FALSE,FALSE,"integration",1,"joint_bb","M3","record_equal","0a5d2044348d89cce2965e11d828c287b17319c1a6303d22412a80558fa602ed","INTEGRATION_TEST_ONLY"
"synthetic_02","SYN_2_1","SYNEXP_2_1","SYNTHETIC_UNEQUAL_V32","count",0,0.333333333333333,,0.499386032691316,0,1,1,TRUE,,"beta_binomial_at_observed_Total",-2.24891022243099,5,"unlabelled_projection","unseen_category;unseen_raw_residue;unseen_combination;fixed_effect_not_estimable",FALSE,FALSE,TRUE,TRUE,FALSE,FALSE,FALSE,"integration",1,"joint_bb","M3","record_equal","0a5d2044348d89cce2965e11d828c287b17319c1a6303d22412a80558fa602ed","INTEGRATION_TEST_ONLY"
"synthetic_02","SYN_2_2","SYNEXP_2_2","SYNTHETIC_UNEQUAL_V32","exact",1,0.85,,0.499386032691316,0.0273307404170992,1,0.972669259582901,TRUE,,"one_inflated_beta_report",-0.205582426167008,6,"unlabelled_projection","unseen_category;unseen_raw_residue;unseen_combination;fixed_effect_not_estimable",FALSE,FALSE,TRUE,TRUE,FALSE,FALSE,FALSE,"integration",1,"joint_bb","M3","record_equal","0a5d2044348d89cce2965e11d828c287b17319c1a6303d22412a80558fa602ed","INTEGRATION_TEST_ONLY"
"synthetic_02","SYN_2_3","SYNEXP_2_3","SYNTHETIC_UNEQUAL_V32","interval",,,,0.499386032691316,0.019490796814566,0.996317361511084,0.976826564696518,,TRUE,"one_inflated_beta_report",-1.10620902771979,7,"unlabelled_projection","unseen_category;unseen_raw_residue;unseen_combination;fixed_effect_not_estimable",FALSE,FALSE,TRUE,TRUE,FALSE,FALSE,FALSE,"integration",1,"joint_bb","M3","record_equal","0a5d2044348d89cce2965e11d828c287b17319c1a6303d22412a80558fa602ed","INTEGRATION_TEST_ONLY"
"synthetic_02","SYN_2_4","SYNEXP_2_4","SYNTHETIC_UNEQUAL_V32","count",1,0.666666666666667,,0.499386032691316,0,1,1,TRUE,,"beta_binomial_at_observed_Total",-2.54760033906391,8,"unlabelled_projection","unseen_category;unseen_raw_residue;unseen_combination;fixed_effect_not_estimable",FALSE,FALSE,TRUE,TRUE,FALSE,FALSE,FALSE,"integration",1,"joint_bb","M3","record_equal","0a5d2044348d89cce2965e11d828c287b17319c1a6303d22412a80558fa602ed","INTEGRATION_TEST_ONLY"
"synthetic_02","SYN_2_5","SYNEXP_2_5","SYNTHETIC_UNEQUAL_V32","exact",0,0.35,,0.499386032691316,0.024891251532406,1,0.975108748467594,TRUE,,"one_inflated_beta_report",0.112945080675679,9,"unlabelled_projection","unseen_category;unseen_raw_residue;unseen_combination;fixed_effect_not_estimable",FALSE,FALSE,TRUE,TRUE,FALSE,FALSE,FALSE,"integration",1,"joint_bb","M3","record_equal","0a5d2044348d89cce2965e11d828c287b17319c1a6303d22412a80558fa602ed","INTEGRATION_TEST_ONLY"
"synthetic_03","SYN_3_1","SYNEXP_3_1","SYNTHETIC_UNEQUAL_V32","count",1,0.8,,0.499386032691316,0,1,1,TRUE,,"beta_binomial_at_observed_Total",-2.4335639616938,10,"unlabelled_projection","unseen_category;unseen_raw_residue;unseen_combination;fixed_effect_not_estimable",FALSE,FALSE,TRUE,TRUE,FALSE,FALSE,FALSE,"integration",1,"joint_bb","M3","record_equal","0a5d2044348d89cce2965e11d828c287b17319c1a6303d22412a80558fa602ed","INTEGRATION_TEST_ONLY"
"synthetic_03","SYN_3_2","SYNEXP_3_2","SYNTHETIC_UNEQUAL_V32","exact",0,0.15,,0.499386032691316,0.0370762395017087,1,0.962923760498291,TRUE,,"one_inflated_beta_report",-0.0290097944985337,11,"unlabelled_projection","unseen_category;unseen_raw_residue;unseen_combination;fixed_effect_not_estimable",FALSE,FALSE,TRUE,TRUE,FALSE,FALSE,FALSE,"integration",1,"joint_bb","M3","record_equal","0a5d2044348d89cce2965e11d828c287b17319c1a6303d22412a80558fa602ed","INTEGRATION_TEST_ONLY"
"synthetic_03","SYN_3_3","SYNEXP_3_3","SYNTHETIC_UNEQUAL_V32","interval",,,,0.499386032691316,0.0225827283052299,1,0.97741727169477,,TRUE,"one_inflated_beta_report",-1.10620902771979,12,"unlabelled_projection","unseen_category;unseen_raw_residue;unseen_combination;fixed_effect_not_estimable",FALSE,FALSE,TRUE,TRUE,FALSE,FALSE,FALSE,"integration",1,"joint_bb","M3","record_equal","0a5d2044348d89cce2965e11d828c287b17319c1a6303d22412a80558fa602ed","INTEGRATION_TEST_ONLY"
"synthetic_03","SYN_3_4","SYNEXP_3_4","SYNTHETIC_UNEQUAL_V32","count",0,0.333333333333333,,0.499386032691316,0,1,1,TRUE,,"beta_binomial_at_observed_Total",-1.9000546375735,13,"unlabelled_projection","unseen_category;unseen_raw_residue;unseen_combination;fixed_effect_not_estimable",FALSE,FALSE,TRUE,TRUE,FALSE,FALSE,FALSE,"integration",1,"joint_bb","M3","record_equal","0a5d2044348d89cce2965e11d828c287b17319c1a6303d22412a80558fa602ed","INTEGRATION_TEST_ONLY"
"synthetic_03","SYN_3_5","SYNEXP_3_5","SYNTHETIC_UNEQUAL_V32","exact",1,0.85,,0.499386032691316,0.028110195229699,0.999914407302373,0.971804212072674,TRUE,,"one_inflated_beta_report",-0.205582426167008,14,"unlabelled_projection","unseen_category;unseen_raw_residue;unseen_combination;fixed_effect_not_estimable",FALSE,FALSE,TRUE,TRUE,FALSE,FALSE,FALSE,"integration",1,"joint_bb","M3","record_equal","0a5d2044348d89cce2965e11d828c287b17319c1a6303d22412a80558fa602ed","INTEGRATION_TEST_ONLY"
"synthetic_03","SYN_3_6","SYNEXP_3_6","SYNTHETIC_UNEQUAL_V32","interval",,,,0.499386032691316,0.0300064577001667,1,0.969993542299833,,TRUE,"one_inflated_beta_report",-1.10620902771979,15,"unlabelled_projection","unseen_category;unseen_raw_residue;unseen_combination;fixed_effect_not_estimable",FALSE,FALSE,TRUE,TRUE,FALSE,FALSE,FALSE,"integration",1,"joint_bb","M3","record_equal","0a5d2044348d89cce2965e11d828c287b17319c1a6303d22412a80558fa602ed","INTEGRATION_TEST_ONLY"
"synthetic_04","SYN_4_1","SYNEXP_4_1","SYNTHETIC_UNEQUAL_V32","count",0,0.181818181818182,,0.499386032691316,0,1,1,TRUE,,"beta_binomial_at_observed_Total",-2.47922675452001,16,"unlabelled_projection","unseen_category;unseen_raw_residue;unseen_combination;fixed_effect_not_estimable",FALSE,FALSE,TRUE,TRUE,FALSE,FALSE,FALSE,"integration",1,"joint_bb","M3","record_equal","0a5d2044348d89cce2965e11d828c287b17319c1a6303d22412a80558fa602ed","INTEGRATION_TEST_ONLY"
"synthetic_04","SYN_4_2","SYNEXP_4_2","SYNTHETIC_UNEQUAL_V32","exact",1,0.65,,0.499386032691316,0.0317924052419036,1,0.968207594758096,TRUE,,"one_inflated_beta_report",0.036013056697235,17,"unlabelled_projection","unseen_category;unseen_raw_residue;unseen_combination;fixed_effect_not_estimable",FALSE,FALSE,TRUE,TRUE,FALSE,FALSE,FALSE,"integration",1,"joint_bb","M3","record_equal","0a5d2044348d89cce2965e11d828c287b17319c1a6303d22412a80558fa602ed","INTEGRATION_TEST_ONLY"
"synthetic_04","SYN_4_3","SYNEXP_4_3","SYNTHETIC_UNEQUAL_V32","interval",,,,0.499386032691316,0.0546228198387168,1,0.945377180161283,,TRUE,"one_inflated_beta_report",-1.10620902771979,18,"unlabelled_projection","unseen_category;unseen_raw_residue;unseen_combination;fixed_effect_not_estimable",FALSE,FALSE,TRUE,TRUE,FALSE,FALSE,FALSE,"integration",1,"joint_bb","M3","record_equal","0a5d2044348d89cce2965e11d828c287b17319c1a6303d22412a80558fa602ed","INTEGRATION_TEST_ONLY"
"synthetic_04","SYN_4_4","SYNEXP_4_4","SYNTHETIC_UNEQUAL_V32","count",1,0.857142857142857,,0.499386032691316,0,1,1,TRUE,,"beta_binomial_at_observed_Total",-2.12830126488786,19,"unlabelled_projection","unseen_category;unseen_raw_residue;unseen_combination;fixed_effect_not_estimable",FALSE,FALSE,TRUE,TRUE,FALSE,FALSE,FALSE,"integration",1,"joint_bb","M3","record_equal","0a5d2044348d89cce2965e11d828c287b17319c1a6303d22412a80558fa602ed","INTEGRATION_TEST_ONLY"
"synthetic_04","SYN_4_5","SYNEXP_4_5","SYNTHETIC_UNEQUAL_V32","exact",0,0.15,,0.499386032691316,0.0357023500864278,1,0.964297649913572,TRUE,,"one_inflated_beta_report",-0.0290097944985337,20,"unlabelled_projection","unseen_category;unseen_raw_residue;unseen_combination;fixed_effect_not_estimable",FALSE,FALSE,TRUE,TRUE,FALSE,FALSE,FALSE,"integration",1,"joint_bb","M3","record_equal","0a5d2044348d89cce2965e11d828c287b17319c1a6303d22412a80558fa602ed","INTEGRATION_TEST_ONLY"
"synthetic_04","SYN_4_6","SYNEXP_4_6","SYNTHETIC_UNEQUAL_V32","interval",,,,0.499386032691316,0.056920051660484,0.997196271569853,0.940276219909369,,TRUE,"one_inflated_beta_report",-1.10620902771979,21,"unlabelled_projection","unseen_category;unseen_raw_residue;unseen_combination;fixed_effect_not_estimable",FALSE,FALSE,TRUE,TRUE,FALSE,FALSE,FALSE,"integration",1,"joint_bb","M3","record_equal","0a5d2044348d89cce2965e11d828c287b17319c1a6303d22412a80558fa602ed","INTEGRATION_TEST_ONLY"
"synthetic_04","SYN_4_7","SYNEXP_4_7","SYNTHETIC_UNEQUAL_V32","count",0,0.4,,0.499386032691316,0,1,1,TRUE,,"beta_binomial_at_observed_Total",-2.33703108778778,22,"unlabelled_projection","unseen_category;unseen_raw_residue;unseen_combination;fixed_effect_not_estimable",FALSE,FALSE,TRUE,TRUE,FALSE,FALSE,FALSE,"integration",1,"joint_bb","M3","record_equal","0a5d2044348d89cce2965e11d828c287b17319c1a6303d22412a80558fa602ed","INTEGRATION_TEST_ONLY"
"synthetic_05","SYN_5_1","SYNEXP_5_1","SYNTHETIC_UNEQUAL_V32","count",1,0.666666666666667,,0.496421786361455,0,1,1,TRUE,,"beta_binomial_at_observed_Total",-2.42319156149414,23,"unlabelled_projection","unseen_category;unseen_raw_residue;unseen_combination;fixed_effect_not_estimable",FALSE,FALSE,TRUE,TRUE,FALSE,FALSE,FALSE,"integration",1,"joint_bb","M3","record_equal","0a5d2044348d89cce2965e11d828c287b17319c1a6303d22412a80558fa602ed","INTEGRATION_TEST_ONLY"
"synthetic_05","SYN_5_2","SYNEXP_5_2","SYNTHETIC_UNEQUAL_V32","exact",0,0.35,,0.496421786361455,0.0645092547931529,1,0.935490745206847,TRUE,,"one_inflated_beta_report",0.293704639082785,24,"unlabelled_projection","unseen_category;unseen_raw_residue;unseen_combination;fixed_effect_not_estimable",FALSE,FALSE,TRUE,TRUE,FALSE,FALSE,FALSE,"integration",1,"joint_bb","M3","record_equal","0a5d2044348d89cce2965e11d828c287b17319c1a6303d22412a80558fa602ed","INTEGRATION_TEST_ONLY"
"synthetic_05","SYN_5_3","SYNEXP_5_3","SYNTHETIC_UNEQUAL_V32","interval",,,,0.496421786361455,0.0765216302895972,1,0.923478369710403,,TRUE,"one_inflated_beta_report",-0.910904117945203,25,"unlabelled_projection","unseen_category;unseen_raw_residue;unseen_combination;fixed_effect_not_estimable",FALSE,FALSE,TRUE,TRUE,FALSE,FALSE,FALSE,"integration",1,"joint_bb","M3","record_equal","0a5d2044348d89cce2965e11d828c287b17319c1a6303d22412a80558fa602ed","INTEGRATION_TEST_ONLY"
"synthetic_05","SYN_5_4","SYNEXP_5_4","SYNTHETIC_UNEQUAL_V32","count",0,0.125,,0.496421786361455,0,1,1,TRUE,,"beta_binomial_at_observed_Total",-2.2662024960826,26,"unlabelled_projection","unseen_category;unseen_raw_residue;unseen_combination;fixed_effect_not_estimable",FALSE,FALSE,TRUE,TRUE,FALSE,FALSE,FALSE,"integration",1,"joint_bb","M3","record_equal","0a5d2044348d89cce2965e11d828c287b17319c1a6303d22412a80558fa602ed","INTEGRATION_TEST_ONLY"
"synthetic_05","SYN_5_5","SYNEXP_5_5","SYNTHETIC_UNEQUAL_V32","exact",1,0.65,,0.496421786361455,0.0756016538861048,1,0.924398346113895,TRUE,,"one_inflated_beta_report",0.166061320300048,27,"unlabelled_projection","unseen_category;unseen_raw_residue;unseen_combination;fixed_effect_not_estimable",FALSE,FALSE,TRUE,TRUE,FALSE,FALSE,FALSE,"integration",1,"joint_bb","M3","record_equal","0a5d2044348d89cce2965e11d828c287b17319c1a6303d22412a80558fa602ed","INTEGRATION_TEST_ONLY"
"synthetic_05","SYN_5_6","SYNEXP_5_6","SYNTHETIC_UNEQUAL_V32","interval",,,,0.496421786361455,0.0490644538506467,1,0.950935546149353,,TRUE,"one_inflated_beta_report",-0.910904117945203,28,"unlabelled_projection","unseen_category;unseen_raw_residue;unseen_combination;fixed_effect_not_estimable",FALSE,FALSE,TRUE,TRUE,FALSE,FALSE,FALSE,"integration",1,"joint_bb","M3","record_equal","0a5d2044348d89cce2965e11d828c287b17319c1a6303d22412a80558fa602ed","INTEGRATION_TEST_ONLY"
"synthetic_05","SYN_5_7","SYNEXP_5_7","SYNTHETIC_UNEQUAL_V32","count",1,0.818181818181818,,0.496421786361455,0,1,1,TRUE,,"beta_binomial_at_observed_Total",-2.51953323364929,29,"unlabelled_projection","unseen_category;unseen_raw_residue;unseen_combination;fixed_effect_not_estimable",FALSE,FALSE,TRUE,TRUE,FALSE,FALSE,FALSE,"integration",1,"joint_bb","M3","record_equal","0a5d2044348d89cce2965e11d828c287b17319c1a6303d22412a80558fa602ed","INTEGRATION_TEST_ONLY"
"synthetic_05","SYN_5_8","SYNEXP_5_8","SYNTHETIC_UNEQUAL_V32","exact",0,0.15,,0.496421786361455,0.0604288085894029,0.977202681885977,0.916773873296574,TRUE,,"one_inflated_beta_report",-0.143703857187388,30,"unlabelled_projection","unseen_category;unseen_raw_residue;unseen_combination;fixed_effect_not_estimable",FALSE,FALSE,TRUE,TRUE,FALSE,FALSE,FALSE,"integration",1,"joint_bb","M3","record_equal","0a5d2044348d89cce2965e11d828c287b17319c1a6303d22412a80558fa602ed","INTEGRATION_TEST_ONLY"
"synthetic_06","SYN_6_1","SYNEXP_6_1","SYNTHETIC_UNEQUAL_V32","count",0,0.333333333333333,,0.496421786361455,0,1,1,TRUE,,"beta_binomial_at_observed_Total",-1.78959874355427,31,"unlabelled_projection","unseen_category;unseen_raw_residue;unseen_combination;fixed_effect_not_estimable",FALSE,FALSE,TRUE,TRUE,FALSE,FALSE,FALSE,"integration",1,"joint_bb","M3","record_equal","0a5d2044348d89cce2965e11d828c287b17319c1a6303d22412a80558fa602ed","INTEGRATION_TEST_ONLY"
"synthetic_06","SYN_6_2","SYNEXP_6_2","SYNTHETIC_UNEQUAL_V32","exact",1,0.85,,0.496421786361455,0.0921515575225835,1,0.907848442477416,TRUE,,"one_inflated_beta_report",-0.401780297717661,32,"unlabelled_projection","unseen_category;unseen_raw_residue;unseen_combination;fixed_effect_not_estimable",FALSE,FALSE,TRUE,TRUE,FALSE,FALSE,FALSE,"integration",1,"joint_bb","M3","record_equal","0a5d2044348d89cce2965e11d828c287b17319c1a6303d22412a80558fa602ed","INTEGRATION_TEST_ONLY"
"synthetic_06","SYN_6_3","SYNEXP_6_3","SYNTHETIC_UNEQUAL_V32","interval",,,,0.496421786361455,0.0739222403102031,1,0.926077759689797,,TRUE,"one_inflated_beta_report",-0.910904117945203,33,"unlabelled_projection","unseen_category;unseen_raw_residue;unseen_combination;fixed_effect_not_estimable",FALSE,FALSE,TRUE,TRUE,FALSE,FALSE,FALSE,"integration",1,"joint_bb","M3","record_equal","0a5d2044348d89cce2965e11d828c287b17319c1a6303d22412a80558fa602ed","INTEGRATION_TEST_ONLY"
"synthetic_06","SYN_6_4","SYNEXP_6_4","SYNTHETIC_UNEQUAL_V32","count",1,0.666666666666667,,0.496421786361455,0,1,1,TRUE,,"beta_binomial_at_observed_Total",-2.16487622693144,34,"unlabelled_projection","unseen_category;unseen_raw_residue;unseen_combination;fixed_effect_not_estimable",FALSE,FALSE,TRUE,TRUE,FALSE,FALSE,FALSE,"integration",1,"joint_bb","M3","record_equal","0a5d2044348d89cce2965e11d828c287b17319c1a6303d22412a80558fa602ed","INTEGRATION_TEST_ONLY"
"synthetic_06","SYN_6_5","SYNEXP_6_5","SYNTHETIC_UNEQUAL_V32","exact",0,0.35,,0.496421786361455,0.0673376203338423,1,0.932662379666158,TRUE,,"one_inflated_beta_report",0.293704639082785,35,"unlabelled_projection","unseen_category;unseen_raw_residue;unseen_combination;fixed_effect_not_estimable",FALSE,FALSE,TRUE,TRUE,FALSE,FALSE,FALSE,"integration",1,"joint_bb","M3","record_equal","0a5d2044348d89cce2965e11d828c287b17319c1a6303d22412a80558fa602ed","INTEGRATION_TEST_ONLY"
"synthetic_06","SYN_6_6","SYNEXP_6_6","SYNTHETIC_UNEQUAL_V32","interval",,,,0.496421786361455,0.0546788877206774,1,0.945321112279323,,TRUE,"one_inflated_beta_report",-0.910904117945203,36,"unlabelled_projection","unseen_category;unseen_raw_residue;unseen_combination;fixed_effect_not_estimable",FALSE,FALSE,TRUE,TRUE,FALSE,FALSE,FALSE,"integration",1,"joint_bb","M3","record_equal","0a5d2044348d89cce2965e11d828c287b17319c1a6303d22412a80558fa602ed","INTEGRATION_TEST_ONLY"
"synthetic_06","SYN_6_7","SYNEXP_6_7","SYNTHETIC_UNEQUAL_V32","count",0,0.166666666666667,,0.496421786361455,0,1,1,TRUE,,"beta_binomial_at_observed_Total",-2.58594215771747,37,"unlabelled_projection","unseen_category;unseen_raw_residue;unseen_combination;fixed_effect_not_estimable",FALSE,FALSE,TRUE,TRUE,FALSE,FALSE,FALSE,"integration",1,"joint_bb","M3","record_equal","0a5d2044348d89cce2965e11d828c287b17319c1a6303d22412a80558fa602ed","INTEGRATION_TEST_ONLY"
"synthetic_06","SYN_6_8","SYNEXP_6_8","SYNTHETIC_UNEQUAL_V32","exact",1,0.65,,0.496421786361455,0.0692496424267434,1,0.930750357573257,TRUE,,"one_inflated_beta_report",0.166061320300048,38,"unlabelled_projection","unseen_category;unseen_raw_residue;unseen_combination;fixed_effect_not_estimable",FALSE,FALSE,TRUE,TRUE,FALSE,FALSE,FALSE,"integration",1,"joint_bb","M3","record_equal","0a5d2044348d89cce2965e11d828c287b17319c1a6303d22412a80558fa602ed","INTEGRATION_TEST_ONLY"
"synthetic_06","SYN_6_9","SYNEXP_6_9","SYNTHETIC_UNEQUAL_V32","interval",,,,0.496421786361455,0.0837011976264616,1,0.916298802373538,,TRUE,"one_inflated_beta_report",-0.910904117945203,39,"unlabelled_projection","unseen_category;unseen_raw_residue;unseen_combination;fixed_effect_not_estimable",FALSE,FALSE,TRUE,TRUE,FALSE,FALSE,FALSE,"integration",1,"joint_bb","M3","record_equal","0a5d2044348d89cce2965e11d828c287b17319c1a6303d22412a80558fa602ed","INTEGRATION_TEST_ONLY"
"synthetic_07","SYN_7_1","SYNEXP_7_1","SYNTHETIC_UNEQUAL_V32","count",1,0.857142857142857,,0.513704720023299,0,1,1,TRUE,,"beta_binomial_at_observed_Total",-2.06850796537806,40,"unlabelled_projection","unseen_category;unseen_raw_residue;unseen_combination;fixed_effect_not_estimable",FALSE,FALSE,TRUE,TRUE,FALSE,FALSE,FALSE,"integration",2,"joint_bb","M3","record_equal","a64bfd1121c8035979775aedf53303dea49055988ddf90740d11c6229531b31b","INTEGRATION_TEST_ONLY"
"synthetic_07","SYN_7_2","SYNEXP_7_2","SYNTHETIC_UNEQUAL_V32","exact",0,0.15,,0.513704720023299,0.0443660796138838,1,0.955633920386116,TRUE,,"one_inflated_beta_report",-0.134605529706195,41,"unlabelled_projection","unseen_category;unseen_raw_residue;unseen_combination;fixed_effect_not_estimable",FALSE,FALSE,TRUE,TRUE,FALSE,FALSE,FALSE,"integration",2,"joint_bb","M3","record_equal","a64bfd1121c8035979775aedf53303dea49055988ddf90740d11c6229531b31b","INTEGRATION_TEST_ONLY"
"synthetic_07","SYN_7_3","SYNEXP_7_3","SYNTHETIC_UNEQUAL_V32","interval",,,,0.513704720023299,0.0374223000823763,1,0.962577699917624,,TRUE,"one_inflated_beta_report",-1.03945900742711,42,"unlabelled_projection","unseen_category;unseen_raw_residue;unseen_combination;fixed_effect_not_estimable",FALSE,FALSE,TRUE,TRUE,FALSE,FALSE,FALSE,"integration",2,"joint_bb","M3","record_equal","a64bfd1121c8035979775aedf53303dea49055988ddf90740d11c6229531b31b","INTEGRATION_TEST_ONLY"
"synthetic_07","SYN_7_4","SYNEXP_7_4","SYNTHETIC_UNEQUAL_V32","count",0,0.4,,0.513704720023299,0,1,1,TRUE,,"beta_binomial_at_observed_Total",-2.2247626910144,43,"unlabelled_projection","unseen_category;unseen_raw_residue;unseen_combination;fixed_effect_not_estimable",FALSE,FALSE,TRUE,TRUE,FALSE,FALSE,FALSE,"integration",2,"joint_bb","M3","record_equal","a64bfd1121c8035979775aedf53303dea49055988ddf90740d11c6229531b31b","INTEGRATION_TEST_ONLY"
"synthetic_07","SYN_7_5","SYNEXP_7_5","SYNTHETIC_UNEQUAL_V32","exact",1,0.85,,0.513704720023299,0.0398791391003503,0.996171001635164,0.956291862534813,TRUE,,"one_inflated_beta_report",-0.184045962262784,44,"unlabelled_projection","unseen_category;unseen_raw_residue;unseen_combination;fixed_effect_not_estimable",FALSE,FALSE,TRUE,TRUE,FALSE,FALSE,FALSE,"integration",2,"joint_bb","M3","record_equal","a64bfd1121c8035979775aedf53303dea49055988ddf90740d11c6229531b31b","INTEGRATION_TEST_ONLY"
"synthetic_07","SYN_7_6","SYNEXP_7_6","SYNTHETIC_UNEQUAL_V32","interval",,,,0.513704720023299,0.0594772462263199,1,0.94052275377368,,TRUE,"one_inflated_beta_report",-1.03945900742711,45,"unlabelled_projection","unseen_category;unseen_raw_residue;unseen_combination;fixed_effect_not_estimable",FALSE,FALSE,TRUE,TRUE,FALSE,FALSE,FALSE,"integration",2,"joint_bb","M3","record_equal","a64bfd1121c8035979775aedf53303dea49055988ddf90740d11c6229531b31b","INTEGRATION_TEST_ONLY"
"synthetic_07","SYN_7_7","SYNEXP_7_7","SYNTHETIC_UNEQUAL_V32","count",1,0.666666666666667,,0.513704720023299,0,1,1,TRUE,,"beta_binomial_at_observed_Total",-1.77331279109278,46,"unlabelled_projection","unseen_category;unseen_raw_residue;unseen_combination;fixed_effect_not_estimable",FALSE,FALSE,TRUE,TRUE,FALSE,FALSE,FALSE,"integration",2,"joint_bb","M3","record_equal","a64bfd1121c8035979775aedf53303dea49055988ddf90740d11c6229531b31b","INTEGRATION_TEST_ONLY"
"synthetic_07","SYN_7_8","SYNEXP_7_8","SYNTHETIC_UNEQUAL_V32","exact",0,0.35,,0.513704720023299,0.0216107668122195,1,0.97838923318778,TRUE,,"one_inflated_beta_report",0.132513954266078,47,"unlabelled_projection","unseen_category;unseen_raw_residue;unseen_combination;fixed_effect_not_estimable",FALSE,FALSE,TRUE,TRUE,FALSE,FALSE,FALSE,"integration",2,"joint_bb","M3","record_equal","a64bfd1121c8035979775aedf53303dea49055988ddf90740d11c6229531b31b","INTEGRATION_TEST_ONLY"
"synthetic_07","SYN_7_9","SYNEXP_7_9","SYNTHETIC_UNEQUAL_V32","interval",,,,0.513704720023299,0.0463606045231617,1,0.953639395476838,,TRUE,"one_inflated_beta_report",-1.03945900742711,48,"unlabelled_projection","unseen_category;unseen_raw_residue;unseen_combination;fixed_effect_not_estimable",FALSE,FALSE,TRUE,TRUE,FALSE,FALSE,FALSE,"integration",2,"joint_bb","M3","record_equal","a64bfd1121c8035979775aedf53303dea49055988ddf90740d11c6229531b31b","INTEGRATION_TEST_ONLY"
"synthetic_07","SYN_7_10","SYNEXP_7_10","SYNTHETIC_UNEQUAL_V32","count",0,0.111111111111111,,0.513704720023299,0,1,1,TRUE,,"beta_binomial_at_observed_Total",-2.50076962678556,49,"unlabelled_projection","unseen_category;unseen_raw_residue;unseen_combination;fixed_effect_not_estimable",FALSE,FALSE,TRUE,TRUE,FALSE,FALSE,FALSE,"integration",2,"joint_bb","M3","record_equal","a64bfd1121c8035979775aedf53303dea49055988ddf90740d11c6229531b31b","INTEGRATION_TEST_ONLY"
"synthetic_08","SYN_8_1","SYNEXP_8_1","SYNTHETIC_UNEQUAL_V32","count",0,0.125,,0.513704720023299,0,1,1,TRUE,,"beta_binomial_at_observed_Total",-2.35296710554277,50,"unlabelled_projection","unseen_category;unseen_raw_residue;unseen_combination;fixed_effect_not_estimable",FALSE,FALSE,TRUE,TRUE,FALSE,FALSE,FALSE,"integration",2,"joint_bb","M3","record_equal","a64bfd1121c8035979775aedf53303dea49055988ddf90740d11c6229531b31b","INTEGRATION_TEST_ONLY"
"synthetic_08","SYN_8_2","SYNEXP_8_2","SYNTHETIC_UNEQUAL_V32","exact",1,0.65,,0.513704720023299,0.0543270515253454,1,0.945672948474655,TRUE,,"one_inflated_beta_report",0.121668942927395,51,"unlabelled_projection","unseen_category;unseen_raw_residue;unseen_combination;fixed_effect_not_estimable",FALSE,FALSE,TRUE,TRUE,FALSE,FALSE,FALSE,"integration",2,"joint_bb","M3","record_equal","a64bfd1121c8035979775aedf53303dea49055988ddf90740d11c6229531b31b","INTEGRATION_TEST_ONLY"
"synthetic_08","SYN_8_3","SYNEXP_8_3","SYNTHETIC_UNEQUAL_V32","interval",,,,0.513704720023299,0.0588478023932145,1,0.941152197606785,,TRUE,"one_inflated_beta_report",-1.03945900742711,52,"unlabelled_projection","unseen_category;unseen_raw_residue;unseen_combination;fixed_effect_not_estimable",FALSE,FALSE,TRUE,TRUE,FALSE,FALSE,FALSE,"integration",2,"joint_bb","M3","record_equal","a64bfd1121c8035979775aedf53303dea49055988ddf90740d11c6229531b31b","INTEGRATION_TEST_ONLY"
"synthetic_08","SYN_8_4","SYNEXP_8_4","SYNTHETIC_UNEQUAL_V32","count",1,0.818181818181818,,0.513704720023299,0,1,1,TRUE,,"beta_binomial_at_observed_Total",-2.4352657963712,53,"unlabelled_projection","unseen_category;unseen_raw_residue;unseen_combination;fixed_effect_not_estimable",FALSE,FALSE,TRUE,TRUE,FALSE,FALSE,FALSE,"integration",2,"joint_bb","M3","record_equal","a64bfd1121c8035979775aedf53303dea49055988ddf90740d11c6229531b31b","INTEGRATION_TEST_ONLY"
"synthetic_08","SYN_8_5","SYNEXP_8_5","SYNTHETIC_UNEQUAL_V32","exact",0,0.15,,0.513704720023299,0.0446964986154652,1,0.955303501384535,TRUE,,"one_inflated_beta_report",-0.134605529706195,54,"unlabelled_projection","unseen_category;unseen_raw_residue;unseen_combination;fixed_effect_not_estimable",FALSE,FALSE,TRUE,TRUE,FALSE,FALSE,FALSE,"integration",2,"joint_bb","M3","record_equal","a64bfd1121c8035979775aedf53303dea49055988ddf90740d11c6229531b31b","INTEGRATION_TEST_ONLY"
"synthetic_08","SYN_8_6","SYNEXP_8_6","SYNTHETIC_UNEQUAL_V32","interval",,,,0.513704720023299,0.0643492474867452,1,0.935650752513255,,TRUE,"one_inflated_beta_report",-1.03945900742711,55,"unlabelled_projection","unseen_category;unseen_raw_residue;unseen_combination;fixed_effect_not_estimable",FALSE,FALSE,TRUE,TRUE,FALSE,FALSE,FALSE,"integration",2,"joint_bb","M3","record_equal","a64bfd1121c8035979775aedf53303dea49055988ddf90740d11c6229531b31b","INTEGRATION_TEST_ONLY"
"synthetic_08","SYN_8_7","SYNEXP_8_7","SYNTHETIC_UNEQUAL_V32","count",0,0.285714285714286,,0.513704720023299,0,1,1,TRUE,,"beta_binomial_at_observed_Total",-2.00323547468886,56,"unlabelled_projection","unseen_category;unseen_raw_residue;unseen_combination;fixed_effect_not_estimable",FALSE,FALSE,TRUE,TRUE,FALSE,FALSE,FALSE,"integration",2,"joint_bb","M3","record_equal","a64bfd1121c8035979775aedf53303dea49055988ddf90740d11c6229531b31b","INTEGRATION_TEST_ONLY"
"synthetic_08","SYN_8_8","SYNEXP_8_8","SYNTHETIC_UNEQUAL_V32","exact",1,0.85,,0.513704720023299,0.0544449118630395,1,0.945555088136961,TRUE,,"one_inflated_beta_report",-0.184045962262784,57,"unlabelled_projection","unseen_category;unseen_raw_residue;unseen_combination;fixed_effect_not_estimable",FALSE,FALSE,TRUE,TRUE,FALSE,FALSE,FALSE,"integration",2,"joint_bb","M3","record_equal","a64bfd1121c8035979775aedf53303dea49055988ddf90740d11c6229531b31b","INTEGRATION_TEST_ONLY"
"synthetic_08","SYN_8_9","SYNEXP_8_9","SYNTHETIC_UNEQUAL_V32","interval",,,,0.513704720023299,0.0449492539390635,1,0.955050746060936,,TRUE,"one_inflated_beta_report",-1.03945900742711,58,"unlabelled_projection","unseen_category;unseen_raw_residue;unseen_combination;fixed_effect_not_estimable",FALSE,FALSE,TRUE,TRUE,FALSE,FALSE,FALSE,"integration",2,"joint_bb","M3","record_equal","a64bfd1121c8035979775aedf53303dea49055988ddf90740d11c6229531b31b","INTEGRATION_TEST_ONLY"
"synthetic_08","SYN_8_10","SYNEXP_8_10","SYNTHETIC_UNEQUAL_V32","count",1,0.6,,0.513704720023299,0,1,1,TRUE,,"beta_binomial_at_observed_Total",-2.18155258129679,59,"unlabelled_projection","unseen_category;unseen_raw_residue;unseen_combination;fixed_effect_not_estimable",FALSE,FALSE,TRUE,TRUE,FALSE,FALSE,FALSE,"integration",2,"joint_bb","M3","record_equal","a64bfd1121c8035979775aedf53303dea49055988ddf90740d11c6229531b31b","INTEGRATION_TEST_ONLY"
"synthetic_08","SYN_8_11","SYNEXP_8_11","SYNTHETIC_UNEQUAL_V32","exact",0,0.35,,0.513704720023299,0.0674966381126675,1,0.932503361887333,TRUE,,"one_inflated_beta_report",0.132513954266078,60,"unlabelled_projection","unseen_category;unseen_raw_residue;unseen_combination;fixed_effect_not_estimable",FALSE,FALSE,TRUE,TRUE,FALSE,FALSE,FALSE,"integration",2,"joint_bb","M3","record_equal","a64bfd1121c8035979775aedf53303dea49055988ddf90740d11c6229531b31b","INTEGRATION_TEST_ONLY"
"synthetic_09","SYN_9_1","SYNEXP_9_1","SYNTHETIC_UNEQUAL_V32","count",1,0.666666666666667,,0.498259923105435,0,1,1,TRUE,,"beta_binomial_at_observed_Total",-2.27264660148493,61,"unlabelled_projection","missing_predictor;unseen_category;unseen_raw_residue;unseen_combination;fixed_effect_not_estimable",TRUE,TRUE,TRUE,TRUE,FALSE,FALSE,FALSE,"integration",2,"joint_bb","M3","record_equal","a64bfd1121c8035979775aedf53303dea49055988ddf90740d11c6229531b31b","INTEGRATION_TEST_ONLY"
"synthetic_09","SYN_9_2","SYNEXP_9_2","SYNTHETIC_UNEQUAL_V32","exact",0,0.35,,0.498259923105435,0.00521302205955002,1,0.99478697794045,TRUE,,"one_inflated_beta_report",0.0129984130068779,62,"unlabelled_projection","missing_predictor;unseen_category;unseen_raw_residue;unseen_combination;fixed_effect_not_estimable",TRUE,TRUE,TRUE,TRUE,FALSE,FALSE,FALSE,"integration",2,"joint_bb","M3","record_equal","a64bfd1121c8035979775aedf53303dea49055988ddf90740d11c6229531b31b","INTEGRATION_TEST_ONLY"
"synthetic_09","SYN_9_3","SYNEXP_9_3","SYNTHETIC_UNEQUAL_V32","interval",,,,0.498259923105435,0.00899489821712167,1,0.991005101782878,,TRUE,"one_inflated_beta_report",-1.20137692735474,63,"unlabelled_projection","missing_predictor;unseen_category;unseen_raw_residue;unseen_combination;fixed_effect_not_estimable",TRUE,TRUE,TRUE,TRUE,FALSE,FALSE,FALSE,"integration",2,"joint_bb","M3","record_equal","a64bfd1121c8035979775aedf53303dea49055988ddf90740d11c6229531b31b","INTEGRATION_TEST_ONLY"
"synthetic_09","SYN_9_4","SYNEXP_9_4","SYNTHETIC_UNEQUAL_V32","count",0,0.166666666666667,,0.498259923105435,0,1,1,TRUE,,"beta_binomial_at_observed_Total",-2.61127046412598,64,"unlabelled_projection","missing_predictor;unseen_category;unseen_raw_residue;unseen_combination;fixed_effect_not_estimable",TRUE,TRUE,TRUE,TRUE,FALSE,FALSE,FALSE,"integration",2,"joint_bb","M3","record_equal","a64bfd1121c8035979775aedf53303dea49055988ddf90740d11c6229531b31b","INTEGRATION_TEST_ONLY"
"synthetic_09","SYN_9_5","SYNEXP_9_5","SYNTHETIC_UNEQUAL_V32","exact",1,0.65,,0.498259923105435,0.0110166101558658,0.998928866593491,0.987912256437626,TRUE,,"one_inflated_beta_report",-0.0456323511244099,65,"unlabelled_projection","missing_predictor;unseen_category;unseen_raw_residue;unseen_combination;fixed_effect_not_estimable",TRUE,TRUE,TRUE,TRUE,FALSE,FALSE,FALSE,"integration",2,"joint_bb","M3","record_equal","a64bfd1121c8035979775aedf53303dea49055988ddf90740d11c6229531b31b","INTEGRATION_TEST_ONLY"
"synthetic_09","SYN_9_6","SYNEXP_9_6","SYNTHETIC_UNEQUAL_V32","interval",,,,0.498259923105435,0.0118199232787936,0.996085321426466,0.984265398147673,,TRUE,"one_inflated_beta_report",-1.20137692735474,66,"unlabelled_projection","missing_predictor;unseen_category;unseen_raw_residue;unseen_combination;fixed_effect_not_estimable",TRUE,TRUE,TRUE,TRUE,FALSE,FALSE,FALSE,"integration",2,"joint_bb","M3","record_equal","a64bfd1121c8035979775aedf53303dea49055988ddf90740d11c6229531b31b","INTEGRATION_TEST_ONLY"
"synthetic_09","SYN_9_7","SYNEXP_9_7","SYNTHETIC_UNEQUAL_V32","count",1,0.875,,0.498259923105435,0,1,1,TRUE,,"beta_binomial_at_observed_Total",-2.26050481000364,67,"unlabelled_projection","missing_predictor;unseen_category;unseen_raw_residue;unseen_combination;fixed_effect_not_estimable",TRUE,TRUE,TRUE,TRUE,FALSE,FALSE,FALSE,"integration",2,"joint_bb","M3","record_equal","a64bfd1121c8035979775aedf53303dea49055988ddf90740d11c6229531b31b","INTEGRATION_TEST_ONLY"
"synthetic_09","SYN_9_8","SYNEXP_9_8","SYNTHETIC_UNEQUAL_V32","exact",0,0.15,,0.498259923105435,0.00992747920072082,1,0.990072520799279,TRUE,,"one_inflated_beta_report",-0.056303740183808,68,"unlabelled_projection","missing_predictor;unseen_category;unseen_raw_residue;unseen_combination;fixed_effect_not_estimable",TRUE,TRUE,TRUE,TRUE,FALSE,FALSE,FALSE,"integration",2,"joint_bb","M3","record_equal","a64bfd1121c8035979775aedf53303dea49055988ddf90740d11c6229531b31b","INTEGRATION_TEST_ONLY"
"synthetic_09","SYN_9_9","SYNEXP_9_9","SYNTHETIC_UNEQUAL_V32","interval",,,,0.498259923105435,0.00796569544007928,0.999988671749773,0.992022976309693,,TRUE,"one_inflated_beta_report",-1.20137692735474,69,"unlabelled_projection","missing_predictor;unseen_category;unseen_raw_residue;unseen_combination;fixed_effect_not_estimable",TRUE,TRUE,TRUE,TRUE,FALSE,FALSE,FALSE,"integration",2,"joint_bb","M3","record_equal","a64bfd1121c8035979775aedf53303dea49055988ddf90740d11c6229531b31b","INTEGRATION_TEST_ONLY"
"synthetic_09","SYN_9_10","SYNEXP_9_10","SYNTHETIC_UNEQUAL_V32","count",0,0.363636363636364,,0.498259923105435,0,1,1,TRUE,,"beta_binomial_at_observed_Total",-2.43675250038035,70,"unlabelled_projection","missing_predictor;unseen_category;unseen_raw_residue;unseen_combination;fixed_effect_not_estimable",TRUE,TRUE,TRUE,TRUE,FALSE,FALSE,FALSE,"integration",2,"joint_bb","M3","record_equal","a64bfd1121c8035979775aedf53303dea49055988ddf90740d11c6229531b31b","INTEGRATION_TEST_ONLY"
"synthetic_09","SYN_9_11","SYNEXP_9_11","SYNTHETIC_UNEQUAL_V32","exact",1,0.85,,0.498259923105435,0.00555206437719814,1,0.994447935622802,TRUE,,"one_inflated_beta_report",-0.217868113114823,71,"unlabelled_projection","missing_predictor;unseen_category;unseen_raw_residue;unseen_combination;fixed_effect_not_estimable",TRUE,TRUE,TRUE,TRUE,FALSE,FALSE,FALSE,"integration",2,"joint_bb","M3","record_equal","a64bfd1121c8035979775aedf53303dea49055988ddf90740d11c6229531b31b","INTEGRATION_TEST_ONLY"
"synthetic_09","SYN_9_12","SYNEXP_9_12","SYNTHETIC_UNEQUAL_V32","interval",,,,0.498259923105435,0.0171213019523052,0.998849512584051,0.981728210631745,,TRUE,"one_inflated_beta_report",-1.20137692735474,72,"unlabelled_projection","missing_predictor;unseen_category;unseen_raw_residue;unseen_combination;fixed_effect_not_estimable",TRUE,TRUE,TRUE,TRUE,FALSE,FALSE,FALSE,"integration",2,"joint_bb","M3","record_equal","a64bfd1121c8035979775aedf53303dea49055988ddf90740d11c6229531b31b","INTEGRATION_TEST_ONLY"
"synthetic_10","SYN_10_1","SYNEXP_10_1","SYNTHETIC_UNEQUAL_V32","count",0,0.4,,0.499862312237024,0,1,1,TRUE,,"beta_binomial_at_observed_Total",-2.34557185213324,73,"unlabelled_projection","unseen_category;unseen_raw_residue;unseen_combination;fixed_effect_not_estimable",FALSE,FALSE,TRUE,TRUE,FALSE,FALSE,FALSE,"integration",2,"joint_bb","M3","record_equal","a64bfd1121c8035979775aedf53303dea49055988ddf90740d11c6229531b31b","INTEGRATION_TEST_ONLY"
"synthetic_10","SYN_10_2","SYNEXP_10_2","SYNTHETIC_UNEQUAL_V32","exact",1,0.85,,0.499862312237024,0.00915577032723461,1,0.990844229672765,TRUE,,"one_inflated_beta_report",-0.199504101803641,74,"unlabelled_projection","unseen_category;unseen_raw_residue;unseen_combination;fixed_effect_not_estimable",FALSE,FALSE,TRUE,TRUE,FALSE,FALSE,FALSE,"integration",2,"joint_bb","M3","record_equal","a64bfd1121c8035979775aedf53303dea49055988ddf90740d11c6229531b31b","INTEGRATION_TEST_ONLY"
"synthetic_10","SYN_10_3","SYNEXP_10_3","SYNTHETIC_UNEQUAL_V32","interval",,,,0.499862312237024,0.00948062691600329,0.99984668290471,0.990366055988707,,TRUE,"one_inflated_beta_report",-1.19615786096403,75,"unlabelled_projection","unseen_category;unseen_raw_residue;unseen_combination;fixed_effect_not_estimable",FALSE,FALSE,TRUE,TRUE,FALSE,FALSE,FALSE,"integration",2,"joint_bb","M3","record_equal","a64bfd1121c8035979775aedf53303dea49055988ddf90740d11c6229531b31b","INTEGRATION_TEST_ONLY"
"synthetic_10","SYN_10_4","SYNEXP_10_4","SYNTHETIC_UNEQUAL_V32","count",1,0.666666666666667,,0.499862312237024,0,1,1,TRUE,,"beta_binomial_at_observed_Total",-1.90197535573394,76,"unlabelled_projection","unseen_category;unseen_raw_residue;unseen_combination;fixed_effect_not_estimable",FALSE,FALSE,TRUE,TRUE,FALSE,FALSE,FALSE,"integration",2,"joint_bb","M3","record_equal","a64bfd1121c8035979775aedf53303dea49055988ddf90740d11c6229531b31b","INTEGRATION_TEST_ONLY"
"synthetic_10","SYN_10_5","SYNEXP_10_5","SYNTHETIC_UNEQUAL_V32","exact",0,0.35,,0.499862312237024,0.0108512348393643,1,0.989148765160636,TRUE,,"one_inflated_beta_report",0.00812911891795576,77,"unlabelled_projection","unseen_category;unseen_raw_residue;unseen_combination;fixed_effect_not_estimable",FALSE,FALSE,TRUE,TRUE,FALSE,FALSE,FALSE,"integration",2,"joint_bb","M3","record_equal","a64bfd1121c8035979775aedf53303dea49055988ddf90740d11c6229531b31b","INTEGRATION_TEST_ONLY"
"synthetic_10","SYN_10_6","SYNEXP_10_6","SYNTHETIC_UNEQUAL_V32","interval",,,,0.499862312237024,0.0123720081687633,0.99999392835406,0.987621920185297,,TRUE,"one_inflated_beta_report",-1.19615786096403,78,"unlabelled_projection","unseen_category;unseen_raw_residue;unseen_combination;fixed_effect_not_estimable",FALSE,FALSE,TRUE,TRUE,FALSE,FALSE,FALSE,"integration",2,"joint_bb","M3","record_equal","a64bfd1121c8035979775aedf53303dea49055988ddf90740d11c6229531b31b","INTEGRATION_TEST_ONLY"
"synthetic_10","SYN_10_7","SYNEXP_10_7","SYNTHETIC_UNEQUAL_V32","count",0,0.111111111111111,,0.499862312237024,0,1,1,TRUE,,"beta_binomial_at_observed_Total",-2.38454447184402,79,"unlabelled_projection","unseen_category;unseen_raw_residue;unseen_combination;fixed_effect_not_estimable",FALSE,FALSE,TRUE,TRUE,FALSE,FALSE,FALSE,"integration",2,"joint_bb","M3","record_equal","a64bfd1121c8035979775aedf53303dea49055988ddf90740d11c6229531b31b","INTEGRATION_TEST_ONLY"
"synthetic_10","SYN_10_8","SYNEXP_10_8","SYNTHETIC_UNEQUAL_V32","exact",1,0.65,,0.499862312237024,0.00809417388001416,0.996300894371286,0.988206720491271,TRUE,,"one_inflated_beta_report",-0.0300810176358691,80,"unlabelled_projection","unseen_category;unseen_raw_residue;unseen_combination;fixed_effect_not_estimable",FALSE,FALSE,TRUE,TRUE,FALSE,FALSE,FALSE,"integration",2,"joint_bb","M3","record_equal","a64bfd1121c8035979775aedf53303dea49055988ddf90740d11c6229531b31b","INTEGRATION_TEST_ONLY"
"synthetic_10","SYN_10_9","SYNEXP_10_9","SYNTHETIC_UNEQUAL_V32","interval",,,,0.499862312237024,0.0316885166723858,1,0.968311483327614,,TRUE,"one_inflated_beta_report",-1.19615786096403,81,"unlabelled_projection","unseen_category;unseen_raw_residue;unseen_combination;fixed_effect_not_estimable",FALSE,FALSE,TRUE,TRUE,FALSE,FALSE,FALSE,"integration",2,"joint_bb","M3","record_equal","a64bfd1121c8035979775aedf53303dea49055988ddf90740d11c6229531b31b","INTEGRATION_TEST_ONLY"
"synthetic_10","SYN_10_10","SYNEXP_10_10","SYNTHETIC_UNEQUAL_V32","count",1,0.833333333333333,,0.499862312237024,0,1,1,TRUE,,"beta_binomial_at_observed_Total",-2.60697603235125,82,"unlabelled_projection","unseen_category;unseen_raw_residue;unseen_combination;fixed_effect_not_estimable",FALSE,FALSE,TRUE,TRUE,FALSE,FALSE,FALSE,"integration",2,"joint_bb","M3","record_equal","a64bfd1121c8035979775aedf53303dea49055988ddf90740d11c6229531b31b","INTEGRATION_TEST_ONLY"
"synthetic_10","SYN_10_11","SYNEXP_10_11","SYNTHETIC_UNEQUAL_V32","exact",0,0.15,,0.499862312237024,0.0110081350238332,1,0.988991864976167,TRUE,,"one_inflated_beta_report",-0.0676233593643119,83,"unlabelled_projection","unseen_category;unseen_raw_residue;unseen_combination;fixed_effect_not_estimable",FALSE,FALSE,TRUE,TRUE,FALSE,FALSE,FALSE,"integration",2,"joint_bb","M3","record_equal","a64bfd1121c8035979775aedf53303dea49055988ddf90740d11c6229531b31b","INTEGRATION_TEST_ONLY"
"synthetic_10","SYN_10_12","SYNEXP_10_12","SYNTHETIC_UNEQUAL_V32","interval",,,,0.499862312237024,0.00245389667329182,0.990613173595909,0.988159276922617,,TRUE,"one_inflated_beta_report",-1.19615786096403,84,"unlabelled_projection","unseen_category;unseen_raw_residue;unseen_combination;fixed_effect_not_estimable",FALSE,FALSE,TRUE,TRUE,FALSE,FALSE,FALSE,"integration",2,"joint_bb","M3","record_equal","a64bfd1121c8035979775aedf53303dea49055988ddf90740d11c6229531b31b","INTEGRATION_TEST_ONLY"
"synthetic_10","SYN_10_13","SYNEXP_10_13","SYNTHETIC_UNEQUAL_V32","count",0,0.375,,0.499862312237024,0,1,1,TRUE,,"beta_binomial_at_observed_Total",-2.15502793642976,85,"unlabelled_projection","unseen_category;unseen_raw_residue;unseen_combination;fixed_effect_not_estimable",FALSE,FALSE,TRUE,TRUE,FALSE,FALSE,FALSE,"integration",2,"joint_bb","M3","record_equal","a64bfd1121c8035979775aedf53303dea49055988ddf90740d11c6229531b31b","INTEGRATION_TEST_ONLY"
"synthetic_11","SYN_11_1","SYNEXP_11_1","SYNTHETIC_UNEQUAL_V32","count",1,0.818181818181818,,0.500240580208562,0,1,1,TRUE,,"beta_binomial_at_observed_Total",-2.49588704652404,86,"unlabelled_projection","missing_predictor;unseen_category;unseen_raw_residue;unseen_combination;fixed_effect_not_estimable",TRUE,TRUE,TRUE,TRUE,FALSE,FALSE,FALSE,"integration",2,"joint_bb","M3","record_equal","a64bfd1121c8035979775aedf53303dea49055988ddf90740d11c6229531b31b","INTEGRATION_TEST_ONLY"
"synthetic_11","SYN_11_2","SYNEXP_11_2","SYNTHETIC_UNEQUAL_V32","exact",0,0.15,,0.500240580208562,0.00096504528345638,1,0.999034954716544,TRUE,,"one_inflated_beta_report",-0.0797123478762787,87,"unlabelled_projection","missing_predictor;unseen_category;unseen_raw_residue;unseen_combination;fixed_effect_not_estimable",TRUE,TRUE,TRUE,TRUE,FALSE,FALSE,FALSE,"integration",2,"joint_bb","M3","record_equal","a64bfd1121c8035979775aedf53303dea49055988ddf90740d11c6229531b31b","INTEGRATION_TEST_ONLY"
"synthetic_11","SYN_11_3","SYNEXP_11_3","SYNTHETIC_UNEQUAL_V32","interval",,,,0.500240580208562,0.004885657826309,1,0.995114342173691,,TRUE,"one_inflated_beta_report",-1.27530657946117,88,"unlabelled_projection","missing_predictor;unseen_category;unseen_raw_residue;unseen_combination;fixed_effect_not_estimable",TRUE,TRUE,TRUE,TRUE,FALSE,FALSE,FALSE,"integration",2,"joint_bb","M3","record_equal","a64bfd1121c8035979775aedf53303dea49055988ddf90740d11c6229531b31b","INTEGRATION_TEST_ONLY"
"synthetic_11","SYN_11_4","SYNEXP_11_4","SYNTHETIC_UNEQUAL_V32","count",0,0.285714285714286,,0.500240580208562,0,1,1,TRUE,,"beta_binomial_at_observed_Total",-2.12314154599155,89,"unlabelled_projection","missing_predictor;unseen_category;unseen_raw_residue;unseen_combination;fixed_effect_not_estimable",TRUE,TRUE,TRUE,TRUE,FALSE,FALSE,FALSE,"integration",2,"joint_bb","M3","record_equal","a64bfd1121c8035979775aedf53303dea49055988ddf90740d11c6229531b31b","INTEGRATION_TEST_ONLY"
"synthetic_11","SYN_11_5","SYNEXP_11_5","SYNTHETIC_UNEQUAL_V32","exact",1,0.85,,0.500240580208562,0.00110831987792754,1,0.998891680122072,TRUE,,"one_inflated_beta_report",-0.143497919186309,90,"unlabelled_projection","missing_predictor;unseen_category;unseen_raw_residue;unseen_combination;fixed_effect_not_estimable",TRUE,TRUE,TRUE,TRUE,FALSE,FALSE,FALSE,"integration",2,"joint_bb","M3","record_equal","a64bfd1121c8035979775aedf53303dea49055988ddf90740d11c6229531b31b","INTEGRATION_TEST_ONLY"
"synthetic_11","SYN_11_6","SYNEXP_11_6","SYNTHETIC_UNEQUAL_V32","interval",,,,0.500240580208562,0.00350002977084212,1,0.996499970229158,,TRUE,"one_inflated_beta_report",-1.27530657946117,91,"unlabelled_projection","missing_predictor;unseen_category;unseen_raw_residue;unseen_combination;fixed_effect_not_estimable",TRUE,TRUE,TRUE,TRUE,FALSE,FALSE,FALSE,"integration",2,"joint_bb","M3","record_equal","a64bfd1121c8035979775aedf53303dea49055988ddf90740d11c6229531b31b","INTEGRATION_TEST_ONLY"
"synthetic_11","SYN_11_7","SYNEXP_11_7","SYNTHETIC_UNEQUAL_V32","count",1,0.6,,0.500240580208562,0,1,1,TRUE,,"beta_binomial_at_observed_Total",-2.39421464324998,92,"unlabelled_projection","missing_predictor;unseen_category;unseen_raw_residue;unseen_combination;fixed_effect_not_estimable",TRUE,TRUE,TRUE,TRUE,FALSE,FALSE,FALSE,"integration",2,"joint_bb","M3","record_equal","a64bfd1121c8035979775aedf53303dea49055988ddf90740d11c6229531b31b","INTEGRATION_TEST_ONLY"
"synthetic_11","SYN_11_8","SYNEXP_11_8","SYNTHETIC_UNEQUAL_V32","exact",0,0.35,,0.500240580208562,0.00504019796772073,1,0.994959802032279,TRUE,,"one_inflated_beta_report",-0.0752439140600528,93,"unlabelled_projection","missing_predictor;unseen_category;unseen_raw_residue;unseen_combination;fixed_effect_not_estimable",TRUE,TRUE,TRUE,TRUE,FALSE,FALSE,FALSE,"integration",2,"joint_bb","M3","record_equal","a64bfd1121c8035979775aedf53303dea49055988ddf90740d11c6229531b31b","INTEGRATION_TEST_ONLY"
"synthetic_11","SYN_11_9","SYNEXP_11_9","SYNTHETIC_UNEQUAL_V32","interval",,,,0.500240580208562,0.00365134944625217,1,0.996348650553748,,TRUE,"one_inflated_beta_report",-1.27530657946117,94,"unlabelled_projection","missing_predictor;unseen_category;unseen_raw_residue;unseen_combination;fixed_effect_not_estimable",TRUE,TRUE,TRUE,TRUE,FALSE,FALSE,FALSE,"integration",2,"joint_bb","M3","record_equal","a64bfd1121c8035979775aedf53303dea49055988ddf90740d11c6229531b31b","INTEGRATION_TEST_ONLY"
"synthetic_11","SYN_11_10","SYNEXP_11_10","SYNTHETIC_UNEQUAL_V32","count",0,0.166666666666667,,0.500240580208562,0,1,1,TRUE,,"beta_binomial_at_observed_Total",-2.00624195668652,95,"unlabelled_projection","missing_predictor;unseen_category;unseen_raw_residue;unseen_combination;fixed_effect_not_estimable",TRUE,TRUE,TRUE,TRUE,FALSE,FALSE,FALSE,"integration",2,"joint_bb","M3","record_equal","a64bfd1121c8035979775aedf53303dea49055988ddf90740d11c6229531b31b","INTEGRATION_TEST_ONLY"
"synthetic_11","SYN_11_11","SYNEXP_11_11","SYNTHETIC_UNEQUAL_V32","exact",1,0.65,,0.500240580208562,0.00523938493574276,0.999784295154013,0.99454491021827,TRUE,,"one_inflated_beta_report",-0.0781950389387274,96,"unlabelled_projection","missing_predictor;unseen_category;unseen_raw_residue;unseen_combination;fixed_effect_not_estimable",TRUE,TRUE,TRUE,TRUE,FALSE,FALSE,FALSE,"integration",2,"joint_bb","M3","record_equal","a64bfd1121c8035979775aedf53303dea49055988ddf90740d11c6229531b31b","INTEGRATION_TEST_ONLY"
"synthetic_11","SYN_11_12","SYNEXP_11_12","SYNTHETIC_UNEQUAL_V32","interval",,,,0.500240580208562,0.00472497087058567,1,0.995275029129414,,TRUE,"one_inflated_beta_report",-1.27530657946117,97,"unlabelled_projection","missing_predictor;unseen_category;unseen_raw_residue;unseen_combination;fixed_effect_not_estimable",TRUE,TRUE,TRUE,TRUE,FALSE,FALSE,FALSE,"integration",2,"joint_bb","M3","record_equal","a64bfd1121c8035979775aedf53303dea49055988ddf90740d11c6229531b31b","INTEGRATION_TEST_ONLY"
"synthetic_11","SYN_11_13","SYNEXP_11_13","SYNTHETIC_UNEQUAL_V32","count",1,0.888888888888889,,0.500240580208562,0,1,1,TRUE,,"beta_binomial_at_observed_Total",-2.32772660158748,98,"unlabelled_projection","missing_predictor;unseen_category;unseen_raw_residue;unseen_combination;fixed_effect_not_estimable",TRUE,TRUE,TRUE,TRUE,FALSE,FALSE,FALSE,"integration",2,"joint_bb","M3","record_equal","a64bfd1121c8035979775aedf53303dea49055988ddf90740d11c6229531b31b","INTEGRATION_TEST_ONLY"
"synthetic_11","SYN_11_14","SYNEXP_11_14","SYNTHETIC_UNEQUAL_V32","exact",1,1,,0.500240580208562,0.00883243602952268,0.999935048028109,0.991102611998586,FALSE,,"one_inflated_beta_report",-3.45649875870576,99,"unlabelled_projection","missing_predictor;unseen_category;unseen_raw_residue;unseen_combination;fixed_effect_not_estimable",TRUE,TRUE,TRUE,TRUE,FALSE,FALSE,FALSE,"integration",2,"joint_bb","M3","record_equal","a64bfd1121c8035979775aedf53303dea49055988ddf90740d11c6229531b31b","INTEGRATION_TEST_ONLY"
"synthetic_12","SYN_12_1","SYNEXP_12_1","SYNTHETIC_UNEQUAL_V32","interval",,,,0.505098244376114,0.0124917905438081,1,0.987508209456192,,TRUE,"one_inflated_beta_report",-1.23849278401081,100,"unlabelled_projection","unseen_category;unseen_raw_residue;unseen_combination;fixed_effect_not_estimable",FALSE,FALSE,TRUE,TRUE,FALSE,FALSE,FALSE,"integration",2,"joint_bb","M3","record_equal","a64bfd1121c8035979775aedf53303dea49055988ddf90740d11c6229531b31b","INTEGRATION_TEST_ONLY"
"synthetic_12","SYN_12_2","SYNEXP_12_2","SYNTHETIC_UNEQUAL_V32","interval",,,,0.505098244376114,0.00402248481792349,1,0.995977515182077,,TRUE,"one_inflated_beta_report",-1.23849278401081,101,"unlabelled_projection","unseen_category;unseen_raw_residue;unseen_combination;fixed_effect_not_estimable",FALSE,FALSE,TRUE,TRUE,FALSE,FALSE,FALSE,"integration",2,"joint_bb","M3","record_equal","a64bfd1121c8035979775aedf53303dea49055988ddf90740d11c6229531b31b","INTEGRATION_TEST_ONLY"
"synthetic_12","SYN_12_3","SYNEXP_12_3","SYNTHETIC_UNEQUAL_V32","interval",,,,0.505098244376114,0.0109786011709623,1,0.989021398829038,,TRUE,"one_inflated_beta_report",-1.23849278401081,102,"unlabelled_projection","unseen_category;unseen_raw_residue;unseen_combination;fixed_effect_not_estimable",FALSE,FALSE,TRUE,TRUE,FALSE,FALSE,FALSE,"integration",2,"joint_bb","M3","record_equal","a64bfd1121c8035979775aedf53303dea49055988ddf90740d11c6229531b31b","INTEGRATION_TEST_ONLY"
"synthetic_12","SYN_12_4","SYNEXP_12_4","SYNTHETIC_UNEQUAL_V32","interval",,,,0.505098244376114,0.0145208912776906,1,0.985479108722309,,TRUE,"one_inflated_beta_report",-1.23849278401081,103,"unlabelled_projection","unseen_category;unseen_raw_residue;unseen_combination;fixed_effect_not_estimable",FALSE,FALSE,TRUE,TRUE,FALSE,FALSE,FALSE,"integration",2,"joint_bb","M3","record_equal","a64bfd1121c8035979775aedf53303dea49055988ddf90740d11c6229531b31b","INTEGRATION_TEST_ONLY"
"synthetic_12","SYN_12_5","SYNEXP_12_5","SYNTHETIC_UNEQUAL_V32","interval",,,,0.505098244376114,0.0108437422079932,0.994993116109142,0.984149373901149,,TRUE,"one_inflated_beta_report",-1.23849278401081,104,"unlabelled_projection","unseen_category;unseen_raw_residue;unseen_combination;fixed_effect_not_estimable",FALSE,FALSE,TRUE,TRUE,FALSE,FALSE,FALSE,"integration",2,"joint_bb","M3","record_equal","a64bfd1121c8035979775aedf53303dea49055988ddf90740d11c6229531b31b","INTEGRATION_TEST_ONLY"
"synthetic_12","SYN_12_6","SYNEXP_12_6","SYNTHETIC_UNEQUAL_V32","interval",,,,0.505098244376114,0.0082688169788845,1,0.991731183021116,,TRUE,"one_inflated_beta_report",-1.23849278401081,105,"unlabelled_projection","unseen_category;unseen_raw_residue;unseen_combination;fixed_effect_not_estimable",FALSE,FALSE,TRUE,TRUE,FALSE,FALSE,FALSE,"integration",2,"joint_bb","M3","record_equal","a64bfd1121c8035979775aedf53303dea49055988ddf90740d11c6229531b31b","INTEGRATION_TEST_ONLY"
"synthetic_12","SYN_12_7","SYNEXP_12_7","SYNTHETIC_UNEQUAL_V32","interval",,,,0.505098244376114,0.0109353965922657,0.998154009796343,0.987218613204078,,TRUE,"one_inflated_beta_report",-1.23849278401081,106,"unlabelled_projection","unseen_category;unseen_raw_residue;unseen_combination;fixed_effect_not_estimable",FALSE,FALSE,TRUE,TRUE,FALSE,FALSE,FALSE,"integration",2,"joint_bb","M3","record_equal","a64bfd1121c8035979775aedf53303dea49055988ddf90740d11c6229531b31b","INTEGRATION_TEST_ONLY"
"synthetic_12","SYN_12_8","SYNEXP_12_8","SYNTHETIC_UNEQUAL_V32","interval",,,,0.505098244376114,0.00761487237026984,0.996168688298814,0.988553815928544,,TRUE,"one_inflated_beta_report",-1.23849278401081,107,"unlabelled_projection","unseen_category;unseen_raw_residue;unseen_combination;fixed_effect_not_estimable",FALSE,FALSE,TRUE,TRUE,FALSE,FALSE,FALSE,"integration",2,"joint_bb","M3","record_equal","a64bfd1121c8035979775aedf53303dea49055988ddf90740d11c6229531b31b","INTEGRATION_TEST_ONLY"
"synthetic_12","SYN_12_9","SYNEXP_12_9","SYNTHETIC_UNEQUAL_V32","interval",,,,0.505098244376114,0.00665230859345588,1,0.993347691406544,,TRUE,"one_inflated_beta_report",-1.23849278401081,108,"unlabelled_projection","unseen_category;unseen_raw_residue;unseen_combination;fixed_effect_not_estimable",FALSE,FALSE,TRUE,TRUE,FALSE,FALSE,FALSE,"integration",2,"joint_bb","M3","record_equal","a64bfd1121c8035979775aedf53303dea49055988ddf90740d11c6229531b31b","INTEGRATION_TEST_ONLY"
"synthetic_12","SYN_12_10","SYNEXP_12_10","SYNTHETIC_UNEQUAL_V32","interval",,,,0.505098244376114,0.0074388981800613,1,0.992561101819939,,TRUE,"one_inflated_beta_report",-1.23849278401081,109,"unlabelled_projection","unseen_category;unseen_raw_residue;unseen_combination;fixed_effect_not_estimable",FALSE,FALSE,TRUE,TRUE,FALSE,FALSE,FALSE,"integration",2,"joint_bb","M3","record_equal","a64bfd1121c8035979775aedf53303dea49055988ddf90740d11c6229531b31b","INTEGRATION_TEST_ONLY"
"synthetic_12","SYN_12_11","SYNEXP_12_11","SYNTHETIC_UNEQUAL_V32","interval",,,,0.505098244376114,0.0112856943077825,1,0.988714305692218,,TRUE,"one_inflated_beta_report",-1.23849278401081,110,"unlabelled_projection","unseen_category;unseen_raw_residue;unseen_combination;fixed_effect_not_estimable",FALSE,FALSE,TRUE,TRUE,FALSE,FALSE,FALSE,"integration",2,"joint_bb","M3","record_equal","a64bfd1121c8035979775aedf53303dea49055988ddf90740d11c6229531b31b","INTEGRATION_TEST_ONLY"
"synthetic_12","SYN_12_12","SYNEXP_12_12","SYNTHETIC_UNEQUAL_V32","interval",,,,0.505098244376114,0.00688118710487527,1,0.993118812895125,,TRUE,"one_inflated_beta_report",-1.23849278401081,111,"unlabelled_projection","unseen_category;unseen_raw_residue;unseen_combination;fixed_effect_not_estimable",FALSE,FALSE,TRUE,TRUE,FALSE,FALSE,FALSE,"integration",2,"joint_bb","M3","record_equal","a64bfd1121c8035979775aedf53303dea49055988ddf90740d11c6229531b31b","INTEGRATION_TEST_ONLY"
"synthetic_12","SYN_12_13","SYNEXP_12_13","SYNTHETIC_UNEQUAL_V32","interval",,,,0.505098244376114,0.00558361438315483,0.996732860133083,0.991149245749929,,TRUE,"one_inflated_beta_report",-1.23849278401081,112,"unlabelled_projection","unseen_category;unseen_raw_residue;unseen_combination;fixed_effect_not_estimable",FALSE,FALSE,TRUE,TRUE,FALSE,FALSE,FALSE,"integration",2,"joint_bb","M3","record_equal","a64bfd1121c8035979775aedf53303dea49055988ddf90740d11c6229531b31b","INTEGRATION_TEST_ONLY"
"synthetic_12","SYN_12_14","SYNEXP_12_14","SYNTHETIC_UNEQUAL_V32","interval",,,,0.505098244376114,0.00535228669816697,1,0.994647713301833,,TRUE,"one_inflated_beta_report",-1.23849278401081,113,"unlabelled_projection","unseen_category;unseen_raw_residue;unseen_combination;fixed_effect_not_estimable",FALSE,FALSE,TRUE,TRUE,FALSE,FALSE,FALSE,"integration",2,"joint_bb","M3","record_equal","a64bfd1121c8035979775aedf53303dea49055988ddf90740d11c6229531b31b","INTEGRATION_TEST_ONLY"
"synthetic_12","SYN_12_15","SYNEXP_12_15","SYNTHETIC_UNEQUAL_V32","interval",,,,0.505098244376114,0.00380676221354259,1,0.996193237786457,,TRUE,"one_inflated_beta_report",-1.23849278401081,114,"unlabelled_projection","unseen_category;unseen_raw_residue;unseen_combination;fixed_effect_not_estimable",FALSE,FALSE,TRUE,TRUE,FALSE,FALSE,FALSE,"integration",2,"joint_bb","M3","record_equal","a64bfd1121c8035979775aedf53303dea49055988ddf90740d11c6229531b31b","INTEGRATION_TEST_ONLY"
"synthetic_01","SYN_1_1","SYNEXP_1_1","SYNTHETIC_UNEQUAL_V32","count",1,0.625,,0.501325588551131,0,1,1,TRUE,,"beta_binomial_at_observed_Total",-2.12730529217798,1,"unlabelled_projection","unseen_category;unseen_raw_residue;unseen_combination;fixed_effect_not_estimable",FALSE,FALSE,TRUE,TRUE,FALSE,FALSE,FALSE,"integration",1,"joint_bb","M3","species_equal","b1905fa3c4351f9b30dc1be5419a66db2d74fe1300ed428d2d089e01814faed9","INTEGRATION_TEST_ONLY"
"synthetic_01","SYN_1_2","SYNEXP_1_2","SYNTHETIC_UNEQUAL_V32","exact",0,0.35,,0.501325588551131,0.0556063456211481,1,0.944393654378852,TRUE,,"one_inflated_beta_report",0.119914501833939,2,"unlabelled_projection","unseen_category;unseen_raw_residue;unseen_combination;fixed_effect_not_estimable",FALSE,FALSE,TRUE,TRUE,FALSE,FALSE,FALSE,"integration",1,"joint_bb","M3","species_equal","b1905fa3c4351f9b30dc1be5419a66db2d74fe1300ed428d2d089e01814faed9","INTEGRATION_TEST_ONLY"
"synthetic_01","SYN_1_3","SYNEXP_1_3","SYNTHETIC_UNEQUAL_V32","interval",,,,0.501325588551131,0.0459733173961097,1,0.95402668260389,,TRUE,"one_inflated_beta_report",-1.07580755713402,3,"unlabelled_projection","unseen_category;unseen_raw_residue;unseen_combination;fixed_effect_not_estimable",FALSE,FALSE,TRUE,TRUE,FALSE,FALSE,FALSE,"integration",1,"joint_bb","M3","species_equal","b1905fa3c4351f9b30dc1be5419a66db2d74fe1300ed428d2d089e01814faed9","INTEGRATION_TEST_ONLY"
"synthetic_01","SYN_1_4","SYNEXP_1_4","SYNTHETIC_UNEQUAL_V32","count",0,0.181818181818182,,0.501325588551131,0,1,1,TRUE,,"beta_binomial_at_observed_Total",-2.50650662572363,4,"unlabelled_projection","unseen_category;unseen_raw_residue;unseen_combination;fixed_effect_not_estimable",FALSE,FALSE,TRUE,TRUE,FALSE,FALSE,FALSE,"integration",1,"joint_bb","M3","species_equal","b1905fa3c4351f9b30dc1be5419a66db2d74fe1300ed428d2d089e01814faed9","INTEGRATION_TEST_ONLY"
"synthetic_02","SYN_2_1","SYNEXP_2_1","SYNTHETIC_UNEQUAL_V32","count",0,0.333333333333333,,0.501325588551131,0,1,1,TRUE,,"beta_binomial_at_observed_Total",-2.24465952568948,5,"unlabelled_projection","unseen_category;unseen_raw_residue;unseen_combination;fixed_effect_not_estimable",FALSE,FALSE,TRUE,TRUE,FALSE,FALSE,FALSE,"integration",1,"joint_bb","M3","species_equal","b1905fa3c4351f9b30dc1be5419a66db2d74fe1300ed428d2d089e01814faed9","INTEGRATION_TEST_ONLY"
"synthetic_02","SYN_2_2","SYNEXP_2_2","SYNTHETIC_UNEQUAL_V32","exact",1,0.85,,0.501325588551131,0.0269021734989148,1,0.973097826501085,TRUE,,"one_inflated_beta_report",-0.179169078779658,6,"unlabelled_projection","unseen_category;unseen_raw_residue;unseen_combination;fixed_effect_not_estimable",FALSE,FALSE,TRUE,TRUE,FALSE,FALSE,FALSE,"integration",1,"joint_bb","M3","species_equal","b1905fa3c4351f9b30dc1be5419a66db2d74fe1300ed428d2d089e01814faed9","INTEGRATION_TEST_ONLY"
"synthetic_02","SYN_2_3","SYNEXP_2_3","SYNTHETIC_UNEQUAL_V32","interval",,,,0.501325588551131,0.0460419176230532,1,0.953958082376947,,TRUE,"one_inflated_beta_report",-1.07580755713402,7,"unlabelled_projection","unseen_category;unseen_raw_residue;unseen_combination;fixed_effect_not_estimable",FALSE,FALSE,TRUE,TRUE,FALSE,FALSE,FALSE,"integration",1,"joint_bb","M3","species_equal","b1905fa3c4351f9b30dc1be5419a66db2d74fe1300ed428d2d089e01814faed9","INTEGRATION_TEST_ONLY"
"synthetic_02","SYN_2_4","SYNEXP_2_4","SYNTHETIC_UNEQUAL_V32","count",1,0.666666666666667,,0.501325588551131,0,1,1,TRUE,,"beta_binomial_at_observed_Total",-2.49974055056381,8,"unlabelled_projection","unseen_category;unseen_raw_residue;unseen_combination;fixed_effect_not_estimable",FALSE,FALSE,TRUE,TRUE,FALSE,FALSE,FALSE,"integration",1,"joint_bb","M3","species_equal","b1905fa3c4351f9b30dc1be5419a66db2d74fe1300ed428d2d089e01814faed9","INTEGRATION_TEST_ONLY"
"synthetic_02","SYN_2_5","SYNEXP_2_5","SYNTHETIC_UNEQUAL_V32","exact",0,0.35,,0.501325588551131,0.0528058323394391,0.999764121329227,0.946958288989788,TRUE,,"one_inflated_beta_report",0.119914501833939,9,"unlabelled_projection","unseen_category;unseen_raw_residue;unseen_combination;fixed_effect_not_estimable",FALSE,FALSE,TRUE,TRUE,FALSE,FALSE,FALSE,"integration",1,"joint_bb","M3","species_equal","b1905fa3c4351f9b30dc1be5419a66db2d74fe1300ed428d2d089e01814faed9","INTEGRATION_TEST_ONLY"
"synthetic_03","SYN_3_1","SYNEXP_3_1","SYNTHETIC_UNEQUAL_V32","count",1,0.8,,0.501325588551131,0,1,1,TRUE,,"beta_binomial_at_observed_Total",-2.39027729603171,10,"unlabelled_projection","unseen_category;unseen_raw_residue;unseen_combination;fixed_effect_not_estimable",FALSE,FALSE,TRUE,TRUE,FALSE,FALSE,FALSE,"integration",1,"joint_bb","M3","species_equal","b1905fa3c4351f9b30dc1be5419a66db2d74fe1300ed428d2d089e01814faed9","INTEGRATION_TEST_ONLY"
"synthetic_03","SYN_3_2","SYNEXP_3_2","SYNTHETIC_UNEQUAL_V32","exact",0,0.15,,0.501325588551131,0.0341092483627532,1,0.965890751637247,TRUE,,"one_inflated_beta_report",-0.0730039986851436,11,"unlabelled_projection","unseen_category;unseen_raw_residue;unseen_combination;fixed_effect_not_estimable",FALSE,FALSE,TRUE,TRUE,FALSE,FALSE,FALSE,"integration",1,"joint_bb","M3","species_equal","b1905fa3c4351f9b30dc1be5419a66db2d74fe1300ed428d2d089e01814faed9","INTEGRATION_TEST_ONLY"
"synthetic_03","SYN_3_3","SYNEXP_3_3","SYNTHETIC_UNEQUAL_V32","interval",,,,0.501325588551131,0.0465564843255956,1,0.953443515674404,,TRUE,"one_inflated_beta_report",-1.07580755713402,12,"unlabelled_projection","unseen_category;unseen_raw_residue;unseen_combination;fixed_effect_not_estimable",FALSE,FALSE,TRUE,TRUE,FALSE,FALSE,FALSE,"integration",1,"joint_bb","M3","species_equal","b1905fa3c4351f9b30dc1be5419a66db2d74fe1300ed428d2d089e01814faed9","INTEGRATION_TEST_ONLY"
"synthetic_03","SYN_3_4","SYNEXP_3_4","SYNTHETIC_UNEQUAL_V32","count",0,0.333333333333333,,0.501325588551131,0,1,1,TRUE,,"beta_binomial_at_observed_Total",-1.89444401479059,13,"unlabelled_projection","unseen_category;unseen_raw_residue;unseen_combination;fixed_effect_not_estimable",FALSE,FALSE,TRUE,TRUE,FALSE,FALSE,FALSE,"integration",1,"joint_bb","M3","species_equal","b1905fa3c4351f9b30dc1be5419a66db2d74fe1300ed428d2d089e01814faed9","INTEGRATION_TEST_ONLY"
"synthetic_03","SYN_3_5","SYNEXP_3_5","SYNTHETIC_UNEQUAL_V32","exact",1,0.85,,0.501325588551131,0.0162722636636054,0.971379383307836,0.955107119644231,TRUE,,"one_inflated_beta_report",-0.179169078779658,14,"unlabelled_projection","unseen_category;unseen_raw_residue;unseen_combination;fixed_effect_not_estimable",FALSE,FALSE,TRUE,TRUE,FALSE,FALSE,FALSE,"integration",1,"joint_bb","M3","species_equal","b1905fa3c4351f9b30dc1be5419a66db2d74fe1300ed428d2d089e01814faed9","INTEGRATION_TEST_ONLY"
"synthetic_03","SYN_3_6","SYNEXP_3_6","SYNTHETIC_UNEQUAL_V32","interval",,,,0.501325588551131,0.036283220271106,1,0.963716779728894,,TRUE,"one_inflated_beta_report",-1.07580755713402,15,"unlabelled_projection","unseen_category;unseen_raw_residue;unseen_combination;fixed_effect_not_estimable",FALSE,FALSE,TRUE,TRUE,FALSE,FALSE,FALSE,"integration",1,"joint_bb","M3","species_equal","b1905fa3c4351f9b30dc1be5419a66db2d74fe1300ed428d2d089e01814faed9","INTEGRATION_TEST_ONLY"
"synthetic_04","SYN_4_1","SYNEXP_4_1","SYNTHETIC_UNEQUAL_V32","count",0,0.181818181818182,,0.501325588551131,0,1,1,TRUE,,"beta_binomial_at_observed_Total",-2.50650662572363,16,"unlabelled_projection","unseen_category;unseen_raw_residue;unseen_combination;fixed_effect_not_estimable",FALSE,FALSE,TRUE,TRUE,FALSE,FALSE,FALSE,"integration",1,"joint_bb","M3","species_equal","b1905fa3c4351f9b30dc1be5419a66db2d74fe1300ed428d2d089e01814faed9","INTEGRATION_TEST_ONLY"
"synthetic_04","SYN_4_2","SYNEXP_4_2","SYNTHETIC_UNEQUAL_V32","exact",1,0.65,,0.501325588551131,0.0261739035216493,1,0.973826096478351,TRUE,,"one_inflated_beta_report",0.0786127915616325,17,"unlabelled_projection","unseen_category;unseen_raw_residue;unseen_combination;fixed_effect_not_estimable",FALSE,FALSE,TRUE,TRUE,FALSE,FALSE,FALSE,"integration",1,"joint_bb","M3","species_equal","b1905fa3c4351f9b30dc1be5419a66db2d74fe1300ed428d2d089e01814faed9","INTEGRATION_TEST_ONLY"
"synthetic_04","SYN_4_3","SYNEXP_4_3","SYNTHETIC_UNEQUAL_V32","interval",,,,0.501325588551131,0.0195194197703604,1,0.98048058022964,,TRUE,"one_inflated_beta_report",-1.07580755713402,18,"unlabelled_projection","unseen_category;unseen_raw_residue;unseen_combination;fixed_effect_not_estimable",FALSE,FALSE,TRUE,TRUE,FALSE,FALSE,FALSE,"integration",1,"joint_bb","M3","species_equal","b1905fa3c4351f9b30dc1be5419a66db2d74fe1300ed428d2d089e01814faed9","INTEGRATION_TEST_ONLY"
"synthetic_04","SYN_4_4","SYNEXP_4_4","SYNTHETIC_UNEQUAL_V32","count",1,0.857142857142857,,0.501325588551131,0,1,1,TRUE,,"beta_binomial_at_observed_Total",-2.10023993871426,19,"unlabelled_projection","unseen_category;unseen_raw_residue;unseen_combination;fixed_effect_not_estimable",FALSE,FALSE,TRUE,TRUE,FALSE,FALSE,FALSE,"integration",1,"joint_bb","M3","species_equal","b1905fa3c4351f9b30dc1be5419a66db2d74fe1300ed428d2d089e01814faed9","INTEGRATION_TEST_ONLY"
"synthetic_04","SYN_4_5","SYNEXP_4_5","SYNTHETIC_UNEQUAL_V32","exact",0,0.15,,0.501325588551131,0.0437271216855847,1,0.956272878314415,TRUE,,"one_inflated_beta_report",-0.0730039986851436,20,"unlabelled_projection","unseen_category;unseen_raw_residue;unseen_combination;fixed_effect_not_estimable",FALSE,FALSE,TRUE,TRUE,FALSE,FALSE,FALSE,"integration",1,"joint_bb","M3","species_equal","b1905fa3c4351f9b30dc1be5419a66db2d74fe1300ed428d2d089e01814faed9","INTEGRATION_TEST_ONLY"
"synthetic_04","SYN_4_6","SYNEXP_4_6","SYNTHETIC_UNEQUAL_V32","interval",,,,0.501325588551131,0.0296962183404483,0.99727643726663,0.967580218926181,,TRUE,"one_inflated_beta_report",-1.07580755713402,21,"unlabelled_projection","unseen_category;unseen_raw_residue;unseen_combination;fixed_effect_not_estimable",FALSE,FALSE,TRUE,TRUE,FALSE,FALSE,FALSE,"integration",1,"joint_bb","M3","species_equal","b1905fa3c4351f9b30dc1be5419a66db2d74fe1300ed428d2d089e01814faed9","INTEGRATION_TEST_ONLY"
"synthetic_04","SYN_4_7","SYNEXP_4_7","SYNTHETIC_UNEQUAL_V32","count",0,0.4,,0.501325588551131,0,1,1,TRUE,,"beta_binomial_at_observed_Total",-2.32131873923371,22,"unlabelled_projection","unseen_category;unseen_raw_residue;unseen_combination;fixed_effect_not_estimable",FALSE,FALSE,TRUE,TRUE,FALSE,FALSE,FALSE,"integration",1,"joint_bb","M3","species_equal","b1905fa3c4351f9b30dc1be5419a66db2d74fe1300ed428d2d089e01814faed9","INTEGRATION_TEST_ONLY"
"synthetic_05","SYN_5_1","SYNEXP_5_1","SYNTHETIC_UNEQUAL_V32","count",1,0.666666666666667,,0.496746240380541,0,0.916666666666667,0.916666666666667,TRUE,,"beta_binomial_at_observed_Total",-2.38387281431095,23,"unlabelled_projection","unseen_category;unseen_raw_residue;unseen_combination;fixed_effect_not_estimable",FALSE,FALSE,TRUE,TRUE,FALSE,FALSE,FALSE,"integration",1,"joint_bb","M3","species_equal","b1905fa3c4351f9b30dc1be5419a66db2d74fe1300ed428d2d089e01814faed9","INTEGRATION_TEST_ONLY"
"synthetic_05","SYN_5_2","SYNEXP_5_2","SYNTHETIC_UNEQUAL_V32","exact",0,0.35,,0.496746240380541,0.0508869798506803,1,0.94911302014932,TRUE,,"one_inflated_beta_report",0.288809172893673,24,"unlabelled_projection","unseen_category;unseen_raw_residue;unseen_combination;fixed_effect_not_estimable",FALSE,FALSE,TRUE,TRUE,FALSE,FALSE,FALSE,"integration",1,"joint_bb","M3","species_equal","b1905fa3c4351f9b30dc1be5419a66db2d74fe1300ed428d2d089e01814faed9","INTEGRATION_TEST_ONLY"
"synthetic_05","SYN_5_3","SYNEXP_5_3","SYNTHETIC_UNEQUAL_V32","interval",,,,0.496746240380541,0.0916630266563695,0.977341679941132,0.885678653284762,,TRUE,"one_inflated_beta_report",-0.892252514000385,25,"unlabelled_projection","unseen_category;unseen_raw_residue;unseen_combination;fixed_effect_not_estimable",FALSE,FALSE,TRUE,TRUE,FALSE,FALSE,FALSE,"integration",1,"joint_bb","M3","species_equal","b1905fa3c4351f9b30dc1be5419a66db2d74fe1300ed428d2d089e01814faed9","INTEGRATION_TEST_ONLY"
"synthetic_05","SYN_5_4","SYNEXP_5_4","SYNTHETIC_UNEQUAL_V32","count",0,0.125,,0.496746240380541,0,1,1,TRUE,,"beta_binomial_at_observed_Total",-2.29037983384871,26,"unlabelled_projection","unseen_category;unseen_raw_residue;unseen_combination;fixed_effect_not_estimable",FALSE,FALSE,TRUE,TRUE,FALSE,FALSE,FALSE,"integration",1,"joint_bb","M3","species_equal","b1905fa3c4351f9b30dc1be5419a66db2d74fe1300ed428d2d089e01814faed9","INTEGRATION_TEST_ONLY"
"synthetic_05","SYN_5_5","SYNEXP_5_5","SYNTHETIC_UNEQUAL_V32","exact",1,0.65,,0.496746240380541,0.0684319621447271,1,0.931568037855273,TRUE,,"one_inflated_beta_report",0.201265739539387,27,"unlabelled_projection","unseen_category;unseen_raw_residue;unseen_combination;fixed_effect_not_estimable",FALSE,FALSE,TRUE,TRUE,FALSE,FALSE,FALSE,"integration",1,"joint_bb","M3","species_equal","b1905fa3c4351f9b30dc1be5419a66db2d74fe1300ed428d2d089e01814faed9","INTEGRATION_TEST_ONLY"
"synthetic_05","SYN_5_6","SYNEXP_5_6","SYNTHETIC_UNEQUAL_V32","interval",,,,0.496746240380541,0.0661454897249481,1,0.933854510275052,,TRUE,"one_inflated_beta_report",-0.892252514000385,28,"unlabelled_projection","unseen_category;unseen_raw_residue;unseen_combination;fixed_effect_not_estimable",FALSE,FALSE,TRUE,TRUE,FALSE,FALSE,FALSE,"integration",1,"joint_bb","M3","species_equal","b1905fa3c4351f9b30dc1be5419a66db2d74fe1300ed428d2d089e01814faed9","INTEGRATION_TEST_ONLY"
"synthetic_05","SYN_5_7","SYNEXP_5_7","SYNTHETIC_UNEQUAL_V32","count",1,0.818181818181818,,0.496746240380541,0,1,1,TRUE,,"beta_binomial_at_observed_Total",-2.51744394978652,29,"unlabelled_projection","unseen_category;unseen_raw_residue;unseen_combination;fixed_effect_not_estimable",FALSE,FALSE,TRUE,TRUE,FALSE,FALSE,FALSE,"integration",1,"joint_bb","M3","species_equal","b1905fa3c4351f9b30dc1be5419a66db2d74fe1300ed428d2d089e01814faed9","INTEGRATION_TEST_ONLY"
"synthetic_05","SYN_5_8","SYNEXP_5_8","SYNTHETIC_UNEQUAL_V32","exact",0,0.15,,0.496746240380541,0.0702398721624122,0.958660426632959,0.888420554470546,TRUE,,"one_inflated_beta_report",-0.175666672649135,30,"unlabelled_projection","unseen_category;unseen_raw_residue;unseen_combination;fixed_effect_not_estimable",FALSE,FALSE,TRUE,TRUE,FALSE,FALSE,FALSE,"integration",1,"joint_bb","M3","species_equal","b1905fa3c4351f9b30dc1be5419a66db2d74fe1300ed428d2d089e01814faed9","INTEGRATION_TEST_ONLY"
"synthetic_06","SYN_6_1","SYNEXP_6_1","SYNTHETIC_UNEQUAL_V32","count",0,0.333333333333333,,0.496746240380541,0,1,1,TRUE,,"beta_binomial_at_observed_Total",-1.78169048213386,31,"unlabelled_projection","unseen_category;unseen_raw_residue;unseen_combination;fixed_effect_not_estimable",FALSE,FALSE,TRUE,TRUE,FALSE,FALSE,FALSE,"integration",1,"joint_bb","M3","species_equal","b1905fa3c4351f9b30dc1be5419a66db2d74fe1300ed428d2d089e01814faed9","INTEGRATION_TEST_ONLY"
"synthetic_06","SYN_6_2","SYNEXP_6_2","SYNTHETIC_UNEQUAL_V32","exact",1,0.85,,0.496746240380541,0.101296319641749,1,0.898703680358251,TRUE,,"one_inflated_beta_report",-0.391503191420069,32,"unlabelled_projection","unseen_category;unseen_raw_residue;unseen_combination;fixed_effect_not_estimable",FALSE,FALSE,TRUE,TRUE,FALSE,FALSE,FALSE,"integration",1,"joint_bb","M3","species_equal","b1905fa3c4351f9b30dc1be5419a66db2d74fe1300ed428d2d089e01814faed9","INTEGRATION_TEST_ONLY"
"synthetic_06","SYN_6_3","SYNEXP_6_3","SYNTHETIC_UNEQUAL_V32","interval",,,,0.496746240380541,0.0787210608182953,1,0.921278939181705,,TRUE,"one_inflated_beta_report",-0.892252514000385,33,"unlabelled_projection","unseen_category;unseen_raw_residue;unseen_combination;fixed_effect_not_estimable",FALSE,FALSE,TRUE,TRUE,FALSE,FALSE,FALSE,"integration",1,"joint_bb","M3","species_equal","b1905fa3c4351f9b30dc1be5419a66db2d74fe1300ed428d2d089e01814faed9","INTEGRATION_TEST_ONLY"
"synthetic_06","SYN_6_4","SYNEXP_6_4","SYNTHETIC_UNEQUAL_V32","count",1,0.666666666666667,,0.496746240380541,0,1,1,TRUE,,"beta_binomial_at_observed_Total",-2.12970402569727,34,"unlabelled_projection","unseen_category;unseen_raw_residue;unseen_combination;fixed_effect_not_estimable",FALSE,FALSE,TRUE,TRUE,FALSE,FALSE,FALSE,"integration",1,"joint_bb","M3","species_equal","b1905fa3c4351f9b30dc1be5419a66db2d74fe1300ed428d2d089e01814faed9","INTEGRATION_TEST_ONLY"
"synthetic_06","SYN_6_5","SYNEXP_6_5","SYNTHETIC_UNEQUAL_V32","exact",0,0.35,,0.496746240380541,0.0885039997443018,1,0.911496000255698,TRUE,,"one_inflated_beta_report",0.288809172893673,35,"unlabelled_projection","unseen_category;unseen_raw_residue;unseen_combination;fixed_effect_not_estimable",FALSE,FALSE,TRUE,TRUE,FALSE,FALSE,FALSE,"integration",1,"joint_bb","M3","species_equal","b1905fa3c4351f9b30dc1be5419a66db2d74fe1300ed428d2d089e01814faed9","INTEGRATION_TEST_ONLY"
"synthetic_06","SYN_6_6","SYNEXP_6_6","SYNTHETIC_UNEQUAL_V32","interval",,,,0.496746240380541,0.0777862263375792,1,0.922213773662421,,TRUE,"one_inflated_beta_report",-0.892252514000385,36,"unlabelled_projection","unseen_category;unseen_raw_residue;unseen_combination;fixed_effect_not_estimable",FALSE,FALSE,TRUE,TRUE,FALSE,FALSE,FALSE,"integration",1,"joint_bb","M3","species_equal","b1905fa3c4351f9b30dc1be5419a66db2d74fe1300ed428d2d089e01814faed9","INTEGRATION_TEST_ONLY"
"synthetic_06","SYN_6_7","SYNEXP_6_7","SYNTHETIC_UNEQUAL_V32","count",0,0.166666666666667,,0.496746240380541,0,1,1,TRUE,,"beta_binomial_at_observed_Total",-2.61006065461937,37,"unlabelled_projection","unseen_category;unseen_raw_residue;unseen_combination;fixed_effect_not_estimable",FALSE,FALSE,TRUE,TRUE,FALSE,FALSE,FALSE,"integration",1,"joint_bb","M3","species_equal","b1905fa3c4351f9b30dc1be5419a66db2d74fe1300ed428d2d089e01814faed9","INTEGRATION_TEST_ONLY"
"synthetic_06","SYN_6_8","SYNEXP_6_8","SYNTHETIC_UNEQUAL_V32","exact",1,0.65,,0.496746240380541,0.0755755923821286,1,0.924424407617871,TRUE,,"one_inflated_beta_report",0.201265739539387,38,"unlabelled_projection","unseen_category;unseen_raw_residue;unseen_combination;fixed_effect_not_estimable",FALSE,FALSE,TRUE,TRUE,FALSE,FALSE,FALSE,"integration",1,"joint_bb","M3","species_equal","b1905fa3c4351f9b30dc1be5419a66db2d74fe1300ed428d2d089e01814faed9","INTEGRATION_TEST_ONLY"
"synthetic_06","SYN_6_9","SYNEXP_6_9","SYNTHETIC_UNEQUAL_V32","interval",,,,0.496746240380541,0.0836533191158765,1,0.916346680884123,,TRUE,"one_inflated_beta_report",-0.892252514000385,39,"unlabelled_projection","unseen_category;unseen_raw_residue;unseen_combination;fixed_effect_not_estimable",FALSE,FALSE,TRUE,TRUE,FALSE,FALSE,FALSE,"integration",1,"joint_bb","M3","species_equal","b1905fa3c4351f9b30dc1be5419a66db2d74fe1300ed428d2d089e01814faed9","INTEGRATION_TEST_ONLY"
"synthetic_07","SYN_7_1","SYNEXP_7_1","SYNTHETIC_UNEQUAL_V32","count",1,0.857142857142857,,0.488838889900095,0,1,1,TRUE,,"beta_binomial_at_observed_Total",-2.2029266183895,40,"unlabelled_projection","unseen_category;unseen_raw_residue;unseen_combination;fixed_effect_not_estimable",FALSE,FALSE,TRUE,TRUE,FALSE,FALSE,FALSE,"integration",2,"joint_bb","M3","species_equal","16b11dbf6d22d3ae2aff4453d79a3484c129f15f86881721504f5484506fc664","INTEGRATION_TEST_ONLY"
"synthetic_07","SYN_7_2","SYNEXP_7_2","SYNTHETIC_UNEQUAL_V32","exact",0,0.15,,0.488838889900095,0.0595880854410755,1,0.940411914558924,TRUE,,"one_inflated_beta_report",-0.0485105290813024,41,"unlabelled_projection","unseen_category;unseen_raw_residue;unseen_combination;fixed_effect_not_estimable",FALSE,FALSE,TRUE,TRUE,FALSE,FALSE,FALSE,"integration",2,"joint_bb","M3","species_equal","16b11dbf6d22d3ae2aff4453d79a3484c129f15f86881721504f5484506fc664","INTEGRATION_TEST_ONLY"
"synthetic_07","SYN_7_3","SYNEXP_7_3","SYNTHETIC_UNEQUAL_V32","interval",,,,0.488838889900095,0.0433436415432726,1,0.956656358456727,,TRUE,"one_inflated_beta_report",-0.990898545761869,42,"unlabelled_projection","unseen_category;unseen_raw_residue;unseen_combination;fixed_effect_not_estimable",FALSE,FALSE,TRUE,TRUE,FALSE,FALSE,FALSE,"integration",2,"joint_bb","M3","species_equal","16b11dbf6d22d3ae2aff4453d79a3484c129f15f86881721504f5484506fc664","INTEGRATION_TEST_ONLY"
"synthetic_07","SYN_7_4","SYNEXP_7_4","SYNTHETIC_UNEQUAL_V32","count",0,0.4,,0.488838889900095,0,0.952499999999998,0.952499999999998,TRUE,,"beta_binomial_at_observed_Total",-2.12436061934929,43,"unlabelled_projection","unseen_category;unseen_raw_residue;unseen_combination;fixed_effect_not_estimable",FALSE,FALSE,TRUE,TRUE,FALSE,FALSE,FALSE,"integration",2,"joint_bb","M3","species_equal","16b11dbf6d22d3ae2aff4453d79a3484c129f15f86881721504f5484506fc664","INTEGRATION_TEST_ONLY"
"synthetic_07","SYN_7_5","SYNEXP_7_5","SYNTHETIC_UNEQUAL_V32","exact",1,0.85,,0.488838889900095,0.0328503929610565,0.983258402034283,0.950408009073227,TRUE,,"one_inflated_beta_report",-0.362047816034038,44,"unlabelled_projection","unseen_category;unseen_raw_residue;unseen_combination;fixed_effect_not_estimable",FALSE,FALSE,TRUE,TRUE,FALSE,FALSE,FALSE,"integration",2,"joint_bb","M3","species_equal","16b11dbf6d22d3ae2aff4453d79a3484c129f15f86881721504f5484506fc664","INTEGRATION_TEST_ONLY"
"synthetic_07","SYN_7_6","SYNEXP_7_6","SYNTHETIC_UNEQUAL_V32","interval",,,,0.488838889900095,0.0263542796171824,0.980987404579735,0.954633124962553,,TRUE,"one_inflated_beta_report",-0.990898545761869,45,"unlabelled_projection","unseen_category;unseen_raw_residue;unseen_combination;fixed_effect_not_estimable",FALSE,FALSE,TRUE,TRUE,FALSE,FALSE,FALSE,"integration",2,"joint_bb","M3","species_equal","16b11dbf6d22d3ae2aff4453d79a3484c129f15f86881721504f5484506fc664","INTEGRATION_TEST_ONLY"
"synthetic_07","SYN_7_7","SYNEXP_7_7","SYNTHETIC_UNEQUAL_V32","count",1,0.666666666666667,,0.488838889900095,0,1,1,TRUE,,"beta_binomial_at_observed_Total",-1.77292837364155,46,"unlabelled_projection","unseen_category;unseen_raw_residue;unseen_combination;fixed_effect_not_estimable",FALSE,FALSE,TRUE,TRUE,FALSE,FALSE,FALSE,"integration",2,"joint_bb","M3","species_equal","16b11dbf6d22d3ae2aff4453d79a3484c129f15f86881721504f5484506fc664","INTEGRATION_TEST_ONLY"
"synthetic_07","SYN_7_8","SYNEXP_7_8","SYNTHETIC_UNEQUAL_V32","exact",0,0.35,,0.488838889900095,0.0541356229427734,1,0.945864377057227,TRUE,,"one_inflated_beta_report",0.224087776486749,47,"unlabelled_projection","unseen_category;unseen_raw_residue;unseen_combination;fixed_effect_not_estimable",FALSE,FALSE,TRUE,TRUE,FALSE,FALSE,FALSE,"integration",2,"joint_bb","M3","species_equal","16b11dbf6d22d3ae2aff4453d79a3484c129f15f86881721504f5484506fc664","INTEGRATION_TEST_ONLY"
"synthetic_07","SYN_7_9","SYNEXP_7_9","SYNTHETIC_UNEQUAL_V32","interval",,,,0.488838889900095,0.0526736500857107,0.993735125828004,0.941061475742293,,TRUE,"one_inflated_beta_report",-0.990898545761869,48,"unlabelled_projection","unseen_category;unseen_raw_residue;unseen_combination;fixed_effect_not_estimable",FALSE,FALSE,TRUE,TRUE,FALSE,FALSE,FALSE,"integration",2,"joint_bb","M3","species_equal","16b11dbf6d22d3ae2aff4453d79a3484c129f15f86881721504f5484506fc664","INTEGRATION_TEST_ONLY"
"synthetic_07","SYN_7_10","SYNEXP_7_10","SYNTHETIC_UNEQUAL_V32","count",0,0.111111111111111,,0.488838889900095,0,1,1,TRUE,,"beta_binomial_at_observed_Total",-2.43606640758849,49,"unlabelled_projection","unseen_category;unseen_raw_residue;unseen_combination;fixed_effect_not_estimable",FALSE,FALSE,TRUE,TRUE,FALSE,FALSE,FALSE,"integration",2,"joint_bb","M3","species_equal","16b11dbf6d22d3ae2aff4453d79a3484c129f15f86881721504f5484506fc664","INTEGRATION_TEST_ONLY"
"synthetic_08","SYN_8_1","SYNEXP_8_1","SYNTHETIC_UNEQUAL_V32","count",0,0.125,,0.488838889900095,0,1,1,TRUE,,"beta_binomial_at_observed_Total",-2.28160815602382,50,"unlabelled_projection","unseen_category;unseen_raw_residue;unseen_combination;fixed_effect_not_estimable",FALSE,FALSE,TRUE,TRUE,FALSE,FALSE,FALSE,"integration",2,"joint_bb","M3","species_equal","16b11dbf6d22d3ae2aff4453d79a3484c129f15f86881721504f5484506fc664","INTEGRATION_TEST_ONLY"
"synthetic_08","SYN_8_2","SYNEXP_8_2","SYNTHETIC_UNEQUAL_V32","exact",1,0.65,,0.488838889900095,0.040998022770382,0.992990833348728,0.951992810578346,TRUE,,"one_inflated_beta_report",0.109638231540687,51,"unlabelled_projection","unseen_category;unseen_raw_residue;unseen_combination;fixed_effect_not_estimable",FALSE,FALSE,TRUE,TRUE,FALSE,FALSE,FALSE,"integration",2,"joint_bb","M3","species_equal","16b11dbf6d22d3ae2aff4453d79a3484c129f15f86881721504f5484506fc664","INTEGRATION_TEST_ONLY"
"synthetic_08","SYN_8_3","SYNEXP_8_3","SYNTHETIC_UNEQUAL_V32","interval",,,,0.488838889900095,0.0617880811981428,0.979462168792472,0.91767408759433,,TRUE,"one_inflated_beta_report",-0.990898545761869,52,"unlabelled_projection","unseen_category;unseen_raw_residue;unseen_combination;fixed_effect_not_estimable",FALSE,FALSE,TRUE,TRUE,FALSE,FALSE,FALSE,"integration",2,"joint_bb","M3","species_equal","16b11dbf6d22d3ae2aff4453d79a3484c129f15f86881721504f5484506fc664","INTEGRATION_TEST_ONLY"
"synthetic_08","SYN_8_4","SYNEXP_8_4","SYNTHETIC_UNEQUAL_V32","count",1,0.818181818181818,,0.488838889900095,0,1,1,TRUE,,"beta_binomial_at_observed_Total",-2.56625137286661,53,"unlabelled_projection","unseen_category;unseen_raw_residue;unseen_combination;fixed_effect_not_estimable",FALSE,FALSE,TRUE,TRUE,FALSE,FALSE,FALSE,"integration",2,"joint_bb","M3","species_equal","16b11dbf6d22d3ae2aff4453d79a3484c129f15f86881721504f5484506fc664","INTEGRATION_TEST_ONLY"
"synthetic_08","SYN_8_5","SYNEXP_8_5","SYNTHETIC_UNEQUAL_V32","exact",0,0.15,,0.488838889900095,0.0577189865664908,1,0.942281013433509,TRUE,,"one_inflated_beta_report",-0.0485105290813024,54,"unlabelled_projection","unseen_category;unseen_raw_residue;unseen_combination;fixed_effect_not_estimable",FALSE,FALSE,TRUE,TRUE,FALSE,FALSE,FALSE,"integration",2,"joint_bb","M3","species_equal","16b11dbf6d22d3ae2aff4453d79a3484c129f15f86881721504f5484506fc664","INTEGRATION_TEST_ONLY"
"synthetic_08","SYN_8_6","SYNEXP_8_6","SYNTHETIC_UNEQUAL_V32","interval",,,,0.488838889900095,0.0290019962925554,0.997691918522503,0.968689922229947,,TRUE,"one_inflated_beta_report",-0.990898545761869,55,"unlabelled_projection","unseen_category;unseen_raw_residue;unseen_combination;fixed_effect_not_estimable",FALSE,FALSE,TRUE,TRUE,FALSE,FALSE,FALSE,"integration",2,"joint_bb","M3","species_equal","16b11dbf6d22d3ae2aff4453d79a3484c129f15f86881721504f5484506fc664","INTEGRATION_TEST_ONLY"
"synthetic_08","SYN_8_7","SYNEXP_8_7","SYNTHETIC_UNEQUAL_V32","count",0,0.285714285714286,,0.488838889900095,0,1,1,TRUE,,"beta_binomial_at_observed_Total",-1.9068963630472,56,"unlabelled_projection","unseen_category;unseen_raw_residue;unseen_combination;fixed_effect_not_estimable",FALSE,FALSE,TRUE,TRUE,FALSE,FALSE,FALSE,"integration",2,"joint_bb","M3","species_equal","16b11dbf6d22d3ae2aff4453d79a3484c129f15f86881721504f5484506fc664","INTEGRATION_TEST_ONLY"
"synthetic_08","SYN_8_8","SYNEXP_8_8","SYNTHETIC_UNEQUAL_V32","exact",1,0.85,,0.488838889900095,0.0295894556984058,1,0.970410544301594,TRUE,,"one_inflated_beta_report",-0.362047816034038,57,"unlabelled_projection","unseen_category;unseen_raw_residue;unseen_combination;fixed_effect_not_estimable",FALSE,FALSE,TRUE,TRUE,FALSE,FALSE,FALSE,"integration",2,"joint_bb","M3","species_equal","16b11dbf6d22d3ae2aff4453d79a3484c129f15f86881721504f5484506fc664","INTEGRATION_TEST_ONLY"
"synthetic_08","SYN_8_9","SYNEXP_8_9","SYNTHETIC_UNEQUAL_V32","interval",,,,0.488838889900095,0.0613728539800217,1,0.938627146019978,,TRUE,"one_inflated_beta_report",-0.990898545761869,58,"unlabelled_projection","unseen_category;unseen_raw_residue;unseen_combination;fixed_effect_not_estimable",FALSE,FALSE,TRUE,TRUE,FALSE,FALSE,FALSE,"integration",2,"joint_bb","M3","species_equal","16b11dbf6d22d3ae2aff4453d79a3484c129f15f86881721504f5484506fc664","INTEGRATION_TEST_ONLY"
"synthetic_08","SYN_8_10","SYNEXP_8_10","SYNTHETIC_UNEQUAL_V32","count",1,0.6,,0.488838889900095,0,1,1,TRUE,,"beta_binomial_at_observed_Total",-2.14492461125676,59,"unlabelled_projection","unseen_category;unseen_raw_residue;unseen_combination;fixed_effect_not_estimable",FALSE,FALSE,TRUE,TRUE,FALSE,FALSE,FALSE,"integration",2,"joint_bb","M3","species_equal","16b11dbf6d22d3ae2aff4453d79a3484c129f15f86881721504f5484506fc664","INTEGRATION_TEST_ONLY"
"synthetic_08","SYN_8_11","SYNEXP_8_11","SYNTHETIC_UNEQUAL_V32","exact",0,0.35,,0.488838889900095,0.0388999497539307,1,0.961100050246069,TRUE,,"one_inflated_beta_report",0.224087776486749,60,"unlabelled_projection","unseen_category;unseen_raw_residue;unseen_combination;fixed_effect_not_estimable",FALSE,FALSE,TRUE,TRUE,FALSE,FALSE,FALSE,"integration",2,"joint_bb","M3","species_equal","16b11dbf6d22d3ae2aff4453d79a3484c129f15f86881721504f5484506fc664","INTEGRATION_TEST_ONLY"
"synthetic_09","SYN_9_1","SYNEXP_9_1","SYNTHETIC_UNEQUAL_V32","count",1,0.666666666666667,,0.499408034078769,0,1,1,TRUE,,"beta_binomial_at_observed_Total",-2.22025322819046,61,"unlabelled_projection","missing_predictor;unseen_category;unseen_raw_residue;unseen_combination;fixed_effect_not_estimable",TRUE,TRUE,TRUE,TRUE,FALSE,FALSE,FALSE,"integration",2,"joint_bb","M3","species_equal","16b11dbf6d22d3ae2aff4453d79a3484c129f15f86881721504f5484506fc664","INTEGRATION_TEST_ONLY"
"synthetic_09","SYN_9_2","SYNEXP_9_2","SYNTHETIC_UNEQUAL_V32","exact",0,0.35,,0.499408034078769,0.0234296982223542,1,0.976570301777646,TRUE,,"one_inflated_beta_report",0.0195008707922661,62,"unlabelled_projection","missing_predictor;unseen_category;unseen_raw_residue;unseen_combination;fixed_effect_not_estimable",TRUE,TRUE,TRUE,TRUE,FALSE,FALSE,FALSE,"integration",2,"joint_bb","M3","species_equal","16b11dbf6d22d3ae2aff4453d79a3484c129f15f86881721504f5484506fc664","INTEGRATION_TEST_ONLY"
"synthetic_09","SYN_9_3","SYNEXP_9_3","SYNTHETIC_UNEQUAL_V32","interval",,,,0.499408034078769,0.0243748795891307,1,0.975625120410869,,TRUE,"one_inflated_beta_report",-1.18840064505962,63,"unlabelled_projection","missing_predictor;unseen_category;unseen_raw_residue;unseen_combination;fixed_effect_not_estimable",TRUE,TRUE,TRUE,TRUE,FALSE,FALSE,FALSE,"integration",2,"joint_bb","M3","species_equal","16b11dbf6d22d3ae2aff4453d79a3484c129f15f86881721504f5484506fc664","INTEGRATION_TEST_ONLY"
"synthetic_09","SYN_9_4","SYNEXP_9_4","SYNTHETIC_UNEQUAL_V32","count",0,0.166666666666667,,0.499408034078769,0,1,1,TRUE,,"beta_binomial_at_observed_Total",-2.62322372736628,64,"unlabelled_projection","missing_predictor;unseen_category;unseen_raw_residue;unseen_combination;fixed_effect_not_estimable",TRUE,TRUE,TRUE,TRUE,FALSE,FALSE,FALSE,"integration",2,"joint_bb","M3","species_equal","16b11dbf6d22d3ae2aff4453d79a3484c129f15f86881721504f5484506fc664","INTEGRATION_TEST_ONLY"
"synthetic_09","SYN_9_5","SYNEXP_9_5","SYNTHETIC_UNEQUAL_V32","exact",1,0.65,,0.499408034078769,0.013978979232335,1,0.986021020767665,TRUE,,"one_inflated_beta_report",-0.0131309258073362,65,"unlabelled_projection","missing_predictor;unseen_category;unseen_raw_residue;unseen_combination;fixed_effect_not_estimable",TRUE,TRUE,TRUE,TRUE,FALSE,FALSE,FALSE,"integration",2,"joint_bb","M3","species_equal","16b11dbf6d22d3ae2aff4453d79a3484c129f15f86881721504f5484506fc664","INTEGRATION_TEST_ONLY"
"synthetic_09","SYN_9_6","SYNEXP_9_6","SYNTHETIC_UNEQUAL_V32","interval",,,,0.499408034078769,0.0261056904585592,1,0.973894309541441,,TRUE,"one_inflated_beta_report",-1.18840064505962,66,"unlabelled_projection","missing_predictor;unseen_category;unseen_raw_residue;unseen_combination;fixed_effect_not_estimable",TRUE,TRUE,TRUE,TRUE,FALSE,FALSE,FALSE,"integration",2,"joint_bb","M3","species_equal","16b11dbf6d22d3ae2aff4453d79a3484c129f15f86881721504f5484506fc664","INTEGRATION_TEST_ONLY"
"synthetic_09","SYN_9_7","SYNEXP_9_7","SYNTHETIC_UNEQUAL_V32","count",1,0.875,,0.499408034078769,0,1,1,TRUE,,"beta_binomial_at_observed_Total",-2.23483613990232,67,"unlabelled_projection","missing_predictor;unseen_category;unseen_raw_residue;unseen_combination;fixed_effect_not_estimable",TRUE,TRUE,TRUE,TRUE,FALSE,FALSE,FALSE,"integration",2,"joint_bb","M3","species_equal","16b11dbf6d22d3ae2aff4453d79a3484c129f15f86881721504f5484506fc664","INTEGRATION_TEST_ONLY"
"synthetic_09","SYN_9_8","SYNEXP_9_8","SYNTHETIC_UNEQUAL_V32","exact",0,0.15,,0.499408034078769,0.0112664715430864,1,0.988733528456914,TRUE,,"one_inflated_beta_report",-0.0438535991457518,68,"unlabelled_projection","missing_predictor;unseen_category;unseen_raw_residue;unseen_combination;fixed_effect_not_estimable",TRUE,TRUE,TRUE,TRUE,FALSE,FALSE,FALSE,"integration",2,"joint_bb","M3","species_equal","16b11dbf6d22d3ae2aff4453d79a3484c129f15f86881721504f5484506fc664","INTEGRATION_TEST_ONLY"
"synthetic_09","SYN_9_9","SYNEXP_9_9","SYNTHETIC_UNEQUAL_V32","interval",,,,0.499408034078769,0.0132602866765243,0.999999998454759,0.986739711778235,,TRUE,"one_inflated_beta_report",-1.18840064505962,69,"unlabelled_projection","missing_predictor;unseen_category;unseen_raw_residue;unseen_combination;fixed_effect_not_estimable",TRUE,TRUE,TRUE,TRUE,FALSE,FALSE,FALSE,"integration",2,"joint_bb","M3","species_equal","16b11dbf6d22d3ae2aff4453d79a3484c129f15f86881721504f5484506fc664","INTEGRATION_TEST_ONLY"
"synthetic_09","SYN_9_10","SYNEXP_9_10","SYNTHETIC_UNEQUAL_V32","count",0,0.363636363636364,,0.499408034078769,0,1,1,TRUE,,"beta_binomial_at_observed_Total",-2.42932564460495,70,"unlabelled_projection","missing_predictor;unseen_category;unseen_raw_residue;unseen_combination;fixed_effect_not_estimable",TRUE,TRUE,TRUE,TRUE,FALSE,FALSE,FALSE,"integration",2,"joint_bb","M3","species_equal","16b11dbf6d22d3ae2aff4453d79a3484c129f15f86881721504f5484506fc664","INTEGRATION_TEST_ONLY"
"synthetic_09","SYN_9_11","SYNEXP_9_11","SYNTHETIC_UNEQUAL_V32","exact",1,0.85,,0.499408034078769,0.0214922296080348,1,0.978507770391965,TRUE,,"one_inflated_beta_report",-0.175486785430049,71,"unlabelled_projection","missing_predictor;unseen_category;unseen_raw_residue;unseen_combination;fixed_effect_not_estimable",TRUE,TRUE,TRUE,TRUE,FALSE,FALSE,FALSE,"integration",2,"joint_bb","M3","species_equal","16b11dbf6d22d3ae2aff4453d79a3484c129f15f86881721504f5484506fc664","INTEGRATION_TEST_ONLY"
"synthetic_09","SYN_9_12","SYNEXP_9_12","SYNTHETIC_UNEQUAL_V32","interval",,,,0.499408034078769,0.0160649344922267,0.982798293866911,0.966733359374685,,TRUE,"one_inflated_beta_report",-1.18840064505962,72,"unlabelled_projection","missing_predictor;unseen_category;unseen_raw_residue;unseen_combination;fixed_effect_not_estimable",TRUE,TRUE,TRUE,TRUE,FALSE,FALSE,FALSE,"integration",2,"joint_bb","M3","species_equal","16b11dbf6d22d3ae2aff4453d79a3484c129f15f86881721504f5484506fc664","INTEGRATION_TEST_ONLY"
"synthetic_10","SYN_10_1","SYNEXP_10_1","SYNTHETIC_UNEQUAL_V32","count",0,0.4,,0.497337712595402,0,1,1,TRUE,,"beta_binomial_at_observed_Total",-2.36253910078812,73,"unlabelled_projection","unseen_category;unseen_raw_residue;unseen_combination;fixed_effect_not_estimable",FALSE,FALSE,TRUE,TRUE,FALSE,FALSE,FALSE,"integration",2,"joint_bb","M3","species_equal","16b11dbf6d22d3ae2aff4453d79a3484c129f15f86881721504f5484506fc664","INTEGRATION_TEST_ONLY"
"synthetic_10","SYN_10_2","SYNEXP_10_2","SYNTHETIC_UNEQUAL_V32","exact",1,0.85,,0.497337712595402,0.0244791448396352,1,0.975520855160365,TRUE,,"one_inflated_beta_report",-0.143728140899491,74,"unlabelled_projection","unseen_category;unseen_raw_residue;unseen_combination;fixed_effect_not_estimable",FALSE,FALSE,TRUE,TRUE,FALSE,FALSE,FALSE,"integration",2,"joint_bb","M3","species_equal","16b11dbf6d22d3ae2aff4453d79a3484c129f15f86881721504f5484506fc664","INTEGRATION_TEST_ONLY"
"synthetic_10","SYN_10_3","SYNEXP_10_3","SYNTHETIC_UNEQUAL_V32","interval",,,,0.497337712595402,0.0200908457537751,1,0.979909154246225,,TRUE,"one_inflated_beta_report",-1.22388239089934,75,"unlabelled_projection","unseen_category;unseen_raw_residue;unseen_combination;fixed_effect_not_estimable",FALSE,FALSE,TRUE,TRUE,FALSE,FALSE,FALSE,"integration",2,"joint_bb","M3","species_equal","16b11dbf6d22d3ae2aff4453d79a3484c129f15f86881721504f5484506fc664","INTEGRATION_TEST_ONLY"
"synthetic_10","SYN_10_4","SYNEXP_10_4","SYNTHETIC_UNEQUAL_V32","count",1,0.666666666666667,,0.497337712595402,0,1,1,TRUE,,"beta_binomial_at_observed_Total",-1.89970052003775,76,"unlabelled_projection","unseen_category;unseen_raw_residue;unseen_combination;fixed_effect_not_estimable",FALSE,FALSE,TRUE,TRUE,FALSE,FALSE,FALSE,"integration",2,"joint_bb","M3","species_equal","16b11dbf6d22d3ae2aff4453d79a3484c129f15f86881721504f5484506fc664","INTEGRATION_TEST_ONLY"
"synthetic_10","SYN_10_5","SYNEXP_10_5","SYNTHETIC_UNEQUAL_V32","exact",0,0.35,,0.497337712595402,0.0317236419230682,1,0.968276358076932,TRUE,,"one_inflated_beta_report",-0.0189287949226911,77,"unlabelled_projection","unseen_category;unseen_raw_residue;unseen_combination;fixed_effect_not_estimable",FALSE,FALSE,TRUE,TRUE,FALSE,FALSE,FALSE,"integration",2,"joint_bb","M3","species_equal","16b11dbf6d22d3ae2aff4453d79a3484c129f15f86881721504f5484506fc664","INTEGRATION_TEST_ONLY"
"synthetic_10","SYN_10_6","SYNEXP_10_6","SYNTHETIC_UNEQUAL_V32","interval",,,,0.497337712595402,0.0233727532360563,1,0.976627246763944,,TRUE,"one_inflated_beta_report",-1.22388239089934,78,"unlabelled_projection","unseen_category;unseen_raw_residue;unseen_combination;fixed_effect_not_estimable",FALSE,FALSE,TRUE,TRUE,FALSE,FALSE,FALSE,"integration",2,"joint_bb","M3","species_equal","16b11dbf6d22d3ae2aff4453d79a3484c129f15f86881721504f5484506fc664","INTEGRATION_TEST_ONLY"
"synthetic_10","SYN_10_7","SYNEXP_10_7","SYNTHETIC_UNEQUAL_V32","count",0,0.111111111111111,,0.497337712595402,0,1,1,TRUE,,"beta_binomial_at_observed_Total",-2.3354952173719,79,"unlabelled_projection","unseen_category;unseen_raw_residue;unseen_combination;fixed_effect_not_estimable",FALSE,FALSE,TRUE,TRUE,FALSE,FALSE,FALSE,"integration",2,"joint_bb","M3","species_equal","16b11dbf6d22d3ae2aff4453d79a3484c129f15f86881721504f5484506fc664","INTEGRATION_TEST_ONLY"
"synthetic_10","SYN_10_8","SYNEXP_10_8","SYNTHETIC_UNEQUAL_V32","exact",1,0.65,,0.497337712595402,0.0260310574443327,1,0.973968942555667,TRUE,,"one_inflated_beta_report",-0.0312300404666488,80,"unlabelled_projection","unseen_category;unseen_raw_residue;unseen_combination;fixed_effect_not_estimable",FALSE,FALSE,TRUE,TRUE,FALSE,FALSE,FALSE,"integration",2,"joint_bb","M3","species_equal","16b11dbf6d22d3ae2aff4453d79a3484c129f15f86881721504f5484506fc664","INTEGRATION_TEST_ONLY"
"synthetic_10","SYN_10_9","SYNEXP_10_9","SYNTHETIC_UNEQUAL_V32","interval",,,,0.497337712595402,0.0251000919596008,0.999999852585226,0.974899760625625,,TRUE,"one_inflated_beta_report",-1.22388239089934,81,"unlabelled_projection","unseen_category;unseen_raw_residue;unseen_combination;fixed_effect_not_estimable",FALSE,FALSE,TRUE,TRUE,FALSE,FALSE,FALSE,"integration",2,"joint_bb","M3","species_equal","16b11dbf6d22d3ae2aff4453d79a3484c129f15f86881721504f5484506fc664","INTEGRATION_TEST_ONLY"
"synthetic_10","SYN_10_10","SYNEXP_10_10","SYNTHETIC_UNEQUAL_V32","count",1,0.833333333333333,,0.497337712595402,0,1,1,TRUE,,"beta_binomial_at_observed_Total",-2.55847033370135,82,"unlabelled_projection","unseen_category;unseen_raw_residue;unseen_combination;fixed_effect_not_estimable",FALSE,FALSE,TRUE,TRUE,FALSE,FALSE,FALSE,"integration",2,"joint_bb","M3","species_equal","16b11dbf6d22d3ae2aff4453d79a3484c129f15f86881721504f5484506fc664","INTEGRATION_TEST_ONLY"
"synthetic_10","SYN_10_11","SYNEXP_10_11","SYNTHETIC_UNEQUAL_V32","exact",0,0.15,,0.497337712595402,0.023604187484026,1,0.976395812515974,TRUE,,"one_inflated_beta_report",-0.0266392896228338,83,"unlabelled_projection","unseen_category;unseen_raw_residue;unseen_combination;fixed_effect_not_estimable",FALSE,FALSE,TRUE,TRUE,FALSE,FALSE,FALSE,"integration",2,"joint_bb","M3","species_equal","16b11dbf6d22d3ae2aff4453d79a3484c129f15f86881721504f5484506fc664","INTEGRATION_TEST_ONLY"
"synthetic_10","SYN_10_12","SYNEXP_10_12","SYNTHETIC_UNEQUAL_V32","interval",,,,0.497337712595402,0.0106666789140302,1,0.98933332108597,,TRUE,"one_inflated_beta_report",-1.22388239089934,84,"unlabelled_projection","unseen_category;unseen_raw_residue;unseen_combination;fixed_effect_not_estimable",FALSE,FALSE,TRUE,TRUE,FALSE,FALSE,FALSE,"integration",2,"joint_bb","M3","species_equal","16b11dbf6d22d3ae2aff4453d79a3484c129f15f86881721504f5484506fc664","INTEGRATION_TEST_ONLY"
"synthetic_10","SYN_10_13","SYNEXP_10_13","SYNTHETIC_UNEQUAL_V32","count",0,0.375,,0.497337712595402,0,1,1,TRUE,,"beta_binomial_at_observed_Total",-2.16489457732422,85,"unlabelled_projection","unseen_category;unseen_raw_residue;unseen_combination;fixed_effect_not_estimable",FALSE,FALSE,TRUE,TRUE,FALSE,FALSE,FALSE,"integration",2,"joint_bb","M3","species_equal","16b11dbf6d22d3ae2aff4453d79a3484c129f15f86881721504f5484506fc664","INTEGRATION_TEST_ONLY"
"synthetic_11","SYN_11_1","SYNEXP_11_1","SYNTHETIC_UNEQUAL_V32","count",1,0.818181818181818,,0.498491249759143,0,1,1,TRUE,,"beta_binomial_at_observed_Total",-2.48752862421717,86,"unlabelled_projection","missing_predictor;unseen_category;unseen_raw_residue;unseen_combination;fixed_effect_not_estimable",TRUE,TRUE,TRUE,TRUE,FALSE,FALSE,FALSE,"integration",2,"joint_bb","M3","species_equal","16b11dbf6d22d3ae2aff4453d79a3484c129f15f86881721504f5484506fc664","INTEGRATION_TEST_ONLY"
"synthetic_11","SYN_11_2","SYNEXP_11_2","SYNTHETIC_UNEQUAL_V32","exact",0,0.15,,0.498491249759143,0.0060315583534733,1,0.993968441646527,TRUE,,"one_inflated_beta_report",-0.100655785683524,87,"unlabelled_projection","missing_predictor;unseen_category;unseen_raw_residue;unseen_combination;fixed_effect_not_estimable",TRUE,TRUE,TRUE,TRUE,FALSE,FALSE,FALSE,"integration",2,"joint_bb","M3","species_equal","16b11dbf6d22d3ae2aff4453d79a3484c129f15f86881721504f5484506fc664","INTEGRATION_TEST_ONLY"
"synthetic_11","SYN_11_3","SYNEXP_11_3","SYNTHETIC_UNEQUAL_V32","interval",,,,0.498491249759143,0.00371331541102623,1,0.996286684588974,,TRUE,"one_inflated_beta_report",-1.31657361086283,88,"unlabelled_projection","missing_predictor;unseen_category;unseen_raw_residue;unseen_combination;fixed_effect_not_estimable",TRUE,TRUE,TRUE,TRUE,FALSE,FALSE,FALSE,"integration",2,"joint_bb","M3","species_equal","16b11dbf6d22d3ae2aff4453d79a3484c129f15f86881721504f5484506fc664","INTEGRATION_TEST_ONLY"
"synthetic_11","SYN_11_4","SYNEXP_11_4","SYNTHETIC_UNEQUAL_V32","count",0,0.285714285714286,,0.498491249759143,0,1,1,TRUE,,"beta_binomial_at_observed_Total",-2.15179539413263,89,"unlabelled_projection","missing_predictor;unseen_category;unseen_raw_residue;unseen_combination;fixed_effect_not_estimable",TRUE,TRUE,TRUE,TRUE,FALSE,FALSE,FALSE,"integration",2,"joint_bb","M3","species_equal","16b11dbf6d22d3ae2aff4453d79a3484c129f15f86881721504f5484506fc664","INTEGRATION_TEST_ONLY"
"synthetic_11","SYN_11_5","SYNEXP_11_5","SYNTHETIC_UNEQUAL_V32","exact",1,0.85,,0.498491249759143,0.00199119170737875,1,0.998008808292621,TRUE,,"one_inflated_beta_report",-0.129122257996244,90,"unlabelled_projection","missing_predictor;unseen_category;unseen_raw_residue;unseen_combination;fixed_effect_not_estimable",TRUE,TRUE,TRUE,TRUE,FALSE,FALSE,FALSE,"integration",2,"joint_bb","M3","species_equal","16b11dbf6d22d3ae2aff4453d79a3484c129f15f86881721504f5484506fc664","INTEGRATION_TEST_ONLY"
"synthetic_11","SYN_11_6","SYNEXP_11_6","SYNTHETIC_UNEQUAL_V32","interval",,,,0.498491249759143,0.0043438245323687,1,0.995656175467631,,TRUE,"one_inflated_beta_report",-1.31657361086283,91,"unlabelled_projection","missing_predictor;unseen_category;unseen_raw_residue;unseen_combination;fixed_effect_not_estimable",TRUE,TRUE,TRUE,TRUE,FALSE,FALSE,FALSE,"integration",2,"joint_bb","M3","species_equal","16b11dbf6d22d3ae2aff4453d79a3484c129f15f86881721504f5484506fc664","INTEGRATION_TEST_ONLY"
"synthetic_11","SYN_11_7","SYNEXP_11_7","SYNTHETIC_UNEQUAL_V32","count",1,0.6,,0.498491249759143,0,1,1,TRUE,,"beta_binomial_at_observed_Total",-2.41728532821896,92,"unlabelled_projection","missing_predictor;unseen_category;unseen_raw_residue;unseen_combination;fixed_effect_not_estimable",TRUE,TRUE,TRUE,TRUE,FALSE,FALSE,FALSE,"integration",2,"joint_bb","M3","species_equal","16b11dbf6d22d3ae2aff4453d79a3484c129f15f86881721504f5484506fc664","INTEGRATION_TEST_ONLY"
"synthetic_11","SYN_11_8","SYNEXP_11_8","SYNTHETIC_UNEQUAL_V32","exact",0,0.35,,0.498491249759143,0.000480740280759673,1,0.99951925971924,TRUE,,"one_inflated_beta_report",-0.130280185885572,93,"unlabelled_projection","missing_predictor;unseen_category;unseen_raw_residue;unseen_combination;fixed_effect_not_estimable",TRUE,TRUE,TRUE,TRUE,FALSE,FALSE,FALSE,"integration",2,"joint_bb","M3","species_equal","16b11dbf6d22d3ae2aff4453d79a3484c129f15f86881721504f5484506fc664","INTEGRATION_TEST_ONLY"
"synthetic_11","SYN_11_9","SYNEXP_11_9","SYNTHETIC_UNEQUAL_V32","interval",,,,0.498491249759143,0.0146625762548862,1,0.985337423745114,,TRUE,"one_inflated_beta_report",-1.31657361086283,94,"unlabelled_projection","missing_predictor;unseen_category;unseen_raw_residue;unseen_combination;fixed_effect_not_estimable",TRUE,TRUE,TRUE,TRUE,FALSE,FALSE,FALSE,"integration",2,"joint_bb","M3","species_equal","16b11dbf6d22d3ae2aff4453d79a3484c129f15f86881721504f5484506fc664","INTEGRATION_TEST_ONLY"
"synthetic_11","SYN_11_10","SYNEXP_11_10","SYNTHETIC_UNEQUAL_V32","count",0,0.166666666666667,,0.498491249759143,0,1,1,TRUE,,"beta_binomial_at_observed_Total",-2.01465150516796,95,"unlabelled_projection","missing_predictor;unseen_category;unseen_raw_residue;unseen_combination;fixed_effect_not_estimable",TRUE,TRUE,TRUE,TRUE,FALSE,FALSE,FALSE,"integration",2,"joint_bb","M3","species_equal","16b11dbf6d22d3ae2aff4453d79a3484c129f15f86881721504f5484506fc664","INTEGRATION_TEST_ONLY"
"synthetic_11","SYN_11_11","SYNEXP_11_11","SYNTHETIC_UNEQUAL_V32","exact",1,0.65,,0.498491249759143,0.00143077715128958,1,0.99856922284871,TRUE,,"one_inflated_beta_report",-0.096264866879231,96,"unlabelled_projection","missing_predictor;unseen_category;unseen_raw_residue;unseen_combination;fixed_effect_not_estimable",TRUE,TRUE,TRUE,TRUE,FALSE,FALSE,FALSE,"integration",2,"joint_bb","M3","species_equal","16b11dbf6d22d3ae2aff4453d79a3484c129f15f86881721504f5484506fc664","INTEGRATION_TEST_ONLY"
"synthetic_11","SYN_11_12","SYNEXP_11_12","SYNTHETIC_UNEQUAL_V32","interval",,,,0.498491249759143,0.00275894619191259,1,0.997241053808087,,TRUE,"one_inflated_beta_report",-1.31657361086283,97,"unlabelled_projection","missing_predictor;unseen_category;unseen_raw_residue;unseen_combination;fixed_effect_not_estimable",TRUE,TRUE,TRUE,TRUE,FALSE,FALSE,FALSE,"integration",2,"joint_bb","M3","species_equal","16b11dbf6d22d3ae2aff4453d79a3484c129f15f86881721504f5484506fc664","INTEGRATION_TEST_ONLY"
"synthetic_11","SYN_11_13","SYNEXP_11_13","SYNTHETIC_UNEQUAL_V32","count",1,0.888888888888889,,0.498491249759143,0,1,1,TRUE,,"beta_binomial_at_observed_Total",-2.32277913140563,98,"unlabelled_projection","missing_predictor;unseen_category;unseen_raw_residue;unseen_combination;fixed_effect_not_estimable",TRUE,TRUE,TRUE,TRUE,FALSE,FALSE,FALSE,"integration",2,"joint_bb","M3","species_equal","16b11dbf6d22d3ae2aff4453d79a3484c129f15f86881721504f5484506fc664","INTEGRATION_TEST_ONLY"
"synthetic_11","SYN_11_14","SYNEXP_11_14","SYNTHETIC_UNEQUAL_V32","exact",1,1,,0.498491249759143,0.0100516529244182,0.99974332166223,0.989691668737812,FALSE,,"one_inflated_beta_report",-3.41093345651463,99,"unlabelled_projection","missing_predictor;unseen_category;unseen_raw_residue;unseen_combination;fixed_effect_not_estimable",TRUE,TRUE,TRUE,TRUE,FALSE,FALSE,FALSE,"integration",2,"joint_bb","M3","species_equal","16b11dbf6d22d3ae2aff4453d79a3484c129f15f86881721504f5484506fc664","INTEGRATION_TEST_ONLY"
"synthetic_12","SYN_12_1","SYNEXP_12_1","SYNTHETIC_UNEQUAL_V32","interval",,,,0.501865297219384,0.00224570843734956,1,0.99775429156265,,TRUE,"one_inflated_beta_report",-1.26596884980805,100,"unlabelled_projection","unseen_category;unseen_raw_residue;unseen_combination;fixed_effect_not_estimable",FALSE,FALSE,TRUE,TRUE,FALSE,FALSE,FALSE,"integration",2,"joint_bb","M3","species_equal","16b11dbf6d22d3ae2aff4453d79a3484c129f15f86881721504f5484506fc664","INTEGRATION_TEST_ONLY"
"synthetic_12","SYN_12_2","SYNEXP_12_2","SYNTHETIC_UNEQUAL_V32","interval",,,,0.501865297219384,0.0148607163246324,1,0.985139283675368,,TRUE,"one_inflated_beta_report",-1.26596884980805,101,"unlabelled_projection","unseen_category;unseen_raw_residue;unseen_combination;fixed_effect_not_estimable",FALSE,FALSE,TRUE,TRUE,FALSE,FALSE,FALSE,"integration",2,"joint_bb","M3","species_equal","16b11dbf6d22d3ae2aff4453d79a3484c129f15f86881721504f5484506fc664","INTEGRATION_TEST_ONLY"
"synthetic_12","SYN_12_3","SYNEXP_12_3","SYNTHETIC_UNEQUAL_V32","interval",,,,0.501865297219384,0.00587112656835597,1,0.994128873431644,,TRUE,"one_inflated_beta_report",-1.26596884980805,102,"unlabelled_projection","unseen_category;unseen_raw_residue;unseen_combination;fixed_effect_not_estimable",FALSE,FALSE,TRUE,TRUE,FALSE,FALSE,FALSE,"integration",2,"joint_bb","M3","species_equal","16b11dbf6d22d3ae2aff4453d79a3484c129f15f86881721504f5484506fc664","INTEGRATION_TEST_ONLY"
"synthetic_12","SYN_12_4","SYNEXP_12_4","SYNTHETIC_UNEQUAL_V32","interval",,,,0.501865297219384,0.0205020253399201,1,0.97949797466008,,TRUE,"one_inflated_beta_report",-1.26596884980805,103,"unlabelled_projection","unseen_category;unseen_raw_residue;unseen_combination;fixed_effect_not_estimable",FALSE,FALSE,TRUE,TRUE,FALSE,FALSE,FALSE,"integration",2,"joint_bb","M3","species_equal","16b11dbf6d22d3ae2aff4453d79a3484c129f15f86881721504f5484506fc664","INTEGRATION_TEST_ONLY"
"synthetic_12","SYN_12_5","SYNEXP_12_5","SYNTHETIC_UNEQUAL_V32","interval",,,,0.501865297219384,0.00938139116729401,1,0.990618608832706,,TRUE,"one_inflated_beta_report",-1.26596884980805,104,"unlabelled_projection","unseen_category;unseen_raw_residue;unseen_combination;fixed_effect_not_estimable",FALSE,FALSE,TRUE,TRUE,FALSE,FALSE,FALSE,"integration",2,"joint_bb","M3","species_equal","16b11dbf6d22d3ae2aff4453d79a3484c129f15f86881721504f5484506fc664","INTEGRATION_TEST_ONLY"
"synthetic_12","SYN_12_6","SYNEXP_12_6","SYNTHETIC_UNEQUAL_V32","interval",,,,0.501865297219384,0.00280174472086019,0.990745302523914,0.987943557803054,,TRUE,"one_inflated_beta_report",-1.26596884980805,105,"unlabelled_projection","unseen_category;unseen_raw_residue;unseen_combination;fixed_effect_not_estimable",FALSE,FALSE,TRUE,TRUE,FALSE,FALSE,FALSE,"integration",2,"joint_bb","M3","species_equal","16b11dbf6d22d3ae2aff4453d79a3484c129f15f86881721504f5484506fc664","INTEGRATION_TEST_ONLY"
"synthetic_12","SYN_12_7","SYNEXP_12_7","SYNTHETIC_UNEQUAL_V32","interval",,,,0.501865297219384,0.0091652668551842,0.997855894681448,0.988690627826264,,TRUE,"one_inflated_beta_report",-1.26596884980805,106,"unlabelled_projection","unseen_category;unseen_raw_residue;unseen_combination;fixed_effect_not_estimable",FALSE,FALSE,TRUE,TRUE,FALSE,FALSE,FALSE,"integration",2,"joint_bb","M3","species_equal","16b11dbf6d22d3ae2aff4453d79a3484c129f15f86881721504f5484506fc664","INTEGRATION_TEST_ONLY"
"synthetic_12","SYN_12_8","SYNEXP_12_8","SYNTHETIC_UNEQUAL_V32","interval",,,,0.501865297219384,0.0105579368108718,1,0.989442063189128,,TRUE,"one_inflated_beta_report",-1.26596884980805,107,"unlabelled_projection","unseen_category;unseen_raw_residue;unseen_combination;fixed_effect_not_estimable",FALSE,FALSE,TRUE,TRUE,FALSE,FALSE,FALSE,"integration",2,"joint_bb","M3","species_equal","16b11dbf6d22d3ae2aff4453d79a3484c129f15f86881721504f5484506fc664","INTEGRATION_TEST_ONLY"
"synthetic_12","SYN_12_9","SYNEXP_12_9","SYNTHETIC_UNEQUAL_V32","interval",,,,0.501865297219384,0.0119093457759763,0.999929567244544,0.988020221468568,,TRUE,"one_inflated_beta_report",-1.26596884980805,108,"unlabelled_projection","unseen_category;unseen_raw_residue;unseen_combination;fixed_effect_not_estimable",FALSE,FALSE,TRUE,TRUE,FALSE,FALSE,FALSE,"integration",2,"joint_bb","M3","species_equal","16b11dbf6d22d3ae2aff4453d79a3484c129f15f86881721504f5484506fc664","INTEGRATION_TEST_ONLY"
"synthetic_12","SYN_12_10","SYNEXP_12_10","SYNTHETIC_UNEQUAL_V32","interval",,,,0.501865297219384,0.0157143026132839,1,0.984285697386716,,TRUE,"one_inflated_beta_report",-1.26596884980805,109,"unlabelled_projection","unseen_category;unseen_raw_residue;unseen_combination;fixed_effect_not_estimable",FALSE,FALSE,TRUE,TRUE,FALSE,FALSE,FALSE,"integration",2,"joint_bb","M3","species_equal","16b11dbf6d22d3ae2aff4453d79a3484c129f15f86881721504f5484506fc664","INTEGRATION_TEST_ONLY"
"synthetic_12","SYN_12_11","SYNEXP_12_11","SYNTHETIC_UNEQUAL_V32","interval",,,,0.501865297219384,0.0122554970817054,1,0.987744502918295,,TRUE,"one_inflated_beta_report",-1.26596884980805,110,"unlabelled_projection","unseen_category;unseen_raw_residue;unseen_combination;fixed_effect_not_estimable",FALSE,FALSE,TRUE,TRUE,FALSE,FALSE,FALSE,"integration",2,"joint_bb","M3","species_equal","16b11dbf6d22d3ae2aff4453d79a3484c129f15f86881721504f5484506fc664","INTEGRATION_TEST_ONLY"
"synthetic_12","SYN_12_12","SYNEXP_12_12","SYNTHETIC_UNEQUAL_V32","interval",,,,0.501865297219384,0.0144364683985416,1,0.985563531601458,,TRUE,"one_inflated_beta_report",-1.26596884980805,111,"unlabelled_projection","unseen_category;unseen_raw_residue;unseen_combination;fixed_effect_not_estimable",FALSE,FALSE,TRUE,TRUE,FALSE,FALSE,FALSE,"integration",2,"joint_bb","M3","species_equal","16b11dbf6d22d3ae2aff4453d79a3484c129f15f86881721504f5484506fc664","INTEGRATION_TEST_ONLY"
"synthetic_12","SYN_12_13","SYNEXP_12_13","SYNTHETIC_UNEQUAL_V32","interval",,,,0.501865297219384,0.00733314086686591,1,0.992666859133134,,TRUE,"one_inflated_beta_report",-1.26596884980805,112,"unlabelled_projection","unseen_category;unseen_raw_residue;unseen_combination;fixed_effect_not_estimable",FALSE,FALSE,TRUE,TRUE,FALSE,FALSE,FALSE,"integration",2,"joint_bb","M3","species_equal","16b11dbf6d22d3ae2aff4453d79a3484c129f15f86881721504f5484506fc664","INTEGRATION_TEST_ONLY"
"synthetic_12","SYN_12_14","SYNEXP_12_14","SYNTHETIC_UNEQUAL_V32","interval",,,,0.501865297219384,0.00954517489654499,1,0.990454825103455,,TRUE,"one_inflated_beta_report",-1.26596884980805,113,"unlabelled_projection","unseen_category;unseen_raw_residue;unseen_combination;fixed_effect_not_estimable",FALSE,FALSE,TRUE,TRUE,FALSE,FALSE,FALSE,"integration",2,"joint_bb","M3","species_equal","16b11dbf6d22d3ae2aff4453d79a3484c129f15f86881721504f5484506fc664","INTEGRATION_TEST_ONLY"
"synthetic_12","SYN_12_15","SYNEXP_12_15","SYNTHETIC_UNEQUAL_V32","interval",,,,0.501865297219384,0.0394280944728633,1,0.960571905527137,,TRUE,"one_inflated_beta_report",-1.26596884980805,114,"unlabelled_projection","unseen_category;unseen_raw_residue;unseen_combination;fixed_effect_not_estimable",FALSE,FALSE,TRUE,TRUE,FALSE,FALSE,FALSE,"integration",2,"joint_bb","M3","species_equal","16b11dbf6d22d3ae2aff4453d79a3484c129f15f86881721504f5484506fc664","INTEGRATION_TEST_ONLY"
