"Design","Fold","Route","Model","TrainWeighting","EvalWeighting","RecordsUsed","SpeciesUsed","LogScoreRecordsUsed","LogScoreSpeciesUsed","PointSpeciesUsed","PISpeciesUsed","WeightSum","ELPD","MeanLogScore","AUC","Brier","MAE","RMSE","Bias","PointRecords","PICoverage","MeanPIWidth","PIRecords","Aggregation"
"fivefold",1,"binary","Null","record_equal","record_equal",20,10,20,10,0,0,20,-11.2535641751419,-0.562678208757094,0.5,0.187626031370593,,,,0,,,0,"weighted_record_or_species"
"fivefold",1,"binary","Null","record_equal","species_equal",20,10,20,10,0,0,20,-12.0265073925243,-0.601325369626216,0.5,0.205041122665968,,,,0,,,0,"weighted_record_or_species"
"fivefold",2,"binary","Null","record_equal","record_equal",24,10,24,10,0,0,24,-22.3634338481901,-0.931809743674588,0.5,0.344889806268062,,,,0,,,0,"weighted_record_or_species"
"fivefold",2,"binary","Null","record_equal","species_equal",24,10,24,10,0,0,24,-22.3634338481901,-0.931809743674587,0.5,0.344889806268062,,,,0,,,0,"weighted_record_or_species"
"fivefold",3,"binary","Null","record_equal","record_equal",26,10,26,10,0,0,26,-15.2312108231039,-0.585815800888612,0.5,0.197976875685789,,,,0,,,0,"weighted_record_or_species"
"fivefold",3,"binary","Null","record_equal","species_equal",26,10,26,10,0,0,26,-15.408972268424,-0.592652779554769,0.5,0.201044483091634,,,,0,,,0,"weighted_record_or_species"
"fivefold",4,"binary","Null","record_equal","record_equal",60,10,60,10,0,0,60,-28.239445369698,-0.4706574228283,0.5,0.142617722712168,,,,0,,,0,"weighted_record_or_species"
"fivefold",4,"binary","Null","record_equal","species_equal",60,10,60,10,0,0,60,-32.9792154354034,-0.549653590590056,0.5,0.180532048730345,,,,0,,,0,"weighted_record_or_species"
"fivefold",5,"binary","Null","record_equal","record_equal",22,10,22,10,0,0,22,-12.9714654252042,-0.58961206478201,0.5,0.199711153166361,,,,0,,,0,"weighted_record_or_species"
"fivefold",5,"binary","Null","record_equal","species_equal",22,10,22,10,0,0,22,-12.5991042886955,-0.57268655857707,0.5,0.192105231011021,,,,0,,,0,"weighted_record_or_species"
"fivefold",1,"binary","Null","species_equal","record_equal",20,10,20,10,0,0,20,-11.437555755435,-0.57187778777175,0.5,0.191436333674629,,,,0,,,0,"weighted_record_or_species"
"fivefold",1,"binary","Null","species_equal","species_equal",20,10,20,10,0,0,20,-11.9624487797457,-0.598122438987286,0.5,0.20392031982138,,,,0,,,0,"weighted_record_or_species"
"fivefold",2,"binary","Null","species_equal","record_equal",24,10,24,10,0,0,24,-19.7530433746852,-0.823043473945215,0.5,0.307197117827595,,,,0,,,0,"weighted_record_or_species"
"fivefold",2,"binary","Null","species_equal","species_equal",24,10,24,10,0,0,24,-19.7530433746852,-0.823043473945215,0.5,0.307197117827595,,,,0,,,0,"weighted_record_or_species"
"fivefold",3,"binary","Null","species_equal","record_equal",26,10,26,10,0,0,26,-15.2833751829264,-0.587822122420247,0.5,0.198985052662568,,,,0,,,0,"weighted_record_or_species"
"fivefold",3,"binary","Null","species_equal","species_equal",26,10,26,10,0,0,26,-15.3988232363407,-0.592262432166949,0.5,0.201101736990005,,,,0,,,0,"weighted_record_or_species"
"fivefold",4,"binary","Null","species_equal","record_equal",60,10,60,10,0,0,60,-28.4287651448568,-0.473812752414281,0.5,0.144014931590227,,,,0,,,0,"weighted_record_or_species"
"fivefold",4,"binary","Null","species_equal","species_equal",60,10,60,10,0,0,60,-33.0774317505465,-0.551290529175775,0.5,0.181256903541635,,,,0,,,0,"weighted_record_or_species"
"fivefold",5,"binary","Null","species_equal","record_equal",22,10,22,10,0,0,22,-13.0086773144837,-0.591303514294713,0.5,0.200610942881166,,,,0,,,0,"weighted_record_or_species"
"fivefold",5,"binary","Null","species_equal","species_equal",22,10,22,10,0,0,22,-12.7704296411744,-0.580474074598838,0.5,0.195437964089478,,,,0,,,0,"weighted_record_or_species"
"fivefold",1,"binary","M1","record_equal","record_equal",20,10,20,10,0,0,20,-9.7303034554936,-0.48651517277468,0.66,0.153857439831882,,,,0,,,0,"weighted_record_or_species"
"fivefold",1,"binary","M1","record_equal","species_equal",20,10,20,10,0,0,20,-8.47336101513033,-0.423668050756517,0.857045143638851,0.129439259953611,,,,0,,,0,"weighted_record_or_species"
"fivefold",2,"binary","M1","record_equal","record_equal",24,10,24,10,0,0,24,-15.0160325586191,-0.625668023275794,0.861111111111111,0.217359511765718,,,,0,,,0,"weighted_record_or_species"
"fivefold",2,"binary","M1","record_equal","species_equal",24,10,24,10,0,0,24,-16.0645372470768,-0.669355718628198,0.78,0.233640609376297,,,,0,,,0,"weighted_record_or_species"
"fivefold",3,"binary","M1","record_equal","record_equal",26,10,26,10,0,0,26,-11.0179813505376,-0.423768513482214,0.860902255639098,0.129774574652023,,,,0,,,0,"weighted_record_or_species"
"fivefold",3,"binary","M1","record_equal","species_equal",26,10,26,10,0,0,26,-11.38335384962,-0.437821301908462,0.932601880877743,0.137517227070088,,,,0,,,0,"weighted_record_or_species"
"fivefold",4,"binary","M1","record_equal","record_equal",60,10,60,10,0,0,60,-23.3535835984448,-0.389226393307414,0.317901234567901,0.10999401807237,,,,0,,,0,"weighted_record_or_species"
"fivefold",4,"binary","M1","record_equal","species_equal",60,10,60,10,0,0,60,-31.5817984381587,-0.526363307302645,0.543365455893254,0.172657325116018,,,,0,,,0,"weighted_record_or_species"
"fivefold",5,"binary","M1","record_equal","record_equal",22,10,22,10,0,0,22,-11.9701988969493,-0.544099949861333,0.697916666666667,0.183172859551556,,,,0,,,0,"weighted_record_or_species"
"fivefold",5,"binary","M1","record_equal","species_equal",22,10,22,10,0,0,22,-9.8066683555099,-0.445757652523177,0.824030445813701,0.141031776187408,,,,0,,,0,"weighted_record_or_species"
"fivefold",1,"binary","M1","species_equal","record_equal",20,10,20,10,0,0,20,-9.84259059556747,-0.492129529778374,0.66,0.156950705469313,,,,0,,,0,"weighted_record_or_species"
"fivefold",1,"binary","M1","species_equal","species_equal",20,10,20,10,0,0,20,-8.74616361960628,-0.437308180980314,0.857045143638851,0.134888999067348,,,,0,,,0,"weighted_record_or_species"
"fivefold",2,"binary","M1","species_equal","record_equal",24,10,24,10,0,0,24,-13.2066397588761,-0.550276656619839,0.861111111111111,0.18493225352208,,,,0,,,0,"weighted_record_or_species"
"fivefold",2,"binary","M1","species_equal","species_equal",24,10,24,10,0,0,24,-14.6016162915784,-0.608400678815765,0.78,0.208037115849619,,,,0,,,0,"weighted_record_or_species"
"fivefold",3,"binary","M1","species_equal","record_equal",26,10,26,10,0,0,26,-11.3180219595016,-0.435308536903907,0.793233082706767,0.133067541659598,,,,0,,,0,"weighted_record_or_species"
"fivefold",3,"binary","M1","species_equal","species_equal",26,10,26,10,0,0,26,-11.8085593995377,-0.45417536152068,0.706896551724138,0.142130168823797,,,,0,,,0,"weighted_record_or_species"
"fivefold",4,"binary","M1","species_equal","record_equal",60,10,60,10,0,0,60,-22.913198075945,-0.381886634599083,0.317901234567901,0.10742399645098,,,,0,,,0,"weighted_record_or_species"
"fivefold",4,"binary","M1","species_equal","species_equal",60,10,60,10,0,0,60,-31.2563173207385,-0.520938622012308,0.543365455893254,0.170901174344865,,,,0,,,0,"weighted_record_or_species"
"fivefold",5,"binary","M1","species_equal","record_equal",22,10,22,10,0,0,22,-12.1524475277542,-0.55238397853428,0.697916666666667,0.187942779004001,,,,0,,,0,"weighted_record_or_species"
"fivefold",5,"binary","M1","species_equal","species_equal",22,10,22,10,0,0,22,-10.1603167861374,-0.461832581188063,0.824030445813701,0.148167162984635,,,,0,,,0,"weighted_record_or_species"
"fivefold",1,"binary","M2","record_equal","record_equal",20,10,20,10,0,0,20,-9.63946420648555,-0.481973210324278,0.686666666666667,0.151711943003646,,,,0,,,0,"weighted_record_or_species"
"fivefold",1,"binary","M2","record_equal","species_equal",20,10,20,10,0,0,20,-8.25432190849362,-0.412716095424681,0.883720930232558,0.123574425706156,,,,0,,,0,"weighted_record_or_species"
"fivefold",2,"binary","M2","record_equal","record_equal",24,10,24,10,0,0,24,-14.3792737248797,-0.599136405203319,0.888888888888889,0.207940793929648,,,,0,,,0,"weighted_record_or_species"
"fivefold",2,"binary","M2","record_equal","species_equal",24,10,24,10,0,0,24,-15.0642020122116,-0.62767508384215,0.82,0.219078242565829,,,,0,,,0,"weighted_record_or_species"
"fivefold",3,"binary","M2","record_equal","record_equal",26,10,26,10,0,0,26,-12.1000658149583,-0.465387146729165,0.74812030075188,0.145402535748108,,,,0,,,0,"weighted_record_or_species"
"fivefold",3,"binary","M2","record_equal","species_equal",26,10,26,10,0,0,26,-12.8253700207586,-0.493283462336869,0.644200626959248,0.157003380516155,,,,0,,,0,"weighted_record_or_species"
"fivefold",4,"binary","M2","record_equal","record_equal",60,10,60,10,0,0,60,-24.6419130595603,-0.410698550992671,0.263888888888889,0.117386077690712,,,,0,,,0,"weighted_record_or_species"
"fivefold",4,"binary","M2","record_equal","species_equal",60,10,60,10,0,0,60,-33.9098252824654,-0.565163754707756,0.476649369903632,0.186965434543732,,,,0,,,0,"weighted_record_or_species"
"fivefold",5,"binary","M2","record_equal","record_equal",22,10,22,10,0,0,22,-11.318626399532,-0.514483018160544,0.708333333333333,0.167267303225085,,,,0,,,0,"weighted_record_or_species"
"fivefold",5,"binary","M2","record_equal","species_equal",22,10,22,10,0,0,22,-9.67125087545921,-0.439602312520873,0.784885828198623,0.134511932705983,,,,0,,,0,"weighted_record_or_species"
"fivefold",1,"binary","M2","species_equal","record_equal",20,10,20,10,0,0,20,-9.70707446022532,-0.485353723011266,0.686666666666667,0.152937174509523,,,,0,,,0,"weighted_record_or_species"
"fivefold",1,"binary","M2","species_equal","species_equal",20,10,20,10,0,0,20,-8.34143476588369,-0.417071738294185,0.883720930232558,0.123709416582366,,,,0,,,0,"weighted_record_or_species"
"fivefold",2,"binary","M2","species_equal","record_equal",24,10,24,10,0,0,24,-12.1986228092327,-0.508275950384694,0.895833333333333,0.165277897810547,,,,0,,,0,"weighted_record_or_species"
"fivefold",2,"binary","M2","species_equal","species_equal",24,10,24,10,0,0,24,-13.1000388534531,-0.545834952227211,0.86,0.180595966323357,,,,0,,,0,"weighted_record_or_species"
"fivefold",3,"binary","M2","species_equal","record_equal",26,10,26,10,0,0,26,-12.2226007274501,-0.470100027978849,0.74812030075188,0.145821127873042,,,,0,,,0,"weighted_record_or_species"
"fivefold",3,"binary","M2","species_equal","species_equal",26,10,26,10,0,0,26,-13.2404634162303,-0.509248592931936,0.644200626959248,0.160971708947627,,,,0,,,0,"weighted_record_or_species"
"fivefold",4,"binary","M2","species_equal","record_equal",60,10,60,10,0,0,60,-24.3488186505297,-0.405813644175495,0.263888888888889,0.115709794048053,,,,0,,,0,"weighted_record_or_species"
"fivefold",4,"binary","M2","species_equal","species_equal",60,10,60,10,0,0,60,-34.0150552976989,-0.566917588294982,0.476649369903632,0.188327231989439,,,,0,,,0,"weighted_record_or_species"
"fivefold",5,"binary","M2","species_equal","record_equal",22,10,22,10,0,0,22,-11.6201348098753,-0.528187945903422,0.708333333333333,0.174189251396366,,,,0,,,0,"weighted_record_or_species"
"fivefold",5,"binary","M2","species_equal","species_equal",22,10,22,10,0,0,22,-10.1043452065476,-0.459288418479438,0.784885828198623,0.143509028838572,,,,0,,,0,"weighted_record_or_species"
"fivefold",1,"binary","M3","record_equal","record_equal",20,10,20,10,0,0,20,-10.3547116481178,-0.51773558240589,0.633333333333333,0.167338275940198,,,,0,,,0,"weighted_record_or_species"
"fivefold",1,"binary","M3","record_equal","species_equal",20,10,20,10,0,0,20,-9.17328611405912,-0.458664305702956,0.79343365253078,0.145866740783289,,,,0,,,0,"weighted_record_or_species"
"fivefold",2,"binary","M3","record_equal","record_equal",24,10,24,10,0,0,24,-15.2447671131391,-0.635198629714129,0.868055555555556,0.221697828063144,,,,0,,,0,"weighted_record_or_species"
"fivefold",2,"binary","M3","record_equal","species_equal",24,10,24,10,0,0,24,-16.486138549444,-0.686922439560167,0.78,0.241282924986556,,,,0,,,0,"weighted_record_or_species"
"fivefold",3,"binary","M3","record_equal","record_equal",26,10,26,10,0,0,26,-12.3570269038633,-0.475270265533204,0.755639097744361,0.148969142340135,,,,0,,,0,"weighted_record_or_species"
"fivefold",3,"binary","M3","record_equal","species_equal",26,10,26,10,0,0,26,-12.9167237384177,-0.496797066862217,0.794670846394984,0.158659742950593,,,,0,,,0,"weighted_record_or_species"
"fivefold",4,"binary","M3","record_equal","record_equal",60,10,60,10,0,0,60,-20.9702222231427,-0.349503703719045,0.925925925925926,0.0953855285904667,,,,0,,,0,"weighted_record_or_species"
"fivefold",4,"binary","M3","record_equal","species_equal",60,10,60,10,0,0,60,-29.7100546755576,-0.49516757792596,0.790214974054855,0.161176328151485,,,,0,,,0,"weighted_record_or_species"
"fivefold",5,"binary","M3","record_equal","record_equal",22,10,22,10,0,0,22,-11.1104686932656,-0.505021304239345,0.770833333333333,0.164280244113342,,,,0,,,0,"weighted_record_or_species"
"fivefold",5,"binary","M3","record_equal","species_equal",22,10,22,10,0,0,22,-9.2765250722513,-0.421660230556878,0.845777455599855,0.129346733410082,,,,0,,,0,"weighted_record_or_species"
"fivefold",1,"binary","M3","species_equal","record_equal",20,10,20,10,0,0,20,-10.2185391350557,-0.510926956752785,0.633333333333333,0.164870796625402,,,,0,,,0,"weighted_record_or_species"
"fivefold",1,"binary","M3","species_equal","species_equal",20,10,20,10,0,0,20,-9.1117570446144,-0.45558785223072,0.79343365253078,0.143500443523901,,,,0,,,0,"weighted_record_or_species"
"fivefold",2,"binary","M3","species_equal","record_equal",24,10,24,10,0,0,24,-13.2912089752713,-0.553800373969637,0.868055555555556,0.186432491411046,,,,0,,,0,"weighted_record_or_species"
"fivefold",2,"binary","M3","species_equal","species_equal",24,10,24,10,0,0,24,-14.405346799956,-0.600222783331502,0.78,0.205192715203431,,,,0,,,0,"weighted_record_or_species"
"fivefold",3,"binary","M3","species_equal","record_equal",26,10,26,10,0,0,26,-12.5270885101742,-0.481811096545162,0.635338345864662,0.150780996131834,,,,0,,,0,"weighted_record_or_species"
"fivefold",3,"binary","M3","species_equal","species_equal",26,10,26,10,0,0,26,-12.9684593951625,-0.498786899813942,0.656739811912226,0.158975990759949,,,,0,,,0,"weighted_record_or_species"
"fivefold",4,"binary","M3","species_equal","record_equal",60,10,60,10,0,0,60,-20.5788376647978,-0.34298062774663,0.962962962962963,0.0932845379581038,,,,0,,,0,"weighted_record_or_species"
"fivefold",4,"binary","M3","species_equal","species_equal",60,10,60,10,0,0,60,-29.3658672021593,-0.489431120035988,0.863602668643439,0.15877932560974,,,,0,,,0,"weighted_record_or_species"
"fivefold",5,"binary","M3","species_equal","record_equal",22,10,22,10,0,0,22,-11.2527338841531,-0.51148790382514,0.65625,0.16703584425816,,,,0,,,0,"weighted_record_or_species"
"fivefold",5,"binary","M3","species_equal","species_equal",22,10,22,10,0,0,22,-9.67359967662359,-0.439709076210163,0.763138818412468,0.135079299440814,,,,0,,,0,"weighted_record_or_species"
"fivefold",1,"joint_bb","Null","record_equal","record_equal",17,11,17,11,9,9,17,-17.9632719486343,-1.05666305580202,,,0.259534572256351,0.336415635956407,0.0247670352104102,13,1,0.881230041663423,13,"full_metric_valid_set_weights; PI_matches_record_observation_model"
"fivefold",1,"joint_bb","Null","record_equal","species_equal",17,11,17,11,9,9,17,-20.0161147203348,-1.17741851296087,,,0.29360665420739,0.382716238246273,0.117051223244598,13,1,0.885559160756599,13,"full_metric_valid_set_weights; PI_matches_record_observation_model"
"fivefold",2,"joint_bb","Null","record_equal","record_equal",45,10,45,10,10,10,45,-57.8117470644651,-1.28470549032145,,,0.338766332264509,0.377916431151707,-0.085652529082824,45,1,0.961411176785107,45,"full_metric_valid_set_weights; PI_matches_record_observation_model"
"fivefold",2,"joint_bb","Null","record_equal","species_equal",45,10,45,10,10,10,45,-68.7236096028894,-1.52719132450865,,,0.330654605926275,0.384032628966191,-0.0209290186158353,45,1,0.92121394465224,45,"full_metric_valid_set_weights; PI_matches_record_observation_model"
"fivefold",3,"joint_bb","Null","record_equal","record_equal",23,10,23,10,10,10,23,-19.627249420343,-0.853358670449696,,,0.328016408607496,0.422849158955158,0.220451429524008,23,0.956521739130435,0.834974635827537,23,"full_metric_valid_set_weights; PI_matches_record_observation_model"
"fivefold",3,"joint_bb","Null","record_equal","species_equal",23,10,23,10,10,10,23,-24.1464200663463,-1.04984435071071,,,0.362896821963927,0.458127509882281,0.279292009234153,23,0.9,0.839376194044395,23,"full_metric_valid_set_weights; PI_matches_record_observation_model"
"fivefold",4,"joint_bb","Null","record_equal","record_equal",40,10,40,10,9,9,40,-60.3003523595819,-1.50750880898955,,,0.316781673431986,0.371395486617161,0.0412595478854489,36,0.944444444444444,0.946683940739312,36,"full_metric_valid_set_weights; PI_matches_record_observation_model"
"fivefold",4,"joint_bb","Null","record_equal","species_equal",40,10,40,10,9,9,40,-55.7896290143307,-1.39474072535827,,,0.38098624598352,0.438196818362424,0.131738800285998,36,0.861111111111111,0.907217133440042,36,"full_metric_valid_set_weights; PI_matches_record_observation_model"
"fivefold",5,"joint_bb","Null","record_equal","record_equal",28,10,28,10,10,10,28,-38.6130069528305,-1.37903596260109,,,0.310360849910952,0.354535916755514,-0.0563181736017453,28,0.964285714285714,0.921412480556693,28,"full_metric_valid_set_weights; PI_matches_record_observation_model"
"fivefold",5,"joint_bb","Null","record_equal","species_equal",28,10,28,10,10,10,28,-39.8671074444484,-1.42382526587316,,,0.314042099156278,0.384920798660807,0.0806580168744452,28,0.9,0.848951031072716,28,"full_metric_valid_set_weights; PI_matches_record_observation_model"
"fivefold",1,"joint_bb","Null","species_equal","record_equal",17,11,17,11,9,9,17,-18.7579270558213,-1.10340747387184,,,0.281408911236838,0.337035436006318,-0.0321062461388552,13,1,0.927134445810771,13,"full_metric_valid_set_weights; PI_matches_record_observation_model"
"fivefold",1,"joint_bb","Null","species_equal","species_equal",17,11,17,11,9,9,17,-20.0825305917419,-1.18132532892599,,,0.299925907690642,0.369313030971125,0.0601779418953328,13,1,0.93021143711501,13,"full_metric_valid_set_weights; PI_matches_record_observation_model"
"fivefold",2,"joint_bb","Null","species_equal","record_equal",45,10,45,10,10,10,45,-60.6550791819171,-1.34789064848705,,,0.367933087209571,0.391805101782638,-0.134263787324594,45,1,0.970765217970035,45,"full_metric_valid_set_weights; PI_matches_record_observation_model"
"fivefold",2,"joint_bb","Null","species_equal","species_equal",45,10,45,10,10,10,45,-71.4595748868142,-1.58799055304032,,,0.35496023504716,0.389716417919356,-0.0695402768576055,45,1,0.941064522100986,45,"full_metric_valid_set_weights; PI_matches_record_observation_model"
"fivefold",3,"joint_bb","Null","species_equal","record_equal",23,10,23,10,10,10,23,-17.9819178699552,-0.78182251608501,,,0.311234759439821,0.396901177764328,0.165311725115932,23,1,0.873820023525858,23,"full_metric_valid_set_weights; PI_matches_record_observation_model"
"fivefold",3,"joint_bb","Null","species_equal","species_equal",23,10,23,10,10,10,23,-21.4736835762297,-0.933638416357812,,,0.337900155965599,0.426756423089016,0.224152304826077,23,1,0.877320866079659,23,"full_metric_valid_set_weights; PI_matches_record_observation_model"
"fivefold",4,"joint_bb","Null","species_equal","record_equal",40,10,40,10,9,9,40,-59.0790791888975,-1.47697697972244,,,0.329188808906133,0.370585194336274,-0.0331832649594319,36,1,0.966099064519246,36,"full_metric_valid_set_weights; PI_matches_record_observation_model"
"fivefold",4,"joint_bb","Null","species_equal","species_equal",40,10,40,10,9,9,40,-55.0059198440215,-1.37514799610054,,,0.383054101895878,0.421834292464482,0.0572959874411168,36,1,0.940800526439064,36,"full_metric_valid_set_weights; PI_matches_record_observation_model"
"fivefold",5,"joint_bb","Null","species_equal","record_equal",28,10,28,10,10,10,28,-39.3419878926818,-1.40507099616721,,,0.331567752557447,0.364312358473111,-0.100992647972037,28,1,0.939398189121494,28,"full_metric_valid_set_weights; PI_matches_record_observation_model"
"fivefold",5,"joint_bb","Null","species_equal","species_equal",28,10,28,10,10,10,28,-39.0076462608766,-1.39313022360274,,,0.322045781040628,0.378091418689586,0.0359835425041538,28,1,0.883423090933041,28,"full_metric_valid_set_weights; PI_matches_record_observation_model"
"fivefold",1,"joint_bb","M1","record_equal","record_equal",17,11,17,11,9,9,17,-16.8897556894208,-0.993515040554163,,,0.245152789141259,0.297188472390267,-0.0339854099777267,13,1,0.861398855518534,13,"full_metric_valid_set_weights; PI_matches_record_observation_model"
"fivefold",1,"joint_bb","M1","record_equal","species_equal",17,11,17,11,9,9,17,-17.8526581825197,-1.05015636367763,,,0.255776106178686,0.307482177164937,0.0492434415019712,13,1,0.866021623664003,13,"full_metric_valid_set_weights; PI_matches_record_observation_model"
"fivefold",2,"joint_bb","M1","record_equal","record_equal",45,10,45,10,10,10,45,-58.3056733988108,-1.29568163108469,,,0.313062551842023,0.348672856517652,-0.103786756520565,45,1,0.957538299927171,45,"full_metric_valid_set_weights; PI_matches_record_observation_model"
"fivefold",2,"joint_bb","M1","record_equal","species_equal",45,10,45,10,10,10,45,-79.1274980990122,-1.75838884664472,,,0.339990763462762,0.38799568502509,-0.0805031854365517,45,1,0.931180468870225,45,"full_metric_valid_set_weights; PI_matches_record_observation_model"
"fivefold",3,"joint_bb","M1","record_equal","record_equal",23,10,23,10,10,10,23,-21.3059778358081,-0.926346862426439,,,0.341463848525016,0.407702167234593,0.125830796441132,23,1,0.833019016378692,23,"full_metric_valid_set_weights; PI_matches_record_observation_model"
"fivefold",3,"joint_bb","M1","record_equal","species_equal",23,10,23,10,10,10,23,-24.5636638245581,-1.06798538367644,,,0.361728823835638,0.41793847403064,0.146478696528005,23,1,0.868430317807368,23,"full_metric_valid_set_weights; PI_matches_record_observation_model"
"fivefold",4,"joint_bb","M1","record_equal","record_equal",40,10,40,10,9,9,40,-58.42785719253,-1.46069642981325,,,0.30210030523278,0.348905512638047,0.0171376360738925,36,0.972222222222222,0.955970667253615,36,"full_metric_valid_set_weights; PI_matches_record_observation_model"
"fivefold",4,"joint_bb","M1","record_equal","species_equal",40,10,40,10,9,9,40,-54.8929961874808,-1.37232490468702,,,0.358994467765763,0.409638072490832,0.116842497239372,36,0.888888888888889,0.908734591206451,36,"full_metric_valid_set_weights; PI_matches_record_observation_model"
"fivefold",5,"joint_bb","M1","record_equal","record_equal",28,10,28,10,10,10,28,-32.2541549279512,-1.15193410456969,,,0.227810460491869,0.257531006482463,-0.0386344430744288,28,1,0.913271952046117,28,"full_metric_valid_set_weights; PI_matches_record_observation_model"
"fivefold",5,"joint_bb","M1","record_equal","species_equal",28,10,28,10,10,10,28,-30.7628195781478,-1.09867212779099,,,0.232171077297234,0.277977702980738,0.053674662302855,28,1,0.840588960361207,28,"full_metric_valid_set_weights; PI_matches_record_observation_model"
"fivefold",1,"joint_bb","M1","species_equal","record_equal",17,11,17,11,9,9,17,-17.4670677951217,-1.02747457618363,,,0.266436716140679,0.322855469811921,-0.0412349685265285,13,1,0.860273079575243,13,"full_metric_valid_set_weights; PI_matches_record_observation_model"
"fivefold",1,"joint_bb","M1","species_equal","species_equal",17,11,17,11,9,9,17,-18.3276704497896,-1.07809826175233,,,0.27666196508658,0.334323917364471,0.0486294481338605,13,1,0.863366387561133,13,"full_metric_valid_set_weights; PI_matches_record_observation_model"
"fivefold",2,"joint_bb","M1","species_equal","record_equal",45,10,45,10,10,10,45,-60.7523588065107,-1.35005241792246,,,0.313605937639083,0.354095344640417,-0.122256917097922,45,1,0.955103377200761,45,"full_metric_valid_set_weights; PI_matches_record_observation_model"
"fivefold",2,"joint_bb","M1","species_equal","species_equal",45,10,45,10,10,10,45,-89.4801264130825,-1.98844725362406,,,0.350914923167762,0.408969865470141,-0.115526364988752,45,1,0.927740956954125,45,"full_metric_valid_set_weights; PI_matches_record_observation_model"
"fivefold",3,"joint_bb","M1","species_equal","record_equal",23,10,23,10,10,10,23,-23.9957135854984,-1.04329189502167,,,0.347608011625716,0.421321845322309,0.0610627245315354,23,1,0.845042636957367,23,"full_metric_valid_set_weights; PI_matches_record_observation_model"
"fivefold",3,"joint_bb","M1","species_equal","species_equal",23,10,23,10,10,10,23,-28.0671223780962,-1.22030966861288,,,0.36368714144775,0.424649347322236,0.081122351826004,23,1,0.878307643291813,23,"full_metric_valid_set_weights; PI_matches_record_observation_model"
"fivefold",4,"joint_bb","M1","species_equal","record_equal",40,10,40,10,9,9,40,-56.7882572557952,-1.41970643139488,,,0.299379530608503,0.333385231676883,-0.0194641546936332,36,0.972222222222222,0.96078064680622,36,"full_metric_valid_set_weights; PI_matches_record_observation_model"
"fivefold",4,"joint_bb","M1","species_equal","species_equal",40,10,40,10,9,9,40,-54.9576678257585,-1.37394169564396,,,0.356830121632742,0.395467118153005,0.0749111952193136,36,0.888888888888889,0.922392449885052,36,"full_metric_valid_set_weights; PI_matches_record_observation_model"
"fivefold",5,"joint_bb","M1","species_equal","record_equal",28,10,28,10,10,10,28,-34.0217499241351,-1.21506249729054,,,0.262403846838531,0.288738032600044,-0.0749565861593075,28,1,0.922671128184099,28,"full_metric_valid_set_weights; PI_matches_record_observation_model"
"fivefold",5,"joint_bb","M1","species_equal","species_equal",28,10,28,10,10,10,28,-32.2399737748618,-1.15142763481649,,,0.257138695763007,0.302074335042711,0.0240940005191287,28,1,0.855584301361098,28,"full_metric_valid_set_weights; PI_matches_record_observation_model"
"fivefold",1,"joint_bb","M2","record_equal","record_equal",17,11,17,11,9,9,17,-16.3017616243049,-0.958927154370875,,,0.238522489146629,0.283758416693851,-0.0527227627451243,13,1,0.862472934931553,13,"full_metric_valid_set_weights; PI_matches_record_observation_model"
"fivefold",1,"joint_bb","M2","record_equal","species_equal",17,11,17,11,9,9,17,-16.8675796208207,-0.992210565930629,,,0.242753905707239,0.285889377955903,0.0256234768727111,13,1,0.867788811436345,13,"full_metric_valid_set_weights; PI_matches_record_observation_model"
"fivefold",2,"joint_bb","M2","record_equal","record_equal",45,10,45,10,10,10,45,-56.1007903349994,-1.24668422966665,,,0.294901744960043,0.328634391313307,-0.102694451804828,45,1,0.955199834139419,45,"full_metric_valid_set_weights; PI_matches_record_observation_model"
"fivefold",2,"joint_bb","M2","record_equal","species_equal",45,10,45,10,10,10,45,-75.3742022011743,-1.67498227113721,,,0.319660710094898,0.365036247581506,-0.0767571700620251,45,1,0.926603507356985,45,"full_metric_valid_set_weights; PI_matches_record_observation_model"
"fivefold",3,"joint_bb","M2","record_equal","record_equal",23,10,23,10,10,10,23,-18.3885718409958,-0.799503123521556,,,0.322016650888649,0.3861849611291,0.141191443868268,23,1,0.834984927832531,23,"full_metric_valid_set_weights; PI_matches_record_observation_model"
"fivefold",3,"joint_bb","M2","record_equal","species_equal",23,10,23,10,10,10,23,-21.3221186645147,-0.927048637587594,,,0.346139313437849,0.40455699231398,0.174479255356302,23,1,0.864054406151391,23,"full_metric_valid_set_weights; PI_matches_record_observation_model"
"fivefold",4,"joint_bb","M2","record_equal","record_equal",40,10,40,10,9,9,40,-58.0791958762645,-1.45197989690661,,,0.289681198265698,0.343028792577061,0.0460124357059896,36,0.972222222222222,0.941458607603698,36,"full_metric_valid_set_weights; PI_matches_record_observation_model"
"fivefold",4,"joint_bb","M2","record_equal","species_equal",40,10,40,10,9,9,40,-54.7683518884142,-1.36920879721035,,,0.351607750357634,0.413154577609798,0.142865279962469,36,0.888888888888889,0.885639151021204,36,"full_metric_valid_set_weights; PI_matches_record_observation_model"
"fivefold",5,"joint_bb","M2","record_equal","record_equal",28,10,28,10,10,10,28,-32.2524077180345,-1.15187170421552,,,0.234179703814206,0.268213278746044,-0.0364106078821213,28,1,0.912166915921353,28,"full_metric_valid_set_weights; PI_matches_record_observation_model"
"fivefold",5,"joint_bb","M2","record_equal","species_equal",28,10,28,10,10,10,28,-30.2311287763403,-1.07968317058358,,,0.231432858235378,0.27774365227395,0.0497601306351957,28,1,0.838051003332326,28,"full_metric_valid_set_weights; PI_matches_record_observation_model"
"fivefold",1,"joint_bb","M2","species_equal","record_equal",17,11,17,11,9,9,17,-16.3942505776003,-0.964367681035314,,,0.240269946666196,0.285468161904051,-0.0603392636115792,13,1,0.859266668131412,13,"full_metric_valid_set_weights; PI_matches_record_observation_model"
"fivefold",1,"joint_bb","M2","species_equal","species_equal",17,11,17,11,9,9,17,-16.8872592270987,-0.993368189829334,,,0.241734977606804,0.283841707117284,0.0181648979165311,13,1,0.86428876409352,13,"full_metric_valid_set_weights; PI_matches_record_observation_model"
"fivefold",2,"joint_bb","M2","species_equal","record_equal",45,10,45,10,10,10,45,-57.3964921722376,-1.2754776038275,,,0.290387822321219,0.326443645739444,-0.123895014533623,45,1,0.955622790388465,45,"full_metric_valid_set_weights; PI_matches_record_observation_model"
"fivefold",2,"joint_bb","M2","species_equal","species_equal",45,10,45,10,10,10,45,-80.5274832100413,-1.78949962688981,,,0.319049752380745,0.370532910145981,-0.108055398989692,45,1,0.928383081837023,45,"full_metric_valid_set_weights; PI_matches_record_observation_model"
"fivefold",3,"joint_bb","M2","species_equal","record_equal",23,10,23,10,10,10,23,-19.0526948606174,-0.828378037418148,,,0.324728728780623,0.388521343878195,0.0967767767472738,23,1,0.830133120287492,23,"full_metric_valid_set_weights; PI_matches_record_observation_model"
"fivefold",3,"joint_bb","M2","species_equal","species_equal",23,10,23,10,10,10,23,-22.0548290206559,-0.958905609593736,,,0.344846303070824,0.400451391934675,0.131548773455767,23,1,0.859172083473622,23,"full_metric_valid_set_weights; PI_matches_record_observation_model"
"fivefold",4,"joint_bb","M2","species_equal","record_equal",40,10,40,10,9,9,40,-56.642478656975,-1.41606196642438,,,0.291781693457811,0.329604300328749,0.00172434322019771,36,0.972222222222222,0.949200370863263,36,"full_metric_valid_set_weights; PI_matches_record_observation_model"
"fivefold",4,"joint_bb","M2","species_equal","species_equal",40,10,40,10,9,9,40,-54.9976930066991,-1.37494232516748,,,0.351575086633777,0.397004028505348,0.0950184308787085,36,0.888888888888889,0.903393260027516,36,"full_metric_valid_set_weights; PI_matches_record_observation_model"
"fivefold",5,"joint_bb","M2","species_equal","record_equal",28,10,28,10,10,10,28,-33.7027840084413,-1.20367085744433,,,0.261765736633631,0.292297433627488,-0.0671332081817484,28,1,0.919939632646105,28,"full_metric_valid_set_weights; PI_matches_record_observation_model"
"fivefold",5,"joint_bb","M2","species_equal","species_equal",28,10,28,10,10,10,28,-31.2275120323315,-1.11526828686898,,,0.247718392219224,0.290143736597236,0.0197573433895839,28,1,0.851203068958824,28,"full_metric_valid_set_weights; PI_matches_record_observation_model"
"fivefold",1,"joint_bb","M3","record_equal","record_equal",17,11,17,11,9,9,17,-17.0481745200468,-1.00283379529687,,,0.221560221394852,0.263122180991442,-0.0564550531267006,13,1,0.861848374869236,13,"full_metric_valid_set_weights; PI_matches_record_observation_model"
"fivefold",1,"joint_bb","M3","record_equal","species_equal",17,11,17,11,9,9,17,-17.4844732318342,-1.02849842540201,,,0.219637026215337,0.25647132943252,0.0188482168386599,13,1,0.865662157559601,13,"full_metric_valid_set_weights; PI_matches_record_observation_model"
"fivefold",2,"joint_bb","M3","record_equal","record_equal",45,10,45,10,10,10,45,-52.2681606502445,-1.16151468111655,,,0.26981184657633,0.298474979816235,-0.0979096877829029,45,1,0.956419406364571,45,"full_metric_valid_set_weights; PI_matches_record_observation_model"
"fivefold",2,"joint_bb","M3","record_equal","species_equal",45,10,45,10,10,10,45,-68.0151765362687,-1.51144836747264,,,0.298550492154912,0.336999768802543,-0.0762556021151976,45,1,0.929540980072411,45,"full_metric_valid_set_weights; PI_matches_record_observation_model"
"fivefold",3,"joint_bb","M3","record_equal","record_equal",23,10,23,10,10,10,23,-19.5907837962951,-0.85177320853457,,,0.310060721052214,0.371424804704838,0.136471793196682,23,1,0.851749273855507,23,"full_metric_valid_set_weights; PI_matches_record_observation_model"
"fivefold",3,"joint_bb","M3","record_equal","species_equal",23,10,23,10,10,10,23,-22.7102470879374,-0.987402047301628,,,0.335540220206985,0.39139758094746,0.157257612305635,23,1,0.890411542104028,23,"full_metric_valid_set_weights; PI_matches_record_observation_model"
"fivefold",4,"joint_bb","M3","record_equal","record_equal",40,10,40,10,9,9,40,-58.5572307845013,-1.46393076961253,,,0.293532510175627,0.343488854766905,0.0329599329080532,36,0.972222222222222,0.952076571233999,36,"full_metric_valid_set_weights; PI_matches_record_observation_model"
"fivefold",4,"joint_bb","M3","record_equal","species_equal",40,10,40,10,9,9,40,-56.2740923694951,-1.40685230923738,,,0.366875684603805,0.418612681687501,0.113941046500688,36,0.888888888888889,0.915384892899189,36,"full_metric_valid_set_weights; PI_matches_record_observation_model"
"fivefold",5,"joint_bb","M3","record_equal","record_equal",28,10,28,10,10,10,28,-32.7226893440036,-1.16866747657156,,,0.243331557638019,0.276745654734124,-0.0536158563543527,28,1,0.913029531279872,28,"full_metric_valid_set_weights; PI_matches_record_observation_model"
"fivefold",5,"joint_bb","M3","record_equal","species_equal",28,10,28,10,10,10,28,-29.0647755657665,-1.03802769877737,,,0.223322825886843,0.274229033588029,0.038714826706627,28,1,0.833811540508419,28,"full_metric_valid_set_weights; PI_matches_record_observation_model"
"fivefold",1,"joint_bb","M3","species_equal","record_equal",17,11,17,11,9,9,17,-18.2944240827901,-1.0761425931053,,,0.226169541515118,0.279027245028563,-0.067760092754324,13,1,0.826821399289555,13,"full_metric_valid_set_weights; PI_matches_record_observation_model"
"fivefold",1,"joint_bb","M3","species_equal","species_equal",17,11,17,11,9,9,17,-18.3010334694522,-1.07653138055601,,,0.220548080924539,0.266106405596967,0.00826556728549718,13,1,0.827374642452262,13,"full_metric_valid_set_weights; PI_matches_record_observation_model"
"fivefold",2,"joint_bb","M3","species_equal","record_equal",45,10,45,10,10,10,45,-50.411449100809,-1.12025442446242,,,0.243038690379599,0.282059936041366,-0.0860610019001342,45,1,0.947480922121379,45,"full_metric_valid_set_weights; PI_matches_record_observation_model"
"fivefold",2,"joint_bb","M3","species_equal","species_equal",45,10,45,10,10,10,45,-69.0154540943743,-1.53367675765276,,,0.284994497106517,0.332812490051102,-0.0823579323922379,45,1,0.92092728449818,45,"full_metric_valid_set_weights; PI_matches_record_observation_model"
"fivefold",3,"joint_bb","M3","species_equal","record_equal",23,10,23,10,10,10,23,-19.9280620856817,-0.866437481986162,,,0.311125418747396,0.366852264702591,0.106903775979815,23,1,0.826650085512141,23,"full_metric_valid_set_weights; PI_matches_record_observation_model"
"fivefold",3,"joint_bb","M3","species_equal","species_equal",23,10,23,10,10,10,23,-23.5379143824941,-1.02338758184757,,,0.335476176574483,0.385117743068866,0.128272919261888,23,1,0.866698791503825,23,"full_metric_valid_set_weights; PI_matches_record_observation_model"
"fivefold",4,"joint_bb","M3","species_equal","record_equal",40,10,40,10,9,9,40,-58.8078781425779,-1.47019695356445,,,0.27855788913149,0.328613595077351,0.0384383254824536,36,0.944444444444444,0.937856209038972,36,"full_metric_valid_set_weights; PI_matches_record_observation_model"
"fivefold",4,"joint_bb","M3","species_equal","species_equal",40,10,40,10,9,9,40,-57.7388866810234,-1.44347216702558,,,0.355635388939796,0.409747275135502,0.108150003828604,36,0.875,0.899606653959501,36,"full_metric_valid_set_weights; PI_matches_record_observation_model"
"fivefold",5,"joint_bb","M3","species_equal","record_equal",28,10,28,10,10,10,28,-32.8532705411092,-1.1733310907539,,,0.255617833263956,0.285574057361243,-0.06990770528174,28,1,0.915391890120551,28,"full_metric_valid_set_weights; PI_matches_record_observation_model"
"fivefold",5,"joint_bb","M3","species_equal","species_equal",28,10,28,10,10,10,28,-28.894036030272,-1.031929858224,,,0.235661602028485,0.276904871136214,0.0125788538319968,28,1,0.84249613946798,28,"full_metric_valid_set_weights; PI_matches_record_observation_model"
"tenfold",1,"binary","Null","record_equal","record_equal",10,5,10,5,0,0,10,-3.97657211192712,-0.397657211192712,0.5,0.112542724309379,,,,0,,,0,"weighted_record_or_species"
"tenfold",1,"binary","Null","record_equal","species_equal",10,5,10,5,0,0,10,-5.07442536156763,-0.507442536156763,0.5,0.162514254944872,,,,0,,,0,"weighted_record_or_species"
"tenfold",2,"binary","Null","record_equal","record_equal",10,5,10,5,0,0,10,-8.76180838391119,-0.876180838391119,0.5,0.326635970204854,,,,0,,,0,"weighted_record_or_species"
"tenfold",2,"binary","Null","record_equal","species_equal",10,5,10,5,0,0,10,-5.85144310470018,-0.585144310470018,0.5,0.197447691754148,,,,0,,,0,"weighted_record_or_species"
"tenfold",3,"binary","Null","record_equal","record_equal",9,5,9,5,0,0,9,-5.94932640867613,-0.661036267630681,0.5,0.231793334894859,,,,0,,,0,"weighted_record_or_species"
"tenfold",3,"binary","Null","record_equal","species_equal",9,5,9,5,0,0,9,-7.18570567118697,-0.798411741242997,0.5,0.293509705295665,,,,0,,,0,"weighted_record_or_species"
"tenfold",4,"binary","Null","record_equal","record_equal",21,5,21,5,0,0,21,-7.62421365016794,-0.36305779286514,0.5,0.095193075683587,,,,0,,,0,"weighted_record_or_species"
"tenfold",4,"binary","Null","record_equal","species_equal",21,5,21,5,0,0,21,-8.02029608163202,-0.381918861030096,0.5,0.103921785200599,,,,0,,,0,"weighted_record_or_species"
"tenfold",5,"binary","Null","record_equal","record_equal",16,5,16,5,0,0,16,-5.88025488750673,-0.367515930469171,0.5,0.0979998490753895,,,,0,,,0,"weighted_record_or_species"
"tenfold",5,"binary","Null","record_equal","species_equal",16,5,16,5,0,0,16,-5.20956399390742,-0.325597749619214,0.5,0.0787478522971947,,,,0,,,0,"weighted_record_or_species"
"tenfold",6,"binary","Null","record_equal","record_equal",31,5,31,5,0,0,31,-16.584802335924,-0.534993623739484,0.5,0.17511988928155,,,,0,,,0,"weighted_record_or_species"
"tenfold",6,"binary","Null","record_equal","species_equal",31,5,31,5,0,0,31,-29.7542813343136,-0.959815526913341,0.5,0.367317410008728,,,,0,,,0,"weighted_record_or_species"
"tenfold",7,"binary","Null","record_equal","record_equal",12,5,12,5,0,0,12,-4.57360297857939,-0.381133581548283,0.5,0.104881369662431,,,,0,,,0,"weighted_record_or_species"
"tenfold",7,"binary","Null","record_equal","species_equal",12,5,12,5,0,0,12,-6.09579739964611,-0.507983116637176,0.5,0.162717588196039,,,,0,,,0,"weighted_record_or_species"
"tenfold",8,"binary","Null","record_equal","record_equal",19,5,19,5,0,0,19,-10.9857207439483,-0.578195828628856,0.5,0.194595449855284,,,,0,,,0,"weighted_record_or_species"
"tenfold",8,"binary","Null","record_equal","species_equal",19,5,19,5,0,0,19,-11.8045579006893,-0.621292521088912,0.5,0.213981984015537,,,,0,,,0,"weighted_record_or_species"
"tenfold",9,"binary","Null","record_equal","record_equal",15,5,15,5,0,0,15,-11.2863078340786,-0.752420522271904,0.5,0.271605251661282,,,,0,,,0,"weighted_record_or_species"
"tenfold",9,"binary","Null","record_equal","species_equal",15,5,15,5,0,0,15,-10.3467317830279,-0.689782118868528,0.5,0.243827385742876,,,,0,,,0,"weighted_record_or_species"
"tenfold",10,"binary","Null","record_equal","record_equal",9,5,9,5,0,0,9,-9.9970276799029,-1.11078085332254,0.5,0.428023295529423,,,,0,,,0,"weighted_record_or_species"
"tenfold",10,"binary","Null","record_equal","species_equal",9,5,9,5,0,0,9,-9.21291483210296,-1.023657203567,0.5,0.389758446838238,,,,0,,,0,"weighted_record_or_species"
"tenfold",1,"binary","Null","species_equal","record_equal",10,5,10,5,0,0,10,-4.6136918215418,-0.46136918215418,0.5,0.138543446213106,,,,0,,,0,"weighted_record_or_species"
"tenfold",1,"binary","Null","species_equal","species_equal",10,5,10,5,0,0,10,-5.36596690877364,-0.536596690877364,0.5,0.174478291628965,,,,0,,,0,"weighted_record_or_species"
"tenfold",2,"binary","Null","species_equal","record_equal",10,5,10,5,0,0,10,-7.69896747861059,-0.769896747861059,0.5,0.28557462338713,,,,0,,,0,"weighted_record_or_species"
"tenfold",2,"binary","Null","species_equal","species_equal",10,5,10,5,0,0,10,-5.84714093748803,-0.584714093748803,0.5,0.197555520764287,,,,0,,,0,"weighted_record_or_species"
"tenfold",3,"binary","Null","species_equal","record_equal",9,5,9,5,0,0,9,-5.76489702475277,-0.640544113861419,0.5,0.223931837367504,,,,0,,,0,"weighted_record_or_species"
"tenfold",3,"binary","Null","species_equal","species_equal",9,5,9,5,0,0,9,-6.69494374591754,-0.743882638435282,0.5,0.272468474532477,,,,0,,,0,"weighted_record_or_species"
"tenfold",4,"binary","Null","species_equal","record_equal",21,5,21,5,0,0,21,-9.221803782256,-0.439133513440762,0.5,0.12727819434472,,,,0,,,0,"weighted_record_or_species"
"tenfold",4,"binary","Null","species_equal","species_equal",21,5,21,5,0,0,21,-9.4981375313445,-0.452292263397357,0.5,0.133607813826928,,,,0,,,0,"weighted_record_or_species"
"tenfold",5,"binary","Null","species_equal","record_equal",16,5,16,5,0,0,16,-7.29576422465449,-0.455985264040906,0.5,0.135157704625261,,,,0,,,0,"weighted_record_or_species"
"tenfold",5,"binary","Null","species_equal","species_equal",16,5,16,5,0,0,16,-6.86601468401407,-0.429125917750879,0.5,0.122204526263343,,,,0,,,0,"weighted_record_or_species"
"tenfold",6,"binary","Null","species_equal","record_equal",31,5,31,5,0,0,31,-16.7647291126941,-0.540797713312714,0.5,0.177364564160642,,,,0,,,0,"weighted_record_or_species"
"tenfold",6,"binary","Null","species_equal","species_equal",31,5,31,5,0,0,31,-27.9359347435268,-0.90115918527506,0.5,0.344800494347964,,,,0,,,0,"weighted_record_or_species"
"tenfold",7,"binary","Null","species_equal","record_equal",12,5,12,5,0,0,12,-5.38638503715758,-0.448865419763132,0.5,0.132569178273224,,,,0,,,0,"weighted_record_or_species"
"tenfold",7,"binary","Null","species_equal","species_equal",12,5,12,5,0,0,12,-6.43936840239837,-0.536614033533197,0.5,0.174485843412471,,,,0,,,0,"weighted_record_or_species"
"tenfold",8,"binary","Null","species_equal","record_equal",19,5,19,5,0,0,19,-11.0529022612848,-0.581731697962358,0.5,0.196147209939464,,,,0,,,0,"weighted_record_or_species"
"tenfold",8,"binary","Null","species_equal","species_equal",19,5,19,5,0,0,19,-11.6113461493671,-0.611123481545638,0.5,0.210110276135639,,,,0,,,0,"weighted_record_or_species"
"tenfold",9,"binary","Null","species_equal","record_equal",15,5,15,5,0,0,15,-10.4159511114973,-0.694396740766487,0.5,0.249495902770325,,,,0,,,0,"weighted_record_or_species"
"tenfold",9,"binary","Null","species_equal","species_equal",15,5,15,5,0,0,15,-9.78957384344829,-0.652638256229886,0.5,0.229751210486664,,,,0,,,0,"weighted_record_or_species"
"tenfold",10,"binary","Null","species_equal","record_equal",9,5,9,5,0,0,9,-8.70346202933356,-0.967051336592617,0.5,0.375306122528562,,,,0,,,0,"weighted_record_or_species"
"tenfold",10,"binary","Null","species_equal","species_equal",9,5,9,5,0,0,9,-8.1230468308089,-0.902560758978766,0.5,0.345360427780662,,,,0,,,0,"weighted_record_or_species"
"tenfold",1,"binary","M1","record_equal","record_equal",10,5,10,5,0,0,10,-4.18738896119406,-0.418738896119406,0.666666666666667,0.134819157431723,,,,0,,,0,"weighted_record_or_species"
"tenfold",1,"binary","M1","record_equal","species_equal",10,5,10,5,0,0,10,-4.28639061151943,-0.428639061151943,0.75,0.139694205623905,,,,0,,,0,"weighted_record_or_species"
"tenfold",2,"binary","M1","record_equal","record_equal",10,5,10,5,0,0,10,-7.96280961536881,-0.796280961536881,0.74,0.299764072136142,,,,0,,,0,"weighted_record_or_species"
"tenfold",2,"binary","M1","record_equal","species_equal",10,5,10,5,0,0,10,-6.13341486656212,-0.613341486656212,0.670454545454546,0.220626663829432,,,,0,,,0,"weighted_record_or_species"
"tenfold",3,"binary","M1","record_equal","record_equal",9,5,9,5,0,0,9,-3.49055219752204,-0.387839133058004,0.861111111111111,0.111323776944701,,,,0,,,0,"weighted_record_or_species"
"tenfold",3,"binary","M1","record_equal","species_equal",9,5,9,5,0,0,9,-2.7932462401493,-0.310360693349922,0.964646464646465,0.0780293180154301,,,,0,,,0,"weighted_record_or_species"
"tenfold",4,"binary","M1","record_equal","record_equal",21,5,21,5,0,0,21,-5.87134707005944,-0.279587955717116,0.75,0.0668523077393312,,,,0,,,0,"weighted_record_or_species"
"tenfold",4,"binary","M1","record_equal","species_equal",21,5,21,5,0,0,21,-6.64352029937757,-0.31635810949417,0.607142857142857,0.0819238932493084,,,,0,,,0,"weighted_record_or_species"
"tenfold",5,"binary","M1","record_equal","record_equal",16,5,16,5,0,0,16,-6.03320133413197,-0.377075083383248,0.666666666666667,0.106999866629625,,,,0,,,0,"weighted_record_or_species"
"tenfold",5,"binary","M1","record_equal","species_equal",16,5,16,5,0,0,16,-6.05089420421285,-0.378180887763303,0.704545454545454,0.11229107407798,,,,0,,,0,"weighted_record_or_species"
"tenfold",6,"binary","M1","record_equal","record_equal",31,5,31,5,0,0,31,-18.2531485280711,-0.588811242841004,0.142857142857143,0.184919661916422,,,,0,,,0,"weighted_record_or_species"
"tenfold",6,"binary","M1","record_equal","species_equal",31,5,31,5,0,0,31,-35.029024723667,-1.12996853947313,0.333333333333333,0.396279447195195,,,,0,,,0,"weighted_record_or_species"
"tenfold",7,"binary","M1","record_equal","record_equal",12,5,12,5,0,0,12,-2.4945386996751,-0.207878224972925,1,0.0366857211062278,,,,0,,,0,"weighted_record_or_species"
"tenfold",7,"binary","M1","record_equal","species_equal",12,5,12,5,0,0,12,-2.71961307026258,-0.226634422521881,1,0.0429114616190275,,,,0,,,0,"weighted_record_or_species"
"tenfold",8,"binary","M1","record_equal","record_equal",19,5,19,5,0,0,19,-6.97981288561469,-0.367358572927089,0.914285714285714,0.104340941875671,,,,0,,,0,"weighted_record_or_species"
"tenfold",8,"binary","M1","record_equal","species_equal",19,5,19,5,0,0,19,-6.96720982595875,-0.366695253997829,0.928571428571429,0.103569750791087,,,,0,,,0,"weighted_record_or_species"
"tenfold",9,"binary","M1","record_equal","record_equal",15,5,15,5,0,0,15,-9.84794963325656,-0.656529975550437,0.768518518518518,0.23503319241397,,,,0,,,0,"weighted_record_or_species"
"tenfold",9,"binary","M1","record_equal","species_equal",15,5,15,5,0,0,15,-8.47061277156251,-0.564707518104168,0.895604395604396,0.19881791158968,,,,0,,,0,"weighted_record_or_species"
"tenfold",10,"binary","M1","record_equal","record_equal",9,5,9,5,0,0,9,-5.00316802423681,-0.555907558248534,0.888888888888889,0.180761560200351,,,,0,,,0,"weighted_record_or_species"
"tenfold",10,"binary","M1","record_equal","species_equal",9,5,9,5,0,0,9,-5.98209376297224,-0.664677084774694,0.833333333333333,0.230711831336947,,,,0,,,0,"weighted_record_or_species"
"tenfold",1,"binary","M1","species_equal","record_equal",10,5,10,5,0,0,10,-4.64420316966488,-0.464420316966488,0.666666666666667,0.154934732098039,,,,0,,,0,"weighted_record_or_species"
"tenfold",1,"binary","M1","species_equal","species_equal",10,5,10,5,0,0,10,-4.57416416496155,-0.457416416496155,0.75,0.15152245027085,,,,0,,,0,"weighted_record_or_species"
"tenfold",2,"binary","M1","species_equal","record_equal",10,5,10,5,0,0,10,-6.94685027431308,-0.694685027431308,0.74,0.253638206339829,,,,0,,,0,"weighted_record_or_species"
"tenfold",2,"binary","M1","species_equal","species_equal",10,5,10,5,0,0,10,-6.1698328834987,-0.61698328834987,0.670454545454546,0.220673445648714,,,,0,,,0,"weighted_record_or_species"
"tenfold",3,"binary","M1","species_equal","record_equal",9,5,9,5,0,0,9,-3.53721539909147,-0.393023933232385,0.861111111111111,0.112902381087115,,,,0,,,0,"weighted_record_or_species"
"tenfold",3,"binary","M1","species_equal","species_equal",9,5,9,5,0,0,9,-2.88491525721296,-0.320546139690328,0.964646464646465,0.0810825514680663,,,,0,,,0,"weighted_record_or_species"
"tenfold",4,"binary","M1","species_equal","record_equal",21,5,21,5,0,0,21,-6.43517511693682,-0.306436910330325,0.75,0.0757111812949345,,,,0,,,0,"weighted_record_or_species"
"tenfold",4,"binary","M1","species_equal","species_equal",21,5,21,5,0,0,21,-7.10162091132077,-0.338172424348608,0.607142857142857,0.0896194263042485,,,,0,,,0,"weighted_record_or_species"
"tenfold",5,"binary","M1","species_equal","record_equal",16,5,16,5,0,0,16,-6.7020649316039,-0.418879058225244,0.666666666666667,0.122968388416527,,,,0,,,0,"weighted_record_or_species"
"tenfold",5,"binary","M1","species_equal","species_equal",16,5,16,5,0,0,16,-6.98049129752002,-0.436280706095001,0.704545454545454,0.134622396321187,,,,0,,,0,"weighted_record_or_species"
"tenfold",6,"binary","M1","species_equal","record_equal",31,5,31,5,0,0,31,-17.4227608019774,-0.562024541999272,0.69047619047619,0.178264000427893,,,,0,,,0,"weighted_record_or_species"
"tenfold",6,"binary","M1","species_equal","species_equal",31,5,31,5,0,0,31,-34.6455169779198,-1.11759732186838,0.5,0.398162347509109,,,,0,,,0,"weighted_record_or_species"
"tenfold",7,"binary","M1","species_equal","record_equal",12,5,12,5,0,0,12,-2.75441547553875,-0.229534622961563,1,0.0438122268671004,,,,0,,,0,"weighted_record_or_species"
"tenfold",7,"binary","M1","species_equal","species_equal",12,5,12,5,0,0,12,-2.92024642274145,-0.243353868561787,1,0.0484770859667482,,,,0,,,0,"weighted_record_or_species"
"tenfold",8,"binary","M1","species_equal","record_equal",19,5,19,5,0,0,19,-6.70740743201943,-0.353021443790496,0.914285714285714,0.098987036714239,,,,0,,,0,"weighted_record_or_species"
"tenfold",8,"binary","M1","species_equal","species_equal",19,5,19,5,0,0,19,-6.64185211353692,-0.349571163870364,0.928571428571429,0.0970941963787616,,,,0,,,0,"weighted_record_or_species"
"tenfold",9,"binary","M1","species_equal","record_equal",15,5,15,5,0,0,15,-9.43835143169997,-0.629223428779998,0.768518518518518,0.222311975046916,,,,0,,,0,"weighted_record_or_species"
"tenfold",9,"binary","M1","species_equal","species_equal",15,5,15,5,0,0,15,-7.95300274161485,-0.530200182774323,0.895604395604396,0.182398668998307,,,,0,,,0,"weighted_record_or_species"
"tenfold",10,"binary","M1","species_equal","record_equal",9,5,9,5,0,0,9,-5.0742842679697,-0.563809363107745,0.833333333333333,0.183626740107894,,,,0,,,0,"weighted_record_or_species"
"tenfold",10,"binary","M1","species_equal","species_equal",9,5,9,5,0,0,9,-6.26905944831148,-0.696562160923497,0.666666666666667,0.240781862335076,,,,0,,,0,"weighted_record_or_species"
"tenfold",1,"binary","M2","record_equal","record_equal",10,5,10,5,0,0,10,-3.75893426499235,-0.375893426499235,1,0.107794117555283,,,,0,,,0,"weighted_record_or_species"
"tenfold",1,"binary","M2","record_equal","species_equal",10,5,10,5,0,0,10,-3.9661666510855,-0.39661666510855,1,0.118112583729564,,,,0,,,0,"weighted_record_or_species"
"tenfold",2,"binary","M2","record_equal","record_equal",10,5,10,5,0,0,10,-7.54315847756818,-0.754315847756818,0.7,0.281087421616493,,,,0,,,0,"weighted_record_or_species"
"tenfold",2,"binary","M2","record_equal","species_equal",10,5,10,5,0,0,10,-6.27417333598212,-0.627417333598212,0.602272727272727,0.225744996372724,,,,0,,,0,"weighted_record_or_species"
"tenfold",3,"binary","M2","record_equal","record_equal",9,5,9,5,0,0,9,-3.57297251559945,-0.396996946177717,0.861111111111111,0.114308568020013,,,,0,,,0,"weighted_record_or_species"
"tenfold",3,"binary","M2","record_equal","species_equal",9,5,9,5,0,0,9,-2.95514152557435,-0.32834905839715,0.964646464646465,0.0838258238175265,,,,0,,,0,"weighted_record_or_species"
"tenfold",4,"binary","M2","record_equal","record_equal",21,5,21,5,0,0,21,-6.31350007867625,-0.300642860889345,0.75,0.0736038145311149,,,,0,,,0,"weighted_record_or_species"
"tenfold",4,"binary","M2","record_equal","species_equal",21,5,21,5,0,0,21,-7.09563663677714,-0.33788745889415,0.607142857142857,0.0890041198814687,,,,0,,,0,"weighted_record_or_species"
"tenfold",5,"binary","M2","record_equal","record_equal",16,5,16,5,0,0,16,-5.25435320884353,-0.32839707555272,0.666666666666667,0.0864701091214051,,,,0,,,0,"weighted_record_or_species"
"tenfold",5,"binary","M2","record_equal","species_equal",16,5,16,5,0,0,16,-5.23591656350307,-0.327244785218942,0.704545454545454,0.0863644520329157,,,,0,,,0,"weighted_record_or_species"
"tenfold",6,"binary","M2","record_equal","record_equal",31,5,31,5,0,0,31,-19.1838513628367,-0.618833914930217,0.142857142857143,0.191944711558542,,,,0,,,0,"weighted_record_or_species"
"tenfold",6,"binary","M2","record_equal","species_equal",31,5,31,5,0,0,31,-34.8180511961643,-1.12316294181175,0.333333333333333,0.390412955510745,,,,0,,,0,"weighted_record_or_species"
"tenfold",7,"binary","M2","record_equal","record_equal",12,5,12,5,0,0,12,-2.64573569375947,-0.220477974479956,1,0.0394916812413691,,,,0,,,0,"weighted_record_or_species"
"tenfold",7,"binary","M2","record_equal","species_equal",12,5,12,5,0,0,12,-2.78720732152241,-0.232267276793534,1,0.0436630657787774,,,,0,,,0,"weighted_record_or_species"
"tenfold",8,"binary","M2","record_equal","record_equal",19,5,19,5,0,0,19,-7.85034500912231,-0.413176053111701,0.8,0.121965941117176,,,,0,,,0,"weighted_record_or_species"
"tenfold",8,"binary","M2","record_equal","species_equal",19,5,19,5,0,0,19,-7.95507312152888,-0.418688059027836,0.833333333333333,0.124170740631792,,,,0,,,0,"weighted_record_or_species"
"tenfold",9,"binary","M2","record_equal","record_equal",15,5,15,5,0,0,15,-9.71088881314573,-0.647392587543048,0.768518518518518,0.228004931923073,,,,0,,,0,"weighted_record_or_species"
"tenfold",9,"binary","M2","record_equal","species_equal",15,5,15,5,0,0,15,-8.358090158973,-0.5572060105982,0.851648351648352,0.191650333023337,,,,0,,,0,"weighted_record_or_species"
"tenfold",10,"binary","M2","record_equal","record_equal",9,5,9,5,0,0,9,-5.65767112125979,-0.628630124584421,0.777777777777778,0.210306216238099,,,,0,,,0,"weighted_record_or_species"
"tenfold",10,"binary","M2","record_equal","species_equal",9,5,9,5,0,0,9,-6.92610789055945,-0.769567543395494,0.583333333333333,0.271942150035974,,,,0,,,0,"weighted_record_or_species"
"tenfold",1,"binary","M2","species_equal","record_equal",10,5,10,5,0,0,10,-4.06523597822004,-0.406523597822004,1,0.120675783408009,,,,0,,,0,"weighted_record_or_species"
"tenfold",1,"binary","M2","species_equal","species_equal",10,5,10,5,0,0,10,-4.12616364472428,-0.412616364472428,1,0.123720830948717,,,,0,,,0,"weighted_record_or_species"
"tenfold",2,"binary","M2","species_equal","record_equal",10,5,10,5,0,0,10,-6.71577188622079,-0.671577188622079,0.74,0.239743434692092,,,,0,,,0,"weighted_record_or_species"
"tenfold",2,"binary","M2","species_equal","species_equal",10,5,10,5,0,0,10,-6.41115196398807,-0.641115196398807,0.670454545454546,0.226993328583826,,,,0,,,0,"weighted_record_or_species"
"tenfold",3,"binary","M2","species_equal","record_equal",9,5,9,5,0,0,9,-3.61550625887473,-0.401722917652748,0.861111111111111,0.11566074836511,,,,0,,,0,"weighted_record_or_species"
"tenfold",3,"binary","M2","species_equal","species_equal",9,5,9,5,0,0,9,-3.01353680345859,-0.33483742260651,0.964646464646465,0.0855907782903814,,,,0,,,0,"weighted_record_or_species"
"tenfold",4,"binary","M2","species_equal","record_equal",21,5,21,5,0,0,21,-6.85782685349089,-0.326563183499566,0.75,0.0826315904502879,,,,0,,,0,"weighted_record_or_species"
"tenfold",4,"binary","M2","species_equal","species_equal",21,5,21,5,0,0,21,-7.54390751621519,-0.359233691248342,0.607142857142857,0.0968608494320074,,,,0,,,0,"weighted_record_or_species"
"tenfold",5,"binary","M2","species_equal","record_equal",16,5,16,5,0,0,16,-5.69580956671786,-0.355988097919866,0.266666666666667,0.0962420064971497,,,,0,,,0,"weighted_record_or_species"
"tenfold",5,"binary","M2","species_equal","species_equal",16,5,16,5,0,0,16,-5.96765551090126,-0.372978469431329,0.0909090909090909,0.103548010436376,,,,0,,,0,"weighted_record_or_species"
"tenfold",6,"binary","M2","species_equal","record_equal",31,5,31,5,0,0,31,-18.9772580246401,-0.612169613698068,0.142857142857143,0.190613560141721,,,,0,,,0,"weighted_record_or_species"
"tenfold",6,"binary","M2","species_equal","species_equal",31,5,31,5,0,0,31,-34.4910455623846,-1.11261437298015,0.333333333333333,0.388970233526541,,,,0,,,0,"weighted_record_or_species"
"tenfold",7,"binary","M2","species_equal","record_equal",12,5,12,5,0,0,12,-2.8948179101561,-0.241234825846342,1,0.0461710124551906,,,,0,,,0,"weighted_record_or_species"
"tenfold",7,"binary","M2","species_equal","species_equal",12,5,12,5,0,0,12,-2.95839181901936,-0.246532651584947,1,0.0479718122596239,,,,0,,,0,"weighted_record_or_species"
"tenfold",8,"binary","M2","species_equal","record_equal",19,5,19,5,0,0,19,-7.6513079521923,-0.402700418536437,0.914285714285714,0.117527979634941,,,,0,,,0,"weighted_record_or_species"
"tenfold",8,"binary","M2","species_equal","species_equal",19,5,19,5,0,0,19,-7.72202788089033,-0.40642252004686,0.928571428571429,0.118850539224018,,,,0,,,0,"weighted_record_or_species"
"tenfold",9,"binary","M2","species_equal","record_equal",15,5,15,5,0,0,15,-8.97636060351736,-0.598424040234491,0.842592592592593,0.206293502376176,,,,0,,,0,"weighted_record_or_species"
"tenfold",9,"binary","M2","species_equal","species_equal",15,5,15,5,0,0,15,-7.77551151903088,-0.518367434602059,0.93956043956044,0.17268077520507,,,,0,,,0,"weighted_record_or_species"
"tenfold",10,"binary","M2","species_equal","record_equal",9,5,9,5,0,0,9,-5.32742454001686,-0.591936060001874,0.777777777777778,0.194112785139889,,,,0,,,0,"weighted_record_or_species"
"tenfold",10,"binary","M2","species_equal","species_equal",9,5,9,5,0,0,9,-6.90909083117352,-0.76767675901928,0.583333333333333,0.26673239406579,,,,0,,,0,"weighted_record_or_species"
"tenfold",1,"binary","M3","record_equal","record_equal",10,5,10,5,0,0,10,-4.1545211382257,-0.41545211382257,1,0.124248460813394,,,,0,,,0,"weighted_record_or_species"
"tenfold",1,"binary","M3","record_equal","species_equal",10,5,10,5,0,0,10,-4.48992426475198,-0.448992426475198,1,0.140859057928581,,,,0,,,0,"weighted_record_or_species"
"tenfold",2,"binary","M3","record_equal","record_equal",10,5,10,5,0,0,10,-7.66714700291786,-0.766714700291786,0.7,0.28491517174189,,,,0,,,0,"weighted_record_or_species"
"tenfold",2,"binary","M3","record_equal","species_equal",10,5,10,5,0,0,10,-5.84450473675358,-0.584450473675358,0.602272727272727,0.204483299345223,,,,0,,,0,"weighted_record_or_species"
"tenfold",3,"binary","M3","record_equal","record_equal",9,5,9,5,0,0,9,-3.41465537776742,-0.379406153085268,0.861111111111111,0.108802798970708,,,,0,,,0,"weighted_record_or_species"
"tenfold",3,"binary","M3","record_equal","species_equal",9,5,9,5,0,0,9,-2.65062809991933,-0.29451423332437,0.964646464646465,0.0733114628970187,,,,0,,,0,"weighted_record_or_species"
"tenfold",4,"binary","M3","record_equal","record_equal",21,5,21,5,0,0,21,-5.9337905361173,-0.282561454100824,0.65,0.0688291148406694,,,,0,,,0,"weighted_record_or_species"
"tenfold",4,"binary","M3","record_equal","species_equal",21,5,21,5,0,0,21,-7.0153131588601,-0.33406253137429,0.392857142857143,0.0883847306726362,,,,0,,,0,"weighted_record_or_species"
"tenfold",5,"binary","M3","record_equal","record_equal",16,5,16,5,0,0,16,-5.76366982960393,-0.360229364350246,0.666666666666667,0.0989281931304812,,,,0,,,0,"weighted_record_or_species"
"tenfold",5,"binary","M3","record_equal","species_equal",16,5,16,5,0,0,16,-5.42005782553847,-0.338753614096155,0.704545454545454,0.0925968827276746,,,,0,,,0,"weighted_record_or_species"
"tenfold",6,"binary","M3","record_equal","record_equal",31,5,31,5,0,0,31,-15.0828321917479,-0.486542973927351,0.69047619047619,0.15767745640293,,,,0,,,0,"weighted_record_or_species"
"tenfold",6,"binary","M3","record_equal","species_equal",31,5,31,5,0,0,31,-31.2265426683735,-1.00730782801205,0.5,0.372127156969022,,,,0,,,0,"weighted_record_or_species"
"tenfold",7,"binary","M3","record_equal","record_equal",12,5,12,5,0,0,12,-3.53540547806927,-0.29461712317244,1,0.0726564046238701,,,,0,,,0,"weighted_record_or_species"
"tenfold",7,"binary","M3","record_equal","species_equal",12,5,12,5,0,0,12,-3.83803050841732,-0.319835875701443,1,0.0834274581685153,,,,0,,,0,"weighted_record_or_species"
"tenfold",8,"binary","M3","record_equal","record_equal",19,5,19,5,0,0,19,-7.91842841538185,-0.416759390283255,0.828571428571429,0.123340713277515,,,,0,,,0,"weighted_record_or_species"
"tenfold",8,"binary","M3","record_equal","species_equal",19,5,19,5,0,0,19,-7.90756633808444,-0.416187702004444,0.880952380952381,0.123757259491802,,,,0,,,0,"weighted_record_or_species"
"tenfold",9,"binary","M3","record_equal","record_equal",15,5,15,5,0,0,15,-10.4358895710304,-0.695725971402029,0.694444444444444,0.245188105659245,,,,0,,,0,"weighted_record_or_species"
"tenfold",9,"binary","M3","record_equal","species_equal",15,5,15,5,0,0,15,-9.66373650929613,-0.644249100619742,0.675824175824176,0.221117450229594,,,,0,,,0,"weighted_record_or_species"
"tenfold",10,"binary","M3","record_equal","record_equal",9,5,9,5,0,0,9,-5.09673183837843,-0.566303537597603,0.888888888888889,0.188013535898912,,,,0,,,0,"weighted_record_or_species"
"tenfold",10,"binary","M3","record_equal","species_equal",9,5,9,5,0,0,9,-6.19453775387296,-0.688281972652552,0.833333333333333,0.245920567431108,,,,0,,,0,"weighted_record_or_species"
"tenfold",1,"binary","M3","species_equal","record_equal",10,5,10,5,0,0,10,-4.24118840132504,-0.424118840132504,0.666666666666667,0.127269277686456,,,,0,,,0,"weighted_record_or_species"
"tenfold",1,"binary","M3","species_equal","species_equal",10,5,10,5,0,0,10,-4.53789542011013,-0.453789542011013,0.75,0.141972916932216,,,,0,,,0,"weighted_record_or_species"
"tenfold",2,"binary","M3","species_equal","record_equal",10,5,10,5,0,0,10,-7.08610860644186,-0.708610860644186,0.7,0.258902685923165,,,,0,,,0,"weighted_record_or_species"
"tenfold",2,"binary","M3","species_equal","species_equal",10,5,10,5,0,0,10,-5.92479775196304,-0.592479775196304,0.602272727272727,0.206660122648454,,,,0,,,0,"weighted_record_or_species"
"tenfold",3,"binary","M3","species_equal","record_equal",9,5,9,5,0,0,9,-3.48525036071387,-0.387250040079319,0.861111111111111,0.110347850061507,,,,0,,,0,"weighted_record_or_species"
"tenfold",3,"binary","M3","species_equal","species_equal",9,5,9,5,0,0,9,-2.79869882776679,-0.310966536418533,0.964646464646465,0.0767446355665277,,,,0,,,0,"weighted_record_or_species"
"tenfold",4,"binary","M3","species_equal","record_equal",21,5,21,5,0,0,21,-6.24140159741345,-0.297209599876831,0.65,0.0728697805930484,,,,0,,,0,"weighted_record_or_species"
"tenfold",4,"binary","M3","species_equal","species_equal",21,5,21,5,0,0,21,-7.33807983247334,-0.349432372974921,0.392857142857143,0.0930147136903839,,,,0,,,0,"weighted_record_or_species"
"tenfold",5,"binary","M3","species_equal","record_equal",16,5,16,5,0,0,16,-6.58984672046397,-0.411865420028998,0.666666666666667,0.119574789293095,,,,0,,,0,"weighted_record_or_species"
"tenfold",5,"binary","M3","species_equal","species_equal",16,5,16,5,0,0,16,-6.04218036733264,-0.37763627295829,0.704545454545454,0.106783265271149,,,,0,,,0,"weighted_record_or_species"
"tenfold",6,"binary","M3","species_equal","record_equal",31,5,31,5,0,0,31,-13.6768980258071,-0.441190258897003,0.964285714285714,0.143398815918295,,,,0,,,0,"weighted_record_or_species"
"tenfold",6,"binary","M3","species_equal","species_equal",31,5,31,5,0,0,31,-29.3561191551187,-0.94697158564899,0.666666666666667,0.354835846295782,,,,0,,,0,"weighted_record_or_species"
"tenfold",7,"binary","M3","species_equal","record_equal",12,5,12,5,0,0,12,-3.6509881518531,-0.304249012654425,1,0.0731106424121265,,,,0,,,0,"weighted_record_or_species"
"tenfold",7,"binary","M3","species_equal","species_equal",12,5,12,5,0,0,12,-3.67431422071781,-0.306192851726484,1,0.0752555861054509,,,,0,,,0,"weighted_record_or_species"
"tenfold",8,"binary","M3","species_equal","record_equal",19,5,19,5,0,0,19,-7.9626348775505,-0.419086046186868,0.828571428571429,0.123235493224279,,,,0,,,0,"weighted_record_or_species"
"tenfold",8,"binary","M3","species_equal","species_equal",19,5,19,5,0,0,19,-7.78184468904342,-0.409570773107549,0.880952380952381,0.120291740305486,,,,0,,,0,"weighted_record_or_species"
"tenfold",9,"binary","M3","species_equal","record_equal",15,5,15,5,0,0,15,-9.9659544137681,-0.664396960917873,0.657407407407407,0.233158927076112,,,,0,,,0,"weighted_record_or_species"
"tenfold",9,"binary","M3","species_equal","species_equal",15,5,15,5,0,0,15,-9.15327708126324,-0.610218472084216,0.631868131868132,0.207966036001401,,,,0,,,0,"weighted_record_or_species"
"tenfold",10,"binary","M3","species_equal","record_equal",9,5,9,5,0,0,9,-4.65540639534896,-0.517267377260996,0.777777777777778,0.170505639708287,,,,0,,,0,"weighted_record_or_species"
"tenfold",10,"binary","M3","species_equal","species_equal",9,5,9,5,0,0,9,-6.24531167170728,-0.693923519078586,0.666666666666667,0.248337620929004,,,,0,,,0,"weighted_record_or_species"
"tenfold",1,"joint_bb","Null","record_equal","record_equal",15,6,15,6,6,6,15,-25.5663407704377,-1.70442271802918,,,0.479833140308438,0.542030622122974,0.357204348279986,15,1,0.921353805159388,15,"full_metric_valid_set_weights; PI_matches_record_observation_model"
"tenfold",1,"joint_bb","Null","record_equal","species_equal",15,6,15,6,6,6,15,-21.8264840124539,-1.45509893416359,,,0.45942834163703,0.529607464751032,0.35723768161332,15,1,0.901893759281642,15,"full_metric_valid_set_weights; PI_matches_record_observation_model"
"tenfold",2,"joint_bb","Null","record_equal","record_equal",21,5,21,5,5,5,21,-23.011111829602,-1.09576722998105,,,0.255440436602238,0.294926845871337,-0.0342556272615135,18,1,0.924437373027212,18,"full_metric_valid_set_weights; PI_matches_record_observation_model"
"tenfold",2,"joint_bb","Null","record_equal","species_equal",21,5,21,5,5,5,21,-22.2888535853365,-1.06137398025412,,,0.346595013405536,0.414159939069328,0.168727911833137,18,1,0.876762127678106,18,"full_metric_valid_set_weights; PI_matches_record_observation_model"
"tenfold",3,"joint_bb","Null","record_equal","record_equal",7,5,7,5,5,5,7,-13.9106458032661,-1.98723511475231,,,0.492500127197646,0.55495911858169,0.388214582508794,7,1,0.917566437022899,7,"full_metric_valid_set_weights; PI_matches_record_observation_model"
"tenfold",3,"joint_bb","Null","record_equal","species_equal",7,5,7,5,5,5,7,-12.1938552971278,-1.74197932816112,,,0.512400118717803,0.572899194155506,0.398700296794508,7,1,0.913667699447472,7,"full_metric_valid_set_weights; PI_matches_record_observation_model"
"tenfold",4,"joint_bb","Null","record_equal","record_equal",34,5,34,5,4,4,34,-36.5639100977955,-1.0754091205234,,,0.316052784528146,0.344372815267103,-0.154939026551961,31,1,0.945436954884344,31,"full_metric_valid_set_weights; PI_matches_record_observation_model"
"tenfold",4,"joint_bb","Null","record_equal","species_equal",34,5,34,5,4,4,34,-60.1748838368017,-1.76984952461181,,,0.345182854790707,0.385687328624156,-0.033024948711849,31,1,0.872223562226261,31,"full_metric_valid_set_weights; PI_matches_record_observation_model"
"tenfold",5,"joint_bb","Null","record_equal","record_equal",13,5,13,5,5,5,13,-8.07063676230493,-0.620818212484995,,,0.251396080233563,0.284314070560452,-0.0278445528069787,13,0.923076923076923,0.870503307727857,13,"full_metric_valid_set_weights; PI_matches_record_observation_model"
"tenfold",5,"joint_bb","Null","record_equal","species_equal",13,5,13,5,5,5,13,-13.0461447257905,-1.00354959429157,,,0.30930128229527,0.339341220492493,0.0266169856545598,13,0.8,0.888123634290237,13,"full_metric_valid_set_weights; PI_matches_record_observation_model"
"tenfold",6,"joint_bb","Null","record_equal","record_equal",19,5,19,5,5,5,19,-24.6947186990058,-1.29972203678978,,,0.285194390747481,0.288696140368867,-0.25311199708929,19,1,0.958844988456849,19,"full_metric_valid_set_weights; PI_matches_record_observation_model"
"tenfold",6,"joint_bb","Null","record_equal","species_equal",19,5,19,5,5,5,19,-41.3001914474459,-2.17369428670768,,,0.255695534222466,0.267997787888722,-0.225217260247185,19,1,0.894761679783194,19,"full_metric_valid_set_weights; PI_matches_record_observation_model"
"tenfold",7,"joint_bb","Null","record_equal","record_equal",15,5,15,5,4,4,15,-37.088868596246,-2.47259123974973,,,0.177336267165812,0.213330789371631,-0.0416888398422464,14,1,0.944280129789164,14,"full_metric_valid_set_weights; PI_matches_record_observation_model"
"tenfold",7,"joint_bb","Null","record_equal","species_equal",15,5,15,5,4,4,15,-27.7297464191971,-1.8486497612798,,,0.12119682233141,0.164982177327346,-0.0277429073025639,14,1,0.894158299832956,14,"full_metric_valid_set_weights; PI_matches_record_observation_model"
"tenfold",8,"joint_bb","Null","record_equal","record_equal",14,5,14,5,5,5,14,-22.8747381251351,-1.63390986608108,,,0.524175743194608,0.585008629647818,0.381043672609699,14,0.857142857142857,0.901372989829538,14,"full_metric_valid_set_weights; PI_matches_record_observation_model"
"tenfold",8,"joint_bb","Null","record_equal","species_equal",14,5,14,5,5,5,14,-23.0800606694847,-1.64857576210605,,,0.495384530354338,0.557083698841772,0.367115101181128,14,0.75,0.844499468320118,14,"full_metric_valid_set_weights; PI_matches_record_observation_model"
"tenfold",9,"joint_bb","Null","record_equal","record_equal",8,5,8,5,5,5,8,-3.70701781425087,-0.463377226781359,,,0.28632920070936,0.341192267449982,-0.0976584014187201,8,1,0.93296576140678,8,"full_metric_valid_set_weights; PI_matches_record_observation_model"
"tenfold",9,"joint_bb","Null","record_equal","species_equal",8,5,8,5,5,5,8,-3.2962013702567,-0.412025171282087,,,0.294531680283744,0.376369365211528,0.00734159858127989,8,1,0.892745218250848,8,"full_metric_valid_set_weights; PI_matches_record_observation_model"
"tenfold",10,"joint_bb","Null","record_equal","record_equal",7,5,7,5,4,4,7,-3.14285053631488,-0.448978648044983,,,0.133333333333333,0.163393201799004,-0.0337902772787456,6,1,0.822701574749627,6,"full_metric_valid_set_weights; PI_matches_record_observation_model"
"tenfold",10,"joint_bb","Null","record_equal","species_equal",7,5,7,5,4,4,7,-2.03653336497402,-0.290933337853432,,,0.13321909734698,0.164125066671091,0.00787638938792111,6,1,0.800731322285419,6,"full_metric_valid_set_weights; PI_matches_record_observation_model"
"tenfold",1,"joint_bb","Null","species_equal","record_equal",15,6,15,6,6,6,15,-24.1448930537566,-1.60965953691711,,,0.45220323697571,0.504979907308711,0.297997412566998,15,1,0.945236951161568,15,"full_metric_valid_set_weights; PI_matches_record_observation_model"
"tenfold",1,"joint_bb","Null","species_equal","species_equal",15,6,15,6,6,6,15,-20.3247769113867,-1.35498512742578,,,0.426535599574258,0.491617362445086,0.298030745900331,15,1,0.931507500229334,15,"full_metric_valid_set_weights; PI_matches_record_observation_model"
"tenfold",2,"joint_bb","Null","species_equal","record_equal",21,5,21,5,5,5,21,-23.3570325755387,-1.11223964645422,,,0.268484698098842,0.307325547266271,-0.0929548039962308,18,1,0.947760049455246,18,"full_metric_valid_set_weights; PI_matches_record_observation_model"
"tenfold",2,"joint_bb","Null","species_equal","species_equal",21,5,21,5,5,5,21,-22.0216043436158,-1.04864782588647,,,0.340725095732064,0.393910737916215,0.110028735098419,18,1,0.917088511299125,18,"full_metric_valid_set_weights; PI_matches_record_observation_model"
"tenfold",3,"joint_bb","Null","species_equal","record_equal",7,5,7,5,5,5,7,-13.8395095089792,-1.97707278699703,,,0.469926708086479,0.519478919789091,0.335543271249404,7,1,0.936187198873552,7,"full_metric_valid_set_weights; PI_matches_record_observation_model"
"tenfold",3,"joint_bb","Null","species_equal","species_equal",7,5,7,5,5,5,7,-12.2383787961137,-1.74833982801624,,,0.491331594214047,0.537575686606512,0.346028985535118,7,1,0.932661530391842,7,"full_metric_valid_set_weights; PI_matches_record_observation_model"
"tenfold",4,"joint_bb","Null","species_equal","record_equal",34,5,34,5,4,4,34,-38.5733574009911,-1.13451051179386,,,0.341754939349763,0.361285915521389,-0.189581061311532,31,1,0.958908354705257,31,"full_metric_valid_set_weights; PI_matches_record_observation_model"
"tenfold",4,"joint_bb","Null","species_equal","species_equal",34,5,34,5,4,4,34,-61.4212350579724,-1.80650691346978,,,0.362503872170493,0.390183147862563,-0.0676669834714201,31,1,0.903318639268857,31,"full_metric_valid_set_weights; PI_matches_record_observation_model"
"tenfold",5,"joint_bb","Null","species_equal","record_equal",13,5,13,5,5,5,13,-8.15655070773168,-0.627426977517822,,,0.263505661168607,0.29412646630374,-0.0803194035255007,13,1,0.900064080622787,13,"full_metric_valid_set_weights; PI_matches_record_observation_model"
"tenfold",5,"joint_bb","Null","species_equal","species_equal",13,5,13,5,5,5,13,-12.1676012543552,-0.935969327258091,,,0.317697258410234,0.339282521190919,-0.0258578650639622,13,1,0.912952920108989,13,"full_metric_valid_set_weights; PI_matches_record_observation_model"
"tenfold",6,"joint_bb","Null","species_equal","record_equal",19,5,19,5,5,5,19,-26.8618129215366,-1.41377962744929,,,0.331969404482517,0.335473996255077,-0.305389953616683,19,1,0.969706929320184,19,"full_metric_valid_set_weights; PI_matches_record_observation_model"
"tenfold",6,"joint_bb","Null","species_equal","species_equal",19,5,19,5,5,5,19,-43.6782997161349,-2.29885787979658,,,0.30274569509712,0.313214934721781,-0.277495216774578,19,1,0.922458064835274,19,"full_metric_valid_set_weights; PI_matches_record_observation_model"
"tenfold",7,"joint_bb","Null","species_equal","record_equal",15,5,15,5,4,4,15,-36.5858520086537,-2.43905680057691,,,0.199621921915446,0.233587377840994,-0.103879722564611,14,1,0.964409092789757,14,"full_metric_valid_set_weights; PI_matches_record_observation_model"
"tenfold",7,"joint_bb","Null","species_equal","species_equal",15,5,15,5,4,4,15,-28.102143073643,-1.87347620490953,,,0.140892661402911,0.185842773651066,-0.0899337900249286,14,1,0.932873279675426,14,"full_metric_valid_set_weights; PI_matches_record_observation_model"
"tenfold",8,"joint_bb","Null","species_equal","record_equal",14,5,14,5,5,5,14,-19.8245071414561,-1.41603622438972,,,0.508138021041275,0.550098530656642,0.324911645073036,14,0.857142857142857,0.925302808226292,14,"full_metric_valid_set_weights; PI_matches_record_observation_model"
"tenfold",8,"joint_bb","Null","species_equal","species_equal",14,5,14,5,5,5,14,-19.0788992983392,-1.36277852130994,,,0.478544922093339,0.521803815713682,0.310983073644464,14,0.75,0.883242554421087,14,"full_metric_valid_set_weights; PI_matches_record_observation_model"
"tenfold",9,"joint_bb","Null","species_equal","record_equal",8,5,8,5,5,5,8,-4.80167327154248,-0.60020915894281,,,0.326416216202079,0.364068630932441,-0.160221621602772,8,1,0.953737958301194,8,"full_metric_valid_set_weights; PI_matches_record_observation_model"
"tenfold",9,"joint_bb","Null","species_equal","species_equal",8,5,8,5,5,5,8,-4.21493583428544,-0.52686697928568,,,0.321132972961663,0.380328052465815,-0.0552216216027724,8,1,0.92598073328191,8,"full_metric_valid_set_weights; PI_matches_record_observation_model"
"tenfold",10,"joint_bb","Null","species_equal","record_equal",7,5,7,5,4,4,7,-3.55955087550114,-0.508507267928734,,,0.153237559866729,0.18674112116226,-0.0965230064667602,6,1,0.889005116399821,6,"full_metric_valid_set_weights; PI_matches_record_observation_model"
"tenfold",10,"joint_bb","Null","species_equal","species_equal",7,5,7,5,4,4,7,-2.35787378877306,-0.336839112681866,,,0.139928169900047,0.17287052385026,-0.0548563398000935,6,1,0.875343359590361,6,"full_metric_valid_set_weights; PI_matches_record_observation_model"
"tenfold",1,"joint_bb","M1","record_equal","record_equal",15,6,15,6,6,6,15,-22.1558393636498,-1.47705595757665,,,0.394786583223736,0.438839272446642,0.293543760107008,15,1,0.90245991153995,15,"full_metric_valid_set_weights; PI_matches_record_observation_model"
"tenfold",1,"joint_bb","M1","record_equal","species_equal",15,6,15,6,6,6,15,-19.319191393623,-1.2879460929082,,,0.396262213522297,0.453665928844867,0.311893194258357,15,1,0.882898416358675,15,"full_metric_valid_set_weights; PI_matches_record_observation_model"
"tenfold",2,"joint_bb","M1","record_equal","record_equal",21,5,21,5,5,5,21,-23.7383730095236,-1.13039871473922,,,0.256750169824995,0.284332882913726,-0.0721185015371306,18,0.944444444444444,0.920100563156219,18,"full_metric_valid_set_weights; PI_matches_record_observation_model"
"tenfold",2,"joint_bb","M1","record_equal","species_equal",21,5,21,5,5,5,21,-20.696647867905,-0.985554660376427,,,0.312361988127484,0.35091491380644,0.114873881317352,18,0.8,0.851437176049341,18,"full_metric_valid_set_weights; PI_matches_record_observation_model"
"tenfold",3,"joint_bb","M1","record_equal","record_equal",7,5,7,5,5,5,7,-15.0694322635793,-2.15277603765419,,,0.45668085633997,0.497185545857995,0.257537656396703,7,1,0.954566476547244,7,"full_metric_valid_set_weights; PI_matches_record_observation_model"
"tenfold",3,"joint_bb","M1","record_equal","species_equal",7,5,7,5,5,5,7,-13.7630046713464,-1.96614352447806,,,0.459383661612745,0.489128537967704,0.214613757512628,7,1,0.96590694932983,7,"full_metric_valid_set_weights; PI_matches_record_observation_model"
"tenfold",4,"joint_bb","M1","record_equal","record_equal",34,5,34,5,4,4,34,-36.1359706496598,-1.06282266616647,,,0.295598333864745,0.332599373153002,-0.121724457786522,31,1,0.937004853394997,31,"full_metric_valid_set_weights; PI_matches_record_observation_model"
"tenfold",4,"joint_bb","M1","record_equal","species_equal",34,5,34,5,4,4,34,-60.52361796156,-1.78010641063412,,,0.343236897593218,0.39246135447511,-0.0100462688762392,31,1,0.861404857915042,31,"full_metric_valid_set_weights; PI_matches_record_observation_model"
"tenfold",5,"joint_bb","M1","record_equal","record_equal",13,5,13,5,5,5,13,-8.15363851643501,-0.627202962802693,,,0.279335878542958,0.328501623219232,-0.0729013929701856,13,1,0.87788923020953,13,"full_metric_valid_set_weights; PI_matches_record_observation_model"
"tenfold",5,"joint_bb","M1","record_equal","species_equal",13,5,13,5,5,5,13,-10.1052435506742,-0.777326426974937,,,0.301596040841846,0.341991771962519,-0.032395451066972,13,1,0.919446566693843,13,"full_metric_valid_set_weights; PI_matches_record_observation_model"
"tenfold",6,"joint_bb","M1","record_equal","record_equal",19,5,19,5,5,5,19,-21.4411434985443,-1.12848123676549,,,0.205377284334435,0.212519917214816,-0.166886613488456,19,1,0.945765334365562,19,"full_metric_valid_set_weights; PI_matches_record_observation_model"
"tenfold",6,"joint_bb","M1","record_equal","species_equal",19,5,19,5,5,5,19,-38.8064783670189,-2.0424462298431,,,0.203710913977236,0.218152056319889,-0.167144776673556,19,1,0.864900050625148,19,"full_metric_valid_set_weights; PI_matches_record_observation_model"
"tenfold",7,"joint_bb","M1","record_equal","record_equal",15,5,15,5,4,4,15,-35.7693652364203,-2.38462434909469,,,0.169881537371394,0.205065446916408,-0.00958181447501583,14,1,0.93725714791155,14,"full_metric_valid_set_weights; PI_matches_record_observation_model"
"tenfold",7,"joint_bb","M1","record_equal","species_equal",15,5,15,5,4,4,15,-26.448211917529,-1.76321412783527,,,0.118074705587274,0.154558038680808,0.00244835296215454,14,1,0.881650464152701,14,"full_metric_valid_set_weights; PI_matches_record_observation_model"
"tenfold",8,"joint_bb","M1","record_equal","record_equal",14,5,14,5,5,5,14,-22.126202918383,-1.58044306559878,,,0.495293836924141,0.568185701535128,0.395027111513728,14,0.857142857142857,0.900541960917934,14,"full_metric_valid_set_weights; PI_matches_record_observation_model"
"tenfold",8,"joint_bb","M1","record_equal","species_equal",14,5,14,5,5,5,14,-21.1363170233145,-1.50973693023675,,,0.466285190296936,0.538457153641079,0.378551805562826,14,0.75,0.846963989826478,14,"full_metric_valid_set_weights; PI_matches_record_observation_model"
"tenfold",9,"joint_bb","M1","record_equal","record_equal",8,5,8,5,5,5,8,-5.42326098679132,-0.677907623348916,,,0.326720545924692,0.35642803664813,-0.219900138332829,8,1,0.948071006050584,8,"full_metric_valid_set_weights; PI_matches_record_observation_model"
"tenfold",9,"joint_bb","M1","record_equal","species_equal",8,5,8,5,5,5,8,-4.99756592471742,-0.624695740589678,,,0.325665122753419,0.356229046638933,-0.154752470606438,8,1,0.916913609680935,8,"full_metric_valid_set_weights; PI_matches_record_observation_model"
"tenfold",10,"joint_bb","M1","record_equal","record_equal",7,5,7,5,4,4,7,-3.58563396994359,-0.512233424277655,,,0.139838776363932,0.163286570067811,-0.00528697075392502,6,1,0.783201750935081,6,"full_metric_valid_set_weights; PI_matches_record_observation_model"
"tenfold",10,"joint_bb","M1","record_equal","species_equal",7,5,7,5,4,4,7,-2.85283789317744,-0.40754827045392,,,0.148476727766434,0.170936543969977,0.0396324174280409,6,1,0.751828781813735,6,"full_metric_valid_set_weights; PI_matches_record_observation_model"
"tenfold",1,"joint_bb","M1","species_equal","record_equal",15,6,15,6,6,6,15,-21.3937785480924,-1.42625190320616,,,0.374377040314765,0.411743091644444,0.251136061043545,15,1,0.908769820431468,15,"full_metric_valid_set_weights; PI_matches_record_observation_model"
"tenfold",1,"joint_bb","M1","species_equal","species_equal",15,6,15,6,6,6,15,-18.8799748102794,-1.25866498735196,,,0.383679647739576,0.439784369680519,0.280978831680226,15,1,0.887395443550396,15,"full_metric_valid_set_weights; PI_matches_record_observation_model"
"tenfold",2,"joint_bb","M1","species_equal","record_equal",21,5,21,5,5,5,21,-23.1297655077439,-1.10141740513066,,,0.253013183422231,0.280262811893003,-0.0698203786273411,18,0.944444444444444,0.916984308280265,18,"full_metric_valid_set_weights; PI_matches_record_observation_model"
"tenfold",2,"joint_bb","M1","species_equal","species_equal",21,5,21,5,5,5,21,-20.7060847576808,-0.986004036080037,,,0.314867337319657,0.35194107452232,0.11131005818962,18,0.8,0.857631782601623,18,"full_metric_valid_set_weights; PI_matches_record_observation_model"
"tenfold",3,"joint_bb","M1","species_equal","record_equal",7,5,7,5,5,5,7,-16.9629448292431,-2.42327783274901,,,0.469505644046402,0.512314664557287,0.254510643022959,7,1,0.946141268546924,7,"full_metric_valid_set_weights; PI_matches_record_observation_model"
"tenfold",3,"joint_bb","M1","species_equal","species_equal",7,5,7,5,5,5,7,-16.7193030187252,-2.38847185981788,,,0.481734270592569,0.515461610241276,0.205312509373208,7,1,0.961236078595804,7,"full_metric_valid_set_weights; PI_matches_record_observation_model"
"tenfold",4,"joint_bb","M1","species_equal","record_equal",34,5,34,5,4,4,34,-36.1305711647146,-1.06266385778572,,,0.300294812003811,0.333566193191608,-0.13162039767722,31,1,0.935873614320831,31,"full_metric_valid_set_weights; PI_matches_record_observation_model"
"tenfold",4,"joint_bb","M1","species_equal","species_equal",34,5,34,5,4,4,34,-60.276182504319,-1.77282889718585,,,0.344880043501164,0.388820368264795,-0.0208567177321644,31,1,0.860728887769352,31,"full_metric_valid_set_weights; PI_matches_record_observation_model"
"tenfold",5,"joint_bb","M1","species_equal","record_equal",13,5,13,5,5,5,13,-8.45281216781321,-0.650216320601016,,,0.292027608566311,0.338420573632706,-0.110700949670493,13,1,0.883332328002802,13,"full_metric_valid_set_weights; PI_matches_record_observation_model"
"tenfold",5,"joint_bb","M1","species_equal","species_equal",13,5,13,5,5,5,13,-10.5913172368813,-0.814716710529331,,,0.317176502337401,0.350909753317953,-0.0683495827075373,13,1,0.919586062286394,13,"full_metric_valid_set_weights; PI_matches_record_observation_model"
"tenfold",6,"joint_bb","M1","species_equal","record_equal",19,5,19,5,5,5,19,-23.2927949060547,-1.22593657400288,,,0.242360501878003,0.246810910246661,-0.208805260417656,19,1,0.9513631961292,19,"full_metric_valid_set_weights; PI_matches_record_observation_model"
"tenfold",6,"joint_bb","M1","species_equal","species_equal",19,5,19,5,5,5,19,-41.1772293943053,-2.16722259970028,,,0.237329281933857,0.249424589838506,-0.205451802546527,19,1,0.877834511151089,19,"full_metric_valid_set_weights; PI_matches_record_observation_model"
"tenfold",7,"joint_bb","M1","species_equal","record_equal",15,5,15,5,4,4,15,-34.9652877249953,-2.33101918166635,,,0.176816877472607,0.212006437099342,-0.0469199404178044,14,1,0.944485045591104,14,"full_metric_valid_set_weights; PI_matches_record_observation_model"
"tenfold",7,"joint_bb","M1","species_equal","species_equal",15,5,15,5,4,4,15,-25.9062838345694,-1.7270855889713,,,0.117916061109312,0.161634570203392,-0.0320290918293216,14,1,0.892815666976764,14,"full_metric_valid_set_weights; PI_matches_record_observation_model"
"tenfold",8,"joint_bb","M1","species_equal","record_equal",14,5,14,5,5,5,14,-18.0902797764546,-1.29216284117533,,,0.457729949711119,0.509419840677535,0.319782281716708,14,1,0.921492179163882,14,"full_metric_valid_set_weights; PI_matches_record_observation_model"
"tenfold",8,"joint_bb","M1","species_equal","species_equal",14,5,14,5,5,5,14,-16.398802721135,-1.17134305150964,,,0.425616447196675,0.478532617733026,0.302427732562152,14,1,0.879055971276774,14,"full_metric_valid_set_weights; PI_matches_record_observation_model"
"tenfold",9,"joint_bb","M1","species_equal","record_equal",8,5,8,5,5,5,8,-7.18803997535826,-0.898504996919783,,,0.362917825970833,0.391721840471915,-0.253696088191393,8,1,0.950433155931841,8,"full_metric_valid_set_weights; PI_matches_record_observation_model"
"tenfold",9,"joint_bb","M1","species_equal","species_equal",8,5,8,5,5,5,8,-7.08986255330771,-0.886232819163464,,,0.358171350175675,0.386645998240029,-0.183416569728571,8,1,0.920693049490946,8,"full_metric_valid_set_weights; PI_matches_record_observation_model"
"tenfold",10,"joint_bb","M1","species_equal","record_equal",7,5,7,5,4,4,7,-3.49326683808427,-0.499038119726325,,,0.135572827388141,0.162985477955315,-0.0261731655202758,6,1,0.801304014958144,6,"full_metric_valid_set_weights; PI_matches_record_observation_model"
"tenfold",10,"joint_bb","M1","species_equal","species_equal",7,5,7,5,4,4,7,-2.72594410383626,-0.389420586262323,,,0.137922742855107,0.16538686637983,0.0166132481737946,6,1,0.774684763141504,6,"full_metric_valid_set_weights; PI_matches_record_observation_model"
"tenfold",1,"joint_bb","M2","record_equal","record_equal",15,6,15,6,6,6,15,-21.5535363794513,-1.43690242529675,,,0.377629445537733,0.419241442803424,0.276379022899835,15,1,0.900952388733844,15,"full_metric_valid_set_weights; PI_matches_record_observation_model"
"tenfold",1,"joint_bb","M2","record_equal","species_equal",15,6,15,6,6,6,15,-18.9464227294066,-1.26309484862711,,,0.386561311113292,0.444263672808025,0.302185958915044,15,1,0.881509148610124,15,"full_metric_valid_set_weights; PI_matches_record_observation_model"
"tenfold",2,"joint_bb","M2","record_equal","record_equal",21,5,21,5,5,5,21,-23.459277449548,-1.11710844997848,,,0.246811035531684,0.270719918888139,-0.0680901158799394,18,0.944444444444444,0.912737343500362,18,"full_metric_valid_set_weights; PI_matches_record_observation_model"
"tenfold",2,"joint_bb","M2","record_equal","species_equal",21,5,21,5,5,5,21,-20.2029855686118,-0.962046931838658,,,0.296969059629926,0.330278725754195,0.100541848135912,18,0.8,0.846873534223443,18,"full_metric_valid_set_weights; PI_matches_record_observation_model"
"tenfold",3,"joint_bb","M2","record_equal","record_equal",7,5,7,5,5,5,7,-14.5771356391636,-2.08244794845195,,,0.448502547564606,0.493165428640038,0.272785659841694,7,1,0.938365269033574,7,"full_metric_valid_set_weights; PI_matches_record_observation_model"
"tenfold",3,"joint_bb","M2","record_equal","species_equal",7,5,7,5,5,5,7,-13.3018295850696,-1.90026136929566,,,0.448911516254758,0.483090647175659,0.223586742534003,7,1,0.953849436054001,7,"full_metric_valid_set_weights; PI_matches_record_observation_model"
"tenfold",4,"joint_bb","M2","record_equal","record_equal",34,5,34,5,4,4,34,-35.5384962871836,-1.04524989079952,,,0.28973784367065,0.3278291254591,-0.116509966082163,31,1,0.933257697113047,31,"full_metric_valid_set_weights; PI_matches_record_observation_model"
"tenfold",4,"joint_bb","M2","record_equal","species_equal",34,5,34,5,4,4,34,-59.4984175518731,-1.74995345740803,,,0.332726871972042,0.385861666876735,-0.00127382708370479,31,1,0.850509478503044,31,"full_metric_valid_set_weights; PI_matches_record_observation_model"
"tenfold",5,"joint_bb","M2","record_equal","record_equal",13,5,13,5,5,5,13,-7.61411920178711,-0.585701477060547,,,0.267342153473776,0.312204287313434,-0.0734716719939792,13,1,0.883242030688584,13,"full_metric_valid_set_weights; PI_matches_record_observation_model"
"tenfold",5,"joint_bb","M2","record_equal","species_equal",13,5,13,5,5,5,13,-9.62654438717662,-0.740503414398201,,,0.290917709184427,0.32805833577646,-0.031413577133448,13,1,0.921936158287847,13,"full_metric_valid_set_weights; PI_matches_record_observation_model"
"tenfold",6,"joint_bb","M2","record_equal","record_equal",19,5,19,5,5,5,19,-21.4401719775744,-1.12843010408286,,,0.205146063054178,0.211549773061645,-0.166838940624528,19,1,0.942252552640928,19,"full_metric_valid_set_weights; PI_matches_record_observation_model"
"tenfold",6,"joint_bb","M2","record_equal","species_equal",19,5,19,5,5,5,19,-38.5855310830004,-2.03081742542107,,,0.2013299263616,0.213193369846151,-0.164938160053433,19,1,0.85254553696823,19,"full_metric_valid_set_weights; PI_matches_record_observation_model"
"tenfold",7,"joint_bb","M2","record_equal","record_equal",15,5,15,5,4,4,15,-35.6407078965097,-2.37604719310065,,,0.164231198007419,0.205717243954189,0.0056066482443154,14,1,0.933165955832186,14,"full_metric_valid_set_weights; PI_matches_record_observation_model"
"tenfold",7,"joint_bb","M2","record_equal","species_equal",15,5,15,5,4,4,15,-26.1394391193392,-1.74262927462261,,,0.112377977762935,0.153194345982361,0.00288068974059361,14,1,0.881725690761124,14,"full_metric_valid_set_weights; PI_matches_record_observation_model"
"tenfold",8,"joint_bb","M2","record_equal","record_equal",14,5,14,5,5,5,14,-21.0540697914616,-1.50386212796155,,,0.482590375842162,0.551257985132747,0.376282577448442,14,0.857142857142857,0.901541459552438,14,"full_metric_valid_set_weights; PI_matches_record_observation_model"
"tenfold",8,"joint_bb","M2","record_equal","species_equal",14,5,14,5,5,5,14,-19.9350395295063,-1.42393139496474,,,0.452417962274819,0.5210705198532,0.359398638680315,14,0.75,0.849574468298593,14,"full_metric_valid_set_weights; PI_matches_record_observation_model"
"tenfold",9,"joint_bb","M2","record_equal","record_equal",8,5,8,5,5,5,8,-5.14519934694265,-0.643149918367831,,,0.314646956750022,0.345061226511487,-0.22455202525259,8,1,0.945121805658636,8,"full_metric_valid_set_weights; PI_matches_record_observation_model"
"tenfold",9,"joint_bb","M2","record_equal","species_equal",8,5,8,5,5,5,8,-4.56435998340923,-0.570544997926153,,,0.308118561694658,0.337968505444209,-0.163966671298767,8,1,0.912194889053817,8,"full_metric_valid_set_weights; PI_matches_record_observation_model"
"tenfold",10,"joint_bb","M2","record_equal","record_equal",7,5,7,5,4,4,7,-3.1801991888901,-0.454314169841442,,,0.142483630904377,0.166540335027897,-0.0232690401889771,6,1,0.790609520920119,6,"full_metric_valid_set_weights; PI_matches_record_observation_model"
"tenfold",10,"joint_bb","M2","record_equal","species_equal",7,5,7,5,4,4,7,-2.31376742633898,-0.330538203762712,,,0.147287278583227,0.169275468849397,0.0229727752632114,6,1,0.759732420772013,6,"full_metric_valid_set_weights; PI_matches_record_observation_model"
"tenfold",1,"joint_bb","M2","species_equal","record_equal",15,6,15,6,6,6,15,-20.2306431339024,-1.34870954226016,,,0.329282077842012,0.367986854906429,0.208751321368159,15,1,0.908773757221167,15,"full_metric_valid_set_weights; PI_matches_record_observation_model"
"tenfold",1,"joint_bb","M2","species_equal","species_equal",15,6,15,6,6,6,15,-18.0832808930844,-1.20555205953896,,,0.354937777892665,0.41253789503042,0.254495480831121,15,1,0.888686991429185,15,"full_metric_valid_set_weights; PI_matches_record_observation_model"
"tenfold",2,"joint_bb","M2","species_equal","record_equal",21,5,21,5,5,5,21,-23.0099178886286,-1.09571037564898,,,0.247714753468471,0.271188570378415,-0.0881385690497685,18,0.944444444444444,0.916148269053581,18,"full_metric_valid_set_weights; PI_matches_record_observation_model"
"tenfold",2,"joint_bb","M2","species_equal","species_equal",21,5,21,5,5,5,21,-19.3647183002181,-0.922129442867531,,,0.284794027296579,0.312062417858931,0.072938398896784,18,0.8,0.857577272439889,18,"full_metric_valid_set_weights; PI_matches_record_observation_model"
"tenfold",3,"joint_bb","M2","species_equal","record_equal",7,5,7,5,5,5,7,-15.0611463623436,-2.15159233747766,,,0.437147279817507,0.483393308694619,0.244813698856923,7,1,0.943603003943138,7,"full_metric_valid_set_weights; PI_matches_record_observation_model"
"tenfold",3,"joint_bb","M2","species_equal","species_equal",7,5,7,5,5,5,7,-13.9752760032805,-1.99646800046864,,,0.435545358389683,0.473844916914968,0.193377123885531,7,1,0.958070360771248,7,"full_metric_valid_set_weights; PI_matches_record_observation_model"
"tenfold",4,"joint_bb","M2","species_equal","record_equal",34,5,34,5,4,4,34,-35.2932178754159,-1.03803581986517,,,0.291748887145227,0.326900361555333,-0.123443623751166,31,1,0.930013772820903,31,"full_metric_valid_set_weights; PI_matches_record_observation_model"
"tenfold",4,"joint_bb","M2","species_equal","species_equal",34,5,34,5,4,4,34,-58.7570223998416,-1.7281477176424,,,0.329240200857311,0.379576695140809,-0.00665087192202873,31,1,0.84429042514333,31,"full_metric_valid_set_weights; PI_matches_record_observation_model"
"tenfold",5,"joint_bb","M2","species_equal","record_equal",13,5,13,5,5,5,13,-8.21075981915614,-0.631596909165857,,,0.282983308272382,0.329032195784375,-0.101849334202887,13,1,0.880280559432681,13,"full_metric_valid_set_weights; PI_matches_record_observation_model"
"tenfold",5,"joint_bb","M2","species_equal","species_equal",13,5,13,5,5,5,13,-10.4230058983931,-0.801769684491777,,,0.309169820250806,0.343882484018218,-0.0564713469337388,13,1,0.916079743283443,13,"full_metric_valid_set_weights; PI_matches_record_observation_model"
"tenfold",6,"joint_bb","M2","species_equal","record_equal",19,5,19,5,5,5,19,-23.0552242369907,-1.21343285457846,,,0.236069780960513,0.24037479320261,-0.201975868984669,19,1,0.947551523282723,19,"full_metric_valid_set_weights; PI_matches_record_observation_model"
"tenfold",6,"joint_bb","M2","species_equal","species_equal",19,5,19,5,5,5,19,-40.6136460815861,-2.13756032008348,,,0.231951087696808,0.242413582114724,-0.199561871319757,19,1,0.866695681368835,19,"full_metric_valid_set_weights; PI_matches_record_observation_model"
"tenfold",7,"joint_bb","M2","species_equal","record_equal",15,5,15,5,4,4,15,-34.5497278815041,-2.30331519210027,,,0.172194802987242,0.209451401457881,-0.0336340107653462,14,1,0.939181414594561,14,"full_metric_valid_set_weights; PI_matches_record_observation_model"
"tenfold",7,"joint_bb","M2","species_equal","species_equal",15,5,15,5,4,4,15,-25.4579823139318,-1.69719882092879,,,0.113551242667995,0.159140991226545,-0.0297581389294289,14,1,0.888332877476008,14,"full_metric_valid_set_weights; PI_matches_record_observation_model"
"tenfold",8,"joint_bb","M2","species_equal","record_equal",14,5,14,5,5,5,14,-17.6951368354126,-1.26393834538661,,,0.446194417406023,0.496034902587662,0.307744174938891,14,1,0.91892010115693,14,"full_metric_valid_set_weights; PI_matches_record_observation_model"
"tenfold",8,"joint_bb","M2","species_equal","species_equal",14,5,14,5,5,5,14,-15.9234927333604,-1.13739233809717,,,0.413504138276324,0.46465178894892,0.289822900658535,14,1,0.875964889103891,14,"full_metric_valid_set_weights; PI_matches_record_observation_model"
"tenfold",9,"joint_bb","M2","species_equal","record_equal",8,5,8,5,5,5,8,-6.76618178588432,-0.84577272323554,,,0.332487000321886,0.366186671896856,-0.257096273106581,8,1,0.945176963857231,8,"full_metric_valid_set_weights; PI_matches_record_observation_model"
"tenfold",9,"joint_bb","M2","species_equal","species_equal",8,5,8,5,5,5,8,-6.59684886875979,-0.824606108594974,,,0.322017242017742,0.353289007766022,-0.201392078473254,8,1,0.91228314217157,8,"full_metric_valid_set_weights; PI_matches_record_observation_model"
"tenfold",10,"joint_bb","M2","species_equal","record_equal",7,5,7,5,4,4,7,-3.0586385863552,-0.436948369479314,,,0.138350834179804,0.16691188795902,-0.0388477296621616,6,1,0.800681253936985,6,"full_metric_valid_set_weights; PI_matches_record_observation_model"
"tenfold",10,"joint_bb","M2","species_equal","species_equal",7,5,7,5,4,4,7,-2.16503427432657,-0.309290610618081,,,0.138226610309215,0.165679299223944,0.00532768742774047,6,1,0.773771770263141,6,"full_metric_valid_set_weights; PI_matches_record_observation_model"
"tenfold",1,"joint_bb","M3","record_equal","record_equal",15,6,15,6,6,6,15,-20.669576954604,-1.3779717969736,,,0.332946861217964,0.374434644074541,0.217336636233005,15,1,0.911334316964694,15,"full_metric_valid_set_weights; PI_matches_record_observation_model"
"tenfold",1,"joint_bb","M3","record_equal","species_equal",15,6,15,6,6,6,15,-18.6211676099014,-1.24141117399342,,,0.357314780376813,0.4198746564986,0.26097292622268,15,1,0.896683859306985,15,"full_metric_valid_set_weights; PI_matches_record_observation_model"
"tenfold",2,"joint_bb","M3","record_equal","record_equal",21,5,21,5,5,5,21,-23.7721214427583,-1.13200578298849,,,0.249881340340041,0.275173303652103,-0.0920255150757524,18,0.944444444444444,0.921661301443153,18,"full_metric_valid_set_weights; PI_matches_record_observation_model"
"tenfold",2,"joint_bb","M3","record_equal","species_equal",21,5,21,5,5,5,21,-20.3329636380947,-0.968236363718796,,,0.290296821881265,0.319287098749973,0.0720107941480579,18,0.8,0.860002165281172,18,"full_metric_valid_set_weights; PI_matches_record_observation_model"
"tenfold",3,"joint_bb","M3","record_equal","record_equal",7,5,7,5,5,5,7,-14.1591369895741,-2.02273385565345,,,0.431306719915214,0.478489293503824,0.212095961460862,7,1,0.980748683813473,7,"full_metric_valid_set_weights; PI_matches_record_observation_model"
"tenfold",3,"joint_bb","M3","record_equal","species_equal",7,5,7,5,5,5,7,-12.1363344110823,-1.73376205872604,,,0.426793188804869,0.464278185207299,0.181558928443334,7,1,0.984025452055608,7,"full_metric_valid_set_weights; PI_matches_record_observation_model"
"tenfold",4,"joint_bb","M3","record_equal","record_equal",34,5,34,5,4,4,34,-31.8727489131889,-0.93743379156438,,,0.244092116596497,0.28532621835374,-0.0807150541074436,31,1,0.927249680169444,31,"full_metric_valid_set_weights; PI_matches_record_observation_model"
"tenfold",4,"joint_bb","M3","record_equal","species_equal",34,5,34,5,4,4,34,-56.9420923951311,-1.67476742338621,,,0.306871723596118,0.355971567019389,-0.000445190468498403,31,1,0.845087021803974,31,"full_metric_valid_set_weights; PI_matches_record_observation_model"
"tenfold",5,"joint_bb","M3","record_equal","record_equal",13,5,13,5,5,5,13,-6.49670263968086,-0.499746356898528,,,0.229909042035997,0.263956343140117,-0.0359823333470679,13,1,0.882269502788975,13,"full_metric_valid_set_weights; PI_matches_record_observation_model"
"tenfold",5,"joint_bb","M3","record_equal","species_equal",13,5,13,5,5,5,13,-8.80568153036254,-0.677360117720196,,,0.261763405798432,0.291844000465076,0.00164479988901574,13,1,0.919811977154407,13,"full_metric_valid_set_weights; PI_matches_record_observation_model"
"tenfold",6,"joint_bb","M3","record_equal","record_equal",19,5,19,5,5,5,19,-23.2690509604255,-1.22468689265397,,,0.234576640109642,0.242872290517612,-0.193483177844772,19,1,0.955138810786337,19,"full_metric_valid_set_weights; PI_matches_record_observation_model"
"tenfold",6,"joint_bb","M3","record_equal","species_equal",19,5,19,5,5,5,19,-41.3025282566541,-2.17381727666601,,,0.243379002538603,0.266335301281128,-0.18603222660017,19,1,0.895303730868187,19,"full_metric_valid_set_weights; PI_matches_record_observation_model"
"tenfold",7,"joint_bb","M3","record_equal","record_equal",15,5,15,5,4,4,15,-35.1901900854045,-2.3460126723603,,,0.1601801146045,0.211412899178199,0.0151804838538162,14,1,0.932761187393135,14,"full_metric_valid_set_weights; PI_matches_record_observation_model"
"tenfold",7,"joint_bb","M3","record_equal","species_equal",15,5,15,5,4,4,15,-25.5891024060208,-1.70594016040139,,,0.108143021075557,0.157535613996412,-0.0028255986311998,14,1,0.884136570133222,14,"full_metric_valid_set_weights; PI_matches_record_observation_model"
"tenfold",8,"joint_bb","M3","record_equal","record_equal",14,5,14,5,5,5,14,-21.1737548803856,-1.51241106288469,,,0.471108820588756,0.533878605406359,0.353540639445701,14,1,0.909079091060614,14,"full_metric_valid_set_weights; PI_matches_record_observation_model"
"tenfold",8,"joint_bb","M3","record_equal","species_equal",14,5,14,5,5,5,14,-19.5350454916896,-1.39536039226354,,,0.439664261618194,0.503375010580559,0.336447444098,14,1,0.859973629217691,14,"full_metric_valid_set_weights; PI_matches_record_observation_model"
"tenfold",9,"joint_bb","M3","record_equal","record_equal",8,5,8,5,5,5,8,-4.89360433347477,-0.611700541684347,,,0.30852656710023,0.344589782808336,-0.244379281539938,8,1,0.932091913079374,8,"full_metric_valid_set_weights; PI_matches_record_observation_model"
"tenfold",9,"joint_bb","M3","record_equal","species_equal",8,5,8,5,5,5,8,-3.46526117155525,-0.433157646444407,,,0.274085562778683,0.318093982325206,-0.171449905882217,8,1,0.891347060926998,8,"full_metric_valid_set_weights; PI_matches_record_observation_model"
"tenfold",10,"joint_bb","M3","record_equal","record_equal",7,5,7,5,4,4,7,-3.9954656180873,-0.5707808025839,,,0.142585753240848,0.167190888438172,-0.0163137587800128,6,1,0.815783422336011,6,"full_metric_valid_set_weights; PI_matches_record_observation_model"
"tenfold",10,"joint_bb","M3","record_equal","species_equal",7,5,7,5,4,4,7,-3.16841627382347,-0.452630896260496,,,0.154291312853449,0.182262695916835,0.0351166788378036,6,1,0.770192849779868,6,"full_metric_valid_set_weights; PI_matches_record_observation_model"
"tenfold",1,"joint_bb","M3","species_equal","record_equal",15,6,15,6,6,6,15,-21.1162131887301,-1.40774754591534,,,0.300990432155042,0.364606926589781,0.174644011492911,15,1,0.896066977093924,15,"full_metric_valid_set_weights; PI_matches_record_observation_model"
"tenfold",1,"joint_bb","M3","species_equal","species_equal",15,6,15,6,6,6,15,-19.5159753209549,-1.30106502139699,,,0.348728525264983,0.429014392334815,0.243439841379874,15,1,0.87282043174513,15,"full_metric_valid_set_weights; PI_matches_record_observation_model"
"tenfold",2,"joint_bb","M3","species_equal","record_equal",21,5,21,5,5,5,21,-24.6449734641858,-1.17357016496123,,,0.237923444618858,0.262223640227083,-0.0872876618416481,18,0.944444444444444,0.901450721310604,18,"full_metric_valid_set_weights; PI_matches_record_observation_model"
"tenfold",2,"joint_bb","M3","species_equal","species_equal",21,5,21,5,5,5,21,-22.0996620823438,-1.05236486106399,,,0.271444027096587,0.29761773610511,0.0545855663246017,18,0.8,0.835675626491023,18,"full_metric_valid_set_weights; PI_matches_record_observation_model"
"tenfold",3,"joint_bb","M3","species_equal","record_equal",7,5,7,5,5,5,7,-14.2472868063198,-2.03532668661711,,,0.423730848310529,0.472521811406208,0.214014787227832,7,1,0.968494094406863,7,"full_metric_valid_set_weights; PI_matches_record_observation_model"
"tenfold",3,"joint_bb","M3","species_equal","species_equal",7,5,7,5,5,5,7,-12.5180923694021,-1.78829890991459,,,0.419230405404859,0.462188556231933,0.175533676978034,7,1,0.974737544324114,7,"full_metric_valid_set_weights; PI_matches_record_observation_model"
"tenfold",4,"joint_bb","M3","species_equal","record_equal",34,5,34,5,4,4,34,-30.804092870439,-0.9060027314835,,,0.23575698376891,0.282155248068997,-0.0672629005739255,31,1,0.91346491714819,31,"full_metric_valid_set_weights; PI_matches_record_observation_model"
"tenfold",4,"joint_bb","M3","species_equal","species_equal",34,5,34,5,4,4,34,-56.2197243234816,-1.65352130363181,,,0.308563309337913,0.361284772454889,0.0048647602186234,31,1,0.82093343492573,31,"full_metric_valid_set_weights; PI_matches_record_observation_model"
"tenfold",5,"joint_bb","M3","species_equal","record_equal",13,5,13,5,5,5,13,-7.31197588286605,-0.562459683297388,,,0.255223041504512,0.292495382859324,-0.0795479930337006,13,1,0.871124855427024,13,"full_metric_valid_set_weights; PI_matches_record_observation_model"
"tenfold",5,"joint_bb","M3","species_equal","species_equal",13,5,13,5,5,5,13,-9.41207821744627,-0.724006016726636,,,0.282726468445439,0.312331791631691,-0.0391082220993474,13,1,0.909858740298898,13,"full_metric_valid_set_weights; PI_matches_record_observation_model"
"tenfold",6,"joint_bb","M3","species_equal","record_equal",19,5,19,5,5,5,19,-23.8800372974112,-1.2568440682848,,,0.243686387151641,0.252101569234857,-0.208116671380688,19,1,0.948080439204248,19,"full_metric_valid_set_weights; PI_matches_record_observation_model"
"tenfold",6,"joint_bb","M3","species_equal","species_equal",19,5,19,5,5,5,19,-42.0888409641514,-2.21520215600797,,,0.239558252922982,0.265708989505936,-0.197787993702422,19,1,0.875624482115819,19,"full_metric_valid_set_weights; PI_matches_record_observation_model"
"tenfold",7,"joint_bb","M3","species_equal","record_equal",15,5,15,5,4,4,15,-35.1606671427819,-2.34404447618546,,,0.160101815927857,0.226186860783589,0.0320671908422958,14,1,0.922775741683007,14,"full_metric_valid_set_weights; PI_matches_record_observation_model"
"tenfold",7,"joint_bb","M3","species_equal","species_equal",15,5,15,5,4,4,15,-25.0484824354419,-1.66989882902946,,,0.108462348601542,0.169218084036234,-0.0105923519328022,14,1,0.876581896151613,14,"full_metric_valid_set_weights; PI_matches_record_observation_model"
"tenfold",8,"joint_bb","M3","species_equal","record_equal",14,5,14,5,5,5,14,-17.3843738861057,-1.2417409918647,,,0.431772665850242,0.476113124800407,0.284206602335279,14,1,0.916688272073604,14,"full_metric_valid_set_weights; PI_matches_record_observation_model"
"tenfold",8,"joint_bb","M3","species_equal","species_equal",14,5,14,5,5,5,14,-15.2580211123204,-1.08985865088003,,,0.398361299142754,0.444241942781096,0.265746556898091,14,1,0.873951766702094,14,"full_metric_valid_set_weights; PI_matches_record_observation_model"
"tenfold",9,"joint_bb","M3","species_equal","record_equal",8,5,8,5,5,5,8,-7.35139423294179,-0.918924279117724,,,0.377341397664789,0.407076734997874,-0.331194086794663,8,1,0.947147802117345,8,"full_metric_valid_set_weights; PI_matches_record_observation_model"
"tenfold",9,"joint_bb","M3","species_equal","species_equal",8,5,8,5,5,5,8,-6.01107040660398,-0.751383800825498,,,0.327400864022139,0.365087265434985,-0.253565166629937,8,1,0.915436483387753,8,"full_metric_valid_set_weights; PI_matches_record_observation_model"
"tenfold",10,"joint_bb","M3","species_equal","record_equal",7,5,7,5,4,4,7,-4.28944304521055,-0.612777577887221,,,0.130889429689167,0.166339198652873,0.00362447553250002,6,1,0.763331868627605,6,"full_metric_valid_set_weights; PI_matches_record_observation_model"
"tenfold",10,"joint_bb","M3","species_equal","species_equal",7,5,7,5,4,4,7,-3.75544582629862,-0.536492260899803,,,0.148609786725,0.188569000087156,0.0531610711075001,6,1,0.71268468655407,6,"full_metric_valid_set_weights; PI_matches_record_observation_model"
