"row_id","Species","weight","Weighting","WeightAlgorithm","Normalization","Design","Route","Model","TrainWeighting","Fold","FitKey","Stage"
1,"synthetic_07",1,"record_equal","N_train/(S_train*R_species); total_weight=N_train","total_weight_equals_record_count","integration","binary","Null","record_equal",1,"e0e37823be5a93f0208dd5dfc4ef8b4643feb365f9405c81245a812cb29eb161","cv"
2,"synthetic_07",1,"record_equal","N_train/(S_train*R_species); total_weight=N_train","total_weight_equals_record_count","integration","binary","Null","record_equal",1,"e0e37823be5a93f0208dd5dfc4ef8b4643feb365f9405c81245a812cb29eb161","cv"
3,"synthetic_07",1,"record_equal","N_train/(S_train*R_species); total_weight=N_train","total_weight_equals_record_count","integration","binary","Null","record_equal",1,"e0e37823be5a93f0208dd5dfc4ef8b4643feb365f9405c81245a812cb29eb161","cv"
4,"synthetic_07",1,"record_equal","N_train/(S_train*R_species); total_weight=N_train","total_weight_equals_record_count","integration","binary","Null","record_equal",1,"e0e37823be5a93f0208dd5dfc4ef8b4643feb365f9405c81245a812cb29eb161","cv"
5,"synthetic_07",1,"record_equal","N_train/(S_train*R_species); total_weight=N_train","total_weight_equals_record_count","integration","binary","Null","record_equal",1,"e0e37823be5a93f0208dd5dfc4ef8b4643feb365f9405c81245a812cb29eb161","cv"
6,"synthetic_07",1,"record_equal","N_train/(S_train*R_species); total_weight=N_train","total_weight_equals_record_count","integration","binary","Null","record_equal",1,"e0e37823be5a93f0208dd5dfc4ef8b4643feb365f9405c81245a812cb29eb161","cv"
7,"synthetic_07",1,"record_equal","N_train/(S_train*R_species); total_weight=N_train","total_weight_equals_record_count","integration","binary","Null","record_equal",1,"e0e37823be5a93f0208dd5dfc4ef8b4643feb365f9405c81245a812cb29eb161","cv"
8,"synthetic_08",1,"record_equal","N_train/(S_train*R_species); total_weight=N_train","total_weight_equals_record_count","integration","binary","Null","record_equal",1,"e0e37823be5a93f0208dd5dfc4ef8b4643feb365f9405c81245a812cb29eb161","cv"
9,"synthetic_08",1,"record_equal","N_train/(S_train*R_species); total_weight=N_train","total_weight_equals_record_count","integration","binary","Null","record_equal",1,"e0e37823be5a93f0208dd5dfc4ef8b4643feb365f9405c81245a812cb29eb161","cv"
10,"synthetic_08",1,"record_equal","N_train/(S_train*R_species); total_weight=N_train","total_weight_equals_record_count","integration","binary","Null","record_equal",1,"e0e37823be5a93f0208dd5dfc4ef8b4643feb365f9405c81245a812cb29eb161","cv"
11,"synthetic_08",1,"record_equal","N_train/(S_train*R_species); total_weight=N_train","total_weight_equals_record_count","integration","binary","Null","record_equal",1,"e0e37823be5a93f0208dd5dfc4ef8b4643feb365f9405c81245a812cb29eb161","cv"
12,"synthetic_08",1,"record_equal","N_train/(S_train*R_species); total_weight=N_train","total_weight_equals_record_count","integration","binary","Null","record_equal",1,"e0e37823be5a93f0208dd5dfc4ef8b4643feb365f9405c81245a812cb29eb161","cv"
13,"synthetic_08",1,"record_equal","N_train/(S_train*R_species); total_weight=N_train","total_weight_equals_record_count","integration","binary","Null","record_equal",1,"e0e37823be5a93f0208dd5dfc4ef8b4643feb365f9405c81245a812cb29eb161","cv"
14,"synthetic_08",1,"record_equal","N_train/(S_train*R_species); total_weight=N_train","total_weight_equals_record_count","integration","binary","Null","record_equal",1,"e0e37823be5a93f0208dd5dfc4ef8b4643feb365f9405c81245a812cb29eb161","cv"
15,"synthetic_08",1,"record_equal","N_train/(S_train*R_species); total_weight=N_train","total_weight_equals_record_count","integration","binary","Null","record_equal",1,"e0e37823be5a93f0208dd5dfc4ef8b4643feb365f9405c81245a812cb29eb161","cv"
16,"synthetic_09",1,"record_equal","N_train/(S_train*R_species); total_weight=N_train","total_weight_equals_record_count","integration","binary","Null","record_equal",1,"e0e37823be5a93f0208dd5dfc4ef8b4643feb365f9405c81245a812cb29eb161","cv"
17,"synthetic_09",1,"record_equal","N_train/(S_train*R_species); total_weight=N_train","total_weight_equals_record_count","integration","binary","Null","record_equal",1,"e0e37823be5a93f0208dd5dfc4ef8b4643feb365f9405c81245a812cb29eb161","cv"
18,"synthetic_09",1,"record_equal","N_train/(S_train*R_species); total_weight=N_train","total_weight_equals_record_count","integration","binary","Null","record_equal",1,"e0e37823be5a93f0208dd5dfc4ef8b4643feb365f9405c81245a812cb29eb161","cv"
19,"synthetic_09",1,"record_equal","N_train/(S_train*R_species); total_weight=N_train","total_weight_equals_record_count","integration","binary","Null","record_equal",1,"e0e37823be5a93f0208dd5dfc4ef8b4643feb365f9405c81245a812cb29eb161","cv"
20,"synthetic_09",1,"record_equal","N_train/(S_train*R_species); total_weight=N_train","total_weight_equals_record_count","integration","binary","Null","record_equal",1,"e0e37823be5a93f0208dd5dfc4ef8b4643feb365f9405c81245a812cb29eb161","cv"
21,"synthetic_09",1,"record_equal","N_train/(S_train*R_species); total_weight=N_train","total_weight_equals_record_count","integration","binary","Null","record_equal",1,"e0e37823be5a93f0208dd5dfc4ef8b4643feb365f9405c81245a812cb29eb161","cv"
22,"synthetic_09",1,"record_equal","N_train/(S_train*R_species); total_weight=N_train","total_weight_equals_record_count","integration","binary","Null","record_equal",1,"e0e37823be5a93f0208dd5dfc4ef8b4643feb365f9405c81245a812cb29eb161","cv"
23,"synthetic_09",1,"record_equal","N_train/(S_train*R_species); total_weight=N_train","total_weight_equals_record_count","integration","binary","Null","record_equal",1,"e0e37823be5a93f0208dd5dfc4ef8b4643feb365f9405c81245a812cb29eb161","cv"
24,"synthetic_10",1,"record_equal","N_train/(S_train*R_species); total_weight=N_train","total_weight_equals_record_count","integration","binary","Null","record_equal",1,"e0e37823be5a93f0208dd5dfc4ef8b4643feb365f9405c81245a812cb29eb161","cv"
25,"synthetic_10",1,"record_equal","N_train/(S_train*R_species); total_weight=N_train","total_weight_equals_record_count","integration","binary","Null","record_equal",1,"e0e37823be5a93f0208dd5dfc4ef8b4643feb365f9405c81245a812cb29eb161","cv"
26,"synthetic_10",1,"record_equal","N_train/(S_train*R_species); total_weight=N_train","total_weight_equals_record_count","integration","binary","Null","record_equal",1,"e0e37823be5a93f0208dd5dfc4ef8b4643feb365f9405c81245a812cb29eb161","cv"
27,"synthetic_10",1,"record_equal","N_train/(S_train*R_species); total_weight=N_train","total_weight_equals_record_count","integration","binary","Null","record_equal",1,"e0e37823be5a93f0208dd5dfc4ef8b4643feb365f9405c81245a812cb29eb161","cv"
28,"synthetic_10",1,"record_equal","N_train/(S_train*R_species); total_weight=N_train","total_weight_equals_record_count","integration","binary","Null","record_equal",1,"e0e37823be5a93f0208dd5dfc4ef8b4643feb365f9405c81245a812cb29eb161","cv"
29,"synthetic_10",1,"record_equal","N_train/(S_train*R_species); total_weight=N_train","total_weight_equals_record_count","integration","binary","Null","record_equal",1,"e0e37823be5a93f0208dd5dfc4ef8b4643feb365f9405c81245a812cb29eb161","cv"
30,"synthetic_10",1,"record_equal","N_train/(S_train*R_species); total_weight=N_train","total_weight_equals_record_count","integration","binary","Null","record_equal",1,"e0e37823be5a93f0208dd5dfc4ef8b4643feb365f9405c81245a812cb29eb161","cv"
31,"synthetic_10",1,"record_equal","N_train/(S_train*R_species); total_weight=N_train","total_weight_equals_record_count","integration","binary","Null","record_equal",1,"e0e37823be5a93f0208dd5dfc4ef8b4643feb365f9405c81245a812cb29eb161","cv"
32,"synthetic_10",1,"record_equal","N_train/(S_train*R_species); total_weight=N_train","total_weight_equals_record_count","integration","binary","Null","record_equal",1,"e0e37823be5a93f0208dd5dfc4ef8b4643feb365f9405c81245a812cb29eb161","cv"
33,"synthetic_11",1,"record_equal","N_train/(S_train*R_species); total_weight=N_train","total_weight_equals_record_count","integration","binary","Null","record_equal",1,"e0e37823be5a93f0208dd5dfc4ef8b4643feb365f9405c81245a812cb29eb161","cv"
34,"synthetic_11",1,"record_equal","N_train/(S_train*R_species); total_weight=N_train","total_weight_equals_record_count","integration","binary","Null","record_equal",1,"e0e37823be5a93f0208dd5dfc4ef8b4643feb365f9405c81245a812cb29eb161","cv"
35,"synthetic_11",1,"record_equal","N_train/(S_train*R_species); total_weight=N_train","total_weight_equals_record_count","integration","binary","Null","record_equal",1,"e0e37823be5a93f0208dd5dfc4ef8b4643feb365f9405c81245a812cb29eb161","cv"
36,"synthetic_11",1,"record_equal","N_train/(S_train*R_species); total_weight=N_train","total_weight_equals_record_count","integration","binary","Null","record_equal",1,"e0e37823be5a93f0208dd5dfc4ef8b4643feb365f9405c81245a812cb29eb161","cv"
37,"synthetic_11",1,"record_equal","N_train/(S_train*R_species); total_weight=N_train","total_weight_equals_record_count","integration","binary","Null","record_equal",1,"e0e37823be5a93f0208dd5dfc4ef8b4643feb365f9405c81245a812cb29eb161","cv"
38,"synthetic_11",1,"record_equal","N_train/(S_train*R_species); total_weight=N_train","total_weight_equals_record_count","integration","binary","Null","record_equal",1,"e0e37823be5a93f0208dd5dfc4ef8b4643feb365f9405c81245a812cb29eb161","cv"
39,"synthetic_11",1,"record_equal","N_train/(S_train*R_species); total_weight=N_train","total_weight_equals_record_count","integration","binary","Null","record_equal",1,"e0e37823be5a93f0208dd5dfc4ef8b4643feb365f9405c81245a812cb29eb161","cv"
40,"synthetic_11",1,"record_equal","N_train/(S_train*R_species); total_weight=N_train","total_weight_equals_record_count","integration","binary","Null","record_equal",1,"e0e37823be5a93f0208dd5dfc4ef8b4643feb365f9405c81245a812cb29eb161","cv"
41,"synthetic_11",1,"record_equal","N_train/(S_train*R_species); total_weight=N_train","total_weight_equals_record_count","integration","binary","Null","record_equal",1,"e0e37823be5a93f0208dd5dfc4ef8b4643feb365f9405c81245a812cb29eb161","cv"
42,"synthetic_11",1,"record_equal","N_train/(S_train*R_species); total_weight=N_train","total_weight_equals_record_count","integration","binary","Null","record_equal",1,"e0e37823be5a93f0208dd5dfc4ef8b4643feb365f9405c81245a812cb29eb161","cv"
1,"synthetic_01",1,"record_equal","N_train/(S_train*R_species); total_weight=N_train","total_weight_equals_record_count","integration","binary","Null","record_equal",2,"cf33deb55e2cb4c8b7434722641299f770cfa60facb701434645401766276895","cv"
2,"synthetic_01",1,"record_equal","N_train/(S_train*R_species); total_weight=N_train","total_weight_equals_record_count","integration","binary","Null","record_equal",2,"cf33deb55e2cb4c8b7434722641299f770cfa60facb701434645401766276895","cv"
3,"synthetic_01",1,"record_equal","N_train/(S_train*R_species); total_weight=N_train","total_weight_equals_record_count","integration","binary","Null","record_equal",2,"cf33deb55e2cb4c8b7434722641299f770cfa60facb701434645401766276895","cv"
4,"synthetic_02",1,"record_equal","N_train/(S_train*R_species); total_weight=N_train","total_weight_equals_record_count","integration","binary","Null","record_equal",2,"cf33deb55e2cb4c8b7434722641299f770cfa60facb701434645401766276895","cv"
5,"synthetic_02",1,"record_equal","N_train/(S_train*R_species); total_weight=N_train","total_weight_equals_record_count","integration","binary","Null","record_equal",2,"cf33deb55e2cb4c8b7434722641299f770cfa60facb701434645401766276895","cv"
6,"synthetic_02",1,"record_equal","N_train/(S_train*R_species); total_weight=N_train","total_weight_equals_record_count","integration","binary","Null","record_equal",2,"cf33deb55e2cb4c8b7434722641299f770cfa60facb701434645401766276895","cv"
7,"synthetic_02",1,"record_equal","N_train/(S_train*R_species); total_weight=N_train","total_weight_equals_record_count","integration","binary","Null","record_equal",2,"cf33deb55e2cb4c8b7434722641299f770cfa60facb701434645401766276895","cv"
8,"synthetic_03",1,"record_equal","N_train/(S_train*R_species); total_weight=N_train","total_weight_equals_record_count","integration","binary","Null","record_equal",2,"cf33deb55e2cb4c8b7434722641299f770cfa60facb701434645401766276895","cv"
9,"synthetic_03",1,"record_equal","N_train/(S_train*R_species); total_weight=N_train","total_weight_equals_record_count","integration","binary","Null","record_equal",2,"cf33deb55e2cb4c8b7434722641299f770cfa60facb701434645401766276895","cv"
10,"synthetic_03",1,"record_equal","N_train/(S_train*R_species); total_weight=N_train","total_weight_equals_record_count","integration","binary","Null","record_equal",2,"cf33deb55e2cb4c8b7434722641299f770cfa60facb701434645401766276895","cv"
11,"synthetic_03",1,"record_equal","N_train/(S_train*R_species); total_weight=N_train","total_weight_equals_record_count","integration","binary","Null","record_equal",2,"cf33deb55e2cb4c8b7434722641299f770cfa60facb701434645401766276895","cv"
12,"synthetic_04",1,"record_equal","N_train/(S_train*R_species); total_weight=N_train","total_weight_equals_record_count","integration","binary","Null","record_equal",2,"cf33deb55e2cb4c8b7434722641299f770cfa60facb701434645401766276895","cv"
13,"synthetic_04",1,"record_equal","N_train/(S_train*R_species); total_weight=N_train","total_weight_equals_record_count","integration","binary","Null","record_equal",2,"cf33deb55e2cb4c8b7434722641299f770cfa60facb701434645401766276895","cv"
14,"synthetic_04",1,"record_equal","N_train/(S_train*R_species); total_weight=N_train","total_weight_equals_record_count","integration","binary","Null","record_equal",2,"cf33deb55e2cb4c8b7434722641299f770cfa60facb701434645401766276895","cv"
15,"synthetic_04",1,"record_equal","N_train/(S_train*R_species); total_weight=N_train","total_weight_equals_record_count","integration","binary","Null","record_equal",2,"cf33deb55e2cb4c8b7434722641299f770cfa60facb701434645401766276895","cv"
16,"synthetic_04",1,"record_equal","N_train/(S_train*R_species); total_weight=N_train","total_weight_equals_record_count","integration","binary","Null","record_equal",2,"cf33deb55e2cb4c8b7434722641299f770cfa60facb701434645401766276895","cv"
17,"synthetic_05",1,"record_equal","N_train/(S_train*R_species); total_weight=N_train","total_weight_equals_record_count","integration","binary","Null","record_equal",2,"cf33deb55e2cb4c8b7434722641299f770cfa60facb701434645401766276895","cv"
18,"synthetic_05",1,"record_equal","N_train/(S_train*R_species); total_weight=N_train","total_weight_equals_record_count","integration","binary","Null","record_equal",2,"cf33deb55e2cb4c8b7434722641299f770cfa60facb701434645401766276895","cv"
19,"synthetic_05",1,"record_equal","N_train/(S_train*R_species); total_weight=N_train","total_weight_equals_record_count","integration","binary","Null","record_equal",2,"cf33deb55e2cb4c8b7434722641299f770cfa60facb701434645401766276895","cv"
20,"synthetic_05",1,"record_equal","N_train/(S_train*R_species); total_weight=N_train","total_weight_equals_record_count","integration","binary","Null","record_equal",2,"cf33deb55e2cb4c8b7434722641299f770cfa60facb701434645401766276895","cv"
21,"synthetic_05",1,"record_equal","N_train/(S_train*R_species); total_weight=N_train","total_weight_equals_record_count","integration","binary","Null","record_equal",2,"cf33deb55e2cb4c8b7434722641299f770cfa60facb701434645401766276895","cv"
22,"synthetic_05",1,"record_equal","N_train/(S_train*R_species); total_weight=N_train","total_weight_equals_record_count","integration","binary","Null","record_equal",2,"cf33deb55e2cb4c8b7434722641299f770cfa60facb701434645401766276895","cv"
23,"synthetic_06",1,"record_equal","N_train/(S_train*R_species); total_weight=N_train","total_weight_equals_record_count","integration","binary","Null","record_equal",2,"cf33deb55e2cb4c8b7434722641299f770cfa60facb701434645401766276895","cv"
24,"synthetic_06",1,"record_equal","N_train/(S_train*R_species); total_weight=N_train","total_weight_equals_record_count","integration","binary","Null","record_equal",2,"cf33deb55e2cb4c8b7434722641299f770cfa60facb701434645401766276895","cv"
25,"synthetic_06",1,"record_equal","N_train/(S_train*R_species); total_weight=N_train","total_weight_equals_record_count","integration","binary","Null","record_equal",2,"cf33deb55e2cb4c8b7434722641299f770cfa60facb701434645401766276895","cv"
26,"synthetic_06",1,"record_equal","N_train/(S_train*R_species); total_weight=N_train","total_weight_equals_record_count","integration","binary","Null","record_equal",2,"cf33deb55e2cb4c8b7434722641299f770cfa60facb701434645401766276895","cv"
27,"synthetic_06",1,"record_equal","N_train/(S_train*R_species); total_weight=N_train","total_weight_equals_record_count","integration","binary","Null","record_equal",2,"cf33deb55e2cb4c8b7434722641299f770cfa60facb701434645401766276895","cv"
28,"synthetic_06",1,"record_equal","N_train/(S_train*R_species); total_weight=N_train","total_weight_equals_record_count","integration","binary","Null","record_equal",2,"cf33deb55e2cb4c8b7434722641299f770cfa60facb701434645401766276895","cv"
1,"synthetic_07",1.2,"species_equal","N_train/(S_train*R_species); total_weight=N_train","total_weight_equals_record_count","integration","binary","Null","species_equal",1,"d3d08bd3b56213ee475df2b6b8c4ec86d489b671ab7f0e667c4f4a2897b61fcc","cv"
2,"synthetic_07",1.2,"species_equal","N_train/(S_train*R_species); total_weight=N_train","total_weight_equals_record_count","integration","binary","Null","species_equal",1,"d3d08bd3b56213ee475df2b6b8c4ec86d489b671ab7f0e667c4f4a2897b61fcc","cv"
3,"synthetic_07",1.2,"species_equal","N_train/(S_train*R_species); total_weight=N_train","total_weight_equals_record_count","integration","binary","Null","species_equal",1,"d3d08bd3b56213ee475df2b6b8c4ec86d489b671ab7f0e667c4f4a2897b61fcc","cv"
4,"synthetic_07",1.2,"species_equal","N_train/(S_train*R_species); total_weight=N_train","total_weight_equals_record_count","integration","binary","Null","species_equal",1,"d3d08bd3b56213ee475df2b6b8c4ec86d489b671ab7f0e667c4f4a2897b61fcc","cv"
5,"synthetic_07",1.2,"species_equal","N_train/(S_train*R_species); total_weight=N_train","total_weight_equals_record_count","integration","binary","Null","species_equal",1,"d3d08bd3b56213ee475df2b6b8c4ec86d489b671ab7f0e667c4f4a2897b61fcc","cv"
6,"synthetic_07",1.2,"species_equal","N_train/(S_train*R_species); total_weight=N_train","total_weight_equals_record_count","integration","binary","Null","species_equal",1,"d3d08bd3b56213ee475df2b6b8c4ec86d489b671ab7f0e667c4f4a2897b61fcc","cv"
7,"synthetic_07",1.2,"species_equal","N_train/(S_train*R_species); total_weight=N_train","total_weight_equals_record_count","integration","binary","Null","species_equal",1,"d3d08bd3b56213ee475df2b6b8c4ec86d489b671ab7f0e667c4f4a2897b61fcc","cv"
8,"synthetic_08",1.05,"species_equal","N_train/(S_train*R_species); total_weight=N_train","total_weight_equals_record_count","integration","binary","Null","species_equal",1,"d3d08bd3b56213ee475df2b6b8c4ec86d489b671ab7f0e667c4f4a2897b61fcc","cv"
9,"synthetic_08",1.05,"species_equal","N_train/(S_train*R_species); total_weight=N_train","total_weight_equals_record_count","integration","binary","Null","species_equal",1,"d3d08bd3b56213ee475df2b6b8c4ec86d489b671ab7f0e667c4f4a2897b61fcc","cv"
10,"synthetic_08",1.05,"species_equal","N_train/(S_train*R_species); total_weight=N_train","total_weight_equals_record_count","integration","binary","Null","species_equal",1,"d3d08bd3b56213ee475df2b6b8c4ec86d489b671ab7f0e667c4f4a2897b61fcc","cv"
11,"synthetic_08",1.05,"species_equal","N_train/(S_train*R_species); total_weight=N_train","total_weight_equals_record_count","integration","binary","Null","species_equal",1,"d3d08bd3b56213ee475df2b6b8c4ec86d489b671ab7f0e667c4f4a2897b61fcc","cv"
12,"synthetic_08",1.05,"species_equal","N_train/(S_train*R_species); total_weight=N_train","total_weight_equals_record_count","integration","binary","Null","species_equal",1,"d3d08bd3b56213ee475df2b6b8c4ec86d489b671ab7f0e667c4f4a2897b61fcc","cv"
13,"synthetic_08",1.05,"species_equal","N_train/(S_train*R_species); total_weight=N_train","total_weight_equals_record_count","integration","binary","Null","species_equal",1,"d3d08bd3b56213ee475df2b6b8c4ec86d489b671ab7f0e667c4f4a2897b61fcc","cv"
14,"synthetic_08",1.05,"species_equal","N_train/(S_train*R_species); total_weight=N_train","total_weight_equals_record_count","integration","binary","Null","species_equal",1,"d3d08bd3b56213ee475df2b6b8c4ec86d489b671ab7f0e667c4f4a2897b61fcc","cv"
15,"synthetic_08",1.05,"species_equal","N_train/(S_train*R_species); total_weight=N_train","total_weight_equals_record_count","integration","binary","Null","species_equal",1,"d3d08bd3b56213ee475df2b6b8c4ec86d489b671ab7f0e667c4f4a2897b61fcc","cv"
16,"synthetic_09",1.05,"species_equal","N_train/(S_train*R_species); total_weight=N_train","total_weight_equals_record_count","integration","binary","Null","species_equal",1,"d3d08bd3b56213ee475df2b6b8c4ec86d489b671ab7f0e667c4f4a2897b61fcc","cv"
17,"synthetic_09",1.05,"species_equal","N_train/(S_train*R_species); total_weight=N_train","total_weight_equals_record_count","integration","binary","Null","species_equal",1,"d3d08bd3b56213ee475df2b6b8c4ec86d489b671ab7f0e667c4f4a2897b61fcc","cv"
18,"synthetic_09",1.05,"species_equal","N_train/(S_train*R_species); total_weight=N_train","total_weight_equals_record_count","integration","binary","Null","species_equal",1,"d3d08bd3b56213ee475df2b6b8c4ec86d489b671ab7f0e667c4f4a2897b61fcc","cv"
19,"synthetic_09",1.05,"species_equal","N_train/(S_train*R_species); total_weight=N_train","total_weight_equals_record_count","integration","binary","Null","species_equal",1,"d3d08bd3b56213ee475df2b6b8c4ec86d489b671ab7f0e667c4f4a2897b61fcc","cv"
20,"synthetic_09",1.05,"species_equal","N_train/(S_train*R_species); total_weight=N_train","total_weight_equals_record_count","integration","binary","Null","species_equal",1,"d3d08bd3b56213ee475df2b6b8c4ec86d489b671ab7f0e667c4f4a2897b61fcc","cv"
21,"synthetic_09",1.05,"species_equal","N_train/(S_train*R_species); total_weight=N_train","total_weight_equals_record_count","integration","binary","Null","species_equal",1,"d3d08bd3b56213ee475df2b6b8c4ec86d489b671ab7f0e667c4f4a2897b61fcc","cv"
22,"synthetic_09",1.05,"species_equal","N_train/(S_train*R_species); total_weight=N_train","total_weight_equals_record_count","integration","binary","Null","species_equal",1,"d3d08bd3b56213ee475df2b6b8c4ec86d489b671ab7f0e667c4f4a2897b61fcc","cv"
23,"synthetic_09",1.05,"species_equal","N_train/(S_train*R_species); total_weight=N_train","total_weight_equals_record_count","integration","binary","Null","species_equal",1,"d3d08bd3b56213ee475df2b6b8c4ec86d489b671ab7f0e667c4f4a2897b61fcc","cv"
24,"synthetic_10",0.933333333333333,"species_equal","N_train/(S_train*R_species); total_weight=N_train","total_weight_equals_record_count","integration","binary","Null","species_equal",1,"d3d08bd3b56213ee475df2b6b8c4ec86d489b671ab7f0e667c4f4a2897b61fcc","cv"
25,"synthetic_10",0.933333333333333,"species_equal","N_train/(S_train*R_species); total_weight=N_train","total_weight_equals_record_count","integration","binary","Null","species_equal",1,"d3d08bd3b56213ee475df2b6b8c4ec86d489b671ab7f0e667c4f4a2897b61fcc","cv"
26,"synthetic_10",0.933333333333333,"species_equal","N_train/(S_train*R_species); total_weight=N_train","total_weight_equals_record_count","integration","binary","Null","species_equal",1,"d3d08bd3b56213ee475df2b6b8c4ec86d489b671ab7f0e667c4f4a2897b61fcc","cv"
27,"synthetic_10",0.933333333333333,"species_equal","N_train/(S_train*R_species); total_weight=N_train","total_weight_equals_record_count","integration","binary","Null","species_equal",1,"d3d08bd3b56213ee475df2b6b8c4ec86d489b671ab7f0e667c4f4a2897b61fcc","cv"
28,"synthetic_10",0.933333333333333,"species_equal","N_train/(S_train*R_species); total_weight=N_train","total_weight_equals_record_count","integration","binary","Null","species_equal",1,"d3d08bd3b56213ee475df2b6b8c4ec86d489b671ab7f0e667c4f4a2897b61fcc","cv"
29,"synthetic_10",0.933333333333333,"species_equal","N_train/(S_train*R_species); total_weight=N_train","total_weight_equals_record_count","integration","binary","Null","species_equal",1,"d3d08bd3b56213ee475df2b6b8c4ec86d489b671ab7f0e667c4f4a2897b61fcc","cv"
30,"synthetic_10",0.933333333333333,"species_equal","N_train/(S_train*R_species); total_weight=N_train","total_weight_equals_record_count","integration","binary","Null","species_equal",1,"d3d08bd3b56213ee475df2b6b8c4ec86d489b671ab7f0e667c4f4a2897b61fcc","cv"
31,"synthetic_10",0.933333333333333,"species_equal","N_train/(S_train*R_species); total_weight=N_train","total_weight_equals_record_count","integration","binary","Null","species_equal",1,"d3d08bd3b56213ee475df2b6b8c4ec86d489b671ab7f0e667c4f4a2897b61fcc","cv"
32,"synthetic_10",0.933333333333333,"species_equal","N_train/(S_train*R_species); total_weight=N_train","total_weight_equals_record_count","integration","binary","Null","species_equal",1,"d3d08bd3b56213ee475df2b6b8c4ec86d489b671ab7f0e667c4f4a2897b61fcc","cv"
33,"synthetic_11",0.84,"species_equal","N_train/(S_train*R_species); total_weight=N_train","total_weight_equals_record_count","integration","binary","Null","species_equal",1,"d3d08bd3b56213ee475df2b6b8c4ec86d489b671ab7f0e667c4f4a2897b61fcc","cv"
34,"synthetic_11",0.84,"species_equal","N_train/(S_train*R_species); total_weight=N_train","total_weight_equals_record_count","integration","binary","Null","species_equal",1,"d3d08bd3b56213ee475df2b6b8c4ec86d489b671ab7f0e667c4f4a2897b61fcc","cv"
35,"synthetic_11",0.84,"species_equal","N_train/(S_train*R_species); total_weight=N_train","total_weight_equals_record_count","integration","binary","Null","species_equal",1,"d3d08bd3b56213ee475df2b6b8c4ec86d489b671ab7f0e667c4f4a2897b61fcc","cv"
36,"synthetic_11",0.84,"species_equal","N_train/(S_train*R_species); total_weight=N_train","total_weight_equals_record_count","integration","binary","Null","species_equal",1,"d3d08bd3b56213ee475df2b6b8c4ec86d489b671ab7f0e667c4f4a2897b61fcc","cv"
37,"synthetic_11",0.84,"species_equal","N_train/(S_train*R_species); total_weight=N_train","total_weight_equals_record_count","integration","binary","Null","species_equal",1,"d3d08bd3b56213ee475df2b6b8c4ec86d489b671ab7f0e667c4f4a2897b61fcc","cv"
38,"synthetic_11",0.84,"species_equal","N_train/(S_train*R_species); total_weight=N_train","total_weight_equals_record_count","integration","binary","Null","species_equal",1,"d3d08bd3b56213ee475df2b6b8c4ec86d489b671ab7f0e667c4f4a2897b61fcc","cv"
39,"synthetic_11",0.84,"species_equal","N_train/(S_train*R_species); total_weight=N_train","total_weight_equals_record_count","integration","binary","Null","species_equal",1,"d3d08bd3b56213ee475df2b6b8c4ec86d489b671ab7f0e667c4f4a2897b61fcc","cv"
40,"synthetic_11",0.84,"species_equal","N_train/(S_train*R_species); total_weight=N_train","total_weight_equals_record_count","integration","binary","Null","species_equal",1,"d3d08bd3b56213ee475df2b6b8c4ec86d489b671ab7f0e667c4f4a2897b61fcc","cv"
41,"synthetic_11",0.84,"species_equal","N_train/(S_train*R_species); total_weight=N_train","total_weight_equals_record_count","integration","binary","Null","species_equal",1,"d3d08bd3b56213ee475df2b6b8c4ec86d489b671ab7f0e667c4f4a2897b61fcc","cv"
42,"synthetic_11",0.84,"species_equal","N_train/(S_train*R_species); total_weight=N_train","total_weight_equals_record_count","integration","binary","Null","species_equal",1,"d3d08bd3b56213ee475df2b6b8c4ec86d489b671ab7f0e667c4f4a2897b61fcc","cv"
1,"synthetic_01",1.55555555555556,"species_equal","N_train/(S_train*R_species); total_weight=N_train","total_weight_equals_record_count","integration","binary","Null","species_equal",2,"32fbdf29abb04b9a70b1264f43ceff288cdbf708fde57ceba750f502a945b2bf","cv"
2,"synthetic_01",1.55555555555556,"species_equal","N_train/(S_train*R_species); total_weight=N_train","total_weight_equals_record_count","integration","binary","Null","species_equal",2,"32fbdf29abb04b9a70b1264f43ceff288cdbf708fde57ceba750f502a945b2bf","cv"
3,"synthetic_01",1.55555555555556,"species_equal","N_train/(S_train*R_species); total_weight=N_train","total_weight_equals_record_count","integration","binary","Null","species_equal",2,"32fbdf29abb04b9a70b1264f43ceff288cdbf708fde57ceba750f502a945b2bf","cv"
4,"synthetic_02",1.16666666666667,"species_equal","N_train/(S_train*R_species); total_weight=N_train","total_weight_equals_record_count","integration","binary","Null","species_equal",2,"32fbdf29abb04b9a70b1264f43ceff288cdbf708fde57ceba750f502a945b2bf","cv"
5,"synthetic_02",1.16666666666667,"species_equal","N_train/(S_train*R_species); total_weight=N_train","total_weight_equals_record_count","integration","binary","Null","species_equal",2,"32fbdf29abb04b9a70b1264f43ceff288cdbf708fde57ceba750f502a945b2bf","cv"
6,"synthetic_02",1.16666666666667,"species_equal","N_train/(S_train*R_species); total_weight=N_train","total_weight_equals_record_count","integration","binary","Null","species_equal",2,"32fbdf29abb04b9a70b1264f43ceff288cdbf708fde57ceba750f502a945b2bf","cv"
7,"synthetic_02",1.16666666666667,"species_equal","N_train/(S_train*R_species); total_weight=N_train","total_weight_equals_record_count","integration","binary","Null","species_equal",2,"32fbdf29abb04b9a70b1264f43ceff288cdbf708fde57ceba750f502a945b2bf","cv"
8,"synthetic_03",1.16666666666667,"species_equal","N_train/(S_train*R_species); total_weight=N_train","total_weight_equals_record_count","integration","binary","Null","species_equal",2,"32fbdf29abb04b9a70b1264f43ceff288cdbf708fde57ceba750f502a945b2bf","cv"
9,"synthetic_03",1.16666666666667,"species_equal","N_train/(S_train*R_species); total_weight=N_train","total_weight_equals_record_count","integration","binary","Null","species_equal",2,"32fbdf29abb04b9a70b1264f43ceff288cdbf708fde57ceba750f502a945b2bf","cv"
10,"synthetic_03",1.16666666666667,"species_equal","N_train/(S_train*R_species); total_weight=N_train","total_weight_equals_record_count","integration","binary","Null","species_equal",2,"32fbdf29abb04b9a70b1264f43ceff288cdbf708fde57ceba750f502a945b2bf","cv"
11,"synthetic_03",1.16666666666667,"species_equal","N_train/(S_train*R_species); total_weight=N_train","total_weight_equals_record_count","integration","binary","Null","species_equal",2,"32fbdf29abb04b9a70b1264f43ceff288cdbf708fde57ceba750f502a945b2bf","cv"
12,"synthetic_04",0.933333333333333,"species_equal","N_train/(S_train*R_species); total_weight=N_train","total_weight_equals_record_count","integration","binary","Null","species_equal",2,"32fbdf29abb04b9a70b1264f43ceff288cdbf708fde57ceba750f502a945b2bf","cv"
13,"synthetic_04",0.933333333333333,"species_equal","N_train/(S_train*R_species); total_weight=N_train","total_weight_equals_record_count","integration","binary","Null","species_equal",2,"32fbdf29abb04b9a70b1264f43ceff288cdbf708fde57ceba750f502a945b2bf","cv"
14,"synthetic_04",0.933333333333333,"species_equal","N_train/(S_train*R_species); total_weight=N_train","total_weight_equals_record_count","integration","binary","Null","species_equal",2,"32fbdf29abb04b9a70b1264f43ceff288cdbf708fde57ceba750f502a945b2bf","cv"
15,"synthetic_04",0.933333333333333,"species_equal","N_train/(S_train*R_species); total_weight=N_train","total_weight_equals_record_count","integration","binary","Null","species_equal",2,"32fbdf29abb04b9a70b1264f43ceff288cdbf708fde57ceba750f502a945b2bf","cv"
16,"synthetic_04",0.933333333333333,"species_equal","N_train/(S_train*R_species); total_weight=N_train","total_weight_equals_record_count","integration","binary","Null","species_equal",2,"32fbdf29abb04b9a70b1264f43ceff288cdbf708fde57ceba750f502a945b2bf","cv"
17,"synthetic_05",0.777777777777778,"species_equal","N_train/(S_train*R_species); total_weight=N_train","total_weight_equals_record_count","integration","binary","Null","species_equal",2,"32fbdf29abb04b9a70b1264f43ceff288cdbf708fde57ceba750f502a945b2bf","cv"
18,"synthetic_05",0.777777777777778,"species_equal","N_train/(S_train*R_species); total_weight=N_train","total_weight_equals_record_count","integration","binary","Null","species_equal",2,"32fbdf29abb04b9a70b1264f43ceff288cdbf708fde57ceba750f502a945b2bf","cv"
19,"synthetic_05",0.777777777777778,"species_equal","N_train/(S_train*R_species); total_weight=N_train","total_weight_equals_record_count","integration","binary","Null","species_equal",2,"32fbdf29abb04b9a70b1264f43ceff288cdbf708fde57ceba750f502a945b2bf","cv"
20,"synthetic_05",0.777777777777778,"species_equal","N_train/(S_train*R_species); total_weight=N_train","total_weight_equals_record_count","integration","binary","Null","species_equal",2,"32fbdf29abb04b9a70b1264f43ceff288cdbf708fde57ceba750f502a945b2bf","cv"
21,"synthetic_05",0.777777777777778,"species_equal","N_train/(S_train*R_species); total_weight=N_train","total_weight_equals_record_count","integration","binary","Null","species_equal",2,"32fbdf29abb04b9a70b1264f43ceff288cdbf708fde57ceba750f502a945b2bf","cv"
22,"synthetic_05",0.777777777777778,"species_equal","N_train/(S_train*R_species); total_weight=N_train","total_weight_equals_record_count","integration","binary","Null","species_equal",2,"32fbdf29abb04b9a70b1264f43ceff288cdbf708fde57ceba750f502a945b2bf","cv"
23,"synthetic_06",0.777777777777778,"species_equal","N_train/(S_train*R_species); total_weight=N_train","total_weight_equals_record_count","integration","binary","Null","species_equal",2,"32fbdf29abb04b9a70b1264f43ceff288cdbf708fde57ceba750f502a945b2bf","cv"
24,"synthetic_06",0.777777777777778,"species_equal","N_train/(S_train*R_species); total_weight=N_train","total_weight_equals_record_count","integration","binary","Null","species_equal",2,"32fbdf29abb04b9a70b1264f43ceff288cdbf708fde57ceba750f502a945b2bf","cv"
25,"synthetic_06",0.777777777777778,"species_equal","N_train/(S_train*R_species); total_weight=N_train","total_weight_equals_record_count","integration","binary","Null","species_equal",2,"32fbdf29abb04b9a70b1264f43ceff288cdbf708fde57ceba750f502a945b2bf","cv"
26,"synthetic_06",0.777777777777778,"species_equal","N_train/(S_train*R_species); total_weight=N_train","total_weight_equals_record_count","integration","binary","Null","species_equal",2,"32fbdf29abb04b9a70b1264f43ceff288cdbf708fde57ceba750f502a945b2bf","cv"
27,"synthetic_06",0.777777777777778,"species_equal","N_train/(S_train*R_species); total_weight=N_train","total_weight_equals_record_count","integration","binary","Null","species_equal",2,"32fbdf29abb04b9a70b1264f43ceff288cdbf708fde57ceba750f502a945b2bf","cv"
28,"synthetic_06",0.777777777777778,"species_equal","N_train/(S_train*R_species); total_weight=N_train","total_weight_equals_record_count","integration","binary","Null","species_equal",2,"32fbdf29abb04b9a70b1264f43ceff288cdbf708fde57ceba750f502a945b2bf","cv"
1,"synthetic_07",1,"record_equal","N_train/(S_train*R_species); total_weight=N_train","total_weight_equals_record_count","integration","binary","M1","record_equal",1,"fd005533e45b92fc9b30a4117e8ba6183940ceeac8b4f0a90484381c2ae5d8f0","cv"
2,"synthetic_07",1,"record_equal","N_train/(S_train*R_species); total_weight=N_train","total_weight_equals_record_count","integration","binary","M1","record_equal",1,"fd005533e45b92fc9b30a4117e8ba6183940ceeac8b4f0a90484381c2ae5d8f0","cv"
3,"synthetic_07",1,"record_equal","N_train/(S_train*R_species); total_weight=N_train","total_weight_equals_record_count","integration","binary","M1","record_equal",1,"fd005533e45b92fc9b30a4117e8ba6183940ceeac8b4f0a90484381c2ae5d8f0","cv"
4,"synthetic_07",1,"record_equal","N_train/(S_train*R_species); total_weight=N_train","total_weight_equals_record_count","integration","binary","M1","record_equal",1,"fd005533e45b92fc9b30a4117e8ba6183940ceeac8b4f0a90484381c2ae5d8f0","cv"
5,"synthetic_07",1,"record_equal","N_train/(S_train*R_species); total_weight=N_train","total_weight_equals_record_count","integration","binary","M1","record_equal",1,"fd005533e45b92fc9b30a4117e8ba6183940ceeac8b4f0a90484381c2ae5d8f0","cv"
6,"synthetic_07",1,"record_equal","N_train/(S_train*R_species); total_weight=N_train","total_weight_equals_record_count","integration","binary","M1","record_equal",1,"fd005533e45b92fc9b30a4117e8ba6183940ceeac8b4f0a90484381c2ae5d8f0","cv"
7,"synthetic_07",1,"record_equal","N_train/(S_train*R_species); total_weight=N_train","total_weight_equals_record_count","integration","binary","M1","record_equal",1,"fd005533e45b92fc9b30a4117e8ba6183940ceeac8b4f0a90484381c2ae5d8f0","cv"
8,"synthetic_08",1,"record_equal","N_train/(S_train*R_species); total_weight=N_train","total_weight_equals_record_count","integration","binary","M1","record_equal",1,"fd005533e45b92fc9b30a4117e8ba6183940ceeac8b4f0a90484381c2ae5d8f0","cv"
9,"synthetic_08",1,"record_equal","N_train/(S_train*R_species); total_weight=N_train","total_weight_equals_record_count","integration","binary","M1","record_equal",1,"fd005533e45b92fc9b30a4117e8ba6183940ceeac8b4f0a90484381c2ae5d8f0","cv"
10,"synthetic_08",1,"record_equal","N_train/(S_train*R_species); total_weight=N_train","total_weight_equals_record_count","integration","binary","M1","record_equal",1,"fd005533e45b92fc9b30a4117e8ba6183940ceeac8b4f0a90484381c2ae5d8f0","cv"
11,"synthetic_08",1,"record_equal","N_train/(S_train*R_species); total_weight=N_train","total_weight_equals_record_count","integration","binary","M1","record_equal",1,"fd005533e45b92fc9b30a4117e8ba6183940ceeac8b4f0a90484381c2ae5d8f0","cv"
12,"synthetic_08",1,"record_equal","N_train/(S_train*R_species); total_weight=N_train","total_weight_equals_record_count","integration","binary","M1","record_equal",1,"fd005533e45b92fc9b30a4117e8ba6183940ceeac8b4f0a90484381c2ae5d8f0","cv"
13,"synthetic_08",1,"record_equal","N_train/(S_train*R_species); total_weight=N_train","total_weight_equals_record_count","integration","binary","M1","record_equal",1,"fd005533e45b92fc9b30a4117e8ba6183940ceeac8b4f0a90484381c2ae5d8f0","cv"
14,"synthetic_08",1,"record_equal","N_train/(S_train*R_species); total_weight=N_train","total_weight_equals_record_count","integration","binary","M1","record_equal",1,"fd005533e45b92fc9b30a4117e8ba6183940ceeac8b4f0a90484381c2ae5d8f0","cv"
15,"synthetic_08",1,"record_equal","N_train/(S_train*R_species); total_weight=N_train","total_weight_equals_record_count","integration","binary","M1","record_equal",1,"fd005533e45b92fc9b30a4117e8ba6183940ceeac8b4f0a90484381c2ae5d8f0","cv"
16,"synthetic_09",1,"record_equal","N_train/(S_train*R_species); total_weight=N_train","total_weight_equals_record_count","integration","binary","M1","record_equal",1,"fd005533e45b92fc9b30a4117e8ba6183940ceeac8b4f0a90484381c2ae5d8f0","cv"
17,"synthetic_09",1,"record_equal","N_train/(S_train*R_species); total_weight=N_train","total_weight_equals_record_count","integration","binary","M1","record_equal",1,"fd005533e45b92fc9b30a4117e8ba6183940ceeac8b4f0a90484381c2ae5d8f0","cv"
18,"synthetic_09",1,"record_equal","N_train/(S_train*R_species); total_weight=N_train","total_weight_equals_record_count","integration","binary","M1","record_equal",1,"fd005533e45b92fc9b30a4117e8ba6183940ceeac8b4f0a90484381c2ae5d8f0","cv"
19,"synthetic_09",1,"record_equal","N_train/(S_train*R_species); total_weight=N_train","total_weight_equals_record_count","integration","binary","M1","record_equal",1,"fd005533e45b92fc9b30a4117e8ba6183940ceeac8b4f0a90484381c2ae5d8f0","cv"
20,"synthetic_09",1,"record_equal","N_train/(S_train*R_species); total_weight=N_train","total_weight_equals_record_count","integration","binary","M1","record_equal",1,"fd005533e45b92fc9b30a4117e8ba6183940ceeac8b4f0a90484381c2ae5d8f0","cv"
21,"synthetic_09",1,"record_equal","N_train/(S_train*R_species); total_weight=N_train","total_weight_equals_record_count","integration","binary","M1","record_equal",1,"fd005533e45b92fc9b30a4117e8ba6183940ceeac8b4f0a90484381c2ae5d8f0","cv"
22,"synthetic_09",1,"record_equal","N_train/(S_train*R_species); total_weight=N_train","total_weight_equals_record_count","integration","binary","M1","record_equal",1,"fd005533e45b92fc9b30a4117e8ba6183940ceeac8b4f0a90484381c2ae5d8f0","cv"
23,"synthetic_09",1,"record_equal","N_train/(S_train*R_species); total_weight=N_train","total_weight_equals_record_count","integration","binary","M1","record_equal",1,"fd005533e45b92fc9b30a4117e8ba6183940ceeac8b4f0a90484381c2ae5d8f0","cv"
24,"synthetic_10",1,"record_equal","N_train/(S_train*R_species); total_weight=N_train","total_weight_equals_record_count","integration","binary","M1","record_equal",1,"fd005533e45b92fc9b30a4117e8ba6183940ceeac8b4f0a90484381c2ae5d8f0","cv"
25,"synthetic_10",1,"record_equal","N_train/(S_train*R_species); total_weight=N_train","total_weight_equals_record_count","integration","binary","M1","record_equal",1,"fd005533e45b92fc9b30a4117e8ba6183940ceeac8b4f0a90484381c2ae5d8f0","cv"
26,"synthetic_10",1,"record_equal","N_train/(S_train*R_species); total_weight=N_train","total_weight_equals_record_count","integration","binary","M1","record_equal",1,"fd005533e45b92fc9b30a4117e8ba6183940ceeac8b4f0a90484381c2ae5d8f0","cv"
27,"synthetic_10",1,"record_equal","N_train/(S_train*R_species); total_weight=N_train","total_weight_equals_record_count","integration","binary","M1","record_equal",1,"fd005533e45b92fc9b30a4117e8ba6183940ceeac8b4f0a90484381c2ae5d8f0","cv"
28,"synthetic_10",1,"record_equal","N_train/(S_train*R_species); total_weight=N_train","total_weight_equals_record_count","integration","binary","M1","record_equal",1,"fd005533e45b92fc9b30a4117e8ba6183940ceeac8b4f0a90484381c2ae5d8f0","cv"
29,"synthetic_10",1,"record_equal","N_train/(S_train*R_species); total_weight=N_train","total_weight_equals_record_count","integration","binary","M1","record_equal",1,"fd005533e45b92fc9b30a4117e8ba6183940ceeac8b4f0a90484381c2ae5d8f0","cv"
30,"synthetic_10",1,"record_equal","N_train/(S_train*R_species); total_weight=N_train","total_weight_equals_record_count","integration","binary","M1","record_equal",1,"fd005533e45b92fc9b30a4117e8ba6183940ceeac8b4f0a90484381c2ae5d8f0","cv"
31,"synthetic_10",1,"record_equal","N_train/(S_train*R_species); total_weight=N_train","total_weight_equals_record_count","integration","binary","M1","record_equal",1,"fd005533e45b92fc9b30a4117e8ba6183940ceeac8b4f0a90484381c2ae5d8f0","cv"
32,"synthetic_10",1,"record_equal","N_train/(S_train*R_species); total_weight=N_train","total_weight_equals_record_count","integration","binary","M1","record_equal",1,"fd005533e45b92fc9b30a4117e8ba6183940ceeac8b4f0a90484381c2ae5d8f0","cv"
33,"synthetic_11",1,"record_equal","N_train/(S_train*R_species); total_weight=N_train","total_weight_equals_record_count","integration","binary","M1","record_equal",1,"fd005533e45b92fc9b30a4117e8ba6183940ceeac8b4f0a90484381c2ae5d8f0","cv"
34,"synthetic_11",1,"record_equal","N_train/(S_train*R_species); total_weight=N_train","total_weight_equals_record_count","integration","binary","M1","record_equal",1,"fd005533e45b92fc9b30a4117e8ba6183940ceeac8b4f0a90484381c2ae5d8f0","cv"
35,"synthetic_11",1,"record_equal","N_train/(S_train*R_species); total_weight=N_train","total_weight_equals_record_count","integration","binary","M1","record_equal",1,"fd005533e45b92fc9b30a4117e8ba6183940ceeac8b4f0a90484381c2ae5d8f0","cv"
36,"synthetic_11",1,"record_equal","N_train/(S_train*R_species); total_weight=N_train","total_weight_equals_record_count","integration","binary","M1","record_equal",1,"fd005533e45b92fc9b30a4117e8ba6183940ceeac8b4f0a90484381c2ae5d8f0","cv"
37,"synthetic_11",1,"record_equal","N_train/(S_train*R_species); total_weight=N_train","total_weight_equals_record_count","integration","binary","M1","record_equal",1,"fd005533e45b92fc9b30a4117e8ba6183940ceeac8b4f0a90484381c2ae5d8f0","cv"
38,"synthetic_11",1,"record_equal","N_train/(S_train*R_species); total_weight=N_train","total_weight_equals_record_count","integration","binary","M1","record_equal",1,"fd005533e45b92fc9b30a4117e8ba6183940ceeac8b4f0a90484381c2ae5d8f0","cv"
39,"synthetic_11",1,"record_equal","N_train/(S_train*R_species); total_weight=N_train","total_weight_equals_record_count","integration","binary","M1","record_equal",1,"fd005533e45b92fc9b30a4117e8ba6183940ceeac8b4f0a90484381c2ae5d8f0","cv"
40,"synthetic_11",1,"record_equal","N_train/(S_train*R_species); total_weight=N_train","total_weight_equals_record_count","integration","binary","M1","record_equal",1,"fd005533e45b92fc9b30a4117e8ba6183940ceeac8b4f0a90484381c2ae5d8f0","cv"
41,"synthetic_11",1,"record_equal","N_train/(S_train*R_species); total_weight=N_train","total_weight_equals_record_count","integration","binary","M1","record_equal",1,"fd005533e45b92fc9b30a4117e8ba6183940ceeac8b4f0a90484381c2ae5d8f0","cv"
42,"synthetic_11",1,"record_equal","N_train/(S_train*R_species); total_weight=N_train","total_weight_equals_record_count","integration","binary","M1","record_equal",1,"fd005533e45b92fc9b30a4117e8ba6183940ceeac8b4f0a90484381c2ae5d8f0","cv"
1,"synthetic_01",1,"record_equal","N_train/(S_train*R_species); total_weight=N_train","total_weight_equals_record_count","integration","binary","M1","record_equal",2,"49d1e415d3653d3956c56c01c189b33178ae7f836858bd5acc8860ad5eb3a291","cv"
2,"synthetic_01",1,"record_equal","N_train/(S_train*R_species); total_weight=N_train","total_weight_equals_record_count","integration","binary","M1","record_equal",2,"49d1e415d3653d3956c56c01c189b33178ae7f836858bd5acc8860ad5eb3a291","cv"
3,"synthetic_01",1,"record_equal","N_train/(S_train*R_species); total_weight=N_train","total_weight_equals_record_count","integration","binary","M1","record_equal",2,"49d1e415d3653d3956c56c01c189b33178ae7f836858bd5acc8860ad5eb3a291","cv"
4,"synthetic_02",1,"record_equal","N_train/(S_train*R_species); total_weight=N_train","total_weight_equals_record_count","integration","binary","M1","record_equal",2,"49d1e415d3653d3956c56c01c189b33178ae7f836858bd5acc8860ad5eb3a291","cv"
5,"synthetic_02",1,"record_equal","N_train/(S_train*R_species); total_weight=N_train","total_weight_equals_record_count","integration","binary","M1","record_equal",2,"49d1e415d3653d3956c56c01c189b33178ae7f836858bd5acc8860ad5eb3a291","cv"
6,"synthetic_02",1,"record_equal","N_train/(S_train*R_species); total_weight=N_train","total_weight_equals_record_count","integration","binary","M1","record_equal",2,"49d1e415d3653d3956c56c01c189b33178ae7f836858bd5acc8860ad5eb3a291","cv"
7,"synthetic_02",1,"record_equal","N_train/(S_train*R_species); total_weight=N_train","total_weight_equals_record_count","integration","binary","M1","record_equal",2,"49d1e415d3653d3956c56c01c189b33178ae7f836858bd5acc8860ad5eb3a291","cv"
8,"synthetic_03",1,"record_equal","N_train/(S_train*R_species); total_weight=N_train","total_weight_equals_record_count","integration","binary","M1","record_equal",2,"49d1e415d3653d3956c56c01c189b33178ae7f836858bd5acc8860ad5eb3a291","cv"
9,"synthetic_03",1,"record_equal","N_train/(S_train*R_species); total_weight=N_train","total_weight_equals_record_count","integration","binary","M1","record_equal",2,"49d1e415d3653d3956c56c01c189b33178ae7f836858bd5acc8860ad5eb3a291","cv"
10,"synthetic_03",1,"record_equal","N_train/(S_train*R_species); total_weight=N_train","total_weight_equals_record_count","integration","binary","M1","record_equal",2,"49d1e415d3653d3956c56c01c189b33178ae7f836858bd5acc8860ad5eb3a291","cv"
11,"synthetic_03",1,"record_equal","N_train/(S_train*R_species); total_weight=N_train","total_weight_equals_record_count","integration","binary","M1","record_equal",2,"49d1e415d3653d3956c56c01c189b33178ae7f836858bd5acc8860ad5eb3a291","cv"
12,"synthetic_04",1,"record_equal","N_train/(S_train*R_species); total_weight=N_train","total_weight_equals_record_count","integration","binary","M1","record_equal",2,"49d1e415d3653d3956c56c01c189b33178ae7f836858bd5acc8860ad5eb3a291","cv"
13,"synthetic_04",1,"record_equal","N_train/(S_train*R_species); total_weight=N_train","total_weight_equals_record_count","integration","binary","M1","record_equal",2,"49d1e415d3653d3956c56c01c189b33178ae7f836858bd5acc8860ad5eb3a291","cv"
14,"synthetic_04",1,"record_equal","N_train/(S_train*R_species); total_weight=N_train","total_weight_equals_record_count","integration","binary","M1","record_equal",2,"49d1e415d3653d3956c56c01c189b33178ae7f836858bd5acc8860ad5eb3a291","cv"
15,"synthetic_04",1,"record_equal","N_train/(S_train*R_species); total_weight=N_train","total_weight_equals_record_count","integration","binary","M1","record_equal",2,"49d1e415d3653d3956c56c01c189b33178ae7f836858bd5acc8860ad5eb3a291","cv"
16,"synthetic_04",1,"record_equal","N_train/(S_train*R_species); total_weight=N_train","total_weight_equals_record_count","integration","binary","M1","record_equal",2,"49d1e415d3653d3956c56c01c189b33178ae7f836858bd5acc8860ad5eb3a291","cv"
17,"synthetic_05",1,"record_equal","N_train/(S_train*R_species); total_weight=N_train","total_weight_equals_record_count","integration","binary","M1","record_equal",2,"49d1e415d3653d3956c56c01c189b33178ae7f836858bd5acc8860ad5eb3a291","cv"
18,"synthetic_05",1,"record_equal","N_train/(S_train*R_species); total_weight=N_train","total_weight_equals_record_count","integration","binary","M1","record_equal",2,"49d1e415d3653d3956c56c01c189b33178ae7f836858bd5acc8860ad5eb3a291","cv"
19,"synthetic_05",1,"record_equal","N_train/(S_train*R_species); total_weight=N_train","total_weight_equals_record_count","integration","binary","M1","record_equal",2,"49d1e415d3653d3956c56c01c189b33178ae7f836858bd5acc8860ad5eb3a291","cv"
20,"synthetic_05",1,"record_equal","N_train/(S_train*R_species); total_weight=N_train","total_weight_equals_record_count","integration","binary","M1","record_equal",2,"49d1e415d3653d3956c56c01c189b33178ae7f836858bd5acc8860ad5eb3a291","cv"
21,"synthetic_05",1,"record_equal","N_train/(S_train*R_species); total_weight=N_train","total_weight_equals_record_count","integration","binary","M1","record_equal",2,"49d1e415d3653d3956c56c01c189b33178ae7f836858bd5acc8860ad5eb3a291","cv"
22,"synthetic_05",1,"record_equal","N_train/(S_train*R_species); total_weight=N_train","total_weight_equals_record_count","integration","binary","M1","record_equal",2,"49d1e415d3653d3956c56c01c189b33178ae7f836858bd5acc8860ad5eb3a291","cv"
23,"synthetic_06",1,"record_equal","N_train/(S_train*R_species); total_weight=N_train","total_weight_equals_record_count","integration","binary","M1","record_equal",2,"49d1e415d3653d3956c56c01c189b33178ae7f836858bd5acc8860ad5eb3a291","cv"
24,"synthetic_06",1,"record_equal","N_train/(S_train*R_species); total_weight=N_train","total_weight_equals_record_count","integration","binary","M1","record_equal",2,"49d1e415d3653d3956c56c01c189b33178ae7f836858bd5acc8860ad5eb3a291","cv"
25,"synthetic_06",1,"record_equal","N_train/(S_train*R_species); total_weight=N_train","total_weight_equals_record_count","integration","binary","M1","record_equal",2,"49d1e415d3653d3956c56c01c189b33178ae7f836858bd5acc8860ad5eb3a291","cv"
26,"synthetic_06",1,"record_equal","N_train/(S_train*R_species); total_weight=N_train","total_weight_equals_record_count","integration","binary","M1","record_equal",2,"49d1e415d3653d3956c56c01c189b33178ae7f836858bd5acc8860ad5eb3a291","cv"
27,"synthetic_06",1,"record_equal","N_train/(S_train*R_species); total_weight=N_train","total_weight_equals_record_count","integration","binary","M1","record_equal",2,"49d1e415d3653d3956c56c01c189b33178ae7f836858bd5acc8860ad5eb3a291","cv"
28,"synthetic_06",1,"record_equal","N_train/(S_train*R_species); total_weight=N_train","total_weight_equals_record_count","integration","binary","M1","record_equal",2,"49d1e415d3653d3956c56c01c189b33178ae7f836858bd5acc8860ad5eb3a291","cv"
1,"synthetic_07",1.2,"species_equal","N_train/(S_train*R_species); total_weight=N_train","total_weight_equals_record_count","integration","binary","M1","species_equal",1,"9755861bdbf4ccaf118e0c0dea942613edda82f48c5275b093691f60123a8996","cv"
2,"synthetic_07",1.2,"species_equal","N_train/(S_train*R_species); total_weight=N_train","total_weight_equals_record_count","integration","binary","M1","species_equal",1,"9755861bdbf4ccaf118e0c0dea942613edda82f48c5275b093691f60123a8996","cv"
3,"synthetic_07",1.2,"species_equal","N_train/(S_train*R_species); total_weight=N_train","total_weight_equals_record_count","integration","binary","M1","species_equal",1,"9755861bdbf4ccaf118e0c0dea942613edda82f48c5275b093691f60123a8996","cv"
4,"synthetic_07",1.2,"species_equal","N_train/(S_train*R_species); total_weight=N_train","total_weight_equals_record_count","integration","binary","M1","species_equal",1,"9755861bdbf4ccaf118e0c0dea942613edda82f48c5275b093691f60123a8996","cv"
5,"synthetic_07",1.2,"species_equal","N_train/(S_train*R_species); total_weight=N_train","total_weight_equals_record_count","integration","binary","M1","species_equal",1,"9755861bdbf4ccaf118e0c0dea942613edda82f48c5275b093691f60123a8996","cv"
6,"synthetic_07",1.2,"species_equal","N_train/(S_train*R_species); total_weight=N_train","total_weight_equals_record_count","integration","binary","M1","species_equal",1,"9755861bdbf4ccaf118e0c0dea942613edda82f48c5275b093691f60123a8996","cv"
7,"synthetic_07",1.2,"species_equal","N_train/(S_train*R_species); total_weight=N_train","total_weight_equals_record_count","integration","binary","M1","species_equal",1,"9755861bdbf4ccaf118e0c0dea942613edda82f48c5275b093691f60123a8996","cv"
8,"synthetic_08",1.05,"species_equal","N_train/(S_train*R_species); total_weight=N_train","total_weight_equals_record_count","integration","binary","M1","species_equal",1,"9755861bdbf4ccaf118e0c0dea942613edda82f48c5275b093691f60123a8996","cv"
9,"synthetic_08",1.05,"species_equal","N_train/(S_train*R_species); total_weight=N_train","total_weight_equals_record_count","integration","binary","M1","species_equal",1,"9755861bdbf4ccaf118e0c0dea942613edda82f48c5275b093691f60123a8996","cv"
10,"synthetic_08",1.05,"species_equal","N_train/(S_train*R_species); total_weight=N_train","total_weight_equals_record_count","integration","binary","M1","species_equal",1,"9755861bdbf4ccaf118e0c0dea942613edda82f48c5275b093691f60123a8996","cv"
11,"synthetic_08",1.05,"species_equal","N_train/(S_train*R_species); total_weight=N_train","total_weight_equals_record_count","integration","binary","M1","species_equal",1,"9755861bdbf4ccaf118e0c0dea942613edda82f48c5275b093691f60123a8996","cv"
12,"synthetic_08",1.05,"species_equal","N_train/(S_train*R_species); total_weight=N_train","total_weight_equals_record_count","integration","binary","M1","species_equal",1,"9755861bdbf4ccaf118e0c0dea942613edda82f48c5275b093691f60123a8996","cv"
13,"synthetic_08",1.05,"species_equal","N_train/(S_train*R_species); total_weight=N_train","total_weight_equals_record_count","integration","binary","M1","species_equal",1,"9755861bdbf4ccaf118e0c0dea942613edda82f48c5275b093691f60123a8996","cv"
14,"synthetic_08",1.05,"species_equal","N_train/(S_train*R_species); total_weight=N_train","total_weight_equals_record_count","integration","binary","M1","species_equal",1,"9755861bdbf4ccaf118e0c0dea942613edda82f48c5275b093691f60123a8996","cv"
15,"synthetic_08",1.05,"species_equal","N_train/(S_train*R_species); total_weight=N_train","total_weight_equals_record_count","integration","binary","M1","species_equal",1,"9755861bdbf4ccaf118e0c0dea942613edda82f48c5275b093691f60123a8996","cv"
16,"synthetic_09",1.05,"species_equal","N_train/(S_train*R_species); total_weight=N_train","total_weight_equals_record_count","integration","binary","M1","species_equal",1,"9755861bdbf4ccaf118e0c0dea942613edda82f48c5275b093691f60123a8996","cv"
17,"synthetic_09",1.05,"species_equal","N_train/(S_train*R_species); total_weight=N_train","total_weight_equals_record_count","integration","binary","M1","species_equal",1,"9755861bdbf4ccaf118e0c0dea942613edda82f48c5275b093691f60123a8996","cv"
18,"synthetic_09",1.05,"species_equal","N_train/(S_train*R_species); total_weight=N_train","total_weight_equals_record_count","integration","binary","M1","species_equal",1,"9755861bdbf4ccaf118e0c0dea942613edda82f48c5275b093691f60123a8996","cv"
19,"synthetic_09",1.05,"species_equal","N_train/(S_train*R_species); total_weight=N_train","total_weight_equals_record_count","integration","binary","M1","species_equal",1,"9755861bdbf4ccaf118e0c0dea942613edda82f48c5275b093691f60123a8996","cv"
20,"synthetic_09",1.05,"species_equal","N_train/(S_train*R_species); total_weight=N_train","total_weight_equals_record_count","integration","binary","M1","species_equal",1,"9755861bdbf4ccaf118e0c0dea942613edda82f48c5275b093691f60123a8996","cv"
21,"synthetic_09",1.05,"species_equal","N_train/(S_train*R_species); total_weight=N_train","total_weight_equals_record_count","integration","binary","M1","species_equal",1,"9755861bdbf4ccaf118e0c0dea942613edda82f48c5275b093691f60123a8996","cv"
22,"synthetic_09",1.05,"species_equal","N_train/(S_train*R_species); total_weight=N_train","total_weight_equals_record_count","integration","binary","M1","species_equal",1,"9755861bdbf4ccaf118e0c0dea942613edda82f48c5275b093691f60123a8996","cv"
23,"synthetic_09",1.05,"species_equal","N_train/(S_train*R_species); total_weight=N_train","total_weight_equals_record_count","integration","binary","M1","species_equal",1,"9755861bdbf4ccaf118e0c0dea942613edda82f48c5275b093691f60123a8996","cv"
24,"synthetic_10",0.933333333333333,"species_equal","N_train/(S_train*R_species); total_weight=N_train","total_weight_equals_record_count","integration","binary","M1","species_equal",1,"9755861bdbf4ccaf118e0c0dea942613edda82f48c5275b093691f60123a8996","cv"
25,"synthetic_10",0.933333333333333,"species_equal","N_train/(S_train*R_species); total_weight=N_train","total_weight_equals_record_count","integration","binary","M1","species_equal",1,"9755861bdbf4ccaf118e0c0dea942613edda82f48c5275b093691f60123a8996","cv"
26,"synthetic_10",0.933333333333333,"species_equal","N_train/(S_train*R_species); total_weight=N_train","total_weight_equals_record_count","integration","binary","M1","species_equal",1,"9755861bdbf4ccaf118e0c0dea942613edda82f48c5275b093691f60123a8996","cv"
27,"synthetic_10",0.933333333333333,"species_equal","N_train/(S_train*R_species); total_weight=N_train","total_weight_equals_record_count","integration","binary","M1","species_equal",1,"9755861bdbf4ccaf118e0c0dea942613edda82f48c5275b093691f60123a8996","cv"
28,"synthetic_10",0.933333333333333,"species_equal","N_train/(S_train*R_species); total_weight=N_train","total_weight_equals_record_count","integration","binary","M1","species_equal",1,"9755861bdbf4ccaf118e0c0dea942613edda82f48c5275b093691f60123a8996","cv"
29,"synthetic_10",0.933333333333333,"species_equal","N_train/(S_train*R_species); total_weight=N_train","total_weight_equals_record_count","integration","binary","M1","species_equal",1,"9755861bdbf4ccaf118e0c0dea942613edda82f48c5275b093691f60123a8996","cv"
30,"synthetic_10",0.933333333333333,"species_equal","N_train/(S_train*R_species); total_weight=N_train","total_weight_equals_record_count","integration","binary","M1","species_equal",1,"9755861bdbf4ccaf118e0c0dea942613edda82f48c5275b093691f60123a8996","cv"
31,"synthetic_10",0.933333333333333,"species_equal","N_train/(S_train*R_species); total_weight=N_train","total_weight_equals_record_count","integration","binary","M1","species_equal",1,"9755861bdbf4ccaf118e0c0dea942613edda82f48c5275b093691f60123a8996","cv"
32,"synthetic_10",0.933333333333333,"species_equal","N_train/(S_train*R_species); total_weight=N_train","total_weight_equals_record_count","integration","binary","M1","species_equal",1,"9755861bdbf4ccaf118e0c0dea942613edda82f48c5275b093691f60123a8996","cv"
33,"synthetic_11",0.84,"species_equal","N_train/(S_train*R_species); total_weight=N_train","total_weight_equals_record_count","integration","binary","M1","species_equal",1,"9755861bdbf4ccaf118e0c0dea942613edda82f48c5275b093691f60123a8996","cv"
34,"synthetic_11",0.84,"species_equal","N_train/(S_train*R_species); total_weight=N_train","total_weight_equals_record_count","integration","binary","M1","species_equal",1,"9755861bdbf4ccaf118e0c0dea942613edda82f48c5275b093691f60123a8996","cv"
35,"synthetic_11",0.84,"species_equal","N_train/(S_train*R_species); total_weight=N_train","total_weight_equals_record_count","integration","binary","M1","species_equal",1,"9755861bdbf4ccaf118e0c0dea942613edda82f48c5275b093691f60123a8996","cv"
36,"synthetic_11",0.84,"species_equal","N_train/(S_train*R_species); total_weight=N_train","total_weight_equals_record_count","integration","binary","M1","species_equal",1,"9755861bdbf4ccaf118e0c0dea942613edda82f48c5275b093691f60123a8996","cv"
37,"synthetic_11",0.84,"species_equal","N_train/(S_train*R_species); total_weight=N_train","total_weight_equals_record_count","integration","binary","M1","species_equal",1,"9755861bdbf4ccaf118e0c0dea942613edda82f48c5275b093691f60123a8996","cv"
38,"synthetic_11",0.84,"species_equal","N_train/(S_train*R_species); total_weight=N_train","total_weight_equals_record_count","integration","binary","M1","species_equal",1,"9755861bdbf4ccaf118e0c0dea942613edda82f48c5275b093691f60123a8996","cv"
39,"synthetic_11",0.84,"species_equal","N_train/(S_train*R_species); total_weight=N_train","total_weight_equals_record_count","integration","binary","M1","species_equal",1,"9755861bdbf4ccaf118e0c0dea942613edda82f48c5275b093691f60123a8996","cv"
40,"synthetic_11",0.84,"species_equal","N_train/(S_train*R_species); total_weight=N_train","total_weight_equals_record_count","integration","binary","M1","species_equal",1,"9755861bdbf4ccaf118e0c0dea942613edda82f48c5275b093691f60123a8996","cv"
41,"synthetic_11",0.84,"species_equal","N_train/(S_train*R_species); total_weight=N_train","total_weight_equals_record_count","integration","binary","M1","species_equal",1,"9755861bdbf4ccaf118e0c0dea942613edda82f48c5275b093691f60123a8996","cv"
42,"synthetic_11",0.84,"species_equal","N_train/(S_train*R_species); total_weight=N_train","total_weight_equals_record_count","integration","binary","M1","species_equal",1,"9755861bdbf4ccaf118e0c0dea942613edda82f48c5275b093691f60123a8996","cv"
1,"synthetic_01",1.55555555555556,"species_equal","N_train/(S_train*R_species); total_weight=N_train","total_weight_equals_record_count","integration","binary","M1","species_equal",2,"210a5e9b33282c48424fcfc2bbfcf70694ab54554193c1798fe2d16b45f34fbb","cv"
2,"synthetic_01",1.55555555555556,"species_equal","N_train/(S_train*R_species); total_weight=N_train","total_weight_equals_record_count","integration","binary","M1","species_equal",2,"210a5e9b33282c48424fcfc2bbfcf70694ab54554193c1798fe2d16b45f34fbb","cv"
3,"synthetic_01",1.55555555555556,"species_equal","N_train/(S_train*R_species); total_weight=N_train","total_weight_equals_record_count","integration","binary","M1","species_equal",2,"210a5e9b33282c48424fcfc2bbfcf70694ab54554193c1798fe2d16b45f34fbb","cv"
4,"synthetic_02",1.16666666666667,"species_equal","N_train/(S_train*R_species); total_weight=N_train","total_weight_equals_record_count","integration","binary","M1","species_equal",2,"210a5e9b33282c48424fcfc2bbfcf70694ab54554193c1798fe2d16b45f34fbb","cv"
5,"synthetic_02",1.16666666666667,"species_equal","N_train/(S_train*R_species); total_weight=N_train","total_weight_equals_record_count","integration","binary","M1","species_equal",2,"210a5e9b33282c48424fcfc2bbfcf70694ab54554193c1798fe2d16b45f34fbb","cv"
6,"synthetic_02",1.16666666666667,"species_equal","N_train/(S_train*R_species); total_weight=N_train","total_weight_equals_record_count","integration","binary","M1","species_equal",2,"210a5e9b33282c48424fcfc2bbfcf70694ab54554193c1798fe2d16b45f34fbb","cv"
7,"synthetic_02",1.16666666666667,"species_equal","N_train/(S_train*R_species); total_weight=N_train","total_weight_equals_record_count","integration","binary","M1","species_equal",2,"210a5e9b33282c48424fcfc2bbfcf70694ab54554193c1798fe2d16b45f34fbb","cv"
8,"synthetic_03",1.16666666666667,"species_equal","N_train/(S_train*R_species); total_weight=N_train","total_weight_equals_record_count","integration","binary","M1","species_equal",2,"210a5e9b33282c48424fcfc2bbfcf70694ab54554193c1798fe2d16b45f34fbb","cv"
9,"synthetic_03",1.16666666666667,"species_equal","N_train/(S_train*R_species); total_weight=N_train","total_weight_equals_record_count","integration","binary","M1","species_equal",2,"210a5e9b33282c48424fcfc2bbfcf70694ab54554193c1798fe2d16b45f34fbb","cv"
10,"synthetic_03",1.16666666666667,"species_equal","N_train/(S_train*R_species); total_weight=N_train","total_weight_equals_record_count","integration","binary","M1","species_equal",2,"210a5e9b33282c48424fcfc2bbfcf70694ab54554193c1798fe2d16b45f34fbb","cv"
11,"synthetic_03",1.16666666666667,"species_equal","N_train/(S_train*R_species); total_weight=N_train","total_weight_equals_record_count","integration","binary","M1","species_equal",2,"210a5e9b33282c48424fcfc2bbfcf70694ab54554193c1798fe2d16b45f34fbb","cv"
12,"synthetic_04",0.933333333333333,"species_equal","N_train/(S_train*R_species); total_weight=N_train","total_weight_equals_record_count","integration","binary","M1","species_equal",2,"210a5e9b33282c48424fcfc2bbfcf70694ab54554193c1798fe2d16b45f34fbb","cv"
13,"synthetic_04",0.933333333333333,"species_equal","N_train/(S_train*R_species); total_weight=N_train","total_weight_equals_record_count","integration","binary","M1","species_equal",2,"210a5e9b33282c48424fcfc2bbfcf70694ab54554193c1798fe2d16b45f34fbb","cv"
14,"synthetic_04",0.933333333333333,"species_equal","N_train/(S_train*R_species); total_weight=N_train","total_weight_equals_record_count","integration","binary","M1","species_equal",2,"210a5e9b33282c48424fcfc2bbfcf70694ab54554193c1798fe2d16b45f34fbb","cv"
15,"synthetic_04",0.933333333333333,"species_equal","N_train/(S_train*R_species); total_weight=N_train","total_weight_equals_record_count","integration","binary","M1","species_equal",2,"210a5e9b33282c48424fcfc2bbfcf70694ab54554193c1798fe2d16b45f34fbb","cv"
16,"synthetic_04",0.933333333333333,"species_equal","N_train/(S_train*R_species); total_weight=N_train","total_weight_equals_record_count","integration","binary","M1","species_equal",2,"210a5e9b33282c48424fcfc2bbfcf70694ab54554193c1798fe2d16b45f34fbb","cv"
17,"synthetic_05",0.777777777777778,"species_equal","N_train/(S_train*R_species); total_weight=N_train","total_weight_equals_record_count","integration","binary","M1","species_equal",2,"210a5e9b33282c48424fcfc2bbfcf70694ab54554193c1798fe2d16b45f34fbb","cv"
18,"synthetic_05",0.777777777777778,"species_equal","N_train/(S_train*R_species); total_weight=N_train","total_weight_equals_record_count","integration","binary","M1","species_equal",2,"210a5e9b33282c48424fcfc2bbfcf70694ab54554193c1798fe2d16b45f34fbb","cv"
19,"synthetic_05",0.777777777777778,"species_equal","N_train/(S_train*R_species); total_weight=N_train","total_weight_equals_record_count","integration","binary","M1","species_equal",2,"210a5e9b33282c48424fcfc2bbfcf70694ab54554193c1798fe2d16b45f34fbb","cv"
20,"synthetic_05",0.777777777777778,"species_equal","N_train/(S_train*R_species); total_weight=N_train","total_weight_equals_record_count","integration","binary","M1","species_equal",2,"210a5e9b33282c48424fcfc2bbfcf70694ab54554193c1798fe2d16b45f34fbb","cv"
21,"synthetic_05",0.777777777777778,"species_equal","N_train/(S_train*R_species); total_weight=N_train","total_weight_equals_record_count","integration","binary","M1","species_equal",2,"210a5e9b33282c48424fcfc2bbfcf70694ab54554193c1798fe2d16b45f34fbb","cv"
22,"synthetic_05",0.777777777777778,"species_equal","N_train/(S_train*R_species); total_weight=N_train","total_weight_equals_record_count","integration","binary","M1","species_equal",2,"210a5e9b33282c48424fcfc2bbfcf70694ab54554193c1798fe2d16b45f34fbb","cv"
23,"synthetic_06",0.777777777777778,"species_equal","N_train/(S_train*R_species); total_weight=N_train","total_weight_equals_record_count","integration","binary","M1","species_equal",2,"210a5e9b33282c48424fcfc2bbfcf70694ab54554193c1798fe2d16b45f34fbb","cv"
24,"synthetic_06",0.777777777777778,"species_equal","N_train/(S_train*R_species); total_weight=N_train","total_weight_equals_record_count","integration","binary","M1","species_equal",2,"210a5e9b33282c48424fcfc2bbfcf70694ab54554193c1798fe2d16b45f34fbb","cv"
25,"synthetic_06",0.777777777777778,"species_equal","N_train/(S_train*R_species); total_weight=N_train","total_weight_equals_record_count","integration","binary","M1","species_equal",2,"210a5e9b33282c48424fcfc2bbfcf70694ab54554193c1798fe2d16b45f34fbb","cv"
26,"synthetic_06",0.777777777777778,"species_equal","N_train/(S_train*R_species); total_weight=N_train","total_weight_equals_record_count","integration","binary","M1","species_equal",2,"210a5e9b33282c48424fcfc2bbfcf70694ab54554193c1798fe2d16b45f34fbb","cv"
27,"synthetic_06",0.777777777777778,"species_equal","N_train/(S_train*R_species); total_weight=N_train","total_weight_equals_record_count","integration","binary","M1","species_equal",2,"210a5e9b33282c48424fcfc2bbfcf70694ab54554193c1798fe2d16b45f34fbb","cv"
28,"synthetic_06",0.777777777777778,"species_equal","N_train/(S_train*R_species); total_weight=N_train","total_weight_equals_record_count","integration","binary","M1","species_equal",2,"210a5e9b33282c48424fcfc2bbfcf70694ab54554193c1798fe2d16b45f34fbb","cv"
1,"synthetic_07",1,"record_equal","N_train/(S_train*R_species); total_weight=N_train","total_weight_equals_record_count","integration","binary","M2","record_equal",1,"57c90b98ad877c621506f0401090b6c8d10b4dca2929f1f1f9dbc18ff0a31d1d","cv"
2,"synthetic_07",1,"record_equal","N_train/(S_train*R_species); total_weight=N_train","total_weight_equals_record_count","integration","binary","M2","record_equal",1,"57c90b98ad877c621506f0401090b6c8d10b4dca2929f1f1f9dbc18ff0a31d1d","cv"
3,"synthetic_07",1,"record_equal","N_train/(S_train*R_species); total_weight=N_train","total_weight_equals_record_count","integration","binary","M2","record_equal",1,"57c90b98ad877c621506f0401090b6c8d10b4dca2929f1f1f9dbc18ff0a31d1d","cv"
4,"synthetic_07",1,"record_equal","N_train/(S_train*R_species); total_weight=N_train","total_weight_equals_record_count","integration","binary","M2","record_equal",1,"57c90b98ad877c621506f0401090b6c8d10b4dca2929f1f1f9dbc18ff0a31d1d","cv"
5,"synthetic_07",1,"record_equal","N_train/(S_train*R_species); total_weight=N_train","total_weight_equals_record_count","integration","binary","M2","record_equal",1,"57c90b98ad877c621506f0401090b6c8d10b4dca2929f1f1f9dbc18ff0a31d1d","cv"
6,"synthetic_07",1,"record_equal","N_train/(S_train*R_species); total_weight=N_train","total_weight_equals_record_count","integration","binary","M2","record_equal",1,"57c90b98ad877c621506f0401090b6c8d10b4dca2929f1f1f9dbc18ff0a31d1d","cv"
7,"synthetic_07",1,"record_equal","N_train/(S_train*R_species); total_weight=N_train","total_weight_equals_record_count","integration","binary","M2","record_equal",1,"57c90b98ad877c621506f0401090b6c8d10b4dca2929f1f1f9dbc18ff0a31d1d","cv"
8,"synthetic_08",1,"record_equal","N_train/(S_train*R_species); total_weight=N_train","total_weight_equals_record_count","integration","binary","M2","record_equal",1,"57c90b98ad877c621506f0401090b6c8d10b4dca2929f1f1f9dbc18ff0a31d1d","cv"
9,"synthetic_08",1,"record_equal","N_train/(S_train*R_species); total_weight=N_train","total_weight_equals_record_count","integration","binary","M2","record_equal",1,"57c90b98ad877c621506f0401090b6c8d10b4dca2929f1f1f9dbc18ff0a31d1d","cv"
10,"synthetic_08",1,"record_equal","N_train/(S_train*R_species); total_weight=N_train","total_weight_equals_record_count","integration","binary","M2","record_equal",1,"57c90b98ad877c621506f0401090b6c8d10b4dca2929f1f1f9dbc18ff0a31d1d","cv"
11,"synthetic_08",1,"record_equal","N_train/(S_train*R_species); total_weight=N_train","total_weight_equals_record_count","integration","binary","M2","record_equal",1,"57c90b98ad877c621506f0401090b6c8d10b4dca2929f1f1f9dbc18ff0a31d1d","cv"
12,"synthetic_08",1,"record_equal","N_train/(S_train*R_species); total_weight=N_train","total_weight_equals_record_count","integration","binary","M2","record_equal",1,"57c90b98ad877c621506f0401090b6c8d10b4dca2929f1f1f9dbc18ff0a31d1d","cv"
13,"synthetic_08",1,"record_equal","N_train/(S_train*R_species); total_weight=N_train","total_weight_equals_record_count","integration","binary","M2","record_equal",1,"57c90b98ad877c621506f0401090b6c8d10b4dca2929f1f1f9dbc18ff0a31d1d","cv"
14,"synthetic_08",1,"record_equal","N_train/(S_train*R_species); total_weight=N_train","total_weight_equals_record_count","integration","binary","M2","record_equal",1,"57c90b98ad877c621506f0401090b6c8d10b4dca2929f1f1f9dbc18ff0a31d1d","cv"
15,"synthetic_08",1,"record_equal","N_train/(S_train*R_species); total_weight=N_train","total_weight_equals_record_count","integration","binary","M2","record_equal",1,"57c90b98ad877c621506f0401090b6c8d10b4dca2929f1f1f9dbc18ff0a31d1d","cv"
16,"synthetic_09",1,"record_equal","N_train/(S_train*R_species); total_weight=N_train","total_weight_equals_record_count","integration","binary","M2","record_equal",1,"57c90b98ad877c621506f0401090b6c8d10b4dca2929f1f1f9dbc18ff0a31d1d","cv"
17,"synthetic_09",1,"record_equal","N_train/(S_train*R_species); total_weight=N_train","total_weight_equals_record_count","integration","binary","M2","record_equal",1,"57c90b98ad877c621506f0401090b6c8d10b4dca2929f1f1f9dbc18ff0a31d1d","cv"
18,"synthetic_09",1,"record_equal","N_train/(S_train*R_species); total_weight=N_train","total_weight_equals_record_count","integration","binary","M2","record_equal",1,"57c90b98ad877c621506f0401090b6c8d10b4dca2929f1f1f9dbc18ff0a31d1d","cv"
19,"synthetic_09",1,"record_equal","N_train/(S_train*R_species); total_weight=N_train","total_weight_equals_record_count","integration","binary","M2","record_equal",1,"57c90b98ad877c621506f0401090b6c8d10b4dca2929f1f1f9dbc18ff0a31d1d","cv"
20,"synthetic_09",1,"record_equal","N_train/(S_train*R_species); total_weight=N_train","total_weight_equals_record_count","integration","binary","M2","record_equal",1,"57c90b98ad877c621506f0401090b6c8d10b4dca2929f1f1f9dbc18ff0a31d1d","cv"
21,"synthetic_09",1,"record_equal","N_train/(S_train*R_species); total_weight=N_train","total_weight_equals_record_count","integration","binary","M2","record_equal",1,"57c90b98ad877c621506f0401090b6c8d10b4dca2929f1f1f9dbc18ff0a31d1d","cv"
22,"synthetic_09",1,"record_equal","N_train/(S_train*R_species); total_weight=N_train","total_weight_equals_record_count","integration","binary","M2","record_equal",1,"57c90b98ad877c621506f0401090b6c8d10b4dca2929f1f1f9dbc18ff0a31d1d","cv"
23,"synthetic_09",1,"record_equal","N_train/(S_train*R_species); total_weight=N_train","total_weight_equals_record_count","integration","binary","M2","record_equal",1,"57c90b98ad877c621506f0401090b6c8d10b4dca2929f1f1f9dbc18ff0a31d1d","cv"
24,"synthetic_10",1,"record_equal","N_train/(S_train*R_species); total_weight=N_train","total_weight_equals_record_count","integration","binary","M2","record_equal",1,"57c90b98ad877c621506f0401090b6c8d10b4dca2929f1f1f9dbc18ff0a31d1d","cv"
25,"synthetic_10",1,"record_equal","N_train/(S_train*R_species); total_weight=N_train","total_weight_equals_record_count","integration","binary","M2","record_equal",1,"57c90b98ad877c621506f0401090b6c8d10b4dca2929f1f1f9dbc18ff0a31d1d","cv"
26,"synthetic_10",1,"record_equal","N_train/(S_train*R_species); total_weight=N_train","total_weight_equals_record_count","integration","binary","M2","record_equal",1,"57c90b98ad877c621506f0401090b6c8d10b4dca2929f1f1f9dbc18ff0a31d1d","cv"
27,"synthetic_10",1,"record_equal","N_train/(S_train*R_species); total_weight=N_train","total_weight_equals_record_count","integration","binary","M2","record_equal",1,"57c90b98ad877c621506f0401090b6c8d10b4dca2929f1f1f9dbc18ff0a31d1d","cv"
28,"synthetic_10",1,"record_equal","N_train/(S_train*R_species); total_weight=N_train","total_weight_equals_record_count","integration","binary","M2","record_equal",1,"57c90b98ad877c621506f0401090b6c8d10b4dca2929f1f1f9dbc18ff0a31d1d","cv"
29,"synthetic_10",1,"record_equal","N_train/(S_train*R_species); total_weight=N_train","total_weight_equals_record_count","integration","binary","M2","record_equal",1,"57c90b98ad877c621506f0401090b6c8d10b4dca2929f1f1f9dbc18ff0a31d1d","cv"
30,"synthetic_10",1,"record_equal","N_train/(S_train*R_species); total_weight=N_train","total_weight_equals_record_count","integration","binary","M2","record_equal",1,"57c90b98ad877c621506f0401090b6c8d10b4dca2929f1f1f9dbc18ff0a31d1d","cv"
31,"synthetic_10",1,"record_equal","N_train/(S_train*R_species); total_weight=N_train","total_weight_equals_record_count","integration","binary","M2","record_equal",1,"57c90b98ad877c621506f0401090b6c8d10b4dca2929f1f1f9dbc18ff0a31d1d","cv"
32,"synthetic_10",1,"record_equal","N_train/(S_train*R_species); total_weight=N_train","total_weight_equals_record_count","integration","binary","M2","record_equal",1,"57c90b98ad877c621506f0401090b6c8d10b4dca2929f1f1f9dbc18ff0a31d1d","cv"
33,"synthetic_11",1,"record_equal","N_train/(S_train*R_species); total_weight=N_train","total_weight_equals_record_count","integration","binary","M2","record_equal",1,"57c90b98ad877c621506f0401090b6c8d10b4dca2929f1f1f9dbc18ff0a31d1d","cv"
34,"synthetic_11",1,"record_equal","N_train/(S_train*R_species); total_weight=N_train","total_weight_equals_record_count","integration","binary","M2","record_equal",1,"57c90b98ad877c621506f0401090b6c8d10b4dca2929f1f1f9dbc18ff0a31d1d","cv"
35,"synthetic_11",1,"record_equal","N_train/(S_train*R_species); total_weight=N_train","total_weight_equals_record_count","integration","binary","M2","record_equal",1,"57c90b98ad877c621506f0401090b6c8d10b4dca2929f1f1f9dbc18ff0a31d1d","cv"
36,"synthetic_11",1,"record_equal","N_train/(S_train*R_species); total_weight=N_train","total_weight_equals_record_count","integration","binary","M2","record_equal",1,"57c90b98ad877c621506f0401090b6c8d10b4dca2929f1f1f9dbc18ff0a31d1d","cv"
37,"synthetic_11",1,"record_equal","N_train/(S_train*R_species); total_weight=N_train","total_weight_equals_record_count","integration","binary","M2","record_equal",1,"57c90b98ad877c621506f0401090b6c8d10b4dca2929f1f1f9dbc18ff0a31d1d","cv"
38,"synthetic_11",1,"record_equal","N_train/(S_train*R_species); total_weight=N_train","total_weight_equals_record_count","integration","binary","M2","record_equal",1,"57c90b98ad877c621506f0401090b6c8d10b4dca2929f1f1f9dbc18ff0a31d1d","cv"
39,"synthetic_11",1,"record_equal","N_train/(S_train*R_species); total_weight=N_train","total_weight_equals_record_count","integration","binary","M2","record_equal",1,"57c90b98ad877c621506f0401090b6c8d10b4dca2929f1f1f9dbc18ff0a31d1d","cv"
40,"synthetic_11",1,"record_equal","N_train/(S_train*R_species); total_weight=N_train","total_weight_equals_record_count","integration","binary","M2","record_equal",1,"57c90b98ad877c621506f0401090b6c8d10b4dca2929f1f1f9dbc18ff0a31d1d","cv"
41,"synthetic_11",1,"record_equal","N_train/(S_train*R_species); total_weight=N_train","total_weight_equals_record_count","integration","binary","M2","record_equal",1,"57c90b98ad877c621506f0401090b6c8d10b4dca2929f1f1f9dbc18ff0a31d1d","cv"
42,"synthetic_11",1,"record_equal","N_train/(S_train*R_species); total_weight=N_train","total_weight_equals_record_count","integration","binary","M2","record_equal",1,"57c90b98ad877c621506f0401090b6c8d10b4dca2929f1f1f9dbc18ff0a31d1d","cv"
1,"synthetic_01",1,"record_equal","N_train/(S_train*R_species); total_weight=N_train","total_weight_equals_record_count","integration","binary","M2","record_equal",2,"ae0a5e0e9f854808cad646d477d3992fcbffba7d60aaa32d56a69e0d1979a0d0","cv"
2,"synthetic_01",1,"record_equal","N_train/(S_train*R_species); total_weight=N_train","total_weight_equals_record_count","integration","binary","M2","record_equal",2,"ae0a5e0e9f854808cad646d477d3992fcbffba7d60aaa32d56a69e0d1979a0d0","cv"
3,"synthetic_01",1,"record_equal","N_train/(S_train*R_species); total_weight=N_train","total_weight_equals_record_count","integration","binary","M2","record_equal",2,"ae0a5e0e9f854808cad646d477d3992fcbffba7d60aaa32d56a69e0d1979a0d0","cv"
4,"synthetic_02",1,"record_equal","N_train/(S_train*R_species); total_weight=N_train","total_weight_equals_record_count","integration","binary","M2","record_equal",2,"ae0a5e0e9f854808cad646d477d3992fcbffba7d60aaa32d56a69e0d1979a0d0","cv"
5,"synthetic_02",1,"record_equal","N_train/(S_train*R_species); total_weight=N_train","total_weight_equals_record_count","integration","binary","M2","record_equal",2,"ae0a5e0e9f854808cad646d477d3992fcbffba7d60aaa32d56a69e0d1979a0d0","cv"
6,"synthetic_02",1,"record_equal","N_train/(S_train*R_species); total_weight=N_train","total_weight_equals_record_count","integration","binary","M2","record_equal",2,"ae0a5e0e9f854808cad646d477d3992fcbffba7d60aaa32d56a69e0d1979a0d0","cv"
7,"synthetic_02",1,"record_equal","N_train/(S_train*R_species); total_weight=N_train","total_weight_equals_record_count","integration","binary","M2","record_equal",2,"ae0a5e0e9f854808cad646d477d3992fcbffba7d60aaa32d56a69e0d1979a0d0","cv"
8,"synthetic_03",1,"record_equal","N_train/(S_train*R_species); total_weight=N_train","total_weight_equals_record_count","integration","binary","M2","record_equal",2,"ae0a5e0e9f854808cad646d477d3992fcbffba7d60aaa32d56a69e0d1979a0d0","cv"
9,"synthetic_03",1,"record_equal","N_train/(S_train*R_species); total_weight=N_train","total_weight_equals_record_count","integration","binary","M2","record_equal",2,"ae0a5e0e9f854808cad646d477d3992fcbffba7d60aaa32d56a69e0d1979a0d0","cv"
10,"synthetic_03",1,"record_equal","N_train/(S_train*R_species); total_weight=N_train","total_weight_equals_record_count","integration","binary","M2","record_equal",2,"ae0a5e0e9f854808cad646d477d3992fcbffba7d60aaa32d56a69e0d1979a0d0","cv"
11,"synthetic_03",1,"record_equal","N_train/(S_train*R_species); total_weight=N_train","total_weight_equals_record_count","integration","binary","M2","record_equal",2,"ae0a5e0e9f854808cad646d477d3992fcbffba7d60aaa32d56a69e0d1979a0d0","cv"
12,"synthetic_04",1,"record_equal","N_train/(S_train*R_species); total_weight=N_train","total_weight_equals_record_count","integration","binary","M2","record_equal",2,"ae0a5e0e9f854808cad646d477d3992fcbffba7d60aaa32d56a69e0d1979a0d0","cv"
13,"synthetic_04",1,"record_equal","N_train/(S_train*R_species); total_weight=N_train","total_weight_equals_record_count","integration","binary","M2","record_equal",2,"ae0a5e0e9f854808cad646d477d3992fcbffba7d60aaa32d56a69e0d1979a0d0","cv"
14,"synthetic_04",1,"record_equal","N_train/(S_train*R_species); total_weight=N_train","total_weight_equals_record_count","integration","binary","M2","record_equal",2,"ae0a5e0e9f854808cad646d477d3992fcbffba7d60aaa32d56a69e0d1979a0d0","cv"
15,"synthetic_04",1,"record_equal","N_train/(S_train*R_species); total_weight=N_train","total_weight_equals_record_count","integration","binary","M2","record_equal",2,"ae0a5e0e9f854808cad646d477d3992fcbffba7d60aaa32d56a69e0d1979a0d0","cv"
16,"synthetic_04",1,"record_equal","N_train/(S_train*R_species); total_weight=N_train","total_weight_equals_record_count","integration","binary","M2","record_equal",2,"ae0a5e0e9f854808cad646d477d3992fcbffba7d60aaa32d56a69e0d1979a0d0","cv"
17,"synthetic_05",1,"record_equal","N_train/(S_train*R_species); total_weight=N_train","total_weight_equals_record_count","integration","binary","M2","record_equal",2,"ae0a5e0e9f854808cad646d477d3992fcbffba7d60aaa32d56a69e0d1979a0d0","cv"
18,"synthetic_05",1,"record_equal","N_train/(S_train*R_species); total_weight=N_train","total_weight_equals_record_count","integration","binary","M2","record_equal",2,"ae0a5e0e9f854808cad646d477d3992fcbffba7d60aaa32d56a69e0d1979a0d0","cv"
19,"synthetic_05",1,"record_equal","N_train/(S_train*R_species); total_weight=N_train","total_weight_equals_record_count","integration","binary","M2","record_equal",2,"ae0a5e0e9f854808cad646d477d3992fcbffba7d60aaa32d56a69e0d1979a0d0","cv"
20,"synthetic_05",1,"record_equal","N_train/(S_train*R_species); total_weight=N_train","total_weight_equals_record_count","integration","binary","M2","record_equal",2,"ae0a5e0e9f854808cad646d477d3992fcbffba7d60aaa32d56a69e0d1979a0d0","cv"
21,"synthetic_05",1,"record_equal","N_train/(S_train*R_species); total_weight=N_train","total_weight_equals_record_count","integration","binary","M2","record_equal",2,"ae0a5e0e9f854808cad646d477d3992fcbffba7d60aaa32d56a69e0d1979a0d0","cv"
22,"synthetic_05",1,"record_equal","N_train/(S_train*R_species); total_weight=N_train","total_weight_equals_record_count","integration","binary","M2","record_equal",2,"ae0a5e0e9f854808cad646d477d3992fcbffba7d60aaa32d56a69e0d1979a0d0","cv"
23,"synthetic_06",1,"record_equal","N_train/(S_train*R_species); total_weight=N_train","total_weight_equals_record_count","integration","binary","M2","record_equal",2,"ae0a5e0e9f854808cad646d477d3992fcbffba7d60aaa32d56a69e0d1979a0d0","cv"
24,"synthetic_06",1,"record_equal","N_train/(S_train*R_species); total_weight=N_train","total_weight_equals_record_count","integration","binary","M2","record_equal",2,"ae0a5e0e9f854808cad646d477d3992fcbffba7d60aaa32d56a69e0d1979a0d0","cv"
25,"synthetic_06",1,"record_equal","N_train/(S_train*R_species); total_weight=N_train","total_weight_equals_record_count","integration","binary","M2","record_equal",2,"ae0a5e0e9f854808cad646d477d3992fcbffba7d60aaa32d56a69e0d1979a0d0","cv"
26,"synthetic_06",1,"record_equal","N_train/(S_train*R_species); total_weight=N_train","total_weight_equals_record_count","integration","binary","M2","record_equal",2,"ae0a5e0e9f854808cad646d477d3992fcbffba7d60aaa32d56a69e0d1979a0d0","cv"
27,"synthetic_06",1,"record_equal","N_train/(S_train*R_species); total_weight=N_train","total_weight_equals_record_count","integration","binary","M2","record_equal",2,"ae0a5e0e9f854808cad646d477d3992fcbffba7d60aaa32d56a69e0d1979a0d0","cv"
28,"synthetic_06",1,"record_equal","N_train/(S_train*R_species); total_weight=N_train","total_weight_equals_record_count","integration","binary","M2","record_equal",2,"ae0a5e0e9f854808cad646d477d3992fcbffba7d60aaa32d56a69e0d1979a0d0","cv"
1,"synthetic_07",1.2,"species_equal","N_train/(S_train*R_species); total_weight=N_train","total_weight_equals_record_count","integration","binary","M2","species_equal",1,"54bef1a5774e69176f87f2ea1818aba3b6285ff141a73e29c6a896cdbe548655","cv"
2,"synthetic_07",1.2,"species_equal","N_train/(S_train*R_species); total_weight=N_train","total_weight_equals_record_count","integration","binary","M2","species_equal",1,"54bef1a5774e69176f87f2ea1818aba3b6285ff141a73e29c6a896cdbe548655","cv"
3,"synthetic_07",1.2,"species_equal","N_train/(S_train*R_species); total_weight=N_train","total_weight_equals_record_count","integration","binary","M2","species_equal",1,"54bef1a5774e69176f87f2ea1818aba3b6285ff141a73e29c6a896cdbe548655","cv"
4,"synthetic_07",1.2,"species_equal","N_train/(S_train*R_species); total_weight=N_train","total_weight_equals_record_count","integration","binary","M2","species_equal",1,"54bef1a5774e69176f87f2ea1818aba3b6285ff141a73e29c6a896cdbe548655","cv"
5,"synthetic_07",1.2,"species_equal","N_train/(S_train*R_species); total_weight=N_train","total_weight_equals_record_count","integration","binary","M2","species_equal",1,"54bef1a5774e69176f87f2ea1818aba3b6285ff141a73e29c6a896cdbe548655","cv"
6,"synthetic_07",1.2,"species_equal","N_train/(S_train*R_species); total_weight=N_train","total_weight_equals_record_count","integration","binary","M2","species_equal",1,"54bef1a5774e69176f87f2ea1818aba3b6285ff141a73e29c6a896cdbe548655","cv"
7,"synthetic_07",1.2,"species_equal","N_train/(S_train*R_species); total_weight=N_train","total_weight_equals_record_count","integration","binary","M2","species_equal",1,"54bef1a5774e69176f87f2ea1818aba3b6285ff141a73e29c6a896cdbe548655","cv"
8,"synthetic_08",1.05,"species_equal","N_train/(S_train*R_species); total_weight=N_train","total_weight_equals_record_count","integration","binary","M2","species_equal",1,"54bef1a5774e69176f87f2ea1818aba3b6285ff141a73e29c6a896cdbe548655","cv"
9,"synthetic_08",1.05,"species_equal","N_train/(S_train*R_species); total_weight=N_train","total_weight_equals_record_count","integration","binary","M2","species_equal",1,"54bef1a5774e69176f87f2ea1818aba3b6285ff141a73e29c6a896cdbe548655","cv"
10,"synthetic_08",1.05,"species_equal","N_train/(S_train*R_species); total_weight=N_train","total_weight_equals_record_count","integration","binary","M2","species_equal",1,"54bef1a5774e69176f87f2ea1818aba3b6285ff141a73e29c6a896cdbe548655","cv"
11,"synthetic_08",1.05,"species_equal","N_train/(S_train*R_species); total_weight=N_train","total_weight_equals_record_count","integration","binary","M2","species_equal",1,"54bef1a5774e69176f87f2ea1818aba3b6285ff141a73e29c6a896cdbe548655","cv"
12,"synthetic_08",1.05,"species_equal","N_train/(S_train*R_species); total_weight=N_train","total_weight_equals_record_count","integration","binary","M2","species_equal",1,"54bef1a5774e69176f87f2ea1818aba3b6285ff141a73e29c6a896cdbe548655","cv"
13,"synthetic_08",1.05,"species_equal","N_train/(S_train*R_species); total_weight=N_train","total_weight_equals_record_count","integration","binary","M2","species_equal",1,"54bef1a5774e69176f87f2ea1818aba3b6285ff141a73e29c6a896cdbe548655","cv"
14,"synthetic_08",1.05,"species_equal","N_train/(S_train*R_species); total_weight=N_train","total_weight_equals_record_count","integration","binary","M2","species_equal",1,"54bef1a5774e69176f87f2ea1818aba3b6285ff141a73e29c6a896cdbe548655","cv"
15,"synthetic_08",1.05,"species_equal","N_train/(S_train*R_species); total_weight=N_train","total_weight_equals_record_count","integration","binary","M2","species_equal",1,"54bef1a5774e69176f87f2ea1818aba3b6285ff141a73e29c6a896cdbe548655","cv"
16,"synthetic_09",1.05,"species_equal","N_train/(S_train*R_species); total_weight=N_train","total_weight_equals_record_count","integration","binary","M2","species_equal",1,"54bef1a5774e69176f87f2ea1818aba3b6285ff141a73e29c6a896cdbe548655","cv"
17,"synthetic_09",1.05,"species_equal","N_train/(S_train*R_species); total_weight=N_train","total_weight_equals_record_count","integration","binary","M2","species_equal",1,"54bef1a5774e69176f87f2ea1818aba3b6285ff141a73e29c6a896cdbe548655","cv"
18,"synthetic_09",1.05,"species_equal","N_train/(S_train*R_species); total_weight=N_train","total_weight_equals_record_count","integration","binary","M2","species_equal",1,"54bef1a5774e69176f87f2ea1818aba3b6285ff141a73e29c6a896cdbe548655","cv"
19,"synthetic_09",1.05,"species_equal","N_train/(S_train*R_species); total_weight=N_train","total_weight_equals_record_count","integration","binary","M2","species_equal",1,"54bef1a5774e69176f87f2ea1818aba3b6285ff141a73e29c6a896cdbe548655","cv"
20,"synthetic_09",1.05,"species_equal","N_train/(S_train*R_species); total_weight=N_train","total_weight_equals_record_count","integration","binary","M2","species_equal",1,"54bef1a5774e69176f87f2ea1818aba3b6285ff141a73e29c6a896cdbe548655","cv"
21,"synthetic_09",1.05,"species_equal","N_train/(S_train*R_species); total_weight=N_train","total_weight_equals_record_count","integration","binary","M2","species_equal",1,"54bef1a5774e69176f87f2ea1818aba3b6285ff141a73e29c6a896cdbe548655","cv"
22,"synthetic_09",1.05,"species_equal","N_train/(S_train*R_species); total_weight=N_train","total_weight_equals_record_count","integration","binary","M2","species_equal",1,"54bef1a5774e69176f87f2ea1818aba3b6285ff141a73e29c6a896cdbe548655","cv"
23,"synthetic_09",1.05,"species_equal","N_train/(S_train*R_species); total_weight=N_train","total_weight_equals_record_count","integration","binary","M2","species_equal",1,"54bef1a5774e69176f87f2ea1818aba3b6285ff141a73e29c6a896cdbe548655","cv"
24,"synthetic_10",0.933333333333333,"species_equal","N_train/(S_train*R_species); total_weight=N_train","total_weight_equals_record_count","integration","binary","M2","species_equal",1,"54bef1a5774e69176f87f2ea1818aba3b6285ff141a73e29c6a896cdbe548655","cv"
25,"synthetic_10",0.933333333333333,"species_equal","N_train/(S_train*R_species); total_weight=N_train","total_weight_equals_record_count","integration","binary","M2","species_equal",1,"54bef1a5774e69176f87f2ea1818aba3b6285ff141a73e29c6a896cdbe548655","cv"
26,"synthetic_10",0.933333333333333,"species_equal","N_train/(S_train*R_species); total_weight=N_train","total_weight_equals_record_count","integration","binary","M2","species_equal",1,"54bef1a5774e69176f87f2ea1818aba3b6285ff141a73e29c6a896cdbe548655","cv"
27,"synthetic_10",0.933333333333333,"species_equal","N_train/(S_train*R_species); total_weight=N_train","total_weight_equals_record_count","integration","binary","M2","species_equal",1,"54bef1a5774e69176f87f2ea1818aba3b6285ff141a73e29c6a896cdbe548655","cv"
28,"synthetic_10",0.933333333333333,"species_equal","N_train/(S_train*R_species); total_weight=N_train","total_weight_equals_record_count","integration","binary","M2","species_equal",1,"54bef1a5774e69176f87f2ea1818aba3b6285ff141a73e29c6a896cdbe548655","cv"
29,"synthetic_10",0.933333333333333,"species_equal","N_train/(S_train*R_species); total_weight=N_train","total_weight_equals_record_count","integration","binary","M2","species_equal",1,"54bef1a5774e69176f87f2ea1818aba3b6285ff141a73e29c6a896cdbe548655","cv"
30,"synthetic_10",0.933333333333333,"species_equal","N_train/(S_train*R_species); total_weight=N_train","total_weight_equals_record_count","integration","binary","M2","species_equal",1,"54bef1a5774e69176f87f2ea1818aba3b6285ff141a73e29c6a896cdbe548655","cv"
31,"synthetic_10",0.933333333333333,"species_equal","N_train/(S_train*R_species); total_weight=N_train","total_weight_equals_record_count","integration","binary","M2","species_equal",1,"54bef1a5774e69176f87f2ea1818aba3b6285ff141a73e29c6a896cdbe548655","cv"
32,"synthetic_10",0.933333333333333,"species_equal","N_train/(S_train*R_species); total_weight=N_train","total_weight_equals_record_count","integration","binary","M2","species_equal",1,"54bef1a5774e69176f87f2ea1818aba3b6285ff141a73e29c6a896cdbe548655","cv"
33,"synthetic_11",0.84,"species_equal","N_train/(S_train*R_species); total_weight=N_train","total_weight_equals_record_count","integration","binary","M2","species_equal",1,"54bef1a5774e69176f87f2ea1818aba3b6285ff141a73e29c6a896cdbe548655","cv"
34,"synthetic_11",0.84,"species_equal","N_train/(S_train*R_species); total_weight=N_train","total_weight_equals_record_count","integration","binary","M2","species_equal",1,"54bef1a5774e69176f87f2ea1818aba3b6285ff141a73e29c6a896cdbe548655","cv"
35,"synthetic_11",0.84,"species_equal","N_train/(S_train*R_species); total_weight=N_train","total_weight_equals_record_count","integration","binary","M2","species_equal",1,"54bef1a5774e69176f87f2ea1818aba3b6285ff141a73e29c6a896cdbe548655","cv"
36,"synthetic_11",0.84,"species_equal","N_train/(S_train*R_species); total_weight=N_train","total_weight_equals_record_count","integration","binary","M2","species_equal",1,"54bef1a5774e69176f87f2ea1818aba3b6285ff141a73e29c6a896cdbe548655","cv"
37,"synthetic_11",0.84,"species_equal","N_train/(S_train*R_species); total_weight=N_train","total_weight_equals_record_count","integration","binary","M2","species_equal",1,"54bef1a5774e69176f87f2ea1818aba3b6285ff141a73e29c6a896cdbe548655","cv"
38,"synthetic_11",0.84,"species_equal","N_train/(S_train*R_species); total_weight=N_train","total_weight_equals_record_count","integration","binary","M2","species_equal",1,"54bef1a5774e69176f87f2ea1818aba3b6285ff141a73e29c6a896cdbe548655","cv"
39,"synthetic_11",0.84,"species_equal","N_train/(S_train*R_species); total_weight=N_train","total_weight_equals_record_count","integration","binary","M2","species_equal",1,"54bef1a5774e69176f87f2ea1818aba3b6285ff141a73e29c6a896cdbe548655","cv"
40,"synthetic_11",0.84,"species_equal","N_train/(S_train*R_species); total_weight=N_train","total_weight_equals_record_count","integration","binary","M2","species_equal",1,"54bef1a5774e69176f87f2ea1818aba3b6285ff141a73e29c6a896cdbe548655","cv"
41,"synthetic_11",0.84,"species_equal","N_train/(S_train*R_species); total_weight=N_train","total_weight_equals_record_count","integration","binary","M2","species_equal",1,"54bef1a5774e69176f87f2ea1818aba3b6285ff141a73e29c6a896cdbe548655","cv"
42,"synthetic_11",0.84,"species_equal","N_train/(S_train*R_species); total_weight=N_train","total_weight_equals_record_count","integration","binary","M2","species_equal",1,"54bef1a5774e69176f87f2ea1818aba3b6285ff141a73e29c6a896cdbe548655","cv"
1,"synthetic_01",1.55555555555556,"species_equal","N_train/(S_train*R_species); total_weight=N_train","total_weight_equals_record_count","integration","binary","M2","species_equal",2,"c1d3767a597fba77755e7a358870945017ed0c20538701ce9cd05f20646d7f38","cv"
2,"synthetic_01",1.55555555555556,"species_equal","N_train/(S_train*R_species); total_weight=N_train","total_weight_equals_record_count","integration","binary","M2","species_equal",2,"c1d3767a597fba77755e7a358870945017ed0c20538701ce9cd05f20646d7f38","cv"
3,"synthetic_01",1.55555555555556,"species_equal","N_train/(S_train*R_species); total_weight=N_train","total_weight_equals_record_count","integration","binary","M2","species_equal",2,"c1d3767a597fba77755e7a358870945017ed0c20538701ce9cd05f20646d7f38","cv"
4,"synthetic_02",1.16666666666667,"species_equal","N_train/(S_train*R_species); total_weight=N_train","total_weight_equals_record_count","integration","binary","M2","species_equal",2,"c1d3767a597fba77755e7a358870945017ed0c20538701ce9cd05f20646d7f38","cv"
5,"synthetic_02",1.16666666666667,"species_equal","N_train/(S_train*R_species); total_weight=N_train","total_weight_equals_record_count","integration","binary","M2","species_equal",2,"c1d3767a597fba77755e7a358870945017ed0c20538701ce9cd05f20646d7f38","cv"
6,"synthetic_02",1.16666666666667,"species_equal","N_train/(S_train*R_species); total_weight=N_train","total_weight_equals_record_count","integration","binary","M2","species_equal",2,"c1d3767a597fba77755e7a358870945017ed0c20538701ce9cd05f20646d7f38","cv"
7,"synthetic_02",1.16666666666667,"species_equal","N_train/(S_train*R_species); total_weight=N_train","total_weight_equals_record_count","integration","binary","M2","species_equal",2,"c1d3767a597fba77755e7a358870945017ed0c20538701ce9cd05f20646d7f38","cv"
8,"synthetic_03",1.16666666666667,"species_equal","N_train/(S_train*R_species); total_weight=N_train","total_weight_equals_record_count","integration","binary","M2","species_equal",2,"c1d3767a597fba77755e7a358870945017ed0c20538701ce9cd05f20646d7f38","cv"
9,"synthetic_03",1.16666666666667,"species_equal","N_train/(S_train*R_species); total_weight=N_train","total_weight_equals_record_count","integration","binary","M2","species_equal",2,"c1d3767a597fba77755e7a358870945017ed0c20538701ce9cd05f20646d7f38","cv"
10,"synthetic_03",1.16666666666667,"species_equal","N_train/(S_train*R_species); total_weight=N_train","total_weight_equals_record_count","integration","binary","M2","species_equal",2,"c1d3767a597fba77755e7a358870945017ed0c20538701ce9cd05f20646d7f38","cv"
11,"synthetic_03",1.16666666666667,"species_equal","N_train/(S_train*R_species); total_weight=N_train","total_weight_equals_record_count","integration","binary","M2","species_equal",2,"c1d3767a597fba77755e7a358870945017ed0c20538701ce9cd05f20646d7f38","cv"
12,"synthetic_04",0.933333333333333,"species_equal","N_train/(S_train*R_species); total_weight=N_train","total_weight_equals_record_count","integration","binary","M2","species_equal",2,"c1d3767a597fba77755e7a358870945017ed0c20538701ce9cd05f20646d7f38","cv"
13,"synthetic_04",0.933333333333333,"species_equal","N_train/(S_train*R_species); total_weight=N_train","total_weight_equals_record_count","integration","binary","M2","species_equal",2,"c1d3767a597fba77755e7a358870945017ed0c20538701ce9cd05f20646d7f38","cv"
14,"synthetic_04",0.933333333333333,"species_equal","N_train/(S_train*R_species); total_weight=N_train","total_weight_equals_record_count","integration","binary","M2","species_equal",2,"c1d3767a597fba77755e7a358870945017ed0c20538701ce9cd05f20646d7f38","cv"
15,"synthetic_04",0.933333333333333,"species_equal","N_train/(S_train*R_species); total_weight=N_train","total_weight_equals_record_count","integration","binary","M2","species_equal",2,"c1d3767a597fba77755e7a358870945017ed0c20538701ce9cd05f20646d7f38","cv"
16,"synthetic_04",0.933333333333333,"species_equal","N_train/(S_train*R_species); total_weight=N_train","total_weight_equals_record_count","integration","binary","M2","species_equal",2,"c1d3767a597fba77755e7a358870945017ed0c20538701ce9cd05f20646d7f38","cv"
17,"synthetic_05",0.777777777777778,"species_equal","N_train/(S_train*R_species); total_weight=N_train","total_weight_equals_record_count","integration","binary","M2","species_equal",2,"c1d3767a597fba77755e7a358870945017ed0c20538701ce9cd05f20646d7f38","cv"
18,"synthetic_05",0.777777777777778,"species_equal","N_train/(S_train*R_species); total_weight=N_train","total_weight_equals_record_count","integration","binary","M2","species_equal",2,"c1d3767a597fba77755e7a358870945017ed0c20538701ce9cd05f20646d7f38","cv"
19,"synthetic_05",0.777777777777778,"species_equal","N_train/(S_train*R_species); total_weight=N_train","total_weight_equals_record_count","integration","binary","M2","species_equal",2,"c1d3767a597fba77755e7a358870945017ed0c20538701ce9cd05f20646d7f38","cv"
20,"synthetic_05",0.777777777777778,"species_equal","N_train/(S_train*R_species); total_weight=N_train","total_weight_equals_record_count","integration","binary","M2","species_equal",2,"c1d3767a597fba77755e7a358870945017ed0c20538701ce9cd05f20646d7f38","cv"
21,"synthetic_05",0.777777777777778,"species_equal","N_train/(S_train*R_species); total_weight=N_train","total_weight_equals_record_count","integration","binary","M2","species_equal",2,"c1d3767a597fba77755e7a358870945017ed0c20538701ce9cd05f20646d7f38","cv"
22,"synthetic_05",0.777777777777778,"species_equal","N_train/(S_train*R_species); total_weight=N_train","total_weight_equals_record_count","integration","binary","M2","species_equal",2,"c1d3767a597fba77755e7a358870945017ed0c20538701ce9cd05f20646d7f38","cv"
23,"synthetic_06",0.777777777777778,"species_equal","N_train/(S_train*R_species); total_weight=N_train","total_weight_equals_record_count","integration","binary","M2","species_equal",2,"c1d3767a597fba77755e7a358870945017ed0c20538701ce9cd05f20646d7f38","cv"
24,"synthetic_06",0.777777777777778,"species_equal","N_train/(S_train*R_species); total_weight=N_train","total_weight_equals_record_count","integration","binary","M2","species_equal",2,"c1d3767a597fba77755e7a358870945017ed0c20538701ce9cd05f20646d7f38","cv"
25,"synthetic_06",0.777777777777778,"species_equal","N_train/(S_train*R_species); total_weight=N_train","total_weight_equals_record_count","integration","binary","M2","species_equal",2,"c1d3767a597fba77755e7a358870945017ed0c20538701ce9cd05f20646d7f38","cv"
26,"synthetic_06",0.777777777777778,"species_equal","N_train/(S_train*R_species); total_weight=N_train","total_weight_equals_record_count","integration","binary","M2","species_equal",2,"c1d3767a597fba77755e7a358870945017ed0c20538701ce9cd05f20646d7f38","cv"
27,"synthetic_06",0.777777777777778,"species_equal","N_train/(S_train*R_species); total_weight=N_train","total_weight_equals_record_count","integration","binary","M2","species_equal",2,"c1d3767a597fba77755e7a358870945017ed0c20538701ce9cd05f20646d7f38","cv"
28,"synthetic_06",0.777777777777778,"species_equal","N_train/(S_train*R_species); total_weight=N_train","total_weight_equals_record_count","integration","binary","M2","species_equal",2,"c1d3767a597fba77755e7a358870945017ed0c20538701ce9cd05f20646d7f38","cv"
1,"synthetic_07",1,"record_equal","N_train/(S_train*R_species); total_weight=N_train","total_weight_equals_record_count","integration","binary","M3","record_equal",1,"f2171c5e615909d1aa7b32ccfeb4354d9f8e7c197df11d8b9a9a24be7023647c","cv"
2,"synthetic_07",1,"record_equal","N_train/(S_train*R_species); total_weight=N_train","total_weight_equals_record_count","integration","binary","M3","record_equal",1,"f2171c5e615909d1aa7b32ccfeb4354d9f8e7c197df11d8b9a9a24be7023647c","cv"
3,"synthetic_07",1,"record_equal","N_train/(S_train*R_species); total_weight=N_train","total_weight_equals_record_count","integration","binary","M3","record_equal",1,"f2171c5e615909d1aa7b32ccfeb4354d9f8e7c197df11d8b9a9a24be7023647c","cv"
4,"synthetic_07",1,"record_equal","N_train/(S_train*R_species); total_weight=N_train","total_weight_equals_record_count","integration","binary","M3","record_equal",1,"f2171c5e615909d1aa7b32ccfeb4354d9f8e7c197df11d8b9a9a24be7023647c","cv"
5,"synthetic_07",1,"record_equal","N_train/(S_train*R_species); total_weight=N_train","total_weight_equals_record_count","integration","binary","M3","record_equal",1,"f2171c5e615909d1aa7b32ccfeb4354d9f8e7c197df11d8b9a9a24be7023647c","cv"
6,"synthetic_07",1,"record_equal","N_train/(S_train*R_species); total_weight=N_train","total_weight_equals_record_count","integration","binary","M3","record_equal",1,"f2171c5e615909d1aa7b32ccfeb4354d9f8e7c197df11d8b9a9a24be7023647c","cv"
7,"synthetic_07",1,"record_equal","N_train/(S_train*R_species); total_weight=N_train","total_weight_equals_record_count","integration","binary","M3","record_equal",1,"f2171c5e615909d1aa7b32ccfeb4354d9f8e7c197df11d8b9a9a24be7023647c","cv"
8,"synthetic_08",1,"record_equal","N_train/(S_train*R_species); total_weight=N_train","total_weight_equals_record_count","integration","binary","M3","record_equal",1,"f2171c5e615909d1aa7b32ccfeb4354d9f8e7c197df11d8b9a9a24be7023647c","cv"
9,"synthetic_08",1,"record_equal","N_train/(S_train*R_species); total_weight=N_train","total_weight_equals_record_count","integration","binary","M3","record_equal",1,"f2171c5e615909d1aa7b32ccfeb4354d9f8e7c197df11d8b9a9a24be7023647c","cv"
10,"synthetic_08",1,"record_equal","N_train/(S_train*R_species); total_weight=N_train","total_weight_equals_record_count","integration","binary","M3","record_equal",1,"f2171c5e615909d1aa7b32ccfeb4354d9f8e7c197df11d8b9a9a24be7023647c","cv"
11,"synthetic_08",1,"record_equal","N_train/(S_train*R_species); total_weight=N_train","total_weight_equals_record_count","integration","binary","M3","record_equal",1,"f2171c5e615909d1aa7b32ccfeb4354d9f8e7c197df11d8b9a9a24be7023647c","cv"
12,"synthetic_08",1,"record_equal","N_train/(S_train*R_species); total_weight=N_train","total_weight_equals_record_count","integration","binary","M3","record_equal",1,"f2171c5e615909d1aa7b32ccfeb4354d9f8e7c197df11d8b9a9a24be7023647c","cv"
13,"synthetic_08",1,"record_equal","N_train/(S_train*R_species); total_weight=N_train","total_weight_equals_record_count","integration","binary","M3","record_equal",1,"f2171c5e615909d1aa7b32ccfeb4354d9f8e7c197df11d8b9a9a24be7023647c","cv"
14,"synthetic_08",1,"record_equal","N_train/(S_train*R_species); total_weight=N_train","total_weight_equals_record_count","integration","binary","M3","record_equal",1,"f2171c5e615909d1aa7b32ccfeb4354d9f8e7c197df11d8b9a9a24be7023647c","cv"
15,"synthetic_08",1,"record_equal","N_train/(S_train*R_species); total_weight=N_train","total_weight_equals_record_count","integration","binary","M3","record_equal",1,"f2171c5e615909d1aa7b32ccfeb4354d9f8e7c197df11d8b9a9a24be7023647c","cv"
16,"synthetic_09",1,"record_equal","N_train/(S_train*R_species); total_weight=N_train","total_weight_equals_record_count","integration","binary","M3","record_equal",1,"f2171c5e615909d1aa7b32ccfeb4354d9f8e7c197df11d8b9a9a24be7023647c","cv"
17,"synthetic_09",1,"record_equal","N_train/(S_train*R_species); total_weight=N_train","total_weight_equals_record_count","integration","binary","M3","record_equal",1,"f2171c5e615909d1aa7b32ccfeb4354d9f8e7c197df11d8b9a9a24be7023647c","cv"
18,"synthetic_09",1,"record_equal","N_train/(S_train*R_species); total_weight=N_train","total_weight_equals_record_count","integration","binary","M3","record_equal",1,"f2171c5e615909d1aa7b32ccfeb4354d9f8e7c197df11d8b9a9a24be7023647c","cv"
19,"synthetic_09",1,"record_equal","N_train/(S_train*R_species); total_weight=N_train","total_weight_equals_record_count","integration","binary","M3","record_equal",1,"f2171c5e615909d1aa7b32ccfeb4354d9f8e7c197df11d8b9a9a24be7023647c","cv"
20,"synthetic_09",1,"record_equal","N_train/(S_train*R_species); total_weight=N_train","total_weight_equals_record_count","integration","binary","M3","record_equal",1,"f2171c5e615909d1aa7b32ccfeb4354d9f8e7c197df11d8b9a9a24be7023647c","cv"
21,"synthetic_09",1,"record_equal","N_train/(S_train*R_species); total_weight=N_train","total_weight_equals_record_count","integration","binary","M3","record_equal",1,"f2171c5e615909d1aa7b32ccfeb4354d9f8e7c197df11d8b9a9a24be7023647c","cv"
22,"synthetic_09",1,"record_equal","N_train/(S_train*R_species); total_weight=N_train","total_weight_equals_record_count","integration","binary","M3","record_equal",1,"f2171c5e615909d1aa7b32ccfeb4354d9f8e7c197df11d8b9a9a24be7023647c","cv"
23,"synthetic_09",1,"record_equal","N_train/(S_train*R_species); total_weight=N_train","total_weight_equals_record_count","integration","binary","M3","record_equal",1,"f2171c5e615909d1aa7b32ccfeb4354d9f8e7c197df11d8b9a9a24be7023647c","cv"
24,"synthetic_10",1,"record_equal","N_train/(S_train*R_species); total_weight=N_train","total_weight_equals_record_count","integration","binary","M3","record_equal",1,"f2171c5e615909d1aa7b32ccfeb4354d9f8e7c197df11d8b9a9a24be7023647c","cv"
25,"synthetic_10",1,"record_equal","N_train/(S_train*R_species); total_weight=N_train","total_weight_equals_record_count","integration","binary","M3","record_equal",1,"f2171c5e615909d1aa7b32ccfeb4354d9f8e7c197df11d8b9a9a24be7023647c","cv"
26,"synthetic_10",1,"record_equal","N_train/(S_train*R_species); total_weight=N_train","total_weight_equals_record_count","integration","binary","M3","record_equal",1,"f2171c5e615909d1aa7b32ccfeb4354d9f8e7c197df11d8b9a9a24be7023647c","cv"
27,"synthetic_10",1,"record_equal","N_train/(S_train*R_species); total_weight=N_train","total_weight_equals_record_count","integration","binary","M3","record_equal",1,"f2171c5e615909d1aa7b32ccfeb4354d9f8e7c197df11d8b9a9a24be7023647c","cv"
28,"synthetic_10",1,"record_equal","N_train/(S_train*R_species); total_weight=N_train","total_weight_equals_record_count","integration","binary","M3","record_equal",1,"f2171c5e615909d1aa7b32ccfeb4354d9f8e7c197df11d8b9a9a24be7023647c","cv"
29,"synthetic_10",1,"record_equal","N_train/(S_train*R_species); total_weight=N_train","total_weight_equals_record_count","integration","binary","M3","record_equal",1,"f2171c5e615909d1aa7b32ccfeb4354d9f8e7c197df11d8b9a9a24be7023647c","cv"
30,"synthetic_10",1,"record_equal","N_train/(S_train*R_species); total_weight=N_train","total_weight_equals_record_count","integration","binary","M3","record_equal",1,"f2171c5e615909d1aa7b32ccfeb4354d9f8e7c197df11d8b9a9a24be7023647c","cv"
31,"synthetic_10",1,"record_equal","N_train/(S_train*R_species); total_weight=N_train","total_weight_equals_record_count","integration","binary","M3","record_equal",1,"f2171c5e615909d1aa7b32ccfeb4354d9f8e7c197df11d8b9a9a24be7023647c","cv"
32,"synthetic_10",1,"record_equal","N_train/(S_train*R_species); total_weight=N_train","total_weight_equals_record_count","integration","binary","M3","record_equal",1,"f2171c5e615909d1aa7b32ccfeb4354d9f8e7c197df11d8b9a9a24be7023647c","cv"
33,"synthetic_11",1,"record_equal","N_train/(S_train*R_species); total_weight=N_train","total_weight_equals_record_count","integration","binary","M3","record_equal",1,"f2171c5e615909d1aa7b32ccfeb4354d9f8e7c197df11d8b9a9a24be7023647c","cv"
34,"synthetic_11",1,"record_equal","N_train/(S_train*R_species); total_weight=N_train","total_weight_equals_record_count","integration","binary","M3","record_equal",1,"f2171c5e615909d1aa7b32ccfeb4354d9f8e7c197df11d8b9a9a24be7023647c","cv"
35,"synthetic_11",1,"record_equal","N_train/(S_train*R_species); total_weight=N_train","total_weight_equals_record_count","integration","binary","M3","record_equal",1,"f2171c5e615909d1aa7b32ccfeb4354d9f8e7c197df11d8b9a9a24be7023647c","cv"
36,"synthetic_11",1,"record_equal","N_train/(S_train*R_species); total_weight=N_train","total_weight_equals_record_count","integration","binary","M3","record_equal",1,"f2171c5e615909d1aa7b32ccfeb4354d9f8e7c197df11d8b9a9a24be7023647c","cv"
37,"synthetic_11",1,"record_equal","N_train/(S_train*R_species); total_weight=N_train","total_weight_equals_record_count","integration","binary","M3","record_equal",1,"f2171c5e615909d1aa7b32ccfeb4354d9f8e7c197df11d8b9a9a24be7023647c","cv"
38,"synthetic_11",1,"record_equal","N_train/(S_train*R_species); total_weight=N_train","total_weight_equals_record_count","integration","binary","M3","record_equal",1,"f2171c5e615909d1aa7b32ccfeb4354d9f8e7c197df11d8b9a9a24be7023647c","cv"
39,"synthetic_11",1,"record_equal","N_train/(S_train*R_species); total_weight=N_train","total_weight_equals_record_count","integration","binary","M3","record_equal",1,"f2171c5e615909d1aa7b32ccfeb4354d9f8e7c197df11d8b9a9a24be7023647c","cv"
40,"synthetic_11",1,"record_equal","N_train/(S_train*R_species); total_weight=N_train","total_weight_equals_record_count","integration","binary","M3","record_equal",1,"f2171c5e615909d1aa7b32ccfeb4354d9f8e7c197df11d8b9a9a24be7023647c","cv"
41,"synthetic_11",1,"record_equal","N_train/(S_train*R_species); total_weight=N_train","total_weight_equals_record_count","integration","binary","M3","record_equal",1,"f2171c5e615909d1aa7b32ccfeb4354d9f8e7c197df11d8b9a9a24be7023647c","cv"
42,"synthetic_11",1,"record_equal","N_train/(S_train*R_species); total_weight=N_train","total_weight_equals_record_count","integration","binary","M3","record_equal",1,"f2171c5e615909d1aa7b32ccfeb4354d9f8e7c197df11d8b9a9a24be7023647c","cv"
1,"synthetic_01",1,"record_equal","N_train/(S_train*R_species); total_weight=N_train","total_weight_equals_record_count","integration","binary","M3","record_equal",2,"7ebc507d28a870f83634c7132c2308aae93414e9be81c162eefe789a3119d5c3","cv"
2,"synthetic_01",1,"record_equal","N_train/(S_train*R_species); total_weight=N_train","total_weight_equals_record_count","integration","binary","M3","record_equal",2,"7ebc507d28a870f83634c7132c2308aae93414e9be81c162eefe789a3119d5c3","cv"
3,"synthetic_01",1,"record_equal","N_train/(S_train*R_species); total_weight=N_train","total_weight_equals_record_count","integration","binary","M3","record_equal",2,"7ebc507d28a870f83634c7132c2308aae93414e9be81c162eefe789a3119d5c3","cv"
4,"synthetic_02",1,"record_equal","N_train/(S_train*R_species); total_weight=N_train","total_weight_equals_record_count","integration","binary","M3","record_equal",2,"7ebc507d28a870f83634c7132c2308aae93414e9be81c162eefe789a3119d5c3","cv"
5,"synthetic_02",1,"record_equal","N_train/(S_train*R_species); total_weight=N_train","total_weight_equals_record_count","integration","binary","M3","record_equal",2,"7ebc507d28a870f83634c7132c2308aae93414e9be81c162eefe789a3119d5c3","cv"
6,"synthetic_02",1,"record_equal","N_train/(S_train*R_species); total_weight=N_train","total_weight_equals_record_count","integration","binary","M3","record_equal",2,"7ebc507d28a870f83634c7132c2308aae93414e9be81c162eefe789a3119d5c3","cv"
7,"synthetic_02",1,"record_equal","N_train/(S_train*R_species); total_weight=N_train","total_weight_equals_record_count","integration","binary","M3","record_equal",2,"7ebc507d28a870f83634c7132c2308aae93414e9be81c162eefe789a3119d5c3","cv"
8,"synthetic_03",1,"record_equal","N_train/(S_train*R_species); total_weight=N_train","total_weight_equals_record_count","integration","binary","M3","record_equal",2,"7ebc507d28a870f83634c7132c2308aae93414e9be81c162eefe789a3119d5c3","cv"
9,"synthetic_03",1,"record_equal","N_train/(S_train*R_species); total_weight=N_train","total_weight_equals_record_count","integration","binary","M3","record_equal",2,"7ebc507d28a870f83634c7132c2308aae93414e9be81c162eefe789a3119d5c3","cv"
10,"synthetic_03",1,"record_equal","N_train/(S_train*R_species); total_weight=N_train","total_weight_equals_record_count","integration","binary","M3","record_equal",2,"7ebc507d28a870f83634c7132c2308aae93414e9be81c162eefe789a3119d5c3","cv"
11,"synthetic_03",1,"record_equal","N_train/(S_train*R_species); total_weight=N_train","total_weight_equals_record_count","integration","binary","M3","record_equal",2,"7ebc507d28a870f83634c7132c2308aae93414e9be81c162eefe789a3119d5c3","cv"
12,"synthetic_04",1,"record_equal","N_train/(S_train*R_species); total_weight=N_train","total_weight_equals_record_count","integration","binary","M3","record_equal",2,"7ebc507d28a870f83634c7132c2308aae93414e9be81c162eefe789a3119d5c3","cv"
13,"synthetic_04",1,"record_equal","N_train/(S_train*R_species); total_weight=N_train","total_weight_equals_record_count","integration","binary","M3","record_equal",2,"7ebc507d28a870f83634c7132c2308aae93414e9be81c162eefe789a3119d5c3","cv"
14,"synthetic_04",1,"record_equal","N_train/(S_train*R_species); total_weight=N_train","total_weight_equals_record_count","integration","binary","M3","record_equal",2,"7ebc507d28a870f83634c7132c2308aae93414e9be81c162eefe789a3119d5c3","cv"
15,"synthetic_04",1,"record_equal","N_train/(S_train*R_species); total_weight=N_train","total_weight_equals_record_count","integration","binary","M3","record_equal",2,"7ebc507d28a870f83634c7132c2308aae93414e9be81c162eefe789a3119d5c3","cv"
16,"synthetic_04",1,"record_equal","N_train/(S_train*R_species); total_weight=N_train","total_weight_equals_record_count","integration","binary","M3","record_equal",2,"7ebc507d28a870f83634c7132c2308aae93414e9be81c162eefe789a3119d5c3","cv"
17,"synthetic_05",1,"record_equal","N_train/(S_train*R_species); total_weight=N_train","total_weight_equals_record_count","integration","binary","M3","record_equal",2,"7ebc507d28a870f83634c7132c2308aae93414e9be81c162eefe789a3119d5c3","cv"
18,"synthetic_05",1,"record_equal","N_train/(S_train*R_species); total_weight=N_train","total_weight_equals_record_count","integration","binary","M3","record_equal",2,"7ebc507d28a870f83634c7132c2308aae93414e9be81c162eefe789a3119d5c3","cv"
19,"synthetic_05",1,"record_equal","N_train/(S_train*R_species); total_weight=N_train","total_weight_equals_record_count","integration","binary","M3","record_equal",2,"7ebc507d28a870f83634c7132c2308aae93414e9be81c162eefe789a3119d5c3","cv"
20,"synthetic_05",1,"record_equal","N_train/(S_train*R_species); total_weight=N_train","total_weight_equals_record_count","integration","binary","M3","record_equal",2,"7ebc507d28a870f83634c7132c2308aae93414e9be81c162eefe789a3119d5c3","cv"
21,"synthetic_05",1,"record_equal","N_train/(S_train*R_species); total_weight=N_train","total_weight_equals_record_count","integration","binary","M3","record_equal",2,"7ebc507d28a870f83634c7132c2308aae93414e9be81c162eefe789a3119d5c3","cv"
22,"synthetic_05",1,"record_equal","N_train/(S_train*R_species); total_weight=N_train","total_weight_equals_record_count","integration","binary","M3","record_equal",2,"7ebc507d28a870f83634c7132c2308aae93414e9be81c162eefe789a3119d5c3","cv"
23,"synthetic_06",1,"record_equal","N_train/(S_train*R_species); total_weight=N_train","total_weight_equals_record_count","integration","binary","M3","record_equal",2,"7ebc507d28a870f83634c7132c2308aae93414e9be81c162eefe789a3119d5c3","cv"
24,"synthetic_06",1,"record_equal","N_train/(S_train*R_species); total_weight=N_train","total_weight_equals_record_count","integration","binary","M3","record_equal",2,"7ebc507d28a870f83634c7132c2308aae93414e9be81c162eefe789a3119d5c3","cv"
25,"synthetic_06",1,"record_equal","N_train/(S_train*R_species); total_weight=N_train","total_weight_equals_record_count","integration","binary","M3","record_equal",2,"7ebc507d28a870f83634c7132c2308aae93414e9be81c162eefe789a3119d5c3","cv"
26,"synthetic_06",1,"record_equal","N_train/(S_train*R_species); total_weight=N_train","total_weight_equals_record_count","integration","binary","M3","record_equal",2,"7ebc507d28a870f83634c7132c2308aae93414e9be81c162eefe789a3119d5c3","cv"
27,"synthetic_06",1,"record_equal","N_train/(S_train*R_species); total_weight=N_train","total_weight_equals_record_count","integration","binary","M3","record_equal",2,"7ebc507d28a870f83634c7132c2308aae93414e9be81c162eefe789a3119d5c3","cv"
28,"synthetic_06",1,"record_equal","N_train/(S_train*R_species); total_weight=N_train","total_weight_equals_record_count","integration","binary","M3","record_equal",2,"7ebc507d28a870f83634c7132c2308aae93414e9be81c162eefe789a3119d5c3","cv"
1,"synthetic_07",1.2,"species_equal","N_train/(S_train*R_species); total_weight=N_train","total_weight_equals_record_count","integration","binary","M3","species_equal",1,"981d576bb1b4cf645827f440079d8e1983e971415b332ac3d85d30a945de1e47","cv"
2,"synthetic_07",1.2,"species_equal","N_train/(S_train*R_species); total_weight=N_train","total_weight_equals_record_count","integration","binary","M3","species_equal",1,"981d576bb1b4cf645827f440079d8e1983e971415b332ac3d85d30a945de1e47","cv"
3,"synthetic_07",1.2,"species_equal","N_train/(S_train*R_species); total_weight=N_train","total_weight_equals_record_count","integration","binary","M3","species_equal",1,"981d576bb1b4cf645827f440079d8e1983e971415b332ac3d85d30a945de1e47","cv"
4,"synthetic_07",1.2,"species_equal","N_train/(S_train*R_species); total_weight=N_train","total_weight_equals_record_count","integration","binary","M3","species_equal",1,"981d576bb1b4cf645827f440079d8e1983e971415b332ac3d85d30a945de1e47","cv"
5,"synthetic_07",1.2,"species_equal","N_train/(S_train*R_species); total_weight=N_train","total_weight_equals_record_count","integration","binary","M3","species_equal",1,"981d576bb1b4cf645827f440079d8e1983e971415b332ac3d85d30a945de1e47","cv"
6,"synthetic_07",1.2,"species_equal","N_train/(S_train*R_species); total_weight=N_train","total_weight_equals_record_count","integration","binary","M3","species_equal",1,"981d576bb1b4cf645827f440079d8e1983e971415b332ac3d85d30a945de1e47","cv"
7,"synthetic_07",1.2,"species_equal","N_train/(S_train*R_species); total_weight=N_train","total_weight_equals_record_count","integration","binary","M3","species_equal",1,"981d576bb1b4cf645827f440079d8e1983e971415b332ac3d85d30a945de1e47","cv"
8,"synthetic_08",1.05,"species_equal","N_train/(S_train*R_species); total_weight=N_train","total_weight_equals_record_count","integration","binary","M3","species_equal",1,"981d576bb1b4cf645827f440079d8e1983e971415b332ac3d85d30a945de1e47","cv"
9,"synthetic_08",1.05,"species_equal","N_train/(S_train*R_species); total_weight=N_train","total_weight_equals_record_count","integration","binary","M3","species_equal",1,"981d576bb1b4cf645827f440079d8e1983e971415b332ac3d85d30a945de1e47","cv"
10,"synthetic_08",1.05,"species_equal","N_train/(S_train*R_species); total_weight=N_train","total_weight_equals_record_count","integration","binary","M3","species_equal",1,"981d576bb1b4cf645827f440079d8e1983e971415b332ac3d85d30a945de1e47","cv"
11,"synthetic_08",1.05,"species_equal","N_train/(S_train*R_species); total_weight=N_train","total_weight_equals_record_count","integration","binary","M3","species_equal",1,"981d576bb1b4cf645827f440079d8e1983e971415b332ac3d85d30a945de1e47","cv"
12,"synthetic_08",1.05,"species_equal","N_train/(S_train*R_species); total_weight=N_train","total_weight_equals_record_count","integration","binary","M3","species_equal",1,"981d576bb1b4cf645827f440079d8e1983e971415b332ac3d85d30a945de1e47","cv"
13,"synthetic_08",1.05,"species_equal","N_train/(S_train*R_species); total_weight=N_train","total_weight_equals_record_count","integration","binary","M3","species_equal",1,"981d576bb1b4cf645827f440079d8e1983e971415b332ac3d85d30a945de1e47","cv"
14,"synthetic_08",1.05,"species_equal","N_train/(S_train*R_species); total_weight=N_train","total_weight_equals_record_count","integration","binary","M3","species_equal",1,"981d576bb1b4cf645827f440079d8e1983e971415b332ac3d85d30a945de1e47","cv"
15,"synthetic_08",1.05,"species_equal","N_train/(S_train*R_species); total_weight=N_train","total_weight_equals_record_count","integration","binary","M3","species_equal",1,"981d576bb1b4cf645827f440079d8e1983e971415b332ac3d85d30a945de1e47","cv"
16,"synthetic_09",1.05,"species_equal","N_train/(S_train*R_species); total_weight=N_train","total_weight_equals_record_count","integration","binary","M3","species_equal",1,"981d576bb1b4cf645827f440079d8e1983e971415b332ac3d85d30a945de1e47","cv"
17,"synthetic_09",1.05,"species_equal","N_train/(S_train*R_species); total_weight=N_train","total_weight_equals_record_count","integration","binary","M3","species_equal",1,"981d576bb1b4cf645827f440079d8e1983e971415b332ac3d85d30a945de1e47","cv"
18,"synthetic_09",1.05,"species_equal","N_train/(S_train*R_species); total_weight=N_train","total_weight_equals_record_count","integration","binary","M3","species_equal",1,"981d576bb1b4cf645827f440079d8e1983e971415b332ac3d85d30a945de1e47","cv"
19,"synthetic_09",1.05,"species_equal","N_train/(S_train*R_species); total_weight=N_train","total_weight_equals_record_count","integration","binary","M3","species_equal",1,"981d576bb1b4cf645827f440079d8e1983e971415b332ac3d85d30a945de1e47","cv"
20,"synthetic_09",1.05,"species_equal","N_train/(S_train*R_species); total_weight=N_train","total_weight_equals_record_count","integration","binary","M3","species_equal",1,"981d576bb1b4cf645827f440079d8e1983e971415b332ac3d85d30a945de1e47","cv"
21,"synthetic_09",1.05,"species_equal","N_train/(S_train*R_species); total_weight=N_train","total_weight_equals_record_count","integration","binary","M3","species_equal",1,"981d576bb1b4cf645827f440079d8e1983e971415b332ac3d85d30a945de1e47","cv"
22,"synthetic_09",1.05,"species_equal","N_train/(S_train*R_species); total_weight=N_train","total_weight_equals_record_count","integration","binary","M3","species_equal",1,"981d576bb1b4cf645827f440079d8e1983e971415b332ac3d85d30a945de1e47","cv"
23,"synthetic_09",1.05,"species_equal","N_train/(S_train*R_species); total_weight=N_train","total_weight_equals_record_count","integration","binary","M3","species_equal",1,"981d576bb1b4cf645827f440079d8e1983e971415b332ac3d85d30a945de1e47","cv"
24,"synthetic_10",0.933333333333333,"species_equal","N_train/(S_train*R_species); total_weight=N_train","total_weight_equals_record_count","integration","binary","M3","species_equal",1,"981d576bb1b4cf645827f440079d8e1983e971415b332ac3d85d30a945de1e47","cv"
25,"synthetic_10",0.933333333333333,"species_equal","N_train/(S_train*R_species); total_weight=N_train","total_weight_equals_record_count","integration","binary","M3","species_equal",1,"981d576bb1b4cf645827f440079d8e1983e971415b332ac3d85d30a945de1e47","cv"
26,"synthetic_10",0.933333333333333,"species_equal","N_train/(S_train*R_species); total_weight=N_train","total_weight_equals_record_count","integration","binary","M3","species_equal",1,"981d576bb1b4cf645827f440079d8e1983e971415b332ac3d85d30a945de1e47","cv"
27,"synthetic_10",0.933333333333333,"species_equal","N_train/(S_train*R_species); total_weight=N_train","total_weight_equals_record_count","integration","binary","M3","species_equal",1,"981d576bb1b4cf645827f440079d8e1983e971415b332ac3d85d30a945de1e47","cv"
28,"synthetic_10",0.933333333333333,"species_equal","N_train/(S_train*R_species); total_weight=N_train","total_weight_equals_record_count","integration","binary","M3","species_equal",1,"981d576bb1b4cf645827f440079d8e1983e971415b332ac3d85d30a945de1e47","cv"
29,"synthetic_10",0.933333333333333,"species_equal","N_train/(S_train*R_species); total_weight=N_train","total_weight_equals_record_count","integration","binary","M3","species_equal",1,"981d576bb1b4cf645827f440079d8e1983e971415b332ac3d85d30a945de1e47","cv"
30,"synthetic_10",0.933333333333333,"species_equal","N_train/(S_train*R_species); total_weight=N_train","total_weight_equals_record_count","integration","binary","M3","species_equal",1,"981d576bb1b4cf645827f440079d8e1983e971415b332ac3d85d30a945de1e47","cv"
31,"synthetic_10",0.933333333333333,"species_equal","N_train/(S_train*R_species); total_weight=N_train","total_weight_equals_record_count","integration","binary","M3","species_equal",1,"981d576bb1b4cf645827f440079d8e1983e971415b332ac3d85d30a945de1e47","cv"
32,"synthetic_10",0.933333333333333,"species_equal","N_train/(S_train*R_species); total_weight=N_train","total_weight_equals_record_count","integration","binary","M3","species_equal",1,"981d576bb1b4cf645827f440079d8e1983e971415b332ac3d85d30a945de1e47","cv"
33,"synthetic_11",0.84,"species_equal","N_train/(S_train*R_species); total_weight=N_train","total_weight_equals_record_count","integration","binary","M3","species_equal",1,"981d576bb1b4cf645827f440079d8e1983e971415b332ac3d85d30a945de1e47","cv"
34,"synthetic_11",0.84,"species_equal","N_train/(S_train*R_species); total_weight=N_train","total_weight_equals_record_count","integration","binary","M3","species_equal",1,"981d576bb1b4cf645827f440079d8e1983e971415b332ac3d85d30a945de1e47","cv"
35,"synthetic_11",0.84,"species_equal","N_train/(S_train*R_species); total_weight=N_train","total_weight_equals_record_count","integration","binary","M3","species_equal",1,"981d576bb1b4cf645827f440079d8e1983e971415b332ac3d85d30a945de1e47","cv"
36,"synthetic_11",0.84,"species_equal","N_train/(S_train*R_species); total_weight=N_train","total_weight_equals_record_count","integration","binary","M3","species_equal",1,"981d576bb1b4cf645827f440079d8e1983e971415b332ac3d85d30a945de1e47","cv"
37,"synthetic_11",0.84,"species_equal","N_train/(S_train*R_species); total_weight=N_train","total_weight_equals_record_count","integration","binary","M3","species_equal",1,"981d576bb1b4cf645827f440079d8e1983e971415b332ac3d85d30a945de1e47","cv"
38,"synthetic_11",0.84,"species_equal","N_train/(S_train*R_species); total_weight=N_train","total_weight_equals_record_count","integration","binary","M3","species_equal",1,"981d576bb1b4cf645827f440079d8e1983e971415b332ac3d85d30a945de1e47","cv"
39,"synthetic_11",0.84,"species_equal","N_train/(S_train*R_species); total_weight=N_train","total_weight_equals_record_count","integration","binary","M3","species_equal",1,"981d576bb1b4cf645827f440079d8e1983e971415b332ac3d85d30a945de1e47","cv"
40,"synthetic_11",0.84,"species_equal","N_train/(S_train*R_species); total_weight=N_train","total_weight_equals_record_count","integration","binary","M3","species_equal",1,"981d576bb1b4cf645827f440079d8e1983e971415b332ac3d85d30a945de1e47","cv"
41,"synthetic_11",0.84,"species_equal","N_train/(S_train*R_species); total_weight=N_train","total_weight_equals_record_count","integration","binary","M3","species_equal",1,"981d576bb1b4cf645827f440079d8e1983e971415b332ac3d85d30a945de1e47","cv"
42,"synthetic_11",0.84,"species_equal","N_train/(S_train*R_species); total_weight=N_train","total_weight_equals_record_count","integration","binary","M3","species_equal",1,"981d576bb1b4cf645827f440079d8e1983e971415b332ac3d85d30a945de1e47","cv"
1,"synthetic_01",1.55555555555556,"species_equal","N_train/(S_train*R_species); total_weight=N_train","total_weight_equals_record_count","integration","binary","M3","species_equal",2,"5426f5a75caf2a43535902b20cf3a471db855dd582ab05728dc2d2efa170336d","cv"
2,"synthetic_01",1.55555555555556,"species_equal","N_train/(S_train*R_species); total_weight=N_train","total_weight_equals_record_count","integration","binary","M3","species_equal",2,"5426f5a75caf2a43535902b20cf3a471db855dd582ab05728dc2d2efa170336d","cv"
3,"synthetic_01",1.55555555555556,"species_equal","N_train/(S_train*R_species); total_weight=N_train","total_weight_equals_record_count","integration","binary","M3","species_equal",2,"5426f5a75caf2a43535902b20cf3a471db855dd582ab05728dc2d2efa170336d","cv"
4,"synthetic_02",1.16666666666667,"species_equal","N_train/(S_train*R_species); total_weight=N_train","total_weight_equals_record_count","integration","binary","M3","species_equal",2,"5426f5a75caf2a43535902b20cf3a471db855dd582ab05728dc2d2efa170336d","cv"
5,"synthetic_02",1.16666666666667,"species_equal","N_train/(S_train*R_species); total_weight=N_train","total_weight_equals_record_count","integration","binary","M3","species_equal",2,"5426f5a75caf2a43535902b20cf3a471db855dd582ab05728dc2d2efa170336d","cv"
6,"synthetic_02",1.16666666666667,"species_equal","N_train/(S_train*R_species); total_weight=N_train","total_weight_equals_record_count","integration","binary","M3","species_equal",2,"5426f5a75caf2a43535902b20cf3a471db855dd582ab05728dc2d2efa170336d","cv"
7,"synthetic_02",1.16666666666667,"species_equal","N_train/(S_train*R_species); total_weight=N_train","total_weight_equals_record_count","integration","binary","M3","species_equal",2,"5426f5a75caf2a43535902b20cf3a471db855dd582ab05728dc2d2efa170336d","cv"
8,"synthetic_03",1.16666666666667,"species_equal","N_train/(S_train*R_species); total_weight=N_train","total_weight_equals_record_count","integration","binary","M3","species_equal",2,"5426f5a75caf2a43535902b20cf3a471db855dd582ab05728dc2d2efa170336d","cv"
9,"synthetic_03",1.16666666666667,"species_equal","N_train/(S_train*R_species); total_weight=N_train","total_weight_equals_record_count","integration","binary","M3","species_equal",2,"5426f5a75caf2a43535902b20cf3a471db855dd582ab05728dc2d2efa170336d","cv"
10,"synthetic_03",1.16666666666667,"species_equal","N_train/(S_train*R_species); total_weight=N_train","total_weight_equals_record_count","integration","binary","M3","species_equal",2,"5426f5a75caf2a43535902b20cf3a471db855dd582ab05728dc2d2efa170336d","cv"
11,"synthetic_03",1.16666666666667,"species_equal","N_train/(S_train*R_species); total_weight=N_train","total_weight_equals_record_count","integration","binary","M3","species_equal",2,"5426f5a75caf2a43535902b20cf3a471db855dd582ab05728dc2d2efa170336d","cv"
12,"synthetic_04",0.933333333333333,"species_equal","N_train/(S_train*R_species); total_weight=N_train","total_weight_equals_record_count","integration","binary","M3","species_equal",2,"5426f5a75caf2a43535902b20cf3a471db855dd582ab05728dc2d2efa170336d","cv"
13,"synthetic_04",0.933333333333333,"species_equal","N_train/(S_train*R_species); total_weight=N_train","total_weight_equals_record_count","integration","binary","M3","species_equal",2,"5426f5a75caf2a43535902b20cf3a471db855dd582ab05728dc2d2efa170336d","cv"
14,"synthetic_04",0.933333333333333,"species_equal","N_train/(S_train*R_species); total_weight=N_train","total_weight_equals_record_count","integration","binary","M3","species_equal",2,"5426f5a75caf2a43535902b20cf3a471db855dd582ab05728dc2d2efa170336d","cv"
15,"synthetic_04",0.933333333333333,"species_equal","N_train/(S_train*R_species); total_weight=N_train","total_weight_equals_record_count","integration","binary","M3","species_equal",2,"5426f5a75caf2a43535902b20cf3a471db855dd582ab05728dc2d2efa170336d","cv"
16,"synthetic_04",0.933333333333333,"species_equal","N_train/(S_train*R_species); total_weight=N_train","total_weight_equals_record_count","integration","binary","M3","species_equal",2,"5426f5a75caf2a43535902b20cf3a471db855dd582ab05728dc2d2efa170336d","cv"
17,"synthetic_05",0.777777777777778,"species_equal","N_train/(S_train*R_species); total_weight=N_train","total_weight_equals_record_count","integration","binary","M3","species_equal",2,"5426f5a75caf2a43535902b20cf3a471db855dd582ab05728dc2d2efa170336d","cv"
18,"synthetic_05",0.777777777777778,"species_equal","N_train/(S_train*R_species); total_weight=N_train","total_weight_equals_record_count","integration","binary","M3","species_equal",2,"5426f5a75caf2a43535902b20cf3a471db855dd582ab05728dc2d2efa170336d","cv"
19,"synthetic_05",0.777777777777778,"species_equal","N_train/(S_train*R_species); total_weight=N_train","total_weight_equals_record_count","integration","binary","M3","species_equal",2,"5426f5a75caf2a43535902b20cf3a471db855dd582ab05728dc2d2efa170336d","cv"
20,"synthetic_05",0.777777777777778,"species_equal","N_train/(S_train*R_species); total_weight=N_train","total_weight_equals_record_count","integration","binary","M3","species_equal",2,"5426f5a75caf2a43535902b20cf3a471db855dd582ab05728dc2d2efa170336d","cv"
21,"synthetic_05",0.777777777777778,"species_equal","N_train/(S_train*R_species); total_weight=N_train","total_weight_equals_record_count","integration","binary","M3","species_equal",2,"5426f5a75caf2a43535902b20cf3a471db855dd582ab05728dc2d2efa170336d","cv"
22,"synthetic_05",0.777777777777778,"species_equal","N_train/(S_train*R_species); total_weight=N_train","total_weight_equals_record_count","integration","binary","M3","species_equal",2,"5426f5a75caf2a43535902b20cf3a471db855dd582ab05728dc2d2efa170336d","cv"
23,"synthetic_06",0.777777777777778,"species_equal","N_train/(S_train*R_species); total_weight=N_train","total_weight_equals_record_count","integration","binary","M3","species_equal",2,"5426f5a75caf2a43535902b20cf3a471db855dd582ab05728dc2d2efa170336d","cv"
24,"synthetic_06",0.777777777777778,"species_equal","N_train/(S_train*R_species); total_weight=N_train","total_weight_equals_record_count","integration","binary","M3","species_equal",2,"5426f5a75caf2a43535902b20cf3a471db855dd582ab05728dc2d2efa170336d","cv"
25,"synthetic_06",0.777777777777778,"species_equal","N_train/(S_train*R_species); total_weight=N_train","total_weight_equals_record_count","integration","binary","M3","species_equal",2,"5426f5a75caf2a43535902b20cf3a471db855dd582ab05728dc2d2efa170336d","cv"
26,"synthetic_06",0.777777777777778,"species_equal","N_train/(S_train*R_species); total_weight=N_train","total_weight_equals_record_count","integration","binary","M3","species_equal",2,"5426f5a75caf2a43535902b20cf3a471db855dd582ab05728dc2d2efa170336d","cv"
27,"synthetic_06",0.777777777777778,"species_equal","N_train/(S_train*R_species); total_weight=N_train","total_weight_equals_record_count","integration","binary","M3","species_equal",2,"5426f5a75caf2a43535902b20cf3a471db855dd582ab05728dc2d2efa170336d","cv"
28,"synthetic_06",0.777777777777778,"species_equal","N_train/(S_train*R_species); total_weight=N_train","total_weight_equals_record_count","integration","binary","M3","species_equal",2,"5426f5a75caf2a43535902b20cf3a471db855dd582ab05728dc2d2efa170336d","cv"
1,"synthetic_07",1,"record_equal","N_train/(S_train*R_species); total_weight=N_train","total_weight_equals_record_count","integration","joint_bb","Null","record_equal",1,"e4c65b240dedb9eb39e840fabc91f682053074559c5a48c46902532e4e38daa1","cv"
2,"synthetic_07",1,"record_equal","N_train/(S_train*R_species); total_weight=N_train","total_weight_equals_record_count","integration","joint_bb","Null","record_equal",1,"e4c65b240dedb9eb39e840fabc91f682053074559c5a48c46902532e4e38daa1","cv"
3,"synthetic_07",1,"record_equal","N_train/(S_train*R_species); total_weight=N_train","total_weight_equals_record_count","integration","joint_bb","Null","record_equal",1,"e4c65b240dedb9eb39e840fabc91f682053074559c5a48c46902532e4e38daa1","cv"
4,"synthetic_07",1,"record_equal","N_train/(S_train*R_species); total_weight=N_train","total_weight_equals_record_count","integration","joint_bb","Null","record_equal",1,"e4c65b240dedb9eb39e840fabc91f682053074559c5a48c46902532e4e38daa1","cv"
5,"synthetic_07",1,"record_equal","N_train/(S_train*R_species); total_weight=N_train","total_weight_equals_record_count","integration","joint_bb","Null","record_equal",1,"e4c65b240dedb9eb39e840fabc91f682053074559c5a48c46902532e4e38daa1","cv"
6,"synthetic_07",1,"record_equal","N_train/(S_train*R_species); total_weight=N_train","total_weight_equals_record_count","integration","joint_bb","Null","record_equal",1,"e4c65b240dedb9eb39e840fabc91f682053074559c5a48c46902532e4e38daa1","cv"
7,"synthetic_07",1,"record_equal","N_train/(S_train*R_species); total_weight=N_train","total_weight_equals_record_count","integration","joint_bb","Null","record_equal",1,"e4c65b240dedb9eb39e840fabc91f682053074559c5a48c46902532e4e38daa1","cv"
8,"synthetic_07",1,"record_equal","N_train/(S_train*R_species); total_weight=N_train","total_weight_equals_record_count","integration","joint_bb","Null","record_equal",1,"e4c65b240dedb9eb39e840fabc91f682053074559c5a48c46902532e4e38daa1","cv"
9,"synthetic_07",1,"record_equal","N_train/(S_train*R_species); total_weight=N_train","total_weight_equals_record_count","integration","joint_bb","Null","record_equal",1,"e4c65b240dedb9eb39e840fabc91f682053074559c5a48c46902532e4e38daa1","cv"
10,"synthetic_07",1,"record_equal","N_train/(S_train*R_species); total_weight=N_train","total_weight_equals_record_count","integration","joint_bb","Null","record_equal",1,"e4c65b240dedb9eb39e840fabc91f682053074559c5a48c46902532e4e38daa1","cv"
11,"synthetic_08",1,"record_equal","N_train/(S_train*R_species); total_weight=N_train","total_weight_equals_record_count","integration","joint_bb","Null","record_equal",1,"e4c65b240dedb9eb39e840fabc91f682053074559c5a48c46902532e4e38daa1","cv"
12,"synthetic_08",1,"record_equal","N_train/(S_train*R_species); total_weight=N_train","total_weight_equals_record_count","integration","joint_bb","Null","record_equal",1,"e4c65b240dedb9eb39e840fabc91f682053074559c5a48c46902532e4e38daa1","cv"
13,"synthetic_08",1,"record_equal","N_train/(S_train*R_species); total_weight=N_train","total_weight_equals_record_count","integration","joint_bb","Null","record_equal",1,"e4c65b240dedb9eb39e840fabc91f682053074559c5a48c46902532e4e38daa1","cv"
14,"synthetic_08",1,"record_equal","N_train/(S_train*R_species); total_weight=N_train","total_weight_equals_record_count","integration","joint_bb","Null","record_equal",1,"e4c65b240dedb9eb39e840fabc91f682053074559c5a48c46902532e4e38daa1","cv"
15,"synthetic_08",1,"record_equal","N_train/(S_train*R_species); total_weight=N_train","total_weight_equals_record_count","integration","joint_bb","Null","record_equal",1,"e4c65b240dedb9eb39e840fabc91f682053074559c5a48c46902532e4e38daa1","cv"
16,"synthetic_08",1,"record_equal","N_train/(S_train*R_species); total_weight=N_train","total_weight_equals_record_count","integration","joint_bb","Null","record_equal",1,"e4c65b240dedb9eb39e840fabc91f682053074559c5a48c46902532e4e38daa1","cv"
17,"synthetic_08",1,"record_equal","N_train/(S_train*R_species); total_weight=N_train","total_weight_equals_record_count","integration","joint_bb","Null","record_equal",1,"e4c65b240dedb9eb39e840fabc91f682053074559c5a48c46902532e4e38daa1","cv"
18,"synthetic_08",1,"record_equal","N_train/(S_train*R_species); total_weight=N_train","total_weight_equals_record_count","integration","joint_bb","Null","record_equal",1,"e4c65b240dedb9eb39e840fabc91f682053074559c5a48c46902532e4e38daa1","cv"
19,"synthetic_08",1,"record_equal","N_train/(S_train*R_species); total_weight=N_train","total_weight_equals_record_count","integration","joint_bb","Null","record_equal",1,"e4c65b240dedb9eb39e840fabc91f682053074559c5a48c46902532e4e38daa1","cv"
20,"synthetic_08",1,"record_equal","N_train/(S_train*R_species); total_weight=N_train","total_weight_equals_record_count","integration","joint_bb","Null","record_equal",1,"e4c65b240dedb9eb39e840fabc91f682053074559c5a48c46902532e4e38daa1","cv"
21,"synthetic_08",1,"record_equal","N_train/(S_train*R_species); total_weight=N_train","total_weight_equals_record_count","integration","joint_bb","Null","record_equal",1,"e4c65b240dedb9eb39e840fabc91f682053074559c5a48c46902532e4e38daa1","cv"
22,"synthetic_09",1,"record_equal","N_train/(S_train*R_species); total_weight=N_train","total_weight_equals_record_count","integration","joint_bb","Null","record_equal",1,"e4c65b240dedb9eb39e840fabc91f682053074559c5a48c46902532e4e38daa1","cv"
23,"synthetic_09",1,"record_equal","N_train/(S_train*R_species); total_weight=N_train","total_weight_equals_record_count","integration","joint_bb","Null","record_equal",1,"e4c65b240dedb9eb39e840fabc91f682053074559c5a48c46902532e4e38daa1","cv"
24,"synthetic_09",1,"record_equal","N_train/(S_train*R_species); total_weight=N_train","total_weight_equals_record_count","integration","joint_bb","Null","record_equal",1,"e4c65b240dedb9eb39e840fabc91f682053074559c5a48c46902532e4e38daa1","cv"
25,"synthetic_09",1,"record_equal","N_train/(S_train*R_species); total_weight=N_train","total_weight_equals_record_count","integration","joint_bb","Null","record_equal",1,"e4c65b240dedb9eb39e840fabc91f682053074559c5a48c46902532e4e38daa1","cv"
26,"synthetic_09",1,"record_equal","N_train/(S_train*R_species); total_weight=N_train","total_weight_equals_record_count","integration","joint_bb","Null","record_equal",1,"e4c65b240dedb9eb39e840fabc91f682053074559c5a48c46902532e4e38daa1","cv"
27,"synthetic_09",1,"record_equal","N_train/(S_train*R_species); total_weight=N_train","total_weight_equals_record_count","integration","joint_bb","Null","record_equal",1,"e4c65b240dedb9eb39e840fabc91f682053074559c5a48c46902532e4e38daa1","cv"
28,"synthetic_09",1,"record_equal","N_train/(S_train*R_species); total_weight=N_train","total_weight_equals_record_count","integration","joint_bb","Null","record_equal",1,"e4c65b240dedb9eb39e840fabc91f682053074559c5a48c46902532e4e38daa1","cv"
29,"synthetic_09",1,"record_equal","N_train/(S_train*R_species); total_weight=N_train","total_weight_equals_record_count","integration","joint_bb","Null","record_equal",1,"e4c65b240dedb9eb39e840fabc91f682053074559c5a48c46902532e4e38daa1","cv"
30,"synthetic_09",1,"record_equal","N_train/(S_train*R_species); total_weight=N_train","total_weight_equals_record_count","integration","joint_bb","Null","record_equal",1,"e4c65b240dedb9eb39e840fabc91f682053074559c5a48c46902532e4e38daa1","cv"
31,"synthetic_09",1,"record_equal","N_train/(S_train*R_species); total_weight=N_train","total_weight_equals_record_count","integration","joint_bb","Null","record_equal",1,"e4c65b240dedb9eb39e840fabc91f682053074559c5a48c46902532e4e38daa1","cv"
32,"synthetic_09",1,"record_equal","N_train/(S_train*R_species); total_weight=N_train","total_weight_equals_record_count","integration","joint_bb","Null","record_equal",1,"e4c65b240dedb9eb39e840fabc91f682053074559c5a48c46902532e4e38daa1","cv"
33,"synthetic_09",1,"record_equal","N_train/(S_train*R_species); total_weight=N_train","total_weight_equals_record_count","integration","joint_bb","Null","record_equal",1,"e4c65b240dedb9eb39e840fabc91f682053074559c5a48c46902532e4e38daa1","cv"
34,"synthetic_10",1,"record_equal","N_train/(S_train*R_species); total_weight=N_train","total_weight_equals_record_count","integration","joint_bb","Null","record_equal",1,"e4c65b240dedb9eb39e840fabc91f682053074559c5a48c46902532e4e38daa1","cv"
35,"synthetic_10",1,"record_equal","N_train/(S_train*R_species); total_weight=N_train","total_weight_equals_record_count","integration","joint_bb","Null","record_equal",1,"e4c65b240dedb9eb39e840fabc91f682053074559c5a48c46902532e4e38daa1","cv"
36,"synthetic_10",1,"record_equal","N_train/(S_train*R_species); total_weight=N_train","total_weight_equals_record_count","integration","joint_bb","Null","record_equal",1,"e4c65b240dedb9eb39e840fabc91f682053074559c5a48c46902532e4e38daa1","cv"
37,"synthetic_10",1,"record_equal","N_train/(S_train*R_species); total_weight=N_train","total_weight_equals_record_count","integration","joint_bb","Null","record_equal",1,"e4c65b240dedb9eb39e840fabc91f682053074559c5a48c46902532e4e38daa1","cv"
38,"synthetic_10",1,"record_equal","N_train/(S_train*R_species); total_weight=N_train","total_weight_equals_record_count","integration","joint_bb","Null","record_equal",1,"e4c65b240dedb9eb39e840fabc91f682053074559c5a48c46902532e4e38daa1","cv"
39,"synthetic_10",1,"record_equal","N_train/(S_train*R_species); total_weight=N_train","total_weight_equals_record_count","integration","joint_bb","Null","record_equal",1,"e4c65b240dedb9eb39e840fabc91f682053074559c5a48c46902532e4e38daa1","cv"
40,"synthetic_10",1,"record_equal","N_train/(S_train*R_species); total_weight=N_train","total_weight_equals_record_count","integration","joint_bb","Null","record_equal",1,"e4c65b240dedb9eb39e840fabc91f682053074559c5a48c46902532e4e38daa1","cv"
41,"synthetic_10",1,"record_equal","N_train/(S_train*R_species); total_weight=N_train","total_weight_equals_record_count","integration","joint_bb","Null","record_equal",1,"e4c65b240dedb9eb39e840fabc91f682053074559c5a48c46902532e4e38daa1","cv"
42,"synthetic_10",1,"record_equal","N_train/(S_train*R_species); total_weight=N_train","total_weight_equals_record_count","integration","joint_bb","Null","record_equal",1,"e4c65b240dedb9eb39e840fabc91f682053074559c5a48c46902532e4e38daa1","cv"
43,"synthetic_10",1,"record_equal","N_train/(S_train*R_species); total_weight=N_train","total_weight_equals_record_count","integration","joint_bb","Null","record_equal",1,"e4c65b240dedb9eb39e840fabc91f682053074559c5a48c46902532e4e38daa1","cv"
44,"synthetic_10",1,"record_equal","N_train/(S_train*R_species); total_weight=N_train","total_weight_equals_record_count","integration","joint_bb","Null","record_equal",1,"e4c65b240dedb9eb39e840fabc91f682053074559c5a48c46902532e4e38daa1","cv"
45,"synthetic_10",1,"record_equal","N_train/(S_train*R_species); total_weight=N_train","total_weight_equals_record_count","integration","joint_bb","Null","record_equal",1,"e4c65b240dedb9eb39e840fabc91f682053074559c5a48c46902532e4e38daa1","cv"
46,"synthetic_10",1,"record_equal","N_train/(S_train*R_species); total_weight=N_train","total_weight_equals_record_count","integration","joint_bb","Null","record_equal",1,"e4c65b240dedb9eb39e840fabc91f682053074559c5a48c46902532e4e38daa1","cv"
47,"synthetic_11",1,"record_equal","N_train/(S_train*R_species); total_weight=N_train","total_weight_equals_record_count","integration","joint_bb","Null","record_equal",1,"e4c65b240dedb9eb39e840fabc91f682053074559c5a48c46902532e4e38daa1","cv"
48,"synthetic_11",1,"record_equal","N_train/(S_train*R_species); total_weight=N_train","total_weight_equals_record_count","integration","joint_bb","Null","record_equal",1,"e4c65b240dedb9eb39e840fabc91f682053074559c5a48c46902532e4e38daa1","cv"
49,"synthetic_11",1,"record_equal","N_train/(S_train*R_species); total_weight=N_train","total_weight_equals_record_count","integration","joint_bb","Null","record_equal",1,"e4c65b240dedb9eb39e840fabc91f682053074559c5a48c46902532e4e38daa1","cv"
50,"synthetic_11",1,"record_equal","N_train/(S_train*R_species); total_weight=N_train","total_weight_equals_record_count","integration","joint_bb","Null","record_equal",1,"e4c65b240dedb9eb39e840fabc91f682053074559c5a48c46902532e4e38daa1","cv"
51,"synthetic_11",1,"record_equal","N_train/(S_train*R_species); total_weight=N_train","total_weight_equals_record_count","integration","joint_bb","Null","record_equal",1,"e4c65b240dedb9eb39e840fabc91f682053074559c5a48c46902532e4e38daa1","cv"
52,"synthetic_11",1,"record_equal","N_train/(S_train*R_species); total_weight=N_train","total_weight_equals_record_count","integration","joint_bb","Null","record_equal",1,"e4c65b240dedb9eb39e840fabc91f682053074559c5a48c46902532e4e38daa1","cv"
53,"synthetic_11",1,"record_equal","N_train/(S_train*R_species); total_weight=N_train","total_weight_equals_record_count","integration","joint_bb","Null","record_equal",1,"e4c65b240dedb9eb39e840fabc91f682053074559c5a48c46902532e4e38daa1","cv"
54,"synthetic_11",1,"record_equal","N_train/(S_train*R_species); total_weight=N_train","total_weight_equals_record_count","integration","joint_bb","Null","record_equal",1,"e4c65b240dedb9eb39e840fabc91f682053074559c5a48c46902532e4e38daa1","cv"
55,"synthetic_11",1,"record_equal","N_train/(S_train*R_species); total_weight=N_train","total_weight_equals_record_count","integration","joint_bb","Null","record_equal",1,"e4c65b240dedb9eb39e840fabc91f682053074559c5a48c46902532e4e38daa1","cv"
56,"synthetic_11",1,"record_equal","N_train/(S_train*R_species); total_weight=N_train","total_weight_equals_record_count","integration","joint_bb","Null","record_equal",1,"e4c65b240dedb9eb39e840fabc91f682053074559c5a48c46902532e4e38daa1","cv"
57,"synthetic_11",1,"record_equal","N_train/(S_train*R_species); total_weight=N_train","total_weight_equals_record_count","integration","joint_bb","Null","record_equal",1,"e4c65b240dedb9eb39e840fabc91f682053074559c5a48c46902532e4e38daa1","cv"
58,"synthetic_11",1,"record_equal","N_train/(S_train*R_species); total_weight=N_train","total_weight_equals_record_count","integration","joint_bb","Null","record_equal",1,"e4c65b240dedb9eb39e840fabc91f682053074559c5a48c46902532e4e38daa1","cv"
59,"synthetic_11",1,"record_equal","N_train/(S_train*R_species); total_weight=N_train","total_weight_equals_record_count","integration","joint_bb","Null","record_equal",1,"e4c65b240dedb9eb39e840fabc91f682053074559c5a48c46902532e4e38daa1","cv"
60,"synthetic_11",1,"record_equal","N_train/(S_train*R_species); total_weight=N_train","total_weight_equals_record_count","integration","joint_bb","Null","record_equal",1,"e4c65b240dedb9eb39e840fabc91f682053074559c5a48c46902532e4e38daa1","cv"
61,"synthetic_12",1,"record_equal","N_train/(S_train*R_species); total_weight=N_train","total_weight_equals_record_count","integration","joint_bb","Null","record_equal",1,"e4c65b240dedb9eb39e840fabc91f682053074559c5a48c46902532e4e38daa1","cv"
62,"synthetic_12",1,"record_equal","N_train/(S_train*R_species); total_weight=N_train","total_weight_equals_record_count","integration","joint_bb","Null","record_equal",1,"e4c65b240dedb9eb39e840fabc91f682053074559c5a48c46902532e4e38daa1","cv"
63,"synthetic_12",1,"record_equal","N_train/(S_train*R_species); total_weight=N_train","total_weight_equals_record_count","integration","joint_bb","Null","record_equal",1,"e4c65b240dedb9eb39e840fabc91f682053074559c5a48c46902532e4e38daa1","cv"
64,"synthetic_12",1,"record_equal","N_train/(S_train*R_species); total_weight=N_train","total_weight_equals_record_count","integration","joint_bb","Null","record_equal",1,"e4c65b240dedb9eb39e840fabc91f682053074559c5a48c46902532e4e38daa1","cv"
65,"synthetic_12",1,"record_equal","N_train/(S_train*R_species); total_weight=N_train","total_weight_equals_record_count","integration","joint_bb","Null","record_equal",1,"e4c65b240dedb9eb39e840fabc91f682053074559c5a48c46902532e4e38daa1","cv"
66,"synthetic_12",1,"record_equal","N_train/(S_train*R_species); total_weight=N_train","total_weight_equals_record_count","integration","joint_bb","Null","record_equal",1,"e4c65b240dedb9eb39e840fabc91f682053074559c5a48c46902532e4e38daa1","cv"
67,"synthetic_12",1,"record_equal","N_train/(S_train*R_species); total_weight=N_train","total_weight_equals_record_count","integration","joint_bb","Null","record_equal",1,"e4c65b240dedb9eb39e840fabc91f682053074559c5a48c46902532e4e38daa1","cv"
68,"synthetic_12",1,"record_equal","N_train/(S_train*R_species); total_weight=N_train","total_weight_equals_record_count","integration","joint_bb","Null","record_equal",1,"e4c65b240dedb9eb39e840fabc91f682053074559c5a48c46902532e4e38daa1","cv"
69,"synthetic_12",1,"record_equal","N_train/(S_train*R_species); total_weight=N_train","total_weight_equals_record_count","integration","joint_bb","Null","record_equal",1,"e4c65b240dedb9eb39e840fabc91f682053074559c5a48c46902532e4e38daa1","cv"
70,"synthetic_12",1,"record_equal","N_train/(S_train*R_species); total_weight=N_train","total_weight_equals_record_count","integration","joint_bb","Null","record_equal",1,"e4c65b240dedb9eb39e840fabc91f682053074559c5a48c46902532e4e38daa1","cv"
71,"synthetic_12",1,"record_equal","N_train/(S_train*R_species); total_weight=N_train","total_weight_equals_record_count","integration","joint_bb","Null","record_equal",1,"e4c65b240dedb9eb39e840fabc91f682053074559c5a48c46902532e4e38daa1","cv"
72,"synthetic_12",1,"record_equal","N_train/(S_train*R_species); total_weight=N_train","total_weight_equals_record_count","integration","joint_bb","Null","record_equal",1,"e4c65b240dedb9eb39e840fabc91f682053074559c5a48c46902532e4e38daa1","cv"
73,"synthetic_12",1,"record_equal","N_train/(S_train*R_species); total_weight=N_train","total_weight_equals_record_count","integration","joint_bb","Null","record_equal",1,"e4c65b240dedb9eb39e840fabc91f682053074559c5a48c46902532e4e38daa1","cv"
74,"synthetic_12",1,"record_equal","N_train/(S_train*R_species); total_weight=N_train","total_weight_equals_record_count","integration","joint_bb","Null","record_equal",1,"e4c65b240dedb9eb39e840fabc91f682053074559c5a48c46902532e4e38daa1","cv"
75,"synthetic_12",1,"record_equal","N_train/(S_train*R_species); total_weight=N_train","total_weight_equals_record_count","integration","joint_bb","Null","record_equal",1,"e4c65b240dedb9eb39e840fabc91f682053074559c5a48c46902532e4e38daa1","cv"
1,"synthetic_01",1,"record_equal","N_train/(S_train*R_species); total_weight=N_train","total_weight_equals_record_count","integration","joint_bb","Null","record_equal",2,"39dd0cc3a6b9d732d6851529ea6d93d510563b96056436f4f2493e971413d8b7","cv"
2,"synthetic_01",1,"record_equal","N_train/(S_train*R_species); total_weight=N_train","total_weight_equals_record_count","integration","joint_bb","Null","record_equal",2,"39dd0cc3a6b9d732d6851529ea6d93d510563b96056436f4f2493e971413d8b7","cv"
3,"synthetic_01",1,"record_equal","N_train/(S_train*R_species); total_weight=N_train","total_weight_equals_record_count","integration","joint_bb","Null","record_equal",2,"39dd0cc3a6b9d732d6851529ea6d93d510563b96056436f4f2493e971413d8b7","cv"
4,"synthetic_01",1,"record_equal","N_train/(S_train*R_species); total_weight=N_train","total_weight_equals_record_count","integration","joint_bb","Null","record_equal",2,"39dd0cc3a6b9d732d6851529ea6d93d510563b96056436f4f2493e971413d8b7","cv"
5,"synthetic_02",1,"record_equal","N_train/(S_train*R_species); total_weight=N_train","total_weight_equals_record_count","integration","joint_bb","Null","record_equal",2,"39dd0cc3a6b9d732d6851529ea6d93d510563b96056436f4f2493e971413d8b7","cv"
6,"synthetic_02",1,"record_equal","N_train/(S_train*R_species); total_weight=N_train","total_weight_equals_record_count","integration","joint_bb","Null","record_equal",2,"39dd0cc3a6b9d732d6851529ea6d93d510563b96056436f4f2493e971413d8b7","cv"
7,"synthetic_02",1,"record_equal","N_train/(S_train*R_species); total_weight=N_train","total_weight_equals_record_count","integration","joint_bb","Null","record_equal",2,"39dd0cc3a6b9d732d6851529ea6d93d510563b96056436f4f2493e971413d8b7","cv"
8,"synthetic_02",1,"record_equal","N_train/(S_train*R_species); total_weight=N_train","total_weight_equals_record_count","integration","joint_bb","Null","record_equal",2,"39dd0cc3a6b9d732d6851529ea6d93d510563b96056436f4f2493e971413d8b7","cv"
9,"synthetic_02",1,"record_equal","N_train/(S_train*R_species); total_weight=N_train","total_weight_equals_record_count","integration","joint_bb","Null","record_equal",2,"39dd0cc3a6b9d732d6851529ea6d93d510563b96056436f4f2493e971413d8b7","cv"
10,"synthetic_03",1,"record_equal","N_train/(S_train*R_species); total_weight=N_train","total_weight_equals_record_count","integration","joint_bb","Null","record_equal",2,"39dd0cc3a6b9d732d6851529ea6d93d510563b96056436f4f2493e971413d8b7","cv"
11,"synthetic_03",1,"record_equal","N_train/(S_train*R_species); total_weight=N_train","total_weight_equals_record_count","integration","joint_bb","Null","record_equal",2,"39dd0cc3a6b9d732d6851529ea6d93d510563b96056436f4f2493e971413d8b7","cv"
12,"synthetic_03",1,"record_equal","N_train/(S_train*R_species); total_weight=N_train","total_weight_equals_record_count","integration","joint_bb","Null","record_equal",2,"39dd0cc3a6b9d732d6851529ea6d93d510563b96056436f4f2493e971413d8b7","cv"
13,"synthetic_03",1,"record_equal","N_train/(S_train*R_species); total_weight=N_train","total_weight_equals_record_count","integration","joint_bb","Null","record_equal",2,"39dd0cc3a6b9d732d6851529ea6d93d510563b96056436f4f2493e971413d8b7","cv"
14,"synthetic_03",1,"record_equal","N_train/(S_train*R_species); total_weight=N_train","total_weight_equals_record_count","integration","joint_bb","Null","record_equal",2,"39dd0cc3a6b9d732d6851529ea6d93d510563b96056436f4f2493e971413d8b7","cv"
15,"synthetic_03",1,"record_equal","N_train/(S_train*R_species); total_weight=N_train","total_weight_equals_record_count","integration","joint_bb","Null","record_equal",2,"39dd0cc3a6b9d732d6851529ea6d93d510563b96056436f4f2493e971413d8b7","cv"
16,"synthetic_04",1,"record_equal","N_train/(S_train*R_species); total_weight=N_train","total_weight_equals_record_count","integration","joint_bb","Null","record_equal",2,"39dd0cc3a6b9d732d6851529ea6d93d510563b96056436f4f2493e971413d8b7","cv"
17,"synthetic_04",1,"record_equal","N_train/(S_train*R_species); total_weight=N_train","total_weight_equals_record_count","integration","joint_bb","Null","record_equal",2,"39dd0cc3a6b9d732d6851529ea6d93d510563b96056436f4f2493e971413d8b7","cv"
18,"synthetic_04",1,"record_equal","N_train/(S_train*R_species); total_weight=N_train","total_weight_equals_record_count","integration","joint_bb","Null","record_equal",2,"39dd0cc3a6b9d732d6851529ea6d93d510563b96056436f4f2493e971413d8b7","cv"
19,"synthetic_04",1,"record_equal","N_train/(S_train*R_species); total_weight=N_train","total_weight_equals_record_count","integration","joint_bb","Null","record_equal",2,"39dd0cc3a6b9d732d6851529ea6d93d510563b96056436f4f2493e971413d8b7","cv"
20,"synthetic_04",1,"record_equal","N_train/(S_train*R_species); total_weight=N_train","total_weight_equals_record_count","integration","joint_bb","Null","record_equal",2,"39dd0cc3a6b9d732d6851529ea6d93d510563b96056436f4f2493e971413d8b7","cv"
21,"synthetic_04",1,"record_equal","N_train/(S_train*R_species); total_weight=N_train","total_weight_equals_record_count","integration","joint_bb","Null","record_equal",2,"39dd0cc3a6b9d732d6851529ea6d93d510563b96056436f4f2493e971413d8b7","cv"
22,"synthetic_04",1,"record_equal","N_train/(S_train*R_species); total_weight=N_train","total_weight_equals_record_count","integration","joint_bb","Null","record_equal",2,"39dd0cc3a6b9d732d6851529ea6d93d510563b96056436f4f2493e971413d8b7","cv"
23,"synthetic_05",1,"record_equal","N_train/(S_train*R_species); total_weight=N_train","total_weight_equals_record_count","integration","joint_bb","Null","record_equal",2,"39dd0cc3a6b9d732d6851529ea6d93d510563b96056436f4f2493e971413d8b7","cv"
24,"synthetic_05",1,"record_equal","N_train/(S_train*R_species); total_weight=N_train","total_weight_equals_record_count","integration","joint_bb","Null","record_equal",2,"39dd0cc3a6b9d732d6851529ea6d93d510563b96056436f4f2493e971413d8b7","cv"
25,"synthetic_05",1,"record_equal","N_train/(S_train*R_species); total_weight=N_train","total_weight_equals_record_count","integration","joint_bb","Null","record_equal",2,"39dd0cc3a6b9d732d6851529ea6d93d510563b96056436f4f2493e971413d8b7","cv"
26,"synthetic_05",1,"record_equal","N_train/(S_train*R_species); total_weight=N_train","total_weight_equals_record_count","integration","joint_bb","Null","record_equal",2,"39dd0cc3a6b9d732d6851529ea6d93d510563b96056436f4f2493e971413d8b7","cv"
27,"synthetic_05",1,"record_equal","N_train/(S_train*R_species); total_weight=N_train","total_weight_equals_record_count","integration","joint_bb","Null","record_equal",2,"39dd0cc3a6b9d732d6851529ea6d93d510563b96056436f4f2493e971413d8b7","cv"
28,"synthetic_05",1,"record_equal","N_train/(S_train*R_species); total_weight=N_train","total_weight_equals_record_count","integration","joint_bb","Null","record_equal",2,"39dd0cc3a6b9d732d6851529ea6d93d510563b96056436f4f2493e971413d8b7","cv"
29,"synthetic_05",1,"record_equal","N_train/(S_train*R_species); total_weight=N_train","total_weight_equals_record_count","integration","joint_bb","Null","record_equal",2,"39dd0cc3a6b9d732d6851529ea6d93d510563b96056436f4f2493e971413d8b7","cv"
30,"synthetic_05",1,"record_equal","N_train/(S_train*R_species); total_weight=N_train","total_weight_equals_record_count","integration","joint_bb","Null","record_equal",2,"39dd0cc3a6b9d732d6851529ea6d93d510563b96056436f4f2493e971413d8b7","cv"
31,"synthetic_06",1,"record_equal","N_train/(S_train*R_species); total_weight=N_train","total_weight_equals_record_count","integration","joint_bb","Null","record_equal",2,"39dd0cc3a6b9d732d6851529ea6d93d510563b96056436f4f2493e971413d8b7","cv"
32,"synthetic_06",1,"record_equal","N_train/(S_train*R_species); total_weight=N_train","total_weight_equals_record_count","integration","joint_bb","Null","record_equal",2,"39dd0cc3a6b9d732d6851529ea6d93d510563b96056436f4f2493e971413d8b7","cv"
33,"synthetic_06",1,"record_equal","N_train/(S_train*R_species); total_weight=N_train","total_weight_equals_record_count","integration","joint_bb","Null","record_equal",2,"39dd0cc3a6b9d732d6851529ea6d93d510563b96056436f4f2493e971413d8b7","cv"
34,"synthetic_06",1,"record_equal","N_train/(S_train*R_species); total_weight=N_train","total_weight_equals_record_count","integration","joint_bb","Null","record_equal",2,"39dd0cc3a6b9d732d6851529ea6d93d510563b96056436f4f2493e971413d8b7","cv"
35,"synthetic_06",1,"record_equal","N_train/(S_train*R_species); total_weight=N_train","total_weight_equals_record_count","integration","joint_bb","Null","record_equal",2,"39dd0cc3a6b9d732d6851529ea6d93d510563b96056436f4f2493e971413d8b7","cv"
36,"synthetic_06",1,"record_equal","N_train/(S_train*R_species); total_weight=N_train","total_weight_equals_record_count","integration","joint_bb","Null","record_equal",2,"39dd0cc3a6b9d732d6851529ea6d93d510563b96056436f4f2493e971413d8b7","cv"
37,"synthetic_06",1,"record_equal","N_train/(S_train*R_species); total_weight=N_train","total_weight_equals_record_count","integration","joint_bb","Null","record_equal",2,"39dd0cc3a6b9d732d6851529ea6d93d510563b96056436f4f2493e971413d8b7","cv"
38,"synthetic_06",1,"record_equal","N_train/(S_train*R_species); total_weight=N_train","total_weight_equals_record_count","integration","joint_bb","Null","record_equal",2,"39dd0cc3a6b9d732d6851529ea6d93d510563b96056436f4f2493e971413d8b7","cv"
39,"synthetic_06",1,"record_equal","N_train/(S_train*R_species); total_weight=N_train","total_weight_equals_record_count","integration","joint_bb","Null","record_equal",2,"39dd0cc3a6b9d732d6851529ea6d93d510563b96056436f4f2493e971413d8b7","cv"
1,"synthetic_07",1.25,"species_equal","N_train/(S_train*R_species); total_weight=N_train","total_weight_equals_record_count","integration","joint_bb","Null","species_equal",1,"47a6d4c9a3f65c764f95170827ed2ccaf18b71b2d05b473a01007b5085999fd4","cv"
2,"synthetic_07",1.25,"species_equal","N_train/(S_train*R_species); total_weight=N_train","total_weight_equals_record_count","integration","joint_bb","Null","species_equal",1,"47a6d4c9a3f65c764f95170827ed2ccaf18b71b2d05b473a01007b5085999fd4","cv"
3,"synthetic_07",1.25,"species_equal","N_train/(S_train*R_species); total_weight=N_train","total_weight_equals_record_count","integration","joint_bb","Null","species_equal",1,"47a6d4c9a3f65c764f95170827ed2ccaf18b71b2d05b473a01007b5085999fd4","cv"
4,"synthetic_07",1.25,"species_equal","N_train/(S_train*R_species); total_weight=N_train","total_weight_equals_record_count","integration","joint_bb","Null","species_equal",1,"47a6d4c9a3f65c764f95170827ed2ccaf18b71b2d05b473a01007b5085999fd4","cv"
5,"synthetic_07",1.25,"species_equal","N_train/(S_train*R_species); total_weight=N_train","total_weight_equals_record_count","integration","joint_bb","Null","species_equal",1,"47a6d4c9a3f65c764f95170827ed2ccaf18b71b2d05b473a01007b5085999fd4","cv"
6,"synthetic_07",1.25,"species_equal","N_train/(S_train*R_species); total_weight=N_train","total_weight_equals_record_count","integration","joint_bb","Null","species_equal",1,"47a6d4c9a3f65c764f95170827ed2ccaf18b71b2d05b473a01007b5085999fd4","cv"
7,"synthetic_07",1.25,"species_equal","N_train/(S_train*R_species); total_weight=N_train","total_weight_equals_record_count","integration","joint_bb","Null","species_equal",1,"47a6d4c9a3f65c764f95170827ed2ccaf18b71b2d05b473a01007b5085999fd4","cv"
8,"synthetic_07",1.25,"species_equal","N_train/(S_train*R_species); total_weight=N_train","total_weight_equals_record_count","integration","joint_bb","Null","species_equal",1,"47a6d4c9a3f65c764f95170827ed2ccaf18b71b2d05b473a01007b5085999fd4","cv"
9,"synthetic_07",1.25,"species_equal","N_train/(S_train*R_species); total_weight=N_train","total_weight_equals_record_count","integration","joint_bb","Null","species_equal",1,"47a6d4c9a3f65c764f95170827ed2ccaf18b71b2d05b473a01007b5085999fd4","cv"
10,"synthetic_07",1.25,"species_equal","N_train/(S_train*R_species); total_weight=N_train","total_weight_equals_record_count","integration","joint_bb","Null","species_equal",1,"47a6d4c9a3f65c764f95170827ed2ccaf18b71b2d05b473a01007b5085999fd4","cv"
11,"synthetic_08",1.13636363636364,"species_equal","N_train/(S_train*R_species); total_weight=N_train","total_weight_equals_record_count","integration","joint_bb","Null","species_equal",1,"47a6d4c9a3f65c764f95170827ed2ccaf18b71b2d05b473a01007b5085999fd4","cv"
12,"synthetic_08",1.13636363636364,"species_equal","N_train/(S_train*R_species); total_weight=N_train","total_weight_equals_record_count","integration","joint_bb","Null","species_equal",1,"47a6d4c9a3f65c764f95170827ed2ccaf18b71b2d05b473a01007b5085999fd4","cv"
13,"synthetic_08",1.13636363636364,"species_equal","N_train/(S_train*R_species); total_weight=N_train","total_weight_equals_record_count","integration","joint_bb","Null","species_equal",1,"47a6d4c9a3f65c764f95170827ed2ccaf18b71b2d05b473a01007b5085999fd4","cv"
14,"synthetic_08",1.13636363636364,"species_equal","N_train/(S_train*R_species); total_weight=N_train","total_weight_equals_record_count","integration","joint_bb","Null","species_equal",1,"47a6d4c9a3f65c764f95170827ed2ccaf18b71b2d05b473a01007b5085999fd4","cv"
15,"synthetic_08",1.13636363636364,"species_equal","N_train/(S_train*R_species); total_weight=N_train","total_weight_equals_record_count","integration","joint_bb","Null","species_equal",1,"47a6d4c9a3f65c764f95170827ed2ccaf18b71b2d05b473a01007b5085999fd4","cv"
16,"synthetic_08",1.13636363636364,"species_equal","N_train/(S_train*R_species); total_weight=N_train","total_weight_equals_record_count","integration","joint_bb","Null","species_equal",1,"47a6d4c9a3f65c764f95170827ed2ccaf18b71b2d05b473a01007b5085999fd4","cv"
17,"synthetic_08",1.13636363636364,"species_equal","N_train/(S_train*R_species); total_weight=N_train","total_weight_equals_record_count","integration","joint_bb","Null","species_equal",1,"47a6d4c9a3f65c764f95170827ed2ccaf18b71b2d05b473a01007b5085999fd4","cv"
18,"synthetic_08",1.13636363636364,"species_equal","N_train/(S_train*R_species); total_weight=N_train","total_weight_equals_record_count","integration","joint_bb","Null","species_equal",1,"47a6d4c9a3f65c764f95170827ed2ccaf18b71b2d05b473a01007b5085999fd4","cv"
19,"synthetic_08",1.13636363636364,"species_equal","N_train/(S_train*R_species); total_weight=N_train","total_weight_equals_record_count","integration","joint_bb","Null","species_equal",1,"47a6d4c9a3f65c764f95170827ed2ccaf18b71b2d05b473a01007b5085999fd4","cv"
20,"synthetic_08",1.13636363636364,"species_equal","N_train/(S_train*R_species); total_weight=N_train","total_weight_equals_record_count","integration","joint_bb","Null","species_equal",1,"47a6d4c9a3f65c764f95170827ed2ccaf18b71b2d05b473a01007b5085999fd4","cv"
21,"synthetic_08",1.13636363636364,"species_equal","N_train/(S_train*R_species); total_weight=N_train","total_weight_equals_record_count","integration","joint_bb","Null","species_equal",1,"47a6d4c9a3f65c764f95170827ed2ccaf18b71b2d05b473a01007b5085999fd4","cv"
22,"synthetic_09",1.04166666666667,"species_equal","N_train/(S_train*R_species); total_weight=N_train","total_weight_equals_record_count","integration","joint_bb","Null","species_equal",1,"47a6d4c9a3f65c764f95170827ed2ccaf18b71b2d05b473a01007b5085999fd4","cv"
23,"synthetic_09",1.04166666666667,"species_equal","N_train/(S_train*R_species); total_weight=N_train","total_weight_equals_record_count","integration","joint_bb","Null","species_equal",1,"47a6d4c9a3f65c764f95170827ed2ccaf18b71b2d05b473a01007b5085999fd4","cv"
24,"synthetic_09",1.04166666666667,"species_equal","N_train/(S_train*R_species); total_weight=N_train","total_weight_equals_record_count","integration","joint_bb","Null","species_equal",1,"47a6d4c9a3f65c764f95170827ed2ccaf18b71b2d05b473a01007b5085999fd4","cv"
25,"synthetic_09",1.04166666666667,"species_equal","N_train/(S_train*R_species); total_weight=N_train","total_weight_equals_record_count","integration","joint_bb","Null","species_equal",1,"47a6d4c9a3f65c764f95170827ed2ccaf18b71b2d05b473a01007b5085999fd4","cv"
26,"synthetic_09",1.04166666666667,"species_equal","N_train/(S_train*R_species); total_weight=N_train","total_weight_equals_record_count","integration","joint_bb","Null","species_equal",1,"47a6d4c9a3f65c764f95170827ed2ccaf18b71b2d05b473a01007b5085999fd4","cv"
27,"synthetic_09",1.04166666666667,"species_equal","N_train/(S_train*R_species); total_weight=N_train","total_weight_equals_record_count","integration","joint_bb","Null","species_equal",1,"47a6d4c9a3f65c764f95170827ed2ccaf18b71b2d05b473a01007b5085999fd4","cv"
28,"synthetic_09",1.04166666666667,"species_equal","N_train/(S_train*R_species); total_weight=N_train","total_weight_equals_record_count","integration","joint_bb","Null","species_equal",1,"47a6d4c9a3f65c764f95170827ed2ccaf18b71b2d05b473a01007b5085999fd4","cv"
29,"synthetic_09",1.04166666666667,"species_equal","N_train/(S_train*R_species); total_weight=N_train","total_weight_equals_record_count","integration","joint_bb","Null","species_equal",1,"47a6d4c9a3f65c764f95170827ed2ccaf18b71b2d05b473a01007b5085999fd4","cv"
30,"synthetic_09",1.04166666666667,"species_equal","N_train/(S_train*R_species); total_weight=N_train","total_weight_equals_record_count","integration","joint_bb","Null","species_equal",1,"47a6d4c9a3f65c764f95170827ed2ccaf18b71b2d05b473a01007b5085999fd4","cv"
31,"synthetic_09",1.04166666666667,"species_equal","N_train/(S_train*R_species); total_weight=N_train","total_weight_equals_record_count","integration","joint_bb","Null","species_equal",1,"47a6d4c9a3f65c764f95170827ed2ccaf18b71b2d05b473a01007b5085999fd4","cv"
32,"synthetic_09",1.04166666666667,"species_equal","N_train/(S_train*R_species); total_weight=N_train","total_weight_equals_record_count","integration","joint_bb","Null","species_equal",1,"47a6d4c9a3f65c764f95170827ed2ccaf18b71b2d05b473a01007b5085999fd4","cv"
33,"synthetic_09",1.04166666666667,"species_equal","N_train/(S_train*R_species); total_weight=N_train","total_weight_equals_record_count","integration","joint_bb","Null","species_equal",1,"47a6d4c9a3f65c764f95170827ed2ccaf18b71b2d05b473a01007b5085999fd4","cv"
34,"synthetic_10",0.961538461538462,"species_equal","N_train/(S_train*R_species); total_weight=N_train","total_weight_equals_record_count","integration","joint_bb","Null","species_equal",1,"47a6d4c9a3f65c764f95170827ed2ccaf18b71b2d05b473a01007b5085999fd4","cv"
35,"synthetic_10",0.961538461538462,"species_equal","N_train/(S_train*R_species); total_weight=N_train","total_weight_equals_record_count","integration","joint_bb","Null","species_equal",1,"47a6d4c9a3f65c764f95170827ed2ccaf18b71b2d05b473a01007b5085999fd4","cv"
36,"synthetic_10",0.961538461538462,"species_equal","N_train/(S_train*R_species); total_weight=N_train","total_weight_equals_record_count","integration","joint_bb","Null","species_equal",1,"47a6d4c9a3f65c764f95170827ed2ccaf18b71b2d05b473a01007b5085999fd4","cv"
37,"synthetic_10",0.961538461538462,"species_equal","N_train/(S_train*R_species); total_weight=N_train","total_weight_equals_record_count","integration","joint_bb","Null","species_equal",1,"47a6d4c9a3f65c764f95170827ed2ccaf18b71b2d05b473a01007b5085999fd4","cv"
38,"synthetic_10",0.961538461538462,"species_equal","N_train/(S_train*R_species); total_weight=N_train","total_weight_equals_record_count","integration","joint_bb","Null","species_equal",1,"47a6d4c9a3f65c764f95170827ed2ccaf18b71b2d05b473a01007b5085999fd4","cv"
39,"synthetic_10",0.961538461538462,"species_equal","N_train/(S_train*R_species); total_weight=N_train","total_weight_equals_record_count","integration","joint_bb","Null","species_equal",1,"47a6d4c9a3f65c764f95170827ed2ccaf18b71b2d05b473a01007b5085999fd4","cv"
40,"synthetic_10",0.961538461538462,"species_equal","N_train/(S_train*R_species); total_weight=N_train","total_weight_equals_record_count","integration","joint_bb","Null","species_equal",1,"47a6d4c9a3f65c764f95170827ed2ccaf18b71b2d05b473a01007b5085999fd4","cv"
41,"synthetic_10",0.961538461538462,"species_equal","N_train/(S_train*R_species); total_weight=N_train","total_weight_equals_record_count","integration","joint_bb","Null","species_equal",1,"47a6d4c9a3f65c764f95170827ed2ccaf18b71b2d05b473a01007b5085999fd4","cv"
42,"synthetic_10",0.961538461538462,"species_equal","N_train/(S_train*R_species); total_weight=N_train","total_weight_equals_record_count","integration","joint_bb","Null","species_equal",1,"47a6d4c9a3f65c764f95170827ed2ccaf18b71b2d05b473a01007b5085999fd4","cv"
43,"synthetic_10",0.961538461538462,"species_equal","N_train/(S_train*R_species); total_weight=N_train","total_weight_equals_record_count","integration","joint_bb","Null","species_equal",1,"47a6d4c9a3f65c764f95170827ed2ccaf18b71b2d05b473a01007b5085999fd4","cv"
44,"synthetic_10",0.961538461538462,"species_equal","N_train/(S_train*R_species); total_weight=N_train","total_weight_equals_record_count","integration","joint_bb","Null","species_equal",1,"47a6d4c9a3f65c764f95170827ed2ccaf18b71b2d05b473a01007b5085999fd4","cv"
45,"synthetic_10",0.961538461538462,"species_equal","N_train/(S_train*R_species); total_weight=N_train","total_weight_equals_record_count","integration","joint_bb","Null","species_equal",1,"47a6d4c9a3f65c764f95170827ed2ccaf18b71b2d05b473a01007b5085999fd4","cv"
46,"synthetic_10",0.961538461538462,"species_equal","N_train/(S_train*R_species); total_weight=N_train","total_weight_equals_record_count","integration","joint_bb","Null","species_equal",1,"47a6d4c9a3f65c764f95170827ed2ccaf18b71b2d05b473a01007b5085999fd4","cv"
47,"synthetic_11",0.892857142857143,"species_equal","N_train/(S_train*R_species); total_weight=N_train","total_weight_equals_record_count","integration","joint_bb","Null","species_equal",1,"47a6d4c9a3f65c764f95170827ed2ccaf18b71b2d05b473a01007b5085999fd4","cv"
48,"synthetic_11",0.892857142857143,"species_equal","N_train/(S_train*R_species); total_weight=N_train","total_weight_equals_record_count","integration","joint_bb","Null","species_equal",1,"47a6d4c9a3f65c764f95170827ed2ccaf18b71b2d05b473a01007b5085999fd4","cv"
49,"synthetic_11",0.892857142857143,"species_equal","N_train/(S_train*R_species); total_weight=N_train","total_weight_equals_record_count","integration","joint_bb","Null","species_equal",1,"47a6d4c9a3f65c764f95170827ed2ccaf18b71b2d05b473a01007b5085999fd4","cv"
50,"synthetic_11",0.892857142857143,"species_equal","N_train/(S_train*R_species); total_weight=N_train","total_weight_equals_record_count","integration","joint_bb","Null","species_equal",1,"47a6d4c9a3f65c764f95170827ed2ccaf18b71b2d05b473a01007b5085999fd4","cv"
51,"synthetic_11",0.892857142857143,"species_equal","N_train/(S_train*R_species); total_weight=N_train","total_weight_equals_record_count","integration","joint_bb","Null","species_equal",1,"47a6d4c9a3f65c764f95170827ed2ccaf18b71b2d05b473a01007b5085999fd4","cv"
52,"synthetic_11",0.892857142857143,"species_equal","N_train/(S_train*R_species); total_weight=N_train","total_weight_equals_record_count","integration","joint_bb","Null","species_equal",1,"47a6d4c9a3f65c764f95170827ed2ccaf18b71b2d05b473a01007b5085999fd4","cv"
53,"synthetic_11",0.892857142857143,"species_equal","N_train/(S_train*R_species); total_weight=N_train","total_weight_equals_record_count","integration","joint_bb","Null","species_equal",1,"47a6d4c9a3f65c764f95170827ed2ccaf18b71b2d05b473a01007b5085999fd4","cv"
54,"synthetic_11",0.892857142857143,"species_equal","N_train/(S_train*R_species); total_weight=N_train","total_weight_equals_record_count","integration","joint_bb","Null","species_equal",1,"47a6d4c9a3f65c764f95170827ed2ccaf18b71b2d05b473a01007b5085999fd4","cv"
55,"synthetic_11",0.892857142857143,"species_equal","N_train/(S_train*R_species); total_weight=N_train","total_weight_equals_record_count","integration","joint_bb","Null","species_equal",1,"47a6d4c9a3f65c764f95170827ed2ccaf18b71b2d05b473a01007b5085999fd4","cv"
56,"synthetic_11",0.892857142857143,"species_equal","N_train/(S_train*R_species); total_weight=N_train","total_weight_equals_record_count","integration","joint_bb","Null","species_equal",1,"47a6d4c9a3f65c764f95170827ed2ccaf18b71b2d05b473a01007b5085999fd4","cv"
57,"synthetic_11",0.892857142857143,"species_equal","N_train/(S_train*R_species); total_weight=N_train","total_weight_equals_record_count","integration","joint_bb","Null","species_equal",1,"47a6d4c9a3f65c764f95170827ed2ccaf18b71b2d05b473a01007b5085999fd4","cv"
58,"synthetic_11",0.892857142857143,"species_equal","N_train/(S_train*R_species); total_weight=N_train","total_weight_equals_record_count","integration","joint_bb","Null","species_equal",1,"47a6d4c9a3f65c764f95170827ed2ccaf18b71b2d05b473a01007b5085999fd4","cv"
59,"synthetic_11",0.892857142857143,"species_equal","N_train/(S_train*R_species); total_weight=N_train","total_weight_equals_record_count","integration","joint_bb","Null","species_equal",1,"47a6d4c9a3f65c764f95170827ed2ccaf18b71b2d05b473a01007b5085999fd4","cv"
60,"synthetic_11",0.892857142857143,"species_equal","N_train/(S_train*R_species); total_weight=N_train","total_weight_equals_record_count","integration","joint_bb","Null","species_equal",1,"47a6d4c9a3f65c764f95170827ed2ccaf18b71b2d05b473a01007b5085999fd4","cv"
61,"synthetic_12",0.833333333333333,"species_equal","N_train/(S_train*R_species); total_weight=N_train","total_weight_equals_record_count","integration","joint_bb","Null","species_equal",1,"47a6d4c9a3f65c764f95170827ed2ccaf18b71b2d05b473a01007b5085999fd4","cv"
62,"synthetic_12",0.833333333333333,"species_equal","N_train/(S_train*R_species); total_weight=N_train","total_weight_equals_record_count","integration","joint_bb","Null","species_equal",1,"47a6d4c9a3f65c764f95170827ed2ccaf18b71b2d05b473a01007b5085999fd4","cv"
63,"synthetic_12",0.833333333333333,"species_equal","N_train/(S_train*R_species); total_weight=N_train","total_weight_equals_record_count","integration","joint_bb","Null","species_equal",1,"47a6d4c9a3f65c764f95170827ed2ccaf18b71b2d05b473a01007b5085999fd4","cv"
64,"synthetic_12",0.833333333333333,"species_equal","N_train/(S_train*R_species); total_weight=N_train","total_weight_equals_record_count","integration","joint_bb","Null","species_equal",1,"47a6d4c9a3f65c764f95170827ed2ccaf18b71b2d05b473a01007b5085999fd4","cv"
65,"synthetic_12",0.833333333333333,"species_equal","N_train/(S_train*R_species); total_weight=N_train","total_weight_equals_record_count","integration","joint_bb","Null","species_equal",1,"47a6d4c9a3f65c764f95170827ed2ccaf18b71b2d05b473a01007b5085999fd4","cv"
66,"synthetic_12",0.833333333333333,"species_equal","N_train/(S_train*R_species); total_weight=N_train","total_weight_equals_record_count","integration","joint_bb","Null","species_equal",1,"47a6d4c9a3f65c764f95170827ed2ccaf18b71b2d05b473a01007b5085999fd4","cv"
67,"synthetic_12",0.833333333333333,"species_equal","N_train/(S_train*R_species); total_weight=N_train","total_weight_equals_record_count","integration","joint_bb","Null","species_equal",1,"47a6d4c9a3f65c764f95170827ed2ccaf18b71b2d05b473a01007b5085999fd4","cv"
68,"synthetic_12",0.833333333333333,"species_equal","N_train/(S_train*R_species); total_weight=N_train","total_weight_equals_record_count","integration","joint_bb","Null","species_equal",1,"47a6d4c9a3f65c764f95170827ed2ccaf18b71b2d05b473a01007b5085999fd4","cv"
69,"synthetic_12",0.833333333333333,"species_equal","N_train/(S_train*R_species); total_weight=N_train","total_weight_equals_record_count","integration","joint_bb","Null","species_equal",1,"47a6d4c9a3f65c764f95170827ed2ccaf18b71b2d05b473a01007b5085999fd4","cv"
70,"synthetic_12",0.833333333333333,"species_equal","N_train/(S_train*R_species); total_weight=N_train","total_weight_equals_record_count","integration","joint_bb","Null","species_equal",1,"47a6d4c9a3f65c764f95170827ed2ccaf18b71b2d05b473a01007b5085999fd4","cv"
71,"synthetic_12",0.833333333333333,"species_equal","N_train/(S_train*R_species); total_weight=N_train","total_weight_equals_record_count","integration","joint_bb","Null","species_equal",1,"47a6d4c9a3f65c764f95170827ed2ccaf18b71b2d05b473a01007b5085999fd4","cv"
72,"synthetic_12",0.833333333333333,"species_equal","N_train/(S_train*R_species); total_weight=N_train","total_weight_equals_record_count","integration","joint_bb","Null","species_equal",1,"47a6d4c9a3f65c764f95170827ed2ccaf18b71b2d05b473a01007b5085999fd4","cv"
73,"synthetic_12",0.833333333333333,"species_equal","N_train/(S_train*R_species); total_weight=N_train","total_weight_equals_record_count","integration","joint_bb","Null","species_equal",1,"47a6d4c9a3f65c764f95170827ed2ccaf18b71b2d05b473a01007b5085999fd4","cv"
74,"synthetic_12",0.833333333333333,"species_equal","N_train/(S_train*R_species); total_weight=N_train","total_weight_equals_record_count","integration","joint_bb","Null","species_equal",1,"47a6d4c9a3f65c764f95170827ed2ccaf18b71b2d05b473a01007b5085999fd4","cv"
75,"synthetic_12",0.833333333333333,"species_equal","N_train/(S_train*R_species); total_weight=N_train","total_weight_equals_record_count","integration","joint_bb","Null","species_equal",1,"47a6d4c9a3f65c764f95170827ed2ccaf18b71b2d05b473a01007b5085999fd4","cv"
1,"synthetic_01",1.625,"species_equal","N_train/(S_train*R_species); total_weight=N_train","total_weight_equals_record_count","integration","joint_bb","Null","species_equal",2,"6e620e732be5859082b4674d63b616eff6224bf1df1dd43c9067b2c849425c8d","cv"
2,"synthetic_01",1.625,"species_equal","N_train/(S_train*R_species); total_weight=N_train","total_weight_equals_record_count","integration","joint_bb","Null","species_equal",2,"6e620e732be5859082b4674d63b616eff6224bf1df1dd43c9067b2c849425c8d","cv"
3,"synthetic_01",1.625,"species_equal","N_train/(S_train*R_species); total_weight=N_train","total_weight_equals_record_count","integration","joint_bb","Null","species_equal",2,"6e620e732be5859082b4674d63b616eff6224bf1df1dd43c9067b2c849425c8d","cv"
4,"synthetic_01",1.625,"species_equal","N_train/(S_train*R_species); total_weight=N_train","total_weight_equals_record_count","integration","joint_bb","Null","species_equal",2,"6e620e732be5859082b4674d63b616eff6224bf1df1dd43c9067b2c849425c8d","cv"
5,"synthetic_02",1.3,"species_equal","N_train/(S_train*R_species); total_weight=N_train","total_weight_equals_record_count","integration","joint_bb","Null","species_equal",2,"6e620e732be5859082b4674d63b616eff6224bf1df1dd43c9067b2c849425c8d","cv"
6,"synthetic_02",1.3,"species_equal","N_train/(S_train*R_species); total_weight=N_train","total_weight_equals_record_count","integration","joint_bb","Null","species_equal",2,"6e620e732be5859082b4674d63b616eff6224bf1df1dd43c9067b2c849425c8d","cv"
7,"synthetic_02",1.3,"species_equal","N_train/(S_train*R_species); total_weight=N_train","total_weight_equals_record_count","integration","joint_bb","Null","species_equal",2,"6e620e732be5859082b4674d63b616eff6224bf1df1dd43c9067b2c849425c8d","cv"
8,"synthetic_02",1.3,"species_equal","N_train/(S_train*R_species); total_weight=N_train","total_weight_equals_record_count","integration","joint_bb","Null","species_equal",2,"6e620e732be5859082b4674d63b616eff6224bf1df1dd43c9067b2c849425c8d","cv"
9,"synthetic_02",1.3,"species_equal","N_train/(S_train*R_species); total_weight=N_train","total_weight_equals_record_count","integration","joint_bb","Null","species_equal",2,"6e620e732be5859082b4674d63b616eff6224bf1df1dd43c9067b2c849425c8d","cv"
10,"synthetic_03",1.08333333333333,"species_equal","N_train/(S_train*R_species); total_weight=N_train","total_weight_equals_record_count","integration","joint_bb","Null","species_equal",2,"6e620e732be5859082b4674d63b616eff6224bf1df1dd43c9067b2c849425c8d","cv"
11,"synthetic_03",1.08333333333333,"species_equal","N_train/(S_train*R_species); total_weight=N_train","total_weight_equals_record_count","integration","joint_bb","Null","species_equal",2,"6e620e732be5859082b4674d63b616eff6224bf1df1dd43c9067b2c849425c8d","cv"
12,"synthetic_03",1.08333333333333,"species_equal","N_train/(S_train*R_species); total_weight=N_train","total_weight_equals_record_count","integration","joint_bb","Null","species_equal",2,"6e620e732be5859082b4674d63b616eff6224bf1df1dd43c9067b2c849425c8d","cv"
13,"synthetic_03",1.08333333333333,"species_equal","N_train/(S_train*R_species); total_weight=N_train","total_weight_equals_record_count","integration","joint_bb","Null","species_equal",2,"6e620e732be5859082b4674d63b616eff6224bf1df1dd43c9067b2c849425c8d","cv"
14,"synthetic_03",1.08333333333333,"species_equal","N_train/(S_train*R_species); total_weight=N_train","total_weight_equals_record_count","integration","joint_bb","Null","species_equal",2,"6e620e732be5859082b4674d63b616eff6224bf1df1dd43c9067b2c849425c8d","cv"
15,"synthetic_03",1.08333333333333,"species_equal","N_train/(S_train*R_species); total_weight=N_train","total_weight_equals_record_count","integration","joint_bb","Null","species_equal",2,"6e620e732be5859082b4674d63b616eff6224bf1df1dd43c9067b2c849425c8d","cv"
16,"synthetic_04",0.928571428571429,"species_equal","N_train/(S_train*R_species); total_weight=N_train","total_weight_equals_record_count","integration","joint_bb","Null","species_equal",2,"6e620e732be5859082b4674d63b616eff6224bf1df1dd43c9067b2c849425c8d","cv"
17,"synthetic_04",0.928571428571429,"species_equal","N_train/(S_train*R_species); total_weight=N_train","total_weight_equals_record_count","integration","joint_bb","Null","species_equal",2,"6e620e732be5859082b4674d63b616eff6224bf1df1dd43c9067b2c849425c8d","cv"
18,"synthetic_04",0.928571428571429,"species_equal","N_train/(S_train*R_species); total_weight=N_train","total_weight_equals_record_count","integration","joint_bb","Null","species_equal",2,"6e620e732be5859082b4674d63b616eff6224bf1df1dd43c9067b2c849425c8d","cv"
19,"synthetic_04",0.928571428571429,"species_equal","N_train/(S_train*R_species); total_weight=N_train","total_weight_equals_record_count","integration","joint_bb","Null","species_equal",2,"6e620e732be5859082b4674d63b616eff6224bf1df1dd43c9067b2c849425c8d","cv"
20,"synthetic_04",0.928571428571429,"species_equal","N_train/(S_train*R_species); total_weight=N_train","total_weight_equals_record_count","integration","joint_bb","Null","species_equal",2,"6e620e732be5859082b4674d63b616eff6224bf1df1dd43c9067b2c849425c8d","cv"
21,"synthetic_04",0.928571428571429,"species_equal","N_train/(S_train*R_species); total_weight=N_train","total_weight_equals_record_count","integration","joint_bb","Null","species_equal",2,"6e620e732be5859082b4674d63b616eff6224bf1df1dd43c9067b2c849425c8d","cv"
22,"synthetic_04",0.928571428571429,"species_equal","N_train/(S_train*R_species); total_weight=N_train","total_weight_equals_record_count","integration","joint_bb","Null","species_equal",2,"6e620e732be5859082b4674d63b616eff6224bf1df1dd43c9067b2c849425c8d","cv"
23,"synthetic_05",0.8125,"species_equal","N_train/(S_train*R_species); total_weight=N_train","total_weight_equals_record_count","integration","joint_bb","Null","species_equal",2,"6e620e732be5859082b4674d63b616eff6224bf1df1dd43c9067b2c849425c8d","cv"
24,"synthetic_05",0.8125,"species_equal","N_train/(S_train*R_species); total_weight=N_train","total_weight_equals_record_count","integration","joint_bb","Null","species_equal",2,"6e620e732be5859082b4674d63b616eff6224bf1df1dd43c9067b2c849425c8d","cv"
25,"synthetic_05",0.8125,"species_equal","N_train/(S_train*R_species); total_weight=N_train","total_weight_equals_record_count","integration","joint_bb","Null","species_equal",2,"6e620e732be5859082b4674d63b616eff6224bf1df1dd43c9067b2c849425c8d","cv"
26,"synthetic_05",0.8125,"species_equal","N_train/(S_train*R_species); total_weight=N_train","total_weight_equals_record_count","integration","joint_bb","Null","species_equal",2,"6e620e732be5859082b4674d63b616eff6224bf1df1dd43c9067b2c849425c8d","cv"
27,"synthetic_05",0.8125,"species_equal","N_train/(S_train*R_species); total_weight=N_train","total_weight_equals_record_count","integration","joint_bb","Null","species_equal",2,"6e620e732be5859082b4674d63b616eff6224bf1df1dd43c9067b2c849425c8d","cv"
28,"synthetic_05",0.8125,"species_equal","N_train/(S_train*R_species); total_weight=N_train","total_weight_equals_record_count","integration","joint_bb","Null","species_equal",2,"6e620e732be5859082b4674d63b616eff6224bf1df1dd43c9067b2c849425c8d","cv"
29,"synthetic_05",0.8125,"species_equal","N_train/(S_train*R_species); total_weight=N_train","total_weight_equals_record_count","integration","joint_bb","Null","species_equal",2,"6e620e732be5859082b4674d63b616eff6224bf1df1dd43c9067b2c849425c8d","cv"
30,"synthetic_05",0.8125,"species_equal","N_train/(S_train*R_species); total_weight=N_train","total_weight_equals_record_count","integration","joint_bb","Null","species_equal",2,"6e620e732be5859082b4674d63b616eff6224bf1df1dd43c9067b2c849425c8d","cv"
31,"synthetic_06",0.722222222222222,"species_equal","N_train/(S_train*R_species); total_weight=N_train","total_weight_equals_record_count","integration","joint_bb","Null","species_equal",2,"6e620e732be5859082b4674d63b616eff6224bf1df1dd43c9067b2c849425c8d","cv"
32,"synthetic_06",0.722222222222222,"species_equal","N_train/(S_train*R_species); total_weight=N_train","total_weight_equals_record_count","integration","joint_bb","Null","species_equal",2,"6e620e732be5859082b4674d63b616eff6224bf1df1dd43c9067b2c849425c8d","cv"
33,"synthetic_06",0.722222222222222,"species_equal","N_train/(S_train*R_species); total_weight=N_train","total_weight_equals_record_count","integration","joint_bb","Null","species_equal",2,"6e620e732be5859082b4674d63b616eff6224bf1df1dd43c9067b2c849425c8d","cv"
34,"synthetic_06",0.722222222222222,"species_equal","N_train/(S_train*R_species); total_weight=N_train","total_weight_equals_record_count","integration","joint_bb","Null","species_equal",2,"6e620e732be5859082b4674d63b616eff6224bf1df1dd43c9067b2c849425c8d","cv"
35,"synthetic_06",0.722222222222222,"species_equal","N_train/(S_train*R_species); total_weight=N_train","total_weight_equals_record_count","integration","joint_bb","Null","species_equal",2,"6e620e732be5859082b4674d63b616eff6224bf1df1dd43c9067b2c849425c8d","cv"
36,"synthetic_06",0.722222222222222,"species_equal","N_train/(S_train*R_species); total_weight=N_train","total_weight_equals_record_count","integration","joint_bb","Null","species_equal",2,"6e620e732be5859082b4674d63b616eff6224bf1df1dd43c9067b2c849425c8d","cv"
37,"synthetic_06",0.722222222222222,"species_equal","N_train/(S_train*R_species); total_weight=N_train","total_weight_equals_record_count","integration","joint_bb","Null","species_equal",2,"6e620e732be5859082b4674d63b616eff6224bf1df1dd43c9067b2c849425c8d","cv"
38,"synthetic_06",0.722222222222222,"species_equal","N_train/(S_train*R_species); total_weight=N_train","total_weight_equals_record_count","integration","joint_bb","Null","species_equal",2,"6e620e732be5859082b4674d63b616eff6224bf1df1dd43c9067b2c849425c8d","cv"
39,"synthetic_06",0.722222222222222,"species_equal","N_train/(S_train*R_species); total_weight=N_train","total_weight_equals_record_count","integration","joint_bb","Null","species_equal",2,"6e620e732be5859082b4674d63b616eff6224bf1df1dd43c9067b2c849425c8d","cv"
1,"synthetic_07",1,"record_equal","N_train/(S_train*R_species); total_weight=N_train","total_weight_equals_record_count","integration","joint_bb","M1","record_equal",1,"9f9befe4e6d9b8f080446d15e638dfdfe281ed19c106417f079996b94b4e6982","cv"
2,"synthetic_07",1,"record_equal","N_train/(S_train*R_species); total_weight=N_train","total_weight_equals_record_count","integration","joint_bb","M1","record_equal",1,"9f9befe4e6d9b8f080446d15e638dfdfe281ed19c106417f079996b94b4e6982","cv"
3,"synthetic_07",1,"record_equal","N_train/(S_train*R_species); total_weight=N_train","total_weight_equals_record_count","integration","joint_bb","M1","record_equal",1,"9f9befe4e6d9b8f080446d15e638dfdfe281ed19c106417f079996b94b4e6982","cv"
4,"synthetic_07",1,"record_equal","N_train/(S_train*R_species); total_weight=N_train","total_weight_equals_record_count","integration","joint_bb","M1","record_equal",1,"9f9befe4e6d9b8f080446d15e638dfdfe281ed19c106417f079996b94b4e6982","cv"
5,"synthetic_07",1,"record_equal","N_train/(S_train*R_species); total_weight=N_train","total_weight_equals_record_count","integration","joint_bb","M1","record_equal",1,"9f9befe4e6d9b8f080446d15e638dfdfe281ed19c106417f079996b94b4e6982","cv"
6,"synthetic_07",1,"record_equal","N_train/(S_train*R_species); total_weight=N_train","total_weight_equals_record_count","integration","joint_bb","M1","record_equal",1,"9f9befe4e6d9b8f080446d15e638dfdfe281ed19c106417f079996b94b4e6982","cv"
7,"synthetic_07",1,"record_equal","N_train/(S_train*R_species); total_weight=N_train","total_weight_equals_record_count","integration","joint_bb","M1","record_equal",1,"9f9befe4e6d9b8f080446d15e638dfdfe281ed19c106417f079996b94b4e6982","cv"
8,"synthetic_07",1,"record_equal","N_train/(S_train*R_species); total_weight=N_train","total_weight_equals_record_count","integration","joint_bb","M1","record_equal",1,"9f9befe4e6d9b8f080446d15e638dfdfe281ed19c106417f079996b94b4e6982","cv"
9,"synthetic_07",1,"record_equal","N_train/(S_train*R_species); total_weight=N_train","total_weight_equals_record_count","integration","joint_bb","M1","record_equal",1,"9f9befe4e6d9b8f080446d15e638dfdfe281ed19c106417f079996b94b4e6982","cv"
10,"synthetic_07",1,"record_equal","N_train/(S_train*R_species); total_weight=N_train","total_weight_equals_record_count","integration","joint_bb","M1","record_equal",1,"9f9befe4e6d9b8f080446d15e638dfdfe281ed19c106417f079996b94b4e6982","cv"
11,"synthetic_08",1,"record_equal","N_train/(S_train*R_species); total_weight=N_train","total_weight_equals_record_count","integration","joint_bb","M1","record_equal",1,"9f9befe4e6d9b8f080446d15e638dfdfe281ed19c106417f079996b94b4e6982","cv"
12,"synthetic_08",1,"record_equal","N_train/(S_train*R_species); total_weight=N_train","total_weight_equals_record_count","integration","joint_bb","M1","record_equal",1,"9f9befe4e6d9b8f080446d15e638dfdfe281ed19c106417f079996b94b4e6982","cv"
13,"synthetic_08",1,"record_equal","N_train/(S_train*R_species); total_weight=N_train","total_weight_equals_record_count","integration","joint_bb","M1","record_equal",1,"9f9befe4e6d9b8f080446d15e638dfdfe281ed19c106417f079996b94b4e6982","cv"
14,"synthetic_08",1,"record_equal","N_train/(S_train*R_species); total_weight=N_train","total_weight_equals_record_count","integration","joint_bb","M1","record_equal",1,"9f9befe4e6d9b8f080446d15e638dfdfe281ed19c106417f079996b94b4e6982","cv"
15,"synthetic_08",1,"record_equal","N_train/(S_train*R_species); total_weight=N_train","total_weight_equals_record_count","integration","joint_bb","M1","record_equal",1,"9f9befe4e6d9b8f080446d15e638dfdfe281ed19c106417f079996b94b4e6982","cv"
16,"synthetic_08",1,"record_equal","N_train/(S_train*R_species); total_weight=N_train","total_weight_equals_record_count","integration","joint_bb","M1","record_equal",1,"9f9befe4e6d9b8f080446d15e638dfdfe281ed19c106417f079996b94b4e6982","cv"
17,"synthetic_08",1,"record_equal","N_train/(S_train*R_species); total_weight=N_train","total_weight_equals_record_count","integration","joint_bb","M1","record_equal",1,"9f9befe4e6d9b8f080446d15e638dfdfe281ed19c106417f079996b94b4e6982","cv"
18,"synthetic_08",1,"record_equal","N_train/(S_train*R_species); total_weight=N_train","total_weight_equals_record_count","integration","joint_bb","M1","record_equal",1,"9f9befe4e6d9b8f080446d15e638dfdfe281ed19c106417f079996b94b4e6982","cv"
19,"synthetic_08",1,"record_equal","N_train/(S_train*R_species); total_weight=N_train","total_weight_equals_record_count","integration","joint_bb","M1","record_equal",1,"9f9befe4e6d9b8f080446d15e638dfdfe281ed19c106417f079996b94b4e6982","cv"
20,"synthetic_08",1,"record_equal","N_train/(S_train*R_species); total_weight=N_train","total_weight_equals_record_count","integration","joint_bb","M1","record_equal",1,"9f9befe4e6d9b8f080446d15e638dfdfe281ed19c106417f079996b94b4e6982","cv"
21,"synthetic_08",1,"record_equal","N_train/(S_train*R_species); total_weight=N_train","total_weight_equals_record_count","integration","joint_bb","M1","record_equal",1,"9f9befe4e6d9b8f080446d15e638dfdfe281ed19c106417f079996b94b4e6982","cv"
22,"synthetic_09",1,"record_equal","N_train/(S_train*R_species); total_weight=N_train","total_weight_equals_record_count","integration","joint_bb","M1","record_equal",1,"9f9befe4e6d9b8f080446d15e638dfdfe281ed19c106417f079996b94b4e6982","cv"
23,"synthetic_09",1,"record_equal","N_train/(S_train*R_species); total_weight=N_train","total_weight_equals_record_count","integration","joint_bb","M1","record_equal",1,"9f9befe4e6d9b8f080446d15e638dfdfe281ed19c106417f079996b94b4e6982","cv"
24,"synthetic_09",1,"record_equal","N_train/(S_train*R_species); total_weight=N_train","total_weight_equals_record_count","integration","joint_bb","M1","record_equal",1,"9f9befe4e6d9b8f080446d15e638dfdfe281ed19c106417f079996b94b4e6982","cv"
25,"synthetic_09",1,"record_equal","N_train/(S_train*R_species); total_weight=N_train","total_weight_equals_record_count","integration","joint_bb","M1","record_equal",1,"9f9befe4e6d9b8f080446d15e638dfdfe281ed19c106417f079996b94b4e6982","cv"
26,"synthetic_09",1,"record_equal","N_train/(S_train*R_species); total_weight=N_train","total_weight_equals_record_count","integration","joint_bb","M1","record_equal",1,"9f9befe4e6d9b8f080446d15e638dfdfe281ed19c106417f079996b94b4e6982","cv"
27,"synthetic_09",1,"record_equal","N_train/(S_train*R_species); total_weight=N_train","total_weight_equals_record_count","integration","joint_bb","M1","record_equal",1,"9f9befe4e6d9b8f080446d15e638dfdfe281ed19c106417f079996b94b4e6982","cv"
28,"synthetic_09",1,"record_equal","N_train/(S_train*R_species); total_weight=N_train","total_weight_equals_record_count","integration","joint_bb","M1","record_equal",1,"9f9befe4e6d9b8f080446d15e638dfdfe281ed19c106417f079996b94b4e6982","cv"
29,"synthetic_09",1,"record_equal","N_train/(S_train*R_species); total_weight=N_train","total_weight_equals_record_count","integration","joint_bb","M1","record_equal",1,"9f9befe4e6d9b8f080446d15e638dfdfe281ed19c106417f079996b94b4e6982","cv"
30,"synthetic_09",1,"record_equal","N_train/(S_train*R_species); total_weight=N_train","total_weight_equals_record_count","integration","joint_bb","M1","record_equal",1,"9f9befe4e6d9b8f080446d15e638dfdfe281ed19c106417f079996b94b4e6982","cv"
31,"synthetic_09",1,"record_equal","N_train/(S_train*R_species); total_weight=N_train","total_weight_equals_record_count","integration","joint_bb","M1","record_equal",1,"9f9befe4e6d9b8f080446d15e638dfdfe281ed19c106417f079996b94b4e6982","cv"
32,"synthetic_09",1,"record_equal","N_train/(S_train*R_species); total_weight=N_train","total_weight_equals_record_count","integration","joint_bb","M1","record_equal",1,"9f9befe4e6d9b8f080446d15e638dfdfe281ed19c106417f079996b94b4e6982","cv"
33,"synthetic_09",1,"record_equal","N_train/(S_train*R_species); total_weight=N_train","total_weight_equals_record_count","integration","joint_bb","M1","record_equal",1,"9f9befe4e6d9b8f080446d15e638dfdfe281ed19c106417f079996b94b4e6982","cv"
34,"synthetic_10",1,"record_equal","N_train/(S_train*R_species); total_weight=N_train","total_weight_equals_record_count","integration","joint_bb","M1","record_equal",1,"9f9befe4e6d9b8f080446d15e638dfdfe281ed19c106417f079996b94b4e6982","cv"
35,"synthetic_10",1,"record_equal","N_train/(S_train*R_species); total_weight=N_train","total_weight_equals_record_count","integration","joint_bb","M1","record_equal",1,"9f9befe4e6d9b8f080446d15e638dfdfe281ed19c106417f079996b94b4e6982","cv"
36,"synthetic_10",1,"record_equal","N_train/(S_train*R_species); total_weight=N_train","total_weight_equals_record_count","integration","joint_bb","M1","record_equal",1,"9f9befe4e6d9b8f080446d15e638dfdfe281ed19c106417f079996b94b4e6982","cv"
37,"synthetic_10",1,"record_equal","N_train/(S_train*R_species); total_weight=N_train","total_weight_equals_record_count","integration","joint_bb","M1","record_equal",1,"9f9befe4e6d9b8f080446d15e638dfdfe281ed19c106417f079996b94b4e6982","cv"
38,"synthetic_10",1,"record_equal","N_train/(S_train*R_species); total_weight=N_train","total_weight_equals_record_count","integration","joint_bb","M1","record_equal",1,"9f9befe4e6d9b8f080446d15e638dfdfe281ed19c106417f079996b94b4e6982","cv"
39,"synthetic_10",1,"record_equal","N_train/(S_train*R_species); total_weight=N_train","total_weight_equals_record_count","integration","joint_bb","M1","record_equal",1,"9f9befe4e6d9b8f080446d15e638dfdfe281ed19c106417f079996b94b4e6982","cv"
40,"synthetic_10",1,"record_equal","N_train/(S_train*R_species); total_weight=N_train","total_weight_equals_record_count","integration","joint_bb","M1","record_equal",1,"9f9befe4e6d9b8f080446d15e638dfdfe281ed19c106417f079996b94b4e6982","cv"
41,"synthetic_10",1,"record_equal","N_train/(S_train*R_species); total_weight=N_train","total_weight_equals_record_count","integration","joint_bb","M1","record_equal",1,"9f9befe4e6d9b8f080446d15e638dfdfe281ed19c106417f079996b94b4e6982","cv"
42,"synthetic_10",1,"record_equal","N_train/(S_train*R_species); total_weight=N_train","total_weight_equals_record_count","integration","joint_bb","M1","record_equal",1,"9f9befe4e6d9b8f080446d15e638dfdfe281ed19c106417f079996b94b4e6982","cv"
43,"synthetic_10",1,"record_equal","N_train/(S_train*R_species); total_weight=N_train","total_weight_equals_record_count","integration","joint_bb","M1","record_equal",1,"9f9befe4e6d9b8f080446d15e638dfdfe281ed19c106417f079996b94b4e6982","cv"
44,"synthetic_10",1,"record_equal","N_train/(S_train*R_species); total_weight=N_train","total_weight_equals_record_count","integration","joint_bb","M1","record_equal",1,"9f9befe4e6d9b8f080446d15e638dfdfe281ed19c106417f079996b94b4e6982","cv"
45,"synthetic_10",1,"record_equal","N_train/(S_train*R_species); total_weight=N_train","total_weight_equals_record_count","integration","joint_bb","M1","record_equal",1,"9f9befe4e6d9b8f080446d15e638dfdfe281ed19c106417f079996b94b4e6982","cv"
46,"synthetic_10",1,"record_equal","N_train/(S_train*R_species); total_weight=N_train","total_weight_equals_record_count","integration","joint_bb","M1","record_equal",1,"9f9befe4e6d9b8f080446d15e638dfdfe281ed19c106417f079996b94b4e6982","cv"
47,"synthetic_11",1,"record_equal","N_train/(S_train*R_species); total_weight=N_train","total_weight_equals_record_count","integration","joint_bb","M1","record_equal",1,"9f9befe4e6d9b8f080446d15e638dfdfe281ed19c106417f079996b94b4e6982","cv"
48,"synthetic_11",1,"record_equal","N_train/(S_train*R_species); total_weight=N_train","total_weight_equals_record_count","integration","joint_bb","M1","record_equal",1,"9f9befe4e6d9b8f080446d15e638dfdfe281ed19c106417f079996b94b4e6982","cv"
49,"synthetic_11",1,"record_equal","N_train/(S_train*R_species); total_weight=N_train","total_weight_equals_record_count","integration","joint_bb","M1","record_equal",1,"9f9befe4e6d9b8f080446d15e638dfdfe281ed19c106417f079996b94b4e6982","cv"
50,"synthetic_11",1,"record_equal","N_train/(S_train*R_species); total_weight=N_train","total_weight_equals_record_count","integration","joint_bb","M1","record_equal",1,"9f9befe4e6d9b8f080446d15e638dfdfe281ed19c106417f079996b94b4e6982","cv"
51,"synthetic_11",1,"record_equal","N_train/(S_train*R_species); total_weight=N_train","total_weight_equals_record_count","integration","joint_bb","M1","record_equal",1,"9f9befe4e6d9b8f080446d15e638dfdfe281ed19c106417f079996b94b4e6982","cv"
52,"synthetic_11",1,"record_equal","N_train/(S_train*R_species); total_weight=N_train","total_weight_equals_record_count","integration","joint_bb","M1","record_equal",1,"9f9befe4e6d9b8f080446d15e638dfdfe281ed19c106417f079996b94b4e6982","cv"
53,"synthetic_11",1,"record_equal","N_train/(S_train*R_species); total_weight=N_train","total_weight_equals_record_count","integration","joint_bb","M1","record_equal",1,"9f9befe4e6d9b8f080446d15e638dfdfe281ed19c106417f079996b94b4e6982","cv"
54,"synthetic_11",1,"record_equal","N_train/(S_train*R_species); total_weight=N_train","total_weight_equals_record_count","integration","joint_bb","M1","record_equal",1,"9f9befe4e6d9b8f080446d15e638dfdfe281ed19c106417f079996b94b4e6982","cv"
55,"synthetic_11",1,"record_equal","N_train/(S_train*R_species); total_weight=N_train","total_weight_equals_record_count","integration","joint_bb","M1","record_equal",1,"9f9befe4e6d9b8f080446d15e638dfdfe281ed19c106417f079996b94b4e6982","cv"
56,"synthetic_11",1,"record_equal","N_train/(S_train*R_species); total_weight=N_train","total_weight_equals_record_count","integration","joint_bb","M1","record_equal",1,"9f9befe4e6d9b8f080446d15e638dfdfe281ed19c106417f079996b94b4e6982","cv"
57,"synthetic_11",1,"record_equal","N_train/(S_train*R_species); total_weight=N_train","total_weight_equals_record_count","integration","joint_bb","M1","record_equal",1,"9f9befe4e6d9b8f080446d15e638dfdfe281ed19c106417f079996b94b4e6982","cv"
58,"synthetic_11",1,"record_equal","N_train/(S_train*R_species); total_weight=N_train","total_weight_equals_record_count","integration","joint_bb","M1","record_equal",1,"9f9befe4e6d9b8f080446d15e638dfdfe281ed19c106417f079996b94b4e6982","cv"
59,"synthetic_11",1,"record_equal","N_train/(S_train*R_species); total_weight=N_train","total_weight_equals_record_count","integration","joint_bb","M1","record_equal",1,"9f9befe4e6d9b8f080446d15e638dfdfe281ed19c106417f079996b94b4e6982","cv"
60,"synthetic_11",1,"record_equal","N_train/(S_train*R_species); total_weight=N_train","total_weight_equals_record_count","integration","joint_bb","M1","record_equal",1,"9f9befe4e6d9b8f080446d15e638dfdfe281ed19c106417f079996b94b4e6982","cv"
61,"synthetic_12",1,"record_equal","N_train/(S_train*R_species); total_weight=N_train","total_weight_equals_record_count","integration","joint_bb","M1","record_equal",1,"9f9befe4e6d9b8f080446d15e638dfdfe281ed19c106417f079996b94b4e6982","cv"
62,"synthetic_12",1,"record_equal","N_train/(S_train*R_species); total_weight=N_train","total_weight_equals_record_count","integration","joint_bb","M1","record_equal",1,"9f9befe4e6d9b8f080446d15e638dfdfe281ed19c106417f079996b94b4e6982","cv"
63,"synthetic_12",1,"record_equal","N_train/(S_train*R_species); total_weight=N_train","total_weight_equals_record_count","integration","joint_bb","M1","record_equal",1,"9f9befe4e6d9b8f080446d15e638dfdfe281ed19c106417f079996b94b4e6982","cv"
64,"synthetic_12",1,"record_equal","N_train/(S_train*R_species); total_weight=N_train","total_weight_equals_record_count","integration","joint_bb","M1","record_equal",1,"9f9befe4e6d9b8f080446d15e638dfdfe281ed19c106417f079996b94b4e6982","cv"
65,"synthetic_12",1,"record_equal","N_train/(S_train*R_species); total_weight=N_train","total_weight_equals_record_count","integration","joint_bb","M1","record_equal",1,"9f9befe4e6d9b8f080446d15e638dfdfe281ed19c106417f079996b94b4e6982","cv"
66,"synthetic_12",1,"record_equal","N_train/(S_train*R_species); total_weight=N_train","total_weight_equals_record_count","integration","joint_bb","M1","record_equal",1,"9f9befe4e6d9b8f080446d15e638dfdfe281ed19c106417f079996b94b4e6982","cv"
67,"synthetic_12",1,"record_equal","N_train/(S_train*R_species); total_weight=N_train","total_weight_equals_record_count","integration","joint_bb","M1","record_equal",1,"9f9befe4e6d9b8f080446d15e638dfdfe281ed19c106417f079996b94b4e6982","cv"
68,"synthetic_12",1,"record_equal","N_train/(S_train*R_species); total_weight=N_train","total_weight_equals_record_count","integration","joint_bb","M1","record_equal",1,"9f9befe4e6d9b8f080446d15e638dfdfe281ed19c106417f079996b94b4e6982","cv"
69,"synthetic_12",1,"record_equal","N_train/(S_train*R_species); total_weight=N_train","total_weight_equals_record_count","integration","joint_bb","M1","record_equal",1,"9f9befe4e6d9b8f080446d15e638dfdfe281ed19c106417f079996b94b4e6982","cv"
70,"synthetic_12",1,"record_equal","N_train/(S_train*R_species); total_weight=N_train","total_weight_equals_record_count","integration","joint_bb","M1","record_equal",1,"9f9befe4e6d9b8f080446d15e638dfdfe281ed19c106417f079996b94b4e6982","cv"
71,"synthetic_12",1,"record_equal","N_train/(S_train*R_species); total_weight=N_train","total_weight_equals_record_count","integration","joint_bb","M1","record_equal",1,"9f9befe4e6d9b8f080446d15e638dfdfe281ed19c106417f079996b94b4e6982","cv"
72,"synthetic_12",1,"record_equal","N_train/(S_train*R_species); total_weight=N_train","total_weight_equals_record_count","integration","joint_bb","M1","record_equal",1,"9f9befe4e6d9b8f080446d15e638dfdfe281ed19c106417f079996b94b4e6982","cv"
73,"synthetic_12",1,"record_equal","N_train/(S_train*R_species); total_weight=N_train","total_weight_equals_record_count","integration","joint_bb","M1","record_equal",1,"9f9befe4e6d9b8f080446d15e638dfdfe281ed19c106417f079996b94b4e6982","cv"
74,"synthetic_12",1,"record_equal","N_train/(S_train*R_species); total_weight=N_train","total_weight_equals_record_count","integration","joint_bb","M1","record_equal",1,"9f9befe4e6d9b8f080446d15e638dfdfe281ed19c106417f079996b94b4e6982","cv"
75,"synthetic_12",1,"record_equal","N_train/(S_train*R_species); total_weight=N_train","total_weight_equals_record_count","integration","joint_bb","M1","record_equal",1,"9f9befe4e6d9b8f080446d15e638dfdfe281ed19c106417f079996b94b4e6982","cv"
1,"synthetic_01",1,"record_equal","N_train/(S_train*R_species); total_weight=N_train","total_weight_equals_record_count","integration","joint_bb","M1","record_equal",2,"9487ad6518a86a50431a7c153328bfa7746dedbcafdf1fea097adaaf95a60ad5","cv"
2,"synthetic_01",1,"record_equal","N_train/(S_train*R_species); total_weight=N_train","total_weight_equals_record_count","integration","joint_bb","M1","record_equal",2,"9487ad6518a86a50431a7c153328bfa7746dedbcafdf1fea097adaaf95a60ad5","cv"
3,"synthetic_01",1,"record_equal","N_train/(S_train*R_species); total_weight=N_train","total_weight_equals_record_count","integration","joint_bb","M1","record_equal",2,"9487ad6518a86a50431a7c153328bfa7746dedbcafdf1fea097adaaf95a60ad5","cv"
4,"synthetic_01",1,"record_equal","N_train/(S_train*R_species); total_weight=N_train","total_weight_equals_record_count","integration","joint_bb","M1","record_equal",2,"9487ad6518a86a50431a7c153328bfa7746dedbcafdf1fea097adaaf95a60ad5","cv"
5,"synthetic_02",1,"record_equal","N_train/(S_train*R_species); total_weight=N_train","total_weight_equals_record_count","integration","joint_bb","M1","record_equal",2,"9487ad6518a86a50431a7c153328bfa7746dedbcafdf1fea097adaaf95a60ad5","cv"
6,"synthetic_02",1,"record_equal","N_train/(S_train*R_species); total_weight=N_train","total_weight_equals_record_count","integration","joint_bb","M1","record_equal",2,"9487ad6518a86a50431a7c153328bfa7746dedbcafdf1fea097adaaf95a60ad5","cv"
7,"synthetic_02",1,"record_equal","N_train/(S_train*R_species); total_weight=N_train","total_weight_equals_record_count","integration","joint_bb","M1","record_equal",2,"9487ad6518a86a50431a7c153328bfa7746dedbcafdf1fea097adaaf95a60ad5","cv"
8,"synthetic_02",1,"record_equal","N_train/(S_train*R_species); total_weight=N_train","total_weight_equals_record_count","integration","joint_bb","M1","record_equal",2,"9487ad6518a86a50431a7c153328bfa7746dedbcafdf1fea097adaaf95a60ad5","cv"
9,"synthetic_02",1,"record_equal","N_train/(S_train*R_species); total_weight=N_train","total_weight_equals_record_count","integration","joint_bb","M1","record_equal",2,"9487ad6518a86a50431a7c153328bfa7746dedbcafdf1fea097adaaf95a60ad5","cv"
10,"synthetic_03",1,"record_equal","N_train/(S_train*R_species); total_weight=N_train","total_weight_equals_record_count","integration","joint_bb","M1","record_equal",2,"9487ad6518a86a50431a7c153328bfa7746dedbcafdf1fea097adaaf95a60ad5","cv"
11,"synthetic_03",1,"record_equal","N_train/(S_train*R_species); total_weight=N_train","total_weight_equals_record_count","integration","joint_bb","M1","record_equal",2,"9487ad6518a86a50431a7c153328bfa7746dedbcafdf1fea097adaaf95a60ad5","cv"
12,"synthetic_03",1,"record_equal","N_train/(S_train*R_species); total_weight=N_train","total_weight_equals_record_count","integration","joint_bb","M1","record_equal",2,"9487ad6518a86a50431a7c153328bfa7746dedbcafdf1fea097adaaf95a60ad5","cv"
13,"synthetic_03",1,"record_equal","N_train/(S_train*R_species); total_weight=N_train","total_weight_equals_record_count","integration","joint_bb","M1","record_equal",2,"9487ad6518a86a50431a7c153328bfa7746dedbcafdf1fea097adaaf95a60ad5","cv"
14,"synthetic_03",1,"record_equal","N_train/(S_train*R_species); total_weight=N_train","total_weight_equals_record_count","integration","joint_bb","M1","record_equal",2,"9487ad6518a86a50431a7c153328bfa7746dedbcafdf1fea097adaaf95a60ad5","cv"
15,"synthetic_03",1,"record_equal","N_train/(S_train*R_species); total_weight=N_train","total_weight_equals_record_count","integration","joint_bb","M1","record_equal",2,"9487ad6518a86a50431a7c153328bfa7746dedbcafdf1fea097adaaf95a60ad5","cv"
16,"synthetic_04",1,"record_equal","N_train/(S_train*R_species); total_weight=N_train","total_weight_equals_record_count","integration","joint_bb","M1","record_equal",2,"9487ad6518a86a50431a7c153328bfa7746dedbcafdf1fea097adaaf95a60ad5","cv"
17,"synthetic_04",1,"record_equal","N_train/(S_train*R_species); total_weight=N_train","total_weight_equals_record_count","integration","joint_bb","M1","record_equal",2,"9487ad6518a86a50431a7c153328bfa7746dedbcafdf1fea097adaaf95a60ad5","cv"
18,"synthetic_04",1,"record_equal","N_train/(S_train*R_species); total_weight=N_train","total_weight_equals_record_count","integration","joint_bb","M1","record_equal",2,"9487ad6518a86a50431a7c153328bfa7746dedbcafdf1fea097adaaf95a60ad5","cv"
19,"synthetic_04",1,"record_equal","N_train/(S_train*R_species); total_weight=N_train","total_weight_equals_record_count","integration","joint_bb","M1","record_equal",2,"9487ad6518a86a50431a7c153328bfa7746dedbcafdf1fea097adaaf95a60ad5","cv"
20,"synthetic_04",1,"record_equal","N_train/(S_train*R_species); total_weight=N_train","total_weight_equals_record_count","integration","joint_bb","M1","record_equal",2,"9487ad6518a86a50431a7c153328bfa7746dedbcafdf1fea097adaaf95a60ad5","cv"
21,"synthetic_04",1,"record_equal","N_train/(S_train*R_species); total_weight=N_train","total_weight_equals_record_count","integration","joint_bb","M1","record_equal",2,"9487ad6518a86a50431a7c153328bfa7746dedbcafdf1fea097adaaf95a60ad5","cv"
22,"synthetic_04",1,"record_equal","N_train/(S_train*R_species); total_weight=N_train","total_weight_equals_record_count","integration","joint_bb","M1","record_equal",2,"9487ad6518a86a50431a7c153328bfa7746dedbcafdf1fea097adaaf95a60ad5","cv"
23,"synthetic_05",1,"record_equal","N_train/(S_train*R_species); total_weight=N_train","total_weight_equals_record_count","integration","joint_bb","M1","record_equal",2,"9487ad6518a86a50431a7c153328bfa7746dedbcafdf1fea097adaaf95a60ad5","cv"
24,"synthetic_05",1,"record_equal","N_train/(S_train*R_species); total_weight=N_train","total_weight_equals_record_count","integration","joint_bb","M1","record_equal",2,"9487ad6518a86a50431a7c153328bfa7746dedbcafdf1fea097adaaf95a60ad5","cv"
25,"synthetic_05",1,"record_equal","N_train/(S_train*R_species); total_weight=N_train","total_weight_equals_record_count","integration","joint_bb","M1","record_equal",2,"9487ad6518a86a50431a7c153328bfa7746dedbcafdf1fea097adaaf95a60ad5","cv"
26,"synthetic_05",1,"record_equal","N_train/(S_train*R_species); total_weight=N_train","total_weight_equals_record_count","integration","joint_bb","M1","record_equal",2,"9487ad6518a86a50431a7c153328bfa7746dedbcafdf1fea097adaaf95a60ad5","cv"
27,"synthetic_05",1,"record_equal","N_train/(S_train*R_species); total_weight=N_train","total_weight_equals_record_count","integration","joint_bb","M1","record_equal",2,"9487ad6518a86a50431a7c153328bfa7746dedbcafdf1fea097adaaf95a60ad5","cv"
28,"synthetic_05",1,"record_equal","N_train/(S_train*R_species); total_weight=N_train","total_weight_equals_record_count","integration","joint_bb","M1","record_equal",2,"9487ad6518a86a50431a7c153328bfa7746dedbcafdf1fea097adaaf95a60ad5","cv"
29,"synthetic_05",1,"record_equal","N_train/(S_train*R_species); total_weight=N_train","total_weight_equals_record_count","integration","joint_bb","M1","record_equal",2,"9487ad6518a86a50431a7c153328bfa7746dedbcafdf1fea097adaaf95a60ad5","cv"
30,"synthetic_05",1,"record_equal","N_train/(S_train*R_species); total_weight=N_train","total_weight_equals_record_count","integration","joint_bb","M1","record_equal",2,"9487ad6518a86a50431a7c153328bfa7746dedbcafdf1fea097adaaf95a60ad5","cv"
31,"synthetic_06",1,"record_equal","N_train/(S_train*R_species); total_weight=N_train","total_weight_equals_record_count","integration","joint_bb","M1","record_equal",2,"9487ad6518a86a50431a7c153328bfa7746dedbcafdf1fea097adaaf95a60ad5","cv"
32,"synthetic_06",1,"record_equal","N_train/(S_train*R_species); total_weight=N_train","total_weight_equals_record_count","integration","joint_bb","M1","record_equal",2,"9487ad6518a86a50431a7c153328bfa7746dedbcafdf1fea097adaaf95a60ad5","cv"
33,"synthetic_06",1,"record_equal","N_train/(S_train*R_species); total_weight=N_train","total_weight_equals_record_count","integration","joint_bb","M1","record_equal",2,"9487ad6518a86a50431a7c153328bfa7746dedbcafdf1fea097adaaf95a60ad5","cv"
34,"synthetic_06",1,"record_equal","N_train/(S_train*R_species); total_weight=N_train","total_weight_equals_record_count","integration","joint_bb","M1","record_equal",2,"9487ad6518a86a50431a7c153328bfa7746dedbcafdf1fea097adaaf95a60ad5","cv"
35,"synthetic_06",1,"record_equal","N_train/(S_train*R_species); total_weight=N_train","total_weight_equals_record_count","integration","joint_bb","M1","record_equal",2,"9487ad6518a86a50431a7c153328bfa7746dedbcafdf1fea097adaaf95a60ad5","cv"
36,"synthetic_06",1,"record_equal","N_train/(S_train*R_species); total_weight=N_train","total_weight_equals_record_count","integration","joint_bb","M1","record_equal",2,"9487ad6518a86a50431a7c153328bfa7746dedbcafdf1fea097adaaf95a60ad5","cv"
37,"synthetic_06",1,"record_equal","N_train/(S_train*R_species); total_weight=N_train","total_weight_equals_record_count","integration","joint_bb","M1","record_equal",2,"9487ad6518a86a50431a7c153328bfa7746dedbcafdf1fea097adaaf95a60ad5","cv"
38,"synthetic_06",1,"record_equal","N_train/(S_train*R_species); total_weight=N_train","total_weight_equals_record_count","integration","joint_bb","M1","record_equal",2,"9487ad6518a86a50431a7c153328bfa7746dedbcafdf1fea097adaaf95a60ad5","cv"
39,"synthetic_06",1,"record_equal","N_train/(S_train*R_species); total_weight=N_train","total_weight_equals_record_count","integration","joint_bb","M1","record_equal",2,"9487ad6518a86a50431a7c153328bfa7746dedbcafdf1fea097adaaf95a60ad5","cv"
1,"synthetic_07",1.25,"species_equal","N_train/(S_train*R_species); total_weight=N_train","total_weight_equals_record_count","integration","joint_bb","M1","species_equal",1,"ed676e487d913804b69ac457ce9076cc455173497fc1b79f10f46110b9c44ccc","cv"
2,"synthetic_07",1.25,"species_equal","N_train/(S_train*R_species); total_weight=N_train","total_weight_equals_record_count","integration","joint_bb","M1","species_equal",1,"ed676e487d913804b69ac457ce9076cc455173497fc1b79f10f46110b9c44ccc","cv"
3,"synthetic_07",1.25,"species_equal","N_train/(S_train*R_species); total_weight=N_train","total_weight_equals_record_count","integration","joint_bb","M1","species_equal",1,"ed676e487d913804b69ac457ce9076cc455173497fc1b79f10f46110b9c44ccc","cv"
4,"synthetic_07",1.25,"species_equal","N_train/(S_train*R_species); total_weight=N_train","total_weight_equals_record_count","integration","joint_bb","M1","species_equal",1,"ed676e487d913804b69ac457ce9076cc455173497fc1b79f10f46110b9c44ccc","cv"
5,"synthetic_07",1.25,"species_equal","N_train/(S_train*R_species); total_weight=N_train","total_weight_equals_record_count","integration","joint_bb","M1","species_equal",1,"ed676e487d913804b69ac457ce9076cc455173497fc1b79f10f46110b9c44ccc","cv"
6,"synthetic_07",1.25,"species_equal","N_train/(S_train*R_species); total_weight=N_train","total_weight_equals_record_count","integration","joint_bb","M1","species_equal",1,"ed676e487d913804b69ac457ce9076cc455173497fc1b79f10f46110b9c44ccc","cv"
7,"synthetic_07",1.25,"species_equal","N_train/(S_train*R_species); total_weight=N_train","total_weight_equals_record_count","integration","joint_bb","M1","species_equal",1,"ed676e487d913804b69ac457ce9076cc455173497fc1b79f10f46110b9c44ccc","cv"
8,"synthetic_07",1.25,"species_equal","N_train/(S_train*R_species); total_weight=N_train","total_weight_equals_record_count","integration","joint_bb","M1","species_equal",1,"ed676e487d913804b69ac457ce9076cc455173497fc1b79f10f46110b9c44ccc","cv"
9,"synthetic_07",1.25,"species_equal","N_train/(S_train*R_species); total_weight=N_train","total_weight_equals_record_count","integration","joint_bb","M1","species_equal",1,"ed676e487d913804b69ac457ce9076cc455173497fc1b79f10f46110b9c44ccc","cv"
10,"synthetic_07",1.25,"species_equal","N_train/(S_train*R_species); total_weight=N_train","total_weight_equals_record_count","integration","joint_bb","M1","species_equal",1,"ed676e487d913804b69ac457ce9076cc455173497fc1b79f10f46110b9c44ccc","cv"
11,"synthetic_08",1.13636363636364,"species_equal","N_train/(S_train*R_species); total_weight=N_train","total_weight_equals_record_count","integration","joint_bb","M1","species_equal",1,"ed676e487d913804b69ac457ce9076cc455173497fc1b79f10f46110b9c44ccc","cv"
12,"synthetic_08",1.13636363636364,"species_equal","N_train/(S_train*R_species); total_weight=N_train","total_weight_equals_record_count","integration","joint_bb","M1","species_equal",1,"ed676e487d913804b69ac457ce9076cc455173497fc1b79f10f46110b9c44ccc","cv"
13,"synthetic_08",1.13636363636364,"species_equal","N_train/(S_train*R_species); total_weight=N_train","total_weight_equals_record_count","integration","joint_bb","M1","species_equal",1,"ed676e487d913804b69ac457ce9076cc455173497fc1b79f10f46110b9c44ccc","cv"
14,"synthetic_08",1.13636363636364,"species_equal","N_train/(S_train*R_species); total_weight=N_train","total_weight_equals_record_count","integration","joint_bb","M1","species_equal",1,"ed676e487d913804b69ac457ce9076cc455173497fc1b79f10f46110b9c44ccc","cv"
15,"synthetic_08",1.13636363636364,"species_equal","N_train/(S_train*R_species); total_weight=N_train","total_weight_equals_record_count","integration","joint_bb","M1","species_equal",1,"ed676e487d913804b69ac457ce9076cc455173497fc1b79f10f46110b9c44ccc","cv"
16,"synthetic_08",1.13636363636364,"species_equal","N_train/(S_train*R_species); total_weight=N_train","total_weight_equals_record_count","integration","joint_bb","M1","species_equal",1,"ed676e487d913804b69ac457ce9076cc455173497fc1b79f10f46110b9c44ccc","cv"
17,"synthetic_08",1.13636363636364,"species_equal","N_train/(S_train*R_species); total_weight=N_train","total_weight_equals_record_count","integration","joint_bb","M1","species_equal",1,"ed676e487d913804b69ac457ce9076cc455173497fc1b79f10f46110b9c44ccc","cv"
18,"synthetic_08",1.13636363636364,"species_equal","N_train/(S_train*R_species); total_weight=N_train","total_weight_equals_record_count","integration","joint_bb","M1","species_equal",1,"ed676e487d913804b69ac457ce9076cc455173497fc1b79f10f46110b9c44ccc","cv"
19,"synthetic_08",1.13636363636364,"species_equal","N_train/(S_train*R_species); total_weight=N_train","total_weight_equals_record_count","integration","joint_bb","M1","species_equal",1,"ed676e487d913804b69ac457ce9076cc455173497fc1b79f10f46110b9c44ccc","cv"
20,"synthetic_08",1.13636363636364,"species_equal","N_train/(S_train*R_species); total_weight=N_train","total_weight_equals_record_count","integration","joint_bb","M1","species_equal",1,"ed676e487d913804b69ac457ce9076cc455173497fc1b79f10f46110b9c44ccc","cv"
21,"synthetic_08",1.13636363636364,"species_equal","N_train/(S_train*R_species); total_weight=N_train","total_weight_equals_record_count","integration","joint_bb","M1","species_equal",1,"ed676e487d913804b69ac457ce9076cc455173497fc1b79f10f46110b9c44ccc","cv"
22,"synthetic_09",1.04166666666667,"species_equal","N_train/(S_train*R_species); total_weight=N_train","total_weight_equals_record_count","integration","joint_bb","M1","species_equal",1,"ed676e487d913804b69ac457ce9076cc455173497fc1b79f10f46110b9c44ccc","cv"
23,"synthetic_09",1.04166666666667,"species_equal","N_train/(S_train*R_species); total_weight=N_train","total_weight_equals_record_count","integration","joint_bb","M1","species_equal",1,"ed676e487d913804b69ac457ce9076cc455173497fc1b79f10f46110b9c44ccc","cv"
24,"synthetic_09",1.04166666666667,"species_equal","N_train/(S_train*R_species); total_weight=N_train","total_weight_equals_record_count","integration","joint_bb","M1","species_equal",1,"ed676e487d913804b69ac457ce9076cc455173497fc1b79f10f46110b9c44ccc","cv"
25,"synthetic_09",1.04166666666667,"species_equal","N_train/(S_train*R_species); total_weight=N_train","total_weight_equals_record_count","integration","joint_bb","M1","species_equal",1,"ed676e487d913804b69ac457ce9076cc455173497fc1b79f10f46110b9c44ccc","cv"
26,"synthetic_09",1.04166666666667,"species_equal","N_train/(S_train*R_species); total_weight=N_train","total_weight_equals_record_count","integration","joint_bb","M1","species_equal",1,"ed676e487d913804b69ac457ce9076cc455173497fc1b79f10f46110b9c44ccc","cv"
27,"synthetic_09",1.04166666666667,"species_equal","N_train/(S_train*R_species); total_weight=N_train","total_weight_equals_record_count","integration","joint_bb","M1","species_equal",1,"ed676e487d913804b69ac457ce9076cc455173497fc1b79f10f46110b9c44ccc","cv"
28,"synthetic_09",1.04166666666667,"species_equal","N_train/(S_train*R_species); total_weight=N_train","total_weight_equals_record_count","integration","joint_bb","M1","species_equal",1,"ed676e487d913804b69ac457ce9076cc455173497fc1b79f10f46110b9c44ccc","cv"
29,"synthetic_09",1.04166666666667,"species_equal","N_train/(S_train*R_species); total_weight=N_train","total_weight_equals_record_count","integration","joint_bb","M1","species_equal",1,"ed676e487d913804b69ac457ce9076cc455173497fc1b79f10f46110b9c44ccc","cv"
30,"synthetic_09",1.04166666666667,"species_equal","N_train/(S_train*R_species); total_weight=N_train","total_weight_equals_record_count","integration","joint_bb","M1","species_equal",1,"ed676e487d913804b69ac457ce9076cc455173497fc1b79f10f46110b9c44ccc","cv"
31,"synthetic_09",1.04166666666667,"species_equal","N_train/(S_train*R_species); total_weight=N_train","total_weight_equals_record_count","integration","joint_bb","M1","species_equal",1,"ed676e487d913804b69ac457ce9076cc455173497fc1b79f10f46110b9c44ccc","cv"
32,"synthetic_09",1.04166666666667,"species_equal","N_train/(S_train*R_species); total_weight=N_train","total_weight_equals_record_count","integration","joint_bb","M1","species_equal",1,"ed676e487d913804b69ac457ce9076cc455173497fc1b79f10f46110b9c44ccc","cv"
33,"synthetic_09",1.04166666666667,"species_equal","N_train/(S_train*R_species); total_weight=N_train","total_weight_equals_record_count","integration","joint_bb","M1","species_equal",1,"ed676e487d913804b69ac457ce9076cc455173497fc1b79f10f46110b9c44ccc","cv"
34,"synthetic_10",0.961538461538462,"species_equal","N_train/(S_train*R_species); total_weight=N_train","total_weight_equals_record_count","integration","joint_bb","M1","species_equal",1,"ed676e487d913804b69ac457ce9076cc455173497fc1b79f10f46110b9c44ccc","cv"
35,"synthetic_10",0.961538461538462,"species_equal","N_train/(S_train*R_species); total_weight=N_train","total_weight_equals_record_count","integration","joint_bb","M1","species_equal",1,"ed676e487d913804b69ac457ce9076cc455173497fc1b79f10f46110b9c44ccc","cv"
36,"synthetic_10",0.961538461538462,"species_equal","N_train/(S_train*R_species); total_weight=N_train","total_weight_equals_record_count","integration","joint_bb","M1","species_equal",1,"ed676e487d913804b69ac457ce9076cc455173497fc1b79f10f46110b9c44ccc","cv"
37,"synthetic_10",0.961538461538462,"species_equal","N_train/(S_train*R_species); total_weight=N_train","total_weight_equals_record_count","integration","joint_bb","M1","species_equal",1,"ed676e487d913804b69ac457ce9076cc455173497fc1b79f10f46110b9c44ccc","cv"
38,"synthetic_10",0.961538461538462,"species_equal","N_train/(S_train*R_species); total_weight=N_train","total_weight_equals_record_count","integration","joint_bb","M1","species_equal",1,"ed676e487d913804b69ac457ce9076cc455173497fc1b79f10f46110b9c44ccc","cv"
39,"synthetic_10",0.961538461538462,"species_equal","N_train/(S_train*R_species); total_weight=N_train","total_weight_equals_record_count","integration","joint_bb","M1","species_equal",1,"ed676e487d913804b69ac457ce9076cc455173497fc1b79f10f46110b9c44ccc","cv"
40,"synthetic_10",0.961538461538462,"species_equal","N_train/(S_train*R_species); total_weight=N_train","total_weight_equals_record_count","integration","joint_bb","M1","species_equal",1,"ed676e487d913804b69ac457ce9076cc455173497fc1b79f10f46110b9c44ccc","cv"
41,"synthetic_10",0.961538461538462,"species_equal","N_train/(S_train*R_species); total_weight=N_train","total_weight_equals_record_count","integration","joint_bb","M1","species_equal",1,"ed676e487d913804b69ac457ce9076cc455173497fc1b79f10f46110b9c44ccc","cv"
42,"synthetic_10",0.961538461538462,"species_equal","N_train/(S_train*R_species); total_weight=N_train","total_weight_equals_record_count","integration","joint_bb","M1","species_equal",1,"ed676e487d913804b69ac457ce9076cc455173497fc1b79f10f46110b9c44ccc","cv"
43,"synthetic_10",0.961538461538462,"species_equal","N_train/(S_train*R_species); total_weight=N_train","total_weight_equals_record_count","integration","joint_bb","M1","species_equal",1,"ed676e487d913804b69ac457ce9076cc455173497fc1b79f10f46110b9c44ccc","cv"
44,"synthetic_10",0.961538461538462,"species_equal","N_train/(S_train*R_species); total_weight=N_train","total_weight_equals_record_count","integration","joint_bb","M1","species_equal",1,"ed676e487d913804b69ac457ce9076cc455173497fc1b79f10f46110b9c44ccc","cv"
45,"synthetic_10",0.961538461538462,"species_equal","N_train/(S_train*R_species); total_weight=N_train","total_weight_equals_record_count","integration","joint_bb","M1","species_equal",1,"ed676e487d913804b69ac457ce9076cc455173497fc1b79f10f46110b9c44ccc","cv"
46,"synthetic_10",0.961538461538462,"species_equal","N_train/(S_train*R_species); total_weight=N_train","total_weight_equals_record_count","integration","joint_bb","M1","species_equal",1,"ed676e487d913804b69ac457ce9076cc455173497fc1b79f10f46110b9c44ccc","cv"
47,"synthetic_11",0.892857142857143,"species_equal","N_train/(S_train*R_species); total_weight=N_train","total_weight_equals_record_count","integration","joint_bb","M1","species_equal",1,"ed676e487d913804b69ac457ce9076cc455173497fc1b79f10f46110b9c44ccc","cv"
48,"synthetic_11",0.892857142857143,"species_equal","N_train/(S_train*R_species); total_weight=N_train","total_weight_equals_record_count","integration","joint_bb","M1","species_equal",1,"ed676e487d913804b69ac457ce9076cc455173497fc1b79f10f46110b9c44ccc","cv"
49,"synthetic_11",0.892857142857143,"species_equal","N_train/(S_train*R_species); total_weight=N_train","total_weight_equals_record_count","integration","joint_bb","M1","species_equal",1,"ed676e487d913804b69ac457ce9076cc455173497fc1b79f10f46110b9c44ccc","cv"
50,"synthetic_11",0.892857142857143,"species_equal","N_train/(S_train*R_species); total_weight=N_train","total_weight_equals_record_count","integration","joint_bb","M1","species_equal",1,"ed676e487d913804b69ac457ce9076cc455173497fc1b79f10f46110b9c44ccc","cv"
51,"synthetic_11",0.892857142857143,"species_equal","N_train/(S_train*R_species); total_weight=N_train","total_weight_equals_record_count","integration","joint_bb","M1","species_equal",1,"ed676e487d913804b69ac457ce9076cc455173497fc1b79f10f46110b9c44ccc","cv"
52,"synthetic_11",0.892857142857143,"species_equal","N_train/(S_train*R_species); total_weight=N_train","total_weight_equals_record_count","integration","joint_bb","M1","species_equal",1,"ed676e487d913804b69ac457ce9076cc455173497fc1b79f10f46110b9c44ccc","cv"
53,"synthetic_11",0.892857142857143,"species_equal","N_train/(S_train*R_species); total_weight=N_train","total_weight_equals_record_count","integration","joint_bb","M1","species_equal",1,"ed676e487d913804b69ac457ce9076cc455173497fc1b79f10f46110b9c44ccc","cv"
54,"synthetic_11",0.892857142857143,"species_equal","N_train/(S_train*R_species); total_weight=N_train","total_weight_equals_record_count","integration","joint_bb","M1","species_equal",1,"ed676e487d913804b69ac457ce9076cc455173497fc1b79f10f46110b9c44ccc","cv"
55,"synthetic_11",0.892857142857143,"species_equal","N_train/(S_train*R_species); total_weight=N_train","total_weight_equals_record_count","integration","joint_bb","M1","species_equal",1,"ed676e487d913804b69ac457ce9076cc455173497fc1b79f10f46110b9c44ccc","cv"
56,"synthetic_11",0.892857142857143,"species_equal","N_train/(S_train*R_species); total_weight=N_train","total_weight_equals_record_count","integration","joint_bb","M1","species_equal",1,"ed676e487d913804b69ac457ce9076cc455173497fc1b79f10f46110b9c44ccc","cv"
57,"synthetic_11",0.892857142857143,"species_equal","N_train/(S_train*R_species); total_weight=N_train","total_weight_equals_record_count","integration","joint_bb","M1","species_equal",1,"ed676e487d913804b69ac457ce9076cc455173497fc1b79f10f46110b9c44ccc","cv"
58,"synthetic_11",0.892857142857143,"species_equal","N_train/(S_train*R_species); total_weight=N_train","total_weight_equals_record_count","integration","joint_bb","M1","species_equal",1,"ed676e487d913804b69ac457ce9076cc455173497fc1b79f10f46110b9c44ccc","cv"
59,"synthetic_11",0.892857142857143,"species_equal","N_train/(S_train*R_species); total_weight=N_train","total_weight_equals_record_count","integration","joint_bb","M1","species_equal",1,"ed676e487d913804b69ac457ce9076cc455173497fc1b79f10f46110b9c44ccc","cv"
60,"synthetic_11",0.892857142857143,"species_equal","N_train/(S_train*R_species); total_weight=N_train","total_weight_equals_record_count","integration","joint_bb","M1","species_equal",1,"ed676e487d913804b69ac457ce9076cc455173497fc1b79f10f46110b9c44ccc","cv"
61,"synthetic_12",0.833333333333333,"species_equal","N_train/(S_train*R_species); total_weight=N_train","total_weight_equals_record_count","integration","joint_bb","M1","species_equal",1,"ed676e487d913804b69ac457ce9076cc455173497fc1b79f10f46110b9c44ccc","cv"
62,"synthetic_12",0.833333333333333,"species_equal","N_train/(S_train*R_species); total_weight=N_train","total_weight_equals_record_count","integration","joint_bb","M1","species_equal",1,"ed676e487d913804b69ac457ce9076cc455173497fc1b79f10f46110b9c44ccc","cv"
63,"synthetic_12",0.833333333333333,"species_equal","N_train/(S_train*R_species); total_weight=N_train","total_weight_equals_record_count","integration","joint_bb","M1","species_equal",1,"ed676e487d913804b69ac457ce9076cc455173497fc1b79f10f46110b9c44ccc","cv"
64,"synthetic_12",0.833333333333333,"species_equal","N_train/(S_train*R_species); total_weight=N_train","total_weight_equals_record_count","integration","joint_bb","M1","species_equal",1,"ed676e487d913804b69ac457ce9076cc455173497fc1b79f10f46110b9c44ccc","cv"
65,"synthetic_12",0.833333333333333,"species_equal","N_train/(S_train*R_species); total_weight=N_train","total_weight_equals_record_count","integration","joint_bb","M1","species_equal",1,"ed676e487d913804b69ac457ce9076cc455173497fc1b79f10f46110b9c44ccc","cv"
66,"synthetic_12",0.833333333333333,"species_equal","N_train/(S_train*R_species); total_weight=N_train","total_weight_equals_record_count","integration","joint_bb","M1","species_equal",1,"ed676e487d913804b69ac457ce9076cc455173497fc1b79f10f46110b9c44ccc","cv"
67,"synthetic_12",0.833333333333333,"species_equal","N_train/(S_train*R_species); total_weight=N_train","total_weight_equals_record_count","integration","joint_bb","M1","species_equal",1,"ed676e487d913804b69ac457ce9076cc455173497fc1b79f10f46110b9c44ccc","cv"
68,"synthetic_12",0.833333333333333,"species_equal","N_train/(S_train*R_species); total_weight=N_train","total_weight_equals_record_count","integration","joint_bb","M1","species_equal",1,"ed676e487d913804b69ac457ce9076cc455173497fc1b79f10f46110b9c44ccc","cv"
69,"synthetic_12",0.833333333333333,"species_equal","N_train/(S_train*R_species); total_weight=N_train","total_weight_equals_record_count","integration","joint_bb","M1","species_equal",1,"ed676e487d913804b69ac457ce9076cc455173497fc1b79f10f46110b9c44ccc","cv"
70,"synthetic_12",0.833333333333333,"species_equal","N_train/(S_train*R_species); total_weight=N_train","total_weight_equals_record_count","integration","joint_bb","M1","species_equal",1,"ed676e487d913804b69ac457ce9076cc455173497fc1b79f10f46110b9c44ccc","cv"
71,"synthetic_12",0.833333333333333,"species_equal","N_train/(S_train*R_species); total_weight=N_train","total_weight_equals_record_count","integration","joint_bb","M1","species_equal",1,"ed676e487d913804b69ac457ce9076cc455173497fc1b79f10f46110b9c44ccc","cv"
72,"synthetic_12",0.833333333333333,"species_equal","N_train/(S_train*R_species); total_weight=N_train","total_weight_equals_record_count","integration","joint_bb","M1","species_equal",1,"ed676e487d913804b69ac457ce9076cc455173497fc1b79f10f46110b9c44ccc","cv"
73,"synthetic_12",0.833333333333333,"species_equal","N_train/(S_train*R_species); total_weight=N_train","total_weight_equals_record_count","integration","joint_bb","M1","species_equal",1,"ed676e487d913804b69ac457ce9076cc455173497fc1b79f10f46110b9c44ccc","cv"
74,"synthetic_12",0.833333333333333,"species_equal","N_train/(S_train*R_species); total_weight=N_train","total_weight_equals_record_count","integration","joint_bb","M1","species_equal",1,"ed676e487d913804b69ac457ce9076cc455173497fc1b79f10f46110b9c44ccc","cv"
75,"synthetic_12",0.833333333333333,"species_equal","N_train/(S_train*R_species); total_weight=N_train","total_weight_equals_record_count","integration","joint_bb","M1","species_equal",1,"ed676e487d913804b69ac457ce9076cc455173497fc1b79f10f46110b9c44ccc","cv"
1,"synthetic_01",1.625,"species_equal","N_train/(S_train*R_species); total_weight=N_train","total_weight_equals_record_count","integration","joint_bb","M1","species_equal",2,"144419ae16021559712f2c6c505826ea6e3a70f6d77210222b2b72545f6a52f9","cv"
2,"synthetic_01",1.625,"species_equal","N_train/(S_train*R_species); total_weight=N_train","total_weight_equals_record_count","integration","joint_bb","M1","species_equal",2,"144419ae16021559712f2c6c505826ea6e3a70f6d77210222b2b72545f6a52f9","cv"
3,"synthetic_01",1.625,"species_equal","N_train/(S_train*R_species); total_weight=N_train","total_weight_equals_record_count","integration","joint_bb","M1","species_equal",2,"144419ae16021559712f2c6c505826ea6e3a70f6d77210222b2b72545f6a52f9","cv"
4,"synthetic_01",1.625,"species_equal","N_train/(S_train*R_species); total_weight=N_train","total_weight_equals_record_count","integration","joint_bb","M1","species_equal",2,"144419ae16021559712f2c6c505826ea6e3a70f6d77210222b2b72545f6a52f9","cv"
5,"synthetic_02",1.3,"species_equal","N_train/(S_train*R_species); total_weight=N_train","total_weight_equals_record_count","integration","joint_bb","M1","species_equal",2,"144419ae16021559712f2c6c505826ea6e3a70f6d77210222b2b72545f6a52f9","cv"
6,"synthetic_02",1.3,"species_equal","N_train/(S_train*R_species); total_weight=N_train","total_weight_equals_record_count","integration","joint_bb","M1","species_equal",2,"144419ae16021559712f2c6c505826ea6e3a70f6d77210222b2b72545f6a52f9","cv"
7,"synthetic_02",1.3,"species_equal","N_train/(S_train*R_species); total_weight=N_train","total_weight_equals_record_count","integration","joint_bb","M1","species_equal",2,"144419ae16021559712f2c6c505826ea6e3a70f6d77210222b2b72545f6a52f9","cv"
8,"synthetic_02",1.3,"species_equal","N_train/(S_train*R_species); total_weight=N_train","total_weight_equals_record_count","integration","joint_bb","M1","species_equal",2,"144419ae16021559712f2c6c505826ea6e3a70f6d77210222b2b72545f6a52f9","cv"
9,"synthetic_02",1.3,"species_equal","N_train/(S_train*R_species); total_weight=N_train","total_weight_equals_record_count","integration","joint_bb","M1","species_equal",2,"144419ae16021559712f2c6c505826ea6e3a70f6d77210222b2b72545f6a52f9","cv"
10,"synthetic_03",1.08333333333333,"species_equal","N_train/(S_train*R_species); total_weight=N_train","total_weight_equals_record_count","integration","joint_bb","M1","species_equal",2,"144419ae16021559712f2c6c505826ea6e3a70f6d77210222b2b72545f6a52f9","cv"
11,"synthetic_03",1.08333333333333,"species_equal","N_train/(S_train*R_species); total_weight=N_train","total_weight_equals_record_count","integration","joint_bb","M1","species_equal",2,"144419ae16021559712f2c6c505826ea6e3a70f6d77210222b2b72545f6a52f9","cv"
12,"synthetic_03",1.08333333333333,"species_equal","N_train/(S_train*R_species); total_weight=N_train","total_weight_equals_record_count","integration","joint_bb","M1","species_equal",2,"144419ae16021559712f2c6c505826ea6e3a70f6d77210222b2b72545f6a52f9","cv"
13,"synthetic_03",1.08333333333333,"species_equal","N_train/(S_train*R_species); total_weight=N_train","total_weight_equals_record_count","integration","joint_bb","M1","species_equal",2,"144419ae16021559712f2c6c505826ea6e3a70f6d77210222b2b72545f6a52f9","cv"
14,"synthetic_03",1.08333333333333,"species_equal","N_train/(S_train*R_species); total_weight=N_train","total_weight_equals_record_count","integration","joint_bb","M1","species_equal",2,"144419ae16021559712f2c6c505826ea6e3a70f6d77210222b2b72545f6a52f9","cv"
15,"synthetic_03",1.08333333333333,"species_equal","N_train/(S_train*R_species); total_weight=N_train","total_weight_equals_record_count","integration","joint_bb","M1","species_equal",2,"144419ae16021559712f2c6c505826ea6e3a70f6d77210222b2b72545f6a52f9","cv"
16,"synthetic_04",0.928571428571429,"species_equal","N_train/(S_train*R_species); total_weight=N_train","total_weight_equals_record_count","integration","joint_bb","M1","species_equal",2,"144419ae16021559712f2c6c505826ea6e3a70f6d77210222b2b72545f6a52f9","cv"
17,"synthetic_04",0.928571428571429,"species_equal","N_train/(S_train*R_species); total_weight=N_train","total_weight_equals_record_count","integration","joint_bb","M1","species_equal",2,"144419ae16021559712f2c6c505826ea6e3a70f6d77210222b2b72545f6a52f9","cv"
18,"synthetic_04",0.928571428571429,"species_equal","N_train/(S_train*R_species); total_weight=N_train","total_weight_equals_record_count","integration","joint_bb","M1","species_equal",2,"144419ae16021559712f2c6c505826ea6e3a70f6d77210222b2b72545f6a52f9","cv"
19,"synthetic_04",0.928571428571429,"species_equal","N_train/(S_train*R_species); total_weight=N_train","total_weight_equals_record_count","integration","joint_bb","M1","species_equal",2,"144419ae16021559712f2c6c505826ea6e3a70f6d77210222b2b72545f6a52f9","cv"
20,"synthetic_04",0.928571428571429,"species_equal","N_train/(S_train*R_species); total_weight=N_train","total_weight_equals_record_count","integration","joint_bb","M1","species_equal",2,"144419ae16021559712f2c6c505826ea6e3a70f6d77210222b2b72545f6a52f9","cv"
21,"synthetic_04",0.928571428571429,"species_equal","N_train/(S_train*R_species); total_weight=N_train","total_weight_equals_record_count","integration","joint_bb","M1","species_equal",2,"144419ae16021559712f2c6c505826ea6e3a70f6d77210222b2b72545f6a52f9","cv"
22,"synthetic_04",0.928571428571429,"species_equal","N_train/(S_train*R_species); total_weight=N_train","total_weight_equals_record_count","integration","joint_bb","M1","species_equal",2,"144419ae16021559712f2c6c505826ea6e3a70f6d77210222b2b72545f6a52f9","cv"
23,"synthetic_05",0.8125,"species_equal","N_train/(S_train*R_species); total_weight=N_train","total_weight_equals_record_count","integration","joint_bb","M1","species_equal",2,"144419ae16021559712f2c6c505826ea6e3a70f6d77210222b2b72545f6a52f9","cv"
24,"synthetic_05",0.8125,"species_equal","N_train/(S_train*R_species); total_weight=N_train","total_weight_equals_record_count","integration","joint_bb","M1","species_equal",2,"144419ae16021559712f2c6c505826ea6e3a70f6d77210222b2b72545f6a52f9","cv"
25,"synthetic_05",0.8125,"species_equal","N_train/(S_train*R_species); total_weight=N_train","total_weight_equals_record_count","integration","joint_bb","M1","species_equal",2,"144419ae16021559712f2c6c505826ea6e3a70f6d77210222b2b72545f6a52f9","cv"
26,"synthetic_05",0.8125,"species_equal","N_train/(S_train*R_species); total_weight=N_train","total_weight_equals_record_count","integration","joint_bb","M1","species_equal",2,"144419ae16021559712f2c6c505826ea6e3a70f6d77210222b2b72545f6a52f9","cv"
27,"synthetic_05",0.8125,"species_equal","N_train/(S_train*R_species); total_weight=N_train","total_weight_equals_record_count","integration","joint_bb","M1","species_equal",2,"144419ae16021559712f2c6c505826ea6e3a70f6d77210222b2b72545f6a52f9","cv"
28,"synthetic_05",0.8125,"species_equal","N_train/(S_train*R_species); total_weight=N_train","total_weight_equals_record_count","integration","joint_bb","M1","species_equal",2,"144419ae16021559712f2c6c505826ea6e3a70f6d77210222b2b72545f6a52f9","cv"
29,"synthetic_05",0.8125,"species_equal","N_train/(S_train*R_species); total_weight=N_train","total_weight_equals_record_count","integration","joint_bb","M1","species_equal",2,"144419ae16021559712f2c6c505826ea6e3a70f6d77210222b2b72545f6a52f9","cv"
30,"synthetic_05",0.8125,"species_equal","N_train/(S_train*R_species); total_weight=N_train","total_weight_equals_record_count","integration","joint_bb","M1","species_equal",2,"144419ae16021559712f2c6c505826ea6e3a70f6d77210222b2b72545f6a52f9","cv"
31,"synthetic_06",0.722222222222222,"species_equal","N_train/(S_train*R_species); total_weight=N_train","total_weight_equals_record_count","integration","joint_bb","M1","species_equal",2,"144419ae16021559712f2c6c505826ea6e3a70f6d77210222b2b72545f6a52f9","cv"
32,"synthetic_06",0.722222222222222,"species_equal","N_train/(S_train*R_species); total_weight=N_train","total_weight_equals_record_count","integration","joint_bb","M1","species_equal",2,"144419ae16021559712f2c6c505826ea6e3a70f6d77210222b2b72545f6a52f9","cv"
33,"synthetic_06",0.722222222222222,"species_equal","N_train/(S_train*R_species); total_weight=N_train","total_weight_equals_record_count","integration","joint_bb","M1","species_equal",2,"144419ae16021559712f2c6c505826ea6e3a70f6d77210222b2b72545f6a52f9","cv"
34,"synthetic_06",0.722222222222222,"species_equal","N_train/(S_train*R_species); total_weight=N_train","total_weight_equals_record_count","integration","joint_bb","M1","species_equal",2,"144419ae16021559712f2c6c505826ea6e3a70f6d77210222b2b72545f6a52f9","cv"
35,"synthetic_06",0.722222222222222,"species_equal","N_train/(S_train*R_species); total_weight=N_train","total_weight_equals_record_count","integration","joint_bb","M1","species_equal",2,"144419ae16021559712f2c6c505826ea6e3a70f6d77210222b2b72545f6a52f9","cv"
36,"synthetic_06",0.722222222222222,"species_equal","N_train/(S_train*R_species); total_weight=N_train","total_weight_equals_record_count","integration","joint_bb","M1","species_equal",2,"144419ae16021559712f2c6c505826ea6e3a70f6d77210222b2b72545f6a52f9","cv"
37,"synthetic_06",0.722222222222222,"species_equal","N_train/(S_train*R_species); total_weight=N_train","total_weight_equals_record_count","integration","joint_bb","M1","species_equal",2,"144419ae16021559712f2c6c505826ea6e3a70f6d77210222b2b72545f6a52f9","cv"
38,"synthetic_06",0.722222222222222,"species_equal","N_train/(S_train*R_species); total_weight=N_train","total_weight_equals_record_count","integration","joint_bb","M1","species_equal",2,"144419ae16021559712f2c6c505826ea6e3a70f6d77210222b2b72545f6a52f9","cv"
39,"synthetic_06",0.722222222222222,"species_equal","N_train/(S_train*R_species); total_weight=N_train","total_weight_equals_record_count","integration","joint_bb","M1","species_equal",2,"144419ae16021559712f2c6c505826ea6e3a70f6d77210222b2b72545f6a52f9","cv"
1,"synthetic_07",1,"record_equal","N_train/(S_train*R_species); total_weight=N_train","total_weight_equals_record_count","integration","joint_bb","M2","record_equal",1,"d279db6346b9e9c60240b76e5bc295fa68e8bade5b89910aaad68cd7b263acda","cv"
2,"synthetic_07",1,"record_equal","N_train/(S_train*R_species); total_weight=N_train","total_weight_equals_record_count","integration","joint_bb","M2","record_equal",1,"d279db6346b9e9c60240b76e5bc295fa68e8bade5b89910aaad68cd7b263acda","cv"
3,"synthetic_07",1,"record_equal","N_train/(S_train*R_species); total_weight=N_train","total_weight_equals_record_count","integration","joint_bb","M2","record_equal",1,"d279db6346b9e9c60240b76e5bc295fa68e8bade5b89910aaad68cd7b263acda","cv"
4,"synthetic_07",1,"record_equal","N_train/(S_train*R_species); total_weight=N_train","total_weight_equals_record_count","integration","joint_bb","M2","record_equal",1,"d279db6346b9e9c60240b76e5bc295fa68e8bade5b89910aaad68cd7b263acda","cv"
5,"synthetic_07",1,"record_equal","N_train/(S_train*R_species); total_weight=N_train","total_weight_equals_record_count","integration","joint_bb","M2","record_equal",1,"d279db6346b9e9c60240b76e5bc295fa68e8bade5b89910aaad68cd7b263acda","cv"
6,"synthetic_07",1,"record_equal","N_train/(S_train*R_species); total_weight=N_train","total_weight_equals_record_count","integration","joint_bb","M2","record_equal",1,"d279db6346b9e9c60240b76e5bc295fa68e8bade5b89910aaad68cd7b263acda","cv"
7,"synthetic_07",1,"record_equal","N_train/(S_train*R_species); total_weight=N_train","total_weight_equals_record_count","integration","joint_bb","M2","record_equal",1,"d279db6346b9e9c60240b76e5bc295fa68e8bade5b89910aaad68cd7b263acda","cv"
8,"synthetic_07",1,"record_equal","N_train/(S_train*R_species); total_weight=N_train","total_weight_equals_record_count","integration","joint_bb","M2","record_equal",1,"d279db6346b9e9c60240b76e5bc295fa68e8bade5b89910aaad68cd7b263acda","cv"
9,"synthetic_07",1,"record_equal","N_train/(S_train*R_species); total_weight=N_train","total_weight_equals_record_count","integration","joint_bb","M2","record_equal",1,"d279db6346b9e9c60240b76e5bc295fa68e8bade5b89910aaad68cd7b263acda","cv"
10,"synthetic_07",1,"record_equal","N_train/(S_train*R_species); total_weight=N_train","total_weight_equals_record_count","integration","joint_bb","M2","record_equal",1,"d279db6346b9e9c60240b76e5bc295fa68e8bade5b89910aaad68cd7b263acda","cv"
11,"synthetic_08",1,"record_equal","N_train/(S_train*R_species); total_weight=N_train","total_weight_equals_record_count","integration","joint_bb","M2","record_equal",1,"d279db6346b9e9c60240b76e5bc295fa68e8bade5b89910aaad68cd7b263acda","cv"
12,"synthetic_08",1,"record_equal","N_train/(S_train*R_species); total_weight=N_train","total_weight_equals_record_count","integration","joint_bb","M2","record_equal",1,"d279db6346b9e9c60240b76e5bc295fa68e8bade5b89910aaad68cd7b263acda","cv"
13,"synthetic_08",1,"record_equal","N_train/(S_train*R_species); total_weight=N_train","total_weight_equals_record_count","integration","joint_bb","M2","record_equal",1,"d279db6346b9e9c60240b76e5bc295fa68e8bade5b89910aaad68cd7b263acda","cv"
14,"synthetic_08",1,"record_equal","N_train/(S_train*R_species); total_weight=N_train","total_weight_equals_record_count","integration","joint_bb","M2","record_equal",1,"d279db6346b9e9c60240b76e5bc295fa68e8bade5b89910aaad68cd7b263acda","cv"
15,"synthetic_08",1,"record_equal","N_train/(S_train*R_species); total_weight=N_train","total_weight_equals_record_count","integration","joint_bb","M2","record_equal",1,"d279db6346b9e9c60240b76e5bc295fa68e8bade5b89910aaad68cd7b263acda","cv"
16,"synthetic_08",1,"record_equal","N_train/(S_train*R_species); total_weight=N_train","total_weight_equals_record_count","integration","joint_bb","M2","record_equal",1,"d279db6346b9e9c60240b76e5bc295fa68e8bade5b89910aaad68cd7b263acda","cv"
17,"synthetic_08",1,"record_equal","N_train/(S_train*R_species); total_weight=N_train","total_weight_equals_record_count","integration","joint_bb","M2","record_equal",1,"d279db6346b9e9c60240b76e5bc295fa68e8bade5b89910aaad68cd7b263acda","cv"
18,"synthetic_08",1,"record_equal","N_train/(S_train*R_species); total_weight=N_train","total_weight_equals_record_count","integration","joint_bb","M2","record_equal",1,"d279db6346b9e9c60240b76e5bc295fa68e8bade5b89910aaad68cd7b263acda","cv"
19,"synthetic_08",1,"record_equal","N_train/(S_train*R_species); total_weight=N_train","total_weight_equals_record_count","integration","joint_bb","M2","record_equal",1,"d279db6346b9e9c60240b76e5bc295fa68e8bade5b89910aaad68cd7b263acda","cv"
20,"synthetic_08",1,"record_equal","N_train/(S_train*R_species); total_weight=N_train","total_weight_equals_record_count","integration","joint_bb","M2","record_equal",1,"d279db6346b9e9c60240b76e5bc295fa68e8bade5b89910aaad68cd7b263acda","cv"
21,"synthetic_08",1,"record_equal","N_train/(S_train*R_species); total_weight=N_train","total_weight_equals_record_count","integration","joint_bb","M2","record_equal",1,"d279db6346b9e9c60240b76e5bc295fa68e8bade5b89910aaad68cd7b263acda","cv"
22,"synthetic_09",1,"record_equal","N_train/(S_train*R_species); total_weight=N_train","total_weight_equals_record_count","integration","joint_bb","M2","record_equal",1,"d279db6346b9e9c60240b76e5bc295fa68e8bade5b89910aaad68cd7b263acda","cv"
23,"synthetic_09",1,"record_equal","N_train/(S_train*R_species); total_weight=N_train","total_weight_equals_record_count","integration","joint_bb","M2","record_equal",1,"d279db6346b9e9c60240b76e5bc295fa68e8bade5b89910aaad68cd7b263acda","cv"
24,"synthetic_09",1,"record_equal","N_train/(S_train*R_species); total_weight=N_train","total_weight_equals_record_count","integration","joint_bb","M2","record_equal",1,"d279db6346b9e9c60240b76e5bc295fa68e8bade5b89910aaad68cd7b263acda","cv"
25,"synthetic_09",1,"record_equal","N_train/(S_train*R_species); total_weight=N_train","total_weight_equals_record_count","integration","joint_bb","M2","record_equal",1,"d279db6346b9e9c60240b76e5bc295fa68e8bade5b89910aaad68cd7b263acda","cv"
26,"synthetic_09",1,"record_equal","N_train/(S_train*R_species); total_weight=N_train","total_weight_equals_record_count","integration","joint_bb","M2","record_equal",1,"d279db6346b9e9c60240b76e5bc295fa68e8bade5b89910aaad68cd7b263acda","cv"
27,"synthetic_09",1,"record_equal","N_train/(S_train*R_species); total_weight=N_train","total_weight_equals_record_count","integration","joint_bb","M2","record_equal",1,"d279db6346b9e9c60240b76e5bc295fa68e8bade5b89910aaad68cd7b263acda","cv"
28,"synthetic_09",1,"record_equal","N_train/(S_train*R_species); total_weight=N_train","total_weight_equals_record_count","integration","joint_bb","M2","record_equal",1,"d279db6346b9e9c60240b76e5bc295fa68e8bade5b89910aaad68cd7b263acda","cv"
29,"synthetic_09",1,"record_equal","N_train/(S_train*R_species); total_weight=N_train","total_weight_equals_record_count","integration","joint_bb","M2","record_equal",1,"d279db6346b9e9c60240b76e5bc295fa68e8bade5b89910aaad68cd7b263acda","cv"
30,"synthetic_09",1,"record_equal","N_train/(S_train*R_species); total_weight=N_train","total_weight_equals_record_count","integration","joint_bb","M2","record_equal",1,"d279db6346b9e9c60240b76e5bc295fa68e8bade5b89910aaad68cd7b263acda","cv"
31,"synthetic_09",1,"record_equal","N_train/(S_train*R_species); total_weight=N_train","total_weight_equals_record_count","integration","joint_bb","M2","record_equal",1,"d279db6346b9e9c60240b76e5bc295fa68e8bade5b89910aaad68cd7b263acda","cv"
32,"synthetic_09",1,"record_equal","N_train/(S_train*R_species); total_weight=N_train","total_weight_equals_record_count","integration","joint_bb","M2","record_equal",1,"d279db6346b9e9c60240b76e5bc295fa68e8bade5b89910aaad68cd7b263acda","cv"
33,"synthetic_09",1,"record_equal","N_train/(S_train*R_species); total_weight=N_train","total_weight_equals_record_count","integration","joint_bb","M2","record_equal",1,"d279db6346b9e9c60240b76e5bc295fa68e8bade5b89910aaad68cd7b263acda","cv"
34,"synthetic_10",1,"record_equal","N_train/(S_train*R_species); total_weight=N_train","total_weight_equals_record_count","integration","joint_bb","M2","record_equal",1,"d279db6346b9e9c60240b76e5bc295fa68e8bade5b89910aaad68cd7b263acda","cv"
35,"synthetic_10",1,"record_equal","N_train/(S_train*R_species); total_weight=N_train","total_weight_equals_record_count","integration","joint_bb","M2","record_equal",1,"d279db6346b9e9c60240b76e5bc295fa68e8bade5b89910aaad68cd7b263acda","cv"
36,"synthetic_10",1,"record_equal","N_train/(S_train*R_species); total_weight=N_train","total_weight_equals_record_count","integration","joint_bb","M2","record_equal",1,"d279db6346b9e9c60240b76e5bc295fa68e8bade5b89910aaad68cd7b263acda","cv"
37,"synthetic_10",1,"record_equal","N_train/(S_train*R_species); total_weight=N_train","total_weight_equals_record_count","integration","joint_bb","M2","record_equal",1,"d279db6346b9e9c60240b76e5bc295fa68e8bade5b89910aaad68cd7b263acda","cv"
38,"synthetic_10",1,"record_equal","N_train/(S_train*R_species); total_weight=N_train","total_weight_equals_record_count","integration","joint_bb","M2","record_equal",1,"d279db6346b9e9c60240b76e5bc295fa68e8bade5b89910aaad68cd7b263acda","cv"
39,"synthetic_10",1,"record_equal","N_train/(S_train*R_species); total_weight=N_train","total_weight_equals_record_count","integration","joint_bb","M2","record_equal",1,"d279db6346b9e9c60240b76e5bc295fa68e8bade5b89910aaad68cd7b263acda","cv"
40,"synthetic_10",1,"record_equal","N_train/(S_train*R_species); total_weight=N_train","total_weight_equals_record_count","integration","joint_bb","M2","record_equal",1,"d279db6346b9e9c60240b76e5bc295fa68e8bade5b89910aaad68cd7b263acda","cv"
41,"synthetic_10",1,"record_equal","N_train/(S_train*R_species); total_weight=N_train","total_weight_equals_record_count","integration","joint_bb","M2","record_equal",1,"d279db6346b9e9c60240b76e5bc295fa68e8bade5b89910aaad68cd7b263acda","cv"
42,"synthetic_10",1,"record_equal","N_train/(S_train*R_species); total_weight=N_train","total_weight_equals_record_count","integration","joint_bb","M2","record_equal",1,"d279db6346b9e9c60240b76e5bc295fa68e8bade5b89910aaad68cd7b263acda","cv"
43,"synthetic_10",1,"record_equal","N_train/(S_train*R_species); total_weight=N_train","total_weight_equals_record_count","integration","joint_bb","M2","record_equal",1,"d279db6346b9e9c60240b76e5bc295fa68e8bade5b89910aaad68cd7b263acda","cv"
44,"synthetic_10",1,"record_equal","N_train/(S_train*R_species); total_weight=N_train","total_weight_equals_record_count","integration","joint_bb","M2","record_equal",1,"d279db6346b9e9c60240b76e5bc295fa68e8bade5b89910aaad68cd7b263acda","cv"
45,"synthetic_10",1,"record_equal","N_train/(S_train*R_species); total_weight=N_train","total_weight_equals_record_count","integration","joint_bb","M2","record_equal",1,"d279db6346b9e9c60240b76e5bc295fa68e8bade5b89910aaad68cd7b263acda","cv"
46,"synthetic_10",1,"record_equal","N_train/(S_train*R_species); total_weight=N_train","total_weight_equals_record_count","integration","joint_bb","M2","record_equal",1,"d279db6346b9e9c60240b76e5bc295fa68e8bade5b89910aaad68cd7b263acda","cv"
47,"synthetic_11",1,"record_equal","N_train/(S_train*R_species); total_weight=N_train","total_weight_equals_record_count","integration","joint_bb","M2","record_equal",1,"d279db6346b9e9c60240b76e5bc295fa68e8bade5b89910aaad68cd7b263acda","cv"
48,"synthetic_11",1,"record_equal","N_train/(S_train*R_species); total_weight=N_train","total_weight_equals_record_count","integration","joint_bb","M2","record_equal",1,"d279db6346b9e9c60240b76e5bc295fa68e8bade5b89910aaad68cd7b263acda","cv"
49,"synthetic_11",1,"record_equal","N_train/(S_train*R_species); total_weight=N_train","total_weight_equals_record_count","integration","joint_bb","M2","record_equal",1,"d279db6346b9e9c60240b76e5bc295fa68e8bade5b89910aaad68cd7b263acda","cv"
50,"synthetic_11",1,"record_equal","N_train/(S_train*R_species); total_weight=N_train","total_weight_equals_record_count","integration","joint_bb","M2","record_equal",1,"d279db6346b9e9c60240b76e5bc295fa68e8bade5b89910aaad68cd7b263acda","cv"
51,"synthetic_11",1,"record_equal","N_train/(S_train*R_species); total_weight=N_train","total_weight_equals_record_count","integration","joint_bb","M2","record_equal",1,"d279db6346b9e9c60240b76e5bc295fa68e8bade5b89910aaad68cd7b263acda","cv"
52,"synthetic_11",1,"record_equal","N_train/(S_train*R_species); total_weight=N_train","total_weight_equals_record_count","integration","joint_bb","M2","record_equal",1,"d279db6346b9e9c60240b76e5bc295fa68e8bade5b89910aaad68cd7b263acda","cv"
53,"synthetic_11",1,"record_equal","N_train/(S_train*R_species); total_weight=N_train","total_weight_equals_record_count","integration","joint_bb","M2","record_equal",1,"d279db6346b9e9c60240b76e5bc295fa68e8bade5b89910aaad68cd7b263acda","cv"
54,"synthetic_11",1,"record_equal","N_train/(S_train*R_species); total_weight=N_train","total_weight_equals_record_count","integration","joint_bb","M2","record_equal",1,"d279db6346b9e9c60240b76e5bc295fa68e8bade5b89910aaad68cd7b263acda","cv"
55,"synthetic_11",1,"record_equal","N_train/(S_train*R_species); total_weight=N_train","total_weight_equals_record_count","integration","joint_bb","M2","record_equal",1,"d279db6346b9e9c60240b76e5bc295fa68e8bade5b89910aaad68cd7b263acda","cv"
56,"synthetic_11",1,"record_equal","N_train/(S_train*R_species); total_weight=N_train","total_weight_equals_record_count","integration","joint_bb","M2","record_equal",1,"d279db6346b9e9c60240b76e5bc295fa68e8bade5b89910aaad68cd7b263acda","cv"
57,"synthetic_11",1,"record_equal","N_train/(S_train*R_species); total_weight=N_train","total_weight_equals_record_count","integration","joint_bb","M2","record_equal",1,"d279db6346b9e9c60240b76e5bc295fa68e8bade5b89910aaad68cd7b263acda","cv"
58,"synthetic_11",1,"record_equal","N_train/(S_train*R_species); total_weight=N_train","total_weight_equals_record_count","integration","joint_bb","M2","record_equal",1,"d279db6346b9e9c60240b76e5bc295fa68e8bade5b89910aaad68cd7b263acda","cv"
59,"synthetic_11",1,"record_equal","N_train/(S_train*R_species); total_weight=N_train","total_weight_equals_record_count","integration","joint_bb","M2","record_equal",1,"d279db6346b9e9c60240b76e5bc295fa68e8bade5b89910aaad68cd7b263acda","cv"
60,"synthetic_11",1,"record_equal","N_train/(S_train*R_species); total_weight=N_train","total_weight_equals_record_count","integration","joint_bb","M2","record_equal",1,"d279db6346b9e9c60240b76e5bc295fa68e8bade5b89910aaad68cd7b263acda","cv"
61,"synthetic_12",1,"record_equal","N_train/(S_train*R_species); total_weight=N_train","total_weight_equals_record_count","integration","joint_bb","M2","record_equal",1,"d279db6346b9e9c60240b76e5bc295fa68e8bade5b89910aaad68cd7b263acda","cv"
62,"synthetic_12",1,"record_equal","N_train/(S_train*R_species); total_weight=N_train","total_weight_equals_record_count","integration","joint_bb","M2","record_equal",1,"d279db6346b9e9c60240b76e5bc295fa68e8bade5b89910aaad68cd7b263acda","cv"
63,"synthetic_12",1,"record_equal","N_train/(S_train*R_species); total_weight=N_train","total_weight_equals_record_count","integration","joint_bb","M2","record_equal",1,"d279db6346b9e9c60240b76e5bc295fa68e8bade5b89910aaad68cd7b263acda","cv"
64,"synthetic_12",1,"record_equal","N_train/(S_train*R_species); total_weight=N_train","total_weight_equals_record_count","integration","joint_bb","M2","record_equal",1,"d279db6346b9e9c60240b76e5bc295fa68e8bade5b89910aaad68cd7b263acda","cv"
65,"synthetic_12",1,"record_equal","N_train/(S_train*R_species); total_weight=N_train","total_weight_equals_record_count","integration","joint_bb","M2","record_equal",1,"d279db6346b9e9c60240b76e5bc295fa68e8bade5b89910aaad68cd7b263acda","cv"
66,"synthetic_12",1,"record_equal","N_train/(S_train*R_species); total_weight=N_train","total_weight_equals_record_count","integration","joint_bb","M2","record_equal",1,"d279db6346b9e9c60240b76e5bc295fa68e8bade5b89910aaad68cd7b263acda","cv"
67,"synthetic_12",1,"record_equal","N_train/(S_train*R_species); total_weight=N_train","total_weight_equals_record_count","integration","joint_bb","M2","record_equal",1,"d279db6346b9e9c60240b76e5bc295fa68e8bade5b89910aaad68cd7b263acda","cv"
68,"synthetic_12",1,"record_equal","N_train/(S_train*R_species); total_weight=N_train","total_weight_equals_record_count","integration","joint_bb","M2","record_equal",1,"d279db6346b9e9c60240b76e5bc295fa68e8bade5b89910aaad68cd7b263acda","cv"
69,"synthetic_12",1,"record_equal","N_train/(S_train*R_species); total_weight=N_train","total_weight_equals_record_count","integration","joint_bb","M2","record_equal",1,"d279db6346b9e9c60240b76e5bc295fa68e8bade5b89910aaad68cd7b263acda","cv"
70,"synthetic_12",1,"record_equal","N_train/(S_train*R_species); total_weight=N_train","total_weight_equals_record_count","integration","joint_bb","M2","record_equal",1,"d279db6346b9e9c60240b76e5bc295fa68e8bade5b89910aaad68cd7b263acda","cv"
71,"synthetic_12",1,"record_equal","N_train/(S_train*R_species); total_weight=N_train","total_weight_equals_record_count","integration","joint_bb","M2","record_equal",1,"d279db6346b9e9c60240b76e5bc295fa68e8bade5b89910aaad68cd7b263acda","cv"
72,"synthetic_12",1,"record_equal","N_train/(S_train*R_species); total_weight=N_train","total_weight_equals_record_count","integration","joint_bb","M2","record_equal",1,"d279db6346b9e9c60240b76e5bc295fa68e8bade5b89910aaad68cd7b263acda","cv"
73,"synthetic_12",1,"record_equal","N_train/(S_train*R_species); total_weight=N_train","total_weight_equals_record_count","integration","joint_bb","M2","record_equal",1,"d279db6346b9e9c60240b76e5bc295fa68e8bade5b89910aaad68cd7b263acda","cv"
74,"synthetic_12",1,"record_equal","N_train/(S_train*R_species); total_weight=N_train","total_weight_equals_record_count","integration","joint_bb","M2","record_equal",1,"d279db6346b9e9c60240b76e5bc295fa68e8bade5b89910aaad68cd7b263acda","cv"
75,"synthetic_12",1,"record_equal","N_train/(S_train*R_species); total_weight=N_train","total_weight_equals_record_count","integration","joint_bb","M2","record_equal",1,"d279db6346b9e9c60240b76e5bc295fa68e8bade5b89910aaad68cd7b263acda","cv"
1,"synthetic_01",1,"record_equal","N_train/(S_train*R_species); total_weight=N_train","total_weight_equals_record_count","integration","joint_bb","M2","record_equal",2,"eba3acab31cb24e90ff59462a0c0e5e5a2598ebd33b2bd8922d5f92f33aa2b4a","cv"
2,"synthetic_01",1,"record_equal","N_train/(S_train*R_species); total_weight=N_train","total_weight_equals_record_count","integration","joint_bb","M2","record_equal",2,"eba3acab31cb24e90ff59462a0c0e5e5a2598ebd33b2bd8922d5f92f33aa2b4a","cv"
3,"synthetic_01",1,"record_equal","N_train/(S_train*R_species); total_weight=N_train","total_weight_equals_record_count","integration","joint_bb","M2","record_equal",2,"eba3acab31cb24e90ff59462a0c0e5e5a2598ebd33b2bd8922d5f92f33aa2b4a","cv"
4,"synthetic_01",1,"record_equal","N_train/(S_train*R_species); total_weight=N_train","total_weight_equals_record_count","integration","joint_bb","M2","record_equal",2,"eba3acab31cb24e90ff59462a0c0e5e5a2598ebd33b2bd8922d5f92f33aa2b4a","cv"
5,"synthetic_02",1,"record_equal","N_train/(S_train*R_species); total_weight=N_train","total_weight_equals_record_count","integration","joint_bb","M2","record_equal",2,"eba3acab31cb24e90ff59462a0c0e5e5a2598ebd33b2bd8922d5f92f33aa2b4a","cv"
6,"synthetic_02",1,"record_equal","N_train/(S_train*R_species); total_weight=N_train","total_weight_equals_record_count","integration","joint_bb","M2","record_equal",2,"eba3acab31cb24e90ff59462a0c0e5e5a2598ebd33b2bd8922d5f92f33aa2b4a","cv"
7,"synthetic_02",1,"record_equal","N_train/(S_train*R_species); total_weight=N_train","total_weight_equals_record_count","integration","joint_bb","M2","record_equal",2,"eba3acab31cb24e90ff59462a0c0e5e5a2598ebd33b2bd8922d5f92f33aa2b4a","cv"
8,"synthetic_02",1,"record_equal","N_train/(S_train*R_species); total_weight=N_train","total_weight_equals_record_count","integration","joint_bb","M2","record_equal",2,"eba3acab31cb24e90ff59462a0c0e5e5a2598ebd33b2bd8922d5f92f33aa2b4a","cv"
9,"synthetic_02",1,"record_equal","N_train/(S_train*R_species); total_weight=N_train","total_weight_equals_record_count","integration","joint_bb","M2","record_equal",2,"eba3acab31cb24e90ff59462a0c0e5e5a2598ebd33b2bd8922d5f92f33aa2b4a","cv"
10,"synthetic_03",1,"record_equal","N_train/(S_train*R_species); total_weight=N_train","total_weight_equals_record_count","integration","joint_bb","M2","record_equal",2,"eba3acab31cb24e90ff59462a0c0e5e5a2598ebd33b2bd8922d5f92f33aa2b4a","cv"
11,"synthetic_03",1,"record_equal","N_train/(S_train*R_species); total_weight=N_train","total_weight_equals_record_count","integration","joint_bb","M2","record_equal",2,"eba3acab31cb24e90ff59462a0c0e5e5a2598ebd33b2bd8922d5f92f33aa2b4a","cv"
12,"synthetic_03",1,"record_equal","N_train/(S_train*R_species); total_weight=N_train","total_weight_equals_record_count","integration","joint_bb","M2","record_equal",2,"eba3acab31cb24e90ff59462a0c0e5e5a2598ebd33b2bd8922d5f92f33aa2b4a","cv"
13,"synthetic_03",1,"record_equal","N_train/(S_train*R_species); total_weight=N_train","total_weight_equals_record_count","integration","joint_bb","M2","record_equal",2,"eba3acab31cb24e90ff59462a0c0e5e5a2598ebd33b2bd8922d5f92f33aa2b4a","cv"
14,"synthetic_03",1,"record_equal","N_train/(S_train*R_species); total_weight=N_train","total_weight_equals_record_count","integration","joint_bb","M2","record_equal",2,"eba3acab31cb24e90ff59462a0c0e5e5a2598ebd33b2bd8922d5f92f33aa2b4a","cv"
15,"synthetic_03",1,"record_equal","N_train/(S_train*R_species); total_weight=N_train","total_weight_equals_record_count","integration","joint_bb","M2","record_equal",2,"eba3acab31cb24e90ff59462a0c0e5e5a2598ebd33b2bd8922d5f92f33aa2b4a","cv"
16,"synthetic_04",1,"record_equal","N_train/(S_train*R_species); total_weight=N_train","total_weight_equals_record_count","integration","joint_bb","M2","record_equal",2,"eba3acab31cb24e90ff59462a0c0e5e5a2598ebd33b2bd8922d5f92f33aa2b4a","cv"
17,"synthetic_04",1,"record_equal","N_train/(S_train*R_species); total_weight=N_train","total_weight_equals_record_count","integration","joint_bb","M2","record_equal",2,"eba3acab31cb24e90ff59462a0c0e5e5a2598ebd33b2bd8922d5f92f33aa2b4a","cv"
18,"synthetic_04",1,"record_equal","N_train/(S_train*R_species); total_weight=N_train","total_weight_equals_record_count","integration","joint_bb","M2","record_equal",2,"eba3acab31cb24e90ff59462a0c0e5e5a2598ebd33b2bd8922d5f92f33aa2b4a","cv"
19,"synthetic_04",1,"record_equal","N_train/(S_train*R_species); total_weight=N_train","total_weight_equals_record_count","integration","joint_bb","M2","record_equal",2,"eba3acab31cb24e90ff59462a0c0e5e5a2598ebd33b2bd8922d5f92f33aa2b4a","cv"
20,"synthetic_04",1,"record_equal","N_train/(S_train*R_species); total_weight=N_train","total_weight_equals_record_count","integration","joint_bb","M2","record_equal",2,"eba3acab31cb24e90ff59462a0c0e5e5a2598ebd33b2bd8922d5f92f33aa2b4a","cv"
21,"synthetic_04",1,"record_equal","N_train/(S_train*R_species); total_weight=N_train","total_weight_equals_record_count","integration","joint_bb","M2","record_equal",2,"eba3acab31cb24e90ff59462a0c0e5e5a2598ebd33b2bd8922d5f92f33aa2b4a","cv"
22,"synthetic_04",1,"record_equal","N_train/(S_train*R_species); total_weight=N_train","total_weight_equals_record_count","integration","joint_bb","M2","record_equal",2,"eba3acab31cb24e90ff59462a0c0e5e5a2598ebd33b2bd8922d5f92f33aa2b4a","cv"
23,"synthetic_05",1,"record_equal","N_train/(S_train*R_species); total_weight=N_train","total_weight_equals_record_count","integration","joint_bb","M2","record_equal",2,"eba3acab31cb24e90ff59462a0c0e5e5a2598ebd33b2bd8922d5f92f33aa2b4a","cv"
24,"synthetic_05",1,"record_equal","N_train/(S_train*R_species); total_weight=N_train","total_weight_equals_record_count","integration","joint_bb","M2","record_equal",2,"eba3acab31cb24e90ff59462a0c0e5e5a2598ebd33b2bd8922d5f92f33aa2b4a","cv"
25,"synthetic_05",1,"record_equal","N_train/(S_train*R_species); total_weight=N_train","total_weight_equals_record_count","integration","joint_bb","M2","record_equal",2,"eba3acab31cb24e90ff59462a0c0e5e5a2598ebd33b2bd8922d5f92f33aa2b4a","cv"
26,"synthetic_05",1,"record_equal","N_train/(S_train*R_species); total_weight=N_train","total_weight_equals_record_count","integration","joint_bb","M2","record_equal",2,"eba3acab31cb24e90ff59462a0c0e5e5a2598ebd33b2bd8922d5f92f33aa2b4a","cv"
27,"synthetic_05",1,"record_equal","N_train/(S_train*R_species); total_weight=N_train","total_weight_equals_record_count","integration","joint_bb","M2","record_equal",2,"eba3acab31cb24e90ff59462a0c0e5e5a2598ebd33b2bd8922d5f92f33aa2b4a","cv"
28,"synthetic_05",1,"record_equal","N_train/(S_train*R_species); total_weight=N_train","total_weight_equals_record_count","integration","joint_bb","M2","record_equal",2,"eba3acab31cb24e90ff59462a0c0e5e5a2598ebd33b2bd8922d5f92f33aa2b4a","cv"
29,"synthetic_05",1,"record_equal","N_train/(S_train*R_species); total_weight=N_train","total_weight_equals_record_count","integration","joint_bb","M2","record_equal",2,"eba3acab31cb24e90ff59462a0c0e5e5a2598ebd33b2bd8922d5f92f33aa2b4a","cv"
30,"synthetic_05",1,"record_equal","N_train/(S_train*R_species); total_weight=N_train","total_weight_equals_record_count","integration","joint_bb","M2","record_equal",2,"eba3acab31cb24e90ff59462a0c0e5e5a2598ebd33b2bd8922d5f92f33aa2b4a","cv"
31,"synthetic_06",1,"record_equal","N_train/(S_train*R_species); total_weight=N_train","total_weight_equals_record_count","integration","joint_bb","M2","record_equal",2,"eba3acab31cb24e90ff59462a0c0e5e5a2598ebd33b2bd8922d5f92f33aa2b4a","cv"
32,"synthetic_06",1,"record_equal","N_train/(S_train*R_species); total_weight=N_train","total_weight_equals_record_count","integration","joint_bb","M2","record_equal",2,"eba3acab31cb24e90ff59462a0c0e5e5a2598ebd33b2bd8922d5f92f33aa2b4a","cv"
33,"synthetic_06",1,"record_equal","N_train/(S_train*R_species); total_weight=N_train","total_weight_equals_record_count","integration","joint_bb","M2","record_equal",2,"eba3acab31cb24e90ff59462a0c0e5e5a2598ebd33b2bd8922d5f92f33aa2b4a","cv"
34,"synthetic_06",1,"record_equal","N_train/(S_train*R_species); total_weight=N_train","total_weight_equals_record_count","integration","joint_bb","M2","record_equal",2,"eba3acab31cb24e90ff59462a0c0e5e5a2598ebd33b2bd8922d5f92f33aa2b4a","cv"
35,"synthetic_06",1,"record_equal","N_train/(S_train*R_species); total_weight=N_train","total_weight_equals_record_count","integration","joint_bb","M2","record_equal",2,"eba3acab31cb24e90ff59462a0c0e5e5a2598ebd33b2bd8922d5f92f33aa2b4a","cv"
36,"synthetic_06",1,"record_equal","N_train/(S_train*R_species); total_weight=N_train","total_weight_equals_record_count","integration","joint_bb","M2","record_equal",2,"eba3acab31cb24e90ff59462a0c0e5e5a2598ebd33b2bd8922d5f92f33aa2b4a","cv"
37,"synthetic_06",1,"record_equal","N_train/(S_train*R_species); total_weight=N_train","total_weight_equals_record_count","integration","joint_bb","M2","record_equal",2,"eba3acab31cb24e90ff59462a0c0e5e5a2598ebd33b2bd8922d5f92f33aa2b4a","cv"
38,"synthetic_06",1,"record_equal","N_train/(S_train*R_species); total_weight=N_train","total_weight_equals_record_count","integration","joint_bb","M2","record_equal",2,"eba3acab31cb24e90ff59462a0c0e5e5a2598ebd33b2bd8922d5f92f33aa2b4a","cv"
39,"synthetic_06",1,"record_equal","N_train/(S_train*R_species); total_weight=N_train","total_weight_equals_record_count","integration","joint_bb","M2","record_equal",2,"eba3acab31cb24e90ff59462a0c0e5e5a2598ebd33b2bd8922d5f92f33aa2b4a","cv"
1,"synthetic_07",1.25,"species_equal","N_train/(S_train*R_species); total_weight=N_train","total_weight_equals_record_count","integration","joint_bb","M2","species_equal",1,"fd7c20f719d21fc875bcea3e5845bb0564ac1634792c022e219ecab031c05534","cv"
2,"synthetic_07",1.25,"species_equal","N_train/(S_train*R_species); total_weight=N_train","total_weight_equals_record_count","integration","joint_bb","M2","species_equal",1,"fd7c20f719d21fc875bcea3e5845bb0564ac1634792c022e219ecab031c05534","cv"
3,"synthetic_07",1.25,"species_equal","N_train/(S_train*R_species); total_weight=N_train","total_weight_equals_record_count","integration","joint_bb","M2","species_equal",1,"fd7c20f719d21fc875bcea3e5845bb0564ac1634792c022e219ecab031c05534","cv"
4,"synthetic_07",1.25,"species_equal","N_train/(S_train*R_species); total_weight=N_train","total_weight_equals_record_count","integration","joint_bb","M2","species_equal",1,"fd7c20f719d21fc875bcea3e5845bb0564ac1634792c022e219ecab031c05534","cv"
5,"synthetic_07",1.25,"species_equal","N_train/(S_train*R_species); total_weight=N_train","total_weight_equals_record_count","integration","joint_bb","M2","species_equal",1,"fd7c20f719d21fc875bcea3e5845bb0564ac1634792c022e219ecab031c05534","cv"
6,"synthetic_07",1.25,"species_equal","N_train/(S_train*R_species); total_weight=N_train","total_weight_equals_record_count","integration","joint_bb","M2","species_equal",1,"fd7c20f719d21fc875bcea3e5845bb0564ac1634792c022e219ecab031c05534","cv"
7,"synthetic_07",1.25,"species_equal","N_train/(S_train*R_species); total_weight=N_train","total_weight_equals_record_count","integration","joint_bb","M2","species_equal",1,"fd7c20f719d21fc875bcea3e5845bb0564ac1634792c022e219ecab031c05534","cv"
8,"synthetic_07",1.25,"species_equal","N_train/(S_train*R_species); total_weight=N_train","total_weight_equals_record_count","integration","joint_bb","M2","species_equal",1,"fd7c20f719d21fc875bcea3e5845bb0564ac1634792c022e219ecab031c05534","cv"
9,"synthetic_07",1.25,"species_equal","N_train/(S_train*R_species); total_weight=N_train","total_weight_equals_record_count","integration","joint_bb","M2","species_equal",1,"fd7c20f719d21fc875bcea3e5845bb0564ac1634792c022e219ecab031c05534","cv"
10,"synthetic_07",1.25,"species_equal","N_train/(S_train*R_species); total_weight=N_train","total_weight_equals_record_count","integration","joint_bb","M2","species_equal",1,"fd7c20f719d21fc875bcea3e5845bb0564ac1634792c022e219ecab031c05534","cv"
11,"synthetic_08",1.13636363636364,"species_equal","N_train/(S_train*R_species); total_weight=N_train","total_weight_equals_record_count","integration","joint_bb","M2","species_equal",1,"fd7c20f719d21fc875bcea3e5845bb0564ac1634792c022e219ecab031c05534","cv"
12,"synthetic_08",1.13636363636364,"species_equal","N_train/(S_train*R_species); total_weight=N_train","total_weight_equals_record_count","integration","joint_bb","M2","species_equal",1,"fd7c20f719d21fc875bcea3e5845bb0564ac1634792c022e219ecab031c05534","cv"
13,"synthetic_08",1.13636363636364,"species_equal","N_train/(S_train*R_species); total_weight=N_train","total_weight_equals_record_count","integration","joint_bb","M2","species_equal",1,"fd7c20f719d21fc875bcea3e5845bb0564ac1634792c022e219ecab031c05534","cv"
14,"synthetic_08",1.13636363636364,"species_equal","N_train/(S_train*R_species); total_weight=N_train","total_weight_equals_record_count","integration","joint_bb","M2","species_equal",1,"fd7c20f719d21fc875bcea3e5845bb0564ac1634792c022e219ecab031c05534","cv"
15,"synthetic_08",1.13636363636364,"species_equal","N_train/(S_train*R_species); total_weight=N_train","total_weight_equals_record_count","integration","joint_bb","M2","species_equal",1,"fd7c20f719d21fc875bcea3e5845bb0564ac1634792c022e219ecab031c05534","cv"
16,"synthetic_08",1.13636363636364,"species_equal","N_train/(S_train*R_species); total_weight=N_train","total_weight_equals_record_count","integration","joint_bb","M2","species_equal",1,"fd7c20f719d21fc875bcea3e5845bb0564ac1634792c022e219ecab031c05534","cv"
17,"synthetic_08",1.13636363636364,"species_equal","N_train/(S_train*R_species); total_weight=N_train","total_weight_equals_record_count","integration","joint_bb","M2","species_equal",1,"fd7c20f719d21fc875bcea3e5845bb0564ac1634792c022e219ecab031c05534","cv"
18,"synthetic_08",1.13636363636364,"species_equal","N_train/(S_train*R_species); total_weight=N_train","total_weight_equals_record_count","integration","joint_bb","M2","species_equal",1,"fd7c20f719d21fc875bcea3e5845bb0564ac1634792c022e219ecab031c05534","cv"
19,"synthetic_08",1.13636363636364,"species_equal","N_train/(S_train*R_species); total_weight=N_train","total_weight_equals_record_count","integration","joint_bb","M2","species_equal",1,"fd7c20f719d21fc875bcea3e5845bb0564ac1634792c022e219ecab031c05534","cv"
20,"synthetic_08",1.13636363636364,"species_equal","N_train/(S_train*R_species); total_weight=N_train","total_weight_equals_record_count","integration","joint_bb","M2","species_equal",1,"fd7c20f719d21fc875bcea3e5845bb0564ac1634792c022e219ecab031c05534","cv"
21,"synthetic_08",1.13636363636364,"species_equal","N_train/(S_train*R_species); total_weight=N_train","total_weight_equals_record_count","integration","joint_bb","M2","species_equal",1,"fd7c20f719d21fc875bcea3e5845bb0564ac1634792c022e219ecab031c05534","cv"
22,"synthetic_09",1.04166666666667,"species_equal","N_train/(S_train*R_species); total_weight=N_train","total_weight_equals_record_count","integration","joint_bb","M2","species_equal",1,"fd7c20f719d21fc875bcea3e5845bb0564ac1634792c022e219ecab031c05534","cv"
23,"synthetic_09",1.04166666666667,"species_equal","N_train/(S_train*R_species); total_weight=N_train","total_weight_equals_record_count","integration","joint_bb","M2","species_equal",1,"fd7c20f719d21fc875bcea3e5845bb0564ac1634792c022e219ecab031c05534","cv"
24,"synthetic_09",1.04166666666667,"species_equal","N_train/(S_train*R_species); total_weight=N_train","total_weight_equals_record_count","integration","joint_bb","M2","species_equal",1,"fd7c20f719d21fc875bcea3e5845bb0564ac1634792c022e219ecab031c05534","cv"
25,"synthetic_09",1.04166666666667,"species_equal","N_train/(S_train*R_species); total_weight=N_train","total_weight_equals_record_count","integration","joint_bb","M2","species_equal",1,"fd7c20f719d21fc875bcea3e5845bb0564ac1634792c022e219ecab031c05534","cv"
26,"synthetic_09",1.04166666666667,"species_equal","N_train/(S_train*R_species); total_weight=N_train","total_weight_equals_record_count","integration","joint_bb","M2","species_equal",1,"fd7c20f719d21fc875bcea3e5845bb0564ac1634792c022e219ecab031c05534","cv"
27,"synthetic_09",1.04166666666667,"species_equal","N_train/(S_train*R_species); total_weight=N_train","total_weight_equals_record_count","integration","joint_bb","M2","species_equal",1,"fd7c20f719d21fc875bcea3e5845bb0564ac1634792c022e219ecab031c05534","cv"
28,"synthetic_09",1.04166666666667,"species_equal","N_train/(S_train*R_species); total_weight=N_train","total_weight_equals_record_count","integration","joint_bb","M2","species_equal",1,"fd7c20f719d21fc875bcea3e5845bb0564ac1634792c022e219ecab031c05534","cv"
29,"synthetic_09",1.04166666666667,"species_equal","N_train/(S_train*R_species); total_weight=N_train","total_weight_equals_record_count","integration","joint_bb","M2","species_equal",1,"fd7c20f719d21fc875bcea3e5845bb0564ac1634792c022e219ecab031c05534","cv"
30,"synthetic_09",1.04166666666667,"species_equal","N_train/(S_train*R_species); total_weight=N_train","total_weight_equals_record_count","integration","joint_bb","M2","species_equal",1,"fd7c20f719d21fc875bcea3e5845bb0564ac1634792c022e219ecab031c05534","cv"
31,"synthetic_09",1.04166666666667,"species_equal","N_train/(S_train*R_species); total_weight=N_train","total_weight_equals_record_count","integration","joint_bb","M2","species_equal",1,"fd7c20f719d21fc875bcea3e5845bb0564ac1634792c022e219ecab031c05534","cv"
32,"synthetic_09",1.04166666666667,"species_equal","N_train/(S_train*R_species); total_weight=N_train","total_weight_equals_record_count","integration","joint_bb","M2","species_equal",1,"fd7c20f719d21fc875bcea3e5845bb0564ac1634792c022e219ecab031c05534","cv"
33,"synthetic_09",1.04166666666667,"species_equal","N_train/(S_train*R_species); total_weight=N_train","total_weight_equals_record_count","integration","joint_bb","M2","species_equal",1,"fd7c20f719d21fc875bcea3e5845bb0564ac1634792c022e219ecab031c05534","cv"
34,"synthetic_10",0.961538461538462,"species_equal","N_train/(S_train*R_species); total_weight=N_train","total_weight_equals_record_count","integration","joint_bb","M2","species_equal",1,"fd7c20f719d21fc875bcea3e5845bb0564ac1634792c022e219ecab031c05534","cv"
35,"synthetic_10",0.961538461538462,"species_equal","N_train/(S_train*R_species); total_weight=N_train","total_weight_equals_record_count","integration","joint_bb","M2","species_equal",1,"fd7c20f719d21fc875bcea3e5845bb0564ac1634792c022e219ecab031c05534","cv"
36,"synthetic_10",0.961538461538462,"species_equal","N_train/(S_train*R_species); total_weight=N_train","total_weight_equals_record_count","integration","joint_bb","M2","species_equal",1,"fd7c20f719d21fc875bcea3e5845bb0564ac1634792c022e219ecab031c05534","cv"
37,"synthetic_10",0.961538461538462,"species_equal","N_train/(S_train*R_species); total_weight=N_train","total_weight_equals_record_count","integration","joint_bb","M2","species_equal",1,"fd7c20f719d21fc875bcea3e5845bb0564ac1634792c022e219ecab031c05534","cv"
38,"synthetic_10",0.961538461538462,"species_equal","N_train/(S_train*R_species); total_weight=N_train","total_weight_equals_record_count","integration","joint_bb","M2","species_equal",1,"fd7c20f719d21fc875bcea3e5845bb0564ac1634792c022e219ecab031c05534","cv"
39,"synthetic_10",0.961538461538462,"species_equal","N_train/(S_train*R_species); total_weight=N_train","total_weight_equals_record_count","integration","joint_bb","M2","species_equal",1,"fd7c20f719d21fc875bcea3e5845bb0564ac1634792c022e219ecab031c05534","cv"
40,"synthetic_10",0.961538461538462,"species_equal","N_train/(S_train*R_species); total_weight=N_train","total_weight_equals_record_count","integration","joint_bb","M2","species_equal",1,"fd7c20f719d21fc875bcea3e5845bb0564ac1634792c022e219ecab031c05534","cv"
41,"synthetic_10",0.961538461538462,"species_equal","N_train/(S_train*R_species); total_weight=N_train","total_weight_equals_record_count","integration","joint_bb","M2","species_equal",1,"fd7c20f719d21fc875bcea3e5845bb0564ac1634792c022e219ecab031c05534","cv"
42,"synthetic_10",0.961538461538462,"species_equal","N_train/(S_train*R_species); total_weight=N_train","total_weight_equals_record_count","integration","joint_bb","M2","species_equal",1,"fd7c20f719d21fc875bcea3e5845bb0564ac1634792c022e219ecab031c05534","cv"
43,"synthetic_10",0.961538461538462,"species_equal","N_train/(S_train*R_species); total_weight=N_train","total_weight_equals_record_count","integration","joint_bb","M2","species_equal",1,"fd7c20f719d21fc875bcea3e5845bb0564ac1634792c022e219ecab031c05534","cv"
44,"synthetic_10",0.961538461538462,"species_equal","N_train/(S_train*R_species); total_weight=N_train","total_weight_equals_record_count","integration","joint_bb","M2","species_equal",1,"fd7c20f719d21fc875bcea3e5845bb0564ac1634792c022e219ecab031c05534","cv"
45,"synthetic_10",0.961538461538462,"species_equal","N_train/(S_train*R_species); total_weight=N_train","total_weight_equals_record_count","integration","joint_bb","M2","species_equal",1,"fd7c20f719d21fc875bcea3e5845bb0564ac1634792c022e219ecab031c05534","cv"
46,"synthetic_10",0.961538461538462,"species_equal","N_train/(S_train*R_species); total_weight=N_train","total_weight_equals_record_count","integration","joint_bb","M2","species_equal",1,"fd7c20f719d21fc875bcea3e5845bb0564ac1634792c022e219ecab031c05534","cv"
47,"synthetic_11",0.892857142857143,"species_equal","N_train/(S_train*R_species); total_weight=N_train","total_weight_equals_record_count","integration","joint_bb","M2","species_equal",1,"fd7c20f719d21fc875bcea3e5845bb0564ac1634792c022e219ecab031c05534","cv"
48,"synthetic_11",0.892857142857143,"species_equal","N_train/(S_train*R_species); total_weight=N_train","total_weight_equals_record_count","integration","joint_bb","M2","species_equal",1,"fd7c20f719d21fc875bcea3e5845bb0564ac1634792c022e219ecab031c05534","cv"
49,"synthetic_11",0.892857142857143,"species_equal","N_train/(S_train*R_species); total_weight=N_train","total_weight_equals_record_count","integration","joint_bb","M2","species_equal",1,"fd7c20f719d21fc875bcea3e5845bb0564ac1634792c022e219ecab031c05534","cv"
50,"synthetic_11",0.892857142857143,"species_equal","N_train/(S_train*R_species); total_weight=N_train","total_weight_equals_record_count","integration","joint_bb","M2","species_equal",1,"fd7c20f719d21fc875bcea3e5845bb0564ac1634792c022e219ecab031c05534","cv"
51,"synthetic_11",0.892857142857143,"species_equal","N_train/(S_train*R_species); total_weight=N_train","total_weight_equals_record_count","integration","joint_bb","M2","species_equal",1,"fd7c20f719d21fc875bcea3e5845bb0564ac1634792c022e219ecab031c05534","cv"
52,"synthetic_11",0.892857142857143,"species_equal","N_train/(S_train*R_species); total_weight=N_train","total_weight_equals_record_count","integration","joint_bb","M2","species_equal",1,"fd7c20f719d21fc875bcea3e5845bb0564ac1634792c022e219ecab031c05534","cv"
53,"synthetic_11",0.892857142857143,"species_equal","N_train/(S_train*R_species); total_weight=N_train","total_weight_equals_record_count","integration","joint_bb","M2","species_equal",1,"fd7c20f719d21fc875bcea3e5845bb0564ac1634792c022e219ecab031c05534","cv"
54,"synthetic_11",0.892857142857143,"species_equal","N_train/(S_train*R_species); total_weight=N_train","total_weight_equals_record_count","integration","joint_bb","M2","species_equal",1,"fd7c20f719d21fc875bcea3e5845bb0564ac1634792c022e219ecab031c05534","cv"
55,"synthetic_11",0.892857142857143,"species_equal","N_train/(S_train*R_species); total_weight=N_train","total_weight_equals_record_count","integration","joint_bb","M2","species_equal",1,"fd7c20f719d21fc875bcea3e5845bb0564ac1634792c022e219ecab031c05534","cv"
56,"synthetic_11",0.892857142857143,"species_equal","N_train/(S_train*R_species); total_weight=N_train","total_weight_equals_record_count","integration","joint_bb","M2","species_equal",1,"fd7c20f719d21fc875bcea3e5845bb0564ac1634792c022e219ecab031c05534","cv"
57,"synthetic_11",0.892857142857143,"species_equal","N_train/(S_train*R_species); total_weight=N_train","total_weight_equals_record_count","integration","joint_bb","M2","species_equal",1,"fd7c20f719d21fc875bcea3e5845bb0564ac1634792c022e219ecab031c05534","cv"
58,"synthetic_11",0.892857142857143,"species_equal","N_train/(S_train*R_species); total_weight=N_train","total_weight_equals_record_count","integration","joint_bb","M2","species_equal",1,"fd7c20f719d21fc875bcea3e5845bb0564ac1634792c022e219ecab031c05534","cv"
59,"synthetic_11",0.892857142857143,"species_equal","N_train/(S_train*R_species); total_weight=N_train","total_weight_equals_record_count","integration","joint_bb","M2","species_equal",1,"fd7c20f719d21fc875bcea3e5845bb0564ac1634792c022e219ecab031c05534","cv"
60,"synthetic_11",0.892857142857143,"species_equal","N_train/(S_train*R_species); total_weight=N_train","total_weight_equals_record_count","integration","joint_bb","M2","species_equal",1,"fd7c20f719d21fc875bcea3e5845bb0564ac1634792c022e219ecab031c05534","cv"
61,"synthetic_12",0.833333333333333,"species_equal","N_train/(S_train*R_species); total_weight=N_train","total_weight_equals_record_count","integration","joint_bb","M2","species_equal",1,"fd7c20f719d21fc875bcea3e5845bb0564ac1634792c022e219ecab031c05534","cv"
62,"synthetic_12",0.833333333333333,"species_equal","N_train/(S_train*R_species); total_weight=N_train","total_weight_equals_record_count","integration","joint_bb","M2","species_equal",1,"fd7c20f719d21fc875bcea3e5845bb0564ac1634792c022e219ecab031c05534","cv"
63,"synthetic_12",0.833333333333333,"species_equal","N_train/(S_train*R_species); total_weight=N_train","total_weight_equals_record_count","integration","joint_bb","M2","species_equal",1,"fd7c20f719d21fc875bcea3e5845bb0564ac1634792c022e219ecab031c05534","cv"
64,"synthetic_12",0.833333333333333,"species_equal","N_train/(S_train*R_species); total_weight=N_train","total_weight_equals_record_count","integration","joint_bb","M2","species_equal",1,"fd7c20f719d21fc875bcea3e5845bb0564ac1634792c022e219ecab031c05534","cv"
65,"synthetic_12",0.833333333333333,"species_equal","N_train/(S_train*R_species); total_weight=N_train","total_weight_equals_record_count","integration","joint_bb","M2","species_equal",1,"fd7c20f719d21fc875bcea3e5845bb0564ac1634792c022e219ecab031c05534","cv"
66,"synthetic_12",0.833333333333333,"species_equal","N_train/(S_train*R_species); total_weight=N_train","total_weight_equals_record_count","integration","joint_bb","M2","species_equal",1,"fd7c20f719d21fc875bcea3e5845bb0564ac1634792c022e219ecab031c05534","cv"
67,"synthetic_12",0.833333333333333,"species_equal","N_train/(S_train*R_species); total_weight=N_train","total_weight_equals_record_count","integration","joint_bb","M2","species_equal",1,"fd7c20f719d21fc875bcea3e5845bb0564ac1634792c022e219ecab031c05534","cv"
68,"synthetic_12",0.833333333333333,"species_equal","N_train/(S_train*R_species); total_weight=N_train","total_weight_equals_record_count","integration","joint_bb","M2","species_equal",1,"fd7c20f719d21fc875bcea3e5845bb0564ac1634792c022e219ecab031c05534","cv"
69,"synthetic_12",0.833333333333333,"species_equal","N_train/(S_train*R_species); total_weight=N_train","total_weight_equals_record_count","integration","joint_bb","M2","species_equal",1,"fd7c20f719d21fc875bcea3e5845bb0564ac1634792c022e219ecab031c05534","cv"
70,"synthetic_12",0.833333333333333,"species_equal","N_train/(S_train*R_species); total_weight=N_train","total_weight_equals_record_count","integration","joint_bb","M2","species_equal",1,"fd7c20f719d21fc875bcea3e5845bb0564ac1634792c022e219ecab031c05534","cv"
71,"synthetic_12",0.833333333333333,"species_equal","N_train/(S_train*R_species); total_weight=N_train","total_weight_equals_record_count","integration","joint_bb","M2","species_equal",1,"fd7c20f719d21fc875bcea3e5845bb0564ac1634792c022e219ecab031c05534","cv"
72,"synthetic_12",0.833333333333333,"species_equal","N_train/(S_train*R_species); total_weight=N_train","total_weight_equals_record_count","integration","joint_bb","M2","species_equal",1,"fd7c20f719d21fc875bcea3e5845bb0564ac1634792c022e219ecab031c05534","cv"
73,"synthetic_12",0.833333333333333,"species_equal","N_train/(S_train*R_species); total_weight=N_train","total_weight_equals_record_count","integration","joint_bb","M2","species_equal",1,"fd7c20f719d21fc875bcea3e5845bb0564ac1634792c022e219ecab031c05534","cv"
74,"synthetic_12",0.833333333333333,"species_equal","N_train/(S_train*R_species); total_weight=N_train","total_weight_equals_record_count","integration","joint_bb","M2","species_equal",1,"fd7c20f719d21fc875bcea3e5845bb0564ac1634792c022e219ecab031c05534","cv"
75,"synthetic_12",0.833333333333333,"species_equal","N_train/(S_train*R_species); total_weight=N_train","total_weight_equals_record_count","integration","joint_bb","M2","species_equal",1,"fd7c20f719d21fc875bcea3e5845bb0564ac1634792c022e219ecab031c05534","cv"
1,"synthetic_01",1.625,"species_equal","N_train/(S_train*R_species); total_weight=N_train","total_weight_equals_record_count","integration","joint_bb","M2","species_equal",2,"73c100d60b2b1e9faaba40f689200a9429c0c7ba5c598a49d9b95cb347b2a769","cv"
2,"synthetic_01",1.625,"species_equal","N_train/(S_train*R_species); total_weight=N_train","total_weight_equals_record_count","integration","joint_bb","M2","species_equal",2,"73c100d60b2b1e9faaba40f689200a9429c0c7ba5c598a49d9b95cb347b2a769","cv"
3,"synthetic_01",1.625,"species_equal","N_train/(S_train*R_species); total_weight=N_train","total_weight_equals_record_count","integration","joint_bb","M2","species_equal",2,"73c100d60b2b1e9faaba40f689200a9429c0c7ba5c598a49d9b95cb347b2a769","cv"
4,"synthetic_01",1.625,"species_equal","N_train/(S_train*R_species); total_weight=N_train","total_weight_equals_record_count","integration","joint_bb","M2","species_equal",2,"73c100d60b2b1e9faaba40f689200a9429c0c7ba5c598a49d9b95cb347b2a769","cv"
5,"synthetic_02",1.3,"species_equal","N_train/(S_train*R_species); total_weight=N_train","total_weight_equals_record_count","integration","joint_bb","M2","species_equal",2,"73c100d60b2b1e9faaba40f689200a9429c0c7ba5c598a49d9b95cb347b2a769","cv"
6,"synthetic_02",1.3,"species_equal","N_train/(S_train*R_species); total_weight=N_train","total_weight_equals_record_count","integration","joint_bb","M2","species_equal",2,"73c100d60b2b1e9faaba40f689200a9429c0c7ba5c598a49d9b95cb347b2a769","cv"
7,"synthetic_02",1.3,"species_equal","N_train/(S_train*R_species); total_weight=N_train","total_weight_equals_record_count","integration","joint_bb","M2","species_equal",2,"73c100d60b2b1e9faaba40f689200a9429c0c7ba5c598a49d9b95cb347b2a769","cv"
8,"synthetic_02",1.3,"species_equal","N_train/(S_train*R_species); total_weight=N_train","total_weight_equals_record_count","integration","joint_bb","M2","species_equal",2,"73c100d60b2b1e9faaba40f689200a9429c0c7ba5c598a49d9b95cb347b2a769","cv"
9,"synthetic_02",1.3,"species_equal","N_train/(S_train*R_species); total_weight=N_train","total_weight_equals_record_count","integration","joint_bb","M2","species_equal",2,"73c100d60b2b1e9faaba40f689200a9429c0c7ba5c598a49d9b95cb347b2a769","cv"
10,"synthetic_03",1.08333333333333,"species_equal","N_train/(S_train*R_species); total_weight=N_train","total_weight_equals_record_count","integration","joint_bb","M2","species_equal",2,"73c100d60b2b1e9faaba40f689200a9429c0c7ba5c598a49d9b95cb347b2a769","cv"
11,"synthetic_03",1.08333333333333,"species_equal","N_train/(S_train*R_species); total_weight=N_train","total_weight_equals_record_count","integration","joint_bb","M2","species_equal",2,"73c100d60b2b1e9faaba40f689200a9429c0c7ba5c598a49d9b95cb347b2a769","cv"
12,"synthetic_03",1.08333333333333,"species_equal","N_train/(S_train*R_species); total_weight=N_train","total_weight_equals_record_count","integration","joint_bb","M2","species_equal",2,"73c100d60b2b1e9faaba40f689200a9429c0c7ba5c598a49d9b95cb347b2a769","cv"
13,"synthetic_03",1.08333333333333,"species_equal","N_train/(S_train*R_species); total_weight=N_train","total_weight_equals_record_count","integration","joint_bb","M2","species_equal",2,"73c100d60b2b1e9faaba40f689200a9429c0c7ba5c598a49d9b95cb347b2a769","cv"
14,"synthetic_03",1.08333333333333,"species_equal","N_train/(S_train*R_species); total_weight=N_train","total_weight_equals_record_count","integration","joint_bb","M2","species_equal",2,"73c100d60b2b1e9faaba40f689200a9429c0c7ba5c598a49d9b95cb347b2a769","cv"
15,"synthetic_03",1.08333333333333,"species_equal","N_train/(S_train*R_species); total_weight=N_train","total_weight_equals_record_count","integration","joint_bb","M2","species_equal",2,"73c100d60b2b1e9faaba40f689200a9429c0c7ba5c598a49d9b95cb347b2a769","cv"
16,"synthetic_04",0.928571428571429,"species_equal","N_train/(S_train*R_species); total_weight=N_train","total_weight_equals_record_count","integration","joint_bb","M2","species_equal",2,"73c100d60b2b1e9faaba40f689200a9429c0c7ba5c598a49d9b95cb347b2a769","cv"
17,"synthetic_04",0.928571428571429,"species_equal","N_train/(S_train*R_species); total_weight=N_train","total_weight_equals_record_count","integration","joint_bb","M2","species_equal",2,"73c100d60b2b1e9faaba40f689200a9429c0c7ba5c598a49d9b95cb347b2a769","cv"
18,"synthetic_04",0.928571428571429,"species_equal","N_train/(S_train*R_species); total_weight=N_train","total_weight_equals_record_count","integration","joint_bb","M2","species_equal",2,"73c100d60b2b1e9faaba40f689200a9429c0c7ba5c598a49d9b95cb347b2a769","cv"
19,"synthetic_04",0.928571428571429,"species_equal","N_train/(S_train*R_species); total_weight=N_train","total_weight_equals_record_count","integration","joint_bb","M2","species_equal",2,"73c100d60b2b1e9faaba40f689200a9429c0c7ba5c598a49d9b95cb347b2a769","cv"
20,"synthetic_04",0.928571428571429,"species_equal","N_train/(S_train*R_species); total_weight=N_train","total_weight_equals_record_count","integration","joint_bb","M2","species_equal",2,"73c100d60b2b1e9faaba40f689200a9429c0c7ba5c598a49d9b95cb347b2a769","cv"
21,"synthetic_04",0.928571428571429,"species_equal","N_train/(S_train*R_species); total_weight=N_train","total_weight_equals_record_count","integration","joint_bb","M2","species_equal",2,"73c100d60b2b1e9faaba40f689200a9429c0c7ba5c598a49d9b95cb347b2a769","cv"
22,"synthetic_04",0.928571428571429,"species_equal","N_train/(S_train*R_species); total_weight=N_train","total_weight_equals_record_count","integration","joint_bb","M2","species_equal",2,"73c100d60b2b1e9faaba40f689200a9429c0c7ba5c598a49d9b95cb347b2a769","cv"
23,"synthetic_05",0.8125,"species_equal","N_train/(S_train*R_species); total_weight=N_train","total_weight_equals_record_count","integration","joint_bb","M2","species_equal",2,"73c100d60b2b1e9faaba40f689200a9429c0c7ba5c598a49d9b95cb347b2a769","cv"
24,"synthetic_05",0.8125,"species_equal","N_train/(S_train*R_species); total_weight=N_train","total_weight_equals_record_count","integration","joint_bb","M2","species_equal",2,"73c100d60b2b1e9faaba40f689200a9429c0c7ba5c598a49d9b95cb347b2a769","cv"
25,"synthetic_05",0.8125,"species_equal","N_train/(S_train*R_species); total_weight=N_train","total_weight_equals_record_count","integration","joint_bb","M2","species_equal",2,"73c100d60b2b1e9faaba40f689200a9429c0c7ba5c598a49d9b95cb347b2a769","cv"
26,"synthetic_05",0.8125,"species_equal","N_train/(S_train*R_species); total_weight=N_train","total_weight_equals_record_count","integration","joint_bb","M2","species_equal",2,"73c100d60b2b1e9faaba40f689200a9429c0c7ba5c598a49d9b95cb347b2a769","cv"
27,"synthetic_05",0.8125,"species_equal","N_train/(S_train*R_species); total_weight=N_train","total_weight_equals_record_count","integration","joint_bb","M2","species_equal",2,"73c100d60b2b1e9faaba40f689200a9429c0c7ba5c598a49d9b95cb347b2a769","cv"
28,"synthetic_05",0.8125,"species_equal","N_train/(S_train*R_species); total_weight=N_train","total_weight_equals_record_count","integration","joint_bb","M2","species_equal",2,"73c100d60b2b1e9faaba40f689200a9429c0c7ba5c598a49d9b95cb347b2a769","cv"
29,"synthetic_05",0.8125,"species_equal","N_train/(S_train*R_species); total_weight=N_train","total_weight_equals_record_count","integration","joint_bb","M2","species_equal",2,"73c100d60b2b1e9faaba40f689200a9429c0c7ba5c598a49d9b95cb347b2a769","cv"
30,"synthetic_05",0.8125,"species_equal","N_train/(S_train*R_species); total_weight=N_train","total_weight_equals_record_count","integration","joint_bb","M2","species_equal",2,"73c100d60b2b1e9faaba40f689200a9429c0c7ba5c598a49d9b95cb347b2a769","cv"
31,"synthetic_06",0.722222222222222,"species_equal","N_train/(S_train*R_species); total_weight=N_train","total_weight_equals_record_count","integration","joint_bb","M2","species_equal",2,"73c100d60b2b1e9faaba40f689200a9429c0c7ba5c598a49d9b95cb347b2a769","cv"
32,"synthetic_06",0.722222222222222,"species_equal","N_train/(S_train*R_species); total_weight=N_train","total_weight_equals_record_count","integration","joint_bb","M2","species_equal",2,"73c100d60b2b1e9faaba40f689200a9429c0c7ba5c598a49d9b95cb347b2a769","cv"
33,"synthetic_06",0.722222222222222,"species_equal","N_train/(S_train*R_species); total_weight=N_train","total_weight_equals_record_count","integration","joint_bb","M2","species_equal",2,"73c100d60b2b1e9faaba40f689200a9429c0c7ba5c598a49d9b95cb347b2a769","cv"
34,"synthetic_06",0.722222222222222,"species_equal","N_train/(S_train*R_species); total_weight=N_train","total_weight_equals_record_count","integration","joint_bb","M2","species_equal",2,"73c100d60b2b1e9faaba40f689200a9429c0c7ba5c598a49d9b95cb347b2a769","cv"
35,"synthetic_06",0.722222222222222,"species_equal","N_train/(S_train*R_species); total_weight=N_train","total_weight_equals_record_count","integration","joint_bb","M2","species_equal",2,"73c100d60b2b1e9faaba40f689200a9429c0c7ba5c598a49d9b95cb347b2a769","cv"
36,"synthetic_06",0.722222222222222,"species_equal","N_train/(S_train*R_species); total_weight=N_train","total_weight_equals_record_count","integration","joint_bb","M2","species_equal",2,"73c100d60b2b1e9faaba40f689200a9429c0c7ba5c598a49d9b95cb347b2a769","cv"
37,"synthetic_06",0.722222222222222,"species_equal","N_train/(S_train*R_species); total_weight=N_train","total_weight_equals_record_count","integration","joint_bb","M2","species_equal",2,"73c100d60b2b1e9faaba40f689200a9429c0c7ba5c598a49d9b95cb347b2a769","cv"
38,"synthetic_06",0.722222222222222,"species_equal","N_train/(S_train*R_species); total_weight=N_train","total_weight_equals_record_count","integration","joint_bb","M2","species_equal",2,"73c100d60b2b1e9faaba40f689200a9429c0c7ba5c598a49d9b95cb347b2a769","cv"
39,"synthetic_06",0.722222222222222,"species_equal","N_train/(S_train*R_species); total_weight=N_train","total_weight_equals_record_count","integration","joint_bb","M2","species_equal",2,"73c100d60b2b1e9faaba40f689200a9429c0c7ba5c598a49d9b95cb347b2a769","cv"
1,"synthetic_07",1,"record_equal","N_train/(S_train*R_species); total_weight=N_train","total_weight_equals_record_count","integration","joint_bb","M3","record_equal",1,"0a5d2044348d89cce2965e11d828c287b17319c1a6303d22412a80558fa602ed","cv"
2,"synthetic_07",1,"record_equal","N_train/(S_train*R_species); total_weight=N_train","total_weight_equals_record_count","integration","joint_bb","M3","record_equal",1,"0a5d2044348d89cce2965e11d828c287b17319c1a6303d22412a80558fa602ed","cv"
3,"synthetic_07",1,"record_equal","N_train/(S_train*R_species); total_weight=N_train","total_weight_equals_record_count","integration","joint_bb","M3","record_equal",1,"0a5d2044348d89cce2965e11d828c287b17319c1a6303d22412a80558fa602ed","cv"
4,"synthetic_07",1,"record_equal","N_train/(S_train*R_species); total_weight=N_train","total_weight_equals_record_count","integration","joint_bb","M3","record_equal",1,"0a5d2044348d89cce2965e11d828c287b17319c1a6303d22412a80558fa602ed","cv"
5,"synthetic_07",1,"record_equal","N_train/(S_train*R_species); total_weight=N_train","total_weight_equals_record_count","integration","joint_bb","M3","record_equal",1,"0a5d2044348d89cce2965e11d828c287b17319c1a6303d22412a80558fa602ed","cv"
6,"synthetic_07",1,"record_equal","N_train/(S_train*R_species); total_weight=N_train","total_weight_equals_record_count","integration","joint_bb","M3","record_equal",1,"0a5d2044348d89cce2965e11d828c287b17319c1a6303d22412a80558fa602ed","cv"
7,"synthetic_07",1,"record_equal","N_train/(S_train*R_species); total_weight=N_train","total_weight_equals_record_count","integration","joint_bb","M3","record_equal",1,"0a5d2044348d89cce2965e11d828c287b17319c1a6303d22412a80558fa602ed","cv"
8,"synthetic_07",1,"record_equal","N_train/(S_train*R_species); total_weight=N_train","total_weight_equals_record_count","integration","joint_bb","M3","record_equal",1,"0a5d2044348d89cce2965e11d828c287b17319c1a6303d22412a80558fa602ed","cv"
9,"synthetic_07",1,"record_equal","N_train/(S_train*R_species); total_weight=N_train","total_weight_equals_record_count","integration","joint_bb","M3","record_equal",1,"0a5d2044348d89cce2965e11d828c287b17319c1a6303d22412a80558fa602ed","cv"
10,"synthetic_07",1,"record_equal","N_train/(S_train*R_species); total_weight=N_train","total_weight_equals_record_count","integration","joint_bb","M3","record_equal",1,"0a5d2044348d89cce2965e11d828c287b17319c1a6303d22412a80558fa602ed","cv"
11,"synthetic_08",1,"record_equal","N_train/(S_train*R_species); total_weight=N_train","total_weight_equals_record_count","integration","joint_bb","M3","record_equal",1,"0a5d2044348d89cce2965e11d828c287b17319c1a6303d22412a80558fa602ed","cv"
12,"synthetic_08",1,"record_equal","N_train/(S_train*R_species); total_weight=N_train","total_weight_equals_record_count","integration","joint_bb","M3","record_equal",1,"0a5d2044348d89cce2965e11d828c287b17319c1a6303d22412a80558fa602ed","cv"
13,"synthetic_08",1,"record_equal","N_train/(S_train*R_species); total_weight=N_train","total_weight_equals_record_count","integration","joint_bb","M3","record_equal",1,"0a5d2044348d89cce2965e11d828c287b17319c1a6303d22412a80558fa602ed","cv"
14,"synthetic_08",1,"record_equal","N_train/(S_train*R_species); total_weight=N_train","total_weight_equals_record_count","integration","joint_bb","M3","record_equal",1,"0a5d2044348d89cce2965e11d828c287b17319c1a6303d22412a80558fa602ed","cv"
15,"synthetic_08",1,"record_equal","N_train/(S_train*R_species); total_weight=N_train","total_weight_equals_record_count","integration","joint_bb","M3","record_equal",1,"0a5d2044348d89cce2965e11d828c287b17319c1a6303d22412a80558fa602ed","cv"
16,"synthetic_08",1,"record_equal","N_train/(S_train*R_species); total_weight=N_train","total_weight_equals_record_count","integration","joint_bb","M3","record_equal",1,"0a5d2044348d89cce2965e11d828c287b17319c1a6303d22412a80558fa602ed","cv"
17,"synthetic_08",1,"record_equal","N_train/(S_train*R_species); total_weight=N_train","total_weight_equals_record_count","integration","joint_bb","M3","record_equal",1,"0a5d2044348d89cce2965e11d828c287b17319c1a6303d22412a80558fa602ed","cv"
18,"synthetic_08",1,"record_equal","N_train/(S_train*R_species); total_weight=N_train","total_weight_equals_record_count","integration","joint_bb","M3","record_equal",1,"0a5d2044348d89cce2965e11d828c287b17319c1a6303d22412a80558fa602ed","cv"
19,"synthetic_08",1,"record_equal","N_train/(S_train*R_species); total_weight=N_train","total_weight_equals_record_count","integration","joint_bb","M3","record_equal",1,"0a5d2044348d89cce2965e11d828c287b17319c1a6303d22412a80558fa602ed","cv"
20,"synthetic_08",1,"record_equal","N_train/(S_train*R_species); total_weight=N_train","total_weight_equals_record_count","integration","joint_bb","M3","record_equal",1,"0a5d2044348d89cce2965e11d828c287b17319c1a6303d22412a80558fa602ed","cv"
21,"synthetic_08",1,"record_equal","N_train/(S_train*R_species); total_weight=N_train","total_weight_equals_record_count","integration","joint_bb","M3","record_equal",1,"0a5d2044348d89cce2965e11d828c287b17319c1a6303d22412a80558fa602ed","cv"
22,"synthetic_09",1,"record_equal","N_train/(S_train*R_species); total_weight=N_train","total_weight_equals_record_count","integration","joint_bb","M3","record_equal",1,"0a5d2044348d89cce2965e11d828c287b17319c1a6303d22412a80558fa602ed","cv"
23,"synthetic_09",1,"record_equal","N_train/(S_train*R_species); total_weight=N_train","total_weight_equals_record_count","integration","joint_bb","M3","record_equal",1,"0a5d2044348d89cce2965e11d828c287b17319c1a6303d22412a80558fa602ed","cv"
24,"synthetic_09",1,"record_equal","N_train/(S_train*R_species); total_weight=N_train","total_weight_equals_record_count","integration","joint_bb","M3","record_equal",1,"0a5d2044348d89cce2965e11d828c287b17319c1a6303d22412a80558fa602ed","cv"
25,"synthetic_09",1,"record_equal","N_train/(S_train*R_species); total_weight=N_train","total_weight_equals_record_count","integration","joint_bb","M3","record_equal",1,"0a5d2044348d89cce2965e11d828c287b17319c1a6303d22412a80558fa602ed","cv"
26,"synthetic_09",1,"record_equal","N_train/(S_train*R_species); total_weight=N_train","total_weight_equals_record_count","integration","joint_bb","M3","record_equal",1,"0a5d2044348d89cce2965e11d828c287b17319c1a6303d22412a80558fa602ed","cv"
27,"synthetic_09",1,"record_equal","N_train/(S_train*R_species); total_weight=N_train","total_weight_equals_record_count","integration","joint_bb","M3","record_equal",1,"0a5d2044348d89cce2965e11d828c287b17319c1a6303d22412a80558fa602ed","cv"
28,"synthetic_09",1,"record_equal","N_train/(S_train*R_species); total_weight=N_train","total_weight_equals_record_count","integration","joint_bb","M3","record_equal",1,"0a5d2044348d89cce2965e11d828c287b17319c1a6303d22412a80558fa602ed","cv"
29,"synthetic_09",1,"record_equal","N_train/(S_train*R_species); total_weight=N_train","total_weight_equals_record_count","integration","joint_bb","M3","record_equal",1,"0a5d2044348d89cce2965e11d828c287b17319c1a6303d22412a80558fa602ed","cv"
30,"synthetic_09",1,"record_equal","N_train/(S_train*R_species); total_weight=N_train","total_weight_equals_record_count","integration","joint_bb","M3","record_equal",1,"0a5d2044348d89cce2965e11d828c287b17319c1a6303d22412a80558fa602ed","cv"
31,"synthetic_09",1,"record_equal","N_train/(S_train*R_species); total_weight=N_train","total_weight_equals_record_count","integration","joint_bb","M3","record_equal",1,"0a5d2044348d89cce2965e11d828c287b17319c1a6303d22412a80558fa602ed","cv"
32,"synthetic_09",1,"record_equal","N_train/(S_train*R_species); total_weight=N_train","total_weight_equals_record_count","integration","joint_bb","M3","record_equal",1,"0a5d2044348d89cce2965e11d828c287b17319c1a6303d22412a80558fa602ed","cv"
33,"synthetic_09",1,"record_equal","N_train/(S_train*R_species); total_weight=N_train","total_weight_equals_record_count","integration","joint_bb","M3","record_equal",1,"0a5d2044348d89cce2965e11d828c287b17319c1a6303d22412a80558fa602ed","cv"
34,"synthetic_10",1,"record_equal","N_train/(S_train*R_species); total_weight=N_train","total_weight_equals_record_count","integration","joint_bb","M3","record_equal",1,"0a5d2044348d89cce2965e11d828c287b17319c1a6303d22412a80558fa602ed","cv"
35,"synthetic_10",1,"record_equal","N_train/(S_train*R_species); total_weight=N_train","total_weight_equals_record_count","integration","joint_bb","M3","record_equal",1,"0a5d2044348d89cce2965e11d828c287b17319c1a6303d22412a80558fa602ed","cv"
36,"synthetic_10",1,"record_equal","N_train/(S_train*R_species); total_weight=N_train","total_weight_equals_record_count","integration","joint_bb","M3","record_equal",1,"0a5d2044348d89cce2965e11d828c287b17319c1a6303d22412a80558fa602ed","cv"
37,"synthetic_10",1,"record_equal","N_train/(S_train*R_species); total_weight=N_train","total_weight_equals_record_count","integration","joint_bb","M3","record_equal",1,"0a5d2044348d89cce2965e11d828c287b17319c1a6303d22412a80558fa602ed","cv"
38,"synthetic_10",1,"record_equal","N_train/(S_train*R_species); total_weight=N_train","total_weight_equals_record_count","integration","joint_bb","M3","record_equal",1,"0a5d2044348d89cce2965e11d828c287b17319c1a6303d22412a80558fa602ed","cv"
39,"synthetic_10",1,"record_equal","N_train/(S_train*R_species); total_weight=N_train","total_weight_equals_record_count","integration","joint_bb","M3","record_equal",1,"0a5d2044348d89cce2965e11d828c287b17319c1a6303d22412a80558fa602ed","cv"
40,"synthetic_10",1,"record_equal","N_train/(S_train*R_species); total_weight=N_train","total_weight_equals_record_count","integration","joint_bb","M3","record_equal",1,"0a5d2044348d89cce2965e11d828c287b17319c1a6303d22412a80558fa602ed","cv"
41,"synthetic_10",1,"record_equal","N_train/(S_train*R_species); total_weight=N_train","total_weight_equals_record_count","integration","joint_bb","M3","record_equal",1,"0a5d2044348d89cce2965e11d828c287b17319c1a6303d22412a80558fa602ed","cv"
42,"synthetic_10",1,"record_equal","N_train/(S_train*R_species); total_weight=N_train","total_weight_equals_record_count","integration","joint_bb","M3","record_equal",1,"0a5d2044348d89cce2965e11d828c287b17319c1a6303d22412a80558fa602ed","cv"
43,"synthetic_10",1,"record_equal","N_train/(S_train*R_species); total_weight=N_train","total_weight_equals_record_count","integration","joint_bb","M3","record_equal",1,"0a5d2044348d89cce2965e11d828c287b17319c1a6303d22412a80558fa602ed","cv"
44,"synthetic_10",1,"record_equal","N_train/(S_train*R_species); total_weight=N_train","total_weight_equals_record_count","integration","joint_bb","M3","record_equal",1,"0a5d2044348d89cce2965e11d828c287b17319c1a6303d22412a80558fa602ed","cv"
45,"synthetic_10",1,"record_equal","N_train/(S_train*R_species); total_weight=N_train","total_weight_equals_record_count","integration","joint_bb","M3","record_equal",1,"0a5d2044348d89cce2965e11d828c287b17319c1a6303d22412a80558fa602ed","cv"
46,"synthetic_10",1,"record_equal","N_train/(S_train*R_species); total_weight=N_train","total_weight_equals_record_count","integration","joint_bb","M3","record_equal",1,"0a5d2044348d89cce2965e11d828c287b17319c1a6303d22412a80558fa602ed","cv"
47,"synthetic_11",1,"record_equal","N_train/(S_train*R_species); total_weight=N_train","total_weight_equals_record_count","integration","joint_bb","M3","record_equal",1,"0a5d2044348d89cce2965e11d828c287b17319c1a6303d22412a80558fa602ed","cv"
48,"synthetic_11",1,"record_equal","N_train/(S_train*R_species); total_weight=N_train","total_weight_equals_record_count","integration","joint_bb","M3","record_equal",1,"0a5d2044348d89cce2965e11d828c287b17319c1a6303d22412a80558fa602ed","cv"
49,"synthetic_11",1,"record_equal","N_train/(S_train*R_species); total_weight=N_train","total_weight_equals_record_count","integration","joint_bb","M3","record_equal",1,"0a5d2044348d89cce2965e11d828c287b17319c1a6303d22412a80558fa602ed","cv"
50,"synthetic_11",1,"record_equal","N_train/(S_train*R_species); total_weight=N_train","total_weight_equals_record_count","integration","joint_bb","M3","record_equal",1,"0a5d2044348d89cce2965e11d828c287b17319c1a6303d22412a80558fa602ed","cv"
51,"synthetic_11",1,"record_equal","N_train/(S_train*R_species); total_weight=N_train","total_weight_equals_record_count","integration","joint_bb","M3","record_equal",1,"0a5d2044348d89cce2965e11d828c287b17319c1a6303d22412a80558fa602ed","cv"
52,"synthetic_11",1,"record_equal","N_train/(S_train*R_species); total_weight=N_train","total_weight_equals_record_count","integration","joint_bb","M3","record_equal",1,"0a5d2044348d89cce2965e11d828c287b17319c1a6303d22412a80558fa602ed","cv"
53,"synthetic_11",1,"record_equal","N_train/(S_train*R_species); total_weight=N_train","total_weight_equals_record_count","integration","joint_bb","M3","record_equal",1,"0a5d2044348d89cce2965e11d828c287b17319c1a6303d22412a80558fa602ed","cv"
54,"synthetic_11",1,"record_equal","N_train/(S_train*R_species); total_weight=N_train","total_weight_equals_record_count","integration","joint_bb","M3","record_equal",1,"0a5d2044348d89cce2965e11d828c287b17319c1a6303d22412a80558fa602ed","cv"
55,"synthetic_11",1,"record_equal","N_train/(S_train*R_species); total_weight=N_train","total_weight_equals_record_count","integration","joint_bb","M3","record_equal",1,"0a5d2044348d89cce2965e11d828c287b17319c1a6303d22412a80558fa602ed","cv"
56,"synthetic_11",1,"record_equal","N_train/(S_train*R_species); total_weight=N_train","total_weight_equals_record_count","integration","joint_bb","M3","record_equal",1,"0a5d2044348d89cce2965e11d828c287b17319c1a6303d22412a80558fa602ed","cv"
57,"synthetic_11",1,"record_equal","N_train/(S_train*R_species); total_weight=N_train","total_weight_equals_record_count","integration","joint_bb","M3","record_equal",1,"0a5d2044348d89cce2965e11d828c287b17319c1a6303d22412a80558fa602ed","cv"
58,"synthetic_11",1,"record_equal","N_train/(S_train*R_species); total_weight=N_train","total_weight_equals_record_count","integration","joint_bb","M3","record_equal",1,"0a5d2044348d89cce2965e11d828c287b17319c1a6303d22412a80558fa602ed","cv"
59,"synthetic_11",1,"record_equal","N_train/(S_train*R_species); total_weight=N_train","total_weight_equals_record_count","integration","joint_bb","M3","record_equal",1,"0a5d2044348d89cce2965e11d828c287b17319c1a6303d22412a80558fa602ed","cv"
60,"synthetic_11",1,"record_equal","N_train/(S_train*R_species); total_weight=N_train","total_weight_equals_record_count","integration","joint_bb","M3","record_equal",1,"0a5d2044348d89cce2965e11d828c287b17319c1a6303d22412a80558fa602ed","cv"
61,"synthetic_12",1,"record_equal","N_train/(S_train*R_species); total_weight=N_train","total_weight_equals_record_count","integration","joint_bb","M3","record_equal",1,"0a5d2044348d89cce2965e11d828c287b17319c1a6303d22412a80558fa602ed","cv"
62,"synthetic_12",1,"record_equal","N_train/(S_train*R_species); total_weight=N_train","total_weight_equals_record_count","integration","joint_bb","M3","record_equal",1,"0a5d2044348d89cce2965e11d828c287b17319c1a6303d22412a80558fa602ed","cv"
63,"synthetic_12",1,"record_equal","N_train/(S_train*R_species); total_weight=N_train","total_weight_equals_record_count","integration","joint_bb","M3","record_equal",1,"0a5d2044348d89cce2965e11d828c287b17319c1a6303d22412a80558fa602ed","cv"
64,"synthetic_12",1,"record_equal","N_train/(S_train*R_species); total_weight=N_train","total_weight_equals_record_count","integration","joint_bb","M3","record_equal",1,"0a5d2044348d89cce2965e11d828c287b17319c1a6303d22412a80558fa602ed","cv"
65,"synthetic_12",1,"record_equal","N_train/(S_train*R_species); total_weight=N_train","total_weight_equals_record_count","integration","joint_bb","M3","record_equal",1,"0a5d2044348d89cce2965e11d828c287b17319c1a6303d22412a80558fa602ed","cv"
66,"synthetic_12",1,"record_equal","N_train/(S_train*R_species); total_weight=N_train","total_weight_equals_record_count","integration","joint_bb","M3","record_equal",1,"0a5d2044348d89cce2965e11d828c287b17319c1a6303d22412a80558fa602ed","cv"
67,"synthetic_12",1,"record_equal","N_train/(S_train*R_species); total_weight=N_train","total_weight_equals_record_count","integration","joint_bb","M3","record_equal",1,"0a5d2044348d89cce2965e11d828c287b17319c1a6303d22412a80558fa602ed","cv"
68,"synthetic_12",1,"record_equal","N_train/(S_train*R_species); total_weight=N_train","total_weight_equals_record_count","integration","joint_bb","M3","record_equal",1,"0a5d2044348d89cce2965e11d828c287b17319c1a6303d22412a80558fa602ed","cv"
69,"synthetic_12",1,"record_equal","N_train/(S_train*R_species); total_weight=N_train","total_weight_equals_record_count","integration","joint_bb","M3","record_equal",1,"0a5d2044348d89cce2965e11d828c287b17319c1a6303d22412a80558fa602ed","cv"
70,"synthetic_12",1,"record_equal","N_train/(S_train*R_species); total_weight=N_train","total_weight_equals_record_count","integration","joint_bb","M3","record_equal",1,"0a5d2044348d89cce2965e11d828c287b17319c1a6303d22412a80558fa602ed","cv"
71,"synthetic_12",1,"record_equal","N_train/(S_train*R_species); total_weight=N_train","total_weight_equals_record_count","integration","joint_bb","M3","record_equal",1,"0a5d2044348d89cce2965e11d828c287b17319c1a6303d22412a80558fa602ed","cv"
72,"synthetic_12",1,"record_equal","N_train/(S_train*R_species); total_weight=N_train","total_weight_equals_record_count","integration","joint_bb","M3","record_equal",1,"0a5d2044348d89cce2965e11d828c287b17319c1a6303d22412a80558fa602ed","cv"
73,"synthetic_12",1,"record_equal","N_train/(S_train*R_species); total_weight=N_train","total_weight_equals_record_count","integration","joint_bb","M3","record_equal",1,"0a5d2044348d89cce2965e11d828c287b17319c1a6303d22412a80558fa602ed","cv"
74,"synthetic_12",1,"record_equal","N_train/(S_train*R_species); total_weight=N_train","total_weight_equals_record_count","integration","joint_bb","M3","record_equal",1,"0a5d2044348d89cce2965e11d828c287b17319c1a6303d22412a80558fa602ed","cv"
75,"synthetic_12",1,"record_equal","N_train/(S_train*R_species); total_weight=N_train","total_weight_equals_record_count","integration","joint_bb","M3","record_equal",1,"0a5d2044348d89cce2965e11d828c287b17319c1a6303d22412a80558fa602ed","cv"
1,"synthetic_01",1,"record_equal","N_train/(S_train*R_species); total_weight=N_train","total_weight_equals_record_count","integration","joint_bb","M3","record_equal",2,"a64bfd1121c8035979775aedf53303dea49055988ddf90740d11c6229531b31b","cv"
2,"synthetic_01",1,"record_equal","N_train/(S_train*R_species); total_weight=N_train","total_weight_equals_record_count","integration","joint_bb","M3","record_equal",2,"a64bfd1121c8035979775aedf53303dea49055988ddf90740d11c6229531b31b","cv"
3,"synthetic_01",1,"record_equal","N_train/(S_train*R_species); total_weight=N_train","total_weight_equals_record_count","integration","joint_bb","M3","record_equal",2,"a64bfd1121c8035979775aedf53303dea49055988ddf90740d11c6229531b31b","cv"
4,"synthetic_01",1,"record_equal","N_train/(S_train*R_species); total_weight=N_train","total_weight_equals_record_count","integration","joint_bb","M3","record_equal",2,"a64bfd1121c8035979775aedf53303dea49055988ddf90740d11c6229531b31b","cv"
5,"synthetic_02",1,"record_equal","N_train/(S_train*R_species); total_weight=N_train","total_weight_equals_record_count","integration","joint_bb","M3","record_equal",2,"a64bfd1121c8035979775aedf53303dea49055988ddf90740d11c6229531b31b","cv"
6,"synthetic_02",1,"record_equal","N_train/(S_train*R_species); total_weight=N_train","total_weight_equals_record_count","integration","joint_bb","M3","record_equal",2,"a64bfd1121c8035979775aedf53303dea49055988ddf90740d11c6229531b31b","cv"
7,"synthetic_02",1,"record_equal","N_train/(S_train*R_species); total_weight=N_train","total_weight_equals_record_count","integration","joint_bb","M3","record_equal",2,"a64bfd1121c8035979775aedf53303dea49055988ddf90740d11c6229531b31b","cv"
8,"synthetic_02",1,"record_equal","N_train/(S_train*R_species); total_weight=N_train","total_weight_equals_record_count","integration","joint_bb","M3","record_equal",2,"a64bfd1121c8035979775aedf53303dea49055988ddf90740d11c6229531b31b","cv"
9,"synthetic_02",1,"record_equal","N_train/(S_train*R_species); total_weight=N_train","total_weight_equals_record_count","integration","joint_bb","M3","record_equal",2,"a64bfd1121c8035979775aedf53303dea49055988ddf90740d11c6229531b31b","cv"
10,"synthetic_03",1,"record_equal","N_train/(S_train*R_species); total_weight=N_train","total_weight_equals_record_count","integration","joint_bb","M3","record_equal",2,"a64bfd1121c8035979775aedf53303dea49055988ddf90740d11c6229531b31b","cv"
11,"synthetic_03",1,"record_equal","N_train/(S_train*R_species); total_weight=N_train","total_weight_equals_record_count","integration","joint_bb","M3","record_equal",2,"a64bfd1121c8035979775aedf53303dea49055988ddf90740d11c6229531b31b","cv"
12,"synthetic_03",1,"record_equal","N_train/(S_train*R_species); total_weight=N_train","total_weight_equals_record_count","integration","joint_bb","M3","record_equal",2,"a64bfd1121c8035979775aedf53303dea49055988ddf90740d11c6229531b31b","cv"
13,"synthetic_03",1,"record_equal","N_train/(S_train*R_species); total_weight=N_train","total_weight_equals_record_count","integration","joint_bb","M3","record_equal",2,"a64bfd1121c8035979775aedf53303dea49055988ddf90740d11c6229531b31b","cv"
14,"synthetic_03",1,"record_equal","N_train/(S_train*R_species); total_weight=N_train","total_weight_equals_record_count","integration","joint_bb","M3","record_equal",2,"a64bfd1121c8035979775aedf53303dea49055988ddf90740d11c6229531b31b","cv"
15,"synthetic_03",1,"record_equal","N_train/(S_train*R_species); total_weight=N_train","total_weight_equals_record_count","integration","joint_bb","M3","record_equal",2,"a64bfd1121c8035979775aedf53303dea49055988ddf90740d11c6229531b31b","cv"
16,"synthetic_04",1,"record_equal","N_train/(S_train*R_species); total_weight=N_train","total_weight_equals_record_count","integration","joint_bb","M3","record_equal",2,"a64bfd1121c8035979775aedf53303dea49055988ddf90740d11c6229531b31b","cv"
17,"synthetic_04",1,"record_equal","N_train/(S_train*R_species); total_weight=N_train","total_weight_equals_record_count","integration","joint_bb","M3","record_equal",2,"a64bfd1121c8035979775aedf53303dea49055988ddf90740d11c6229531b31b","cv"
18,"synthetic_04",1,"record_equal","N_train/(S_train*R_species); total_weight=N_train","total_weight_equals_record_count","integration","joint_bb","M3","record_equal",2,"a64bfd1121c8035979775aedf53303dea49055988ddf90740d11c6229531b31b","cv"
19,"synthetic_04",1,"record_equal","N_train/(S_train*R_species); total_weight=N_train","total_weight_equals_record_count","integration","joint_bb","M3","record_equal",2,"a64bfd1121c8035979775aedf53303dea49055988ddf90740d11c6229531b31b","cv"
20,"synthetic_04",1,"record_equal","N_train/(S_train*R_species); total_weight=N_train","total_weight_equals_record_count","integration","joint_bb","M3","record_equal",2,"a64bfd1121c8035979775aedf53303dea49055988ddf90740d11c6229531b31b","cv"
21,"synthetic_04",1,"record_equal","N_train/(S_train*R_species); total_weight=N_train","total_weight_equals_record_count","integration","joint_bb","M3","record_equal",2,"a64bfd1121c8035979775aedf53303dea49055988ddf90740d11c6229531b31b","cv"
22,"synthetic_04",1,"record_equal","N_train/(S_train*R_species); total_weight=N_train","total_weight_equals_record_count","integration","joint_bb","M3","record_equal",2,"a64bfd1121c8035979775aedf53303dea49055988ddf90740d11c6229531b31b","cv"
23,"synthetic_05",1,"record_equal","N_train/(S_train*R_species); total_weight=N_train","total_weight_equals_record_count","integration","joint_bb","M3","record_equal",2,"a64bfd1121c8035979775aedf53303dea49055988ddf90740d11c6229531b31b","cv"
24,"synthetic_05",1,"record_equal","N_train/(S_train*R_species); total_weight=N_train","total_weight_equals_record_count","integration","joint_bb","M3","record_equal",2,"a64bfd1121c8035979775aedf53303dea49055988ddf90740d11c6229531b31b","cv"
25,"synthetic_05",1,"record_equal","N_train/(S_train*R_species); total_weight=N_train","total_weight_equals_record_count","integration","joint_bb","M3","record_equal",2,"a64bfd1121c8035979775aedf53303dea49055988ddf90740d11c6229531b31b","cv"
26,"synthetic_05",1,"record_equal","N_train/(S_train*R_species); total_weight=N_train","total_weight_equals_record_count","integration","joint_bb","M3","record_equal",2,"a64bfd1121c8035979775aedf53303dea49055988ddf90740d11c6229531b31b","cv"
27,"synthetic_05",1,"record_equal","N_train/(S_train*R_species); total_weight=N_train","total_weight_equals_record_count","integration","joint_bb","M3","record_equal",2,"a64bfd1121c8035979775aedf53303dea49055988ddf90740d11c6229531b31b","cv"
28,"synthetic_05",1,"record_equal","N_train/(S_train*R_species); total_weight=N_train","total_weight_equals_record_count","integration","joint_bb","M3","record_equal",2,"a64bfd1121c8035979775aedf53303dea49055988ddf90740d11c6229531b31b","cv"
29,"synthetic_05",1,"record_equal","N_train/(S_train*R_species); total_weight=N_train","total_weight_equals_record_count","integration","joint_bb","M3","record_equal",2,"a64bfd1121c8035979775aedf53303dea49055988ddf90740d11c6229531b31b","cv"
30,"synthetic_05",1,"record_equal","N_train/(S_train*R_species); total_weight=N_train","total_weight_equals_record_count","integration","joint_bb","M3","record_equal",2,"a64bfd1121c8035979775aedf53303dea49055988ddf90740d11c6229531b31b","cv"
31,"synthetic_06",1,"record_equal","N_train/(S_train*R_species); total_weight=N_train","total_weight_equals_record_count","integration","joint_bb","M3","record_equal",2,"a64bfd1121c8035979775aedf53303dea49055988ddf90740d11c6229531b31b","cv"
32,"synthetic_06",1,"record_equal","N_train/(S_train*R_species); total_weight=N_train","total_weight_equals_record_count","integration","joint_bb","M3","record_equal",2,"a64bfd1121c8035979775aedf53303dea49055988ddf90740d11c6229531b31b","cv"
33,"synthetic_06",1,"record_equal","N_train/(S_train*R_species); total_weight=N_train","total_weight_equals_record_count","integration","joint_bb","M3","record_equal",2,"a64bfd1121c8035979775aedf53303dea49055988ddf90740d11c6229531b31b","cv"
34,"synthetic_06",1,"record_equal","N_train/(S_train*R_species); total_weight=N_train","total_weight_equals_record_count","integration","joint_bb","M3","record_equal",2,"a64bfd1121c8035979775aedf53303dea49055988ddf90740d11c6229531b31b","cv"
35,"synthetic_06",1,"record_equal","N_train/(S_train*R_species); total_weight=N_train","total_weight_equals_record_count","integration","joint_bb","M3","record_equal",2,"a64bfd1121c8035979775aedf53303dea49055988ddf90740d11c6229531b31b","cv"
36,"synthetic_06",1,"record_equal","N_train/(S_train*R_species); total_weight=N_train","total_weight_equals_record_count","integration","joint_bb","M3","record_equal",2,"a64bfd1121c8035979775aedf53303dea49055988ddf90740d11c6229531b31b","cv"
37,"synthetic_06",1,"record_equal","N_train/(S_train*R_species); total_weight=N_train","total_weight_equals_record_count","integration","joint_bb","M3","record_equal",2,"a64bfd1121c8035979775aedf53303dea49055988ddf90740d11c6229531b31b","cv"
38,"synthetic_06",1,"record_equal","N_train/(S_train*R_species); total_weight=N_train","total_weight_equals_record_count","integration","joint_bb","M3","record_equal",2,"a64bfd1121c8035979775aedf53303dea49055988ddf90740d11c6229531b31b","cv"
39,"synthetic_06",1,"record_equal","N_train/(S_train*R_species); total_weight=N_train","total_weight_equals_record_count","integration","joint_bb","M3","record_equal",2,"a64bfd1121c8035979775aedf53303dea49055988ddf90740d11c6229531b31b","cv"
1,"synthetic_07",1.25,"species_equal","N_train/(S_train*R_species); total_weight=N_train","total_weight_equals_record_count","integration","joint_bb","M3","species_equal",1,"b1905fa3c4351f9b30dc1be5419a66db2d74fe1300ed428d2d089e01814faed9","cv"
2,"synthetic_07",1.25,"species_equal","N_train/(S_train*R_species); total_weight=N_train","total_weight_equals_record_count","integration","joint_bb","M3","species_equal",1,"b1905fa3c4351f9b30dc1be5419a66db2d74fe1300ed428d2d089e01814faed9","cv"
3,"synthetic_07",1.25,"species_equal","N_train/(S_train*R_species); total_weight=N_train","total_weight_equals_record_count","integration","joint_bb","M3","species_equal",1,"b1905fa3c4351f9b30dc1be5419a66db2d74fe1300ed428d2d089e01814faed9","cv"
4,"synthetic_07",1.25,"species_equal","N_train/(S_train*R_species); total_weight=N_train","total_weight_equals_record_count","integration","joint_bb","M3","species_equal",1,"b1905fa3c4351f9b30dc1be5419a66db2d74fe1300ed428d2d089e01814faed9","cv"
5,"synthetic_07",1.25,"species_equal","N_train/(S_train*R_species); total_weight=N_train","total_weight_equals_record_count","integration","joint_bb","M3","species_equal",1,"b1905fa3c4351f9b30dc1be5419a66db2d74fe1300ed428d2d089e01814faed9","cv"
6,"synthetic_07",1.25,"species_equal","N_train/(S_train*R_species); total_weight=N_train","total_weight_equals_record_count","integration","joint_bb","M3","species_equal",1,"b1905fa3c4351f9b30dc1be5419a66db2d74fe1300ed428d2d089e01814faed9","cv"
7,"synthetic_07",1.25,"species_equal","N_train/(S_train*R_species); total_weight=N_train","total_weight_equals_record_count","integration","joint_bb","M3","species_equal",1,"b1905fa3c4351f9b30dc1be5419a66db2d74fe1300ed428d2d089e01814faed9","cv"
8,"synthetic_07",1.25,"species_equal","N_train/(S_train*R_species); total_weight=N_train","total_weight_equals_record_count","integration","joint_bb","M3","species_equal",1,"b1905fa3c4351f9b30dc1be5419a66db2d74fe1300ed428d2d089e01814faed9","cv"
9,"synthetic_07",1.25,"species_equal","N_train/(S_train*R_species); total_weight=N_train","total_weight_equals_record_count","integration","joint_bb","M3","species_equal",1,"b1905fa3c4351f9b30dc1be5419a66db2d74fe1300ed428d2d089e01814faed9","cv"
10,"synthetic_07",1.25,"species_equal","N_train/(S_train*R_species); total_weight=N_train","total_weight_equals_record_count","integration","joint_bb","M3","species_equal",1,"b1905fa3c4351f9b30dc1be5419a66db2d74fe1300ed428d2d089e01814faed9","cv"
11,"synthetic_08",1.13636363636364,"species_equal","N_train/(S_train*R_species); total_weight=N_train","total_weight_equals_record_count","integration","joint_bb","M3","species_equal",1,"b1905fa3c4351f9b30dc1be5419a66db2d74fe1300ed428d2d089e01814faed9","cv"
12,"synthetic_08",1.13636363636364,"species_equal","N_train/(S_train*R_species); total_weight=N_train","total_weight_equals_record_count","integration","joint_bb","M3","species_equal",1,"b1905fa3c4351f9b30dc1be5419a66db2d74fe1300ed428d2d089e01814faed9","cv"
13,"synthetic_08",1.13636363636364,"species_equal","N_train/(S_train*R_species); total_weight=N_train","total_weight_equals_record_count","integration","joint_bb","M3","species_equal",1,"b1905fa3c4351f9b30dc1be5419a66db2d74fe1300ed428d2d089e01814faed9","cv"
14,"synthetic_08",1.13636363636364,"species_equal","N_train/(S_train*R_species); total_weight=N_train","total_weight_equals_record_count","integration","joint_bb","M3","species_equal",1,"b1905fa3c4351f9b30dc1be5419a66db2d74fe1300ed428d2d089e01814faed9","cv"
15,"synthetic_08",1.13636363636364,"species_equal","N_train/(S_train*R_species); total_weight=N_train","total_weight_equals_record_count","integration","joint_bb","M3","species_equal",1,"b1905fa3c4351f9b30dc1be5419a66db2d74fe1300ed428d2d089e01814faed9","cv"
16,"synthetic_08",1.13636363636364,"species_equal","N_train/(S_train*R_species); total_weight=N_train","total_weight_equals_record_count","integration","joint_bb","M3","species_equal",1,"b1905fa3c4351f9b30dc1be5419a66db2d74fe1300ed428d2d089e01814faed9","cv"
17,"synthetic_08",1.13636363636364,"species_equal","N_train/(S_train*R_species); total_weight=N_train","total_weight_equals_record_count","integration","joint_bb","M3","species_equal",1,"b1905fa3c4351f9b30dc1be5419a66db2d74fe1300ed428d2d089e01814faed9","cv"
18,"synthetic_08",1.13636363636364,"species_equal","N_train/(S_train*R_species); total_weight=N_train","total_weight_equals_record_count","integration","joint_bb","M3","species_equal",1,"b1905fa3c4351f9b30dc1be5419a66db2d74fe1300ed428d2d089e01814faed9","cv"
19,"synthetic_08",1.13636363636364,"species_equal","N_train/(S_train*R_species); total_weight=N_train","total_weight_equals_record_count","integration","joint_bb","M3","species_equal",1,"b1905fa3c4351f9b30dc1be5419a66db2d74fe1300ed428d2d089e01814faed9","cv"
20,"synthetic_08",1.13636363636364,"species_equal","N_train/(S_train*R_species); total_weight=N_train","total_weight_equals_record_count","integration","joint_bb","M3","species_equal",1,"b1905fa3c4351f9b30dc1be5419a66db2d74fe1300ed428d2d089e01814faed9","cv"
21,"synthetic_08",1.13636363636364,"species_equal","N_train/(S_train*R_species); total_weight=N_train","total_weight_equals_record_count","integration","joint_bb","M3","species_equal",1,"b1905fa3c4351f9b30dc1be5419a66db2d74fe1300ed428d2d089e01814faed9","cv"
22,"synthetic_09",1.04166666666667,"species_equal","N_train/(S_train*R_species); total_weight=N_train","total_weight_equals_record_count","integration","joint_bb","M3","species_equal",1,"b1905fa3c4351f9b30dc1be5419a66db2d74fe1300ed428d2d089e01814faed9","cv"
23,"synthetic_09",1.04166666666667,"species_equal","N_train/(S_train*R_species); total_weight=N_train","total_weight_equals_record_count","integration","joint_bb","M3","species_equal",1,"b1905fa3c4351f9b30dc1be5419a66db2d74fe1300ed428d2d089e01814faed9","cv"
24,"synthetic_09",1.04166666666667,"species_equal","N_train/(S_train*R_species); total_weight=N_train","total_weight_equals_record_count","integration","joint_bb","M3","species_equal",1,"b1905fa3c4351f9b30dc1be5419a66db2d74fe1300ed428d2d089e01814faed9","cv"
25,"synthetic_09",1.04166666666667,"species_equal","N_train/(S_train*R_species); total_weight=N_train","total_weight_equals_record_count","integration","joint_bb","M3","species_equal",1,"b1905fa3c4351f9b30dc1be5419a66db2d74fe1300ed428d2d089e01814faed9","cv"
26,"synthetic_09",1.04166666666667,"species_equal","N_train/(S_train*R_species); total_weight=N_train","total_weight_equals_record_count","integration","joint_bb","M3","species_equal",1,"b1905fa3c4351f9b30dc1be5419a66db2d74fe1300ed428d2d089e01814faed9","cv"
27,"synthetic_09",1.04166666666667,"species_equal","N_train/(S_train*R_species); total_weight=N_train","total_weight_equals_record_count","integration","joint_bb","M3","species_equal",1,"b1905fa3c4351f9b30dc1be5419a66db2d74fe1300ed428d2d089e01814faed9","cv"
28,"synthetic_09",1.04166666666667,"species_equal","N_train/(S_train*R_species); total_weight=N_train","total_weight_equals_record_count","integration","joint_bb","M3","species_equal",1,"b1905fa3c4351f9b30dc1be5419a66db2d74fe1300ed428d2d089e01814faed9","cv"
29,"synthetic_09",1.04166666666667,"species_equal","N_train/(S_train*R_species); total_weight=N_train","total_weight_equals_record_count","integration","joint_bb","M3","species_equal",1,"b1905fa3c4351f9b30dc1be5419a66db2d74fe1300ed428d2d089e01814faed9","cv"
30,"synthetic_09",1.04166666666667,"species_equal","N_train/(S_train*R_species); total_weight=N_train","total_weight_equals_record_count","integration","joint_bb","M3","species_equal",1,"b1905fa3c4351f9b30dc1be5419a66db2d74fe1300ed428d2d089e01814faed9","cv"
31,"synthetic_09",1.04166666666667,"species_equal","N_train/(S_train*R_species); total_weight=N_train","total_weight_equals_record_count","integration","joint_bb","M3","species_equal",1,"b1905fa3c4351f9b30dc1be5419a66db2d74fe1300ed428d2d089e01814faed9","cv"
32,"synthetic_09",1.04166666666667,"species_equal","N_train/(S_train*R_species); total_weight=N_train","total_weight_equals_record_count","integration","joint_bb","M3","species_equal",1,"b1905fa3c4351f9b30dc1be5419a66db2d74fe1300ed428d2d089e01814faed9","cv"
33,"synthetic_09",1.04166666666667,"species_equal","N_train/(S_train*R_species); total_weight=N_train","total_weight_equals_record_count","integration","joint_bb","M3","species_equal",1,"b1905fa3c4351f9b30dc1be5419a66db2d74fe1300ed428d2d089e01814faed9","cv"
34,"synthetic_10",0.961538461538462,"species_equal","N_train/(S_train*R_species); total_weight=N_train","total_weight_equals_record_count","integration","joint_bb","M3","species_equal",1,"b1905fa3c4351f9b30dc1be5419a66db2d74fe1300ed428d2d089e01814faed9","cv"
35,"synthetic_10",0.961538461538462,"species_equal","N_train/(S_train*R_species); total_weight=N_train","total_weight_equals_record_count","integration","joint_bb","M3","species_equal",1,"b1905fa3c4351f9b30dc1be5419a66db2d74fe1300ed428d2d089e01814faed9","cv"
36,"synthetic_10",0.961538461538462,"species_equal","N_train/(S_train*R_species); total_weight=N_train","total_weight_equals_record_count","integration","joint_bb","M3","species_equal",1,"b1905fa3c4351f9b30dc1be5419a66db2d74fe1300ed428d2d089e01814faed9","cv"
37,"synthetic_10",0.961538461538462,"species_equal","N_train/(S_train*R_species); total_weight=N_train","total_weight_equals_record_count","integration","joint_bb","M3","species_equal",1,"b1905fa3c4351f9b30dc1be5419a66db2d74fe1300ed428d2d089e01814faed9","cv"
38,"synthetic_10",0.961538461538462,"species_equal","N_train/(S_train*R_species); total_weight=N_train","total_weight_equals_record_count","integration","joint_bb","M3","species_equal",1,"b1905fa3c4351f9b30dc1be5419a66db2d74fe1300ed428d2d089e01814faed9","cv"
39,"synthetic_10",0.961538461538462,"species_equal","N_train/(S_train*R_species); total_weight=N_train","total_weight_equals_record_count","integration","joint_bb","M3","species_equal",1,"b1905fa3c4351f9b30dc1be5419a66db2d74fe1300ed428d2d089e01814faed9","cv"
40,"synthetic_10",0.961538461538462,"species_equal","N_train/(S_train*R_species); total_weight=N_train","total_weight_equals_record_count","integration","joint_bb","M3","species_equal",1,"b1905fa3c4351f9b30dc1be5419a66db2d74fe1300ed428d2d089e01814faed9","cv"
41,"synthetic_10",0.961538461538462,"species_equal","N_train/(S_train*R_species); total_weight=N_train","total_weight_equals_record_count","integration","joint_bb","M3","species_equal",1,"b1905fa3c4351f9b30dc1be5419a66db2d74fe1300ed428d2d089e01814faed9","cv"
42,"synthetic_10",0.961538461538462,"species_equal","N_train/(S_train*R_species); total_weight=N_train","total_weight_equals_record_count","integration","joint_bb","M3","species_equal",1,"b1905fa3c4351f9b30dc1be5419a66db2d74fe1300ed428d2d089e01814faed9","cv"
43,"synthetic_10",0.961538461538462,"species_equal","N_train/(S_train*R_species); total_weight=N_train","total_weight_equals_record_count","integration","joint_bb","M3","species_equal",1,"b1905fa3c4351f9b30dc1be5419a66db2d74fe1300ed428d2d089e01814faed9","cv"
44,"synthetic_10",0.961538461538462,"species_equal","N_train/(S_train*R_species); total_weight=N_train","total_weight_equals_record_count","integration","joint_bb","M3","species_equal",1,"b1905fa3c4351f9b30dc1be5419a66db2d74fe1300ed428d2d089e01814faed9","cv"
45,"synthetic_10",0.961538461538462,"species_equal","N_train/(S_train*R_species); total_weight=N_train","total_weight_equals_record_count","integration","joint_bb","M3","species_equal",1,"b1905fa3c4351f9b30dc1be5419a66db2d74fe1300ed428d2d089e01814faed9","cv"
46,"synthetic_10",0.961538461538462,"species_equal","N_train/(S_train*R_species); total_weight=N_train","total_weight_equals_record_count","integration","joint_bb","M3","species_equal",1,"b1905fa3c4351f9b30dc1be5419a66db2d74fe1300ed428d2d089e01814faed9","cv"
47,"synthetic_11",0.892857142857143,"species_equal","N_train/(S_train*R_species); total_weight=N_train","total_weight_equals_record_count","integration","joint_bb","M3","species_equal",1,"b1905fa3c4351f9b30dc1be5419a66db2d74fe1300ed428d2d089e01814faed9","cv"
48,"synthetic_11",0.892857142857143,"species_equal","N_train/(S_train*R_species); total_weight=N_train","total_weight_equals_record_count","integration","joint_bb","M3","species_equal",1,"b1905fa3c4351f9b30dc1be5419a66db2d74fe1300ed428d2d089e01814faed9","cv"
49,"synthetic_11",0.892857142857143,"species_equal","N_train/(S_train*R_species); total_weight=N_train","total_weight_equals_record_count","integration","joint_bb","M3","species_equal",1,"b1905fa3c4351f9b30dc1be5419a66db2d74fe1300ed428d2d089e01814faed9","cv"
50,"synthetic_11",0.892857142857143,"species_equal","N_train/(S_train*R_species); total_weight=N_train","total_weight_equals_record_count","integration","joint_bb","M3","species_equal",1,"b1905fa3c4351f9b30dc1be5419a66db2d74fe1300ed428d2d089e01814faed9","cv"
51,"synthetic_11",0.892857142857143,"species_equal","N_train/(S_train*R_species); total_weight=N_train","total_weight_equals_record_count","integration","joint_bb","M3","species_equal",1,"b1905fa3c4351f9b30dc1be5419a66db2d74fe1300ed428d2d089e01814faed9","cv"
52,"synthetic_11",0.892857142857143,"species_equal","N_train/(S_train*R_species); total_weight=N_train","total_weight_equals_record_count","integration","joint_bb","M3","species_equal",1,"b1905fa3c4351f9b30dc1be5419a66db2d74fe1300ed428d2d089e01814faed9","cv"
53,"synthetic_11",0.892857142857143,"species_equal","N_train/(S_train*R_species); total_weight=N_train","total_weight_equals_record_count","integration","joint_bb","M3","species_equal",1,"b1905fa3c4351f9b30dc1be5419a66db2d74fe1300ed428d2d089e01814faed9","cv"
54,"synthetic_11",0.892857142857143,"species_equal","N_train/(S_train*R_species); total_weight=N_train","total_weight_equals_record_count","integration","joint_bb","M3","species_equal",1,"b1905fa3c4351f9b30dc1be5419a66db2d74fe1300ed428d2d089e01814faed9","cv"
55,"synthetic_11",0.892857142857143,"species_equal","N_train/(S_train*R_species); total_weight=N_train","total_weight_equals_record_count","integration","joint_bb","M3","species_equal",1,"b1905fa3c4351f9b30dc1be5419a66db2d74fe1300ed428d2d089e01814faed9","cv"
56,"synthetic_11",0.892857142857143,"species_equal","N_train/(S_train*R_species); total_weight=N_train","total_weight_equals_record_count","integration","joint_bb","M3","species_equal",1,"b1905fa3c4351f9b30dc1be5419a66db2d74fe1300ed428d2d089e01814faed9","cv"
57,"synthetic_11",0.892857142857143,"species_equal","N_train/(S_train*R_species); total_weight=N_train","total_weight_equals_record_count","integration","joint_bb","M3","species_equal",1,"b1905fa3c4351f9b30dc1be5419a66db2d74fe1300ed428d2d089e01814faed9","cv"
58,"synthetic_11",0.892857142857143,"species_equal","N_train/(S_train*R_species); total_weight=N_train","total_weight_equals_record_count","integration","joint_bb","M3","species_equal",1,"b1905fa3c4351f9b30dc1be5419a66db2d74fe1300ed428d2d089e01814faed9","cv"
59,"synthetic_11",0.892857142857143,"species_equal","N_train/(S_train*R_species); total_weight=N_train","total_weight_equals_record_count","integration","joint_bb","M3","species_equal",1,"b1905fa3c4351f9b30dc1be5419a66db2d74fe1300ed428d2d089e01814faed9","cv"
60,"synthetic_11",0.892857142857143,"species_equal","N_train/(S_train*R_species); total_weight=N_train","total_weight_equals_record_count","integration","joint_bb","M3","species_equal",1,"b1905fa3c4351f9b30dc1be5419a66db2d74fe1300ed428d2d089e01814faed9","cv"
61,"synthetic_12",0.833333333333333,"species_equal","N_train/(S_train*R_species); total_weight=N_train","total_weight_equals_record_count","integration","joint_bb","M3","species_equal",1,"b1905fa3c4351f9b30dc1be5419a66db2d74fe1300ed428d2d089e01814faed9","cv"
62,"synthetic_12",0.833333333333333,"species_equal","N_train/(S_train*R_species); total_weight=N_train","total_weight_equals_record_count","integration","joint_bb","M3","species_equal",1,"b1905fa3c4351f9b30dc1be5419a66db2d74fe1300ed428d2d089e01814faed9","cv"
63,"synthetic_12",0.833333333333333,"species_equal","N_train/(S_train*R_species); total_weight=N_train","total_weight_equals_record_count","integration","joint_bb","M3","species_equal",1,"b1905fa3c4351f9b30dc1be5419a66db2d74fe1300ed428d2d089e01814faed9","cv"
64,"synthetic_12",0.833333333333333,"species_equal","N_train/(S_train*R_species); total_weight=N_train","total_weight_equals_record_count","integration","joint_bb","M3","species_equal",1,"b1905fa3c4351f9b30dc1be5419a66db2d74fe1300ed428d2d089e01814faed9","cv"
65,"synthetic_12",0.833333333333333,"species_equal","N_train/(S_train*R_species); total_weight=N_train","total_weight_equals_record_count","integration","joint_bb","M3","species_equal",1,"b1905fa3c4351f9b30dc1be5419a66db2d74fe1300ed428d2d089e01814faed9","cv"
66,"synthetic_12",0.833333333333333,"species_equal","N_train/(S_train*R_species); total_weight=N_train","total_weight_equals_record_count","integration","joint_bb","M3","species_equal",1,"b1905fa3c4351f9b30dc1be5419a66db2d74fe1300ed428d2d089e01814faed9","cv"
67,"synthetic_12",0.833333333333333,"species_equal","N_train/(S_train*R_species); total_weight=N_train","total_weight_equals_record_count","integration","joint_bb","M3","species_equal",1,"b1905fa3c4351f9b30dc1be5419a66db2d74fe1300ed428d2d089e01814faed9","cv"
68,"synthetic_12",0.833333333333333,"species_equal","N_train/(S_train*R_species); total_weight=N_train","total_weight_equals_record_count","integration","joint_bb","M3","species_equal",1,"b1905fa3c4351f9b30dc1be5419a66db2d74fe1300ed428d2d089e01814faed9","cv"
69,"synthetic_12",0.833333333333333,"species_equal","N_train/(S_train*R_species); total_weight=N_train","total_weight_equals_record_count","integration","joint_bb","M3","species_equal",1,"b1905fa3c4351f9b30dc1be5419a66db2d74fe1300ed428d2d089e01814faed9","cv"
70,"synthetic_12",0.833333333333333,"species_equal","N_train/(S_train*R_species); total_weight=N_train","total_weight_equals_record_count","integration","joint_bb","M3","species_equal",1,"b1905fa3c4351f9b30dc1be5419a66db2d74fe1300ed428d2d089e01814faed9","cv"
71,"synthetic_12",0.833333333333333,"species_equal","N_train/(S_train*R_species); total_weight=N_train","total_weight_equals_record_count","integration","joint_bb","M3","species_equal",1,"b1905fa3c4351f9b30dc1be5419a66db2d74fe1300ed428d2d089e01814faed9","cv"
72,"synthetic_12",0.833333333333333,"species_equal","N_train/(S_train*R_species); total_weight=N_train","total_weight_equals_record_count","integration","joint_bb","M3","species_equal",1,"b1905fa3c4351f9b30dc1be5419a66db2d74fe1300ed428d2d089e01814faed9","cv"
73,"synthetic_12",0.833333333333333,"species_equal","N_train/(S_train*R_species); total_weight=N_train","total_weight_equals_record_count","integration","joint_bb","M3","species_equal",1,"b1905fa3c4351f9b30dc1be5419a66db2d74fe1300ed428d2d089e01814faed9","cv"
74,"synthetic_12",0.833333333333333,"species_equal","N_train/(S_train*R_species); total_weight=N_train","total_weight_equals_record_count","integration","joint_bb","M3","species_equal",1,"b1905fa3c4351f9b30dc1be5419a66db2d74fe1300ed428d2d089e01814faed9","cv"
75,"synthetic_12",0.833333333333333,"species_equal","N_train/(S_train*R_species); total_weight=N_train","total_weight_equals_record_count","integration","joint_bb","M3","species_equal",1,"b1905fa3c4351f9b30dc1be5419a66db2d74fe1300ed428d2d089e01814faed9","cv"
1,"synthetic_01",1.625,"species_equal","N_train/(S_train*R_species); total_weight=N_train","total_weight_equals_record_count","integration","joint_bb","M3","species_equal",2,"16b11dbf6d22d3ae2aff4453d79a3484c129f15f86881721504f5484506fc664","cv"
2,"synthetic_01",1.625,"species_equal","N_train/(S_train*R_species); total_weight=N_train","total_weight_equals_record_count","integration","joint_bb","M3","species_equal",2,"16b11dbf6d22d3ae2aff4453d79a3484c129f15f86881721504f5484506fc664","cv"
3,"synthetic_01",1.625,"species_equal","N_train/(S_train*R_species); total_weight=N_train","total_weight_equals_record_count","integration","joint_bb","M3","species_equal",2,"16b11dbf6d22d3ae2aff4453d79a3484c129f15f86881721504f5484506fc664","cv"
4,"synthetic_01",1.625,"species_equal","N_train/(S_train*R_species); total_weight=N_train","total_weight_equals_record_count","integration","joint_bb","M3","species_equal",2,"16b11dbf6d22d3ae2aff4453d79a3484c129f15f86881721504f5484506fc664","cv"
5,"synthetic_02",1.3,"species_equal","N_train/(S_train*R_species); total_weight=N_train","total_weight_equals_record_count","integration","joint_bb","M3","species_equal",2,"16b11dbf6d22d3ae2aff4453d79a3484c129f15f86881721504f5484506fc664","cv"
6,"synthetic_02",1.3,"species_equal","N_train/(S_train*R_species); total_weight=N_train","total_weight_equals_record_count","integration","joint_bb","M3","species_equal",2,"16b11dbf6d22d3ae2aff4453d79a3484c129f15f86881721504f5484506fc664","cv"
7,"synthetic_02",1.3,"species_equal","N_train/(S_train*R_species); total_weight=N_train","total_weight_equals_record_count","integration","joint_bb","M3","species_equal",2,"16b11dbf6d22d3ae2aff4453d79a3484c129f15f86881721504f5484506fc664","cv"
8,"synthetic_02",1.3,"species_equal","N_train/(S_train*R_species); total_weight=N_train","total_weight_equals_record_count","integration","joint_bb","M3","species_equal",2,"16b11dbf6d22d3ae2aff4453d79a3484c129f15f86881721504f5484506fc664","cv"
9,"synthetic_02",1.3,"species_equal","N_train/(S_train*R_species); total_weight=N_train","total_weight_equals_record_count","integration","joint_bb","M3","species_equal",2,"16b11dbf6d22d3ae2aff4453d79a3484c129f15f86881721504f5484506fc664","cv"
10,"synthetic_03",1.08333333333333,"species_equal","N_train/(S_train*R_species); total_weight=N_train","total_weight_equals_record_count","integration","joint_bb","M3","species_equal",2,"16b11dbf6d22d3ae2aff4453d79a3484c129f15f86881721504f5484506fc664","cv"
11,"synthetic_03",1.08333333333333,"species_equal","N_train/(S_train*R_species); total_weight=N_train","total_weight_equals_record_count","integration","joint_bb","M3","species_equal",2,"16b11dbf6d22d3ae2aff4453d79a3484c129f15f86881721504f5484506fc664","cv"
12,"synthetic_03",1.08333333333333,"species_equal","N_train/(S_train*R_species); total_weight=N_train","total_weight_equals_record_count","integration","joint_bb","M3","species_equal",2,"16b11dbf6d22d3ae2aff4453d79a3484c129f15f86881721504f5484506fc664","cv"
13,"synthetic_03",1.08333333333333,"species_equal","N_train/(S_train*R_species); total_weight=N_train","total_weight_equals_record_count","integration","joint_bb","M3","species_equal",2,"16b11dbf6d22d3ae2aff4453d79a3484c129f15f86881721504f5484506fc664","cv"
14,"synthetic_03",1.08333333333333,"species_equal","N_train/(S_train*R_species); total_weight=N_train","total_weight_equals_record_count","integration","joint_bb","M3","species_equal",2,"16b11dbf6d22d3ae2aff4453d79a3484c129f15f86881721504f5484506fc664","cv"
15,"synthetic_03",1.08333333333333,"species_equal","N_train/(S_train*R_species); total_weight=N_train","total_weight_equals_record_count","integration","joint_bb","M3","species_equal",2,"16b11dbf6d22d3ae2aff4453d79a3484c129f15f86881721504f5484506fc664","cv"
16,"synthetic_04",0.928571428571429,"species_equal","N_train/(S_train*R_species); total_weight=N_train","total_weight_equals_record_count","integration","joint_bb","M3","species_equal",2,"16b11dbf6d22d3ae2aff4453d79a3484c129f15f86881721504f5484506fc664","cv"
17,"synthetic_04",0.928571428571429,"species_equal","N_train/(S_train*R_species); total_weight=N_train","total_weight_equals_record_count","integration","joint_bb","M3","species_equal",2,"16b11dbf6d22d3ae2aff4453d79a3484c129f15f86881721504f5484506fc664","cv"
18,"synthetic_04",0.928571428571429,"species_equal","N_train/(S_train*R_species); total_weight=N_train","total_weight_equals_record_count","integration","joint_bb","M3","species_equal",2,"16b11dbf6d22d3ae2aff4453d79a3484c129f15f86881721504f5484506fc664","cv"
19,"synthetic_04",0.928571428571429,"species_equal","N_train/(S_train*R_species); total_weight=N_train","total_weight_equals_record_count","integration","joint_bb","M3","species_equal",2,"16b11dbf6d22d3ae2aff4453d79a3484c129f15f86881721504f5484506fc664","cv"
20,"synthetic_04",0.928571428571429,"species_equal","N_train/(S_train*R_species); total_weight=N_train","total_weight_equals_record_count","integration","joint_bb","M3","species_equal",2,"16b11dbf6d22d3ae2aff4453d79a3484c129f15f86881721504f5484506fc664","cv"
21,"synthetic_04",0.928571428571429,"species_equal","N_train/(S_train*R_species); total_weight=N_train","total_weight_equals_record_count","integration","joint_bb","M3","species_equal",2,"16b11dbf6d22d3ae2aff4453d79a3484c129f15f86881721504f5484506fc664","cv"
22,"synthetic_04",0.928571428571429,"species_equal","N_train/(S_train*R_species); total_weight=N_train","total_weight_equals_record_count","integration","joint_bb","M3","species_equal",2,"16b11dbf6d22d3ae2aff4453d79a3484c129f15f86881721504f5484506fc664","cv"
23,"synthetic_05",0.8125,"species_equal","N_train/(S_train*R_species); total_weight=N_train","total_weight_equals_record_count","integration","joint_bb","M3","species_equal",2,"16b11dbf6d22d3ae2aff4453d79a3484c129f15f86881721504f5484506fc664","cv"
24,"synthetic_05",0.8125,"species_equal","N_train/(S_train*R_species); total_weight=N_train","total_weight_equals_record_count","integration","joint_bb","M3","species_equal",2,"16b11dbf6d22d3ae2aff4453d79a3484c129f15f86881721504f5484506fc664","cv"
25,"synthetic_05",0.8125,"species_equal","N_train/(S_train*R_species); total_weight=N_train","total_weight_equals_record_count","integration","joint_bb","M3","species_equal",2,"16b11dbf6d22d3ae2aff4453d79a3484c129f15f86881721504f5484506fc664","cv"
26,"synthetic_05",0.8125,"species_equal","N_train/(S_train*R_species); total_weight=N_train","total_weight_equals_record_count","integration","joint_bb","M3","species_equal",2,"16b11dbf6d22d3ae2aff4453d79a3484c129f15f86881721504f5484506fc664","cv"
27,"synthetic_05",0.8125,"species_equal","N_train/(S_train*R_species); total_weight=N_train","total_weight_equals_record_count","integration","joint_bb","M3","species_equal",2,"16b11dbf6d22d3ae2aff4453d79a3484c129f15f86881721504f5484506fc664","cv"
28,"synthetic_05",0.8125,"species_equal","N_train/(S_train*R_species); total_weight=N_train","total_weight_equals_record_count","integration","joint_bb","M3","species_equal",2,"16b11dbf6d22d3ae2aff4453d79a3484c129f15f86881721504f5484506fc664","cv"
29,"synthetic_05",0.8125,"species_equal","N_train/(S_train*R_species); total_weight=N_train","total_weight_equals_record_count","integration","joint_bb","M3","species_equal",2,"16b11dbf6d22d3ae2aff4453d79a3484c129f15f86881721504f5484506fc664","cv"
30,"synthetic_05",0.8125,"species_equal","N_train/(S_train*R_species); total_weight=N_train","total_weight_equals_record_count","integration","joint_bb","M3","species_equal",2,"16b11dbf6d22d3ae2aff4453d79a3484c129f15f86881721504f5484506fc664","cv"
31,"synthetic_06",0.722222222222222,"species_equal","N_train/(S_train*R_species); total_weight=N_train","total_weight_equals_record_count","integration","joint_bb","M3","species_equal",2,"16b11dbf6d22d3ae2aff4453d79a3484c129f15f86881721504f5484506fc664","cv"
32,"synthetic_06",0.722222222222222,"species_equal","N_train/(S_train*R_species); total_weight=N_train","total_weight_equals_record_count","integration","joint_bb","M3","species_equal",2,"16b11dbf6d22d3ae2aff4453d79a3484c129f15f86881721504f5484506fc664","cv"
33,"synthetic_06",0.722222222222222,"species_equal","N_train/(S_train*R_species); total_weight=N_train","total_weight_equals_record_count","integration","joint_bb","M3","species_equal",2,"16b11dbf6d22d3ae2aff4453d79a3484c129f15f86881721504f5484506fc664","cv"
34,"synthetic_06",0.722222222222222,"species_equal","N_train/(S_train*R_species); total_weight=N_train","total_weight_equals_record_count","integration","joint_bb","M3","species_equal",2,"16b11dbf6d22d3ae2aff4453d79a3484c129f15f86881721504f5484506fc664","cv"
35,"synthetic_06",0.722222222222222,"species_equal","N_train/(S_train*R_species); total_weight=N_train","total_weight_equals_record_count","integration","joint_bb","M3","species_equal",2,"16b11dbf6d22d3ae2aff4453d79a3484c129f15f86881721504f5484506fc664","cv"
36,"synthetic_06",0.722222222222222,"species_equal","N_train/(S_train*R_species); total_weight=N_train","total_weight_equals_record_count","integration","joint_bb","M3","species_equal",2,"16b11dbf6d22d3ae2aff4453d79a3484c129f15f86881721504f5484506fc664","cv"
37,"synthetic_06",0.722222222222222,"species_equal","N_train/(S_train*R_species); total_weight=N_train","total_weight_equals_record_count","integration","joint_bb","M3","species_equal",2,"16b11dbf6d22d3ae2aff4453d79a3484c129f15f86881721504f5484506fc664","cv"
38,"synthetic_06",0.722222222222222,"species_equal","N_train/(S_train*R_species); total_weight=N_train","total_weight_equals_record_count","integration","joint_bb","M3","species_equal",2,"16b11dbf6d22d3ae2aff4453d79a3484c129f15f86881721504f5484506fc664","cv"
39,"synthetic_06",0.722222222222222,"species_equal","N_train/(S_train*R_species); total_weight=N_train","total_weight_equals_record_count","integration","joint_bb","M3","species_equal",2,"16b11dbf6d22d3ae2aff4453d79a3484c129f15f86881721504f5484506fc664","cv"
