"Species","Route","Model","TrainWeighting","Point","CrI_lower","CrI_upper","PI_lower","PI_upper","WarningCodes","FixtureOnly","Page","YPosition"
"Erpetoichthys_calabaricus","binary","Null","record_equal",0.37,0.27,0.47,,,"",TRUE,1,42
"Polypterus_senegalus","binary","Null","record_equal",0.37,0.27,0.47,,,"",TRUE,1,41
"Acipenser_oxyrinchus","binary","Null","record_equal",0.37,0.27,0.47,,,"",TRUE,1,40
"Acipenser_ruthenus","binary","Null","record_equal",0.37,0.27,0.47,,,"",TRUE,1,39
"Acipenser_sinensis","binary","Null","record_equal",0.37,0.27,0.47,,,"",TRUE,1,38
"Huso_huso","binary","Null","record_equal",0.37,0.27,0.47,,,"",TRUE,1,37
"Polyodon_spathula","binary","Null","record_equal",0.37,0.27,0.47,,,"fixture_warning",TRUE,1,36
"Amia_ocellicauda","binary","Null","record_equal",0.37,0.27,0.47,,,"",TRUE,1,35
"Atractosteus_spatula","binary","Null","record_equal",0.37,0.27,0.47,,,"",TRUE,1,34
"Lepisosteus_oculatus","binary","Null","record_equal",0.37,0.27,0.47,,,"",TRUE,1,33
"Megalops_atlanticus","binary","Null","record_equal",0.37,0.27,0.47,,,"",TRUE,1,32
"Megalops_cyprinoides","binary","Null","record_equal",0.37,0.27,0.47,,,"",TRUE,1,31
"Albula_glossodonta","binary","Null","record_equal",0.37,0.27,0.47,,,"",TRUE,1,30
"Albula_goreensis","binary","Null","record_equal",0.37,0.27,0.47,,,"fixture_warning",TRUE,1,29
"Aldrovandia_affinis","binary","Null","record_equal",0.37,0.27,0.47,,,"",TRUE,1,28
"Anguilla_anguilla","binary","Null","record_equal",0.37,0.27,0.47,,,"",TRUE,1,27
"Anguilla_japonica","binary","Null","record_equal",0.37,0.27,0.47,,,"",TRUE,1,26
"Anguilla_rostrata","binary","Null","record_equal",0.37,0.27,0.47,,,"",TRUE,1,25
"Conger_conger","binary","Null","record_equal",0.37,0.27,0.47,,,"",TRUE,1,24
"Gymnothorax_javanicus","binary","Null","record_equal",0.37,0.27,0.47,,,"",TRUE,1,23
"Synaphobranchus_kaupii","binary","Null","record_equal",0.37,0.27,0.47,,,"fixture_warning",TRUE,1,22
"Arapaima_gigas","binary","Null","record_equal",0.37,0.27,0.47,,,"",TRUE,1,21
"Brienomyrus_brachyistius","binary","Null","record_equal",0.37,0.27,0.47,,,"",TRUE,1,20
"Paramormyrops_kingsleyae","binary","Null","record_equal",0.37,0.27,0.47,,,"",TRUE,1,19
"Scleropages_formosus","binary","Null","record_equal",0.37,0.27,0.47,,,"",TRUE,1,18
"Hiodon_alosoides","binary","Null","record_equal",0.37,0.27,0.47,,,"",TRUE,1,17
"Alosa_alosa","binary","Null","record_equal",0.37,0.27,0.47,,,"",TRUE,1,16
"Alosa_pseudoharengus","binary","Null","record_equal",0.37,0.27,0.47,,,"fixture_warning",TRUE,1,15
"Alosa_sapidissima","binary","Null","record_equal",0.37,0.27,0.47,,,"",TRUE,1,14
"Sardina_pilchardus","binary","Null","record_equal",0.37,0.27,0.47,,,"",TRUE,1,13
"Clupea_harengus","binary","Null","record_equal",0.37,0.27,0.47,,,"",TRUE,1,12
"Sprattus_sprattus","binary","Null","record_equal",0.37,0.27,0.47,,,"",TRUE,1,11
"Denticeps_clupeoides","binary","Null","record_equal",0.37,0.27,0.47,,,"",TRUE,1,10
"Coilia_grayii","binary","Null","record_equal",0.37,0.27,0.47,,,"",TRUE,1,9
"Coilia_mystus","binary","Null","record_equal",0.37,0.27,0.47,,,"fixture_warning",TRUE,1,8
"Engraulis_encrasicolus","binary","Null","record_equal",0.37,0.27,0.47,,,"",TRUE,1,7
"Chanos_chanos","binary","Null","record_equal",0.37,0.27,0.47,,,"",TRUE,1,6
"Myxocyprinus_asiaticus","binary","Null","record_equal",0.37,0.27,0.47,,,"",TRUE,1,5
"Xyrauchen_texanus","binary","Null","record_equal",0.37,0.27,0.47,,,"",TRUE,1,4
"Misgurnus_anguillicaudatus","binary","Null","record_equal",0.37,0.27,0.47,,,"",TRUE,1,3
"Paramisgurnus_dabryanus","binary","Null","record_equal",0.37,0.27,0.47,,,"",TRUE,1,2
"Abramis_brama","binary","Null","record_equal",0.37,0.27,0.47,,,"fixture_warning",TRUE,1,1
"Erpetoichthys_calabaricus","binary","M1","record_equal",0.44,0.34,0.54,,,"",TRUE,1,42
"Polypterus_senegalus","binary","M1","record_equal",0.44,0.34,0.54,,,"",TRUE,1,41
"Acipenser_oxyrinchus","binary","M1","record_equal",0.44,0.34,0.54,,,"",TRUE,1,40
"Acipenser_ruthenus","binary","M1","record_equal",0.44,0.34,0.54,,,"",TRUE,1,39
"Acipenser_sinensis","binary","M1","record_equal",0.44,0.34,0.54,,,"",TRUE,1,38
"Huso_huso","binary","M1","record_equal",0.44,0.34,0.54,,,"",TRUE,1,37
"Polyodon_spathula","binary","M1","record_equal",0.44,0.34,0.54,,,"fixture_warning",TRUE,1,36
"Amia_ocellicauda","binary","M1","record_equal",0.44,0.34,0.54,,,"",TRUE,1,35
"Atractosteus_spatula","binary","M1","record_equal",0.44,0.34,0.54,,,"",TRUE,1,34
"Lepisosteus_oculatus","binary","M1","record_equal",0.44,0.34,0.54,,,"",TRUE,1,33
"Megalops_atlanticus","binary","M1","record_equal",0.44,0.34,0.54,,,"",TRUE,1,32
"Megalops_cyprinoides","binary","M1","record_equal",0.44,0.34,0.54,,,"",TRUE,1,31
"Albula_glossodonta","binary","M1","record_equal",0.44,0.34,0.54,,,"",TRUE,1,30
"Albula_goreensis","binary","M1","record_equal",0.44,0.34,0.54,,,"fixture_warning",TRUE,1,29
"Aldrovandia_affinis","binary","M1","record_equal",0.44,0.34,0.54,,,"",TRUE,1,28
"Anguilla_anguilla","binary","M1","record_equal",0.44,0.34,0.54,,,"",TRUE,1,27
"Anguilla_japonica","binary","M1","record_equal",0.44,0.34,0.54,,,"",TRUE,1,26
"Anguilla_rostrata","binary","M1","record_equal",0.44,0.34,0.54,,,"",TRUE,1,25
"Conger_conger","binary","M1","record_equal",0.44,0.34,0.54,,,"",TRUE,1,24
"Gymnothorax_javanicus","binary","M1","record_equal",0.44,0.34,0.54,,,"",TRUE,1,23
"Synaphobranchus_kaupii","binary","M1","record_equal",0.44,0.34,0.54,,,"fixture_warning",TRUE,1,22
"Arapaima_gigas","binary","M1","record_equal",0.44,0.34,0.54,,,"",TRUE,1,21
"Brienomyrus_brachyistius","binary","M1","record_equal",0.44,0.34,0.54,,,"",TRUE,1,20
"Paramormyrops_kingsleyae","binary","M1","record_equal",0.44,0.34,0.54,,,"",TRUE,1,19
"Scleropages_formosus","binary","M1","record_equal",0.44,0.34,0.54,,,"",TRUE,1,18
"Hiodon_alosoides","binary","M1","record_equal",0.44,0.34,0.54,,,"",TRUE,1,17
"Alosa_alosa","binary","M1","record_equal",0.44,0.34,0.54,,,"",TRUE,1,16
"Alosa_pseudoharengus","binary","M1","record_equal",0.44,0.34,0.54,,,"fixture_warning",TRUE,1,15
"Alosa_sapidissima","binary","M1","record_equal",0.44,0.34,0.54,,,"",TRUE,1,14
"Sardina_pilchardus","binary","M1","record_equal",0.44,0.34,0.54,,,"",TRUE,1,13
"Clupea_harengus","binary","M1","record_equal",0.44,0.34,0.54,,,"",TRUE,1,12
"Sprattus_sprattus","binary","M1","record_equal",0.44,0.34,0.54,,,"",TRUE,1,11
"Denticeps_clupeoides","binary","M1","record_equal",0.44,0.34,0.54,,,"",TRUE,1,10
"Coilia_grayii","binary","M1","record_equal",0.44,0.34,0.54,,,"",TRUE,1,9
"Coilia_mystus","binary","M1","record_equal",0.44,0.34,0.54,,,"fixture_warning",TRUE,1,8
"Engraulis_encrasicolus","binary","M1","record_equal",0.44,0.34,0.54,,,"",TRUE,1,7
"Chanos_chanos","binary","M1","record_equal",0.44,0.34,0.54,,,"",TRUE,1,6
"Myxocyprinus_asiaticus","binary","M1","record_equal",0.44,0.34,0.54,,,"",TRUE,1,5
"Xyrauchen_texanus","binary","M1","record_equal",0.44,0.34,0.54,,,"",TRUE,1,4
"Misgurnus_anguillicaudatus","binary","M1","record_equal",0.44,0.34,0.54,,,"",TRUE,1,3
"Paramisgurnus_dabryanus","binary","M1","record_equal",0.44,0.34,0.54,,,"",TRUE,1,2
"Abramis_brama","binary","M1","record_equal",0.44,0.34,0.54,,,"fixture_warning",TRUE,1,1
"Erpetoichthys_calabaricus","binary","M2","record_equal",0.51,0.41,0.61,,,"",TRUE,1,42
"Polypterus_senegalus","binary","M2","record_equal",0.51,0.41,0.61,,,"",TRUE,1,41
"Acipenser_oxyrinchus","binary","M2","record_equal",0.51,0.41,0.61,,,"",TRUE,1,40
"Acipenser_ruthenus","binary","M2","record_equal",0.51,0.41,0.61,,,"",TRUE,1,39
"Acipenser_sinensis","binary","M2","record_equal",0.51,0.41,0.61,,,"",TRUE,1,38
"Huso_huso","binary","M2","record_equal",0.51,0.41,0.61,,,"",TRUE,1,37
"Polyodon_spathula","binary","M2","record_equal",0.51,0.41,0.61,,,"fixture_warning",TRUE,1,36
"Amia_ocellicauda","binary","M2","record_equal",0.51,0.41,0.61,,,"",TRUE,1,35
"Atractosteus_spatula","binary","M2","record_equal",0.51,0.41,0.61,,,"",TRUE,1,34
"Lepisosteus_oculatus","binary","M2","record_equal",0.51,0.41,0.61,,,"",TRUE,1,33
"Megalops_atlanticus","binary","M2","record_equal",0.51,0.41,0.61,,,"",TRUE,1,32
"Megalops_cyprinoides","binary","M2","record_equal",0.51,0.41,0.61,,,"",TRUE,1,31
"Albula_glossodonta","binary","M2","record_equal",0.51,0.41,0.61,,,"",TRUE,1,30
"Albula_goreensis","binary","M2","record_equal",0.51,0.41,0.61,,,"fixture_warning",TRUE,1,29
"Aldrovandia_affinis","binary","M2","record_equal",0.51,0.41,0.61,,,"",TRUE,1,28
"Anguilla_anguilla","binary","M2","record_equal",0.51,0.41,0.61,,,"",TRUE,1,27
"Anguilla_japonica","binary","M2","record_equal",0.51,0.41,0.61,,,"",TRUE,1,26
"Anguilla_rostrata","binary","M2","record_equal",0.51,0.41,0.61,,,"",TRUE,1,25
"Conger_conger","binary","M2","record_equal",0.51,0.41,0.61,,,"",TRUE,1,24
"Gymnothorax_javanicus","binary","M2","record_equal",0.51,0.41,0.61,,,"",TRUE,1,23
"Synaphobranchus_kaupii","binary","M2","record_equal",0.51,0.41,0.61,,,"fixture_warning",TRUE,1,22
"Arapaima_gigas","binary","M2","record_equal",0.51,0.41,0.61,,,"",TRUE,1,21
"Brienomyrus_brachyistius","binary","M2","record_equal",0.51,0.41,0.61,,,"",TRUE,1,20
"Paramormyrops_kingsleyae","binary","M2","record_equal",0.51,0.41,0.61,,,"",TRUE,1,19
"Scleropages_formosus","binary","M2","record_equal",0.51,0.41,0.61,,,"",TRUE,1,18
"Hiodon_alosoides","binary","M2","record_equal",0.51,0.41,0.61,,,"",TRUE,1,17
"Alosa_alosa","binary","M2","record_equal",0.51,0.41,0.61,,,"",TRUE,1,16
"Alosa_pseudoharengus","binary","M2","record_equal",0.51,0.41,0.61,,,"fixture_warning",TRUE,1,15
"Alosa_sapidissima","binary","M2","record_equal",0.51,0.41,0.61,,,"",TRUE,1,14
"Sardina_pilchardus","binary","M2","record_equal",0.51,0.41,0.61,,,"",TRUE,1,13
"Clupea_harengus","binary","M2","record_equal",0.51,0.41,0.61,,,"",TRUE,1,12
"Sprattus_sprattus","binary","M2","record_equal",0.51,0.41,0.61,,,"",TRUE,1,11
"Denticeps_clupeoides","binary","M2","record_equal",0.51,0.41,0.61,,,"",TRUE,1,10
"Coilia_grayii","binary","M2","record_equal",0.51,0.41,0.61,,,"",TRUE,1,9
"Coilia_mystus","binary","M2","record_equal",0.51,0.41,0.61,,,"fixture_warning",TRUE,1,8
"Engraulis_encrasicolus","binary","M2","record_equal",0.51,0.41,0.61,,,"",TRUE,1,7
"Chanos_chanos","binary","M2","record_equal",0.51,0.41,0.61,,,"",TRUE,1,6
"Myxocyprinus_asiaticus","binary","M2","record_equal",0.51,0.41,0.61,,,"",TRUE,1,5
"Xyrauchen_texanus","binary","M2","record_equal",0.51,0.41,0.61,,,"",TRUE,1,4
"Misgurnus_anguillicaudatus","binary","M2","record_equal",0.51,0.41,0.61,,,"",TRUE,1,3
"Paramisgurnus_dabryanus","binary","M2","record_equal",0.51,0.41,0.61,,,"",TRUE,1,2
"Abramis_brama","binary","M2","record_equal",0.51,0.41,0.61,,,"fixture_warning",TRUE,1,1
"Erpetoichthys_calabaricus","binary","M3","record_equal",0.58,0.48,0.68,,,"",TRUE,1,42
"Polypterus_senegalus","binary","M3","record_equal",0.58,0.48,0.68,,,"",TRUE,1,41
"Acipenser_oxyrinchus","binary","M3","record_equal",0.58,0.48,0.68,,,"",TRUE,1,40
"Acipenser_ruthenus","binary","M3","record_equal",0.58,0.48,0.68,,,"",TRUE,1,39
"Acipenser_sinensis","binary","M3","record_equal",0.58,0.48,0.68,,,"",TRUE,1,38
"Huso_huso","binary","M3","record_equal",0.58,0.48,0.68,,,"",TRUE,1,37
"Polyodon_spathula","binary","M3","record_equal",0.58,0.48,0.68,,,"fixture_warning",TRUE,1,36
"Amia_ocellicauda","binary","M3","record_equal",0.58,0.48,0.68,,,"",TRUE,1,35
"Atractosteus_spatula","binary","M3","record_equal",0.58,0.48,0.68,,,"",TRUE,1,34
"Lepisosteus_oculatus","binary","M3","record_equal",0.58,0.48,0.68,,,"",TRUE,1,33
"Megalops_atlanticus","binary","M3","record_equal",0.58,0.48,0.68,,,"",TRUE,1,32
"Megalops_cyprinoides","binary","M3","record_equal",0.58,0.48,0.68,,,"",TRUE,1,31
"Albula_glossodonta","binary","M3","record_equal",0.58,0.48,0.68,,,"",TRUE,1,30
"Albula_goreensis","binary","M3","record_equal",0.58,0.48,0.68,,,"fixture_warning",TRUE,1,29
"Aldrovandia_affinis","binary","M3","record_equal",0.58,0.48,0.68,,,"",TRUE,1,28
"Anguilla_anguilla","binary","M3","record_equal",0.58,0.48,0.68,,,"",TRUE,1,27
"Anguilla_japonica","binary","M3","record_equal",0.58,0.48,0.68,,,"",TRUE,1,26
"Anguilla_rostrata","binary","M3","record_equal",0.58,0.48,0.68,,,"",TRUE,1,25
"Conger_conger","binary","M3","record_equal",0.58,0.48,0.68,,,"",TRUE,1,24
"Gymnothorax_javanicus","binary","M3","record_equal",0.58,0.48,0.68,,,"",TRUE,1,23
"Synaphobranchus_kaupii","binary","M3","record_equal",0.58,0.48,0.68,,,"fixture_warning",TRUE,1,22
"Arapaima_gigas","binary","M3","record_equal",0.58,0.48,0.68,,,"",TRUE,1,21
"Brienomyrus_brachyistius","binary","M3","record_equal",0.58,0.48,0.68,,,"",TRUE,1,20
"Paramormyrops_kingsleyae","binary","M3","record_equal",0.58,0.48,0.68,,,"",TRUE,1,19
"Scleropages_formosus","binary","M3","record_equal",0.58,0.48,0.68,,,"",TRUE,1,18
"Hiodon_alosoides","binary","M3","record_equal",0.58,0.48,0.68,,,"",TRUE,1,17
"Alosa_alosa","binary","M3","record_equal",0.58,0.48,0.68,,,"",TRUE,1,16
"Alosa_pseudoharengus","binary","M3","record_equal",0.58,0.48,0.68,,,"fixture_warning",TRUE,1,15
"Alosa_sapidissima","binary","M3","record_equal",0.58,0.48,0.68,,,"",TRUE,1,14
"Sardina_pilchardus","binary","M3","record_equal",0.58,0.48,0.68,,,"",TRUE,1,13
"Clupea_harengus","binary","M3","record_equal",0.58,0.48,0.68,,,"",TRUE,1,12
"Sprattus_sprattus","binary","M3","record_equal",0.58,0.48,0.68,,,"",TRUE,1,11
"Denticeps_clupeoides","binary","M3","record_equal",0.58,0.48,0.68,,,"",TRUE,1,10
"Coilia_grayii","binary","M3","record_equal",0.58,0.48,0.68,,,"",TRUE,1,9
"Coilia_mystus","binary","M3","record_equal",0.58,0.48,0.68,,,"fixture_warning",TRUE,1,8
"Engraulis_encrasicolus","binary","M3","record_equal",0.58,0.48,0.68,,,"",TRUE,1,7
"Chanos_chanos","binary","M3","record_equal",0.58,0.48,0.68,,,"",TRUE,1,6
"Myxocyprinus_asiaticus","binary","M3","record_equal",0.58,0.48,0.68,,,"",TRUE,1,5
"Xyrauchen_texanus","binary","M3","record_equal",0.58,0.48,0.68,,,"",TRUE,1,4
"Misgurnus_anguillicaudatus","binary","M3","record_equal",0.58,0.48,0.68,,,"",TRUE,1,3
"Paramisgurnus_dabryanus","binary","M3","record_equal",0.58,0.48,0.68,,,"",TRUE,1,2
"Abramis_brama","binary","M3","record_equal",0.58,0.48,0.68,,,"fixture_warning",TRUE,1,1
"Barbus_barbus","binary","Null","record_equal",0.37,0.27,0.47,,,"",TRUE,2,42
"Carassius_auratus","binary","Null","record_equal",0.37,0.27,0.47,,,"",TRUE,2,41
"Carassius_carassius","binary","Null","record_equal",0.37,0.27,0.47,,,"",TRUE,2,40
"Carassius_gibelio","binary","Null","record_equal",0.37,0.27,0.47,,,"",TRUE,2,39
"Chanodichthys_erythropterus","binary","Null","record_equal",0.37,0.27,0.47,,,"",TRUE,2,38
"Cirrhinus_molitorella","binary","Null","record_equal",0.37,0.27,0.47,,,"",TRUE,2,37
"Ctenopharyngodon_idella","binary","Null","record_equal",0.37,0.27,0.47,,,"fixture_warning",TRUE,2,36
"Culter_alburnus","binary","Null","record_equal",0.37,0.27,0.47,,,"",TRUE,2,35
"Cyprinella_venusta","binary","Null","record_equal",0.37,0.27,0.47,,,"",TRUE,2,34
"Cyprinus_carpio","binary","Null","record_equal",0.37,0.27,0.47,,,"",TRUE,2,33
"Danio_aesculapii","binary","Null","record_equal",0.37,0.27,0.47,,,"",TRUE,2,32
"Danio_rerio","binary","Null","record_equal",0.37,0.27,0.47,,,"",TRUE,2,31
"Garra_rufa","binary","Null","record_equal",0.37,0.27,0.47,,,"",TRUE,2,30
"Hemiculter_leucisculus","binary","Null","record_equal",0.37,0.27,0.47,,,"fixture_warning",TRUE,2,29
"Labeo_rohita","binary","Null","record_equal",0.37,0.27,0.47,,,"",TRUE,2,28
"Leuciscus_chuanchicus","binary","Null","record_equal",0.37,0.27,0.47,,,"",TRUE,2,27
"Leuciscus_leuciscus","binary","Null","record_equal",0.37,0.27,0.47,,,"",TRUE,2,26
"Leuciscus_waleckii","binary","Null","record_equal",0.37,0.27,0.47,,,"",TRUE,2,25
"Megalobrama_amblycephala","binary","Null","record_equal",0.37,0.27,0.47,,,"",TRUE,2,24
"Mylopharyngodon_piceus","binary","Null","record_equal",0.37,0.27,0.47,,,"",TRUE,2,23
"Onychostoma_macrolepis","binary","Null","record_equal",0.37,0.27,0.47,,,"fixture_warning",TRUE,2,22
"Phoxinus_phoxinus","binary","Null","record_equal",0.37,0.27,0.47,,,"",TRUE,2,21
"Pimephales_promelas","binary","Null","record_equal",0.37,0.27,0.47,,,"",TRUE,2,20
"Pseudorasbora_parva","binary","Null","record_equal",0.37,0.27,0.47,,,"",TRUE,2,19
"Puntigrus_tetrazona","binary","Null","record_equal",0.37,0.27,0.47,,,"",TRUE,2,18
"Rutilus_rutilus","binary","Null","record_equal",0.37,0.27,0.47,,,"",TRUE,2,17
"Scardinius_erythrophthalmus","binary","Null","record_equal",0.37,0.27,0.47,,,"",TRUE,2,16
"Sinocyclocheilus_anshuiensis","binary","Null","record_equal",0.37,0.27,0.47,,,"fixture_warning",TRUE,2,15
"Sinocyclocheilus_grahami","binary","Null","record_equal",0.37,0.27,0.47,,,"",TRUE,2,14
"Sinocyclocheilus_rhinocerous","binary","Null","record_equal",0.37,0.27,0.47,,,"",TRUE,2,13
"Siphateles_boraxobius","binary","Null","record_equal",0.37,0.27,0.47,,,"",TRUE,2,12
"Squalius_cephalus","binary","Null","record_equal",0.37,0.27,0.47,,,"",TRUE,2,11
"Gobio_gobio","binary","Null","record_equal",0.37,0.27,0.47,,,"",TRUE,2,10
"Rhinichthys_klamathensis","binary","Null","record_equal",0.37,0.27,0.47,,,"",TRUE,2,9
"Barbatula_barbatula","binary","Null","record_equal",0.37,0.27,0.47,,,"fixture_warning",TRUE,2,8
"Triplophysa_dalaica","binary","Null","record_equal",0.37,0.27,0.47,,,"",TRUE,2,7
"Triplophysa_rosa","binary","Null","record_equal",0.37,0.27,0.47,,,"",TRUE,2,6
"Astyanax_lacustris","binary","Null","record_equal",0.37,0.27,0.47,,,"",TRUE,2,5
"Astyanax_mexicanus","binary","Null","record_equal",0.37,0.27,0.47,,,"",TRUE,2,4
"Salminus_brasiliensis","binary","Null","record_equal",0.37,0.27,0.47,,,"",TRUE,2,3
"Hoplias_malabaricus","binary","Null","record_equal",0.37,0.27,0.47,,,"",TRUE,2,2
"Prochilodus_magdalenae","binary","Null","record_equal",0.37,0.27,0.47,,,"fixture_warning",TRUE,2,1
"Barbus_barbus","binary","M1","record_equal",0.44,0.34,0.54,,,"",TRUE,2,42
"Carassius_auratus","binary","M1","record_equal",0.44,0.34,0.54,,,"",TRUE,2,41
"Carassius_carassius","binary","M1","record_equal",0.44,0.34,0.54,,,"",TRUE,2,40
"Carassius_gibelio","binary","M1","record_equal",0.44,0.34,0.54,,,"",TRUE,2,39
"Chanodichthys_erythropterus","binary","M1","record_equal",0.44,0.34,0.54,,,"",TRUE,2,38
"Cirrhinus_molitorella","binary","M1","record_equal",0.44,0.34,0.54,,,"",TRUE,2,37
"Ctenopharyngodon_idella","binary","M1","record_equal",0.44,0.34,0.54,,,"fixture_warning",TRUE,2,36
"Culter_alburnus","binary","M1","record_equal",0.44,0.34,0.54,,,"",TRUE,2,35
"Cyprinella_venusta","binary","M1","record_equal",0.44,0.34,0.54,,,"",TRUE,2,34
"Cyprinus_carpio","binary","M1","record_equal",0.44,0.34,0.54,,,"",TRUE,2,33
"Danio_aesculapii","binary","M1","record_equal",0.44,0.34,0.54,,,"",TRUE,2,32
"Danio_rerio","binary","M1","record_equal",0.44,0.34,0.54,,,"",TRUE,2,31
"Garra_rufa","binary","M1","record_equal",0.44,0.34,0.54,,,"",TRUE,2,30
"Hemiculter_leucisculus","binary","M1","record_equal",0.44,0.34,0.54,,,"fixture_warning",TRUE,2,29
"Labeo_rohita","binary","M1","record_equal",0.44,0.34,0.54,,,"",TRUE,2,28
"Leuciscus_chuanchicus","binary","M1","record_equal",0.44,0.34,0.54,,,"",TRUE,2,27
"Leuciscus_leuciscus","binary","M1","record_equal",0.44,0.34,0.54,,,"",TRUE,2,26
"Leuciscus_waleckii","binary","M1","record_equal",0.44,0.34,0.54,,,"",TRUE,2,25
"Megalobrama_amblycephala","binary","M1","record_equal",0.44,0.34,0.54,,,"",TRUE,2,24
"Mylopharyngodon_piceus","binary","M1","record_equal",0.44,0.34,0.54,,,"",TRUE,2,23
"Onychostoma_macrolepis","binary","M1","record_equal",0.44,0.34,0.54,,,"fixture_warning",TRUE,2,22
"Phoxinus_phoxinus","binary","M1","record_equal",0.44,0.34,0.54,,,"",TRUE,2,21
"Pimephales_promelas","binary","M1","record_equal",0.44,0.34,0.54,,,"",TRUE,2,20
"Pseudorasbora_parva","binary","M1","record_equal",0.44,0.34,0.54,,,"",TRUE,2,19
"Puntigrus_tetrazona","binary","M1","record_equal",0.44,0.34,0.54,,,"",TRUE,2,18
"Rutilus_rutilus","binary","M1","record_equal",0.44,0.34,0.54,,,"",TRUE,2,17
"Scardinius_erythrophthalmus","binary","M1","record_equal",0.44,0.34,0.54,,,"",TRUE,2,16
"Sinocyclocheilus_anshuiensis","binary","M1","record_equal",0.44,0.34,0.54,,,"fixture_warning",TRUE,2,15
"Sinocyclocheilus_grahami","binary","M1","record_equal",0.44,0.34,0.54,,,"",TRUE,2,14
"Sinocyclocheilus_rhinocerous","binary","M1","record_equal",0.44,0.34,0.54,,,"",TRUE,2,13
"Siphateles_boraxobius","binary","M1","record_equal",0.44,0.34,0.54,,,"",TRUE,2,12
"Squalius_cephalus","binary","M1","record_equal",0.44,0.34,0.54,,,"",TRUE,2,11
"Gobio_gobio","binary","M1","record_equal",0.44,0.34,0.54,,,"",TRUE,2,10
"Rhinichthys_klamathensis","binary","M1","record_equal",0.44,0.34,0.54,,,"",TRUE,2,9
"Barbatula_barbatula","binary","M1","record_equal",0.44,0.34,0.54,,,"fixture_warning",TRUE,2,8
"Triplophysa_dalaica","binary","M1","record_equal",0.44,0.34,0.54,,,"",TRUE,2,7
"Triplophysa_rosa","binary","M1","record_equal",0.44,0.34,0.54,,,"",TRUE,2,6
"Astyanax_lacustris","binary","M1","record_equal",0.44,0.34,0.54,,,"",TRUE,2,5
"Astyanax_mexicanus","binary","M1","record_equal",0.44,0.34,0.54,,,"",TRUE,2,4
"Salminus_brasiliensis","binary","M1","record_equal",0.44,0.34,0.54,,,"",TRUE,2,3
"Hoplias_malabaricus","binary","M1","record_equal",0.44,0.34,0.54,,,"",TRUE,2,2
"Prochilodus_magdalenae","binary","M1","record_equal",0.44,0.34,0.54,,,"fixture_warning",TRUE,2,1
"Barbus_barbus","binary","M2","record_equal",0.51,0.41,0.61,,,"",TRUE,2,42
"Carassius_auratus","binary","M2","record_equal",0.51,0.41,0.61,,,"",TRUE,2,41
"Carassius_carassius","binary","M2","record_equal",0.51,0.41,0.61,,,"",TRUE,2,40
"Carassius_gibelio","binary","M2","record_equal",0.51,0.41,0.61,,,"",TRUE,2,39
"Chanodichthys_erythropterus","binary","M2","record_equal",0.51,0.41,0.61,,,"",TRUE,2,38
"Cirrhinus_molitorella","binary","M2","record_equal",0.51,0.41,0.61,,,"",TRUE,2,37
"Ctenopharyngodon_idella","binary","M2","record_equal",0.51,0.41,0.61,,,"fixture_warning",TRUE,2,36
"Culter_alburnus","binary","M2","record_equal",0.51,0.41,0.61,,,"",TRUE,2,35
"Cyprinella_venusta","binary","M2","record_equal",0.51,0.41,0.61,,,"",TRUE,2,34
"Cyprinus_carpio","binary","M2","record_equal",0.51,0.41,0.61,,,"",TRUE,2,33
"Danio_aesculapii","binary","M2","record_equal",0.51,0.41,0.61,,,"",TRUE,2,32
"Danio_rerio","binary","M2","record_equal",0.51,0.41,0.61,,,"",TRUE,2,31
"Garra_rufa","binary","M2","record_equal",0.51,0.41,0.61,,,"",TRUE,2,30
"Hemiculter_leucisculus","binary","M2","record_equal",0.51,0.41,0.61,,,"fixture_warning",TRUE,2,29
"Labeo_rohita","binary","M2","record_equal",0.51,0.41,0.61,,,"",TRUE,2,28
"Leuciscus_chuanchicus","binary","M2","record_equal",0.51,0.41,0.61,,,"",TRUE,2,27
"Leuciscus_leuciscus","binary","M2","record_equal",0.51,0.41,0.61,,,"",TRUE,2,26
"Leuciscus_waleckii","binary","M2","record_equal",0.51,0.41,0.61,,,"",TRUE,2,25
"Megalobrama_amblycephala","binary","M2","record_equal",0.51,0.41,0.61,,,"",TRUE,2,24
"Mylopharyngodon_piceus","binary","M2","record_equal",0.51,0.41,0.61,,,"",TRUE,2,23
"Onychostoma_macrolepis","binary","M2","record_equal",0.51,0.41,0.61,,,"fixture_warning",TRUE,2,22
"Phoxinus_phoxinus","binary","M2","record_equal",0.51,0.41,0.61,,,"",TRUE,2,21
"Pimephales_promelas","binary","M2","record_equal",0.51,0.41,0.61,,,"",TRUE,2,20
"Pseudorasbora_parva","binary","M2","record_equal",0.51,0.41,0.61,,,"",TRUE,2,19
"Puntigrus_tetrazona","binary","M2","record_equal",0.51,0.41,0.61,,,"",TRUE,2,18
"Rutilus_rutilus","binary","M2","record_equal",0.51,0.41,0.61,,,"",TRUE,2,17
"Scardinius_erythrophthalmus","binary","M2","record_equal",0.51,0.41,0.61,,,"",TRUE,2,16
"Sinocyclocheilus_anshuiensis","binary","M2","record_equal",0.51,0.41,0.61,,,"fixture_warning",TRUE,2,15
"Sinocyclocheilus_grahami","binary","M2","record_equal",0.51,0.41,0.61,,,"",TRUE,2,14
"Sinocyclocheilus_rhinocerous","binary","M2","record_equal",0.51,0.41,0.61,,,"",TRUE,2,13
"Siphateles_boraxobius","binary","M2","record_equal",0.51,0.41,0.61,,,"",TRUE,2,12
"Squalius_cephalus","binary","M2","record_equal",0.51,0.41,0.61,,,"",TRUE,2,11
"Gobio_gobio","binary","M2","record_equal",0.51,0.41,0.61,,,"",TRUE,2,10
"Rhinichthys_klamathensis","binary","M2","record_equal",0.51,0.41,0.61,,,"",TRUE,2,9
"Barbatula_barbatula","binary","M2","record_equal",0.51,0.41,0.61,,,"fixture_warning",TRUE,2,8
"Triplophysa_dalaica","binary","M2","record_equal",0.51,0.41,0.61,,,"",TRUE,2,7
"Triplophysa_rosa","binary","M2","record_equal",0.51,0.41,0.61,,,"",TRUE,2,6
"Astyanax_lacustris","binary","M2","record_equal",0.51,0.41,0.61,,,"",TRUE,2,5
"Astyanax_mexicanus","binary","M2","record_equal",0.51,0.41,0.61,,,"",TRUE,2,4
"Salminus_brasiliensis","binary","M2","record_equal",0.51,0.41,0.61,,,"",TRUE,2,3
"Hoplias_malabaricus","binary","M2","record_equal",0.51,0.41,0.61,,,"",TRUE,2,2
"Prochilodus_magdalenae","binary","M2","record_equal",0.51,0.41,0.61,,,"fixture_warning",TRUE,2,1
"Barbus_barbus","binary","M3","record_equal",0.58,0.48,0.68,,,"",TRUE,2,42
"Carassius_auratus","binary","M3","record_equal",0.58,0.48,0.68,,,"",TRUE,2,41
"Carassius_carassius","binary","M3","record_equal",0.58,0.48,0.68,,,"",TRUE,2,40
"Carassius_gibelio","binary","M3","record_equal",0.58,0.48,0.68,,,"",TRUE,2,39
"Chanodichthys_erythropterus","binary","M3","record_equal",0.58,0.48,0.68,,,"",TRUE,2,38
"Cirrhinus_molitorella","binary","M3","record_equal",0.58,0.48,0.68,,,"",TRUE,2,37
"Ctenopharyngodon_idella","binary","M3","record_equal",0.58,0.48,0.68,,,"fixture_warning",TRUE,2,36
"Culter_alburnus","binary","M3","record_equal",0.58,0.48,0.68,,,"",TRUE,2,35
"Cyprinella_venusta","binary","M3","record_equal",0.58,0.48,0.68,,,"",TRUE,2,34
"Cyprinus_carpio","binary","M3","record_equal",0.58,0.48,0.68,,,"",TRUE,2,33
"Danio_aesculapii","binary","M3","record_equal",0.58,0.48,0.68,,,"",TRUE,2,32
"Danio_rerio","binary","M3","record_equal",0.58,0.48,0.68,,,"",TRUE,2,31
"Garra_rufa","binary","M3","record_equal",0.58,0.48,0.68,,,"",TRUE,2,30
"Hemiculter_leucisculus","binary","M3","record_equal",0.58,0.48,0.68,,,"fixture_warning",TRUE,2,29
"Labeo_rohita","binary","M3","record_equal",0.58,0.48,0.68,,,"",TRUE,2,28
"Leuciscus_chuanchicus","binary","M3","record_equal",0.58,0.48,0.68,,,"",TRUE,2,27
"Leuciscus_leuciscus","binary","M3","record_equal",0.58,0.48,0.68,,,"",TRUE,2,26
"Leuciscus_waleckii","binary","M3","record_equal",0.58,0.48,0.68,,,"",TRUE,2,25
"Megalobrama_amblycephala","binary","M3","record_equal",0.58,0.48,0.68,,,"",TRUE,2,24
"Mylopharyngodon_piceus","binary","M3","record_equal",0.58,0.48,0.68,,,"",TRUE,2,23
"Onychostoma_macrolepis","binary","M3","record_equal",0.58,0.48,0.68,,,"fixture_warning",TRUE,2,22
"Phoxinus_phoxinus","binary","M3","record_equal",0.58,0.48,0.68,,,"",TRUE,2,21
"Pimephales_promelas","binary","M3","record_equal",0.58,0.48,0.68,,,"",TRUE,2,20
"Pseudorasbora_parva","binary","M3","record_equal",0.58,0.48,0.68,,,"",TRUE,2,19
"Puntigrus_tetrazona","binary","M3","record_equal",0.58,0.48,0.68,,,"",TRUE,2,18
"Rutilus_rutilus","binary","M3","record_equal",0.58,0.48,0.68,,,"",TRUE,2,17
"Scardinius_erythrophthalmus","binary","M3","record_equal",0.58,0.48,0.68,,,"",TRUE,2,16
"Sinocyclocheilus_anshuiensis","binary","M3","record_equal",0.58,0.48,0.68,,,"fixture_warning",TRUE,2,15
"Sinocyclocheilus_grahami","binary","M3","record_equal",0.58,0.48,0.68,,,"",TRUE,2,14
"Sinocyclocheilus_rhinocerous","binary","M3","record_equal",0.58,0.48,0.68,,,"",TRUE,2,13
"Siphateles_boraxobius","binary","M3","record_equal",0.58,0.48,0.68,,,"",TRUE,2,12
"Squalius_cephalus","binary","M3","record_equal",0.58,0.48,0.68,,,"",TRUE,2,11
"Gobio_gobio","binary","M3","record_equal",0.58,0.48,0.68,,,"",TRUE,2,10
"Rhinichthys_klamathensis","binary","M3","record_equal",0.58,0.48,0.68,,,"",TRUE,2,9
"Barbatula_barbatula","binary","M3","record_equal",0.58,0.48,0.68,,,"fixture_warning",TRUE,2,8
"Triplophysa_dalaica","binary","M3","record_equal",0.58,0.48,0.68,,,"",TRUE,2,7
"Triplophysa_rosa","binary","M3","record_equal",0.58,0.48,0.68,,,"",TRUE,2,6
"Astyanax_lacustris","binary","M3","record_equal",0.58,0.48,0.68,,,"",TRUE,2,5
"Astyanax_mexicanus","binary","M3","record_equal",0.58,0.48,0.68,,,"",TRUE,2,4
"Salminus_brasiliensis","binary","M3","record_equal",0.58,0.48,0.68,,,"",TRUE,2,3
"Hoplias_malabaricus","binary","M3","record_equal",0.58,0.48,0.68,,,"",TRUE,2,2
"Prochilodus_magdalenae","binary","M3","record_equal",0.58,0.48,0.68,,,"fixture_warning",TRUE,2,1
"Acnodon_oligacanthus","binary","Null","record_equal",0.37,0.27,0.47,,,"",TRUE,3,42
"Colossoma_macropomum","binary","Null","record_equal",0.37,0.27,0.47,,,"",TRUE,3,41
"Metynnis_hypsauchen","binary","Null","record_equal",0.37,0.27,0.47,,,"",TRUE,3,40
"Pygocentrus_nattereri","binary","Null","record_equal",0.37,0.27,0.47,,,"",TRUE,3,39
"Serrasalmus_rhombeus","binary","Null","record_equal",0.37,0.27,0.47,,,"",TRUE,3,38
"Electrophorus_electricus","binary","Null","record_equal",0.37,0.27,0.47,,,"",TRUE,3,37
"Electrophorus_voltai","binary","Null","record_equal",0.37,0.27,0.47,,,"fixture_warning",TRUE,3,36
"Brachyhypopomus_gauderio","binary","Null","record_equal",0.37,0.27,0.47,,,"",TRUE,3,35
"Neoarius_graeffei","binary","Null","record_equal",0.37,0.27,0.47,,,"",TRUE,3,34
"Hemibagrus_guttatus","binary","Null","record_equal",0.37,0.27,0.47,,,"",TRUE,3,33
"Hemibagrus_wyckioides","binary","Null","record_equal",0.37,0.27,0.47,,,"",TRUE,3,32
"Tachysurus_fulvidraco","binary","Null","record_equal",0.37,0.27,0.47,,,"",TRUE,3,31
"Tachysurus_vachellii","binary","Null","record_equal",0.37,0.27,0.47,,,"",TRUE,3,30
"Clarias_gariepinus","binary","Null","record_equal",0.37,0.27,0.47,,,"fixture_warning",TRUE,3,29
"Clarias_magur","binary","Null","record_equal",0.37,0.27,0.47,,,"",TRUE,3,28
"Ictalurus_furcatus","binary","Null","record_equal",0.37,0.27,0.47,,,"",TRUE,3,27
"Ictalurus_punctatus","binary","Null","record_equal",0.37,0.27,0.47,,,"",TRUE,3,26
"Pangasianodon_gigas","binary","Null","record_equal",0.37,0.27,0.47,,,"",TRUE,3,25
"Pangasianodon_hypophthalmus","binary","Null","record_equal",0.37,0.27,0.47,,,"",TRUE,3,24
"Silurus_aristotelis","binary","Null","record_equal",0.37,0.27,0.47,,,"",TRUE,3,23
"Silurus_asotus","binary","Null","record_equal",0.37,0.27,0.47,,,"fixture_warning",TRUE,3,22
"Silurus_meridionalis","binary","Null","record_equal",0.37,0.27,0.47,,,"",TRUE,3,21
"Trichomycterus_rosablanca","binary","Null","record_equal",0.37,0.27,0.47,,,"",TRUE,3,20
"Nansenia_antarctica","binary","Null","record_equal",0.37,0.27,0.47,,,"",TRUE,3,19
"Galaxias_brevipinnis","binary","Null","record_equal",0.37,0.27,0.47,,,"",TRUE,3,18
"Coregonus_albula","binary","Null","record_equal",0.37,0.27,0.47,,,"",TRUE,3,17
"Coregonus_clupeaformis","binary","Null","record_equal",0.37,0.27,0.47,,,"",TRUE,3,16
"Coregonus_lavaretus","binary","Null","record_equal",0.37,0.27,0.47,,,"fixture_warning",TRUE,3,15
"Coregonus_suidteri","binary","Null","record_equal",0.37,0.27,0.47,,,"",TRUE,3,14
"Oncorhynchus_clarkii","binary","Null","record_equal",0.37,0.27,0.47,,,"",TRUE,3,13
"Oncorhynchus_gorbuscha","binary","Null","record_equal",0.37,0.27,0.47,,,"",TRUE,3,12
"Oncorhynchus_keta","binary","Null","record_equal",0.37,0.27,0.47,,,"",TRUE,3,11
"Oncorhynchus_kisutch","binary","Null","record_equal",0.37,0.27,0.47,,,"",TRUE,3,10
"Oncorhynchus_masou","binary","Null","record_equal",0.37,0.27,0.47,,,"",TRUE,3,9
"Oncorhynchus_mykiss","binary","Null","record_equal",0.37,0.27,0.47,,,"fixture_warning",TRUE,3,8
"Oncorhynchus_nerka","binary","Null","record_equal",0.37,0.27,0.47,,,"",TRUE,3,7
"Oncorhynchus_tshawytscha","binary","Null","record_equal",0.37,0.27,0.47,,,"",TRUE,3,6
"Salmo_salar","binary","Null","record_equal",0.37,0.27,0.47,,,"",TRUE,3,5
"Salmo_trutta","binary","Null","record_equal",0.37,0.27,0.47,,,"",TRUE,3,4
"Salvelinus_alpinus","binary","Null","record_equal",0.37,0.27,0.47,,,"",TRUE,3,3
"Salvelinus_fontinalis","binary","Null","record_equal",0.37,0.27,0.47,,,"",TRUE,3,2
"Salvelinus_namaycush","binary","Null","record_equal",0.37,0.27,0.47,,,"fixture_warning",TRUE,3,1
"Acnodon_oligacanthus","binary","M1","record_equal",0.44,0.34,0.54,,,"",TRUE,3,42
"Colossoma_macropomum","binary","M1","record_equal",0.44,0.34,0.54,,,"",TRUE,3,41
"Metynnis_hypsauchen","binary","M1","record_equal",0.44,0.34,0.54,,,"",TRUE,3,40
"Pygocentrus_nattereri","binary","M1","record_equal",0.44,0.34,0.54,,,"",TRUE,3,39
"Serrasalmus_rhombeus","binary","M1","record_equal",0.44,0.34,0.54,,,"",TRUE,3,38
"Electrophorus_electricus","binary","M1","record_equal",0.44,0.34,0.54,,,"",TRUE,3,37
"Electrophorus_voltai","binary","M1","record_equal",0.44,0.34,0.54,,,"fixture_warning",TRUE,3,36
"Brachyhypopomus_gauderio","binary","M1","record_equal",0.44,0.34,0.54,,,"",TRUE,3,35
"Neoarius_graeffei","binary","M1","record_equal",0.44,0.34,0.54,,,"",TRUE,3,34
"Hemibagrus_guttatus","binary","M1","record_equal",0.44,0.34,0.54,,,"",TRUE,3,33
"Hemibagrus_wyckioides","binary","M1","record_equal",0.44,0.34,0.54,,,"",TRUE,3,32
"Tachysurus_fulvidraco","binary","M1","record_equal",0.44,0.34,0.54,,,"",TRUE,3,31
"Tachysurus_vachellii","binary","M1","record_equal",0.44,0.34,0.54,,,"",TRUE,3,30
"Clarias_gariepinus","binary","M1","record_equal",0.44,0.34,0.54,,,"fixture_warning",TRUE,3,29
"Clarias_magur","binary","M1","record_equal",0.44,0.34,0.54,,,"",TRUE,3,28
"Ictalurus_furcatus","binary","M1","record_equal",0.44,0.34,0.54,,,"",TRUE,3,27
"Ictalurus_punctatus","binary","M1","record_equal",0.44,0.34,0.54,,,"",TRUE,3,26
"Pangasianodon_gigas","binary","M1","record_equal",0.44,0.34,0.54,,,"",TRUE,3,25
"Pangasianodon_hypophthalmus","binary","M1","record_equal",0.44,0.34,0.54,,,"",TRUE,3,24
"Silurus_aristotelis","binary","M1","record_equal",0.44,0.34,0.54,,,"",TRUE,3,23
"Silurus_asotus","binary","M1","record_equal",0.44,0.34,0.54,,,"fixture_warning",TRUE,3,22
"Silurus_meridionalis","binary","M1","record_equal",0.44,0.34,0.54,,,"",TRUE,3,21
"Trichomycterus_rosablanca","binary","M1","record_equal",0.44,0.34,0.54,,,"",TRUE,3,20
"Nansenia_antarctica","binary","M1","record_equal",0.44,0.34,0.54,,,"",TRUE,3,19
"Galaxias_brevipinnis","binary","M1","record_equal",0.44,0.34,0.54,,,"",TRUE,3,18
"Coregonus_albula","binary","M1","record_equal",0.44,0.34,0.54,,,"",TRUE,3,17
"Coregonus_clupeaformis","binary","M1","record_equal",0.44,0.34,0.54,,,"",TRUE,3,16
"Coregonus_lavaretus","binary","M1","record_equal",0.44,0.34,0.54,,,"fixture_warning",TRUE,3,15
"Coregonus_suidteri","binary","M1","record_equal",0.44,0.34,0.54,,,"",TRUE,3,14
"Oncorhynchus_clarkii","binary","M1","record_equal",0.44,0.34,0.54,,,"",TRUE,3,13
"Oncorhynchus_gorbuscha","binary","M1","record_equal",0.44,0.34,0.54,,,"",TRUE,3,12
"Oncorhynchus_keta","binary","M1","record_equal",0.44,0.34,0.54,,,"",TRUE,3,11
"Oncorhynchus_kisutch","binary","M1","record_equal",0.44,0.34,0.54,,,"",TRUE,3,10
"Oncorhynchus_masou","binary","M1","record_equal",0.44,0.34,0.54,,,"",TRUE,3,9
"Oncorhynchus_mykiss","binary","M1","record_equal",0.44,0.34,0.54,,,"fixture_warning",TRUE,3,8
"Oncorhynchus_nerka","binary","M1","record_equal",0.44,0.34,0.54,,,"",TRUE,3,7
"Oncorhynchus_tshawytscha","binary","M1","record_equal",0.44,0.34,0.54,,,"",TRUE,3,6
"Salmo_salar","binary","M1","record_equal",0.44,0.34,0.54,,,"",TRUE,3,5
"Salmo_trutta","binary","M1","record_equal",0.44,0.34,0.54,,,"",TRUE,3,4
"Salvelinus_alpinus","binary","M1","record_equal",0.44,0.34,0.54,,,"",TRUE,3,3
"Salvelinus_fontinalis","binary","M1","record_equal",0.44,0.34,0.54,,,"",TRUE,3,2
"Salvelinus_namaycush","binary","M1","record_equal",0.44,0.34,0.54,,,"fixture_warning",TRUE,3,1
"Acnodon_oligacanthus","binary","M2","record_equal",0.51,0.41,0.61,,,"",TRUE,3,42
"Colossoma_macropomum","binary","M2","record_equal",0.51,0.41,0.61,,,"",TRUE,3,41
"Metynnis_hypsauchen","binary","M2","record_equal",0.51,0.41,0.61,,,"",TRUE,3,40
"Pygocentrus_nattereri","binary","M2","record_equal",0.51,0.41,0.61,,,"",TRUE,3,39
"Serrasalmus_rhombeus","binary","M2","record_equal",0.51,0.41,0.61,,,"",TRUE,3,38
"Electrophorus_electricus","binary","M2","record_equal",0.51,0.41,0.61,,,"",TRUE,3,37
"Electrophorus_voltai","binary","M2","record_equal",0.51,0.41,0.61,,,"fixture_warning",TRUE,3,36
"Brachyhypopomus_gauderio","binary","M2","record_equal",0.51,0.41,0.61,,,"",TRUE,3,35
"Neoarius_graeffei","binary","M2","record_equal",0.51,0.41,0.61,,,"",TRUE,3,34
"Hemibagrus_guttatus","binary","M2","record_equal",0.51,0.41,0.61,,,"",TRUE,3,33
"Hemibagrus_wyckioides","binary","M2","record_equal",0.51,0.41,0.61,,,"",TRUE,3,32
"Tachysurus_fulvidraco","binary","M2","record_equal",0.51,0.41,0.61,,,"",TRUE,3,31
"Tachysurus_vachellii","binary","M2","record_equal",0.51,0.41,0.61,,,"",TRUE,3,30
"Clarias_gariepinus","binary","M2","record_equal",0.51,0.41,0.61,,,"fixture_warning",TRUE,3,29
"Clarias_magur","binary","M2","record_equal",0.51,0.41,0.61,,,"",TRUE,3,28
"Ictalurus_furcatus","binary","M2","record_equal",0.51,0.41,0.61,,,"",TRUE,3,27
"Ictalurus_punctatus","binary","M2","record_equal",0.51,0.41,0.61,,,"",TRUE,3,26
"Pangasianodon_gigas","binary","M2","record_equal",0.51,0.41,0.61,,,"",TRUE,3,25
"Pangasianodon_hypophthalmus","binary","M2","record_equal",0.51,0.41,0.61,,,"",TRUE,3,24
"Silurus_aristotelis","binary","M2","record_equal",0.51,0.41,0.61,,,"",TRUE,3,23
"Silurus_asotus","binary","M2","record_equal",0.51,0.41,0.61,,,"fixture_warning",TRUE,3,22
"Silurus_meridionalis","binary","M2","record_equal",0.51,0.41,0.61,,,"",TRUE,3,21
"Trichomycterus_rosablanca","binary","M2","record_equal",0.51,0.41,0.61,,,"",TRUE,3,20
"Nansenia_antarctica","binary","M2","record_equal",0.51,0.41,0.61,,,"",TRUE,3,19
"Galaxias_brevipinnis","binary","M2","record_equal",0.51,0.41,0.61,,,"",TRUE,3,18
"Coregonus_albula","binary","M2","record_equal",0.51,0.41,0.61,,,"",TRUE,3,17
"Coregonus_clupeaformis","binary","M2","record_equal",0.51,0.41,0.61,,,"",TRUE,3,16
"Coregonus_lavaretus","binary","M2","record_equal",0.51,0.41,0.61,,,"fixture_warning",TRUE,3,15
"Coregonus_suidteri","binary","M2","record_equal",0.51,0.41,0.61,,,"",TRUE,3,14
"Oncorhynchus_clarkii","binary","M2","record_equal",0.51,0.41,0.61,,,"",TRUE,3,13
"Oncorhynchus_gorbuscha","binary","M2","record_equal",0.51,0.41,0.61,,,"",TRUE,3,12
"Oncorhynchus_keta","binary","M2","record_equal",0.51,0.41,0.61,,,"",TRUE,3,11
"Oncorhynchus_kisutch","binary","M2","record_equal",0.51,0.41,0.61,,,"",TRUE,3,10
"Oncorhynchus_masou","binary","M2","record_equal",0.51,0.41,0.61,,,"",TRUE,3,9
"Oncorhynchus_mykiss","binary","M2","record_equal",0.51,0.41,0.61,,,"fixture_warning",TRUE,3,8
"Oncorhynchus_nerka","binary","M2","record_equal",0.51,0.41,0.61,,,"",TRUE,3,7
"Oncorhynchus_tshawytscha","binary","M2","record_equal",0.51,0.41,0.61,,,"",TRUE,3,6
"Salmo_salar","binary","M2","record_equal",0.51,0.41,0.61,,,"",TRUE,3,5
"Salmo_trutta","binary","M2","record_equal",0.51,0.41,0.61,,,"",TRUE,3,4
"Salvelinus_alpinus","binary","M2","record_equal",0.51,0.41,0.61,,,"",TRUE,3,3
"Salvelinus_fontinalis","binary","M2","record_equal",0.51,0.41,0.61,,,"",TRUE,3,2
"Salvelinus_namaycush","binary","M2","record_equal",0.51,0.41,0.61,,,"fixture_warning",TRUE,3,1
"Acnodon_oligacanthus","binary","M3","record_equal",0.58,0.48,0.68,,,"",TRUE,3,42
"Colossoma_macropomum","binary","M3","record_equal",0.58,0.48,0.68,,,"",TRUE,3,41
"Metynnis_hypsauchen","binary","M3","record_equal",0.58,0.48,0.68,,,"",TRUE,3,40
"Pygocentrus_nattereri","binary","M3","record_equal",0.58,0.48,0.68,,,"",TRUE,3,39
"Serrasalmus_rhombeus","binary","M3","record_equal",0.58,0.48,0.68,,,"",TRUE,3,38
"Electrophorus_electricus","binary","M3","record_equal",0.58,0.48,0.68,,,"",TRUE,3,37
"Electrophorus_voltai","binary","M3","record_equal",0.58,0.48,0.68,,,"fixture_warning",TRUE,3,36
"Brachyhypopomus_gauderio","binary","M3","record_equal",0.58,0.48,0.68,,,"",TRUE,3,35
"Neoarius_graeffei","binary","M3","record_equal",0.58,0.48,0.68,,,"",TRUE,3,34
"Hemibagrus_guttatus","binary","M3","record_equal",0.58,0.48,0.68,,,"",TRUE,3,33
"Hemibagrus_wyckioides","binary","M3","record_equal",0.58,0.48,0.68,,,"",TRUE,3,32
"Tachysurus_fulvidraco","binary","M3","record_equal",0.58,0.48,0.68,,,"",TRUE,3,31
"Tachysurus_vachellii","binary","M3","record_equal",0.58,0.48,0.68,,,"",TRUE,3,30
"Clarias_gariepinus","binary","M3","record_equal",0.58,0.48,0.68,,,"fixture_warning",TRUE,3,29
"Clarias_magur","binary","M3","record_equal",0.58,0.48,0.68,,,"",TRUE,3,28
"Ictalurus_furcatus","binary","M3","record_equal",0.58,0.48,0.68,,,"",TRUE,3,27
"Ictalurus_punctatus","binary","M3","record_equal",0.58,0.48,0.68,,,"",TRUE,3,26
"Pangasianodon_gigas","binary","M3","record_equal",0.58,0.48,0.68,,,"",TRUE,3,25
"Pangasianodon_hypophthalmus","binary","M3","record_equal",0.58,0.48,0.68,,,"",TRUE,3,24
"Silurus_aristotelis","binary","M3","record_equal",0.58,0.48,0.68,,,"",TRUE,3,23
"Silurus_asotus","binary","M3","record_equal",0.58,0.48,0.68,,,"fixture_warning",TRUE,3,22
"Silurus_meridionalis","binary","M3","record_equal",0.58,0.48,0.68,,,"",TRUE,3,21
"Trichomycterus_rosablanca","binary","M3","record_equal",0.58,0.48,0.68,,,"",TRUE,3,20
"Nansenia_antarctica","binary","M3","record_equal",0.58,0.48,0.68,,,"",TRUE,3,19
"Galaxias_brevipinnis","binary","M3","record_equal",0.58,0.48,0.68,,,"",TRUE,3,18
"Coregonus_albula","binary","M3","record_equal",0.58,0.48,0.68,,,"",TRUE,3,17
"Coregonus_clupeaformis","binary","M3","record_equal",0.58,0.48,0.68,,,"",TRUE,3,16
"Coregonus_lavaretus","binary","M3","record_equal",0.58,0.48,0.68,,,"fixture_warning",TRUE,3,15
"Coregonus_suidteri","binary","M3","record_equal",0.58,0.48,0.68,,,"",TRUE,3,14
"Oncorhynchus_clarkii","binary","M3","record_equal",0.58,0.48,0.68,,,"",TRUE,3,13
"Oncorhynchus_gorbuscha","binary","M3","record_equal",0.58,0.48,0.68,,,"",TRUE,3,12
"Oncorhynchus_keta","binary","M3","record_equal",0.58,0.48,0.68,,,"",TRUE,3,11
"Oncorhynchus_kisutch","binary","M3","record_equal",0.58,0.48,0.68,,,"",TRUE,3,10
"Oncorhynchus_masou","binary","M3","record_equal",0.58,0.48,0.68,,,"",TRUE,3,9
"Oncorhynchus_mykiss","binary","M3","record_equal",0.58,0.48,0.68,,,"fixture_warning",TRUE,3,8
"Oncorhynchus_nerka","binary","M3","record_equal",0.58,0.48,0.68,,,"",TRUE,3,7
"Oncorhynchus_tshawytscha","binary","M3","record_equal",0.58,0.48,0.68,,,"",TRUE,3,6
"Salmo_salar","binary","M3","record_equal",0.58,0.48,0.68,,,"",TRUE,3,5
"Salmo_trutta","binary","M3","record_equal",0.58,0.48,0.68,,,"",TRUE,3,4
"Salvelinus_alpinus","binary","M3","record_equal",0.58,0.48,0.68,,,"",TRUE,3,3
"Salvelinus_fontinalis","binary","M3","record_equal",0.58,0.48,0.68,,,"",TRUE,3,2
"Salvelinus_namaycush","binary","M3","record_equal",0.58,0.48,0.68,,,"fixture_warning",TRUE,3,1
"Dallia_pectoralis","binary","Null","record_equal",0.37,0.27,0.47,,,"",TRUE,4,42
"Esox_lucius","binary","Null","record_equal",0.37,0.27,0.47,,,"",TRUE,4,41
"Umbra_pygmaea","binary","Null","record_equal",0.37,0.27,0.47,,,"",TRUE,4,40
"Hypomesus_nipponensis","binary","Null","record_equal",0.37,0.27,0.47,,,"",TRUE,4,39
"Hypomesus_transpacificus","binary","Null","record_equal",0.37,0.27,0.47,,,"",TRUE,4,38
"Osmerus_eperlanus","binary","Null","record_equal",0.37,0.27,0.47,,,"",TRUE,4,37
"Osmerus_mordax","binary","Null","record_equal",0.37,0.27,0.47,,,"fixture_warning",TRUE,4,36
"Benthosema_glaciale","binary","Null","record_equal",0.37,0.27,0.47,,,"",TRUE,4,35
"Electrona_antarctica","binary","Null","record_equal",0.37,0.27,0.47,,,"",TRUE,4,34
"Gymnoscopelus_braueri","binary","Null","record_equal",0.37,0.27,0.47,,,"",TRUE,4,33
"Gymnoscopelus_microlampas","binary","Null","record_equal",0.37,0.27,0.47,,,"",TRUE,4,32
"Nannobrachium_achirus","binary","Null","record_equal",0.37,0.27,0.47,,,"",TRUE,4,31
"Protomyctophum_bolini","binary","Null","record_equal",0.37,0.27,0.47,,,"",TRUE,4,30
"Protomyctophum_parallelum","binary","Null","record_equal",0.37,0.27,0.47,,,"fixture_warning",TRUE,4,29
"Polymixia_hollisterae","binary","Null","record_equal",0.37,0.27,0.47,,,"",TRUE,4,28
"Polymixia_lowei","binary","Null","record_equal",0.37,0.27,0.47,,,"",TRUE,4,27
"Centroberyx_affinis","binary","Null","record_equal",0.37,0.27,0.47,,,"",TRUE,4,26
"Centroberyx_gerrardi","binary","Null","record_equal",0.37,0.27,0.47,,,"",TRUE,4,25
"Poromitra_crassiceps","binary","Null","record_equal",0.37,0.27,0.47,,,"",TRUE,4,24
"Myripristis_murdjan","binary","Null","record_equal",0.37,0.27,0.47,,,"",TRUE,4,23
"Lucifuga_dentata","binary","Null","record_equal",0.37,0.27,0.47,,,"fixture_warning",TRUE,4,22
"Genypterus_blacodes","binary","Null","record_equal",0.37,0.27,0.47,,,"",TRUE,4,21
"Arripis_georgiana","binary","Null","record_equal",0.37,0.27,0.47,,,"",TRUE,4,20
"Katsuwonus_pelamis","binary","Null","record_equal",0.37,0.27,0.47,,,"",TRUE,4,19
"Sarda_sarda","binary","Null","record_equal",0.37,0.27,0.47,,,"",TRUE,4,18
"Scomber_japonicus","binary","Null","record_equal",0.37,0.27,0.47,,,"",TRUE,4,17
"Scomber_scombrus","binary","Null","record_equal",0.37,0.27,0.47,,,"",TRUE,4,16
"Thunnus_alalunga","binary","Null","record_equal",0.37,0.27,0.47,,,"fixture_warning",TRUE,4,15
"Thunnus_albacares","binary","Null","record_equal",0.37,0.27,0.47,,,"",TRUE,4,14
"Thunnus_atlanticus","binary","Null","record_equal",0.37,0.27,0.47,,,"",TRUE,4,13
"Thunnus_maccoyii","binary","Null","record_equal",0.37,0.27,0.47,,,"",TRUE,4,12
"Thunnus_obesus","binary","Null","record_equal",0.37,0.27,0.47,,,"",TRUE,4,11
"Thunnus_orientalis","binary","Null","record_equal",0.37,0.27,0.47,,,"",TRUE,4,10
"Thunnus_thynnus","binary","Null","record_equal",0.37,0.27,0.47,,,"",TRUE,4,9
"Thunnus_tonggol","binary","Null","record_equal",0.37,0.27,0.47,,,"fixture_warning",TRUE,4,8
"Pampus_argenteus","binary","Null","record_equal",0.37,0.27,0.47,,,"",TRUE,4,7
"Pampus_punctatissimus","binary","Null","record_equal",0.37,0.27,0.47,,,"",TRUE,4,6
"Aulostomus_chinensis","binary","Null","record_equal",0.37,0.27,0.47,,,"",TRUE,4,5
"Fistularia_commersonii","binary","Null","record_equal",0.37,0.27,0.47,,,"",TRUE,4,4
"Pterapogon_kauderni","binary","Null","record_equal",0.37,0.27,0.47,,,"",TRUE,4,3
"Sphaeramia_orbicularis","binary","Null","record_equal",0.37,0.27,0.47,,,"",TRUE,4,2
"Oxyeleotris_marmorata","binary","Null","record_equal",0.37,0.27,0.47,,,"fixture_warning",TRUE,4,1
"Dallia_pectoralis","binary","M1","record_equal",0.44,0.34,0.54,,,"",TRUE,4,42
"Esox_lucius","binary","M1","record_equal",0.44,0.34,0.54,,,"",TRUE,4,41
"Umbra_pygmaea","binary","M1","record_equal",0.44,0.34,0.54,,,"",TRUE,4,40
"Hypomesus_nipponensis","binary","M1","record_equal",0.44,0.34,0.54,,,"",TRUE,4,39
"Hypomesus_transpacificus","binary","M1","record_equal",0.44,0.34,0.54,,,"",TRUE,4,38
"Osmerus_eperlanus","binary","M1","record_equal",0.44,0.34,0.54,,,"",TRUE,4,37
"Osmerus_mordax","binary","M1","record_equal",0.44,0.34,0.54,,,"fixture_warning",TRUE,4,36
"Benthosema_glaciale","binary","M1","record_equal",0.44,0.34,0.54,,,"",TRUE,4,35
"Electrona_antarctica","binary","M1","record_equal",0.44,0.34,0.54,,,"",TRUE,4,34
"Gymnoscopelus_braueri","binary","M1","record_equal",0.44,0.34,0.54,,,"",TRUE,4,33
"Gymnoscopelus_microlampas","binary","M1","record_equal",0.44,0.34,0.54,,,"",TRUE,4,32
"Nannobrachium_achirus","binary","M1","record_equal",0.44,0.34,0.54,,,"",TRUE,4,31
"Protomyctophum_bolini","binary","M1","record_equal",0.44,0.34,0.54,,,"",TRUE,4,30
"Protomyctophum_parallelum","binary","M1","record_equal",0.44,0.34,0.54,,,"fixture_warning",TRUE,4,29
"Polymixia_hollisterae","binary","M1","record_equal",0.44,0.34,0.54,,,"",TRUE,4,28
"Polymixia_lowei","binary","M1","record_equal",0.44,0.34,0.54,,,"",TRUE,4,27
"Centroberyx_affinis","binary","M1","record_equal",0.44,0.34,0.54,,,"",TRUE,4,26
"Centroberyx_gerrardi","binary","M1","record_equal",0.44,0.34,0.54,,,"",TRUE,4,25
"Poromitra_crassiceps","binary","M1","record_equal",0.44,0.34,0.54,,,"",TRUE,4,24
"Myripristis_murdjan","binary","M1","record_equal",0.44,0.34,0.54,,,"",TRUE,4,23
"Lucifuga_dentata","binary","M1","record_equal",0.44,0.34,0.54,,,"fixture_warning",TRUE,4,22
"Genypterus_blacodes","binary","M1","record_equal",0.44,0.34,0.54,,,"",TRUE,4,21
"Arripis_georgiana","binary","M1","record_equal",0.44,0.34,0.54,,,"",TRUE,4,20
"Katsuwonus_pelamis","binary","M1","record_equal",0.44,0.34,0.54,,,"",TRUE,4,19
"Sarda_sarda","binary","M1","record_equal",0.44,0.34,0.54,,,"",TRUE,4,18
"Scomber_japonicus","binary","M1","record_equal",0.44,0.34,0.54,,,"",TRUE,4,17
"Scomber_scombrus","binary","M1","record_equal",0.44,0.34,0.54,,,"",TRUE,4,16
"Thunnus_alalunga","binary","M1","record_equal",0.44,0.34,0.54,,,"fixture_warning",TRUE,4,15
"Thunnus_albacares","binary","M1","record_equal",0.44,0.34,0.54,,,"",TRUE,4,14
"Thunnus_atlanticus","binary","M1","record_equal",0.44,0.34,0.54,,,"",TRUE,4,13
"Thunnus_maccoyii","binary","M1","record_equal",0.44,0.34,0.54,,,"",TRUE,4,12
"Thunnus_obesus","binary","M1","record_equal",0.44,0.34,0.54,,,"",TRUE,4,11
"Thunnus_orientalis","binary","M1","record_equal",0.44,0.34,0.54,,,"",TRUE,4,10
"Thunnus_thynnus","binary","M1","record_equal",0.44,0.34,0.54,,,"",TRUE,4,9
"Thunnus_tonggol","binary","M1","record_equal",0.44,0.34,0.54,,,"fixture_warning",TRUE,4,8
"Pampus_argenteus","binary","M1","record_equal",0.44,0.34,0.54,,,"",TRUE,4,7
"Pampus_punctatissimus","binary","M1","record_equal",0.44,0.34,0.54,,,"",TRUE,4,6
"Aulostomus_chinensis","binary","M1","record_equal",0.44,0.34,0.54,,,"",TRUE,4,5
"Fistularia_commersonii","binary","M1","record_equal",0.44,0.34,0.54,,,"",TRUE,4,4
"Pterapogon_kauderni","binary","M1","record_equal",0.44,0.34,0.54,,,"",TRUE,4,3
"Sphaeramia_orbicularis","binary","M1","record_equal",0.44,0.34,0.54,,,"",TRUE,4,2
"Oxyeleotris_marmorata","binary","M1","record_equal",0.44,0.34,0.54,,,"fixture_warning",TRUE,4,1
"Dallia_pectoralis","binary","M2","record_equal",0.51,0.41,0.61,,,"",TRUE,4,42
"Esox_lucius","binary","M2","record_equal",0.51,0.41,0.61,,,"",TRUE,4,41
"Umbra_pygmaea","binary","M2","record_equal",0.51,0.41,0.61,,,"",TRUE,4,40
"Hypomesus_nipponensis","binary","M2","record_equal",0.51,0.41,0.61,,,"",TRUE,4,39
"Hypomesus_transpacificus","binary","M2","record_equal",0.51,0.41,0.61,,,"",TRUE,4,38
"Osmerus_eperlanus","binary","M2","record_equal",0.51,0.41,0.61,,,"",TRUE,4,37
"Osmerus_mordax","binary","M2","record_equal",0.51,0.41,0.61,,,"fixture_warning",TRUE,4,36
"Benthosema_glaciale","binary","M2","record_equal",0.51,0.41,0.61,,,"",TRUE,4,35
"Electrona_antarctica","binary","M2","record_equal",0.51,0.41,0.61,,,"",TRUE,4,34
"Gymnoscopelus_braueri","binary","M2","record_equal",0.51,0.41,0.61,,,"",TRUE,4,33
"Gymnoscopelus_microlampas","binary","M2","record_equal",0.51,0.41,0.61,,,"",TRUE,4,32
"Nannobrachium_achirus","binary","M2","record_equal",0.51,0.41,0.61,,,"",TRUE,4,31
"Protomyctophum_bolini","binary","M2","record_equal",0.51,0.41,0.61,,,"",TRUE,4,30
"Protomyctophum_parallelum","binary","M2","record_equal",0.51,0.41,0.61,,,"fixture_warning",TRUE,4,29
"Polymixia_hollisterae","binary","M2","record_equal",0.51,0.41,0.61,,,"",TRUE,4,28
"Polymixia_lowei","binary","M2","record_equal",0.51,0.41,0.61,,,"",TRUE,4,27
"Centroberyx_affinis","binary","M2","record_equal",0.51,0.41,0.61,,,"",TRUE,4,26
"Centroberyx_gerrardi","binary","M2","record_equal",0.51,0.41,0.61,,,"",TRUE,4,25
"Poromitra_crassiceps","binary","M2","record_equal",0.51,0.41,0.61,,,"",TRUE,4,24
"Myripristis_murdjan","binary","M2","record_equal",0.51,0.41,0.61,,,"",TRUE,4,23
"Lucifuga_dentata","binary","M2","record_equal",0.51,0.41,0.61,,,"fixture_warning",TRUE,4,22
"Genypterus_blacodes","binary","M2","record_equal",0.51,0.41,0.61,,,"",TRUE,4,21
"Arripis_georgiana","binary","M2","record_equal",0.51,0.41,0.61,,,"",TRUE,4,20
"Katsuwonus_pelamis","binary","M2","record_equal",0.51,0.41,0.61,,,"",TRUE,4,19
"Sarda_sarda","binary","M2","record_equal",0.51,0.41,0.61,,,"",TRUE,4,18
"Scomber_japonicus","binary","M2","record_equal",0.51,0.41,0.61,,,"",TRUE,4,17
"Scomber_scombrus","binary","M2","record_equal",0.51,0.41,0.61,,,"",TRUE,4,16
"Thunnus_alalunga","binary","M2","record_equal",0.51,0.41,0.61,,,"fixture_warning",TRUE,4,15
"Thunnus_albacares","binary","M2","record_equal",0.51,0.41,0.61,,,"",TRUE,4,14
"Thunnus_atlanticus","binary","M2","record_equal",0.51,0.41,0.61,,,"",TRUE,4,13
"Thunnus_maccoyii","binary","M2","record_equal",0.51,0.41,0.61,,,"",TRUE,4,12
"Thunnus_obesus","binary","M2","record_equal",0.51,0.41,0.61,,,"",TRUE,4,11
"Thunnus_orientalis","binary","M2","record_equal",0.51,0.41,0.61,,,"",TRUE,4,10
"Thunnus_thynnus","binary","M2","record_equal",0.51,0.41,0.61,,,"",TRUE,4,9
"Thunnus_tonggol","binary","M2","record_equal",0.51,0.41,0.61,,,"fixture_warning",TRUE,4,8
"Pampus_argenteus","binary","M2","record_equal",0.51,0.41,0.61,,,"",TRUE,4,7
"Pampus_punctatissimus","binary","M2","record_equal",0.51,0.41,0.61,,,"",TRUE,4,6
"Aulostomus_chinensis","binary","M2","record_equal",0.51,0.41,0.61,,,"",TRUE,4,5
"Fistularia_commersonii","binary","M2","record_equal",0.51,0.41,0.61,,,"",TRUE,4,4
"Pterapogon_kauderni","binary","M2","record_equal",0.51,0.41,0.61,,,"",TRUE,4,3
"Sphaeramia_orbicularis","binary","M2","record_equal",0.51,0.41,0.61,,,"",TRUE,4,2
"Oxyeleotris_marmorata","binary","M2","record_equal",0.51,0.41,0.61,,,"fixture_warning",TRUE,4,1
"Dallia_pectoralis","binary","M3","record_equal",0.58,0.48,0.68,,,"",TRUE,4,42
"Esox_lucius","binary","M3","record_equal",0.58,0.48,0.68,,,"",TRUE,4,41
"Umbra_pygmaea","binary","M3","record_equal",0.58,0.48,0.68,,,"",TRUE,4,40
"Hypomesus_nipponensis","binary","M3","record_equal",0.58,0.48,0.68,,,"",TRUE,4,39
"Hypomesus_transpacificus","binary","M3","record_equal",0.58,0.48,0.68,,,"",TRUE,4,38
"Osmerus_eperlanus","binary","M3","record_equal",0.58,0.48,0.68,,,"",TRUE,4,37
"Osmerus_mordax","binary","M3","record_equal",0.58,0.48,0.68,,,"fixture_warning",TRUE,4,36
"Benthosema_glaciale","binary","M3","record_equal",0.58,0.48,0.68,,,"",TRUE,4,35
"Electrona_antarctica","binary","M3","record_equal",0.58,0.48,0.68,,,"",TRUE,4,34
"Gymnoscopelus_braueri","binary","M3","record_equal",0.58,0.48,0.68,,,"",TRUE,4,33
"Gymnoscopelus_microlampas","binary","M3","record_equal",0.58,0.48,0.68,,,"",TRUE,4,32
"Nannobrachium_achirus","binary","M3","record_equal",0.58,0.48,0.68,,,"",TRUE,4,31
"Protomyctophum_bolini","binary","M3","record_equal",0.58,0.48,0.68,,,"",TRUE,4,30
"Protomyctophum_parallelum","binary","M3","record_equal",0.58,0.48,0.68,,,"fixture_warning",TRUE,4,29
"Polymixia_hollisterae","binary","M3","record_equal",0.58,0.48,0.68,,,"",TRUE,4,28
"Polymixia_lowei","binary","M3","record_equal",0.58,0.48,0.68,,,"",TRUE,4,27
"Centroberyx_affinis","binary","M3","record_equal",0.58,0.48,0.68,,,"",TRUE,4,26
"Centroberyx_gerrardi","binary","M3","record_equal",0.58,0.48,0.68,,,"",TRUE,4,25
"Poromitra_crassiceps","binary","M3","record_equal",0.58,0.48,0.68,,,"",TRUE,4,24
"Myripristis_murdjan","binary","M3","record_equal",0.58,0.48,0.68,,,"",TRUE,4,23
"Lucifuga_dentata","binary","M3","record_equal",0.58,0.48,0.68,,,"fixture_warning",TRUE,4,22
"Genypterus_blacodes","binary","M3","record_equal",0.58,0.48,0.68,,,"",TRUE,4,21
"Arripis_georgiana","binary","M3","record_equal",0.58,0.48,0.68,,,"",TRUE,4,20
"Katsuwonus_pelamis","binary","M3","record_equal",0.58,0.48,0.68,,,"",TRUE,4,19
"Sarda_sarda","binary","M3","record_equal",0.58,0.48,0.68,,,"",TRUE,4,18
"Scomber_japonicus","binary","M3","record_equal",0.58,0.48,0.68,,,"",TRUE,4,17
"Scomber_scombrus","binary","M3","record_equal",0.58,0.48,0.68,,,"",TRUE,4,16
"Thunnus_alalunga","binary","M3","record_equal",0.58,0.48,0.68,,,"fixture_warning",TRUE,4,15
"Thunnus_albacares","binary","M3","record_equal",0.58,0.48,0.68,,,"",TRUE,4,14
"Thunnus_atlanticus","binary","M3","record_equal",0.58,0.48,0.68,,,"",TRUE,4,13
"Thunnus_maccoyii","binary","M3","record_equal",0.58,0.48,0.68,,,"",TRUE,4,12
"Thunnus_obesus","binary","M3","record_equal",0.58,0.48,0.68,,,"",TRUE,4,11
"Thunnus_orientalis","binary","M3","record_equal",0.58,0.48,0.68,,,"",TRUE,4,10
"Thunnus_thynnus","binary","M3","record_equal",0.58,0.48,0.68,,,"",TRUE,4,9
"Thunnus_tonggol","binary","M3","record_equal",0.58,0.48,0.68,,,"fixture_warning",TRUE,4,8
"Pampus_argenteus","binary","M3","record_equal",0.58,0.48,0.68,,,"",TRUE,4,7
"Pampus_punctatissimus","binary","M3","record_equal",0.58,0.48,0.68,,,"",TRUE,4,6
"Aulostomus_chinensis","binary","M3","record_equal",0.58,0.48,0.68,,,"",TRUE,4,5
"Fistularia_commersonii","binary","M3","record_equal",0.58,0.48,0.68,,,"",TRUE,4,4
"Pterapogon_kauderni","binary","M3","record_equal",0.58,0.48,0.68,,,"",TRUE,4,3
"Sphaeramia_orbicularis","binary","M3","record_equal",0.58,0.48,0.68,,,"",TRUE,4,2
"Oxyeleotris_marmorata","binary","M3","record_equal",0.58,0.48,0.68,,,"fixture_warning",TRUE,4,1
"Boleophthalmus_pectinirostris","binary","Null","record_equal",0.37,0.27,0.47,,,"",TRUE,5,42
"Eucyclogobius_newberryi","binary","Null","record_equal",0.37,0.27,0.47,,,"",TRUE,5,41
"Gobius_niger","binary","Null","record_equal",0.37,0.27,0.47,,,"",TRUE,5,40
"Knipowitschia_caucasica","binary","Null","record_equal",0.37,0.27,0.47,,,"",TRUE,5,39
"Mugilogobius_chulae","binary","Null","record_equal",0.37,0.27,0.47,,,"",TRUE,5,38
"Periophthalmus_magnuspinnatus","binary","Null","record_equal",0.37,0.27,0.47,,,"",TRUE,5,37
"Mastacembelus_armatus","binary","Null","record_equal",0.37,0.27,0.47,,,"fixture_warning",TRUE,5,36
"Monopterus_albus","binary","Null","record_equal",0.37,0.27,0.47,,,"",TRUE,5,35
"Anabas_testudineus","binary","Null","record_equal",0.37,0.27,0.47,,,"",TRUE,5,34
"Channa_argus","binary","Null","record_equal",0.37,0.27,0.47,,,"",TRUE,5,33
"Channa_striata","binary","Null","record_equal",0.37,0.27,0.47,,,"",TRUE,5,32
"Betta_splendens","binary","Null","record_equal",0.37,0.27,0.47,,,"",TRUE,5,31
"Trichopodus_trichopterus","binary","Null","record_equal",0.37,0.27,0.47,,,"",TRUE,5,30
"Lates_calcarifer","binary","Null","record_equal",0.37,0.27,0.47,,,"fixture_warning",TRUE,5,29
"Lates_japonicus","binary","Null","record_equal",0.37,0.27,0.47,,,"",TRUE,5,28
"Eleutheronema_tetradactylum","binary","Null","record_equal",0.37,0.27,0.47,,,"",TRUE,5,27
"Toxotes_jaculatrix","binary","Null","record_equal",0.37,0.27,0.47,,,"",TRUE,5,26
"Xiphias_gladius","binary","Null","record_equal",0.37,0.27,0.47,,,"",TRUE,5,25
"Caranx_melampygus","binary","Null","record_equal",0.37,0.27,0.47,,,"",TRUE,5,24
"Seriola_dumerili","binary","Null","record_equal",0.37,0.27,0.47,,,"",TRUE,5,23
"Seriola_lalandi","binary","Null","record_equal",0.37,0.27,0.47,,,"fixture_warning",TRUE,5,22
"Trachinotus_anak","binary","Null","record_equal",0.37,0.27,0.47,,,"",TRUE,5,21
"Trachurus_japonicus","binary","Null","record_equal",0.37,0.27,0.47,,,"",TRUE,5,20
"Trachurus_trachurus","binary","Null","record_equal",0.37,0.27,0.47,,,"",TRUE,5,19
"Echeneis_naucrates","binary","Null","record_equal",0.37,0.27,0.47,,,"",TRUE,5,18
"Paralichthys_olivaceus","binary","Null","record_equal",0.37,0.27,0.47,,,"",TRUE,5,17
"Hippoglossus_hippoglossus","binary","Null","record_equal",0.37,0.27,0.47,,,"",TRUE,5,16
"Hippoglossus_stenolepis","binary","Null","record_equal",0.37,0.27,0.47,,,"fixture_warning",TRUE,5,15
"Limanda_limanda","binary","Null","record_equal",0.37,0.27,0.47,,,"",TRUE,5,14
"Platichthys_flesus","binary","Null","record_equal",0.37,0.27,0.47,,,"",TRUE,5,13
"Platichthys_stellatus","binary","Null","record_equal",0.37,0.27,0.47,,,"",TRUE,5,12
"Pleuronectes_platessa","binary","Null","record_equal",0.37,0.27,0.47,,,"",TRUE,5,11
"Scophthalmus_maximus","binary","Null","record_equal",0.37,0.27,0.47,,,"",TRUE,5,10
"Microchirus_variegatus","binary","Null","record_equal",0.37,0.27,0.47,,,"",TRUE,5,9
"Solea_senegalensis","binary","Null","record_equal",0.37,0.27,0.47,,,"fixture_warning",TRUE,5,8
"Solea_solea","binary","Null","record_equal",0.37,0.27,0.47,,,"",TRUE,5,7
"Parambassis_ranga","binary","Null","record_equal",0.37,0.27,0.47,,,"",TRUE,5,6
"Brachyistius_frenatus","binary","Null","record_equal",0.37,0.27,0.47,,,"",TRUE,5,5
"Embiotoca_jacksoni","binary","Null","record_equal",0.37,0.27,0.47,,,"",TRUE,5,4
"Acanthochromis_polyacanthus","binary","Null","record_equal",0.37,0.27,0.47,,,"",TRUE,5,3
"Amphiprion_ocellaris","binary","Null","record_equal",0.37,0.27,0.47,,,"",TRUE,5,2
"Stegastes_partitus","binary","Null","record_equal",0.37,0.27,0.47,,,"fixture_warning",TRUE,5,1
"Boleophthalmus_pectinirostris","binary","M1","record_equal",0.44,0.34,0.54,,,"",TRUE,5,42
"Eucyclogobius_newberryi","binary","M1","record_equal",0.44,0.34,0.54,,,"",TRUE,5,41
"Gobius_niger","binary","M1","record_equal",0.44,0.34,0.54,,,"",TRUE,5,40
"Knipowitschia_caucasica","binary","M1","record_equal",0.44,0.34,0.54,,,"",TRUE,5,39
"Mugilogobius_chulae","binary","M1","record_equal",0.44,0.34,0.54,,,"",TRUE,5,38
"Periophthalmus_magnuspinnatus","binary","M1","record_equal",0.44,0.34,0.54,,,"",TRUE,5,37
"Mastacembelus_armatus","binary","M1","record_equal",0.44,0.34,0.54,,,"fixture_warning",TRUE,5,36
"Monopterus_albus","binary","M1","record_equal",0.44,0.34,0.54,,,"",TRUE,5,35
"Anabas_testudineus","binary","M1","record_equal",0.44,0.34,0.54,,,"",TRUE,5,34
"Channa_argus","binary","M1","record_equal",0.44,0.34,0.54,,,"",TRUE,5,33
"Channa_striata","binary","M1","record_equal",0.44,0.34,0.54,,,"",TRUE,5,32
"Betta_splendens","binary","M1","record_equal",0.44,0.34,0.54,,,"",TRUE,5,31
"Trichopodus_trichopterus","binary","M1","record_equal",0.44,0.34,0.54,,,"",TRUE,5,30
"Lates_calcarifer","binary","M1","record_equal",0.44,0.34,0.54,,,"fixture_warning",TRUE,5,29
"Lates_japonicus","binary","M1","record_equal",0.44,0.34,0.54,,,"",TRUE,5,28
"Eleutheronema_tetradactylum","binary","M1","record_equal",0.44,0.34,0.54,,,"",TRUE,5,27
"Toxotes_jaculatrix","binary","M1","record_equal",0.44,0.34,0.54,,,"",TRUE,5,26
"Xiphias_gladius","binary","M1","record_equal",0.44,0.34,0.54,,,"",TRUE,5,25
"Caranx_melampygus","binary","M1","record_equal",0.44,0.34,0.54,,,"",TRUE,5,24
"Seriola_dumerili","binary","M1","record_equal",0.44,0.34,0.54,,,"",TRUE,5,23
"Seriola_lalandi","binary","M1","record_equal",0.44,0.34,0.54,,,"fixture_warning",TRUE,5,22
"Trachinotus_anak","binary","M1","record_equal",0.44,0.34,0.54,,,"",TRUE,5,21
"Trachurus_japonicus","binary","M1","record_equal",0.44,0.34,0.54,,,"",TRUE,5,20
"Trachurus_trachurus","binary","M1","record_equal",0.44,0.34,0.54,,,"",TRUE,5,19
"Echeneis_naucrates","binary","M1","record_equal",0.44,0.34,0.54,,,"",TRUE,5,18
"Paralichthys_olivaceus","binary","M1","record_equal",0.44,0.34,0.54,,,"",TRUE,5,17
"Hippoglossus_hippoglossus","binary","M1","record_equal",0.44,0.34,0.54,,,"",TRUE,5,16
"Hippoglossus_stenolepis","binary","M1","record_equal",0.44,0.34,0.54,,,"fixture_warning",TRUE,5,15
"Limanda_limanda","binary","M1","record_equal",0.44,0.34,0.54,,,"",TRUE,5,14
"Platichthys_flesus","binary","M1","record_equal",0.44,0.34,0.54,,,"",TRUE,5,13
"Platichthys_stellatus","binary","M1","record_equal",0.44,0.34,0.54,,,"",TRUE,5,12
"Pleuronectes_platessa","binary","M1","record_equal",0.44,0.34,0.54,,,"",TRUE,5,11
"Scophthalmus_maximus","binary","M1","record_equal",0.44,0.34,0.54,,,"",TRUE,5,10
"Microchirus_variegatus","binary","M1","record_equal",0.44,0.34,0.54,,,"",TRUE,5,9
"Solea_senegalensis","binary","M1","record_equal",0.44,0.34,0.54,,,"fixture_warning",TRUE,5,8
"Solea_solea","binary","M1","record_equal",0.44,0.34,0.54,,,"",TRUE,5,7
"Parambassis_ranga","binary","M1","record_equal",0.44,0.34,0.54,,,"",TRUE,5,6
"Brachyistius_frenatus","binary","M1","record_equal",0.44,0.34,0.54,,,"",TRUE,5,5
"Embiotoca_jacksoni","binary","M1","record_equal",0.44,0.34,0.54,,,"",TRUE,5,4
"Acanthochromis_polyacanthus","binary","M1","record_equal",0.44,0.34,0.54,,,"",TRUE,5,3
"Amphiprion_ocellaris","binary","M1","record_equal",0.44,0.34,0.54,,,"",TRUE,5,2
"Stegastes_partitus","binary","M1","record_equal",0.44,0.34,0.54,,,"fixture_warning",TRUE,5,1
"Boleophthalmus_pectinirostris","binary","M2","record_equal",0.51,0.41,0.61,,,"",TRUE,5,42
"Eucyclogobius_newberryi","binary","M2","record_equal",0.51,0.41,0.61,,,"",TRUE,5,41
"Gobius_niger","binary","M2","record_equal",0.51,0.41,0.61,,,"",TRUE,5,40
"Knipowitschia_caucasica","binary","M2","record_equal",0.51,0.41,0.61,,,"",TRUE,5,39
"Mugilogobius_chulae","binary","M2","record_equal",0.51,0.41,0.61,,,"",TRUE,5,38
"Periophthalmus_magnuspinnatus","binary","M2","record_equal",0.51,0.41,0.61,,,"",TRUE,5,37
"Mastacembelus_armatus","binary","M2","record_equal",0.51,0.41,0.61,,,"fixture_warning",TRUE,5,36
"Monopterus_albus","binary","M2","record_equal",0.51,0.41,0.61,,,"",TRUE,5,35
"Anabas_testudineus","binary","M2","record_equal",0.51,0.41,0.61,,,"",TRUE,5,34
"Channa_argus","binary","M2","record_equal",0.51,0.41,0.61,,,"",TRUE,5,33
"Channa_striata","binary","M2","record_equal",0.51,0.41,0.61,,,"",TRUE,5,32
"Betta_splendens","binary","M2","record_equal",0.51,0.41,0.61,,,"",TRUE,5,31
"Trichopodus_trichopterus","binary","M2","record_equal",0.51,0.41,0.61,,,"",TRUE,5,30
"Lates_calcarifer","binary","M2","record_equal",0.51,0.41,0.61,,,"fixture_warning",TRUE,5,29
"Lates_japonicus","binary","M2","record_equal",0.51,0.41,0.61,,,"",TRUE,5,28
"Eleutheronema_tetradactylum","binary","M2","record_equal",0.51,0.41,0.61,,,"",TRUE,5,27
"Toxotes_jaculatrix","binary","M2","record_equal",0.51,0.41,0.61,,,"",TRUE,5,26
"Xiphias_gladius","binary","M2","record_equal",0.51,0.41,0.61,,,"",TRUE,5,25
"Caranx_melampygus","binary","M2","record_equal",0.51,0.41,0.61,,,"",TRUE,5,24
"Seriola_dumerili","binary","M2","record_equal",0.51,0.41,0.61,,,"",TRUE,5,23
"Seriola_lalandi","binary","M2","record_equal",0.51,0.41,0.61,,,"fixture_warning",TRUE,5,22
"Trachinotus_anak","binary","M2","record_equal",0.51,0.41,0.61,,,"",TRUE,5,21
"Trachurus_japonicus","binary","M2","record_equal",0.51,0.41,0.61,,,"",TRUE,5,20
"Trachurus_trachurus","binary","M2","record_equal",0.51,0.41,0.61,,,"",TRUE,5,19
"Echeneis_naucrates","binary","M2","record_equal",0.51,0.41,0.61,,,"",TRUE,5,18
"Paralichthys_olivaceus","binary","M2","record_equal",0.51,0.41,0.61,,,"",TRUE,5,17
"Hippoglossus_hippoglossus","binary","M2","record_equal",0.51,0.41,0.61,,,"",TRUE,5,16
"Hippoglossus_stenolepis","binary","M2","record_equal",0.51,0.41,0.61,,,"fixture_warning",TRUE,5,15
"Limanda_limanda","binary","M2","record_equal",0.51,0.41,0.61,,,"",TRUE,5,14
"Platichthys_flesus","binary","M2","record_equal",0.51,0.41,0.61,,,"",TRUE,5,13
"Platichthys_stellatus","binary","M2","record_equal",0.51,0.41,0.61,,,"",TRUE,5,12
"Pleuronectes_platessa","binary","M2","record_equal",0.51,0.41,0.61,,,"",TRUE,5,11
"Scophthalmus_maximus","binary","M2","record_equal",0.51,0.41,0.61,,,"",TRUE,5,10
"Microchirus_variegatus","binary","M2","record_equal",0.51,0.41,0.61,,,"",TRUE,5,9
"Solea_senegalensis","binary","M2","record_equal",0.51,0.41,0.61,,,"fixture_warning",TRUE,5,8
"Solea_solea","binary","M2","record_equal",0.51,0.41,0.61,,,"",TRUE,5,7
"Parambassis_ranga","binary","M2","record_equal",0.51,0.41,0.61,,,"",TRUE,5,6
"Brachyistius_frenatus","binary","M2","record_equal",0.51,0.41,0.61,,,"",TRUE,5,5
"Embiotoca_jacksoni","binary","M2","record_equal",0.51,0.41,0.61,,,"",TRUE,5,4
"Acanthochromis_polyacanthus","binary","M2","record_equal",0.51,0.41,0.61,,,"",TRUE,5,3
"Amphiprion_ocellaris","binary","M2","record_equal",0.51,0.41,0.61,,,"",TRUE,5,2
"Stegastes_partitus","binary","M2","record_equal",0.51,0.41,0.61,,,"fixture_warning",TRUE,5,1
"Boleophthalmus_pectinirostris","binary","M3","record_equal",0.58,0.48,0.68,,,"",TRUE,5,42
"Eucyclogobius_newberryi","binary","M3","record_equal",0.58,0.48,0.68,,,"",TRUE,5,41
"Gobius_niger","binary","M3","record_equal",0.58,0.48,0.68,,,"",TRUE,5,40
"Knipowitschia_caucasica","binary","M3","record_equal",0.58,0.48,0.68,,,"",TRUE,5,39
"Mugilogobius_chulae","binary","M3","record_equal",0.58,0.48,0.68,,,"",TRUE,5,38
"Periophthalmus_magnuspinnatus","binary","M3","record_equal",0.58,0.48,0.68,,,"",TRUE,5,37
"Mastacembelus_armatus","binary","M3","record_equal",0.58,0.48,0.68,,,"fixture_warning",TRUE,5,36
"Monopterus_albus","binary","M3","record_equal",0.58,0.48,0.68,,,"",TRUE,5,35
"Anabas_testudineus","binary","M3","record_equal",0.58,0.48,0.68,,,"",TRUE,5,34
"Channa_argus","binary","M3","record_equal",0.58,0.48,0.68,,,"",TRUE,5,33
"Channa_striata","binary","M3","record_equal",0.58,0.48,0.68,,,"",TRUE,5,32
"Betta_splendens","binary","M3","record_equal",0.58,0.48,0.68,,,"",TRUE,5,31
"Trichopodus_trichopterus","binary","M3","record_equal",0.58,0.48,0.68,,,"",TRUE,5,30
"Lates_calcarifer","binary","M3","record_equal",0.58,0.48,0.68,,,"fixture_warning",TRUE,5,29
"Lates_japonicus","binary","M3","record_equal",0.58,0.48,0.68,,,"",TRUE,5,28
"Eleutheronema_tetradactylum","binary","M3","record_equal",0.58,0.48,0.68,,,"",TRUE,5,27
"Toxotes_jaculatrix","binary","M3","record_equal",0.58,0.48,0.68,,,"",TRUE,5,26
"Xiphias_gladius","binary","M3","record_equal",0.58,0.48,0.68,,,"",TRUE,5,25
"Caranx_melampygus","binary","M3","record_equal",0.58,0.48,0.68,,,"",TRUE,5,24
"Seriola_dumerili","binary","M3","record_equal",0.58,0.48,0.68,,,"",TRUE,5,23
"Seriola_lalandi","binary","M3","record_equal",0.58,0.48,0.68,,,"fixture_warning",TRUE,5,22
"Trachinotus_anak","binary","M3","record_equal",0.58,0.48,0.68,,,"",TRUE,5,21
"Trachurus_japonicus","binary","M3","record_equal",0.58,0.48,0.68,,,"",TRUE,5,20
"Trachurus_trachurus","binary","M3","record_equal",0.58,0.48,0.68,,,"",TRUE,5,19
"Echeneis_naucrates","binary","M3","record_equal",0.58,0.48,0.68,,,"",TRUE,5,18
"Paralichthys_olivaceus","binary","M3","record_equal",0.58,0.48,0.68,,,"",TRUE,5,17
"Hippoglossus_hippoglossus","binary","M3","record_equal",0.58,0.48,0.68,,,"",TRUE,5,16
"Hippoglossus_stenolepis","binary","M3","record_equal",0.58,0.48,0.68,,,"fixture_warning",TRUE,5,15
"Limanda_limanda","binary","M3","record_equal",0.58,0.48,0.68,,,"",TRUE,5,14
"Platichthys_flesus","binary","M3","record_equal",0.58,0.48,0.68,,,"",TRUE,5,13
"Platichthys_stellatus","binary","M3","record_equal",0.58,0.48,0.68,,,"",TRUE,5,12
"Pleuronectes_platessa","binary","M3","record_equal",0.58,0.48,0.68,,,"",TRUE,5,11
"Scophthalmus_maximus","binary","M3","record_equal",0.58,0.48,0.68,,,"",TRUE,5,10
"Microchirus_variegatus","binary","M3","record_equal",0.58,0.48,0.68,,,"",TRUE,5,9
"Solea_senegalensis","binary","M3","record_equal",0.58,0.48,0.68,,,"fixture_warning",TRUE,5,8
"Solea_solea","binary","M3","record_equal",0.58,0.48,0.68,,,"",TRUE,5,7
"Parambassis_ranga","binary","M3","record_equal",0.58,0.48,0.68,,,"",TRUE,5,6
"Brachyistius_frenatus","binary","M3","record_equal",0.58,0.48,0.68,,,"",TRUE,5,5
"Embiotoca_jacksoni","binary","M3","record_equal",0.58,0.48,0.68,,,"",TRUE,5,4
"Acanthochromis_polyacanthus","binary","M3","record_equal",0.58,0.48,0.68,,,"",TRUE,5,3
"Amphiprion_ocellaris","binary","M3","record_equal",0.58,0.48,0.68,,,"",TRUE,5,2
"Stegastes_partitus","binary","M3","record_equal",0.58,0.48,0.68,,,"fixture_warning",TRUE,5,1
"Andinoacara_rivulatus","binary","Null","record_equal",0.37,0.27,0.47,,,"",TRUE,6,42
"Archocentrus_centrarchus","binary","Null","record_equal",0.37,0.27,0.47,,,"",TRUE,6,41
"Astatotilapia_burtoni","binary","Null","record_equal",0.37,0.27,0.47,,,"",TRUE,6,40
"Astatotilapia_calliptera","binary","Null","record_equal",0.37,0.27,0.47,,,"",TRUE,6,39
"Astronotus_ocellatus","binary","Null","record_equal",0.37,0.27,0.47,,,"",TRUE,6,38
"Aulonocara_stuartgranti","binary","Null","record_equal",0.37,0.27,0.47,,,"",TRUE,6,37
"Copadichromis_virginalis","binary","Null","record_equal",0.37,0.27,0.47,,,"fixture_warning",TRUE,6,36
"Diplotaxodon_limnothrissa","binary","Null","record_equal",0.37,0.27,0.47,,,"",TRUE,6,35
"Haplochromis_nyererei","binary","Null","record_equal",0.37,0.27,0.47,,,"",TRUE,6,34
"Maylandia_zebra","binary","Null","record_equal",0.37,0.27,0.47,,,"",TRUE,6,33
"Mchenga_conophoros","binary","Null","record_equal",0.37,0.27,0.47,,,"",TRUE,6,32
"Neolamprologus_brichardi","binary","Null","record_equal",0.37,0.27,0.47,,,"",TRUE,6,31
"Neolamprologus_multifasciatus","binary","Null","record_equal",0.37,0.27,0.47,,,"",TRUE,6,30
"Oreochromis_aureus","binary","Null","record_equal",0.37,0.27,0.47,,,"fixture_warning",TRUE,6,29
"Oreochromis_niloticus","binary","Null","record_equal",0.37,0.27,0.47,,,"",TRUE,6,28
"Pelmatolapia_mariae","binary","Null","record_equal",0.37,0.27,0.47,,,"",TRUE,6,27
"Perissodus_microlepis","binary","Null","record_equal",0.37,0.27,0.47,,,"",TRUE,6,26
"Pterophyllum_scalare","binary","Null","record_equal",0.37,0.27,0.47,,,"",TRUE,6,25
"Rhamphochromis_longiceps","binary","Null","record_equal",0.37,0.27,0.47,,,"",TRUE,6,24
"Sarotherodon_galilaeus","binary","Null","record_equal",0.37,0.27,0.47,,,"",TRUE,6,23
"Simochromis_diagramma","binary","Null","record_equal",0.37,0.27,0.47,,,"fixture_warning",TRUE,6,22
"Leuresthes_tenuis","binary","Null","record_equal",0.37,0.27,0.47,,,"",TRUE,6,21
"Menidia_menidia","binary","Null","record_equal",0.37,0.27,0.47,,,"",TRUE,6,20
"Odontesthes_bonariensis","binary","Null","record_equal",0.37,0.27,0.47,,,"",TRUE,6,19
"Melanotaenia_boesemani","binary","Null","record_equal",0.37,0.27,0.47,,,"",TRUE,6,18
"Telmatherina_bonti","binary","Null","record_equal",0.37,0.27,0.47,,,"",TRUE,6,17
"Oryzias_javanicus","binary","Null","record_equal",0.37,0.27,0.47,,,"",TRUE,6,16
"Oryzias_latipes","binary","Null","record_equal",0.37,0.27,0.47,,,"fixture_warning",TRUE,6,15
"Oryzias_melastigma","binary","Null","record_equal",0.37,0.27,0.47,,,"",TRUE,6,14
"Xenentodon_cancila","binary","Null","record_equal",0.37,0.27,0.47,,,"",TRUE,6,13
"Cololabis_saira","binary","Null","record_equal",0.37,0.27,0.47,,,"",TRUE,6,12
"Anableps_anableps","binary","Null","record_equal",0.37,0.27,0.47,,,"",TRUE,6,11
"Cyprinodon_tularosa","binary","Null","record_equal",0.37,0.27,0.47,,,"",TRUE,6,10
"Cyprinodon_variegatus","binary","Null","record_equal",0.37,0.27,0.47,,,"",TRUE,6,9
"Fundulus_diaphanus","binary","Null","record_equal",0.37,0.27,0.47,,,"fixture_warning",TRUE,6,8
"Fundulus_heteroclitus","binary","Null","record_equal",0.37,0.27,0.47,,,"",TRUE,6,7
"Ameca_splendens","binary","Null","record_equal",0.37,0.27,0.47,,,"",TRUE,6,6
"Crenichthys_baileyi","binary","Null","record_equal",0.37,0.27,0.47,,,"",TRUE,6,5
"Girardinichthys_multiradiatus","binary","Null","record_equal",0.37,0.27,0.47,,,"",TRUE,6,4
"Nothobranchius_furzeri","binary","Null","record_equal",0.37,0.27,0.47,,,"",TRUE,6,3
"Nothobranchius_kadleci","binary","Null","record_equal",0.37,0.27,0.47,,,"",TRUE,6,2
"Nothobranchius_pienaari","binary","Null","record_equal",0.37,0.27,0.47,,,"fixture_warning",TRUE,6,1
"Andinoacara_rivulatus","binary","M1","record_equal",0.44,0.34,0.54,,,"",TRUE,6,42
"Archocentrus_centrarchus","binary","M1","record_equal",0.44,0.34,0.54,,,"",TRUE,6,41
"Astatotilapia_burtoni","binary","M1","record_equal",0.44,0.34,0.54,,,"",TRUE,6,40
"Astatotilapia_calliptera","binary","M1","record_equal",0.44,0.34,0.54,,,"",TRUE,6,39
"Astronotus_ocellatus","binary","M1","record_equal",0.44,0.34,0.54,,,"",TRUE,6,38
"Aulonocara_stuartgranti","binary","M1","record_equal",0.44,0.34,0.54,,,"",TRUE,6,37
"Copadichromis_virginalis","binary","M1","record_equal",0.44,0.34,0.54,,,"fixture_warning",TRUE,6,36
"Diplotaxodon_limnothrissa","binary","M1","record_equal",0.44,0.34,0.54,,,"",TRUE,6,35
"Haplochromis_nyererei","binary","M1","record_equal",0.44,0.34,0.54,,,"",TRUE,6,34
"Maylandia_zebra","binary","M1","record_equal",0.44,0.34,0.54,,,"",TRUE,6,33
"Mchenga_conophoros","binary","M1","record_equal",0.44,0.34,0.54,,,"",TRUE,6,32
"Neolamprologus_brichardi","binary","M1","record_equal",0.44,0.34,0.54,,,"",TRUE,6,31
"Neolamprologus_multifasciatus","binary","M1","record_equal",0.44,0.34,0.54,,,"",TRUE,6,30
"Oreochromis_aureus","binary","M1","record_equal",0.44,0.34,0.54,,,"fixture_warning",TRUE,6,29
"Oreochromis_niloticus","binary","M1","record_equal",0.44,0.34,0.54,,,"",TRUE,6,28
"Pelmatolapia_mariae","binary","M1","record_equal",0.44,0.34,0.54,,,"",TRUE,6,27
"Perissodus_microlepis","binary","M1","record_equal",0.44,0.34,0.54,,,"",TRUE,6,26
"Pterophyllum_scalare","binary","M1","record_equal",0.44,0.34,0.54,,,"",TRUE,6,25
"Rhamphochromis_longiceps","binary","M1","record_equal",0.44,0.34,0.54,,,"",TRUE,6,24
"Sarotherodon_galilaeus","binary","M1","record_equal",0.44,0.34,0.54,,,"",TRUE,6,23
"Simochromis_diagramma","binary","M1","record_equal",0.44,0.34,0.54,,,"fixture_warning",TRUE,6,22
"Leuresthes_tenuis","binary","M1","record_equal",0.44,0.34,0.54,,,"",TRUE,6,21
"Menidia_menidia","binary","M1","record_equal",0.44,0.34,0.54,,,"",TRUE,6,20
"Odontesthes_bonariensis","binary","M1","record_equal",0.44,0.34,0.54,,,"",TRUE,6,19
"Melanotaenia_boesemani","binary","M1","record_equal",0.44,0.34,0.54,,,"",TRUE,6,18
"Telmatherina_bonti","binary","M1","record_equal",0.44,0.34,0.54,,,"",TRUE,6,17
"Oryzias_javanicus","binary","M1","record_equal",0.44,0.34,0.54,,,"",TRUE,6,16
"Oryzias_latipes","binary","M1","record_equal",0.44,0.34,0.54,,,"fixture_warning",TRUE,6,15
"Oryzias_melastigma","binary","M1","record_equal",0.44,0.34,0.54,,,"",TRUE,6,14
"Xenentodon_cancila","binary","M1","record_equal",0.44,0.34,0.54,,,"",TRUE,6,13
"Cololabis_saira","binary","M1","record_equal",0.44,0.34,0.54,,,"",TRUE,6,12
"Anableps_anableps","binary","M1","record_equal",0.44,0.34,0.54,,,"",TRUE,6,11
"Cyprinodon_tularosa","binary","M1","record_equal",0.44,0.34,0.54,,,"",TRUE,6,10
"Cyprinodon_variegatus","binary","M1","record_equal",0.44,0.34,0.54,,,"",TRUE,6,9
"Fundulus_diaphanus","binary","M1","record_equal",0.44,0.34,0.54,,,"fixture_warning",TRUE,6,8
"Fundulus_heteroclitus","binary","M1","record_equal",0.44,0.34,0.54,,,"",TRUE,6,7
"Ameca_splendens","binary","M1","record_equal",0.44,0.34,0.54,,,"",TRUE,6,6
"Crenichthys_baileyi","binary","M1","record_equal",0.44,0.34,0.54,,,"",TRUE,6,5
"Girardinichthys_multiradiatus","binary","M1","record_equal",0.44,0.34,0.54,,,"",TRUE,6,4
"Nothobranchius_furzeri","binary","M1","record_equal",0.44,0.34,0.54,,,"",TRUE,6,3
"Nothobranchius_kadleci","binary","M1","record_equal",0.44,0.34,0.54,,,"",TRUE,6,2
"Nothobranchius_pienaari","binary","M1","record_equal",0.44,0.34,0.54,,,"fixture_warning",TRUE,6,1
"Andinoacara_rivulatus","binary","M2","record_equal",0.51,0.41,0.61,,,"",TRUE,6,42
"Archocentrus_centrarchus","binary","M2","record_equal",0.51,0.41,0.61,,,"",TRUE,6,41
"Astatotilapia_burtoni","binary","M2","record_equal",0.51,0.41,0.61,,,"",TRUE,6,40
"Astatotilapia_calliptera","binary","M2","record_equal",0.51,0.41,0.61,,,"",TRUE,6,39
"Astronotus_ocellatus","binary","M2","record_equal",0.51,0.41,0.61,,,"",TRUE,6,38
"Aulonocara_stuartgranti","binary","M2","record_equal",0.51,0.41,0.61,,,"",TRUE,6,37
"Copadichromis_virginalis","binary","M2","record_equal",0.51,0.41,0.61,,,"fixture_warning",TRUE,6,36
"Diplotaxodon_limnothrissa","binary","M2","record_equal",0.51,0.41,0.61,,,"",TRUE,6,35
"Haplochromis_nyererei","binary","M2","record_equal",0.51,0.41,0.61,,,"",TRUE,6,34
"Maylandia_zebra","binary","M2","record_equal",0.51,0.41,0.61,,,"",TRUE,6,33
"Mchenga_conophoros","binary","M2","record_equal",0.51,0.41,0.61,,,"",TRUE,6,32
"Neolamprologus_brichardi","binary","M2","record_equal",0.51,0.41,0.61,,,"",TRUE,6,31
"Neolamprologus_multifasciatus","binary","M2","record_equal",0.51,0.41,0.61,,,"",TRUE,6,30
"Oreochromis_aureus","binary","M2","record_equal",0.51,0.41,0.61,,,"fixture_warning",TRUE,6,29
"Oreochromis_niloticus","binary","M2","record_equal",0.51,0.41,0.61,,,"",TRUE,6,28
"Pelmatolapia_mariae","binary","M2","record_equal",0.51,0.41,0.61,,,"",TRUE,6,27
"Perissodus_microlepis","binary","M2","record_equal",0.51,0.41,0.61,,,"",TRUE,6,26
"Pterophyllum_scalare","binary","M2","record_equal",0.51,0.41,0.61,,,"",TRUE,6,25
"Rhamphochromis_longiceps","binary","M2","record_equal",0.51,0.41,0.61,,,"",TRUE,6,24
"Sarotherodon_galilaeus","binary","M2","record_equal",0.51,0.41,0.61,,,"",TRUE,6,23
"Simochromis_diagramma","binary","M2","record_equal",0.51,0.41,0.61,,,"fixture_warning",TRUE,6,22
"Leuresthes_tenuis","binary","M2","record_equal",0.51,0.41,0.61,,,"",TRUE,6,21
"Menidia_menidia","binary","M2","record_equal",0.51,0.41,0.61,,,"",TRUE,6,20
"Odontesthes_bonariensis","binary","M2","record_equal",0.51,0.41,0.61,,,"",TRUE,6,19
"Melanotaenia_boesemani","binary","M2","record_equal",0.51,0.41,0.61,,,"",TRUE,6,18
"Telmatherina_bonti","binary","M2","record_equal",0.51,0.41,0.61,,,"",TRUE,6,17
"Oryzias_javanicus","binary","M2","record_equal",0.51,0.41,0.61,,,"",TRUE,6,16
"Oryzias_latipes","binary","M2","record_equal",0.51,0.41,0.61,,,"fixture_warning",TRUE,6,15
"Oryzias_melastigma","binary","M2","record_equal",0.51,0.41,0.61,,,"",TRUE,6,14
"Xenentodon_cancila","binary","M2","record_equal",0.51,0.41,0.61,,,"",TRUE,6,13
"Cololabis_saira","binary","M2","record_equal",0.51,0.41,0.61,,,"",TRUE,6,12
"Anableps_anableps","binary","M2","record_equal",0.51,0.41,0.61,,,"",TRUE,6,11
"Cyprinodon_tularosa","binary","M2","record_equal",0.51,0.41,0.61,,,"",TRUE,6,10
"Cyprinodon_variegatus","binary","M2","record_equal",0.51,0.41,0.61,,,"",TRUE,6,9
"Fundulus_diaphanus","binary","M2","record_equal",0.51,0.41,0.61,,,"fixture_warning",TRUE,6,8
"Fundulus_heteroclitus","binary","M2","record_equal",0.51,0.41,0.61,,,"",TRUE,6,7
"Ameca_splendens","binary","M2","record_equal",0.51,0.41,0.61,,,"",TRUE,6,6
"Crenichthys_baileyi","binary","M2","record_equal",0.51,0.41,0.61,,,"",TRUE,6,5
"Girardinichthys_multiradiatus","binary","M2","record_equal",0.51,0.41,0.61,,,"",TRUE,6,4
"Nothobranchius_furzeri","binary","M2","record_equal",0.51,0.41,0.61,,,"",TRUE,6,3
"Nothobranchius_kadleci","binary","M2","record_equal",0.51,0.41,0.61,,,"",TRUE,6,2
"Nothobranchius_pienaari","binary","M2","record_equal",0.51,0.41,0.61,,,"fixture_warning",TRUE,6,1
"Andinoacara_rivulatus","binary","M3","record_equal",0.58,0.48,0.68,,,"",TRUE,6,42
"Archocentrus_centrarchus","binary","M3","record_equal",0.58,0.48,0.68,,,"",TRUE,6,41
"Astatotilapia_burtoni","binary","M3","record_equal",0.58,0.48,0.68,,,"",TRUE,6,40
"Astatotilapia_calliptera","binary","M3","record_equal",0.58,0.48,0.68,,,"",TRUE,6,39
"Astronotus_ocellatus","binary","M3","record_equal",0.58,0.48,0.68,,,"",TRUE,6,38
"Aulonocara_stuartgranti","binary","M3","record_equal",0.58,0.48,0.68,,,"",TRUE,6,37
"Copadichromis_virginalis","binary","M3","record_equal",0.58,0.48,0.68,,,"fixture_warning",TRUE,6,36
"Diplotaxodon_limnothrissa","binary","M3","record_equal",0.58,0.48,0.68,,,"",TRUE,6,35
"Haplochromis_nyererei","binary","M3","record_equal",0.58,0.48,0.68,,,"",TRUE,6,34
"Maylandia_zebra","binary","M3","record_equal",0.58,0.48,0.68,,,"",TRUE,6,33
"Mchenga_conophoros","binary","M3","record_equal",0.58,0.48,0.68,,,"",TRUE,6,32
"Neolamprologus_brichardi","binary","M3","record_equal",0.58,0.48,0.68,,,"",TRUE,6,31
"Neolamprologus_multifasciatus","binary","M3","record_equal",0.58,0.48,0.68,,,"",TRUE,6,30
"Oreochromis_aureus","binary","M3","record_equal",0.58,0.48,0.68,,,"fixture_warning",TRUE,6,29
"Oreochromis_niloticus","binary","M3","record_equal",0.58,0.48,0.68,,,"",TRUE,6,28
"Pelmatolapia_mariae","binary","M3","record_equal",0.58,0.48,0.68,,,"",TRUE,6,27
"Perissodus_microlepis","binary","M3","record_equal",0.58,0.48,0.68,,,"",TRUE,6,26
"Pterophyllum_scalare","binary","M3","record_equal",0.58,0.48,0.68,,,"",TRUE,6,25
"Rhamphochromis_longiceps","binary","M3","record_equal",0.58,0.48,0.68,,,"",TRUE,6,24
"Sarotherodon_galilaeus","binary","M3","record_equal",0.58,0.48,0.68,,,"",TRUE,6,23
"Simochromis_diagramma","binary","M3","record_equal",0.58,0.48,0.68,,,"fixture_warning",TRUE,6,22
"Leuresthes_tenuis","binary","M3","record_equal",0.58,0.48,0.68,,,"",TRUE,6,21
"Menidia_menidia","binary","M3","record_equal",0.58,0.48,0.68,,,"",TRUE,6,20
"Odontesthes_bonariensis","binary","M3","record_equal",0.58,0.48,0.68,,,"",TRUE,6,19
"Melanotaenia_boesemani","binary","M3","record_equal",0.58,0.48,0.68,,,"",TRUE,6,18
"Telmatherina_bonti","binary","M3","record_equal",0.58,0.48,0.68,,,"",TRUE,6,17
"Oryzias_javanicus","binary","M3","record_equal",0.58,0.48,0.68,,,"",TRUE,6,16
"Oryzias_latipes","binary","M3","record_equal",0.58,0.48,0.68,,,"fixture_warning",TRUE,6,15
"Oryzias_melastigma","binary","M3","record_equal",0.58,0.48,0.68,,,"",TRUE,6,14
"Xenentodon_cancila","binary","M3","record_equal",0.58,0.48,0.68,,,"",TRUE,6,13
"Cololabis_saira","binary","M3","record_equal",0.58,0.48,0.68,,,"",TRUE,6,12
"Anableps_anableps","binary","M3","record_equal",0.58,0.48,0.68,,,"",TRUE,6,11
"Cyprinodon_tularosa","binary","M3","record_equal",0.58,0.48,0.68,,,"",TRUE,6,10
"Cyprinodon_variegatus","binary","M3","record_equal",0.58,0.48,0.68,,,"",TRUE,6,9
"Fundulus_diaphanus","binary","M3","record_equal",0.58,0.48,0.68,,,"fixture_warning",TRUE,6,8
"Fundulus_heteroclitus","binary","M3","record_equal",0.58,0.48,0.68,,,"",TRUE,6,7
"Ameca_splendens","binary","M3","record_equal",0.58,0.48,0.68,,,"",TRUE,6,6
"Crenichthys_baileyi","binary","M3","record_equal",0.58,0.48,0.68,,,"",TRUE,6,5
"Girardinichthys_multiradiatus","binary","M3","record_equal",0.58,0.48,0.68,,,"",TRUE,6,4
"Nothobranchius_furzeri","binary","M3","record_equal",0.58,0.48,0.68,,,"",TRUE,6,3
"Nothobranchius_kadleci","binary","M3","record_equal",0.58,0.48,0.68,,,"",TRUE,6,2
"Nothobranchius_pienaari","binary","M3","record_equal",0.58,0.48,0.68,,,"fixture_warning",TRUE,6,1
"Nothobranchius_rachovii","binary","Null","record_equal",0.37,0.27,0.47,,,"",TRUE,7,42
"Gambusia_affinis","binary","Null","record_equal",0.37,0.27,0.47,,,"",TRUE,7,41
"Gambusia_holbrooki","binary","Null","record_equal",0.37,0.27,0.47,,,"",TRUE,7,40
"Poecilia_formosa","binary","Null","record_equal",0.37,0.27,0.47,,,"",TRUE,7,39
"Poecilia_latipinna","binary","Null","record_equal",0.37,0.27,0.47,,,"",TRUE,7,38
"Poecilia_mexicana","binary","Null","record_equal",0.37,0.27,0.47,,,"",TRUE,7,37
"Poecilia_reticulata","binary","Null","record_equal",0.37,0.27,0.47,,,"fixture_warning",TRUE,7,36
"Poeciliopsis_prolifica","binary","Null","record_equal",0.37,0.27,0.47,,,"",TRUE,7,35
"Poropanchax_normani","binary","Null","record_equal",0.37,0.27,0.47,,,"",TRUE,7,34
"Xiphophorus_couchianus","binary","Null","record_equal",0.37,0.27,0.47,,,"",TRUE,7,33
"Xiphophorus_hellerii","binary","Null","record_equal",0.37,0.27,0.47,,,"",TRUE,7,32
"Xiphophorus_maculatus","binary","Null","record_equal",0.37,0.27,0.47,,,"",TRUE,7,31
"Austrofundulus_limnaeus","binary","Null","record_equal",0.37,0.27,0.47,,,"",TRUE,7,30
"Kryptolebias_marmoratus","binary","Null","record_equal",0.37,0.27,0.47,,,"fixture_warning",TRUE,7,29
"Nematolebias_whitei","binary","Null","record_equal",0.37,0.27,0.47,,,"",TRUE,7,28
"Chelon_labrosus","binary","Null","record_equal",0.37,0.27,0.47,,,"",TRUE,7,27
"Mugil_cephalus","binary","Null","record_equal",0.37,0.27,0.47,,,"",TRUE,7,26
"Planiliza_haematocheilus","binary","Null","record_equal",0.37,0.27,0.47,,,"",TRUE,7,25
"Gouania_willdenowi","binary","Null","record_equal",0.37,0.27,0.47,,,"",TRUE,7,24
"Blennius_ocellaris","binary","Null","record_equal",0.37,0.27,0.47,,,"",TRUE,7,23
"Lipophrys_pholis","binary","Null","record_equal",0.37,0.27,0.47,,,"fixture_warning",TRUE,7,22
"Ophioblennius_macclurei","binary","Null","record_equal",0.37,0.27,0.47,,,"",TRUE,7,21
"Salarias_fasciatus","binary","Null","record_equal",0.37,0.27,0.47,,,"",TRUE,7,20
"Cristiceps_australis","binary","Null","record_equal",0.37,0.27,0.47,,,"",TRUE,7,19
"Dicentrarchus_labrax","binary","Null","record_equal",0.37,0.27,0.47,,,"",TRUE,7,18
"Morone_saxatilis","binary","Null","record_equal",0.37,0.27,0.47,,,"",TRUE,7,17
"Scatophagus_argus","binary","Null","record_equal",0.37,0.27,0.47,,,"",TRUE,7,16
"Collichthys_lucidus","binary","Null","record_equal",0.37,0.27,0.47,,,"fixture_warning",TRUE,7,15
"Larimichthys_crocea","binary","Null","record_equal",0.37,0.27,0.47,,,"",TRUE,7,14
"Nibea_albiflora","binary","Null","record_equal",0.37,0.27,0.47,,,"",TRUE,7,13
"Sciaenops_ocellatus","binary","Null","record_equal",0.37,0.27,0.47,,,"",TRUE,7,12
"Siganus_canaliculatus","binary","Null","record_equal",0.37,0.27,0.47,,,"",TRUE,7,11
"Ammodytes_marinus","binary","Null","record_equal",0.37,0.27,0.47,,,"",TRUE,7,10
"Cheilinus_undulatus","binary","Null","record_equal",0.37,0.27,0.47,,,"",TRUE,7,9
"Halichoeres_trimaculatus","binary","Null","record_equal",0.37,0.27,0.47,,,"fixture_warning",TRUE,7,8
"Notolabrus_celidotus","binary","Null","record_equal",0.37,0.27,0.47,,,"",TRUE,7,7
"Semicossyphus_pulcher","binary","Null","record_equal",0.37,0.27,0.47,,,"",TRUE,7,6
"Thalassoma_bifasciatum","binary","Null","record_equal",0.37,0.27,0.47,,,"",TRUE,7,5
"Xyrichtys_novacula","binary","Null","record_equal",0.37,0.27,0.47,,,"",TRUE,7,4
"Platax_orbicularis","binary","Null","record_equal",0.37,0.27,0.47,,,"",TRUE,7,3
"Chaetodon_auriga","binary","Null","record_equal",0.37,0.27,0.47,,,"",TRUE,7,2
"Chaetodon_trifascialis","binary","Null","record_equal",0.37,0.27,0.47,,,"fixture_warning",TRUE,7,1
"Nothobranchius_rachovii","binary","M1","record_equal",0.44,0.34,0.54,,,"",TRUE,7,42
"Gambusia_affinis","binary","M1","record_equal",0.44,0.34,0.54,,,"",TRUE,7,41
"Gambusia_holbrooki","binary","M1","record_equal",0.44,0.34,0.54,,,"",TRUE,7,40
"Poecilia_formosa","binary","M1","record_equal",0.44,0.34,0.54,,,"",TRUE,7,39
"Poecilia_latipinna","binary","M1","record_equal",0.44,0.34,0.54,,,"",TRUE,7,38
"Poecilia_mexicana","binary","M1","record_equal",0.44,0.34,0.54,,,"",TRUE,7,37
"Poecilia_reticulata","binary","M1","record_equal",0.44,0.34,0.54,,,"fixture_warning",TRUE,7,36
"Poeciliopsis_prolifica","binary","M1","record_equal",0.44,0.34,0.54,,,"",TRUE,7,35
"Poropanchax_normani","binary","M1","record_equal",0.44,0.34,0.54,,,"",TRUE,7,34
"Xiphophorus_couchianus","binary","M1","record_equal",0.44,0.34,0.54,,,"",TRUE,7,33
"Xiphophorus_hellerii","binary","M1","record_equal",0.44,0.34,0.54,,,"",TRUE,7,32
"Xiphophorus_maculatus","binary","M1","record_equal",0.44,0.34,0.54,,,"",TRUE,7,31
"Austrofundulus_limnaeus","binary","M1","record_equal",0.44,0.34,0.54,,,"",TRUE,7,30
"Kryptolebias_marmoratus","binary","M1","record_equal",0.44,0.34,0.54,,,"fixture_warning",TRUE,7,29
"Nematolebias_whitei","binary","M1","record_equal",0.44,0.34,0.54,,,"",TRUE,7,28
"Chelon_labrosus","binary","M1","record_equal",0.44,0.34,0.54,,,"",TRUE,7,27
"Mugil_cephalus","binary","M1","record_equal",0.44,0.34,0.54,,,"",TRUE,7,26
"Planiliza_haematocheilus","binary","M1","record_equal",0.44,0.34,0.54,,,"",TRUE,7,25
"Gouania_willdenowi","binary","M1","record_equal",0.44,0.34,0.54,,,"",TRUE,7,24
"Blennius_ocellaris","binary","M1","record_equal",0.44,0.34,0.54,,,"",TRUE,7,23
"Lipophrys_pholis","binary","M1","record_equal",0.44,0.34,0.54,,,"fixture_warning",TRUE,7,22
"Ophioblennius_macclurei","binary","M1","record_equal",0.44,0.34,0.54,,,"",TRUE,7,21
"Salarias_fasciatus","binary","M1","record_equal",0.44,0.34,0.54,,,"",TRUE,7,20
"Cristiceps_australis","binary","M1","record_equal",0.44,0.34,0.54,,,"",TRUE,7,19
"Dicentrarchus_labrax","binary","M1","record_equal",0.44,0.34,0.54,,,"",TRUE,7,18
"Morone_saxatilis","binary","M1","record_equal",0.44,0.34,0.54,,,"",TRUE,7,17
"Scatophagus_argus","binary","M1","record_equal",0.44,0.34,0.54,,,"",TRUE,7,16
"Collichthys_lucidus","binary","M1","record_equal",0.44,0.34,0.54,,,"fixture_warning",TRUE,7,15
"Larimichthys_crocea","binary","M1","record_equal",0.44,0.34,0.54,,,"",TRUE,7,14
"Nibea_albiflora","binary","M1","record_equal",0.44,0.34,0.54,,,"",TRUE,7,13
"Sciaenops_ocellatus","binary","M1","record_equal",0.44,0.34,0.54,,,"",TRUE,7,12
"Siganus_canaliculatus","binary","M1","record_equal",0.44,0.34,0.54,,,"",TRUE,7,11
"Ammodytes_marinus","binary","M1","record_equal",0.44,0.34,0.54,,,"",TRUE,7,10
"Cheilinus_undulatus","binary","M1","record_equal",0.44,0.34,0.54,,,"",TRUE,7,9
"Halichoeres_trimaculatus","binary","M1","record_equal",0.44,0.34,0.54,,,"fixture_warning",TRUE,7,8
"Notolabrus_celidotus","binary","M1","record_equal",0.44,0.34,0.54,,,"",TRUE,7,7
"Semicossyphus_pulcher","binary","M1","record_equal",0.44,0.34,0.54,,,"",TRUE,7,6
"Thalassoma_bifasciatum","binary","M1","record_equal",0.44,0.34,0.54,,,"",TRUE,7,5
"Xyrichtys_novacula","binary","M1","record_equal",0.44,0.34,0.54,,,"",TRUE,7,4
"Platax_orbicularis","binary","M1","record_equal",0.44,0.34,0.54,,,"",TRUE,7,3
"Chaetodon_auriga","binary","M1","record_equal",0.44,0.34,0.54,,,"",TRUE,7,2
"Chaetodon_trifascialis","binary","M1","record_equal",0.44,0.34,0.54,,,"fixture_warning",TRUE,7,1
"Nothobranchius_rachovii","binary","M2","record_equal",0.51,0.41,0.61,,,"",TRUE,7,42
"Gambusia_affinis","binary","M2","record_equal",0.51,0.41,0.61,,,"",TRUE,7,41
"Gambusia_holbrooki","binary","M2","record_equal",0.51,0.41,0.61,,,"",TRUE,7,40
"Poecilia_formosa","binary","M2","record_equal",0.51,0.41,0.61,,,"",TRUE,7,39
"Poecilia_latipinna","binary","M2","record_equal",0.51,0.41,0.61,,,"",TRUE,7,38
"Poecilia_mexicana","binary","M2","record_equal",0.51,0.41,0.61,,,"",TRUE,7,37
"Poecilia_reticulata","binary","M2","record_equal",0.51,0.41,0.61,,,"fixture_warning",TRUE,7,36
"Poeciliopsis_prolifica","binary","M2","record_equal",0.51,0.41,0.61,,,"",TRUE,7,35
"Poropanchax_normani","binary","M2","record_equal",0.51,0.41,0.61,,,"",TRUE,7,34
"Xiphophorus_couchianus","binary","M2","record_equal",0.51,0.41,0.61,,,"",TRUE,7,33
"Xiphophorus_hellerii","binary","M2","record_equal",0.51,0.41,0.61,,,"",TRUE,7,32
"Xiphophorus_maculatus","binary","M2","record_equal",0.51,0.41,0.61,,,"",TRUE,7,31
"Austrofundulus_limnaeus","binary","M2","record_equal",0.51,0.41,0.61,,,"",TRUE,7,30
"Kryptolebias_marmoratus","binary","M2","record_equal",0.51,0.41,0.61,,,"fixture_warning",TRUE,7,29
"Nematolebias_whitei","binary","M2","record_equal",0.51,0.41,0.61,,,"",TRUE,7,28
"Chelon_labrosus","binary","M2","record_equal",0.51,0.41,0.61,,,"",TRUE,7,27
"Mugil_cephalus","binary","M2","record_equal",0.51,0.41,0.61,,,"",TRUE,7,26
"Planiliza_haematocheilus","binary","M2","record_equal",0.51,0.41,0.61,,,"",TRUE,7,25
"Gouania_willdenowi","binary","M2","record_equal",0.51,0.41,0.61,,,"",TRUE,7,24
"Blennius_ocellaris","binary","M2","record_equal",0.51,0.41,0.61,,,"",TRUE,7,23
"Lipophrys_pholis","binary","M2","record_equal",0.51,0.41,0.61,,,"fixture_warning",TRUE,7,22
"Ophioblennius_macclurei","binary","M2","record_equal",0.51,0.41,0.61,,,"",TRUE,7,21
"Salarias_fasciatus","binary","M2","record_equal",0.51,0.41,0.61,,,"",TRUE,7,20
"Cristiceps_australis","binary","M2","record_equal",0.51,0.41,0.61,,,"",TRUE,7,19
"Dicentrarchus_labrax","binary","M2","record_equal",0.51,0.41,0.61,,,"",TRUE,7,18
"Morone_saxatilis","binary","M2","record_equal",0.51,0.41,0.61,,,"",TRUE,7,17
"Scatophagus_argus","binary","M2","record_equal",0.51,0.41,0.61,,,"",TRUE,7,16
"Collichthys_lucidus","binary","M2","record_equal",0.51,0.41,0.61,,,"fixture_warning",TRUE,7,15
"Larimichthys_crocea","binary","M2","record_equal",0.51,0.41,0.61,,,"",TRUE,7,14
"Nibea_albiflora","binary","M2","record_equal",0.51,0.41,0.61,,,"",TRUE,7,13
"Sciaenops_ocellatus","binary","M2","record_equal",0.51,0.41,0.61,,,"",TRUE,7,12
"Siganus_canaliculatus","binary","M2","record_equal",0.51,0.41,0.61,,,"",TRUE,7,11
"Ammodytes_marinus","binary","M2","record_equal",0.51,0.41,0.61,,,"",TRUE,7,10
"Cheilinus_undulatus","binary","M2","record_equal",0.51,0.41,0.61,,,"",TRUE,7,9
"Halichoeres_trimaculatus","binary","M2","record_equal",0.51,0.41,0.61,,,"fixture_warning",TRUE,7,8
"Notolabrus_celidotus","binary","M2","record_equal",0.51,0.41,0.61,,,"",TRUE,7,7
"Semicossyphus_pulcher","binary","M2","record_equal",0.51,0.41,0.61,,,"",TRUE,7,6
"Thalassoma_bifasciatum","binary","M2","record_equal",0.51,0.41,0.61,,,"",TRUE,7,5
"Xyrichtys_novacula","binary","M2","record_equal",0.51,0.41,0.61,,,"",TRUE,7,4
"Platax_orbicularis","binary","M2","record_equal",0.51,0.41,0.61,,,"",TRUE,7,3
"Chaetodon_auriga","binary","M2","record_equal",0.51,0.41,0.61,,,"",TRUE,7,2
"Chaetodon_trifascialis","binary","M2","record_equal",0.51,0.41,0.61,,,"fixture_warning",TRUE,7,1
"Nothobranchius_rachovii","binary","M3","record_equal",0.58,0.48,0.68,,,"",TRUE,7,42
"Gambusia_affinis","binary","M3","record_equal",0.58,0.48,0.68,,,"",TRUE,7,41
"Gambusia_holbrooki","binary","M3","record_equal",0.58,0.48,0.68,,,"",TRUE,7,40
"Poecilia_formosa","binary","M3","record_equal",0.58,0.48,0.68,,,"",TRUE,7,39
"Poecilia_latipinna","binary","M3","record_equal",0.58,0.48,0.68,,,"",TRUE,7,38
"Poecilia_mexicana","binary","M3","record_equal",0.58,0.48,0.68,,,"",TRUE,7,37
"Poecilia_reticulata","binary","M3","record_equal",0.58,0.48,0.68,,,"fixture_warning",TRUE,7,36
"Poeciliopsis_prolifica","binary","M3","record_equal",0.58,0.48,0.68,,,"",TRUE,7,35
"Poropanchax_normani","binary","M3","record_equal",0.58,0.48,0.68,,,"",TRUE,7,34
"Xiphophorus_couchianus","binary","M3","record_equal",0.58,0.48,0.68,,,"",TRUE,7,33
"Xiphophorus_hellerii","binary","M3","record_equal",0.58,0.48,0.68,,,"",TRUE,7,32
"Xiphophorus_maculatus","binary","M3","record_equal",0.58,0.48,0.68,,,"",TRUE,7,31
"Austrofundulus_limnaeus","binary","M3","record_equal",0.58,0.48,0.68,,,"",TRUE,7,30
"Kryptolebias_marmoratus","binary","M3","record_equal",0.58,0.48,0.68,,,"fixture_warning",TRUE,7,29
"Nematolebias_whitei","binary","M3","record_equal",0.58,0.48,0.68,,,"",TRUE,7,28
"Chelon_labrosus","binary","M3","record_equal",0.58,0.48,0.68,,,"",TRUE,7,27
"Mugil_cephalus","binary","M3","record_equal",0.58,0.48,0.68,,,"",TRUE,7,26
"Planiliza_haematocheilus","binary","M3","record_equal",0.58,0.48,0.68,,,"",TRUE,7,25
"Gouania_willdenowi","binary","M3","record_equal",0.58,0.48,0.68,,,"",TRUE,7,24
"Blennius_ocellaris","binary","M3","record_equal",0.58,0.48,0.68,,,"",TRUE,7,23
"Lipophrys_pholis","binary","M3","record_equal",0.58,0.48,0.68,,,"fixture_warning",TRUE,7,22
"Ophioblennius_macclurei","binary","M3","record_equal",0.58,0.48,0.68,,,"",TRUE,7,21
"Salarias_fasciatus","binary","M3","record_equal",0.58,0.48,0.68,,,"",TRUE,7,20
"Cristiceps_australis","binary","M3","record_equal",0.58,0.48,0.68,,,"",TRUE,7,19
"Dicentrarchus_labrax","binary","M3","record_equal",0.58,0.48,0.68,,,"",TRUE,7,18
"Morone_saxatilis","binary","M3","record_equal",0.58,0.48,0.68,,,"",TRUE,7,17
"Scatophagus_argus","binary","M3","record_equal",0.58,0.48,0.68,,,"",TRUE,7,16
"Collichthys_lucidus","binary","M3","record_equal",0.58,0.48,0.68,,,"fixture_warning",TRUE,7,15
"Larimichthys_crocea","binary","M3","record_equal",0.58,0.48,0.68,,,"",TRUE,7,14
"Nibea_albiflora","binary","M3","record_equal",0.58,0.48,0.68,,,"",TRUE,7,13
"Sciaenops_ocellatus","binary","M3","record_equal",0.58,0.48,0.68,,,"",TRUE,7,12
"Siganus_canaliculatus","binary","M3","record_equal",0.58,0.48,0.68,,,"",TRUE,7,11
"Ammodytes_marinus","binary","M3","record_equal",0.58,0.48,0.68,,,"",TRUE,7,10
"Cheilinus_undulatus","binary","M3","record_equal",0.58,0.48,0.68,,,"",TRUE,7,9
"Halichoeres_trimaculatus","binary","M3","record_equal",0.58,0.48,0.68,,,"fixture_warning",TRUE,7,8
"Notolabrus_celidotus","binary","M3","record_equal",0.58,0.48,0.68,,,"",TRUE,7,7
"Semicossyphus_pulcher","binary","M3","record_equal",0.58,0.48,0.68,,,"",TRUE,7,6
"Thalassoma_bifasciatum","binary","M3","record_equal",0.58,0.48,0.68,,,"",TRUE,7,5
"Xyrichtys_novacula","binary","M3","record_equal",0.58,0.48,0.68,,,"",TRUE,7,4
"Platax_orbicularis","binary","M3","record_equal",0.58,0.48,0.68,,,"",TRUE,7,3
"Chaetodon_auriga","binary","M3","record_equal",0.58,0.48,0.68,,,"",TRUE,7,2
"Chaetodon_trifascialis","binary","M3","record_equal",0.58,0.48,0.68,,,"fixture_warning",TRUE,7,1
"Chelmon_rostratus","binary","Null","record_equal",0.37,0.27,0.47,,,"",TRUE,8,42
"Caesio_teres","binary","Null","record_equal",0.37,0.27,0.47,,,"",TRUE,8,41
"Lutjanus_erythropterus","binary","Null","record_equal",0.37,0.27,0.47,,,"",TRUE,8,40
"Pristipomoides_typus","binary","Null","record_equal",0.37,0.27,0.47,,,"",TRUE,8,39
"Symphorus_nematophorus","binary","Null","record_equal",0.37,0.27,0.47,,,"",TRUE,8,38
"Lethrinus_nebulosus","binary","Null","record_equal",0.37,0.27,0.47,,,"",TRUE,8,37
"Acanthopagrus_latus","binary","Null","record_equal",0.37,0.27,0.47,,,"fixture_warning",TRUE,8,36
"Acanthopagrus_schlegelii","binary","Null","record_equal",0.37,0.27,0.47,,,"",TRUE,8,35
"Pagrus_major","binary","Null","record_equal",0.37,0.27,0.47,,,"",TRUE,8,34
"Pagrus_pagrus","binary","Null","record_equal",0.37,0.27,0.47,,,"",TRUE,8,33
"Rhabdosargus_sarba","binary","Null","record_equal",0.37,0.27,0.47,,,"",TRUE,8,32
"Sparus_aurata","binary","Null","record_equal",0.37,0.27,0.47,,,"",TRUE,8,31
"Nelusetta_ayraud","binary","Null","record_equal",0.37,0.27,0.47,,,"",TRUE,8,30
"Lateolabrax_japonicus","binary","Null","record_equal",0.37,0.27,0.47,,,"fixture_warning",TRUE,8,29
"Lateolabrax_maculatus","binary","Null","record_equal",0.37,0.27,0.47,,,"",TRUE,8,28
"Pempheris_klunzingeri","binary","Null","record_equal",0.37,0.27,0.47,,,"",TRUE,8,27
"Micropterus_dolomieu","binary","Null","record_equal",0.37,0.27,0.47,,,"",TRUE,8,26
"Micropterus_salmoides","binary","Null","record_equal",0.37,0.27,0.47,,,"",TRUE,8,25
"Enoplosus_armatus","binary","Null","record_equal",0.37,0.27,0.47,,,"",TRUE,8,24
"Oplegnathus_fasciatus","binary","Null","record_equal",0.37,0.27,0.47,,,"",TRUE,8,23
"Oplegnathus_punctatus","binary","Null","record_equal",0.37,0.27,0.47,,,"fixture_warning",TRUE,8,22
"Maccullochella_peelii","binary","Null","record_equal",0.37,0.27,0.47,,,"",TRUE,8,21
"Siniperca_chuatsi","binary","Null","record_equal",0.37,0.27,0.47,,,"",TRUE,8,20
"Siniperca_scherzeri","binary","Null","record_equal",0.37,0.27,0.47,,,"",TRUE,8,19
"Scortum_barcoo","binary","Null","record_equal",0.37,0.27,0.47,,,"",TRUE,8,18
"Anarhichas_minor","binary","Null","record_equal",0.37,0.27,0.47,,,"",TRUE,8,17
"Anarrhichthys_ocellatus","binary","Null","record_equal",0.37,0.27,0.47,,,"",TRUE,8,16
"Anoplopoma_fimbria","binary","Null","record_equal",0.37,0.27,0.47,,,"fixture_warning",TRUE,8,15
"Pogonophryne_albipinna","binary","Null","record_equal",0.37,0.27,0.47,,,"",TRUE,8,14
"Gymnodraco_acuticeps","binary","Null","record_equal",0.37,0.27,0.47,,,"",TRUE,8,13
"Cottoperca_gobio","binary","Null","record_equal",0.37,0.27,0.47,,,"",TRUE,8,12
"Cebidichthys_violaceus","binary","Null","record_equal",0.37,0.27,0.47,,,"",TRUE,8,11
"Chaenocephalus_aceratus","binary","Null","record_equal",0.37,0.27,0.47,,,"",TRUE,8,10
"Champsocephalus_esox","binary","Null","record_equal",0.37,0.27,0.47,,,"",TRUE,8,9
"Champsocephalus_gunnari","binary","Null","record_equal",0.37,0.27,0.47,,,"fixture_warning",TRUE,8,8
"Pseudochaenichthys_georgianus","binary","Null","record_equal",0.37,0.27,0.47,,,"",TRUE,8,7
"Clinocottus_analis","binary","Null","record_equal",0.37,0.27,0.47,,,"",TRUE,8,6
"Taurulus_bubalis","binary","Null","record_equal",0.37,0.27,0.47,,,"",TRUE,8,5
"Cyclopterus_lumpus","binary","Null","record_equal",0.37,0.27,0.47,,,"",TRUE,8,4
"Eleginops_maclovinus","binary","Null","record_equal",0.37,0.27,0.47,,,"",TRUE,8,3
"Cromileptes_altivelis","binary","Null","record_equal",0.37,0.27,0.47,,,"",TRUE,8,2
"Epinephelus_bruneus","binary","Null","record_equal",0.37,0.27,0.47,,,"fixture_warning",TRUE,8,1
"Chelmon_rostratus","binary","M1","record_equal",0.44,0.34,0.54,,,"",TRUE,8,42
"Caesio_teres","binary","M1","record_equal",0.44,0.34,0.54,,,"",TRUE,8,41
"Lutjanus_erythropterus","binary","M1","record_equal",0.44,0.34,0.54,,,"",TRUE,8,40
"Pristipomoides_typus","binary","M1","record_equal",0.44,0.34,0.54,,,"",TRUE,8,39
"Symphorus_nematophorus","binary","M1","record_equal",0.44,0.34,0.54,,,"",TRUE,8,38
"Lethrinus_nebulosus","binary","M1","record_equal",0.44,0.34,0.54,,,"",TRUE,8,37
"Acanthopagrus_latus","binary","M1","record_equal",0.44,0.34,0.54,,,"fixture_warning",TRUE,8,36
"Acanthopagrus_schlegelii","binary","M1","record_equal",0.44,0.34,0.54,,,"",TRUE,8,35
"Pagrus_major","binary","M1","record_equal",0.44,0.34,0.54,,,"",TRUE,8,34
"Pagrus_pagrus","binary","M1","record_equal",0.44,0.34,0.54,,,"",TRUE,8,33
"Rhabdosargus_sarba","binary","M1","record_equal",0.44,0.34,0.54,,,"",TRUE,8,32
"Sparus_aurata","binary","M1","record_equal",0.44,0.34,0.54,,,"",TRUE,8,31
"Nelusetta_ayraud","binary","M1","record_equal",0.44,0.34,0.54,,,"",TRUE,8,30
"Lateolabrax_japonicus","binary","M1","record_equal",0.44,0.34,0.54,,,"fixture_warning",TRUE,8,29
"Lateolabrax_maculatus","binary","M1","record_equal",0.44,0.34,0.54,,,"",TRUE,8,28
"Pempheris_klunzingeri","binary","M1","record_equal",0.44,0.34,0.54,,,"",TRUE,8,27
"Micropterus_dolomieu","binary","M1","record_equal",0.44,0.34,0.54,,,"",TRUE,8,26
"Micropterus_salmoides","binary","M1","record_equal",0.44,0.34,0.54,,,"",TRUE,8,25
"Enoplosus_armatus","binary","M1","record_equal",0.44,0.34,0.54,,,"",TRUE,8,24
"Oplegnathus_fasciatus","binary","M1","record_equal",0.44,0.34,0.54,,,"",TRUE,8,23
"Oplegnathus_punctatus","binary","M1","record_equal",0.44,0.34,0.54,,,"fixture_warning",TRUE,8,22
"Maccullochella_peelii","binary","M1","record_equal",0.44,0.34,0.54,,,"",TRUE,8,21
"Siniperca_chuatsi","binary","M1","record_equal",0.44,0.34,0.54,,,"",TRUE,8,20
"Siniperca_scherzeri","binary","M1","record_equal",0.44,0.34,0.54,,,"",TRUE,8,19
"Scortum_barcoo","binary","M1","record_equal",0.44,0.34,0.54,,,"",TRUE,8,18
"Anarhichas_minor","binary","M1","record_equal",0.44,0.34,0.54,,,"",TRUE,8,17
"Anarrhichthys_ocellatus","binary","M1","record_equal",0.44,0.34,0.54,,,"",TRUE,8,16
"Anoplopoma_fimbria","binary","M1","record_equal",0.44,0.34,0.54,,,"fixture_warning",TRUE,8,15
"Pogonophryne_albipinna","binary","M1","record_equal",0.44,0.34,0.54,,,"",TRUE,8,14
"Gymnodraco_acuticeps","binary","M1","record_equal",0.44,0.34,0.54,,,"",TRUE,8,13
"Cottoperca_gobio","binary","M1","record_equal",0.44,0.34,0.54,,,"",TRUE,8,12
"Cebidichthys_violaceus","binary","M1","record_equal",0.44,0.34,0.54,,,"",TRUE,8,11
"Chaenocephalus_aceratus","binary","M1","record_equal",0.44,0.34,0.54,,,"",TRUE,8,10
"Champsocephalus_esox","binary","M1","record_equal",0.44,0.34,0.54,,,"",TRUE,8,9
"Champsocephalus_gunnari","binary","M1","record_equal",0.44,0.34,0.54,,,"fixture_warning",TRUE,8,8
"Pseudochaenichthys_georgianus","binary","M1","record_equal",0.44,0.34,0.54,,,"",TRUE,8,7
"Clinocottus_analis","binary","M1","record_equal",0.44,0.34,0.54,,,"",TRUE,8,6
"Taurulus_bubalis","binary","M1","record_equal",0.44,0.34,0.54,,,"",TRUE,8,5
"Cyclopterus_lumpus","binary","M1","record_equal",0.44,0.34,0.54,,,"",TRUE,8,4
"Eleginops_maclovinus","binary","M1","record_equal",0.44,0.34,0.54,,,"",TRUE,8,3
"Cromileptes_altivelis","binary","M1","record_equal",0.44,0.34,0.54,,,"",TRUE,8,2
"Epinephelus_bruneus","binary","M1","record_equal",0.44,0.34,0.54,,,"fixture_warning",TRUE,8,1
"Chelmon_rostratus","binary","M2","record_equal",0.51,0.41,0.61,,,"",TRUE,8,42
"Caesio_teres","binary","M2","record_equal",0.51,0.41,0.61,,,"",TRUE,8,41
"Lutjanus_erythropterus","binary","M2","record_equal",0.51,0.41,0.61,,,"",TRUE,8,40
"Pristipomoides_typus","binary","M2","record_equal",0.51,0.41,0.61,,,"",TRUE,8,39
"Symphorus_nematophorus","binary","M2","record_equal",0.51,0.41,0.61,,,"",TRUE,8,38
"Lethrinus_nebulosus","binary","M2","record_equal",0.51,0.41,0.61,,,"",TRUE,8,37
"Acanthopagrus_latus","binary","M2","record_equal",0.51,0.41,0.61,,,"fixture_warning",TRUE,8,36
"Acanthopagrus_schlegelii","binary","M2","record_equal",0.51,0.41,0.61,,,"",TRUE,8,35
"Pagrus_major","binary","M2","record_equal",0.51,0.41,0.61,,,"",TRUE,8,34
"Pagrus_pagrus","binary","M2","record_equal",0.51,0.41,0.61,,,"",TRUE,8,33
"Rhabdosargus_sarba","binary","M2","record_equal",0.51,0.41,0.61,,,"",TRUE,8,32
"Sparus_aurata","binary","M2","record_equal",0.51,0.41,0.61,,,"",TRUE,8,31
"Nelusetta_ayraud","binary","M2","record_equal",0.51,0.41,0.61,,,"",TRUE,8,30
"Lateolabrax_japonicus","binary","M2","record_equal",0.51,0.41,0.61,,,"fixture_warning",TRUE,8,29
"Lateolabrax_maculatus","binary","M2","record_equal",0.51,0.41,0.61,,,"",TRUE,8,28
"Pempheris_klunzingeri","binary","M2","record_equal",0.51,0.41,0.61,,,"",TRUE,8,27
"Micropterus_dolomieu","binary","M2","record_equal",0.51,0.41,0.61,,,"",TRUE,8,26
"Micropterus_salmoides","binary","M2","record_equal",0.51,0.41,0.61,,,"",TRUE,8,25
"Enoplosus_armatus","binary","M2","record_equal",0.51,0.41,0.61,,,"",TRUE,8,24
"Oplegnathus_fasciatus","binary","M2","record_equal",0.51,0.41,0.61,,,"",TRUE,8,23
"Oplegnathus_punctatus","binary","M2","record_equal",0.51,0.41,0.61,,,"fixture_warning",TRUE,8,22
"Maccullochella_peelii","binary","M2","record_equal",0.51,0.41,0.61,,,"",TRUE,8,21
"Siniperca_chuatsi","binary","M2","record_equal",0.51,0.41,0.61,,,"",TRUE,8,20
"Siniperca_scherzeri","binary","M2","record_equal",0.51,0.41,0.61,,,"",TRUE,8,19
"Scortum_barcoo","binary","M2","record_equal",0.51,0.41,0.61,,,"",TRUE,8,18
"Anarhichas_minor","binary","M2","record_equal",0.51,0.41,0.61,,,"",TRUE,8,17
"Anarrhichthys_ocellatus","binary","M2","record_equal",0.51,0.41,0.61,,,"",TRUE,8,16
"Anoplopoma_fimbria","binary","M2","record_equal",0.51,0.41,0.61,,,"fixture_warning",TRUE,8,15
"Pogonophryne_albipinna","binary","M2","record_equal",0.51,0.41,0.61,,,"",TRUE,8,14
"Gymnodraco_acuticeps","binary","M2","record_equal",0.51,0.41,0.61,,,"",TRUE,8,13
"Cottoperca_gobio","binary","M2","record_equal",0.51,0.41,0.61,,,"",TRUE,8,12
"Cebidichthys_violaceus","binary","M2","record_equal",0.51,0.41,0.61,,,"",TRUE,8,11
"Chaenocephalus_aceratus","binary","M2","record_equal",0.51,0.41,0.61,,,"",TRUE,8,10
"Champsocephalus_esox","binary","M2","record_equal",0.51,0.41,0.61,,,"",TRUE,8,9
"Champsocephalus_gunnari","binary","M2","record_equal",0.51,0.41,0.61,,,"fixture_warning",TRUE,8,8
"Pseudochaenichthys_georgianus","binary","M2","record_equal",0.51,0.41,0.61,,,"",TRUE,8,7
"Clinocottus_analis","binary","M2","record_equal",0.51,0.41,0.61,,,"",TRUE,8,6
"Taurulus_bubalis","binary","M2","record_equal",0.51,0.41,0.61,,,"",TRUE,8,5
"Cyclopterus_lumpus","binary","M2","record_equal",0.51,0.41,0.61,,,"",TRUE,8,4
"Eleginops_maclovinus","binary","M2","record_equal",0.51,0.41,0.61,,,"",TRUE,8,3
"Cromileptes_altivelis","binary","M2","record_equal",0.51,0.41,0.61,,,"",TRUE,8,2
"Epinephelus_bruneus","binary","M2","record_equal",0.51,0.41,0.61,,,"fixture_warning",TRUE,8,1
"Chelmon_rostratus","binary","M3","record_equal",0.58,0.48,0.68,,,"",TRUE,8,42
"Caesio_teres","binary","M3","record_equal",0.58,0.48,0.68,,,"",TRUE,8,41
"Lutjanus_erythropterus","binary","M3","record_equal",0.58,0.48,0.68,,,"",TRUE,8,40
"Pristipomoides_typus","binary","M3","record_equal",0.58,0.48,0.68,,,"",TRUE,8,39
"Symphorus_nematophorus","binary","M3","record_equal",0.58,0.48,0.68,,,"",TRUE,8,38
"Lethrinus_nebulosus","binary","M3","record_equal",0.58,0.48,0.68,,,"",TRUE,8,37
"Acanthopagrus_latus","binary","M3","record_equal",0.58,0.48,0.68,,,"fixture_warning",TRUE,8,36
"Acanthopagrus_schlegelii","binary","M3","record_equal",0.58,0.48,0.68,,,"",TRUE,8,35
"Pagrus_major","binary","M3","record_equal",0.58,0.48,0.68,,,"",TRUE,8,34
"Pagrus_pagrus","binary","M3","record_equal",0.58,0.48,0.68,,,"",TRUE,8,33
"Rhabdosargus_sarba","binary","M3","record_equal",0.58,0.48,0.68,,,"",TRUE,8,32
"Sparus_aurata","binary","M3","record_equal",0.58,0.48,0.68,,,"",TRUE,8,31
"Nelusetta_ayraud","binary","M3","record_equal",0.58,0.48,0.68,,,"",TRUE,8,30
"Lateolabrax_japonicus","binary","M3","record_equal",0.58,0.48,0.68,,,"fixture_warning",TRUE,8,29
"Lateolabrax_maculatus","binary","M3","record_equal",0.58,0.48,0.68,,,"",TRUE,8,28
"Pempheris_klunzingeri","binary","M3","record_equal",0.58,0.48,0.68,,,"",TRUE,8,27
"Micropterus_dolomieu","binary","M3","record_equal",0.58,0.48,0.68,,,"",TRUE,8,26
"Micropterus_salmoides","binary","M3","record_equal",0.58,0.48,0.68,,,"",TRUE,8,25
"Enoplosus_armatus","binary","M3","record_equal",0.58,0.48,0.68,,,"",TRUE,8,24
"Oplegnathus_fasciatus","binary","M3","record_equal",0.58,0.48,0.68,,,"",TRUE,8,23
"Oplegnathus_punctatus","binary","M3","record_equal",0.58,0.48,0.68,,,"fixture_warning",TRUE,8,22
"Maccullochella_peelii","binary","M3","record_equal",0.58,0.48,0.68,,,"",TRUE,8,21
"Siniperca_chuatsi","binary","M3","record_equal",0.58,0.48,0.68,,,"",TRUE,8,20
"Siniperca_scherzeri","binary","M3","record_equal",0.58,0.48,0.68,,,"",TRUE,8,19
"Scortum_barcoo","binary","M3","record_equal",0.58,0.48,0.68,,,"",TRUE,8,18
"Anarhichas_minor","binary","M3","record_equal",0.58,0.48,0.68,,,"",TRUE,8,17
"Anarrhichthys_ocellatus","binary","M3","record_equal",0.58,0.48,0.68,,,"",TRUE,8,16
"Anoplopoma_fimbria","binary","M3","record_equal",0.58,0.48,0.68,,,"fixture_warning",TRUE,8,15
"Pogonophryne_albipinna","binary","M3","record_equal",0.58,0.48,0.68,,,"",TRUE,8,14
"Gymnodraco_acuticeps","binary","M3","record_equal",0.58,0.48,0.68,,,"",TRUE,8,13
"Cottoperca_gobio","binary","M3","record_equal",0.58,0.48,0.68,,,"",TRUE,8,12
"Cebidichthys_violaceus","binary","M3","record_equal",0.58,0.48,0.68,,,"",TRUE,8,11
"Chaenocephalus_aceratus","binary","M3","record_equal",0.58,0.48,0.68,,,"",TRUE,8,10
"Champsocephalus_esox","binary","M3","record_equal",0.58,0.48,0.68,,,"",TRUE,8,9
"Champsocephalus_gunnari","binary","M3","record_equal",0.58,0.48,0.68,,,"fixture_warning",TRUE,8,8
"Pseudochaenichthys_georgianus","binary","M3","record_equal",0.58,0.48,0.68,,,"",TRUE,8,7
"Clinocottus_analis","binary","M3","record_equal",0.58,0.48,0.68,,,"",TRUE,8,6
"Taurulus_bubalis","binary","M3","record_equal",0.58,0.48,0.68,,,"",TRUE,8,5
"Cyclopterus_lumpus","binary","M3","record_equal",0.58,0.48,0.68,,,"",TRUE,8,4
"Eleginops_maclovinus","binary","M3","record_equal",0.58,0.48,0.68,,,"",TRUE,8,3
"Cromileptes_altivelis","binary","M3","record_equal",0.58,0.48,0.68,,,"",TRUE,8,2
"Epinephelus_bruneus","binary","M3","record_equal",0.58,0.48,0.68,,,"fixture_warning",TRUE,8,1
"Epinephelus_coioides","binary","Null","record_equal",0.37,0.27,0.47,,,"",TRUE,9,29
"Epinephelus_fuscoguttatus","binary","Null","record_equal",0.37,0.27,0.47,,,"",TRUE,9,28
"Epinephelus_lanceolatus","binary","Null","record_equal",0.37,0.27,0.47,,,"",TRUE,9,27
"Epinephelus_malabaricus","binary","Null","record_equal",0.37,0.27,0.47,,,"",TRUE,9,26
"Epinephelus_multinotatus","binary","Null","record_equal",0.37,0.27,0.47,,,"",TRUE,9,25
"Plectropomus_leopardus","binary","Null","record_equal",0.37,0.27,0.47,,,"",TRUE,9,24
"Gasterosteus_aculeatus","binary","Null","record_equal",0.37,0.27,0.47,,,"fixture_warning",TRUE,9,23
"Pungitius_pungitius","binary","Null","record_equal",0.37,0.27,0.47,,,"",TRUE,9,22
"Pungitius_sinensis","binary","Null","record_equal",0.37,0.27,0.47,,,"",TRUE,9,21
"Dissostichus_eleginoides","binary","Null","record_equal",0.37,0.27,0.47,,,"",TRUE,9,20
"Dissostichus_mawsoni","binary","Null","record_equal",0.37,0.27,0.47,,,"",TRUE,9,19
"Notothenia_rossii","binary","Null","record_equal",0.37,0.27,0.47,,,"",TRUE,9,18
"Pagothenia_borchgrevinki","binary","Null","record_equal",0.37,0.27,0.47,,,"",TRUE,9,17
"Trematomus_bernacchii","binary","Null","record_equal",0.37,0.27,0.47,,,"fixture_warning",TRUE,9,16
"Etheostoma_cragini","binary","Null","record_equal",0.37,0.27,0.47,,,"",TRUE,9,15
"Perca_flavescens","binary","Null","record_equal",0.37,0.27,0.47,,,"",TRUE,9,14
"Perca_fluviatilis","binary","Null","record_equal",0.37,0.27,0.47,,,"",TRUE,9,13
"Sander_lucioperca","binary","Null","record_equal",0.37,0.27,0.47,,,"",TRUE,9,12
"Sander_vitreus","binary","Null","record_equal",0.37,0.27,0.47,,,"",TRUE,9,11
"Pholis_gunnellus","binary","Null","record_equal",0.37,0.27,0.47,,,"",TRUE,9,10
"Sebastes_fasciatus","binary","Null","record_equal",0.37,0.27,0.47,,,"fixture_warning",TRUE,9,9
"Sebastes_schlegelii","binary","Null","record_equal",0.37,0.27,0.47,,,"",TRUE,9,8
"Sebastes_umbrosus","binary","Null","record_equal",0.37,0.27,0.47,,,"",TRUE,9,7
"Centropristis_striata","binary","Null","record_equal",0.37,0.27,0.47,,,"",TRUE,9,6
"Echiichthys_vipera","binary","Null","record_equal",0.37,0.27,0.47,,,"",TRUE,9,5
"Eutrigla_gurnardus","binary","Null","record_equal",0.37,0.27,0.47,,,"",TRUE,9,4
"Lycodes_pacificus","binary","Null","record_equal",0.37,0.27,0.47,,,"",TRUE,9,3
"Melanostigma_gelatinosum","binary","Null","record_equal",0.37,0.27,0.47,,,"fixture_warning",TRUE,9,2
"Zoarces_viviparus","binary","Null","record_equal",0.37,0.27,0.47,,,"",TRUE,9,1
"Epinephelus_coioides","binary","M1","record_equal",0.44,0.34,0.54,,,"",TRUE,9,29
"Epinephelus_fuscoguttatus","binary","M1","record_equal",0.44,0.34,0.54,,,"",TRUE,9,28
"Epinephelus_lanceolatus","binary","M1","record_equal",0.44,0.34,0.54,,,"",TRUE,9,27
"Epinephelus_malabaricus","binary","M1","record_equal",0.44,0.34,0.54,,,"",TRUE,9,26
"Epinephelus_multinotatus","binary","M1","record_equal",0.44,0.34,0.54,,,"",TRUE,9,25
"Plectropomus_leopardus","binary","M1","record_equal",0.44,0.34,0.54,,,"",TRUE,9,24
"Gasterosteus_aculeatus","binary","M1","record_equal",0.44,0.34,0.54,,,"fixture_warning",TRUE,9,23
"Pungitius_pungitius","binary","M1","record_equal",0.44,0.34,0.54,,,"",TRUE,9,22
"Pungitius_sinensis","binary","M1","record_equal",0.44,0.34,0.54,,,"",TRUE,9,21
"Dissostichus_eleginoides","binary","M1","record_equal",0.44,0.34,0.54,,,"",TRUE,9,20
"Dissostichus_mawsoni","binary","M1","record_equal",0.44,0.34,0.54,,,"",TRUE,9,19
"Notothenia_rossii","binary","M1","record_equal",0.44,0.34,0.54,,,"",TRUE,9,18
"Pagothenia_borchgrevinki","binary","M1","record_equal",0.44,0.34,0.54,,,"",TRUE,9,17
"Trematomus_bernacchii","binary","M1","record_equal",0.44,0.34,0.54,,,"fixture_warning",TRUE,9,16
"Etheostoma_cragini","binary","M1","record_equal",0.44,0.34,0.54,,,"",TRUE,9,15
"Perca_flavescens","binary","M1","record_equal",0.44,0.34,0.54,,,"",TRUE,9,14
"Perca_fluviatilis","binary","M1","record_equal",0.44,0.34,0.54,,,"",TRUE,9,13
"Sander_lucioperca","binary","M1","record_equal",0.44,0.34,0.54,,,"",TRUE,9,12
"Sander_vitreus","binary","M1","record_equal",0.44,0.34,0.54,,,"",TRUE,9,11
"Pholis_gunnellus","binary","M1","record_equal",0.44,0.34,0.54,,,"",TRUE,9,10
"Sebastes_fasciatus","binary","M1","record_equal",0.44,0.34,0.54,,,"fixture_warning",TRUE,9,9
"Sebastes_schlegelii","binary","M1","record_equal",0.44,0.34,0.54,,,"",TRUE,9,8
"Sebastes_umbrosus","binary","M1","record_equal",0.44,0.34,0.54,,,"",TRUE,9,7
"Centropristis_striata","binary","M1","record_equal",0.44,0.34,0.54,,,"",TRUE,9,6
"Echiichthys_vipera","binary","M1","record_equal",0.44,0.34,0.54,,,"",TRUE,9,5
"Eutrigla_gurnardus","binary","M1","record_equal",0.44,0.34,0.54,,,"",TRUE,9,4
"Lycodes_pacificus","binary","M1","record_equal",0.44,0.34,0.54,,,"",TRUE,9,3
"Melanostigma_gelatinosum","binary","M1","record_equal",0.44,0.34,0.54,,,"fixture_warning",TRUE,9,2
"Zoarces_viviparus","binary","M1","record_equal",0.44,0.34,0.54,,,"",TRUE,9,1
"Epinephelus_coioides","binary","M2","record_equal",0.51,0.41,0.61,,,"",TRUE,9,29
"Epinephelus_fuscoguttatus","binary","M2","record_equal",0.51,0.41,0.61,,,"",TRUE,9,28
"Epinephelus_lanceolatus","binary","M2","record_equal",0.51,0.41,0.61,,,"",TRUE,9,27
"Epinephelus_malabaricus","binary","M2","record_equal",0.51,0.41,0.61,,,"",TRUE,9,26
"Epinephelus_multinotatus","binary","M2","record_equal",0.51,0.41,0.61,,,"",TRUE,9,25
"Plectropomus_leopardus","binary","M2","record_equal",0.51,0.41,0.61,,,"",TRUE,9,24
"Gasterosteus_aculeatus","binary","M2","record_equal",0.51,0.41,0.61,,,"fixture_warning",TRUE,9,23
"Pungitius_pungitius","binary","M2","record_equal",0.51,0.41,0.61,,,"",TRUE,9,22
"Pungitius_sinensis","binary","M2","record_equal",0.51,0.41,0.61,,,"",TRUE,9,21
"Dissostichus_eleginoides","binary","M2","record_equal",0.51,0.41,0.61,,,"",TRUE,9,20
"Dissostichus_mawsoni","binary","M2","record_equal",0.51,0.41,0.61,,,"",TRUE,9,19
"Notothenia_rossii","binary","M2","record_equal",0.51,0.41,0.61,,,"",TRUE,9,18
"Pagothenia_borchgrevinki","binary","M2","record_equal",0.51,0.41,0.61,,,"",TRUE,9,17
"Trematomus_bernacchii","binary","M2","record_equal",0.51,0.41,0.61,,,"fixture_warning",TRUE,9,16
"Etheostoma_cragini","binary","M2","record_equal",0.51,0.41,0.61,,,"",TRUE,9,15
"Perca_flavescens","binary","M2","record_equal",0.51,0.41,0.61,,,"",TRUE,9,14
"Perca_fluviatilis","binary","M2","record_equal",0.51,0.41,0.61,,,"",TRUE,9,13
"Sander_lucioperca","binary","M2","record_equal",0.51,0.41,0.61,,,"",TRUE,9,12
"Sander_vitreus","binary","M2","record_equal",0.51,0.41,0.61,,,"",TRUE,9,11
"Pholis_gunnellus","binary","M2","record_equal",0.51,0.41,0.61,,,"",TRUE,9,10
"Sebastes_fasciatus","binary","M2","record_equal",0.51,0.41,0.61,,,"fixture_warning",TRUE,9,9
"Sebastes_schlegelii","binary","M2","record_equal",0.51,0.41,0.61,,,"",TRUE,9,8
"Sebastes_umbrosus","binary","M2","record_equal",0.51,0.41,0.61,,,"",TRUE,9,7
"Centropristis_striata","binary","M2","record_equal",0.51,0.41,0.61,,,"",TRUE,9,6
"Echiichthys_vipera","binary","M2","record_equal",0.51,0.41,0.61,,,"",TRUE,9,5
"Eutrigla_gurnardus","binary","M2","record_equal",0.51,0.41,0.61,,,"",TRUE,9,4
"Lycodes_pacificus","binary","M2","record_equal",0.51,0.41,0.61,,,"",TRUE,9,3
"Melanostigma_gelatinosum","binary","M2","record_equal",0.51,0.41,0.61,,,"fixture_warning",TRUE,9,2
"Zoarces_viviparus","binary","M2","record_equal",0.51,0.41,0.61,,,"",TRUE,9,1
"Epinephelus_coioides","binary","M3","record_equal",0.58,0.48,0.68,,,"",TRUE,9,29
"Epinephelus_fuscoguttatus","binary","M3","record_equal",0.58,0.48,0.68,,,"",TRUE,9,28
"Epinephelus_lanceolatus","binary","M3","record_equal",0.58,0.48,0.68,,,"",TRUE,9,27
"Epinephelus_malabaricus","binary","M3","record_equal",0.58,0.48,0.68,,,"",TRUE,9,26
"Epinephelus_multinotatus","binary","M3","record_equal",0.58,0.48,0.68,,,"",TRUE,9,25
"Plectropomus_leopardus","binary","M3","record_equal",0.58,0.48,0.68,,,"",TRUE,9,24
"Gasterosteus_aculeatus","binary","M3","record_equal",0.58,0.48,0.68,,,"fixture_warning",TRUE,9,23
"Pungitius_pungitius","binary","M3","record_equal",0.58,0.48,0.68,,,"",TRUE,9,22
"Pungitius_sinensis","binary","M3","record_equal",0.58,0.48,0.68,,,"",TRUE,9,21
"Dissostichus_eleginoides","binary","M3","record_equal",0.58,0.48,0.68,,,"",TRUE,9,20
"Dissostichus_mawsoni","binary","M3","record_equal",0.58,0.48,0.68,,,"",TRUE,9,19
"Notothenia_rossii","binary","M3","record_equal",0.58,0.48,0.68,,,"",TRUE,9,18
"Pagothenia_borchgrevinki","binary","M3","record_equal",0.58,0.48,0.68,,,"",TRUE,9,17
"Trematomus_bernacchii","binary","M3","record_equal",0.58,0.48,0.68,,,"fixture_warning",TRUE,9,16
"Etheostoma_cragini","binary","M3","record_equal",0.58,0.48,0.68,,,"",TRUE,9,15
"Perca_flavescens","binary","M3","record_equal",0.58,0.48,0.68,,,"",TRUE,9,14
"Perca_fluviatilis","binary","M3","record_equal",0.58,0.48,0.68,,,"",TRUE,9,13
"Sander_lucioperca","binary","M3","record_equal",0.58,0.48,0.68,,,"",TRUE,9,12
"Sander_vitreus","binary","M3","record_equal",0.58,0.48,0.68,,,"",TRUE,9,11
"Pholis_gunnellus","binary","M3","record_equal",0.58,0.48,0.68,,,"",TRUE,9,10
"Sebastes_fasciatus","binary","M3","record_equal",0.58,0.48,0.68,,,"fixture_warning",TRUE,9,9
"Sebastes_schlegelii","binary","M3","record_equal",0.58,0.48,0.68,,,"",TRUE,9,8
"Sebastes_umbrosus","binary","M3","record_equal",0.58,0.48,0.68,,,"",TRUE,9,7
"Centropristis_striata","binary","M3","record_equal",0.58,0.48,0.68,,,"",TRUE,9,6
"Echiichthys_vipera","binary","M3","record_equal",0.58,0.48,0.68,,,"",TRUE,9,5
"Eutrigla_gurnardus","binary","M3","record_equal",0.58,0.48,0.68,,,"",TRUE,9,4
"Lycodes_pacificus","binary","M3","record_equal",0.58,0.48,0.68,,,"",TRUE,9,3
"Melanostigma_gelatinosum","binary","M3","record_equal",0.58,0.48,0.68,,,"fixture_warning",TRUE,9,2
"Zoarces_viviparus","binary","M3","record_equal",0.58,0.48,0.68,,,"",TRUE,9,1
"Erpetoichthys_calabaricus","binary","Null","species_equal",0.37,0.27,0.47,,,"",TRUE,1,42
"Polypterus_senegalus","binary","Null","species_equal",0.37,0.27,0.47,,,"",TRUE,1,41
"Acipenser_oxyrinchus","binary","Null","species_equal",0.37,0.27,0.47,,,"",TRUE,1,40
"Acipenser_ruthenus","binary","Null","species_equal",0.37,0.27,0.47,,,"",TRUE,1,39
"Acipenser_sinensis","binary","Null","species_equal",0.37,0.27,0.47,,,"",TRUE,1,38
"Huso_huso","binary","Null","species_equal",0.37,0.27,0.47,,,"",TRUE,1,37
"Polyodon_spathula","binary","Null","species_equal",0.37,0.27,0.47,,,"fixture_warning",TRUE,1,36
"Amia_ocellicauda","binary","Null","species_equal",0.37,0.27,0.47,,,"",TRUE,1,35
"Atractosteus_spatula","binary","Null","species_equal",0.37,0.27,0.47,,,"",TRUE,1,34
"Lepisosteus_oculatus","binary","Null","species_equal",0.37,0.27,0.47,,,"",TRUE,1,33
"Megalops_atlanticus","binary","Null","species_equal",0.37,0.27,0.47,,,"",TRUE,1,32
"Megalops_cyprinoides","binary","Null","species_equal",0.37,0.27,0.47,,,"",TRUE,1,31
"Albula_glossodonta","binary","Null","species_equal",0.37,0.27,0.47,,,"",TRUE,1,30
"Albula_goreensis","binary","Null","species_equal",0.37,0.27,0.47,,,"fixture_warning",TRUE,1,29
"Aldrovandia_affinis","binary","Null","species_equal",0.37,0.27,0.47,,,"",TRUE,1,28
"Anguilla_anguilla","binary","Null","species_equal",0.37,0.27,0.47,,,"",TRUE,1,27
"Anguilla_japonica","binary","Null","species_equal",0.37,0.27,0.47,,,"",TRUE,1,26
"Anguilla_rostrata","binary","Null","species_equal",0.37,0.27,0.47,,,"",TRUE,1,25
"Conger_conger","binary","Null","species_equal",0.37,0.27,0.47,,,"",TRUE,1,24
"Gymnothorax_javanicus","binary","Null","species_equal",0.37,0.27,0.47,,,"",TRUE,1,23
"Synaphobranchus_kaupii","binary","Null","species_equal",0.37,0.27,0.47,,,"fixture_warning",TRUE,1,22
"Arapaima_gigas","binary","Null","species_equal",0.37,0.27,0.47,,,"",TRUE,1,21
"Brienomyrus_brachyistius","binary","Null","species_equal",0.37,0.27,0.47,,,"",TRUE,1,20
"Paramormyrops_kingsleyae","binary","Null","species_equal",0.37,0.27,0.47,,,"",TRUE,1,19
"Scleropages_formosus","binary","Null","species_equal",0.37,0.27,0.47,,,"",TRUE,1,18
"Hiodon_alosoides","binary","Null","species_equal",0.37,0.27,0.47,,,"",TRUE,1,17
"Alosa_alosa","binary","Null","species_equal",0.37,0.27,0.47,,,"",TRUE,1,16
"Alosa_pseudoharengus","binary","Null","species_equal",0.37,0.27,0.47,,,"fixture_warning",TRUE,1,15
"Alosa_sapidissima","binary","Null","species_equal",0.37,0.27,0.47,,,"",TRUE,1,14
"Sardina_pilchardus","binary","Null","species_equal",0.37,0.27,0.47,,,"",TRUE,1,13
"Clupea_harengus","binary","Null","species_equal",0.37,0.27,0.47,,,"",TRUE,1,12
"Sprattus_sprattus","binary","Null","species_equal",0.37,0.27,0.47,,,"",TRUE,1,11
"Denticeps_clupeoides","binary","Null","species_equal",0.37,0.27,0.47,,,"",TRUE,1,10
"Coilia_grayii","binary","Null","species_equal",0.37,0.27,0.47,,,"",TRUE,1,9
"Coilia_mystus","binary","Null","species_equal",0.37,0.27,0.47,,,"fixture_warning",TRUE,1,8
"Engraulis_encrasicolus","binary","Null","species_equal",0.37,0.27,0.47,,,"",TRUE,1,7
"Chanos_chanos","binary","Null","species_equal",0.37,0.27,0.47,,,"",TRUE,1,6
"Myxocyprinus_asiaticus","binary","Null","species_equal",0.37,0.27,0.47,,,"",TRUE,1,5
"Xyrauchen_texanus","binary","Null","species_equal",0.37,0.27,0.47,,,"",TRUE,1,4
"Misgurnus_anguillicaudatus","binary","Null","species_equal",0.37,0.27,0.47,,,"",TRUE,1,3
"Paramisgurnus_dabryanus","binary","Null","species_equal",0.37,0.27,0.47,,,"",TRUE,1,2
"Abramis_brama","binary","Null","species_equal",0.37,0.27,0.47,,,"fixture_warning",TRUE,1,1
"Erpetoichthys_calabaricus","binary","M1","species_equal",0.44,0.34,0.54,,,"",TRUE,1,42
"Polypterus_senegalus","binary","M1","species_equal",0.44,0.34,0.54,,,"",TRUE,1,41
"Acipenser_oxyrinchus","binary","M1","species_equal",0.44,0.34,0.54,,,"",TRUE,1,40
"Acipenser_ruthenus","binary","M1","species_equal",0.44,0.34,0.54,,,"",TRUE,1,39
"Acipenser_sinensis","binary","M1","species_equal",0.44,0.34,0.54,,,"",TRUE,1,38
"Huso_huso","binary","M1","species_equal",0.44,0.34,0.54,,,"",TRUE,1,37
"Polyodon_spathula","binary","M1","species_equal",0.44,0.34,0.54,,,"fixture_warning",TRUE,1,36
"Amia_ocellicauda","binary","M1","species_equal",0.44,0.34,0.54,,,"",TRUE,1,35
"Atractosteus_spatula","binary","M1","species_equal",0.44,0.34,0.54,,,"",TRUE,1,34
"Lepisosteus_oculatus","binary","M1","species_equal",0.44,0.34,0.54,,,"",TRUE,1,33
"Megalops_atlanticus","binary","M1","species_equal",0.44,0.34,0.54,,,"",TRUE,1,32
"Megalops_cyprinoides","binary","M1","species_equal",0.44,0.34,0.54,,,"",TRUE,1,31
"Albula_glossodonta","binary","M1","species_equal",0.44,0.34,0.54,,,"",TRUE,1,30
"Albula_goreensis","binary","M1","species_equal",0.44,0.34,0.54,,,"fixture_warning",TRUE,1,29
"Aldrovandia_affinis","binary","M1","species_equal",0.44,0.34,0.54,,,"",TRUE,1,28
"Anguilla_anguilla","binary","M1","species_equal",0.44,0.34,0.54,,,"",TRUE,1,27
"Anguilla_japonica","binary","M1","species_equal",0.44,0.34,0.54,,,"",TRUE,1,26
"Anguilla_rostrata","binary","M1","species_equal",0.44,0.34,0.54,,,"",TRUE,1,25
"Conger_conger","binary","M1","species_equal",0.44,0.34,0.54,,,"",TRUE,1,24
"Gymnothorax_javanicus","binary","M1","species_equal",0.44,0.34,0.54,,,"",TRUE,1,23
"Synaphobranchus_kaupii","binary","M1","species_equal",0.44,0.34,0.54,,,"fixture_warning",TRUE,1,22
"Arapaima_gigas","binary","M1","species_equal",0.44,0.34,0.54,,,"",TRUE,1,21
"Brienomyrus_brachyistius","binary","M1","species_equal",0.44,0.34,0.54,,,"",TRUE,1,20
"Paramormyrops_kingsleyae","binary","M1","species_equal",0.44,0.34,0.54,,,"",TRUE,1,19
"Scleropages_formosus","binary","M1","species_equal",0.44,0.34,0.54,,,"",TRUE,1,18
"Hiodon_alosoides","binary","M1","species_equal",0.44,0.34,0.54,,,"",TRUE,1,17
"Alosa_alosa","binary","M1","species_equal",0.44,0.34,0.54,,,"",TRUE,1,16
"Alosa_pseudoharengus","binary","M1","species_equal",0.44,0.34,0.54,,,"fixture_warning",TRUE,1,15
"Alosa_sapidissima","binary","M1","species_equal",0.44,0.34,0.54,,,"",TRUE,1,14
"Sardina_pilchardus","binary","M1","species_equal",0.44,0.34,0.54,,,"",TRUE,1,13
"Clupea_harengus","binary","M1","species_equal",0.44,0.34,0.54,,,"",TRUE,1,12
"Sprattus_sprattus","binary","M1","species_equal",0.44,0.34,0.54,,,"",TRUE,1,11
"Denticeps_clupeoides","binary","M1","species_equal",0.44,0.34,0.54,,,"",TRUE,1,10
"Coilia_grayii","binary","M1","species_equal",0.44,0.34,0.54,,,"",TRUE,1,9
"Coilia_mystus","binary","M1","species_equal",0.44,0.34,0.54,,,"fixture_warning",TRUE,1,8
"Engraulis_encrasicolus","binary","M1","species_equal",0.44,0.34,0.54,,,"",TRUE,1,7
"Chanos_chanos","binary","M1","species_equal",0.44,0.34,0.54,,,"",TRUE,1,6
"Myxocyprinus_asiaticus","binary","M1","species_equal",0.44,0.34,0.54,,,"",TRUE,1,5
"Xyrauchen_texanus","binary","M1","species_equal",0.44,0.34,0.54,,,"",TRUE,1,4
"Misgurnus_anguillicaudatus","binary","M1","species_equal",0.44,0.34,0.54,,,"",TRUE,1,3
"Paramisgurnus_dabryanus","binary","M1","species_equal",0.44,0.34,0.54,,,"",TRUE,1,2
"Abramis_brama","binary","M1","species_equal",0.44,0.34,0.54,,,"fixture_warning",TRUE,1,1
"Erpetoichthys_calabaricus","binary","M2","species_equal",0.51,0.41,0.61,,,"",TRUE,1,42
"Polypterus_senegalus","binary","M2","species_equal",0.51,0.41,0.61,,,"",TRUE,1,41
"Acipenser_oxyrinchus","binary","M2","species_equal",0.51,0.41,0.61,,,"",TRUE,1,40
"Acipenser_ruthenus","binary","M2","species_equal",0.51,0.41,0.61,,,"",TRUE,1,39
"Acipenser_sinensis","binary","M2","species_equal",0.51,0.41,0.61,,,"",TRUE,1,38
"Huso_huso","binary","M2","species_equal",0.51,0.41,0.61,,,"",TRUE,1,37
"Polyodon_spathula","binary","M2","species_equal",0.51,0.41,0.61,,,"fixture_warning",TRUE,1,36
"Amia_ocellicauda","binary","M2","species_equal",0.51,0.41,0.61,,,"",TRUE,1,35
"Atractosteus_spatula","binary","M2","species_equal",0.51,0.41,0.61,,,"",TRUE,1,34
"Lepisosteus_oculatus","binary","M2","species_equal",0.51,0.41,0.61,,,"",TRUE,1,33
"Megalops_atlanticus","binary","M2","species_equal",0.51,0.41,0.61,,,"",TRUE,1,32
"Megalops_cyprinoides","binary","M2","species_equal",0.51,0.41,0.61,,,"",TRUE,1,31
"Albula_glossodonta","binary","M2","species_equal",0.51,0.41,0.61,,,"",TRUE,1,30
"Albula_goreensis","binary","M2","species_equal",0.51,0.41,0.61,,,"fixture_warning",TRUE,1,29
"Aldrovandia_affinis","binary","M2","species_equal",0.51,0.41,0.61,,,"",TRUE,1,28
"Anguilla_anguilla","binary","M2","species_equal",0.51,0.41,0.61,,,"",TRUE,1,27
"Anguilla_japonica","binary","M2","species_equal",0.51,0.41,0.61,,,"",TRUE,1,26
"Anguilla_rostrata","binary","M2","species_equal",0.51,0.41,0.61,,,"",TRUE,1,25
"Conger_conger","binary","M2","species_equal",0.51,0.41,0.61,,,"",TRUE,1,24
"Gymnothorax_javanicus","binary","M2","species_equal",0.51,0.41,0.61,,,"",TRUE,1,23
"Synaphobranchus_kaupii","binary","M2","species_equal",0.51,0.41,0.61,,,"fixture_warning",TRUE,1,22
"Arapaima_gigas","binary","M2","species_equal",0.51,0.41,0.61,,,"",TRUE,1,21
"Brienomyrus_brachyistius","binary","M2","species_equal",0.51,0.41,0.61,,,"",TRUE,1,20
"Paramormyrops_kingsleyae","binary","M2","species_equal",0.51,0.41,0.61,,,"",TRUE,1,19
"Scleropages_formosus","binary","M2","species_equal",0.51,0.41,0.61,,,"",TRUE,1,18
"Hiodon_alosoides","binary","M2","species_equal",0.51,0.41,0.61,,,"",TRUE,1,17
"Alosa_alosa","binary","M2","species_equal",0.51,0.41,0.61,,,"",TRUE,1,16
"Alosa_pseudoharengus","binary","M2","species_equal",0.51,0.41,0.61,,,"fixture_warning",TRUE,1,15
"Alosa_sapidissima","binary","M2","species_equal",0.51,0.41,0.61,,,"",TRUE,1,14
"Sardina_pilchardus","binary","M2","species_equal",0.51,0.41,0.61,,,"",TRUE,1,13
"Clupea_harengus","binary","M2","species_equal",0.51,0.41,0.61,,,"",TRUE,1,12
"Sprattus_sprattus","binary","M2","species_equal",0.51,0.41,0.61,,,"",TRUE,1,11
"Denticeps_clupeoides","binary","M2","species_equal",0.51,0.41,0.61,,,"",TRUE,1,10
"Coilia_grayii","binary","M2","species_equal",0.51,0.41,0.61,,,"",TRUE,1,9
"Coilia_mystus","binary","M2","species_equal",0.51,0.41,0.61,,,"fixture_warning",TRUE,1,8
"Engraulis_encrasicolus","binary","M2","species_equal",0.51,0.41,0.61,,,"",TRUE,1,7
"Chanos_chanos","binary","M2","species_equal",0.51,0.41,0.61,,,"",TRUE,1,6
"Myxocyprinus_asiaticus","binary","M2","species_equal",0.51,0.41,0.61,,,"",TRUE,1,5
"Xyrauchen_texanus","binary","M2","species_equal",0.51,0.41,0.61,,,"",TRUE,1,4
"Misgurnus_anguillicaudatus","binary","M2","species_equal",0.51,0.41,0.61,,,"",TRUE,1,3
"Paramisgurnus_dabryanus","binary","M2","species_equal",0.51,0.41,0.61,,,"",TRUE,1,2
"Abramis_brama","binary","M2","species_equal",0.51,0.41,0.61,,,"fixture_warning",TRUE,1,1
"Erpetoichthys_calabaricus","binary","M3","species_equal",0.58,0.48,0.68,,,"",TRUE,1,42
"Polypterus_senegalus","binary","M3","species_equal",0.58,0.48,0.68,,,"",TRUE,1,41
"Acipenser_oxyrinchus","binary","M3","species_equal",0.58,0.48,0.68,,,"",TRUE,1,40
"Acipenser_ruthenus","binary","M3","species_equal",0.58,0.48,0.68,,,"",TRUE,1,39
"Acipenser_sinensis","binary","M3","species_equal",0.58,0.48,0.68,,,"",TRUE,1,38
"Huso_huso","binary","M3","species_equal",0.58,0.48,0.68,,,"",TRUE,1,37
"Polyodon_spathula","binary","M3","species_equal",0.58,0.48,0.68,,,"fixture_warning",TRUE,1,36
"Amia_ocellicauda","binary","M3","species_equal",0.58,0.48,0.68,,,"",TRUE,1,35
"Atractosteus_spatula","binary","M3","species_equal",0.58,0.48,0.68,,,"",TRUE,1,34
"Lepisosteus_oculatus","binary","M3","species_equal",0.58,0.48,0.68,,,"",TRUE,1,33
"Megalops_atlanticus","binary","M3","species_equal",0.58,0.48,0.68,,,"",TRUE,1,32
"Megalops_cyprinoides","binary","M3","species_equal",0.58,0.48,0.68,,,"",TRUE,1,31
"Albula_glossodonta","binary","M3","species_equal",0.58,0.48,0.68,,,"",TRUE,1,30
"Albula_goreensis","binary","M3","species_equal",0.58,0.48,0.68,,,"fixture_warning",TRUE,1,29
"Aldrovandia_affinis","binary","M3","species_equal",0.58,0.48,0.68,,,"",TRUE,1,28
"Anguilla_anguilla","binary","M3","species_equal",0.58,0.48,0.68,,,"",TRUE,1,27
"Anguilla_japonica","binary","M3","species_equal",0.58,0.48,0.68,,,"",TRUE,1,26
"Anguilla_rostrata","binary","M3","species_equal",0.58,0.48,0.68,,,"",TRUE,1,25
"Conger_conger","binary","M3","species_equal",0.58,0.48,0.68,,,"",TRUE,1,24
"Gymnothorax_javanicus","binary","M3","species_equal",0.58,0.48,0.68,,,"",TRUE,1,23
"Synaphobranchus_kaupii","binary","M3","species_equal",0.58,0.48,0.68,,,"fixture_warning",TRUE,1,22
"Arapaima_gigas","binary","M3","species_equal",0.58,0.48,0.68,,,"",TRUE,1,21
"Brienomyrus_brachyistius","binary","M3","species_equal",0.58,0.48,0.68,,,"",TRUE,1,20
"Paramormyrops_kingsleyae","binary","M3","species_equal",0.58,0.48,0.68,,,"",TRUE,1,19
"Scleropages_formosus","binary","M3","species_equal",0.58,0.48,0.68,,,"",TRUE,1,18
"Hiodon_alosoides","binary","M3","species_equal",0.58,0.48,0.68,,,"",TRUE,1,17
"Alosa_alosa","binary","M3","species_equal",0.58,0.48,0.68,,,"",TRUE,1,16
"Alosa_pseudoharengus","binary","M3","species_equal",0.58,0.48,0.68,,,"fixture_warning",TRUE,1,15
"Alosa_sapidissima","binary","M3","species_equal",0.58,0.48,0.68,,,"",TRUE,1,14
"Sardina_pilchardus","binary","M3","species_equal",0.58,0.48,0.68,,,"",TRUE,1,13
"Clupea_harengus","binary","M3","species_equal",0.58,0.48,0.68,,,"",TRUE,1,12
"Sprattus_sprattus","binary","M3","species_equal",0.58,0.48,0.68,,,"",TRUE,1,11
"Denticeps_clupeoides","binary","M3","species_equal",0.58,0.48,0.68,,,"",TRUE,1,10
"Coilia_grayii","binary","M3","species_equal",0.58,0.48,0.68,,,"",TRUE,1,9
"Coilia_mystus","binary","M3","species_equal",0.58,0.48,0.68,,,"fixture_warning",TRUE,1,8
"Engraulis_encrasicolus","binary","M3","species_equal",0.58,0.48,0.68,,,"",TRUE,1,7
"Chanos_chanos","binary","M3","species_equal",0.58,0.48,0.68,,,"",TRUE,1,6
"Myxocyprinus_asiaticus","binary","M3","species_equal",0.58,0.48,0.68,,,"",TRUE,1,5
"Xyrauchen_texanus","binary","M3","species_equal",0.58,0.48,0.68,,,"",TRUE,1,4
"Misgurnus_anguillicaudatus","binary","M3","species_equal",0.58,0.48,0.68,,,"",TRUE,1,3
"Paramisgurnus_dabryanus","binary","M3","species_equal",0.58,0.48,0.68,,,"",TRUE,1,2
"Abramis_brama","binary","M3","species_equal",0.58,0.48,0.68,,,"fixture_warning",TRUE,1,1
"Barbus_barbus","binary","Null","species_equal",0.37,0.27,0.47,,,"",TRUE,2,42
"Carassius_auratus","binary","Null","species_equal",0.37,0.27,0.47,,,"",TRUE,2,41
"Carassius_carassius","binary","Null","species_equal",0.37,0.27,0.47,,,"",TRUE,2,40
"Carassius_gibelio","binary","Null","species_equal",0.37,0.27,0.47,,,"",TRUE,2,39
"Chanodichthys_erythropterus","binary","Null","species_equal",0.37,0.27,0.47,,,"",TRUE,2,38
"Cirrhinus_molitorella","binary","Null","species_equal",0.37,0.27,0.47,,,"",TRUE,2,37
"Ctenopharyngodon_idella","binary","Null","species_equal",0.37,0.27,0.47,,,"fixture_warning",TRUE,2,36
"Culter_alburnus","binary","Null","species_equal",0.37,0.27,0.47,,,"",TRUE,2,35
"Cyprinella_venusta","binary","Null","species_equal",0.37,0.27,0.47,,,"",TRUE,2,34
"Cyprinus_carpio","binary","Null","species_equal",0.37,0.27,0.47,,,"",TRUE,2,33
"Danio_aesculapii","binary","Null","species_equal",0.37,0.27,0.47,,,"",TRUE,2,32
"Danio_rerio","binary","Null","species_equal",0.37,0.27,0.47,,,"",TRUE,2,31
"Garra_rufa","binary","Null","species_equal",0.37,0.27,0.47,,,"",TRUE,2,30
"Hemiculter_leucisculus","binary","Null","species_equal",0.37,0.27,0.47,,,"fixture_warning",TRUE,2,29
"Labeo_rohita","binary","Null","species_equal",0.37,0.27,0.47,,,"",TRUE,2,28
"Leuciscus_chuanchicus","binary","Null","species_equal",0.37,0.27,0.47,,,"",TRUE,2,27
"Leuciscus_leuciscus","binary","Null","species_equal",0.37,0.27,0.47,,,"",TRUE,2,26
"Leuciscus_waleckii","binary","Null","species_equal",0.37,0.27,0.47,,,"",TRUE,2,25
"Megalobrama_amblycephala","binary","Null","species_equal",0.37,0.27,0.47,,,"",TRUE,2,24
"Mylopharyngodon_piceus","binary","Null","species_equal",0.37,0.27,0.47,,,"",TRUE,2,23
"Onychostoma_macrolepis","binary","Null","species_equal",0.37,0.27,0.47,,,"fixture_warning",TRUE,2,22
"Phoxinus_phoxinus","binary","Null","species_equal",0.37,0.27,0.47,,,"",TRUE,2,21
"Pimephales_promelas","binary","Null","species_equal",0.37,0.27,0.47,,,"",TRUE,2,20
"Pseudorasbora_parva","binary","Null","species_equal",0.37,0.27,0.47,,,"",TRUE,2,19
"Puntigrus_tetrazona","binary","Null","species_equal",0.37,0.27,0.47,,,"",TRUE,2,18
"Rutilus_rutilus","binary","Null","species_equal",0.37,0.27,0.47,,,"",TRUE,2,17
"Scardinius_erythrophthalmus","binary","Null","species_equal",0.37,0.27,0.47,,,"",TRUE,2,16
"Sinocyclocheilus_anshuiensis","binary","Null","species_equal",0.37,0.27,0.47,,,"fixture_warning",TRUE,2,15
"Sinocyclocheilus_grahami","binary","Null","species_equal",0.37,0.27,0.47,,,"",TRUE,2,14
"Sinocyclocheilus_rhinocerous","binary","Null","species_equal",0.37,0.27,0.47,,,"",TRUE,2,13
"Siphateles_boraxobius","binary","Null","species_equal",0.37,0.27,0.47,,,"",TRUE,2,12
"Squalius_cephalus","binary","Null","species_equal",0.37,0.27,0.47,,,"",TRUE,2,11
"Gobio_gobio","binary","Null","species_equal",0.37,0.27,0.47,,,"",TRUE,2,10
"Rhinichthys_klamathensis","binary","Null","species_equal",0.37,0.27,0.47,,,"",TRUE,2,9
"Barbatula_barbatula","binary","Null","species_equal",0.37,0.27,0.47,,,"fixture_warning",TRUE,2,8
"Triplophysa_dalaica","binary","Null","species_equal",0.37,0.27,0.47,,,"",TRUE,2,7
"Triplophysa_rosa","binary","Null","species_equal",0.37,0.27,0.47,,,"",TRUE,2,6
"Astyanax_lacustris","binary","Null","species_equal",0.37,0.27,0.47,,,"",TRUE,2,5
"Astyanax_mexicanus","binary","Null","species_equal",0.37,0.27,0.47,,,"",TRUE,2,4
"Salminus_brasiliensis","binary","Null","species_equal",0.37,0.27,0.47,,,"",TRUE,2,3
"Hoplias_malabaricus","binary","Null","species_equal",0.37,0.27,0.47,,,"",TRUE,2,2
"Prochilodus_magdalenae","binary","Null","species_equal",0.37,0.27,0.47,,,"fixture_warning",TRUE,2,1
"Barbus_barbus","binary","M1","species_equal",0.44,0.34,0.54,,,"",TRUE,2,42
"Carassius_auratus","binary","M1","species_equal",0.44,0.34,0.54,,,"",TRUE,2,41
"Carassius_carassius","binary","M1","species_equal",0.44,0.34,0.54,,,"",TRUE,2,40
"Carassius_gibelio","binary","M1","species_equal",0.44,0.34,0.54,,,"",TRUE,2,39
"Chanodichthys_erythropterus","binary","M1","species_equal",0.44,0.34,0.54,,,"",TRUE,2,38
"Cirrhinus_molitorella","binary","M1","species_equal",0.44,0.34,0.54,,,"",TRUE,2,37
"Ctenopharyngodon_idella","binary","M1","species_equal",0.44,0.34,0.54,,,"fixture_warning",TRUE,2,36
"Culter_alburnus","binary","M1","species_equal",0.44,0.34,0.54,,,"",TRUE,2,35
"Cyprinella_venusta","binary","M1","species_equal",0.44,0.34,0.54,,,"",TRUE,2,34
"Cyprinus_carpio","binary","M1","species_equal",0.44,0.34,0.54,,,"",TRUE,2,33
"Danio_aesculapii","binary","M1","species_equal",0.44,0.34,0.54,,,"",TRUE,2,32
"Danio_rerio","binary","M1","species_equal",0.44,0.34,0.54,,,"",TRUE,2,31
"Garra_rufa","binary","M1","species_equal",0.44,0.34,0.54,,,"",TRUE,2,30
"Hemiculter_leucisculus","binary","M1","species_equal",0.44,0.34,0.54,,,"fixture_warning",TRUE,2,29
"Labeo_rohita","binary","M1","species_equal",0.44,0.34,0.54,,,"",TRUE,2,28
"Leuciscus_chuanchicus","binary","M1","species_equal",0.44,0.34,0.54,,,"",TRUE,2,27
"Leuciscus_leuciscus","binary","M1","species_equal",0.44,0.34,0.54,,,"",TRUE,2,26
"Leuciscus_waleckii","binary","M1","species_equal",0.44,0.34,0.54,,,"",TRUE,2,25
"Megalobrama_amblycephala","binary","M1","species_equal",0.44,0.34,0.54,,,"",TRUE,2,24
"Mylopharyngodon_piceus","binary","M1","species_equal",0.44,0.34,0.54,,,"",TRUE,2,23
"Onychostoma_macrolepis","binary","M1","species_equal",0.44,0.34,0.54,,,"fixture_warning",TRUE,2,22
"Phoxinus_phoxinus","binary","M1","species_equal",0.44,0.34,0.54,,,"",TRUE,2,21
"Pimephales_promelas","binary","M1","species_equal",0.44,0.34,0.54,,,"",TRUE,2,20
"Pseudorasbora_parva","binary","M1","species_equal",0.44,0.34,0.54,,,"",TRUE,2,19
"Puntigrus_tetrazona","binary","M1","species_equal",0.44,0.34,0.54,,,"",TRUE,2,18
"Rutilus_rutilus","binary","M1","species_equal",0.44,0.34,0.54,,,"",TRUE,2,17
"Scardinius_erythrophthalmus","binary","M1","species_equal",0.44,0.34,0.54,,,"",TRUE,2,16
"Sinocyclocheilus_anshuiensis","binary","M1","species_equal",0.44,0.34,0.54,,,"fixture_warning",TRUE,2,15
"Sinocyclocheilus_grahami","binary","M1","species_equal",0.44,0.34,0.54,,,"",TRUE,2,14
"Sinocyclocheilus_rhinocerous","binary","M1","species_equal",0.44,0.34,0.54,,,"",TRUE,2,13
"Siphateles_boraxobius","binary","M1","species_equal",0.44,0.34,0.54,,,"",TRUE,2,12
"Squalius_cephalus","binary","M1","species_equal",0.44,0.34,0.54,,,"",TRUE,2,11
"Gobio_gobio","binary","M1","species_equal",0.44,0.34,0.54,,,"",TRUE,2,10
"Rhinichthys_klamathensis","binary","M1","species_equal",0.44,0.34,0.54,,,"",TRUE,2,9
"Barbatula_barbatula","binary","M1","species_equal",0.44,0.34,0.54,,,"fixture_warning",TRUE,2,8
"Triplophysa_dalaica","binary","M1","species_equal",0.44,0.34,0.54,,,"",TRUE,2,7
"Triplophysa_rosa","binary","M1","species_equal",0.44,0.34,0.54,,,"",TRUE,2,6
"Astyanax_lacustris","binary","M1","species_equal",0.44,0.34,0.54,,,"",TRUE,2,5
"Astyanax_mexicanus","binary","M1","species_equal",0.44,0.34,0.54,,,"",TRUE,2,4
"Salminus_brasiliensis","binary","M1","species_equal",0.44,0.34,0.54,,,"",TRUE,2,3
"Hoplias_malabaricus","binary","M1","species_equal",0.44,0.34,0.54,,,"",TRUE,2,2
"Prochilodus_magdalenae","binary","M1","species_equal",0.44,0.34,0.54,,,"fixture_warning",TRUE,2,1
"Barbus_barbus","binary","M2","species_equal",0.51,0.41,0.61,,,"",TRUE,2,42
"Carassius_auratus","binary","M2","species_equal",0.51,0.41,0.61,,,"",TRUE,2,41
"Carassius_carassius","binary","M2","species_equal",0.51,0.41,0.61,,,"",TRUE,2,40
"Carassius_gibelio","binary","M2","species_equal",0.51,0.41,0.61,,,"",TRUE,2,39
"Chanodichthys_erythropterus","binary","M2","species_equal",0.51,0.41,0.61,,,"",TRUE,2,38
"Cirrhinus_molitorella","binary","M2","species_equal",0.51,0.41,0.61,,,"",TRUE,2,37
"Ctenopharyngodon_idella","binary","M2","species_equal",0.51,0.41,0.61,,,"fixture_warning",TRUE,2,36
"Culter_alburnus","binary","M2","species_equal",0.51,0.41,0.61,,,"",TRUE,2,35
"Cyprinella_venusta","binary","M2","species_equal",0.51,0.41,0.61,,,"",TRUE,2,34
"Cyprinus_carpio","binary","M2","species_equal",0.51,0.41,0.61,,,"",TRUE,2,33
"Danio_aesculapii","binary","M2","species_equal",0.51,0.41,0.61,,,"",TRUE,2,32
"Danio_rerio","binary","M2","species_equal",0.51,0.41,0.61,,,"",TRUE,2,31
"Garra_rufa","binary","M2","species_equal",0.51,0.41,0.61,,,"",TRUE,2,30
"Hemiculter_leucisculus","binary","M2","species_equal",0.51,0.41,0.61,,,"fixture_warning",TRUE,2,29
"Labeo_rohita","binary","M2","species_equal",0.51,0.41,0.61,,,"",TRUE,2,28
"Leuciscus_chuanchicus","binary","M2","species_equal",0.51,0.41,0.61,,,"",TRUE,2,27
"Leuciscus_leuciscus","binary","M2","species_equal",0.51,0.41,0.61,,,"",TRUE,2,26
"Leuciscus_waleckii","binary","M2","species_equal",0.51,0.41,0.61,,,"",TRUE,2,25
"Megalobrama_amblycephala","binary","M2","species_equal",0.51,0.41,0.61,,,"",TRUE,2,24
"Mylopharyngodon_piceus","binary","M2","species_equal",0.51,0.41,0.61,,,"",TRUE,2,23
"Onychostoma_macrolepis","binary","M2","species_equal",0.51,0.41,0.61,,,"fixture_warning",TRUE,2,22
"Phoxinus_phoxinus","binary","M2","species_equal",0.51,0.41,0.61,,,"",TRUE,2,21
"Pimephales_promelas","binary","M2","species_equal",0.51,0.41,0.61,,,"",TRUE,2,20
"Pseudorasbora_parva","binary","M2","species_equal",0.51,0.41,0.61,,,"",TRUE,2,19
"Puntigrus_tetrazona","binary","M2","species_equal",0.51,0.41,0.61,,,"",TRUE,2,18
"Rutilus_rutilus","binary","M2","species_equal",0.51,0.41,0.61,,,"",TRUE,2,17
"Scardinius_erythrophthalmus","binary","M2","species_equal",0.51,0.41,0.61,,,"",TRUE,2,16
"Sinocyclocheilus_anshuiensis","binary","M2","species_equal",0.51,0.41,0.61,,,"fixture_warning",TRUE,2,15
"Sinocyclocheilus_grahami","binary","M2","species_equal",0.51,0.41,0.61,,,"",TRUE,2,14
"Sinocyclocheilus_rhinocerous","binary","M2","species_equal",0.51,0.41,0.61,,,"",TRUE,2,13
"Siphateles_boraxobius","binary","M2","species_equal",0.51,0.41,0.61,,,"",TRUE,2,12
"Squalius_cephalus","binary","M2","species_equal",0.51,0.41,0.61,,,"",TRUE,2,11
"Gobio_gobio","binary","M2","species_equal",0.51,0.41,0.61,,,"",TRUE,2,10
"Rhinichthys_klamathensis","binary","M2","species_equal",0.51,0.41,0.61,,,"",TRUE,2,9
"Barbatula_barbatula","binary","M2","species_equal",0.51,0.41,0.61,,,"fixture_warning",TRUE,2,8
"Triplophysa_dalaica","binary","M2","species_equal",0.51,0.41,0.61,,,"",TRUE,2,7
"Triplophysa_rosa","binary","M2","species_equal",0.51,0.41,0.61,,,"",TRUE,2,6
"Astyanax_lacustris","binary","M2","species_equal",0.51,0.41,0.61,,,"",TRUE,2,5
"Astyanax_mexicanus","binary","M2","species_equal",0.51,0.41,0.61,,,"",TRUE,2,4
"Salminus_brasiliensis","binary","M2","species_equal",0.51,0.41,0.61,,,"",TRUE,2,3
"Hoplias_malabaricus","binary","M2","species_equal",0.51,0.41,0.61,,,"",TRUE,2,2
"Prochilodus_magdalenae","binary","M2","species_equal",0.51,0.41,0.61,,,"fixture_warning",TRUE,2,1
"Barbus_barbus","binary","M3","species_equal",0.58,0.48,0.68,,,"",TRUE,2,42
"Carassius_auratus","binary","M3","species_equal",0.58,0.48,0.68,,,"",TRUE,2,41
"Carassius_carassius","binary","M3","species_equal",0.58,0.48,0.68,,,"",TRUE,2,40
"Carassius_gibelio","binary","M3","species_equal",0.58,0.48,0.68,,,"",TRUE,2,39
"Chanodichthys_erythropterus","binary","M3","species_equal",0.58,0.48,0.68,,,"",TRUE,2,38
"Cirrhinus_molitorella","binary","M3","species_equal",0.58,0.48,0.68,,,"",TRUE,2,37
"Ctenopharyngodon_idella","binary","M3","species_equal",0.58,0.48,0.68,,,"fixture_warning",TRUE,2,36
"Culter_alburnus","binary","M3","species_equal",0.58,0.48,0.68,,,"",TRUE,2,35
"Cyprinella_venusta","binary","M3","species_equal",0.58,0.48,0.68,,,"",TRUE,2,34
"Cyprinus_carpio","binary","M3","species_equal",0.58,0.48,0.68,,,"",TRUE,2,33
"Danio_aesculapii","binary","M3","species_equal",0.58,0.48,0.68,,,"",TRUE,2,32
"Danio_rerio","binary","M3","species_equal",0.58,0.48,0.68,,,"",TRUE,2,31
"Garra_rufa","binary","M3","species_equal",0.58,0.48,0.68,,,"",TRUE,2,30
"Hemiculter_leucisculus","binary","M3","species_equal",0.58,0.48,0.68,,,"fixture_warning",TRUE,2,29
"Labeo_rohita","binary","M3","species_equal",0.58,0.48,0.68,,,"",TRUE,2,28
"Leuciscus_chuanchicus","binary","M3","species_equal",0.58,0.48,0.68,,,"",TRUE,2,27
"Leuciscus_leuciscus","binary","M3","species_equal",0.58,0.48,0.68,,,"",TRUE,2,26
"Leuciscus_waleckii","binary","M3","species_equal",0.58,0.48,0.68,,,"",TRUE,2,25
"Megalobrama_amblycephala","binary","M3","species_equal",0.58,0.48,0.68,,,"",TRUE,2,24
"Mylopharyngodon_piceus","binary","M3","species_equal",0.58,0.48,0.68,,,"",TRUE,2,23
"Onychostoma_macrolepis","binary","M3","species_equal",0.58,0.48,0.68,,,"fixture_warning",TRUE,2,22
"Phoxinus_phoxinus","binary","M3","species_equal",0.58,0.48,0.68,,,"",TRUE,2,21
"Pimephales_promelas","binary","M3","species_equal",0.58,0.48,0.68,,,"",TRUE,2,20
"Pseudorasbora_parva","binary","M3","species_equal",0.58,0.48,0.68,,,"",TRUE,2,19
"Puntigrus_tetrazona","binary","M3","species_equal",0.58,0.48,0.68,,,"",TRUE,2,18
"Rutilus_rutilus","binary","M3","species_equal",0.58,0.48,0.68,,,"",TRUE,2,17
"Scardinius_erythrophthalmus","binary","M3","species_equal",0.58,0.48,0.68,,,"",TRUE,2,16
"Sinocyclocheilus_anshuiensis","binary","M3","species_equal",0.58,0.48,0.68,,,"fixture_warning",TRUE,2,15
"Sinocyclocheilus_grahami","binary","M3","species_equal",0.58,0.48,0.68,,,"",TRUE,2,14
"Sinocyclocheilus_rhinocerous","binary","M3","species_equal",0.58,0.48,0.68,,,"",TRUE,2,13
"Siphateles_boraxobius","binary","M3","species_equal",0.58,0.48,0.68,,,"",TRUE,2,12
"Squalius_cephalus","binary","M3","species_equal",0.58,0.48,0.68,,,"",TRUE,2,11
"Gobio_gobio","binary","M3","species_equal",0.58,0.48,0.68,,,"",TRUE,2,10
"Rhinichthys_klamathensis","binary","M3","species_equal",0.58,0.48,0.68,,,"",TRUE,2,9
"Barbatula_barbatula","binary","M3","species_equal",0.58,0.48,0.68,,,"fixture_warning",TRUE,2,8
"Triplophysa_dalaica","binary","M3","species_equal",0.58,0.48,0.68,,,"",TRUE,2,7
"Triplophysa_rosa","binary","M3","species_equal",0.58,0.48,0.68,,,"",TRUE,2,6
"Astyanax_lacustris","binary","M3","species_equal",0.58,0.48,0.68,,,"",TRUE,2,5
"Astyanax_mexicanus","binary","M3","species_equal",0.58,0.48,0.68,,,"",TRUE,2,4
"Salminus_brasiliensis","binary","M3","species_equal",0.58,0.48,0.68,,,"",TRUE,2,3
"Hoplias_malabaricus","binary","M3","species_equal",0.58,0.48,0.68,,,"",TRUE,2,2
"Prochilodus_magdalenae","binary","M3","species_equal",0.58,0.48,0.68,,,"fixture_warning",TRUE,2,1
"Acnodon_oligacanthus","binary","Null","species_equal",0.37,0.27,0.47,,,"",TRUE,3,42
"Colossoma_macropomum","binary","Null","species_equal",0.37,0.27,0.47,,,"",TRUE,3,41
"Metynnis_hypsauchen","binary","Null","species_equal",0.37,0.27,0.47,,,"",TRUE,3,40
"Pygocentrus_nattereri","binary","Null","species_equal",0.37,0.27,0.47,,,"",TRUE,3,39
"Serrasalmus_rhombeus","binary","Null","species_equal",0.37,0.27,0.47,,,"",TRUE,3,38
"Electrophorus_electricus","binary","Null","species_equal",0.37,0.27,0.47,,,"",TRUE,3,37
"Electrophorus_voltai","binary","Null","species_equal",0.37,0.27,0.47,,,"fixture_warning",TRUE,3,36
"Brachyhypopomus_gauderio","binary","Null","species_equal",0.37,0.27,0.47,,,"",TRUE,3,35
"Neoarius_graeffei","binary","Null","species_equal",0.37,0.27,0.47,,,"",TRUE,3,34
"Hemibagrus_guttatus","binary","Null","species_equal",0.37,0.27,0.47,,,"",TRUE,3,33
"Hemibagrus_wyckioides","binary","Null","species_equal",0.37,0.27,0.47,,,"",TRUE,3,32
"Tachysurus_fulvidraco","binary","Null","species_equal",0.37,0.27,0.47,,,"",TRUE,3,31
"Tachysurus_vachellii","binary","Null","species_equal",0.37,0.27,0.47,,,"",TRUE,3,30
"Clarias_gariepinus","binary","Null","species_equal",0.37,0.27,0.47,,,"fixture_warning",TRUE,3,29
"Clarias_magur","binary","Null","species_equal",0.37,0.27,0.47,,,"",TRUE,3,28
"Ictalurus_furcatus","binary","Null","species_equal",0.37,0.27,0.47,,,"",TRUE,3,27
"Ictalurus_punctatus","binary","Null","species_equal",0.37,0.27,0.47,,,"",TRUE,3,26
"Pangasianodon_gigas","binary","Null","species_equal",0.37,0.27,0.47,,,"",TRUE,3,25
"Pangasianodon_hypophthalmus","binary","Null","species_equal",0.37,0.27,0.47,,,"",TRUE,3,24
"Silurus_aristotelis","binary","Null","species_equal",0.37,0.27,0.47,,,"",TRUE,3,23
"Silurus_asotus","binary","Null","species_equal",0.37,0.27,0.47,,,"fixture_warning",TRUE,3,22
"Silurus_meridionalis","binary","Null","species_equal",0.37,0.27,0.47,,,"",TRUE,3,21
"Trichomycterus_rosablanca","binary","Null","species_equal",0.37,0.27,0.47,,,"",TRUE,3,20
"Nansenia_antarctica","binary","Null","species_equal",0.37,0.27,0.47,,,"",TRUE,3,19
"Galaxias_brevipinnis","binary","Null","species_equal",0.37,0.27,0.47,,,"",TRUE,3,18
"Coregonus_albula","binary","Null","species_equal",0.37,0.27,0.47,,,"",TRUE,3,17
"Coregonus_clupeaformis","binary","Null","species_equal",0.37,0.27,0.47,,,"",TRUE,3,16
"Coregonus_lavaretus","binary","Null","species_equal",0.37,0.27,0.47,,,"fixture_warning",TRUE,3,15
"Coregonus_suidteri","binary","Null","species_equal",0.37,0.27,0.47,,,"",TRUE,3,14
"Oncorhynchus_clarkii","binary","Null","species_equal",0.37,0.27,0.47,,,"",TRUE,3,13
"Oncorhynchus_gorbuscha","binary","Null","species_equal",0.37,0.27,0.47,,,"",TRUE,3,12
"Oncorhynchus_keta","binary","Null","species_equal",0.37,0.27,0.47,,,"",TRUE,3,11
"Oncorhynchus_kisutch","binary","Null","species_equal",0.37,0.27,0.47,,,"",TRUE,3,10
"Oncorhynchus_masou","binary","Null","species_equal",0.37,0.27,0.47,,,"",TRUE,3,9
"Oncorhynchus_mykiss","binary","Null","species_equal",0.37,0.27,0.47,,,"fixture_warning",TRUE,3,8
"Oncorhynchus_nerka","binary","Null","species_equal",0.37,0.27,0.47,,,"",TRUE,3,7
"Oncorhynchus_tshawytscha","binary","Null","species_equal",0.37,0.27,0.47,,,"",TRUE,3,6
"Salmo_salar","binary","Null","species_equal",0.37,0.27,0.47,,,"",TRUE,3,5
"Salmo_trutta","binary","Null","species_equal",0.37,0.27,0.47,,,"",TRUE,3,4
"Salvelinus_alpinus","binary","Null","species_equal",0.37,0.27,0.47,,,"",TRUE,3,3
"Salvelinus_fontinalis","binary","Null","species_equal",0.37,0.27,0.47,,,"",TRUE,3,2
"Salvelinus_namaycush","binary","Null","species_equal",0.37,0.27,0.47,,,"fixture_warning",TRUE,3,1
"Acnodon_oligacanthus","binary","M1","species_equal",0.44,0.34,0.54,,,"",TRUE,3,42
"Colossoma_macropomum","binary","M1","species_equal",0.44,0.34,0.54,,,"",TRUE,3,41
"Metynnis_hypsauchen","binary","M1","species_equal",0.44,0.34,0.54,,,"",TRUE,3,40
"Pygocentrus_nattereri","binary","M1","species_equal",0.44,0.34,0.54,,,"",TRUE,3,39
"Serrasalmus_rhombeus","binary","M1","species_equal",0.44,0.34,0.54,,,"",TRUE,3,38
"Electrophorus_electricus","binary","M1","species_equal",0.44,0.34,0.54,,,"",TRUE,3,37
"Electrophorus_voltai","binary","M1","species_equal",0.44,0.34,0.54,,,"fixture_warning",TRUE,3,36
"Brachyhypopomus_gauderio","binary","M1","species_equal",0.44,0.34,0.54,,,"",TRUE,3,35
"Neoarius_graeffei","binary","M1","species_equal",0.44,0.34,0.54,,,"",TRUE,3,34
"Hemibagrus_guttatus","binary","M1","species_equal",0.44,0.34,0.54,,,"",TRUE,3,33
"Hemibagrus_wyckioides","binary","M1","species_equal",0.44,0.34,0.54,,,"",TRUE,3,32
"Tachysurus_fulvidraco","binary","M1","species_equal",0.44,0.34,0.54,,,"",TRUE,3,31
"Tachysurus_vachellii","binary","M1","species_equal",0.44,0.34,0.54,,,"",TRUE,3,30
"Clarias_gariepinus","binary","M1","species_equal",0.44,0.34,0.54,,,"fixture_warning",TRUE,3,29
"Clarias_magur","binary","M1","species_equal",0.44,0.34,0.54,,,"",TRUE,3,28
"Ictalurus_furcatus","binary","M1","species_equal",0.44,0.34,0.54,,,"",TRUE,3,27
"Ictalurus_punctatus","binary","M1","species_equal",0.44,0.34,0.54,,,"",TRUE,3,26
"Pangasianodon_gigas","binary","M1","species_equal",0.44,0.34,0.54,,,"",TRUE,3,25
"Pangasianodon_hypophthalmus","binary","M1","species_equal",0.44,0.34,0.54,,,"",TRUE,3,24
"Silurus_aristotelis","binary","M1","species_equal",0.44,0.34,0.54,,,"",TRUE,3,23
"Silurus_asotus","binary","M1","species_equal",0.44,0.34,0.54,,,"fixture_warning",TRUE,3,22
"Silurus_meridionalis","binary","M1","species_equal",0.44,0.34,0.54,,,"",TRUE,3,21
"Trichomycterus_rosablanca","binary","M1","species_equal",0.44,0.34,0.54,,,"",TRUE,3,20
"Nansenia_antarctica","binary","M1","species_equal",0.44,0.34,0.54,,,"",TRUE,3,19
"Galaxias_brevipinnis","binary","M1","species_equal",0.44,0.34,0.54,,,"",TRUE,3,18
"Coregonus_albula","binary","M1","species_equal",0.44,0.34,0.54,,,"",TRUE,3,17
"Coregonus_clupeaformis","binary","M1","species_equal",0.44,0.34,0.54,,,"",TRUE,3,16
"Coregonus_lavaretus","binary","M1","species_equal",0.44,0.34,0.54,,,"fixture_warning",TRUE,3,15
"Coregonus_suidteri","binary","M1","species_equal",0.44,0.34,0.54,,,"",TRUE,3,14
"Oncorhynchus_clarkii","binary","M1","species_equal",0.44,0.34,0.54,,,"",TRUE,3,13
"Oncorhynchus_gorbuscha","binary","M1","species_equal",0.44,0.34,0.54,,,"",TRUE,3,12
"Oncorhynchus_keta","binary","M1","species_equal",0.44,0.34,0.54,,,"",TRUE,3,11
"Oncorhynchus_kisutch","binary","M1","species_equal",0.44,0.34,0.54,,,"",TRUE,3,10
"Oncorhynchus_masou","binary","M1","species_equal",0.44,0.34,0.54,,,"",TRUE,3,9
"Oncorhynchus_mykiss","binary","M1","species_equal",0.44,0.34,0.54,,,"fixture_warning",TRUE,3,8
"Oncorhynchus_nerka","binary","M1","species_equal",0.44,0.34,0.54,,,"",TRUE,3,7
"Oncorhynchus_tshawytscha","binary","M1","species_equal",0.44,0.34,0.54,,,"",TRUE,3,6
"Salmo_salar","binary","M1","species_equal",0.44,0.34,0.54,,,"",TRUE,3,5
"Salmo_trutta","binary","M1","species_equal",0.44,0.34,0.54,,,"",TRUE,3,4
"Salvelinus_alpinus","binary","M1","species_equal",0.44,0.34,0.54,,,"",TRUE,3,3
"Salvelinus_fontinalis","binary","M1","species_equal",0.44,0.34,0.54,,,"",TRUE,3,2
"Salvelinus_namaycush","binary","M1","species_equal",0.44,0.34,0.54,,,"fixture_warning",TRUE,3,1
"Acnodon_oligacanthus","binary","M2","species_equal",0.51,0.41,0.61,,,"",TRUE,3,42
"Colossoma_macropomum","binary","M2","species_equal",0.51,0.41,0.61,,,"",TRUE,3,41
"Metynnis_hypsauchen","binary","M2","species_equal",0.51,0.41,0.61,,,"",TRUE,3,40
"Pygocentrus_nattereri","binary","M2","species_equal",0.51,0.41,0.61,,,"",TRUE,3,39
"Serrasalmus_rhombeus","binary","M2","species_equal",0.51,0.41,0.61,,,"",TRUE,3,38
"Electrophorus_electricus","binary","M2","species_equal",0.51,0.41,0.61,,,"",TRUE,3,37
"Electrophorus_voltai","binary","M2","species_equal",0.51,0.41,0.61,,,"fixture_warning",TRUE,3,36
"Brachyhypopomus_gauderio","binary","M2","species_equal",0.51,0.41,0.61,,,"",TRUE,3,35
"Neoarius_graeffei","binary","M2","species_equal",0.51,0.41,0.61,,,"",TRUE,3,34
"Hemibagrus_guttatus","binary","M2","species_equal",0.51,0.41,0.61,,,"",TRUE,3,33
"Hemibagrus_wyckioides","binary","M2","species_equal",0.51,0.41,0.61,,,"",TRUE,3,32
"Tachysurus_fulvidraco","binary","M2","species_equal",0.51,0.41,0.61,,,"",TRUE,3,31
"Tachysurus_vachellii","binary","M2","species_equal",0.51,0.41,0.61,,,"",TRUE,3,30
"Clarias_gariepinus","binary","M2","species_equal",0.51,0.41,0.61,,,"fixture_warning",TRUE,3,29
"Clarias_magur","binary","M2","species_equal",0.51,0.41,0.61,,,"",TRUE,3,28
"Ictalurus_furcatus","binary","M2","species_equal",0.51,0.41,0.61,,,"",TRUE,3,27
"Ictalurus_punctatus","binary","M2","species_equal",0.51,0.41,0.61,,,"",TRUE,3,26
"Pangasianodon_gigas","binary","M2","species_equal",0.51,0.41,0.61,,,"",TRUE,3,25
"Pangasianodon_hypophthalmus","binary","M2","species_equal",0.51,0.41,0.61,,,"",TRUE,3,24
"Silurus_aristotelis","binary","M2","species_equal",0.51,0.41,0.61,,,"",TRUE,3,23
"Silurus_asotus","binary","M2","species_equal",0.51,0.41,0.61,,,"fixture_warning",TRUE,3,22
"Silurus_meridionalis","binary","M2","species_equal",0.51,0.41,0.61,,,"",TRUE,3,21
"Trichomycterus_rosablanca","binary","M2","species_equal",0.51,0.41,0.61,,,"",TRUE,3,20
"Nansenia_antarctica","binary","M2","species_equal",0.51,0.41,0.61,,,"",TRUE,3,19
"Galaxias_brevipinnis","binary","M2","species_equal",0.51,0.41,0.61,,,"",TRUE,3,18
"Coregonus_albula","binary","M2","species_equal",0.51,0.41,0.61,,,"",TRUE,3,17
"Coregonus_clupeaformis","binary","M2","species_equal",0.51,0.41,0.61,,,"",TRUE,3,16
"Coregonus_lavaretus","binary","M2","species_equal",0.51,0.41,0.61,,,"fixture_warning",TRUE,3,15
"Coregonus_suidteri","binary","M2","species_equal",0.51,0.41,0.61,,,"",TRUE,3,14
"Oncorhynchus_clarkii","binary","M2","species_equal",0.51,0.41,0.61,,,"",TRUE,3,13
"Oncorhynchus_gorbuscha","binary","M2","species_equal",0.51,0.41,0.61,,,"",TRUE,3,12
"Oncorhynchus_keta","binary","M2","species_equal",0.51,0.41,0.61,,,"",TRUE,3,11
"Oncorhynchus_kisutch","binary","M2","species_equal",0.51,0.41,0.61,,,"",TRUE,3,10
"Oncorhynchus_masou","binary","M2","species_equal",0.51,0.41,0.61,,,"",TRUE,3,9
"Oncorhynchus_mykiss","binary","M2","species_equal",0.51,0.41,0.61,,,"fixture_warning",TRUE,3,8
"Oncorhynchus_nerka","binary","M2","species_equal",0.51,0.41,0.61,,,"",TRUE,3,7
"Oncorhynchus_tshawytscha","binary","M2","species_equal",0.51,0.41,0.61,,,"",TRUE,3,6
"Salmo_salar","binary","M2","species_equal",0.51,0.41,0.61,,,"",TRUE,3,5
"Salmo_trutta","binary","M2","species_equal",0.51,0.41,0.61,,,"",TRUE,3,4
"Salvelinus_alpinus","binary","M2","species_equal",0.51,0.41,0.61,,,"",TRUE,3,3
"Salvelinus_fontinalis","binary","M2","species_equal",0.51,0.41,0.61,,,"",TRUE,3,2
"Salvelinus_namaycush","binary","M2","species_equal",0.51,0.41,0.61,,,"fixture_warning",TRUE,3,1
"Acnodon_oligacanthus","binary","M3","species_equal",0.58,0.48,0.68,,,"",TRUE,3,42
"Colossoma_macropomum","binary","M3","species_equal",0.58,0.48,0.68,,,"",TRUE,3,41
"Metynnis_hypsauchen","binary","M3","species_equal",0.58,0.48,0.68,,,"",TRUE,3,40
"Pygocentrus_nattereri","binary","M3","species_equal",0.58,0.48,0.68,,,"",TRUE,3,39
"Serrasalmus_rhombeus","binary","M3","species_equal",0.58,0.48,0.68,,,"",TRUE,3,38
"Electrophorus_electricus","binary","M3","species_equal",0.58,0.48,0.68,,,"",TRUE,3,37
"Electrophorus_voltai","binary","M3","species_equal",0.58,0.48,0.68,,,"fixture_warning",TRUE,3,36
"Brachyhypopomus_gauderio","binary","M3","species_equal",0.58,0.48,0.68,,,"",TRUE,3,35
"Neoarius_graeffei","binary","M3","species_equal",0.58,0.48,0.68,,,"",TRUE,3,34
"Hemibagrus_guttatus","binary","M3","species_equal",0.58,0.48,0.68,,,"",TRUE,3,33
"Hemibagrus_wyckioides","binary","M3","species_equal",0.58,0.48,0.68,,,"",TRUE,3,32
"Tachysurus_fulvidraco","binary","M3","species_equal",0.58,0.48,0.68,,,"",TRUE,3,31
"Tachysurus_vachellii","binary","M3","species_equal",0.58,0.48,0.68,,,"",TRUE,3,30
"Clarias_gariepinus","binary","M3","species_equal",0.58,0.48,0.68,,,"fixture_warning",TRUE,3,29
"Clarias_magur","binary","M3","species_equal",0.58,0.48,0.68,,,"",TRUE,3,28
"Ictalurus_furcatus","binary","M3","species_equal",0.58,0.48,0.68,,,"",TRUE,3,27
"Ictalurus_punctatus","binary","M3","species_equal",0.58,0.48,0.68,,,"",TRUE,3,26
"Pangasianodon_gigas","binary","M3","species_equal",0.58,0.48,0.68,,,"",TRUE,3,25
"Pangasianodon_hypophthalmus","binary","M3","species_equal",0.58,0.48,0.68,,,"",TRUE,3,24
"Silurus_aristotelis","binary","M3","species_equal",0.58,0.48,0.68,,,"",TRUE,3,23
"Silurus_asotus","binary","M3","species_equal",0.58,0.48,0.68,,,"fixture_warning",TRUE,3,22
"Silurus_meridionalis","binary","M3","species_equal",0.58,0.48,0.68,,,"",TRUE,3,21
"Trichomycterus_rosablanca","binary","M3","species_equal",0.58,0.48,0.68,,,"",TRUE,3,20
"Nansenia_antarctica","binary","M3","species_equal",0.58,0.48,0.68,,,"",TRUE,3,19
"Galaxias_brevipinnis","binary","M3","species_equal",0.58,0.48,0.68,,,"",TRUE,3,18
"Coregonus_albula","binary","M3","species_equal",0.58,0.48,0.68,,,"",TRUE,3,17
"Coregonus_clupeaformis","binary","M3","species_equal",0.58,0.48,0.68,,,"",TRUE,3,16
"Coregonus_lavaretus","binary","M3","species_equal",0.58,0.48,0.68,,,"fixture_warning",TRUE,3,15
"Coregonus_suidteri","binary","M3","species_equal",0.58,0.48,0.68,,,"",TRUE,3,14
"Oncorhynchus_clarkii","binary","M3","species_equal",0.58,0.48,0.68,,,"",TRUE,3,13
"Oncorhynchus_gorbuscha","binary","M3","species_equal",0.58,0.48,0.68,,,"",TRUE,3,12
"Oncorhynchus_keta","binary","M3","species_equal",0.58,0.48,0.68,,,"",TRUE,3,11
"Oncorhynchus_kisutch","binary","M3","species_equal",0.58,0.48,0.68,,,"",TRUE,3,10
"Oncorhynchus_masou","binary","M3","species_equal",0.58,0.48,0.68,,,"",TRUE,3,9
"Oncorhynchus_mykiss","binary","M3","species_equal",0.58,0.48,0.68,,,"fixture_warning",TRUE,3,8
"Oncorhynchus_nerka","binary","M3","species_equal",0.58,0.48,0.68,,,"",TRUE,3,7
"Oncorhynchus_tshawytscha","binary","M3","species_equal",0.58,0.48,0.68,,,"",TRUE,3,6
"Salmo_salar","binary","M3","species_equal",0.58,0.48,0.68,,,"",TRUE,3,5
"Salmo_trutta","binary","M3","species_equal",0.58,0.48,0.68,,,"",TRUE,3,4
"Salvelinus_alpinus","binary","M3","species_equal",0.58,0.48,0.68,,,"",TRUE,3,3
"Salvelinus_fontinalis","binary","M3","species_equal",0.58,0.48,0.68,,,"",TRUE,3,2
"Salvelinus_namaycush","binary","M3","species_equal",0.58,0.48,0.68,,,"fixture_warning",TRUE,3,1
"Dallia_pectoralis","binary","Null","species_equal",0.37,0.27,0.47,,,"",TRUE,4,42
"Esox_lucius","binary","Null","species_equal",0.37,0.27,0.47,,,"",TRUE,4,41
"Umbra_pygmaea","binary","Null","species_equal",0.37,0.27,0.47,,,"",TRUE,4,40
"Hypomesus_nipponensis","binary","Null","species_equal",0.37,0.27,0.47,,,"",TRUE,4,39
"Hypomesus_transpacificus","binary","Null","species_equal",0.37,0.27,0.47,,,"",TRUE,4,38
"Osmerus_eperlanus","binary","Null","species_equal",0.37,0.27,0.47,,,"",TRUE,4,37
"Osmerus_mordax","binary","Null","species_equal",0.37,0.27,0.47,,,"fixture_warning",TRUE,4,36
"Benthosema_glaciale","binary","Null","species_equal",0.37,0.27,0.47,,,"",TRUE,4,35
"Electrona_antarctica","binary","Null","species_equal",0.37,0.27,0.47,,,"",TRUE,4,34
"Gymnoscopelus_braueri","binary","Null","species_equal",0.37,0.27,0.47,,,"",TRUE,4,33
"Gymnoscopelus_microlampas","binary","Null","species_equal",0.37,0.27,0.47,,,"",TRUE,4,32
"Nannobrachium_achirus","binary","Null","species_equal",0.37,0.27,0.47,,,"",TRUE,4,31
"Protomyctophum_bolini","binary","Null","species_equal",0.37,0.27,0.47,,,"",TRUE,4,30
"Protomyctophum_parallelum","binary","Null","species_equal",0.37,0.27,0.47,,,"fixture_warning",TRUE,4,29
"Polymixia_hollisterae","binary","Null","species_equal",0.37,0.27,0.47,,,"",TRUE,4,28
"Polymixia_lowei","binary","Null","species_equal",0.37,0.27,0.47,,,"",TRUE,4,27
"Centroberyx_affinis","binary","Null","species_equal",0.37,0.27,0.47,,,"",TRUE,4,26
"Centroberyx_gerrardi","binary","Null","species_equal",0.37,0.27,0.47,,,"",TRUE,4,25
"Poromitra_crassiceps","binary","Null","species_equal",0.37,0.27,0.47,,,"",TRUE,4,24
"Myripristis_murdjan","binary","Null","species_equal",0.37,0.27,0.47,,,"",TRUE,4,23
"Lucifuga_dentata","binary","Null","species_equal",0.37,0.27,0.47,,,"fixture_warning",TRUE,4,22
"Genypterus_blacodes","binary","Null","species_equal",0.37,0.27,0.47,,,"",TRUE,4,21
"Arripis_georgiana","binary","Null","species_equal",0.37,0.27,0.47,,,"",TRUE,4,20
"Katsuwonus_pelamis","binary","Null","species_equal",0.37,0.27,0.47,,,"",TRUE,4,19
"Sarda_sarda","binary","Null","species_equal",0.37,0.27,0.47,,,"",TRUE,4,18
"Scomber_japonicus","binary","Null","species_equal",0.37,0.27,0.47,,,"",TRUE,4,17
"Scomber_scombrus","binary","Null","species_equal",0.37,0.27,0.47,,,"",TRUE,4,16
"Thunnus_alalunga","binary","Null","species_equal",0.37,0.27,0.47,,,"fixture_warning",TRUE,4,15
"Thunnus_albacares","binary","Null","species_equal",0.37,0.27,0.47,,,"",TRUE,4,14
"Thunnus_atlanticus","binary","Null","species_equal",0.37,0.27,0.47,,,"",TRUE,4,13
"Thunnus_maccoyii","binary","Null","species_equal",0.37,0.27,0.47,,,"",TRUE,4,12
"Thunnus_obesus","binary","Null","species_equal",0.37,0.27,0.47,,,"",TRUE,4,11
"Thunnus_orientalis","binary","Null","species_equal",0.37,0.27,0.47,,,"",TRUE,4,10
"Thunnus_thynnus","binary","Null","species_equal",0.37,0.27,0.47,,,"",TRUE,4,9
"Thunnus_tonggol","binary","Null","species_equal",0.37,0.27,0.47,,,"fixture_warning",TRUE,4,8
"Pampus_argenteus","binary","Null","species_equal",0.37,0.27,0.47,,,"",TRUE,4,7
"Pampus_punctatissimus","binary","Null","species_equal",0.37,0.27,0.47,,,"",TRUE,4,6
"Aulostomus_chinensis","binary","Null","species_equal",0.37,0.27,0.47,,,"",TRUE,4,5
"Fistularia_commersonii","binary","Null","species_equal",0.37,0.27,0.47,,,"",TRUE,4,4
"Pterapogon_kauderni","binary","Null","species_equal",0.37,0.27,0.47,,,"",TRUE,4,3
"Sphaeramia_orbicularis","binary","Null","species_equal",0.37,0.27,0.47,,,"",TRUE,4,2
"Oxyeleotris_marmorata","binary","Null","species_equal",0.37,0.27,0.47,,,"fixture_warning",TRUE,4,1
"Dallia_pectoralis","binary","M1","species_equal",0.44,0.34,0.54,,,"",TRUE,4,42
"Esox_lucius","binary","M1","species_equal",0.44,0.34,0.54,,,"",TRUE,4,41
"Umbra_pygmaea","binary","M1","species_equal",0.44,0.34,0.54,,,"",TRUE,4,40
"Hypomesus_nipponensis","binary","M1","species_equal",0.44,0.34,0.54,,,"",TRUE,4,39
"Hypomesus_transpacificus","binary","M1","species_equal",0.44,0.34,0.54,,,"",TRUE,4,38
"Osmerus_eperlanus","binary","M1","species_equal",0.44,0.34,0.54,,,"",TRUE,4,37
"Osmerus_mordax","binary","M1","species_equal",0.44,0.34,0.54,,,"fixture_warning",TRUE,4,36
"Benthosema_glaciale","binary","M1","species_equal",0.44,0.34,0.54,,,"",TRUE,4,35
"Electrona_antarctica","binary","M1","species_equal",0.44,0.34,0.54,,,"",TRUE,4,34
"Gymnoscopelus_braueri","binary","M1","species_equal",0.44,0.34,0.54,,,"",TRUE,4,33
"Gymnoscopelus_microlampas","binary","M1","species_equal",0.44,0.34,0.54,,,"",TRUE,4,32
"Nannobrachium_achirus","binary","M1","species_equal",0.44,0.34,0.54,,,"",TRUE,4,31
"Protomyctophum_bolini","binary","M1","species_equal",0.44,0.34,0.54,,,"",TRUE,4,30
"Protomyctophum_parallelum","binary","M1","species_equal",0.44,0.34,0.54,,,"fixture_warning",TRUE,4,29
"Polymixia_hollisterae","binary","M1","species_equal",0.44,0.34,0.54,,,"",TRUE,4,28
"Polymixia_lowei","binary","M1","species_equal",0.44,0.34,0.54,,,"",TRUE,4,27
"Centroberyx_affinis","binary","M1","species_equal",0.44,0.34,0.54,,,"",TRUE,4,26
"Centroberyx_gerrardi","binary","M1","species_equal",0.44,0.34,0.54,,,"",TRUE,4,25
"Poromitra_crassiceps","binary","M1","species_equal",0.44,0.34,0.54,,,"",TRUE,4,24
"Myripristis_murdjan","binary","M1","species_equal",0.44,0.34,0.54,,,"",TRUE,4,23
"Lucifuga_dentata","binary","M1","species_equal",0.44,0.34,0.54,,,"fixture_warning",TRUE,4,22
"Genypterus_blacodes","binary","M1","species_equal",0.44,0.34,0.54,,,"",TRUE,4,21
"Arripis_georgiana","binary","M1","species_equal",0.44,0.34,0.54,,,"",TRUE,4,20
"Katsuwonus_pelamis","binary","M1","species_equal",0.44,0.34,0.54,,,"",TRUE,4,19
"Sarda_sarda","binary","M1","species_equal",0.44,0.34,0.54,,,"",TRUE,4,18
"Scomber_japonicus","binary","M1","species_equal",0.44,0.34,0.54,,,"",TRUE,4,17
"Scomber_scombrus","binary","M1","species_equal",0.44,0.34,0.54,,,"",TRUE,4,16
"Thunnus_alalunga","binary","M1","species_equal",0.44,0.34,0.54,,,"fixture_warning",TRUE,4,15
"Thunnus_albacares","binary","M1","species_equal",0.44,0.34,0.54,,,"",TRUE,4,14
"Thunnus_atlanticus","binary","M1","species_equal",0.44,0.34,0.54,,,"",TRUE,4,13
"Thunnus_maccoyii","binary","M1","species_equal",0.44,0.34,0.54,,,"",TRUE,4,12
"Thunnus_obesus","binary","M1","species_equal",0.44,0.34,0.54,,,"",TRUE,4,11
"Thunnus_orientalis","binary","M1","species_equal",0.44,0.34,0.54,,,"",TRUE,4,10
"Thunnus_thynnus","binary","M1","species_equal",0.44,0.34,0.54,,,"",TRUE,4,9
"Thunnus_tonggol","binary","M1","species_equal",0.44,0.34,0.54,,,"fixture_warning",TRUE,4,8
"Pampus_argenteus","binary","M1","species_equal",0.44,0.34,0.54,,,"",TRUE,4,7
"Pampus_punctatissimus","binary","M1","species_equal",0.44,0.34,0.54,,,"",TRUE,4,6
"Aulostomus_chinensis","binary","M1","species_equal",0.44,0.34,0.54,,,"",TRUE,4,5
"Fistularia_commersonii","binary","M1","species_equal",0.44,0.34,0.54,,,"",TRUE,4,4
"Pterapogon_kauderni","binary","M1","species_equal",0.44,0.34,0.54,,,"",TRUE,4,3
"Sphaeramia_orbicularis","binary","M1","species_equal",0.44,0.34,0.54,,,"",TRUE,4,2
"Oxyeleotris_marmorata","binary","M1","species_equal",0.44,0.34,0.54,,,"fixture_warning",TRUE,4,1
"Dallia_pectoralis","binary","M2","species_equal",0.51,0.41,0.61,,,"",TRUE,4,42
"Esox_lucius","binary","M2","species_equal",0.51,0.41,0.61,,,"",TRUE,4,41
"Umbra_pygmaea","binary","M2","species_equal",0.51,0.41,0.61,,,"",TRUE,4,40
"Hypomesus_nipponensis","binary","M2","species_equal",0.51,0.41,0.61,,,"",TRUE,4,39
"Hypomesus_transpacificus","binary","M2","species_equal",0.51,0.41,0.61,,,"",TRUE,4,38
"Osmerus_eperlanus","binary","M2","species_equal",0.51,0.41,0.61,,,"",TRUE,4,37
"Osmerus_mordax","binary","M2","species_equal",0.51,0.41,0.61,,,"fixture_warning",TRUE,4,36
"Benthosema_glaciale","binary","M2","species_equal",0.51,0.41,0.61,,,"",TRUE,4,35
"Electrona_antarctica","binary","M2","species_equal",0.51,0.41,0.61,,,"",TRUE,4,34
"Gymnoscopelus_braueri","binary","M2","species_equal",0.51,0.41,0.61,,,"",TRUE,4,33
"Gymnoscopelus_microlampas","binary","M2","species_equal",0.51,0.41,0.61,,,"",TRUE,4,32
"Nannobrachium_achirus","binary","M2","species_equal",0.51,0.41,0.61,,,"",TRUE,4,31
"Protomyctophum_bolini","binary","M2","species_equal",0.51,0.41,0.61,,,"",TRUE,4,30
"Protomyctophum_parallelum","binary","M2","species_equal",0.51,0.41,0.61,,,"fixture_warning",TRUE,4,29
"Polymixia_hollisterae","binary","M2","species_equal",0.51,0.41,0.61,,,"",TRUE,4,28
"Polymixia_lowei","binary","M2","species_equal",0.51,0.41,0.61,,,"",TRUE,4,27
"Centroberyx_affinis","binary","M2","species_equal",0.51,0.41,0.61,,,"",TRUE,4,26
"Centroberyx_gerrardi","binary","M2","species_equal",0.51,0.41,0.61,,,"",TRUE,4,25
"Poromitra_crassiceps","binary","M2","species_equal",0.51,0.41,0.61,,,"",TRUE,4,24
"Myripristis_murdjan","binary","M2","species_equal",0.51,0.41,0.61,,,"",TRUE,4,23
"Lucifuga_dentata","binary","M2","species_equal",0.51,0.41,0.61,,,"fixture_warning",TRUE,4,22
"Genypterus_blacodes","binary","M2","species_equal",0.51,0.41,0.61,,,"",TRUE,4,21
"Arripis_georgiana","binary","M2","species_equal",0.51,0.41,0.61,,,"",TRUE,4,20
"Katsuwonus_pelamis","binary","M2","species_equal",0.51,0.41,0.61,,,"",TRUE,4,19
"Sarda_sarda","binary","M2","species_equal",0.51,0.41,0.61,,,"",TRUE,4,18
"Scomber_japonicus","binary","M2","species_equal",0.51,0.41,0.61,,,"",TRUE,4,17
"Scomber_scombrus","binary","M2","species_equal",0.51,0.41,0.61,,,"",TRUE,4,16
"Thunnus_alalunga","binary","M2","species_equal",0.51,0.41,0.61,,,"fixture_warning",TRUE,4,15
"Thunnus_albacares","binary","M2","species_equal",0.51,0.41,0.61,,,"",TRUE,4,14
"Thunnus_atlanticus","binary","M2","species_equal",0.51,0.41,0.61,,,"",TRUE,4,13
"Thunnus_maccoyii","binary","M2","species_equal",0.51,0.41,0.61,,,"",TRUE,4,12
"Thunnus_obesus","binary","M2","species_equal",0.51,0.41,0.61,,,"",TRUE,4,11
"Thunnus_orientalis","binary","M2","species_equal",0.51,0.41,0.61,,,"",TRUE,4,10
"Thunnus_thynnus","binary","M2","species_equal",0.51,0.41,0.61,,,"",TRUE,4,9
"Thunnus_tonggol","binary","M2","species_equal",0.51,0.41,0.61,,,"fixture_warning",TRUE,4,8
"Pampus_argenteus","binary","M2","species_equal",0.51,0.41,0.61,,,"",TRUE,4,7
"Pampus_punctatissimus","binary","M2","species_equal",0.51,0.41,0.61,,,"",TRUE,4,6
"Aulostomus_chinensis","binary","M2","species_equal",0.51,0.41,0.61,,,"",TRUE,4,5
"Fistularia_commersonii","binary","M2","species_equal",0.51,0.41,0.61,,,"",TRUE,4,4
"Pterapogon_kauderni","binary","M2","species_equal",0.51,0.41,0.61,,,"",TRUE,4,3
"Sphaeramia_orbicularis","binary","M2","species_equal",0.51,0.41,0.61,,,"",TRUE,4,2
"Oxyeleotris_marmorata","binary","M2","species_equal",0.51,0.41,0.61,,,"fixture_warning",TRUE,4,1
"Dallia_pectoralis","binary","M3","species_equal",0.58,0.48,0.68,,,"",TRUE,4,42
"Esox_lucius","binary","M3","species_equal",0.58,0.48,0.68,,,"",TRUE,4,41
"Umbra_pygmaea","binary","M3","species_equal",0.58,0.48,0.68,,,"",TRUE,4,40
"Hypomesus_nipponensis","binary","M3","species_equal",0.58,0.48,0.68,,,"",TRUE,4,39
"Hypomesus_transpacificus","binary","M3","species_equal",0.58,0.48,0.68,,,"",TRUE,4,38
"Osmerus_eperlanus","binary","M3","species_equal",0.58,0.48,0.68,,,"",TRUE,4,37
"Osmerus_mordax","binary","M3","species_equal",0.58,0.48,0.68,,,"fixture_warning",TRUE,4,36
"Benthosema_glaciale","binary","M3","species_equal",0.58,0.48,0.68,,,"",TRUE,4,35
"Electrona_antarctica","binary","M3","species_equal",0.58,0.48,0.68,,,"",TRUE,4,34
"Gymnoscopelus_braueri","binary","M3","species_equal",0.58,0.48,0.68,,,"",TRUE,4,33
"Gymnoscopelus_microlampas","binary","M3","species_equal",0.58,0.48,0.68,,,"",TRUE,4,32
"Nannobrachium_achirus","binary","M3","species_equal",0.58,0.48,0.68,,,"",TRUE,4,31
"Protomyctophum_bolini","binary","M3","species_equal",0.58,0.48,0.68,,,"",TRUE,4,30
"Protomyctophum_parallelum","binary","M3","species_equal",0.58,0.48,0.68,,,"fixture_warning",TRUE,4,29
"Polymixia_hollisterae","binary","M3","species_equal",0.58,0.48,0.68,,,"",TRUE,4,28
"Polymixia_lowei","binary","M3","species_equal",0.58,0.48,0.68,,,"",TRUE,4,27
"Centroberyx_affinis","binary","M3","species_equal",0.58,0.48,0.68,,,"",TRUE,4,26
"Centroberyx_gerrardi","binary","M3","species_equal",0.58,0.48,0.68,,,"",TRUE,4,25
"Poromitra_crassiceps","binary","M3","species_equal",0.58,0.48,0.68,,,"",TRUE,4,24
"Myripristis_murdjan","binary","M3","species_equal",0.58,0.48,0.68,,,"",TRUE,4,23
"Lucifuga_dentata","binary","M3","species_equal",0.58,0.48,0.68,,,"fixture_warning",TRUE,4,22
"Genypterus_blacodes","binary","M3","species_equal",0.58,0.48,0.68,,,"",TRUE,4,21
"Arripis_georgiana","binary","M3","species_equal",0.58,0.48,0.68,,,"",TRUE,4,20
"Katsuwonus_pelamis","binary","M3","species_equal",0.58,0.48,0.68,,,"",TRUE,4,19
"Sarda_sarda","binary","M3","species_equal",0.58,0.48,0.68,,,"",TRUE,4,18
"Scomber_japonicus","binary","M3","species_equal",0.58,0.48,0.68,,,"",TRUE,4,17
"Scomber_scombrus","binary","M3","species_equal",0.58,0.48,0.68,,,"",TRUE,4,16
"Thunnus_alalunga","binary","M3","species_equal",0.58,0.48,0.68,,,"fixture_warning",TRUE,4,15
"Thunnus_albacares","binary","M3","species_equal",0.58,0.48,0.68,,,"",TRUE,4,14
"Thunnus_atlanticus","binary","M3","species_equal",0.58,0.48,0.68,,,"",TRUE,4,13
"Thunnus_maccoyii","binary","M3","species_equal",0.58,0.48,0.68,,,"",TRUE,4,12
"Thunnus_obesus","binary","M3","species_equal",0.58,0.48,0.68,,,"",TRUE,4,11
"Thunnus_orientalis","binary","M3","species_equal",0.58,0.48,0.68,,,"",TRUE,4,10
"Thunnus_thynnus","binary","M3","species_equal",0.58,0.48,0.68,,,"",TRUE,4,9
"Thunnus_tonggol","binary","M3","species_equal",0.58,0.48,0.68,,,"fixture_warning",TRUE,4,8
"Pampus_argenteus","binary","M3","species_equal",0.58,0.48,0.68,,,"",TRUE,4,7
"Pampus_punctatissimus","binary","M3","species_equal",0.58,0.48,0.68,,,"",TRUE,4,6
"Aulostomus_chinensis","binary","M3","species_equal",0.58,0.48,0.68,,,"",TRUE,4,5
"Fistularia_commersonii","binary","M3","species_equal",0.58,0.48,0.68,,,"",TRUE,4,4
"Pterapogon_kauderni","binary","M3","species_equal",0.58,0.48,0.68,,,"",TRUE,4,3
"Sphaeramia_orbicularis","binary","M3","species_equal",0.58,0.48,0.68,,,"",TRUE,4,2
"Oxyeleotris_marmorata","binary","M3","species_equal",0.58,0.48,0.68,,,"fixture_warning",TRUE,4,1
"Boleophthalmus_pectinirostris","binary","Null","species_equal",0.37,0.27,0.47,,,"",TRUE,5,42
"Eucyclogobius_newberryi","binary","Null","species_equal",0.37,0.27,0.47,,,"",TRUE,5,41
"Gobius_niger","binary","Null","species_equal",0.37,0.27,0.47,,,"",TRUE,5,40
"Knipowitschia_caucasica","binary","Null","species_equal",0.37,0.27,0.47,,,"",TRUE,5,39
"Mugilogobius_chulae","binary","Null","species_equal",0.37,0.27,0.47,,,"",TRUE,5,38
"Periophthalmus_magnuspinnatus","binary","Null","species_equal",0.37,0.27,0.47,,,"",TRUE,5,37
"Mastacembelus_armatus","binary","Null","species_equal",0.37,0.27,0.47,,,"fixture_warning",TRUE,5,36
"Monopterus_albus","binary","Null","species_equal",0.37,0.27,0.47,,,"",TRUE,5,35
"Anabas_testudineus","binary","Null","species_equal",0.37,0.27,0.47,,,"",TRUE,5,34
"Channa_argus","binary","Null","species_equal",0.37,0.27,0.47,,,"",TRUE,5,33
"Channa_striata","binary","Null","species_equal",0.37,0.27,0.47,,,"",TRUE,5,32
"Betta_splendens","binary","Null","species_equal",0.37,0.27,0.47,,,"",TRUE,5,31
"Trichopodus_trichopterus","binary","Null","species_equal",0.37,0.27,0.47,,,"",TRUE,5,30
"Lates_calcarifer","binary","Null","species_equal",0.37,0.27,0.47,,,"fixture_warning",TRUE,5,29
"Lates_japonicus","binary","Null","species_equal",0.37,0.27,0.47,,,"",TRUE,5,28
"Eleutheronema_tetradactylum","binary","Null","species_equal",0.37,0.27,0.47,,,"",TRUE,5,27
"Toxotes_jaculatrix","binary","Null","species_equal",0.37,0.27,0.47,,,"",TRUE,5,26
"Xiphias_gladius","binary","Null","species_equal",0.37,0.27,0.47,,,"",TRUE,5,25
"Caranx_melampygus","binary","Null","species_equal",0.37,0.27,0.47,,,"",TRUE,5,24
"Seriola_dumerili","binary","Null","species_equal",0.37,0.27,0.47,,,"",TRUE,5,23
"Seriola_lalandi","binary","Null","species_equal",0.37,0.27,0.47,,,"fixture_warning",TRUE,5,22
"Trachinotus_anak","binary","Null","species_equal",0.37,0.27,0.47,,,"",TRUE,5,21
"Trachurus_japonicus","binary","Null","species_equal",0.37,0.27,0.47,,,"",TRUE,5,20
"Trachurus_trachurus","binary","Null","species_equal",0.37,0.27,0.47,,,"",TRUE,5,19
"Echeneis_naucrates","binary","Null","species_equal",0.37,0.27,0.47,,,"",TRUE,5,18
"Paralichthys_olivaceus","binary","Null","species_equal",0.37,0.27,0.47,,,"",TRUE,5,17
"Hippoglossus_hippoglossus","binary","Null","species_equal",0.37,0.27,0.47,,,"",TRUE,5,16
"Hippoglossus_stenolepis","binary","Null","species_equal",0.37,0.27,0.47,,,"fixture_warning",TRUE,5,15
"Limanda_limanda","binary","Null","species_equal",0.37,0.27,0.47,,,"",TRUE,5,14
"Platichthys_flesus","binary","Null","species_equal",0.37,0.27,0.47,,,"",TRUE,5,13
"Platichthys_stellatus","binary","Null","species_equal",0.37,0.27,0.47,,,"",TRUE,5,12
"Pleuronectes_platessa","binary","Null","species_equal",0.37,0.27,0.47,,,"",TRUE,5,11
"Scophthalmus_maximus","binary","Null","species_equal",0.37,0.27,0.47,,,"",TRUE,5,10
"Microchirus_variegatus","binary","Null","species_equal",0.37,0.27,0.47,,,"",TRUE,5,9
"Solea_senegalensis","binary","Null","species_equal",0.37,0.27,0.47,,,"fixture_warning",TRUE,5,8
"Solea_solea","binary","Null","species_equal",0.37,0.27,0.47,,,"",TRUE,5,7
"Parambassis_ranga","binary","Null","species_equal",0.37,0.27,0.47,,,"",TRUE,5,6
"Brachyistius_frenatus","binary","Null","species_equal",0.37,0.27,0.47,,,"",TRUE,5,5
"Embiotoca_jacksoni","binary","Null","species_equal",0.37,0.27,0.47,,,"",TRUE,5,4
"Acanthochromis_polyacanthus","binary","Null","species_equal",0.37,0.27,0.47,,,"",TRUE,5,3
"Amphiprion_ocellaris","binary","Null","species_equal",0.37,0.27,0.47,,,"",TRUE,5,2
"Stegastes_partitus","binary","Null","species_equal",0.37,0.27,0.47,,,"fixture_warning",TRUE,5,1
"Boleophthalmus_pectinirostris","binary","M1","species_equal",0.44,0.34,0.54,,,"",TRUE,5,42
"Eucyclogobius_newberryi","binary","M1","species_equal",0.44,0.34,0.54,,,"",TRUE,5,41
"Gobius_niger","binary","M1","species_equal",0.44,0.34,0.54,,,"",TRUE,5,40
"Knipowitschia_caucasica","binary","M1","species_equal",0.44,0.34,0.54,,,"",TRUE,5,39
"Mugilogobius_chulae","binary","M1","species_equal",0.44,0.34,0.54,,,"",TRUE,5,38
"Periophthalmus_magnuspinnatus","binary","M1","species_equal",0.44,0.34,0.54,,,"",TRUE,5,37
"Mastacembelus_armatus","binary","M1","species_equal",0.44,0.34,0.54,,,"fixture_warning",TRUE,5,36
"Monopterus_albus","binary","M1","species_equal",0.44,0.34,0.54,,,"",TRUE,5,35
"Anabas_testudineus","binary","M1","species_equal",0.44,0.34,0.54,,,"",TRUE,5,34
"Channa_argus","binary","M1","species_equal",0.44,0.34,0.54,,,"",TRUE,5,33
"Channa_striata","binary","M1","species_equal",0.44,0.34,0.54,,,"",TRUE,5,32
"Betta_splendens","binary","M1","species_equal",0.44,0.34,0.54,,,"",TRUE,5,31
"Trichopodus_trichopterus","binary","M1","species_equal",0.44,0.34,0.54,,,"",TRUE,5,30
"Lates_calcarifer","binary","M1","species_equal",0.44,0.34,0.54,,,"fixture_warning",TRUE,5,29
"Lates_japonicus","binary","M1","species_equal",0.44,0.34,0.54,,,"",TRUE,5,28
"Eleutheronema_tetradactylum","binary","M1","species_equal",0.44,0.34,0.54,,,"",TRUE,5,27
"Toxotes_jaculatrix","binary","M1","species_equal",0.44,0.34,0.54,,,"",TRUE,5,26
"Xiphias_gladius","binary","M1","species_equal",0.44,0.34,0.54,,,"",TRUE,5,25
"Caranx_melampygus","binary","M1","species_equal",0.44,0.34,0.54,,,"",TRUE,5,24
"Seriola_dumerili","binary","M1","species_equal",0.44,0.34,0.54,,,"",TRUE,5,23
"Seriola_lalandi","binary","M1","species_equal",0.44,0.34,0.54,,,"fixture_warning",TRUE,5,22
"Trachinotus_anak","binary","M1","species_equal",0.44,0.34,0.54,,,"",TRUE,5,21
"Trachurus_japonicus","binary","M1","species_equal",0.44,0.34,0.54,,,"",TRUE,5,20
"Trachurus_trachurus","binary","M1","species_equal",0.44,0.34,0.54,,,"",TRUE,5,19
"Echeneis_naucrates","binary","M1","species_equal",0.44,0.34,0.54,,,"",TRUE,5,18
"Paralichthys_olivaceus","binary","M1","species_equal",0.44,0.34,0.54,,,"",TRUE,5,17
"Hippoglossus_hippoglossus","binary","M1","species_equal",0.44,0.34,0.54,,,"",TRUE,5,16
"Hippoglossus_stenolepis","binary","M1","species_equal",0.44,0.34,0.54,,,"fixture_warning",TRUE,5,15
"Limanda_limanda","binary","M1","species_equal",0.44,0.34,0.54,,,"",TRUE,5,14
"Platichthys_flesus","binary","M1","species_equal",0.44,0.34,0.54,,,"",TRUE,5,13
"Platichthys_stellatus","binary","M1","species_equal",0.44,0.34,0.54,,,"",TRUE,5,12
"Pleuronectes_platessa","binary","M1","species_equal",0.44,0.34,0.54,,,"",TRUE,5,11
"Scophthalmus_maximus","binary","M1","species_equal",0.44,0.34,0.54,,,"",TRUE,5,10
"Microchirus_variegatus","binary","M1","species_equal",0.44,0.34,0.54,,,"",TRUE,5,9
"Solea_senegalensis","binary","M1","species_equal",0.44,0.34,0.54,,,"fixture_warning",TRUE,5,8
"Solea_solea","binary","M1","species_equal",0.44,0.34,0.54,,,"",TRUE,5,7
"Parambassis_ranga","binary","M1","species_equal",0.44,0.34,0.54,,,"",TRUE,5,6
"Brachyistius_frenatus","binary","M1","species_equal",0.44,0.34,0.54,,,"",TRUE,5,5
"Embiotoca_jacksoni","binary","M1","species_equal",0.44,0.34,0.54,,,"",TRUE,5,4
"Acanthochromis_polyacanthus","binary","M1","species_equal",0.44,0.34,0.54,,,"",TRUE,5,3
"Amphiprion_ocellaris","binary","M1","species_equal",0.44,0.34,0.54,,,"",TRUE,5,2
"Stegastes_partitus","binary","M1","species_equal",0.44,0.34,0.54,,,"fixture_warning",TRUE,5,1
"Boleophthalmus_pectinirostris","binary","M2","species_equal",0.51,0.41,0.61,,,"",TRUE,5,42
"Eucyclogobius_newberryi","binary","M2","species_equal",0.51,0.41,0.61,,,"",TRUE,5,41
"Gobius_niger","binary","M2","species_equal",0.51,0.41,0.61,,,"",TRUE,5,40
"Knipowitschia_caucasica","binary","M2","species_equal",0.51,0.41,0.61,,,"",TRUE,5,39
"Mugilogobius_chulae","binary","M2","species_equal",0.51,0.41,0.61,,,"",TRUE,5,38
"Periophthalmus_magnuspinnatus","binary","M2","species_equal",0.51,0.41,0.61,,,"",TRUE,5,37
"Mastacembelus_armatus","binary","M2","species_equal",0.51,0.41,0.61,,,"fixture_warning",TRUE,5,36
"Monopterus_albus","binary","M2","species_equal",0.51,0.41,0.61,,,"",TRUE,5,35
"Anabas_testudineus","binary","M2","species_equal",0.51,0.41,0.61,,,"",TRUE,5,34
"Channa_argus","binary","M2","species_equal",0.51,0.41,0.61,,,"",TRUE,5,33
"Channa_striata","binary","M2","species_equal",0.51,0.41,0.61,,,"",TRUE,5,32
"Betta_splendens","binary","M2","species_equal",0.51,0.41,0.61,,,"",TRUE,5,31
"Trichopodus_trichopterus","binary","M2","species_equal",0.51,0.41,0.61,,,"",TRUE,5,30
"Lates_calcarifer","binary","M2","species_equal",0.51,0.41,0.61,,,"fixture_warning",TRUE,5,29
"Lates_japonicus","binary","M2","species_equal",0.51,0.41,0.61,,,"",TRUE,5,28
"Eleutheronema_tetradactylum","binary","M2","species_equal",0.51,0.41,0.61,,,"",TRUE,5,27
"Toxotes_jaculatrix","binary","M2","species_equal",0.51,0.41,0.61,,,"",TRUE,5,26
"Xiphias_gladius","binary","M2","species_equal",0.51,0.41,0.61,,,"",TRUE,5,25
"Caranx_melampygus","binary","M2","species_equal",0.51,0.41,0.61,,,"",TRUE,5,24
"Seriola_dumerili","binary","M2","species_equal",0.51,0.41,0.61,,,"",TRUE,5,23
"Seriola_lalandi","binary","M2","species_equal",0.51,0.41,0.61,,,"fixture_warning",TRUE,5,22
"Trachinotus_anak","binary","M2","species_equal",0.51,0.41,0.61,,,"",TRUE,5,21
"Trachurus_japonicus","binary","M2","species_equal",0.51,0.41,0.61,,,"",TRUE,5,20
"Trachurus_trachurus","binary","M2","species_equal",0.51,0.41,0.61,,,"",TRUE,5,19
"Echeneis_naucrates","binary","M2","species_equal",0.51,0.41,0.61,,,"",TRUE,5,18
"Paralichthys_olivaceus","binary","M2","species_equal",0.51,0.41,0.61,,,"",TRUE,5,17
"Hippoglossus_hippoglossus","binary","M2","species_equal",0.51,0.41,0.61,,,"",TRUE,5,16
"Hippoglossus_stenolepis","binary","M2","species_equal",0.51,0.41,0.61,,,"fixture_warning",TRUE,5,15
"Limanda_limanda","binary","M2","species_equal",0.51,0.41,0.61,,,"",TRUE,5,14
"Platichthys_flesus","binary","M2","species_equal",0.51,0.41,0.61,,,"",TRUE,5,13
"Platichthys_stellatus","binary","M2","species_equal",0.51,0.41,0.61,,,"",TRUE,5,12
"Pleuronectes_platessa","binary","M2","species_equal",0.51,0.41,0.61,,,"",TRUE,5,11
"Scophthalmus_maximus","binary","M2","species_equal",0.51,0.41,0.61,,,"",TRUE,5,10
"Microchirus_variegatus","binary","M2","species_equal",0.51,0.41,0.61,,,"",TRUE,5,9
"Solea_senegalensis","binary","M2","species_equal",0.51,0.41,0.61,,,"fixture_warning",TRUE,5,8
"Solea_solea","binary","M2","species_equal",0.51,0.41,0.61,,,"",TRUE,5,7
"Parambassis_ranga","binary","M2","species_equal",0.51,0.41,0.61,,,"",TRUE,5,6
"Brachyistius_frenatus","binary","M2","species_equal",0.51,0.41,0.61,,,"",TRUE,5,5
"Embiotoca_jacksoni","binary","M2","species_equal",0.51,0.41,0.61,,,"",TRUE,5,4
"Acanthochromis_polyacanthus","binary","M2","species_equal",0.51,0.41,0.61,,,"",TRUE,5,3
"Amphiprion_ocellaris","binary","M2","species_equal",0.51,0.41,0.61,,,"",TRUE,5,2
"Stegastes_partitus","binary","M2","species_equal",0.51,0.41,0.61,,,"fixture_warning",TRUE,5,1
"Boleophthalmus_pectinirostris","binary","M3","species_equal",0.58,0.48,0.68,,,"",TRUE,5,42
"Eucyclogobius_newberryi","binary","M3","species_equal",0.58,0.48,0.68,,,"",TRUE,5,41
"Gobius_niger","binary","M3","species_equal",0.58,0.48,0.68,,,"",TRUE,5,40
"Knipowitschia_caucasica","binary","M3","species_equal",0.58,0.48,0.68,,,"",TRUE,5,39
"Mugilogobius_chulae","binary","M3","species_equal",0.58,0.48,0.68,,,"",TRUE,5,38
"Periophthalmus_magnuspinnatus","binary","M3","species_equal",0.58,0.48,0.68,,,"",TRUE,5,37
"Mastacembelus_armatus","binary","M3","species_equal",0.58,0.48,0.68,,,"fixture_warning",TRUE,5,36
"Monopterus_albus","binary","M3","species_equal",0.58,0.48,0.68,,,"",TRUE,5,35
"Anabas_testudineus","binary","M3","species_equal",0.58,0.48,0.68,,,"",TRUE,5,34
"Channa_argus","binary","M3","species_equal",0.58,0.48,0.68,,,"",TRUE,5,33
"Channa_striata","binary","M3","species_equal",0.58,0.48,0.68,,,"",TRUE,5,32
"Betta_splendens","binary","M3","species_equal",0.58,0.48,0.68,,,"",TRUE,5,31
"Trichopodus_trichopterus","binary","M3","species_equal",0.58,0.48,0.68,,,"",TRUE,5,30
"Lates_calcarifer","binary","M3","species_equal",0.58,0.48,0.68,,,"fixture_warning",TRUE,5,29
"Lates_japonicus","binary","M3","species_equal",0.58,0.48,0.68,,,"",TRUE,5,28
"Eleutheronema_tetradactylum","binary","M3","species_equal",0.58,0.48,0.68,,,"",TRUE,5,27
"Toxotes_jaculatrix","binary","M3","species_equal",0.58,0.48,0.68,,,"",TRUE,5,26
"Xiphias_gladius","binary","M3","species_equal",0.58,0.48,0.68,,,"",TRUE,5,25
"Caranx_melampygus","binary","M3","species_equal",0.58,0.48,0.68,,,"",TRUE,5,24
"Seriola_dumerili","binary","M3","species_equal",0.58,0.48,0.68,,,"",TRUE,5,23
"Seriola_lalandi","binary","M3","species_equal",0.58,0.48,0.68,,,"fixture_warning",TRUE,5,22
"Trachinotus_anak","binary","M3","species_equal",0.58,0.48,0.68,,,"",TRUE,5,21
"Trachurus_japonicus","binary","M3","species_equal",0.58,0.48,0.68,,,"",TRUE,5,20
"Trachurus_trachurus","binary","M3","species_equal",0.58,0.48,0.68,,,"",TRUE,5,19
"Echeneis_naucrates","binary","M3","species_equal",0.58,0.48,0.68,,,"",TRUE,5,18
"Paralichthys_olivaceus","binary","M3","species_equal",0.58,0.48,0.68,,,"",TRUE,5,17
"Hippoglossus_hippoglossus","binary","M3","species_equal",0.58,0.48,0.68,,,"",TRUE,5,16
"Hippoglossus_stenolepis","binary","M3","species_equal",0.58,0.48,0.68,,,"fixture_warning",TRUE,5,15
"Limanda_limanda","binary","M3","species_equal",0.58,0.48,0.68,,,"",TRUE,5,14
"Platichthys_flesus","binary","M3","species_equal",0.58,0.48,0.68,,,"",TRUE,5,13
"Platichthys_stellatus","binary","M3","species_equal",0.58,0.48,0.68,,,"",TRUE,5,12
"Pleuronectes_platessa","binary","M3","species_equal",0.58,0.48,0.68,,,"",TRUE,5,11
"Scophthalmus_maximus","binary","M3","species_equal",0.58,0.48,0.68,,,"",TRUE,5,10
"Microchirus_variegatus","binary","M3","species_equal",0.58,0.48,0.68,,,"",TRUE,5,9
"Solea_senegalensis","binary","M3","species_equal",0.58,0.48,0.68,,,"fixture_warning",TRUE,5,8
"Solea_solea","binary","M3","species_equal",0.58,0.48,0.68,,,"",TRUE,5,7
"Parambassis_ranga","binary","M3","species_equal",0.58,0.48,0.68,,,"",TRUE,5,6
"Brachyistius_frenatus","binary","M3","species_equal",0.58,0.48,0.68,,,"",TRUE,5,5
"Embiotoca_jacksoni","binary","M3","species_equal",0.58,0.48,0.68,,,"",TRUE,5,4
"Acanthochromis_polyacanthus","binary","M3","species_equal",0.58,0.48,0.68,,,"",TRUE,5,3
"Amphiprion_ocellaris","binary","M3","species_equal",0.58,0.48,0.68,,,"",TRUE,5,2
"Stegastes_partitus","binary","M3","species_equal",0.58,0.48,0.68,,,"fixture_warning",TRUE,5,1
"Andinoacara_rivulatus","binary","Null","species_equal",0.37,0.27,0.47,,,"",TRUE,6,42
"Archocentrus_centrarchus","binary","Null","species_equal",0.37,0.27,0.47,,,"",TRUE,6,41
"Astatotilapia_burtoni","binary","Null","species_equal",0.37,0.27,0.47,,,"",TRUE,6,40
"Astatotilapia_calliptera","binary","Null","species_equal",0.37,0.27,0.47,,,"",TRUE,6,39
"Astronotus_ocellatus","binary","Null","species_equal",0.37,0.27,0.47,,,"",TRUE,6,38
"Aulonocara_stuartgranti","binary","Null","species_equal",0.37,0.27,0.47,,,"",TRUE,6,37
"Copadichromis_virginalis","binary","Null","species_equal",0.37,0.27,0.47,,,"fixture_warning",TRUE,6,36
"Diplotaxodon_limnothrissa","binary","Null","species_equal",0.37,0.27,0.47,,,"",TRUE,6,35
"Haplochromis_nyererei","binary","Null","species_equal",0.37,0.27,0.47,,,"",TRUE,6,34
"Maylandia_zebra","binary","Null","species_equal",0.37,0.27,0.47,,,"",TRUE,6,33
"Mchenga_conophoros","binary","Null","species_equal",0.37,0.27,0.47,,,"",TRUE,6,32
"Neolamprologus_brichardi","binary","Null","species_equal",0.37,0.27,0.47,,,"",TRUE,6,31
"Neolamprologus_multifasciatus","binary","Null","species_equal",0.37,0.27,0.47,,,"",TRUE,6,30
"Oreochromis_aureus","binary","Null","species_equal",0.37,0.27,0.47,,,"fixture_warning",TRUE,6,29
"Oreochromis_niloticus","binary","Null","species_equal",0.37,0.27,0.47,,,"",TRUE,6,28
"Pelmatolapia_mariae","binary","Null","species_equal",0.37,0.27,0.47,,,"",TRUE,6,27
"Perissodus_microlepis","binary","Null","species_equal",0.37,0.27,0.47,,,"",TRUE,6,26
"Pterophyllum_scalare","binary","Null","species_equal",0.37,0.27,0.47,,,"",TRUE,6,25
"Rhamphochromis_longiceps","binary","Null","species_equal",0.37,0.27,0.47,,,"",TRUE,6,24
"Sarotherodon_galilaeus","binary","Null","species_equal",0.37,0.27,0.47,,,"",TRUE,6,23
"Simochromis_diagramma","binary","Null","species_equal",0.37,0.27,0.47,,,"fixture_warning",TRUE,6,22
"Leuresthes_tenuis","binary","Null","species_equal",0.37,0.27,0.47,,,"",TRUE,6,21
"Menidia_menidia","binary","Null","species_equal",0.37,0.27,0.47,,,"",TRUE,6,20
"Odontesthes_bonariensis","binary","Null","species_equal",0.37,0.27,0.47,,,"",TRUE,6,19
"Melanotaenia_boesemani","binary","Null","species_equal",0.37,0.27,0.47,,,"",TRUE,6,18
"Telmatherina_bonti","binary","Null","species_equal",0.37,0.27,0.47,,,"",TRUE,6,17
"Oryzias_javanicus","binary","Null","species_equal",0.37,0.27,0.47,,,"",TRUE,6,16
"Oryzias_latipes","binary","Null","species_equal",0.37,0.27,0.47,,,"fixture_warning",TRUE,6,15
"Oryzias_melastigma","binary","Null","species_equal",0.37,0.27,0.47,,,"",TRUE,6,14
"Xenentodon_cancila","binary","Null","species_equal",0.37,0.27,0.47,,,"",TRUE,6,13
"Cololabis_saira","binary","Null","species_equal",0.37,0.27,0.47,,,"",TRUE,6,12
"Anableps_anableps","binary","Null","species_equal",0.37,0.27,0.47,,,"",TRUE,6,11
"Cyprinodon_tularosa","binary","Null","species_equal",0.37,0.27,0.47,,,"",TRUE,6,10
"Cyprinodon_variegatus","binary","Null","species_equal",0.37,0.27,0.47,,,"",TRUE,6,9
"Fundulus_diaphanus","binary","Null","species_equal",0.37,0.27,0.47,,,"fixture_warning",TRUE,6,8
"Fundulus_heteroclitus","binary","Null","species_equal",0.37,0.27,0.47,,,"",TRUE,6,7
"Ameca_splendens","binary","Null","species_equal",0.37,0.27,0.47,,,"",TRUE,6,6
"Crenichthys_baileyi","binary","Null","species_equal",0.37,0.27,0.47,,,"",TRUE,6,5
"Girardinichthys_multiradiatus","binary","Null","species_equal",0.37,0.27,0.47,,,"",TRUE,6,4
"Nothobranchius_furzeri","binary","Null","species_equal",0.37,0.27,0.47,,,"",TRUE,6,3
"Nothobranchius_kadleci","binary","Null","species_equal",0.37,0.27,0.47,,,"",TRUE,6,2
"Nothobranchius_pienaari","binary","Null","species_equal",0.37,0.27,0.47,,,"fixture_warning",TRUE,6,1
"Andinoacara_rivulatus","binary","M1","species_equal",0.44,0.34,0.54,,,"",TRUE,6,42
"Archocentrus_centrarchus","binary","M1","species_equal",0.44,0.34,0.54,,,"",TRUE,6,41
"Astatotilapia_burtoni","binary","M1","species_equal",0.44,0.34,0.54,,,"",TRUE,6,40
"Astatotilapia_calliptera","binary","M1","species_equal",0.44,0.34,0.54,,,"",TRUE,6,39
"Astronotus_ocellatus","binary","M1","species_equal",0.44,0.34,0.54,,,"",TRUE,6,38
"Aulonocara_stuartgranti","binary","M1","species_equal",0.44,0.34,0.54,,,"",TRUE,6,37
"Copadichromis_virginalis","binary","M1","species_equal",0.44,0.34,0.54,,,"fixture_warning",TRUE,6,36
"Diplotaxodon_limnothrissa","binary","M1","species_equal",0.44,0.34,0.54,,,"",TRUE,6,35
"Haplochromis_nyererei","binary","M1","species_equal",0.44,0.34,0.54,,,"",TRUE,6,34
"Maylandia_zebra","binary","M1","species_equal",0.44,0.34,0.54,,,"",TRUE,6,33
"Mchenga_conophoros","binary","M1","species_equal",0.44,0.34,0.54,,,"",TRUE,6,32
"Neolamprologus_brichardi","binary","M1","species_equal",0.44,0.34,0.54,,,"",TRUE,6,31
"Neolamprologus_multifasciatus","binary","M1","species_equal",0.44,0.34,0.54,,,"",TRUE,6,30
"Oreochromis_aureus","binary","M1","species_equal",0.44,0.34,0.54,,,"fixture_warning",TRUE,6,29
"Oreochromis_niloticus","binary","M1","species_equal",0.44,0.34,0.54,,,"",TRUE,6,28
"Pelmatolapia_mariae","binary","M1","species_equal",0.44,0.34,0.54,,,"",TRUE,6,27
"Perissodus_microlepis","binary","M1","species_equal",0.44,0.34,0.54,,,"",TRUE,6,26
"Pterophyllum_scalare","binary","M1","species_equal",0.44,0.34,0.54,,,"",TRUE,6,25
"Rhamphochromis_longiceps","binary","M1","species_equal",0.44,0.34,0.54,,,"",TRUE,6,24
"Sarotherodon_galilaeus","binary","M1","species_equal",0.44,0.34,0.54,,,"",TRUE,6,23
"Simochromis_diagramma","binary","M1","species_equal",0.44,0.34,0.54,,,"fixture_warning",TRUE,6,22
"Leuresthes_tenuis","binary","M1","species_equal",0.44,0.34,0.54,,,"",TRUE,6,21
"Menidia_menidia","binary","M1","species_equal",0.44,0.34,0.54,,,"",TRUE,6,20
"Odontesthes_bonariensis","binary","M1","species_equal",0.44,0.34,0.54,,,"",TRUE,6,19
"Melanotaenia_boesemani","binary","M1","species_equal",0.44,0.34,0.54,,,"",TRUE,6,18
"Telmatherina_bonti","binary","M1","species_equal",0.44,0.34,0.54,,,"",TRUE,6,17
"Oryzias_javanicus","binary","M1","species_equal",0.44,0.34,0.54,,,"",TRUE,6,16
"Oryzias_latipes","binary","M1","species_equal",0.44,0.34,0.54,,,"fixture_warning",TRUE,6,15
"Oryzias_melastigma","binary","M1","species_equal",0.44,0.34,0.54,,,"",TRUE,6,14
"Xenentodon_cancila","binary","M1","species_equal",0.44,0.34,0.54,,,"",TRUE,6,13
"Cololabis_saira","binary","M1","species_equal",0.44,0.34,0.54,,,"",TRUE,6,12
"Anableps_anableps","binary","M1","species_equal",0.44,0.34,0.54,,,"",TRUE,6,11
"Cyprinodon_tularosa","binary","M1","species_equal",0.44,0.34,0.54,,,"",TRUE,6,10
"Cyprinodon_variegatus","binary","M1","species_equal",0.44,0.34,0.54,,,"",TRUE,6,9
"Fundulus_diaphanus","binary","M1","species_equal",0.44,0.34,0.54,,,"fixture_warning",TRUE,6,8
"Fundulus_heteroclitus","binary","M1","species_equal",0.44,0.34,0.54,,,"",TRUE,6,7
"Ameca_splendens","binary","M1","species_equal",0.44,0.34,0.54,,,"",TRUE,6,6
"Crenichthys_baileyi","binary","M1","species_equal",0.44,0.34,0.54,,,"",TRUE,6,5
"Girardinichthys_multiradiatus","binary","M1","species_equal",0.44,0.34,0.54,,,"",TRUE,6,4
"Nothobranchius_furzeri","binary","M1","species_equal",0.44,0.34,0.54,,,"",TRUE,6,3
"Nothobranchius_kadleci","binary","M1","species_equal",0.44,0.34,0.54,,,"",TRUE,6,2
"Nothobranchius_pienaari","binary","M1","species_equal",0.44,0.34,0.54,,,"fixture_warning",TRUE,6,1
"Andinoacara_rivulatus","binary","M2","species_equal",0.51,0.41,0.61,,,"",TRUE,6,42
"Archocentrus_centrarchus","binary","M2","species_equal",0.51,0.41,0.61,,,"",TRUE,6,41
"Astatotilapia_burtoni","binary","M2","species_equal",0.51,0.41,0.61,,,"",TRUE,6,40
"Astatotilapia_calliptera","binary","M2","species_equal",0.51,0.41,0.61,,,"",TRUE,6,39
"Astronotus_ocellatus","binary","M2","species_equal",0.51,0.41,0.61,,,"",TRUE,6,38
"Aulonocara_stuartgranti","binary","M2","species_equal",0.51,0.41,0.61,,,"",TRUE,6,37
"Copadichromis_virginalis","binary","M2","species_equal",0.51,0.41,0.61,,,"fixture_warning",TRUE,6,36
"Diplotaxodon_limnothrissa","binary","M2","species_equal",0.51,0.41,0.61,,,"",TRUE,6,35
"Haplochromis_nyererei","binary","M2","species_equal",0.51,0.41,0.61,,,"",TRUE,6,34
"Maylandia_zebra","binary","M2","species_equal",0.51,0.41,0.61,,,"",TRUE,6,33
"Mchenga_conophoros","binary","M2","species_equal",0.51,0.41,0.61,,,"",TRUE,6,32
"Neolamprologus_brichardi","binary","M2","species_equal",0.51,0.41,0.61,,,"",TRUE,6,31
"Neolamprologus_multifasciatus","binary","M2","species_equal",0.51,0.41,0.61,,,"",TRUE,6,30
"Oreochromis_aureus","binary","M2","species_equal",0.51,0.41,0.61,,,"fixture_warning",TRUE,6,29
"Oreochromis_niloticus","binary","M2","species_equal",0.51,0.41,0.61,,,"",TRUE,6,28
"Pelmatolapia_mariae","binary","M2","species_equal",0.51,0.41,0.61,,,"",TRUE,6,27
"Perissodus_microlepis","binary","M2","species_equal",0.51,0.41,0.61,,,"",TRUE,6,26
"Pterophyllum_scalare","binary","M2","species_equal",0.51,0.41,0.61,,,"",TRUE,6,25
"Rhamphochromis_longiceps","binary","M2","species_equal",0.51,0.41,0.61,,,"",TRUE,6,24
"Sarotherodon_galilaeus","binary","M2","species_equal",0.51,0.41,0.61,,,"",TRUE,6,23
"Simochromis_diagramma","binary","M2","species_equal",0.51,0.41,0.61,,,"fixture_warning",TRUE,6,22
"Leuresthes_tenuis","binary","M2","species_equal",0.51,0.41,0.61,,,"",TRUE,6,21
"Menidia_menidia","binary","M2","species_equal",0.51,0.41,0.61,,,"",TRUE,6,20
"Odontesthes_bonariensis","binary","M2","species_equal",0.51,0.41,0.61,,,"",TRUE,6,19
"Melanotaenia_boesemani","binary","M2","species_equal",0.51,0.41,0.61,,,"",TRUE,6,18
"Telmatherina_bonti","binary","M2","species_equal",0.51,0.41,0.61,,,"",TRUE,6,17
"Oryzias_javanicus","binary","M2","species_equal",0.51,0.41,0.61,,,"",TRUE,6,16
"Oryzias_latipes","binary","M2","species_equal",0.51,0.41,0.61,,,"fixture_warning",TRUE,6,15
"Oryzias_melastigma","binary","M2","species_equal",0.51,0.41,0.61,,,"",TRUE,6,14
"Xenentodon_cancila","binary","M2","species_equal",0.51,0.41,0.61,,,"",TRUE,6,13
"Cololabis_saira","binary","M2","species_equal",0.51,0.41,0.61,,,"",TRUE,6,12
"Anableps_anableps","binary","M2","species_equal",0.51,0.41,0.61,,,"",TRUE,6,11
"Cyprinodon_tularosa","binary","M2","species_equal",0.51,0.41,0.61,,,"",TRUE,6,10
"Cyprinodon_variegatus","binary","M2","species_equal",0.51,0.41,0.61,,,"",TRUE,6,9
"Fundulus_diaphanus","binary","M2","species_equal",0.51,0.41,0.61,,,"fixture_warning",TRUE,6,8
"Fundulus_heteroclitus","binary","M2","species_equal",0.51,0.41,0.61,,,"",TRUE,6,7
"Ameca_splendens","binary","M2","species_equal",0.51,0.41,0.61,,,"",TRUE,6,6
"Crenichthys_baileyi","binary","M2","species_equal",0.51,0.41,0.61,,,"",TRUE,6,5
"Girardinichthys_multiradiatus","binary","M2","species_equal",0.51,0.41,0.61,,,"",TRUE,6,4
"Nothobranchius_furzeri","binary","M2","species_equal",0.51,0.41,0.61,,,"",TRUE,6,3
"Nothobranchius_kadleci","binary","M2","species_equal",0.51,0.41,0.61,,,"",TRUE,6,2
"Nothobranchius_pienaari","binary","M2","species_equal",0.51,0.41,0.61,,,"fixture_warning",TRUE,6,1
"Andinoacara_rivulatus","binary","M3","species_equal",0.58,0.48,0.68,,,"",TRUE,6,42
"Archocentrus_centrarchus","binary","M3","species_equal",0.58,0.48,0.68,,,"",TRUE,6,41
"Astatotilapia_burtoni","binary","M3","species_equal",0.58,0.48,0.68,,,"",TRUE,6,40
"Astatotilapia_calliptera","binary","M3","species_equal",0.58,0.48,0.68,,,"",TRUE,6,39
"Astronotus_ocellatus","binary","M3","species_equal",0.58,0.48,0.68,,,"",TRUE,6,38
"Aulonocara_stuartgranti","binary","M3","species_equal",0.58,0.48,0.68,,,"",TRUE,6,37
"Copadichromis_virginalis","binary","M3","species_equal",0.58,0.48,0.68,,,"fixture_warning",TRUE,6,36
"Diplotaxodon_limnothrissa","binary","M3","species_equal",0.58,0.48,0.68,,,"",TRUE,6,35
"Haplochromis_nyererei","binary","M3","species_equal",0.58,0.48,0.68,,,"",TRUE,6,34
"Maylandia_zebra","binary","M3","species_equal",0.58,0.48,0.68,,,"",TRUE,6,33
"Mchenga_conophoros","binary","M3","species_equal",0.58,0.48,0.68,,,"",TRUE,6,32
"Neolamprologus_brichardi","binary","M3","species_equal",0.58,0.48,0.68,,,"",TRUE,6,31
"Neolamprologus_multifasciatus","binary","M3","species_equal",0.58,0.48,0.68,,,"",TRUE,6,30
"Oreochromis_aureus","binary","M3","species_equal",0.58,0.48,0.68,,,"fixture_warning",TRUE,6,29
"Oreochromis_niloticus","binary","M3","species_equal",0.58,0.48,0.68,,,"",TRUE,6,28
"Pelmatolapia_mariae","binary","M3","species_equal",0.58,0.48,0.68,,,"",TRUE,6,27
"Perissodus_microlepis","binary","M3","species_equal",0.58,0.48,0.68,,,"",TRUE,6,26
"Pterophyllum_scalare","binary","M3","species_equal",0.58,0.48,0.68,,,"",TRUE,6,25
"Rhamphochromis_longiceps","binary","M3","species_equal",0.58,0.48,0.68,,,"",TRUE,6,24
"Sarotherodon_galilaeus","binary","M3","species_equal",0.58,0.48,0.68,,,"",TRUE,6,23
"Simochromis_diagramma","binary","M3","species_equal",0.58,0.48,0.68,,,"fixture_warning",TRUE,6,22
"Leuresthes_tenuis","binary","M3","species_equal",0.58,0.48,0.68,,,"",TRUE,6,21
"Menidia_menidia","binary","M3","species_equal",0.58,0.48,0.68,,,"",TRUE,6,20
"Odontesthes_bonariensis","binary","M3","species_equal",0.58,0.48,0.68,,,"",TRUE,6,19
"Melanotaenia_boesemani","binary","M3","species_equal",0.58,0.48,0.68,,,"",TRUE,6,18
"Telmatherina_bonti","binary","M3","species_equal",0.58,0.48,0.68,,,"",TRUE,6,17
"Oryzias_javanicus","binary","M3","species_equal",0.58,0.48,0.68,,,"",TRUE,6,16
"Oryzias_latipes","binary","M3","species_equal",0.58,0.48,0.68,,,"fixture_warning",TRUE,6,15
"Oryzias_melastigma","binary","M3","species_equal",0.58,0.48,0.68,,,"",TRUE,6,14
"Xenentodon_cancila","binary","M3","species_equal",0.58,0.48,0.68,,,"",TRUE,6,13
"Cololabis_saira","binary","M3","species_equal",0.58,0.48,0.68,,,"",TRUE,6,12
"Anableps_anableps","binary","M3","species_equal",0.58,0.48,0.68,,,"",TRUE,6,11
"Cyprinodon_tularosa","binary","M3","species_equal",0.58,0.48,0.68,,,"",TRUE,6,10
"Cyprinodon_variegatus","binary","M3","species_equal",0.58,0.48,0.68,,,"",TRUE,6,9
"Fundulus_diaphanus","binary","M3","species_equal",0.58,0.48,0.68,,,"fixture_warning",TRUE,6,8
"Fundulus_heteroclitus","binary","M3","species_equal",0.58,0.48,0.68,,,"",TRUE,6,7
"Ameca_splendens","binary","M3","species_equal",0.58,0.48,0.68,,,"",TRUE,6,6
"Crenichthys_baileyi","binary","M3","species_equal",0.58,0.48,0.68,,,"",TRUE,6,5
"Girardinichthys_multiradiatus","binary","M3","species_equal",0.58,0.48,0.68,,,"",TRUE,6,4
"Nothobranchius_furzeri","binary","M3","species_equal",0.58,0.48,0.68,,,"",TRUE,6,3
"Nothobranchius_kadleci","binary","M3","species_equal",0.58,0.48,0.68,,,"",TRUE,6,2
"Nothobranchius_pienaari","binary","M3","species_equal",0.58,0.48,0.68,,,"fixture_warning",TRUE,6,1
"Nothobranchius_rachovii","binary","Null","species_equal",0.37,0.27,0.47,,,"",TRUE,7,42
"Gambusia_affinis","binary","Null","species_equal",0.37,0.27,0.47,,,"",TRUE,7,41
"Gambusia_holbrooki","binary","Null","species_equal",0.37,0.27,0.47,,,"",TRUE,7,40
"Poecilia_formosa","binary","Null","species_equal",0.37,0.27,0.47,,,"",TRUE,7,39
"Poecilia_latipinna","binary","Null","species_equal",0.37,0.27,0.47,,,"",TRUE,7,38
"Poecilia_mexicana","binary","Null","species_equal",0.37,0.27,0.47,,,"",TRUE,7,37
"Poecilia_reticulata","binary","Null","species_equal",0.37,0.27,0.47,,,"fixture_warning",TRUE,7,36
"Poeciliopsis_prolifica","binary","Null","species_equal",0.37,0.27,0.47,,,"",TRUE,7,35
"Poropanchax_normani","binary","Null","species_equal",0.37,0.27,0.47,,,"",TRUE,7,34
"Xiphophorus_couchianus","binary","Null","species_equal",0.37,0.27,0.47,,,"",TRUE,7,33
"Xiphophorus_hellerii","binary","Null","species_equal",0.37,0.27,0.47,,,"",TRUE,7,32
"Xiphophorus_maculatus","binary","Null","species_equal",0.37,0.27,0.47,,,"",TRUE,7,31
"Austrofundulus_limnaeus","binary","Null","species_equal",0.37,0.27,0.47,,,"",TRUE,7,30
"Kryptolebias_marmoratus","binary","Null","species_equal",0.37,0.27,0.47,,,"fixture_warning",TRUE,7,29
"Nematolebias_whitei","binary","Null","species_equal",0.37,0.27,0.47,,,"",TRUE,7,28
"Chelon_labrosus","binary","Null","species_equal",0.37,0.27,0.47,,,"",TRUE,7,27
"Mugil_cephalus","binary","Null","species_equal",0.37,0.27,0.47,,,"",TRUE,7,26
"Planiliza_haematocheilus","binary","Null","species_equal",0.37,0.27,0.47,,,"",TRUE,7,25
"Gouania_willdenowi","binary","Null","species_equal",0.37,0.27,0.47,,,"",TRUE,7,24
"Blennius_ocellaris","binary","Null","species_equal",0.37,0.27,0.47,,,"",TRUE,7,23
"Lipophrys_pholis","binary","Null","species_equal",0.37,0.27,0.47,,,"fixture_warning",TRUE,7,22
"Ophioblennius_macclurei","binary","Null","species_equal",0.37,0.27,0.47,,,"",TRUE,7,21
"Salarias_fasciatus","binary","Null","species_equal",0.37,0.27,0.47,,,"",TRUE,7,20
"Cristiceps_australis","binary","Null","species_equal",0.37,0.27,0.47,,,"",TRUE,7,19
"Dicentrarchus_labrax","binary","Null","species_equal",0.37,0.27,0.47,,,"",TRUE,7,18
"Morone_saxatilis","binary","Null","species_equal",0.37,0.27,0.47,,,"",TRUE,7,17
"Scatophagus_argus","binary","Null","species_equal",0.37,0.27,0.47,,,"",TRUE,7,16
"Collichthys_lucidus","binary","Null","species_equal",0.37,0.27,0.47,,,"fixture_warning",TRUE,7,15
"Larimichthys_crocea","binary","Null","species_equal",0.37,0.27,0.47,,,"",TRUE,7,14
"Nibea_albiflora","binary","Null","species_equal",0.37,0.27,0.47,,,"",TRUE,7,13
"Sciaenops_ocellatus","binary","Null","species_equal",0.37,0.27,0.47,,,"",TRUE,7,12
"Siganus_canaliculatus","binary","Null","species_equal",0.37,0.27,0.47,,,"",TRUE,7,11
"Ammodytes_marinus","binary","Null","species_equal",0.37,0.27,0.47,,,"",TRUE,7,10
"Cheilinus_undulatus","binary","Null","species_equal",0.37,0.27,0.47,,,"",TRUE,7,9
"Halichoeres_trimaculatus","binary","Null","species_equal",0.37,0.27,0.47,,,"fixture_warning",TRUE,7,8
"Notolabrus_celidotus","binary","Null","species_equal",0.37,0.27,0.47,,,"",TRUE,7,7
"Semicossyphus_pulcher","binary","Null","species_equal",0.37,0.27,0.47,,,"",TRUE,7,6
"Thalassoma_bifasciatum","binary","Null","species_equal",0.37,0.27,0.47,,,"",TRUE,7,5
"Xyrichtys_novacula","binary","Null","species_equal",0.37,0.27,0.47,,,"",TRUE,7,4
"Platax_orbicularis","binary","Null","species_equal",0.37,0.27,0.47,,,"",TRUE,7,3
"Chaetodon_auriga","binary","Null","species_equal",0.37,0.27,0.47,,,"",TRUE,7,2
"Chaetodon_trifascialis","binary","Null","species_equal",0.37,0.27,0.47,,,"fixture_warning",TRUE,7,1
"Nothobranchius_rachovii","binary","M1","species_equal",0.44,0.34,0.54,,,"",TRUE,7,42
"Gambusia_affinis","binary","M1","species_equal",0.44,0.34,0.54,,,"",TRUE,7,41
"Gambusia_holbrooki","binary","M1","species_equal",0.44,0.34,0.54,,,"",TRUE,7,40
"Poecilia_formosa","binary","M1","species_equal",0.44,0.34,0.54,,,"",TRUE,7,39
"Poecilia_latipinna","binary","M1","species_equal",0.44,0.34,0.54,,,"",TRUE,7,38
"Poecilia_mexicana","binary","M1","species_equal",0.44,0.34,0.54,,,"",TRUE,7,37
"Poecilia_reticulata","binary","M1","species_equal",0.44,0.34,0.54,,,"fixture_warning",TRUE,7,36
"Poeciliopsis_prolifica","binary","M1","species_equal",0.44,0.34,0.54,,,"",TRUE,7,35
"Poropanchax_normani","binary","M1","species_equal",0.44,0.34,0.54,,,"",TRUE,7,34
"Xiphophorus_couchianus","binary","M1","species_equal",0.44,0.34,0.54,,,"",TRUE,7,33
"Xiphophorus_hellerii","binary","M1","species_equal",0.44,0.34,0.54,,,"",TRUE,7,32
"Xiphophorus_maculatus","binary","M1","species_equal",0.44,0.34,0.54,,,"",TRUE,7,31
"Austrofundulus_limnaeus","binary","M1","species_equal",0.44,0.34,0.54,,,"",TRUE,7,30
"Kryptolebias_marmoratus","binary","M1","species_equal",0.44,0.34,0.54,,,"fixture_warning",TRUE,7,29
"Nematolebias_whitei","binary","M1","species_equal",0.44,0.34,0.54,,,"",TRUE,7,28
"Chelon_labrosus","binary","M1","species_equal",0.44,0.34,0.54,,,"",TRUE,7,27
"Mugil_cephalus","binary","M1","species_equal",0.44,0.34,0.54,,,"",TRUE,7,26
"Planiliza_haematocheilus","binary","M1","species_equal",0.44,0.34,0.54,,,"",TRUE,7,25
"Gouania_willdenowi","binary","M1","species_equal",0.44,0.34,0.54,,,"",TRUE,7,24
"Blennius_ocellaris","binary","M1","species_equal",0.44,0.34,0.54,,,"",TRUE,7,23
"Lipophrys_pholis","binary","M1","species_equal",0.44,0.34,0.54,,,"fixture_warning",TRUE,7,22
"Ophioblennius_macclurei","binary","M1","species_equal",0.44,0.34,0.54,,,"",TRUE,7,21
"Salarias_fasciatus","binary","M1","species_equal",0.44,0.34,0.54,,,"",TRUE,7,20
"Cristiceps_australis","binary","M1","species_equal",0.44,0.34,0.54,,,"",TRUE,7,19
"Dicentrarchus_labrax","binary","M1","species_equal",0.44,0.34,0.54,,,"",TRUE,7,18
"Morone_saxatilis","binary","M1","species_equal",0.44,0.34,0.54,,,"",TRUE,7,17
"Scatophagus_argus","binary","M1","species_equal",0.44,0.34,0.54,,,"",TRUE,7,16
"Collichthys_lucidus","binary","M1","species_equal",0.44,0.34,0.54,,,"fixture_warning",TRUE,7,15
"Larimichthys_crocea","binary","M1","species_equal",0.44,0.34,0.54,,,"",TRUE,7,14
"Nibea_albiflora","binary","M1","species_equal",0.44,0.34,0.54,,,"",TRUE,7,13
"Sciaenops_ocellatus","binary","M1","species_equal",0.44,0.34,0.54,,,"",TRUE,7,12
"Siganus_canaliculatus","binary","M1","species_equal",0.44,0.34,0.54,,,"",TRUE,7,11
"Ammodytes_marinus","binary","M1","species_equal",0.44,0.34,0.54,,,"",TRUE,7,10
"Cheilinus_undulatus","binary","M1","species_equal",0.44,0.34,0.54,,,"",TRUE,7,9
"Halichoeres_trimaculatus","binary","M1","species_equal",0.44,0.34,0.54,,,"fixture_warning",TRUE,7,8
"Notolabrus_celidotus","binary","M1","species_equal",0.44,0.34,0.54,,,"",TRUE,7,7
"Semicossyphus_pulcher","binary","M1","species_equal",0.44,0.34,0.54,,,"",TRUE,7,6
"Thalassoma_bifasciatum","binary","M1","species_equal",0.44,0.34,0.54,,,"",TRUE,7,5
"Xyrichtys_novacula","binary","M1","species_equal",0.44,0.34,0.54,,,"",TRUE,7,4
"Platax_orbicularis","binary","M1","species_equal",0.44,0.34,0.54,,,"",TRUE,7,3
"Chaetodon_auriga","binary","M1","species_equal",0.44,0.34,0.54,,,"",TRUE,7,2
"Chaetodon_trifascialis","binary","M1","species_equal",0.44,0.34,0.54,,,"fixture_warning",TRUE,7,1
"Nothobranchius_rachovii","binary","M2","species_equal",0.51,0.41,0.61,,,"",TRUE,7,42
"Gambusia_affinis","binary","M2","species_equal",0.51,0.41,0.61,,,"",TRUE,7,41
"Gambusia_holbrooki","binary","M2","species_equal",0.51,0.41,0.61,,,"",TRUE,7,40
"Poecilia_formosa","binary","M2","species_equal",0.51,0.41,0.61,,,"",TRUE,7,39
"Poecilia_latipinna","binary","M2","species_equal",0.51,0.41,0.61,,,"",TRUE,7,38
"Poecilia_mexicana","binary","M2","species_equal",0.51,0.41,0.61,,,"",TRUE,7,37
"Poecilia_reticulata","binary","M2","species_equal",0.51,0.41,0.61,,,"fixture_warning",TRUE,7,36
"Poeciliopsis_prolifica","binary","M2","species_equal",0.51,0.41,0.61,,,"",TRUE,7,35
"Poropanchax_normani","binary","M2","species_equal",0.51,0.41,0.61,,,"",TRUE,7,34
"Xiphophorus_couchianus","binary","M2","species_equal",0.51,0.41,0.61,,,"",TRUE,7,33
"Xiphophorus_hellerii","binary","M2","species_equal",0.51,0.41,0.61,,,"",TRUE,7,32
"Xiphophorus_maculatus","binary","M2","species_equal",0.51,0.41,0.61,,,"",TRUE,7,31
"Austrofundulus_limnaeus","binary","M2","species_equal",0.51,0.41,0.61,,,"",TRUE,7,30
"Kryptolebias_marmoratus","binary","M2","species_equal",0.51,0.41,0.61,,,"fixture_warning",TRUE,7,29
"Nematolebias_whitei","binary","M2","species_equal",0.51,0.41,0.61,,,"",TRUE,7,28
"Chelon_labrosus","binary","M2","species_equal",0.51,0.41,0.61,,,"",TRUE,7,27
"Mugil_cephalus","binary","M2","species_equal",0.51,0.41,0.61,,,"",TRUE,7,26
"Planiliza_haematocheilus","binary","M2","species_equal",0.51,0.41,0.61,,,"",TRUE,7,25
"Gouania_willdenowi","binary","M2","species_equal",0.51,0.41,0.61,,,"",TRUE,7,24
"Blennius_ocellaris","binary","M2","species_equal",0.51,0.41,0.61,,,"",TRUE,7,23
"Lipophrys_pholis","binary","M2","species_equal",0.51,0.41,0.61,,,"fixture_warning",TRUE,7,22
"Ophioblennius_macclurei","binary","M2","species_equal",0.51,0.41,0.61,,,"",TRUE,7,21
"Salarias_fasciatus","binary","M2","species_equal",0.51,0.41,0.61,,,"",TRUE,7,20
"Cristiceps_australis","binary","M2","species_equal",0.51,0.41,0.61,,,"",TRUE,7,19
"Dicentrarchus_labrax","binary","M2","species_equal",0.51,0.41,0.61,,,"",TRUE,7,18
"Morone_saxatilis","binary","M2","species_equal",0.51,0.41,0.61,,,"",TRUE,7,17
"Scatophagus_argus","binary","M2","species_equal",0.51,0.41,0.61,,,"",TRUE,7,16
"Collichthys_lucidus","binary","M2","species_equal",0.51,0.41,0.61,,,"fixture_warning",TRUE,7,15
"Larimichthys_crocea","binary","M2","species_equal",0.51,0.41,0.61,,,"",TRUE,7,14
"Nibea_albiflora","binary","M2","species_equal",0.51,0.41,0.61,,,"",TRUE,7,13
"Sciaenops_ocellatus","binary","M2","species_equal",0.51,0.41,0.61,,,"",TRUE,7,12
"Siganus_canaliculatus","binary","M2","species_equal",0.51,0.41,0.61,,,"",TRUE,7,11
"Ammodytes_marinus","binary","M2","species_equal",0.51,0.41,0.61,,,"",TRUE,7,10
"Cheilinus_undulatus","binary","M2","species_equal",0.51,0.41,0.61,,,"",TRUE,7,9
"Halichoeres_trimaculatus","binary","M2","species_equal",0.51,0.41,0.61,,,"fixture_warning",TRUE,7,8
"Notolabrus_celidotus","binary","M2","species_equal",0.51,0.41,0.61,,,"",TRUE,7,7
"Semicossyphus_pulcher","binary","M2","species_equal",0.51,0.41,0.61,,,"",TRUE,7,6
"Thalassoma_bifasciatum","binary","M2","species_equal",0.51,0.41,0.61,,,"",TRUE,7,5
"Xyrichtys_novacula","binary","M2","species_equal",0.51,0.41,0.61,,,"",TRUE,7,4
"Platax_orbicularis","binary","M2","species_equal",0.51,0.41,0.61,,,"",TRUE,7,3
"Chaetodon_auriga","binary","M2","species_equal",0.51,0.41,0.61,,,"",TRUE,7,2
"Chaetodon_trifascialis","binary","M2","species_equal",0.51,0.41,0.61,,,"fixture_warning",TRUE,7,1
"Nothobranchius_rachovii","binary","M3","species_equal",0.58,0.48,0.68,,,"",TRUE,7,42
"Gambusia_affinis","binary","M3","species_equal",0.58,0.48,0.68,,,"",TRUE,7,41
"Gambusia_holbrooki","binary","M3","species_equal",0.58,0.48,0.68,,,"",TRUE,7,40
"Poecilia_formosa","binary","M3","species_equal",0.58,0.48,0.68,,,"",TRUE,7,39
"Poecilia_latipinna","binary","M3","species_equal",0.58,0.48,0.68,,,"",TRUE,7,38
"Poecilia_mexicana","binary","M3","species_equal",0.58,0.48,0.68,,,"",TRUE,7,37
"Poecilia_reticulata","binary","M3","species_equal",0.58,0.48,0.68,,,"fixture_warning",TRUE,7,36
"Poeciliopsis_prolifica","binary","M3","species_equal",0.58,0.48,0.68,,,"",TRUE,7,35
"Poropanchax_normani","binary","M3","species_equal",0.58,0.48,0.68,,,"",TRUE,7,34
"Xiphophorus_couchianus","binary","M3","species_equal",0.58,0.48,0.68,,,"",TRUE,7,33
"Xiphophorus_hellerii","binary","M3","species_equal",0.58,0.48,0.68,,,"",TRUE,7,32
"Xiphophorus_maculatus","binary","M3","species_equal",0.58,0.48,0.68,,,"",TRUE,7,31
"Austrofundulus_limnaeus","binary","M3","species_equal",0.58,0.48,0.68,,,"",TRUE,7,30
"Kryptolebias_marmoratus","binary","M3","species_equal",0.58,0.48,0.68,,,"fixture_warning",TRUE,7,29
"Nematolebias_whitei","binary","M3","species_equal",0.58,0.48,0.68,,,"",TRUE,7,28
"Chelon_labrosus","binary","M3","species_equal",0.58,0.48,0.68,,,"",TRUE,7,27
"Mugil_cephalus","binary","M3","species_equal",0.58,0.48,0.68,,,"",TRUE,7,26
"Planiliza_haematocheilus","binary","M3","species_equal",0.58,0.48,0.68,,,"",TRUE,7,25
"Gouania_willdenowi","binary","M3","species_equal",0.58,0.48,0.68,,,"",TRUE,7,24
"Blennius_ocellaris","binary","M3","species_equal",0.58,0.48,0.68,,,"",TRUE,7,23
"Lipophrys_pholis","binary","M3","species_equal",0.58,0.48,0.68,,,"fixture_warning",TRUE,7,22
"Ophioblennius_macclurei","binary","M3","species_equal",0.58,0.48,0.68,,,"",TRUE,7,21
"Salarias_fasciatus","binary","M3","species_equal",0.58,0.48,0.68,,,"",TRUE,7,20
"Cristiceps_australis","binary","M3","species_equal",0.58,0.48,0.68,,,"",TRUE,7,19
"Dicentrarchus_labrax","binary","M3","species_equal",0.58,0.48,0.68,,,"",TRUE,7,18
"Morone_saxatilis","binary","M3","species_equal",0.58,0.48,0.68,,,"",TRUE,7,17
"Scatophagus_argus","binary","M3","species_equal",0.58,0.48,0.68,,,"",TRUE,7,16
"Collichthys_lucidus","binary","M3","species_equal",0.58,0.48,0.68,,,"fixture_warning",TRUE,7,15
"Larimichthys_crocea","binary","M3","species_equal",0.58,0.48,0.68,,,"",TRUE,7,14
"Nibea_albiflora","binary","M3","species_equal",0.58,0.48,0.68,,,"",TRUE,7,13
"Sciaenops_ocellatus","binary","M3","species_equal",0.58,0.48,0.68,,,"",TRUE,7,12
"Siganus_canaliculatus","binary","M3","species_equal",0.58,0.48,0.68,,,"",TRUE,7,11
"Ammodytes_marinus","binary","M3","species_equal",0.58,0.48,0.68,,,"",TRUE,7,10
"Cheilinus_undulatus","binary","M3","species_equal",0.58,0.48,0.68,,,"",TRUE,7,9
"Halichoeres_trimaculatus","binary","M3","species_equal",0.58,0.48,0.68,,,"fixture_warning",TRUE,7,8
"Notolabrus_celidotus","binary","M3","species_equal",0.58,0.48,0.68,,,"",TRUE,7,7
"Semicossyphus_pulcher","binary","M3","species_equal",0.58,0.48,0.68,,,"",TRUE,7,6
"Thalassoma_bifasciatum","binary","M3","species_equal",0.58,0.48,0.68,,,"",TRUE,7,5
"Xyrichtys_novacula","binary","M3","species_equal",0.58,0.48,0.68,,,"",TRUE,7,4
"Platax_orbicularis","binary","M3","species_equal",0.58,0.48,0.68,,,"",TRUE,7,3
"Chaetodon_auriga","binary","M3","species_equal",0.58,0.48,0.68,,,"",TRUE,7,2
"Chaetodon_trifascialis","binary","M3","species_equal",0.58,0.48,0.68,,,"fixture_warning",TRUE,7,1
"Chelmon_rostratus","binary","Null","species_equal",0.37,0.27,0.47,,,"",TRUE,8,42
"Caesio_teres","binary","Null","species_equal",0.37,0.27,0.47,,,"",TRUE,8,41
"Lutjanus_erythropterus","binary","Null","species_equal",0.37,0.27,0.47,,,"",TRUE,8,40
"Pristipomoides_typus","binary","Null","species_equal",0.37,0.27,0.47,,,"",TRUE,8,39
"Symphorus_nematophorus","binary","Null","species_equal",0.37,0.27,0.47,,,"",TRUE,8,38
"Lethrinus_nebulosus","binary","Null","species_equal",0.37,0.27,0.47,,,"",TRUE,8,37
"Acanthopagrus_latus","binary","Null","species_equal",0.37,0.27,0.47,,,"fixture_warning",TRUE,8,36
"Acanthopagrus_schlegelii","binary","Null","species_equal",0.37,0.27,0.47,,,"",TRUE,8,35
"Pagrus_major","binary","Null","species_equal",0.37,0.27,0.47,,,"",TRUE,8,34
"Pagrus_pagrus","binary","Null","species_equal",0.37,0.27,0.47,,,"",TRUE,8,33
"Rhabdosargus_sarba","binary","Null","species_equal",0.37,0.27,0.47,,,"",TRUE,8,32
"Sparus_aurata","binary","Null","species_equal",0.37,0.27,0.47,,,"",TRUE,8,31
"Nelusetta_ayraud","binary","Null","species_equal",0.37,0.27,0.47,,,"",TRUE,8,30
"Lateolabrax_japonicus","binary","Null","species_equal",0.37,0.27,0.47,,,"fixture_warning",TRUE,8,29
"Lateolabrax_maculatus","binary","Null","species_equal",0.37,0.27,0.47,,,"",TRUE,8,28
"Pempheris_klunzingeri","binary","Null","species_equal",0.37,0.27,0.47,,,"",TRUE,8,27
"Micropterus_dolomieu","binary","Null","species_equal",0.37,0.27,0.47,,,"",TRUE,8,26
"Micropterus_salmoides","binary","Null","species_equal",0.37,0.27,0.47,,,"",TRUE,8,25
"Enoplosus_armatus","binary","Null","species_equal",0.37,0.27,0.47,,,"",TRUE,8,24
"Oplegnathus_fasciatus","binary","Null","species_equal",0.37,0.27,0.47,,,"",TRUE,8,23
"Oplegnathus_punctatus","binary","Null","species_equal",0.37,0.27,0.47,,,"fixture_warning",TRUE,8,22
"Maccullochella_peelii","binary","Null","species_equal",0.37,0.27,0.47,,,"",TRUE,8,21
"Siniperca_chuatsi","binary","Null","species_equal",0.37,0.27,0.47,,,"",TRUE,8,20
"Siniperca_scherzeri","binary","Null","species_equal",0.37,0.27,0.47,,,"",TRUE,8,19
"Scortum_barcoo","binary","Null","species_equal",0.37,0.27,0.47,,,"",TRUE,8,18
"Anarhichas_minor","binary","Null","species_equal",0.37,0.27,0.47,,,"",TRUE,8,17
"Anarrhichthys_ocellatus","binary","Null","species_equal",0.37,0.27,0.47,,,"",TRUE,8,16
"Anoplopoma_fimbria","binary","Null","species_equal",0.37,0.27,0.47,,,"fixture_warning",TRUE,8,15
"Pogonophryne_albipinna","binary","Null","species_equal",0.37,0.27,0.47,,,"",TRUE,8,14
"Gymnodraco_acuticeps","binary","Null","species_equal",0.37,0.27,0.47,,,"",TRUE,8,13
"Cottoperca_gobio","binary","Null","species_equal",0.37,0.27,0.47,,,"",TRUE,8,12
"Cebidichthys_violaceus","binary","Null","species_equal",0.37,0.27,0.47,,,"",TRUE,8,11
"Chaenocephalus_aceratus","binary","Null","species_equal",0.37,0.27,0.47,,,"",TRUE,8,10
"Champsocephalus_esox","binary","Null","species_equal",0.37,0.27,0.47,,,"",TRUE,8,9
"Champsocephalus_gunnari","binary","Null","species_equal",0.37,0.27,0.47,,,"fixture_warning",TRUE,8,8
"Pseudochaenichthys_georgianus","binary","Null","species_equal",0.37,0.27,0.47,,,"",TRUE,8,7
"Clinocottus_analis","binary","Null","species_equal",0.37,0.27,0.47,,,"",TRUE,8,6
"Taurulus_bubalis","binary","Null","species_equal",0.37,0.27,0.47,,,"",TRUE,8,5
"Cyclopterus_lumpus","binary","Null","species_equal",0.37,0.27,0.47,,,"",TRUE,8,4
"Eleginops_maclovinus","binary","Null","species_equal",0.37,0.27,0.47,,,"",TRUE,8,3
"Cromileptes_altivelis","binary","Null","species_equal",0.37,0.27,0.47,,,"",TRUE,8,2
"Epinephelus_bruneus","binary","Null","species_equal",0.37,0.27,0.47,,,"fixture_warning",TRUE,8,1
"Chelmon_rostratus","binary","M1","species_equal",0.44,0.34,0.54,,,"",TRUE,8,42
"Caesio_teres","binary","M1","species_equal",0.44,0.34,0.54,,,"",TRUE,8,41
"Lutjanus_erythropterus","binary","M1","species_equal",0.44,0.34,0.54,,,"",TRUE,8,40
"Pristipomoides_typus","binary","M1","species_equal",0.44,0.34,0.54,,,"",TRUE,8,39
"Symphorus_nematophorus","binary","M1","species_equal",0.44,0.34,0.54,,,"",TRUE,8,38
"Lethrinus_nebulosus","binary","M1","species_equal",0.44,0.34,0.54,,,"",TRUE,8,37
"Acanthopagrus_latus","binary","M1","species_equal",0.44,0.34,0.54,,,"fixture_warning",TRUE,8,36
"Acanthopagrus_schlegelii","binary","M1","species_equal",0.44,0.34,0.54,,,"",TRUE,8,35
"Pagrus_major","binary","M1","species_equal",0.44,0.34,0.54,,,"",TRUE,8,34
"Pagrus_pagrus","binary","M1","species_equal",0.44,0.34,0.54,,,"",TRUE,8,33
"Rhabdosargus_sarba","binary","M1","species_equal",0.44,0.34,0.54,,,"",TRUE,8,32
"Sparus_aurata","binary","M1","species_equal",0.44,0.34,0.54,,,"",TRUE,8,31
"Nelusetta_ayraud","binary","M1","species_equal",0.44,0.34,0.54,,,"",TRUE,8,30
"Lateolabrax_japonicus","binary","M1","species_equal",0.44,0.34,0.54,,,"fixture_warning",TRUE,8,29
"Lateolabrax_maculatus","binary","M1","species_equal",0.44,0.34,0.54,,,"",TRUE,8,28
"Pempheris_klunzingeri","binary","M1","species_equal",0.44,0.34,0.54,,,"",TRUE,8,27
"Micropterus_dolomieu","binary","M1","species_equal",0.44,0.34,0.54,,,"",TRUE,8,26
"Micropterus_salmoides","binary","M1","species_equal",0.44,0.34,0.54,,,"",TRUE,8,25
"Enoplosus_armatus","binary","M1","species_equal",0.44,0.34,0.54,,,"",TRUE,8,24
"Oplegnathus_fasciatus","binary","M1","species_equal",0.44,0.34,0.54,,,"",TRUE,8,23
"Oplegnathus_punctatus","binary","M1","species_equal",0.44,0.34,0.54,,,"fixture_warning",TRUE,8,22
"Maccullochella_peelii","binary","M1","species_equal",0.44,0.34,0.54,,,"",TRUE,8,21
"Siniperca_chuatsi","binary","M1","species_equal",0.44,0.34,0.54,,,"",TRUE,8,20
"Siniperca_scherzeri","binary","M1","species_equal",0.44,0.34,0.54,,,"",TRUE,8,19
"Scortum_barcoo","binary","M1","species_equal",0.44,0.34,0.54,,,"",TRUE,8,18
"Anarhichas_minor","binary","M1","species_equal",0.44,0.34,0.54,,,"",TRUE,8,17
"Anarrhichthys_ocellatus","binary","M1","species_equal",0.44,0.34,0.54,,,"",TRUE,8,16
"Anoplopoma_fimbria","binary","M1","species_equal",0.44,0.34,0.54,,,"fixture_warning",TRUE,8,15
"Pogonophryne_albipinna","binary","M1","species_equal",0.44,0.34,0.54,,,"",TRUE,8,14
"Gymnodraco_acuticeps","binary","M1","species_equal",0.44,0.34,0.54,,,"",TRUE,8,13
"Cottoperca_gobio","binary","M1","species_equal",0.44,0.34,0.54,,,"",TRUE,8,12
"Cebidichthys_violaceus","binary","M1","species_equal",0.44,0.34,0.54,,,"",TRUE,8,11
"Chaenocephalus_aceratus","binary","M1","species_equal",0.44,0.34,0.54,,,"",TRUE,8,10
"Champsocephalus_esox","binary","M1","species_equal",0.44,0.34,0.54,,,"",TRUE,8,9
"Champsocephalus_gunnari","binary","M1","species_equal",0.44,0.34,0.54,,,"fixture_warning",TRUE,8,8
"Pseudochaenichthys_georgianus","binary","M1","species_equal",0.44,0.34,0.54,,,"",TRUE,8,7
"Clinocottus_analis","binary","M1","species_equal",0.44,0.34,0.54,,,"",TRUE,8,6
"Taurulus_bubalis","binary","M1","species_equal",0.44,0.34,0.54,,,"",TRUE,8,5
"Cyclopterus_lumpus","binary","M1","species_equal",0.44,0.34,0.54,,,"",TRUE,8,4
"Eleginops_maclovinus","binary","M1","species_equal",0.44,0.34,0.54,,,"",TRUE,8,3
"Cromileptes_altivelis","binary","M1","species_equal",0.44,0.34,0.54,,,"",TRUE,8,2
"Epinephelus_bruneus","binary","M1","species_equal",0.44,0.34,0.54,,,"fixture_warning",TRUE,8,1
"Chelmon_rostratus","binary","M2","species_equal",0.51,0.41,0.61,,,"",TRUE,8,42
"Caesio_teres","binary","M2","species_equal",0.51,0.41,0.61,,,"",TRUE,8,41
"Lutjanus_erythropterus","binary","M2","species_equal",0.51,0.41,0.61,,,"",TRUE,8,40
"Pristipomoides_typus","binary","M2","species_equal",0.51,0.41,0.61,,,"",TRUE,8,39
"Symphorus_nematophorus","binary","M2","species_equal",0.51,0.41,0.61,,,"",TRUE,8,38
"Lethrinus_nebulosus","binary","M2","species_equal",0.51,0.41,0.61,,,"",TRUE,8,37
"Acanthopagrus_latus","binary","M2","species_equal",0.51,0.41,0.61,,,"fixture_warning",TRUE,8,36
"Acanthopagrus_schlegelii","binary","M2","species_equal",0.51,0.41,0.61,,,"",TRUE,8,35
"Pagrus_major","binary","M2","species_equal",0.51,0.41,0.61,,,"",TRUE,8,34
"Pagrus_pagrus","binary","M2","species_equal",0.51,0.41,0.61,,,"",TRUE,8,33
"Rhabdosargus_sarba","binary","M2","species_equal",0.51,0.41,0.61,,,"",TRUE,8,32
"Sparus_aurata","binary","M2","species_equal",0.51,0.41,0.61,,,"",TRUE,8,31
"Nelusetta_ayraud","binary","M2","species_equal",0.51,0.41,0.61,,,"",TRUE,8,30
"Lateolabrax_japonicus","binary","M2","species_equal",0.51,0.41,0.61,,,"fixture_warning",TRUE,8,29
"Lateolabrax_maculatus","binary","M2","species_equal",0.51,0.41,0.61,,,"",TRUE,8,28
"Pempheris_klunzingeri","binary","M2","species_equal",0.51,0.41,0.61,,,"",TRUE,8,27
"Micropterus_dolomieu","binary","M2","species_equal",0.51,0.41,0.61,,,"",TRUE,8,26
"Micropterus_salmoides","binary","M2","species_equal",0.51,0.41,0.61,,,"",TRUE,8,25
"Enoplosus_armatus","binary","M2","species_equal",0.51,0.41,0.61,,,"",TRUE,8,24
"Oplegnathus_fasciatus","binary","M2","species_equal",0.51,0.41,0.61,,,"",TRUE,8,23
"Oplegnathus_punctatus","binary","M2","species_equal",0.51,0.41,0.61,,,"fixture_warning",TRUE,8,22
"Maccullochella_peelii","binary","M2","species_equal",0.51,0.41,0.61,,,"",TRUE,8,21
"Siniperca_chuatsi","binary","M2","species_equal",0.51,0.41,0.61,,,"",TRUE,8,20
"Siniperca_scherzeri","binary","M2","species_equal",0.51,0.41,0.61,,,"",TRUE,8,19
"Scortum_barcoo","binary","M2","species_equal",0.51,0.41,0.61,,,"",TRUE,8,18
"Anarhichas_minor","binary","M2","species_equal",0.51,0.41,0.61,,,"",TRUE,8,17
"Anarrhichthys_ocellatus","binary","M2","species_equal",0.51,0.41,0.61,,,"",TRUE,8,16
"Anoplopoma_fimbria","binary","M2","species_equal",0.51,0.41,0.61,,,"fixture_warning",TRUE,8,15
"Pogonophryne_albipinna","binary","M2","species_equal",0.51,0.41,0.61,,,"",TRUE,8,14
"Gymnodraco_acuticeps","binary","M2","species_equal",0.51,0.41,0.61,,,"",TRUE,8,13
"Cottoperca_gobio","binary","M2","species_equal",0.51,0.41,0.61,,,"",TRUE,8,12
"Cebidichthys_violaceus","binary","M2","species_equal",0.51,0.41,0.61,,,"",TRUE,8,11
"Chaenocephalus_aceratus","binary","M2","species_equal",0.51,0.41,0.61,,,"",TRUE,8,10
"Champsocephalus_esox","binary","M2","species_equal",0.51,0.41,0.61,,,"",TRUE,8,9
"Champsocephalus_gunnari","binary","M2","species_equal",0.51,0.41,0.61,,,"fixture_warning",TRUE,8,8
"Pseudochaenichthys_georgianus","binary","M2","species_equal",0.51,0.41,0.61,,,"",TRUE,8,7
"Clinocottus_analis","binary","M2","species_equal",0.51,0.41,0.61,,,"",TRUE,8,6
"Taurulus_bubalis","binary","M2","species_equal",0.51,0.41,0.61,,,"",TRUE,8,5
"Cyclopterus_lumpus","binary","M2","species_equal",0.51,0.41,0.61,,,"",TRUE,8,4
"Eleginops_maclovinus","binary","M2","species_equal",0.51,0.41,0.61,,,"",TRUE,8,3
"Cromileptes_altivelis","binary","M2","species_equal",0.51,0.41,0.61,,,"",TRUE,8,2
"Epinephelus_bruneus","binary","M2","species_equal",0.51,0.41,0.61,,,"fixture_warning",TRUE,8,1
"Chelmon_rostratus","binary","M3","species_equal",0.58,0.48,0.68,,,"",TRUE,8,42
"Caesio_teres","binary","M3","species_equal",0.58,0.48,0.68,,,"",TRUE,8,41
"Lutjanus_erythropterus","binary","M3","species_equal",0.58,0.48,0.68,,,"",TRUE,8,40
"Pristipomoides_typus","binary","M3","species_equal",0.58,0.48,0.68,,,"",TRUE,8,39
"Symphorus_nematophorus","binary","M3","species_equal",0.58,0.48,0.68,,,"",TRUE,8,38
"Lethrinus_nebulosus","binary","M3","species_equal",0.58,0.48,0.68,,,"",TRUE,8,37
"Acanthopagrus_latus","binary","M3","species_equal",0.58,0.48,0.68,,,"fixture_warning",TRUE,8,36
"Acanthopagrus_schlegelii","binary","M3","species_equal",0.58,0.48,0.68,,,"",TRUE,8,35
"Pagrus_major","binary","M3","species_equal",0.58,0.48,0.68,,,"",TRUE,8,34
"Pagrus_pagrus","binary","M3","species_equal",0.58,0.48,0.68,,,"",TRUE,8,33
"Rhabdosargus_sarba","binary","M3","species_equal",0.58,0.48,0.68,,,"",TRUE,8,32
"Sparus_aurata","binary","M3","species_equal",0.58,0.48,0.68,,,"",TRUE,8,31
"Nelusetta_ayraud","binary","M3","species_equal",0.58,0.48,0.68,,,"",TRUE,8,30
"Lateolabrax_japonicus","binary","M3","species_equal",0.58,0.48,0.68,,,"fixture_warning",TRUE,8,29
"Lateolabrax_maculatus","binary","M3","species_equal",0.58,0.48,0.68,,,"",TRUE,8,28
"Pempheris_klunzingeri","binary","M3","species_equal",0.58,0.48,0.68,,,"",TRUE,8,27
"Micropterus_dolomieu","binary","M3","species_equal",0.58,0.48,0.68,,,"",TRUE,8,26
"Micropterus_salmoides","binary","M3","species_equal",0.58,0.48,0.68,,,"",TRUE,8,25
"Enoplosus_armatus","binary","M3","species_equal",0.58,0.48,0.68,,,"",TRUE,8,24
"Oplegnathus_fasciatus","binary","M3","species_equal",0.58,0.48,0.68,,,"",TRUE,8,23
"Oplegnathus_punctatus","binary","M3","species_equal",0.58,0.48,0.68,,,"fixture_warning",TRUE,8,22
"Maccullochella_peelii","binary","M3","species_equal",0.58,0.48,0.68,,,"",TRUE,8,21
"Siniperca_chuatsi","binary","M3","species_equal",0.58,0.48,0.68,,,"",TRUE,8,20
"Siniperca_scherzeri","binary","M3","species_equal",0.58,0.48,0.68,,,"",TRUE,8,19
"Scortum_barcoo","binary","M3","species_equal",0.58,0.48,0.68,,,"",TRUE,8,18
"Anarhichas_minor","binary","M3","species_equal",0.58,0.48,0.68,,,"",TRUE,8,17
"Anarrhichthys_ocellatus","binary","M3","species_equal",0.58,0.48,0.68,,,"",TRUE,8,16
"Anoplopoma_fimbria","binary","M3","species_equal",0.58,0.48,0.68,,,"fixture_warning",TRUE,8,15
"Pogonophryne_albipinna","binary","M3","species_equal",0.58,0.48,0.68,,,"",TRUE,8,14
"Gymnodraco_acuticeps","binary","M3","species_equal",0.58,0.48,0.68,,,"",TRUE,8,13
"Cottoperca_gobio","binary","M3","species_equal",0.58,0.48,0.68,,,"",TRUE,8,12
"Cebidichthys_violaceus","binary","M3","species_equal",0.58,0.48,0.68,,,"",TRUE,8,11
"Chaenocephalus_aceratus","binary","M3","species_equal",0.58,0.48,0.68,,,"",TRUE,8,10
"Champsocephalus_esox","binary","M3","species_equal",0.58,0.48,0.68,,,"",TRUE,8,9
"Champsocephalus_gunnari","binary","M3","species_equal",0.58,0.48,0.68,,,"fixture_warning",TRUE,8,8
"Pseudochaenichthys_georgianus","binary","M3","species_equal",0.58,0.48,0.68,,,"",TRUE,8,7
"Clinocottus_analis","binary","M3","species_equal",0.58,0.48,0.68,,,"",TRUE,8,6
"Taurulus_bubalis","binary","M3","species_equal",0.58,0.48,0.68,,,"",TRUE,8,5
"Cyclopterus_lumpus","binary","M3","species_equal",0.58,0.48,0.68,,,"",TRUE,8,4
"Eleginops_maclovinus","binary","M3","species_equal",0.58,0.48,0.68,,,"",TRUE,8,3
"Cromileptes_altivelis","binary","M3","species_equal",0.58,0.48,0.68,,,"",TRUE,8,2
"Epinephelus_bruneus","binary","M3","species_equal",0.58,0.48,0.68,,,"fixture_warning",TRUE,8,1
"Epinephelus_coioides","binary","Null","species_equal",0.37,0.27,0.47,,,"",TRUE,9,29
"Epinephelus_fuscoguttatus","binary","Null","species_equal",0.37,0.27,0.47,,,"",TRUE,9,28
"Epinephelus_lanceolatus","binary","Null","species_equal",0.37,0.27,0.47,,,"",TRUE,9,27
"Epinephelus_malabaricus","binary","Null","species_equal",0.37,0.27,0.47,,,"",TRUE,9,26
"Epinephelus_multinotatus","binary","Null","species_equal",0.37,0.27,0.47,,,"",TRUE,9,25
"Plectropomus_leopardus","binary","Null","species_equal",0.37,0.27,0.47,,,"",TRUE,9,24
"Gasterosteus_aculeatus","binary","Null","species_equal",0.37,0.27,0.47,,,"fixture_warning",TRUE,9,23
"Pungitius_pungitius","binary","Null","species_equal",0.37,0.27,0.47,,,"",TRUE,9,22
"Pungitius_sinensis","binary","Null","species_equal",0.37,0.27,0.47,,,"",TRUE,9,21
"Dissostichus_eleginoides","binary","Null","species_equal",0.37,0.27,0.47,,,"",TRUE,9,20
"Dissostichus_mawsoni","binary","Null","species_equal",0.37,0.27,0.47,,,"",TRUE,9,19
"Notothenia_rossii","binary","Null","species_equal",0.37,0.27,0.47,,,"",TRUE,9,18
"Pagothenia_borchgrevinki","binary","Null","species_equal",0.37,0.27,0.47,,,"",TRUE,9,17
"Trematomus_bernacchii","binary","Null","species_equal",0.37,0.27,0.47,,,"fixture_warning",TRUE,9,16
"Etheostoma_cragini","binary","Null","species_equal",0.37,0.27,0.47,,,"",TRUE,9,15
"Perca_flavescens","binary","Null","species_equal",0.37,0.27,0.47,,,"",TRUE,9,14
"Perca_fluviatilis","binary","Null","species_equal",0.37,0.27,0.47,,,"",TRUE,9,13
"Sander_lucioperca","binary","Null","species_equal",0.37,0.27,0.47,,,"",TRUE,9,12
"Sander_vitreus","binary","Null","species_equal",0.37,0.27,0.47,,,"",TRUE,9,11
"Pholis_gunnellus","binary","Null","species_equal",0.37,0.27,0.47,,,"",TRUE,9,10
"Sebastes_fasciatus","binary","Null","species_equal",0.37,0.27,0.47,,,"fixture_warning",TRUE,9,9
"Sebastes_schlegelii","binary","Null","species_equal",0.37,0.27,0.47,,,"",TRUE,9,8
"Sebastes_umbrosus","binary","Null","species_equal",0.37,0.27,0.47,,,"",TRUE,9,7
"Centropristis_striata","binary","Null","species_equal",0.37,0.27,0.47,,,"",TRUE,9,6
"Echiichthys_vipera","binary","Null","species_equal",0.37,0.27,0.47,,,"",TRUE,9,5
"Eutrigla_gurnardus","binary","Null","species_equal",0.37,0.27,0.47,,,"",TRUE,9,4
"Lycodes_pacificus","binary","Null","species_equal",0.37,0.27,0.47,,,"",TRUE,9,3
"Melanostigma_gelatinosum","binary","Null","species_equal",0.37,0.27,0.47,,,"fixture_warning",TRUE,9,2
"Zoarces_viviparus","binary","Null","species_equal",0.37,0.27,0.47,,,"",TRUE,9,1
"Epinephelus_coioides","binary","M1","species_equal",0.44,0.34,0.54,,,"",TRUE,9,29
"Epinephelus_fuscoguttatus","binary","M1","species_equal",0.44,0.34,0.54,,,"",TRUE,9,28
"Epinephelus_lanceolatus","binary","M1","species_equal",0.44,0.34,0.54,,,"",TRUE,9,27
"Epinephelus_malabaricus","binary","M1","species_equal",0.44,0.34,0.54,,,"",TRUE,9,26
"Epinephelus_multinotatus","binary","M1","species_equal",0.44,0.34,0.54,,,"",TRUE,9,25
"Plectropomus_leopardus","binary","M1","species_equal",0.44,0.34,0.54,,,"",TRUE,9,24
"Gasterosteus_aculeatus","binary","M1","species_equal",0.44,0.34,0.54,,,"fixture_warning",TRUE,9,23
"Pungitius_pungitius","binary","M1","species_equal",0.44,0.34,0.54,,,"",TRUE,9,22
"Pungitius_sinensis","binary","M1","species_equal",0.44,0.34,0.54,,,"",TRUE,9,21
"Dissostichus_eleginoides","binary","M1","species_equal",0.44,0.34,0.54,,,"",TRUE,9,20
"Dissostichus_mawsoni","binary","M1","species_equal",0.44,0.34,0.54,,,"",TRUE,9,19
"Notothenia_rossii","binary","M1","species_equal",0.44,0.34,0.54,,,"",TRUE,9,18
"Pagothenia_borchgrevinki","binary","M1","species_equal",0.44,0.34,0.54,,,"",TRUE,9,17
"Trematomus_bernacchii","binary","M1","species_equal",0.44,0.34,0.54,,,"fixture_warning",TRUE,9,16
"Etheostoma_cragini","binary","M1","species_equal",0.44,0.34,0.54,,,"",TRUE,9,15
"Perca_flavescens","binary","M1","species_equal",0.44,0.34,0.54,,,"",TRUE,9,14
"Perca_fluviatilis","binary","M1","species_equal",0.44,0.34,0.54,,,"",TRUE,9,13
"Sander_lucioperca","binary","M1","species_equal",0.44,0.34,0.54,,,"",TRUE,9,12
"Sander_vitreus","binary","M1","species_equal",0.44,0.34,0.54,,,"",TRUE,9,11
"Pholis_gunnellus","binary","M1","species_equal",0.44,0.34,0.54,,,"",TRUE,9,10
"Sebastes_fasciatus","binary","M1","species_equal",0.44,0.34,0.54,,,"fixture_warning",TRUE,9,9
"Sebastes_schlegelii","binary","M1","species_equal",0.44,0.34,0.54,,,"",TRUE,9,8
"Sebastes_umbrosus","binary","M1","species_equal",0.44,0.34,0.54,,,"",TRUE,9,7
"Centropristis_striata","binary","M1","species_equal",0.44,0.34,0.54,,,"",TRUE,9,6
"Echiichthys_vipera","binary","M1","species_equal",0.44,0.34,0.54,,,"",TRUE,9,5
"Eutrigla_gurnardus","binary","M1","species_equal",0.44,0.34,0.54,,,"",TRUE,9,4
"Lycodes_pacificus","binary","M1","species_equal",0.44,0.34,0.54,,,"",TRUE,9,3
"Melanostigma_gelatinosum","binary","M1","species_equal",0.44,0.34,0.54,,,"fixture_warning",TRUE,9,2
"Zoarces_viviparus","binary","M1","species_equal",0.44,0.34,0.54,,,"",TRUE,9,1
"Epinephelus_coioides","binary","M2","species_equal",0.51,0.41,0.61,,,"",TRUE,9,29
"Epinephelus_fuscoguttatus","binary","M2","species_equal",0.51,0.41,0.61,,,"",TRUE,9,28
"Epinephelus_lanceolatus","binary","M2","species_equal",0.51,0.41,0.61,,,"",TRUE,9,27
"Epinephelus_malabaricus","binary","M2","species_equal",0.51,0.41,0.61,,,"",TRUE,9,26
"Epinephelus_multinotatus","binary","M2","species_equal",0.51,0.41,0.61,,,"",TRUE,9,25
"Plectropomus_leopardus","binary","M2","species_equal",0.51,0.41,0.61,,,"",TRUE,9,24
"Gasterosteus_aculeatus","binary","M2","species_equal",0.51,0.41,0.61,,,"fixture_warning",TRUE,9,23
"Pungitius_pungitius","binary","M2","species_equal",0.51,0.41,0.61,,,"",TRUE,9,22
"Pungitius_sinensis","binary","M2","species_equal",0.51,0.41,0.61,,,"",TRUE,9,21
"Dissostichus_eleginoides","binary","M2","species_equal",0.51,0.41,0.61,,,"",TRUE,9,20
"Dissostichus_mawsoni","binary","M2","species_equal",0.51,0.41,0.61,,,"",TRUE,9,19
"Notothenia_rossii","binary","M2","species_equal",0.51,0.41,0.61,,,"",TRUE,9,18
"Pagothenia_borchgrevinki","binary","M2","species_equal",0.51,0.41,0.61,,,"",TRUE,9,17
"Trematomus_bernacchii","binary","M2","species_equal",0.51,0.41,0.61,,,"fixture_warning",TRUE,9,16
"Etheostoma_cragini","binary","M2","species_equal",0.51,0.41,0.61,,,"",TRUE,9,15
"Perca_flavescens","binary","M2","species_equal",0.51,0.41,0.61,,,"",TRUE,9,14
"Perca_fluviatilis","binary","M2","species_equal",0.51,0.41,0.61,,,"",TRUE,9,13
"Sander_lucioperca","binary","M2","species_equal",0.51,0.41,0.61,,,"",TRUE,9,12
"Sander_vitreus","binary","M2","species_equal",0.51,0.41,0.61,,,"",TRUE,9,11
"Pholis_gunnellus","binary","M2","species_equal",0.51,0.41,0.61,,,"",TRUE,9,10
"Sebastes_fasciatus","binary","M2","species_equal",0.51,0.41,0.61,,,"fixture_warning",TRUE,9,9
"Sebastes_schlegelii","binary","M2","species_equal",0.51,0.41,0.61,,,"",TRUE,9,8
"Sebastes_umbrosus","binary","M2","species_equal",0.51,0.41,0.61,,,"",TRUE,9,7
"Centropristis_striata","binary","M2","species_equal",0.51,0.41,0.61,,,"",TRUE,9,6
"Echiichthys_vipera","binary","M2","species_equal",0.51,0.41,0.61,,,"",TRUE,9,5
"Eutrigla_gurnardus","binary","M2","species_equal",0.51,0.41,0.61,,,"",TRUE,9,4
"Lycodes_pacificus","binary","M2","species_equal",0.51,0.41,0.61,,,"",TRUE,9,3
"Melanostigma_gelatinosum","binary","M2","species_equal",0.51,0.41,0.61,,,"fixture_warning",TRUE,9,2
"Zoarces_viviparus","binary","M2","species_equal",0.51,0.41,0.61,,,"",TRUE,9,1
"Epinephelus_coioides","binary","M3","species_equal",0.58,0.48,0.68,,,"",TRUE,9,29
"Epinephelus_fuscoguttatus","binary","M3","species_equal",0.58,0.48,0.68,,,"",TRUE,9,28
"Epinephelus_lanceolatus","binary","M3","species_equal",0.58,0.48,0.68,,,"",TRUE,9,27
"Epinephelus_malabaricus","binary","M3","species_equal",0.58,0.48,0.68,,,"",TRUE,9,26
"Epinephelus_multinotatus","binary","M3","species_equal",0.58,0.48,0.68,,,"",TRUE,9,25
"Plectropomus_leopardus","binary","M3","species_equal",0.58,0.48,0.68,,,"",TRUE,9,24
"Gasterosteus_aculeatus","binary","M3","species_equal",0.58,0.48,0.68,,,"fixture_warning",TRUE,9,23
"Pungitius_pungitius","binary","M3","species_equal",0.58,0.48,0.68,,,"",TRUE,9,22
"Pungitius_sinensis","binary","M3","species_equal",0.58,0.48,0.68,,,"",TRUE,9,21
"Dissostichus_eleginoides","binary","M3","species_equal",0.58,0.48,0.68,,,"",TRUE,9,20
"Dissostichus_mawsoni","binary","M3","species_equal",0.58,0.48,0.68,,,"",TRUE,9,19
"Notothenia_rossii","binary","M3","species_equal",0.58,0.48,0.68,,,"",TRUE,9,18
"Pagothenia_borchgrevinki","binary","M3","species_equal",0.58,0.48,0.68,,,"",TRUE,9,17
"Trematomus_bernacchii","binary","M3","species_equal",0.58,0.48,0.68,,,"fixture_warning",TRUE,9,16
"Etheostoma_cragini","binary","M3","species_equal",0.58,0.48,0.68,,,"",TRUE,9,15
"Perca_flavescens","binary","M3","species_equal",0.58,0.48,0.68,,,"",TRUE,9,14
"Perca_fluviatilis","binary","M3","species_equal",0.58,0.48,0.68,,,"",TRUE,9,13
"Sander_lucioperca","binary","M3","species_equal",0.58,0.48,0.68,,,"",TRUE,9,12
"Sander_vitreus","binary","M3","species_equal",0.58,0.48,0.68,,,"",TRUE,9,11
"Pholis_gunnellus","binary","M3","species_equal",0.58,0.48,0.68,,,"",TRUE,9,10
"Sebastes_fasciatus","binary","M3","species_equal",0.58,0.48,0.68,,,"fixture_warning",TRUE,9,9
"Sebastes_schlegelii","binary","M3","species_equal",0.58,0.48,0.68,,,"",TRUE,9,8
"Sebastes_umbrosus","binary","M3","species_equal",0.58,0.48,0.68,,,"",TRUE,9,7
"Centropristis_striata","binary","M3","species_equal",0.58,0.48,0.68,,,"",TRUE,9,6
"Echiichthys_vipera","binary","M3","species_equal",0.58,0.48,0.68,,,"",TRUE,9,5
"Eutrigla_gurnardus","binary","M3","species_equal",0.58,0.48,0.68,,,"",TRUE,9,4
"Lycodes_pacificus","binary","M3","species_equal",0.58,0.48,0.68,,,"",TRUE,9,3
"Melanostigma_gelatinosum","binary","M3","species_equal",0.58,0.48,0.68,,,"fixture_warning",TRUE,9,2
"Zoarces_viviparus","binary","M3","species_equal",0.58,0.48,0.68,,,"",TRUE,9,1
"Erpetoichthys_calabaricus","joint_bb","Null","record_equal",0.37,0.27,0.47,0.05,1,"",TRUE,1,42
"Polypterus_senegalus","joint_bb","Null","record_equal",0.37,0.27,0.47,0.05,1,"",TRUE,1,41
"Acipenser_oxyrinchus","joint_bb","Null","record_equal",0.37,0.27,0.47,0.05,1,"",TRUE,1,40
"Acipenser_ruthenus","joint_bb","Null","record_equal",0.37,0.27,0.47,0.05,1,"",TRUE,1,39
"Acipenser_sinensis","joint_bb","Null","record_equal",0.37,0.27,0.47,0.05,1,"",TRUE,1,38
"Huso_huso","joint_bb","Null","record_equal",0.37,0.27,0.47,0.05,1,"",TRUE,1,37
"Polyodon_spathula","joint_bb","Null","record_equal",0.37,0.27,0.47,0.05,1,"fixture_warning",TRUE,1,36
"Amia_ocellicauda","joint_bb","Null","record_equal",0.37,0.27,0.47,0.05,1,"",TRUE,1,35
"Atractosteus_spatula","joint_bb","Null","record_equal",0.37,0.27,0.47,0.05,1,"",TRUE,1,34
"Lepisosteus_oculatus","joint_bb","Null","record_equal",0.37,0.27,0.47,0.05,1,"",TRUE,1,33
"Megalops_atlanticus","joint_bb","Null","record_equal",0.37,0.27,0.47,0.05,1,"",TRUE,1,32
"Megalops_cyprinoides","joint_bb","Null","record_equal",0.37,0.27,0.47,0.05,1,"",TRUE,1,31
"Albula_glossodonta","joint_bb","Null","record_equal",0.37,0.27,0.47,0.05,1,"",TRUE,1,30
"Albula_goreensis","joint_bb","Null","record_equal",0.37,0.27,0.47,0.05,1,"fixture_warning",TRUE,1,29
"Aldrovandia_affinis","joint_bb","Null","record_equal",0.37,0.27,0.47,0.05,1,"",TRUE,1,28
"Anguilla_anguilla","joint_bb","Null","record_equal",0.37,0.27,0.47,0.05,1,"",TRUE,1,27
"Anguilla_japonica","joint_bb","Null","record_equal",0.37,0.27,0.47,0.05,1,"",TRUE,1,26
"Anguilla_rostrata","joint_bb","Null","record_equal",0.37,0.27,0.47,0.05,1,"",TRUE,1,25
"Conger_conger","joint_bb","Null","record_equal",0.37,0.27,0.47,0.05,1,"",TRUE,1,24
"Gymnothorax_javanicus","joint_bb","Null","record_equal",0.37,0.27,0.47,0.05,1,"",TRUE,1,23
"Synaphobranchus_kaupii","joint_bb","Null","record_equal",0.37,0.27,0.47,0.05,1,"fixture_warning",TRUE,1,22
"Arapaima_gigas","joint_bb","Null","record_equal",0.37,0.27,0.47,0.05,1,"",TRUE,1,21
"Brienomyrus_brachyistius","joint_bb","Null","record_equal",0.37,0.27,0.47,0.05,1,"",TRUE,1,20
"Paramormyrops_kingsleyae","joint_bb","Null","record_equal",0.37,0.27,0.47,0.05,1,"",TRUE,1,19
"Scleropages_formosus","joint_bb","Null","record_equal",0.37,0.27,0.47,0.05,1,"",TRUE,1,18
"Hiodon_alosoides","joint_bb","Null","record_equal",0.37,0.27,0.47,0.05,1,"",TRUE,1,17
"Alosa_alosa","joint_bb","Null","record_equal",0.37,0.27,0.47,0.05,1,"",TRUE,1,16
"Alosa_pseudoharengus","joint_bb","Null","record_equal",0.37,0.27,0.47,0.05,1,"fixture_warning",TRUE,1,15
"Alosa_sapidissima","joint_bb","Null","record_equal",0.37,0.27,0.47,0.05,1,"",TRUE,1,14
"Sardina_pilchardus","joint_bb","Null","record_equal",0.37,0.27,0.47,0.05,1,"",TRUE,1,13
"Clupea_harengus","joint_bb","Null","record_equal",0.37,0.27,0.47,0.05,1,"",TRUE,1,12
"Sprattus_sprattus","joint_bb","Null","record_equal",0.37,0.27,0.47,0.05,1,"",TRUE,1,11
"Denticeps_clupeoides","joint_bb","Null","record_equal",0.37,0.27,0.47,0.05,1,"",TRUE,1,10
"Coilia_grayii","joint_bb","Null","record_equal",0.37,0.27,0.47,0.05,1,"",TRUE,1,9
"Coilia_mystus","joint_bb","Null","record_equal",0.37,0.27,0.47,0.05,1,"fixture_warning",TRUE,1,8
"Engraulis_encrasicolus","joint_bb","Null","record_equal",0.37,0.27,0.47,0.05,1,"",TRUE,1,7
"Chanos_chanos","joint_bb","Null","record_equal",0.37,0.27,0.47,0.05,1,"",TRUE,1,6
"Myxocyprinus_asiaticus","joint_bb","Null","record_equal",0.37,0.27,0.47,0.05,1,"",TRUE,1,5
"Xyrauchen_texanus","joint_bb","Null","record_equal",0.37,0.27,0.47,0.05,1,"",TRUE,1,4
"Misgurnus_anguillicaudatus","joint_bb","Null","record_equal",0.37,0.27,0.47,0.05,1,"",TRUE,1,3
"Paramisgurnus_dabryanus","joint_bb","Null","record_equal",0.37,0.27,0.47,0.05,1,"",TRUE,1,2
"Abramis_brama","joint_bb","Null","record_equal",0.37,0.27,0.47,0.05,1,"fixture_warning",TRUE,1,1
"Erpetoichthys_calabaricus","joint_bb","M1","record_equal",0.44,0.34,0.54,0.05,1,"",TRUE,1,42
"Polypterus_senegalus","joint_bb","M1","record_equal",0.44,0.34,0.54,0.05,1,"",TRUE,1,41
"Acipenser_oxyrinchus","joint_bb","M1","record_equal",0.44,0.34,0.54,0.05,1,"",TRUE,1,40
"Acipenser_ruthenus","joint_bb","M1","record_equal",0.44,0.34,0.54,0.05,1,"",TRUE,1,39
"Acipenser_sinensis","joint_bb","M1","record_equal",0.44,0.34,0.54,0.05,1,"",TRUE,1,38
"Huso_huso","joint_bb","M1","record_equal",0.44,0.34,0.54,0.05,1,"",TRUE,1,37
"Polyodon_spathula","joint_bb","M1","record_equal",0.44,0.34,0.54,0.05,1,"fixture_warning",TRUE,1,36
"Amia_ocellicauda","joint_bb","M1","record_equal",0.44,0.34,0.54,0.05,1,"",TRUE,1,35
"Atractosteus_spatula","joint_bb","M1","record_equal",0.44,0.34,0.54,0.05,1,"",TRUE,1,34
"Lepisosteus_oculatus","joint_bb","M1","record_equal",0.44,0.34,0.54,0.05,1,"",TRUE,1,33
"Megalops_atlanticus","joint_bb","M1","record_equal",0.44,0.34,0.54,0.05,1,"",TRUE,1,32
"Megalops_cyprinoides","joint_bb","M1","record_equal",0.44,0.34,0.54,0.05,1,"",TRUE,1,31
"Albula_glossodonta","joint_bb","M1","record_equal",0.44,0.34,0.54,0.05,1,"",TRUE,1,30
"Albula_goreensis","joint_bb","M1","record_equal",0.44,0.34,0.54,0.05,1,"fixture_warning",TRUE,1,29
"Aldrovandia_affinis","joint_bb","M1","record_equal",0.44,0.34,0.54,0.05,1,"",TRUE,1,28
"Anguilla_anguilla","joint_bb","M1","record_equal",0.44,0.34,0.54,0.05,1,"",TRUE,1,27
"Anguilla_japonica","joint_bb","M1","record_equal",0.44,0.34,0.54,0.05,1,"",TRUE,1,26
"Anguilla_rostrata","joint_bb","M1","record_equal",0.44,0.34,0.54,0.05,1,"",TRUE,1,25
"Conger_conger","joint_bb","M1","record_equal",0.44,0.34,0.54,0.05,1,"",TRUE,1,24
"Gymnothorax_javanicus","joint_bb","M1","record_equal",0.44,0.34,0.54,0.05,1,"",TRUE,1,23
"Synaphobranchus_kaupii","joint_bb","M1","record_equal",0.44,0.34,0.54,0.05,1,"fixture_warning",TRUE,1,22
"Arapaima_gigas","joint_bb","M1","record_equal",0.44,0.34,0.54,0.05,1,"",TRUE,1,21
"Brienomyrus_brachyistius","joint_bb","M1","record_equal",0.44,0.34,0.54,0.05,1,"",TRUE,1,20
"Paramormyrops_kingsleyae","joint_bb","M1","record_equal",0.44,0.34,0.54,0.05,1,"",TRUE,1,19
"Scleropages_formosus","joint_bb","M1","record_equal",0.44,0.34,0.54,0.05,1,"",TRUE,1,18
"Hiodon_alosoides","joint_bb","M1","record_equal",0.44,0.34,0.54,0.05,1,"",TRUE,1,17
"Alosa_alosa","joint_bb","M1","record_equal",0.44,0.34,0.54,0.05,1,"",TRUE,1,16
"Alosa_pseudoharengus","joint_bb","M1","record_equal",0.44,0.34,0.54,0.05,1,"fixture_warning",TRUE,1,15
"Alosa_sapidissima","joint_bb","M1","record_equal",0.44,0.34,0.54,0.05,1,"",TRUE,1,14
"Sardina_pilchardus","joint_bb","M1","record_equal",0.44,0.34,0.54,0.05,1,"",TRUE,1,13
"Clupea_harengus","joint_bb","M1","record_equal",0.44,0.34,0.54,0.05,1,"",TRUE,1,12
"Sprattus_sprattus","joint_bb","M1","record_equal",0.44,0.34,0.54,0.05,1,"",TRUE,1,11
"Denticeps_clupeoides","joint_bb","M1","record_equal",0.44,0.34,0.54,0.05,1,"",TRUE,1,10
"Coilia_grayii","joint_bb","M1","record_equal",0.44,0.34,0.54,0.05,1,"",TRUE,1,9
"Coilia_mystus","joint_bb","M1","record_equal",0.44,0.34,0.54,0.05,1,"fixture_warning",TRUE,1,8
"Engraulis_encrasicolus","joint_bb","M1","record_equal",0.44,0.34,0.54,0.05,1,"",TRUE,1,7
"Chanos_chanos","joint_bb","M1","record_equal",0.44,0.34,0.54,0.05,1,"",TRUE,1,6
"Myxocyprinus_asiaticus","joint_bb","M1","record_equal",0.44,0.34,0.54,0.05,1,"",TRUE,1,5
"Xyrauchen_texanus","joint_bb","M1","record_equal",0.44,0.34,0.54,0.05,1,"",TRUE,1,4
"Misgurnus_anguillicaudatus","joint_bb","M1","record_equal",0.44,0.34,0.54,0.05,1,"",TRUE,1,3
"Paramisgurnus_dabryanus","joint_bb","M1","record_equal",0.44,0.34,0.54,0.05,1,"",TRUE,1,2
"Abramis_brama","joint_bb","M1","record_equal",0.44,0.34,0.54,0.05,1,"fixture_warning",TRUE,1,1
"Erpetoichthys_calabaricus","joint_bb","M2","record_equal",0.51,0.41,0.61,0.05,1,"",TRUE,1,42
"Polypterus_senegalus","joint_bb","M2","record_equal",0.51,0.41,0.61,0.05,1,"",TRUE,1,41
"Acipenser_oxyrinchus","joint_bb","M2","record_equal",0.51,0.41,0.61,0.05,1,"",TRUE,1,40
"Acipenser_ruthenus","joint_bb","M2","record_equal",0.51,0.41,0.61,0.05,1,"",TRUE,1,39
"Acipenser_sinensis","joint_bb","M2","record_equal",0.51,0.41,0.61,0.05,1,"",TRUE,1,38
"Huso_huso","joint_bb","M2","record_equal",0.51,0.41,0.61,0.05,1,"",TRUE,1,37
"Polyodon_spathula","joint_bb","M2","record_equal",0.51,0.41,0.61,0.05,1,"fixture_warning",TRUE,1,36
"Amia_ocellicauda","joint_bb","M2","record_equal",0.51,0.41,0.61,0.05,1,"",TRUE,1,35
"Atractosteus_spatula","joint_bb","M2","record_equal",0.51,0.41,0.61,0.05,1,"",TRUE,1,34
"Lepisosteus_oculatus","joint_bb","M2","record_equal",0.51,0.41,0.61,0.05,1,"",TRUE,1,33
"Megalops_atlanticus","joint_bb","M2","record_equal",0.51,0.41,0.61,0.05,1,"",TRUE,1,32
"Megalops_cyprinoides","joint_bb","M2","record_equal",0.51,0.41,0.61,0.05,1,"",TRUE,1,31
"Albula_glossodonta","joint_bb","M2","record_equal",0.51,0.41,0.61,0.05,1,"",TRUE,1,30
"Albula_goreensis","joint_bb","M2","record_equal",0.51,0.41,0.61,0.05,1,"fixture_warning",TRUE,1,29
"Aldrovandia_affinis","joint_bb","M2","record_equal",0.51,0.41,0.61,0.05,1,"",TRUE,1,28
"Anguilla_anguilla","joint_bb","M2","record_equal",0.51,0.41,0.61,0.05,1,"",TRUE,1,27
"Anguilla_japonica","joint_bb","M2","record_equal",0.51,0.41,0.61,0.05,1,"",TRUE,1,26
"Anguilla_rostrata","joint_bb","M2","record_equal",0.51,0.41,0.61,0.05,1,"",TRUE,1,25
"Conger_conger","joint_bb","M2","record_equal",0.51,0.41,0.61,0.05,1,"",TRUE,1,24
"Gymnothorax_javanicus","joint_bb","M2","record_equal",0.51,0.41,0.61,0.05,1,"",TRUE,1,23
"Synaphobranchus_kaupii","joint_bb","M2","record_equal",0.51,0.41,0.61,0.05,1,"fixture_warning",TRUE,1,22
"Arapaima_gigas","joint_bb","M2","record_equal",0.51,0.41,0.61,0.05,1,"",TRUE,1,21
"Brienomyrus_brachyistius","joint_bb","M2","record_equal",0.51,0.41,0.61,0.05,1,"",TRUE,1,20
"Paramormyrops_kingsleyae","joint_bb","M2","record_equal",0.51,0.41,0.61,0.05,1,"",TRUE,1,19
"Scleropages_formosus","joint_bb","M2","record_equal",0.51,0.41,0.61,0.05,1,"",TRUE,1,18
"Hiodon_alosoides","joint_bb","M2","record_equal",0.51,0.41,0.61,0.05,1,"",TRUE,1,17
"Alosa_alosa","joint_bb","M2","record_equal",0.51,0.41,0.61,0.05,1,"",TRUE,1,16
"Alosa_pseudoharengus","joint_bb","M2","record_equal",0.51,0.41,0.61,0.05,1,"fixture_warning",TRUE,1,15
"Alosa_sapidissima","joint_bb","M2","record_equal",0.51,0.41,0.61,0.05,1,"",TRUE,1,14
"Sardina_pilchardus","joint_bb","M2","record_equal",0.51,0.41,0.61,0.05,1,"",TRUE,1,13
"Clupea_harengus","joint_bb","M2","record_equal",0.51,0.41,0.61,0.05,1,"",TRUE,1,12
"Sprattus_sprattus","joint_bb","M2","record_equal",0.51,0.41,0.61,0.05,1,"",TRUE,1,11
"Denticeps_clupeoides","joint_bb","M2","record_equal",0.51,0.41,0.61,0.05,1,"",TRUE,1,10
"Coilia_grayii","joint_bb","M2","record_equal",0.51,0.41,0.61,0.05,1,"",TRUE,1,9
"Coilia_mystus","joint_bb","M2","record_equal",0.51,0.41,0.61,0.05,1,"fixture_warning",TRUE,1,8
"Engraulis_encrasicolus","joint_bb","M2","record_equal",0.51,0.41,0.61,0.05,1,"",TRUE,1,7
"Chanos_chanos","joint_bb","M2","record_equal",0.51,0.41,0.61,0.05,1,"",TRUE,1,6
"Myxocyprinus_asiaticus","joint_bb","M2","record_equal",0.51,0.41,0.61,0.05,1,"",TRUE,1,5
"Xyrauchen_texanus","joint_bb","M2","record_equal",0.51,0.41,0.61,0.05,1,"",TRUE,1,4
"Misgurnus_anguillicaudatus","joint_bb","M2","record_equal",0.51,0.41,0.61,0.05,1,"",TRUE,1,3
"Paramisgurnus_dabryanus","joint_bb","M2","record_equal",0.51,0.41,0.61,0.05,1,"",TRUE,1,2
"Abramis_brama","joint_bb","M2","record_equal",0.51,0.41,0.61,0.05,1,"fixture_warning",TRUE,1,1
"Erpetoichthys_calabaricus","joint_bb","M3","record_equal",0.58,0.48,0.68,0.05,1,"",TRUE,1,42
"Polypterus_senegalus","joint_bb","M3","record_equal",0.58,0.48,0.68,0.05,1,"",TRUE,1,41
"Acipenser_oxyrinchus","joint_bb","M3","record_equal",0.58,0.48,0.68,0.05,1,"",TRUE,1,40
"Acipenser_ruthenus","joint_bb","M3","record_equal",0.58,0.48,0.68,0.05,1,"",TRUE,1,39
"Acipenser_sinensis","joint_bb","M3","record_equal",0.58,0.48,0.68,0.05,1,"",TRUE,1,38
"Huso_huso","joint_bb","M3","record_equal",0.58,0.48,0.68,0.05,1,"",TRUE,1,37
"Polyodon_spathula","joint_bb","M3","record_equal",0.58,0.48,0.68,0.05,1,"fixture_warning",TRUE,1,36
"Amia_ocellicauda","joint_bb","M3","record_equal",0.58,0.48,0.68,0.05,1,"",TRUE,1,35
"Atractosteus_spatula","joint_bb","M3","record_equal",0.58,0.48,0.68,0.05,1,"",TRUE,1,34
"Lepisosteus_oculatus","joint_bb","M3","record_equal",0.58,0.48,0.68,0.05,1,"",TRUE,1,33
"Megalops_atlanticus","joint_bb","M3","record_equal",0.58,0.48,0.68,0.05,1,"",TRUE,1,32
"Megalops_cyprinoides","joint_bb","M3","record_equal",0.58,0.48,0.68,0.05,1,"",TRUE,1,31
"Albula_glossodonta","joint_bb","M3","record_equal",0.58,0.48,0.68,0.05,1,"",TRUE,1,30
"Albula_goreensis","joint_bb","M3","record_equal",0.58,0.48,0.68,0.05,1,"fixture_warning",TRUE,1,29
"Aldrovandia_affinis","joint_bb","M3","record_equal",0.58,0.48,0.68,0.05,1,"",TRUE,1,28
"Anguilla_anguilla","joint_bb","M3","record_equal",0.58,0.48,0.68,0.05,1,"",TRUE,1,27
"Anguilla_japonica","joint_bb","M3","record_equal",0.58,0.48,0.68,0.05,1,"",TRUE,1,26
"Anguilla_rostrata","joint_bb","M3","record_equal",0.58,0.48,0.68,0.05,1,"",TRUE,1,25
"Conger_conger","joint_bb","M3","record_equal",0.58,0.48,0.68,0.05,1,"",TRUE,1,24
"Gymnothorax_javanicus","joint_bb","M3","record_equal",0.58,0.48,0.68,0.05,1,"",TRUE,1,23
"Synaphobranchus_kaupii","joint_bb","M3","record_equal",0.58,0.48,0.68,0.05,1,"fixture_warning",TRUE,1,22
"Arapaima_gigas","joint_bb","M3","record_equal",0.58,0.48,0.68,0.05,1,"",TRUE,1,21
"Brienomyrus_brachyistius","joint_bb","M3","record_equal",0.58,0.48,0.68,0.05,1,"",TRUE,1,20
"Paramormyrops_kingsleyae","joint_bb","M3","record_equal",0.58,0.48,0.68,0.05,1,"",TRUE,1,19
"Scleropages_formosus","joint_bb","M3","record_equal",0.58,0.48,0.68,0.05,1,"",TRUE,1,18
"Hiodon_alosoides","joint_bb","M3","record_equal",0.58,0.48,0.68,0.05,1,"",TRUE,1,17
"Alosa_alosa","joint_bb","M3","record_equal",0.58,0.48,0.68,0.05,1,"",TRUE,1,16
"Alosa_pseudoharengus","joint_bb","M3","record_equal",0.58,0.48,0.68,0.05,1,"fixture_warning",TRUE,1,15
"Alosa_sapidissima","joint_bb","M3","record_equal",0.58,0.48,0.68,0.05,1,"",TRUE,1,14
"Sardina_pilchardus","joint_bb","M3","record_equal",0.58,0.48,0.68,0.05,1,"",TRUE,1,13
"Clupea_harengus","joint_bb","M3","record_equal",0.58,0.48,0.68,0.05,1,"",TRUE,1,12
"Sprattus_sprattus","joint_bb","M3","record_equal",0.58,0.48,0.68,0.05,1,"",TRUE,1,11
"Denticeps_clupeoides","joint_bb","M3","record_equal",0.58,0.48,0.68,0.05,1,"",TRUE,1,10
"Coilia_grayii","joint_bb","M3","record_equal",0.58,0.48,0.68,0.05,1,"",TRUE,1,9
"Coilia_mystus","joint_bb","M3","record_equal",0.58,0.48,0.68,0.05,1,"fixture_warning",TRUE,1,8
"Engraulis_encrasicolus","joint_bb","M3","record_equal",0.58,0.48,0.68,0.05,1,"",TRUE,1,7
"Chanos_chanos","joint_bb","M3","record_equal",0.58,0.48,0.68,0.05,1,"",TRUE,1,6
"Myxocyprinus_asiaticus","joint_bb","M3","record_equal",0.58,0.48,0.68,0.05,1,"",TRUE,1,5
"Xyrauchen_texanus","joint_bb","M3","record_equal",0.58,0.48,0.68,0.05,1,"",TRUE,1,4
"Misgurnus_anguillicaudatus","joint_bb","M3","record_equal",0.58,0.48,0.68,0.05,1,"",TRUE,1,3
"Paramisgurnus_dabryanus","joint_bb","M3","record_equal",0.58,0.48,0.68,0.05,1,"",TRUE,1,2
"Abramis_brama","joint_bb","M3","record_equal",0.58,0.48,0.68,0.05,1,"fixture_warning",TRUE,1,1
"Barbus_barbus","joint_bb","Null","record_equal",0.37,0.27,0.47,0.05,1,"",TRUE,2,42
"Carassius_auratus","joint_bb","Null","record_equal",0.37,0.27,0.47,0.05,1,"",TRUE,2,41
"Carassius_carassius","joint_bb","Null","record_equal",0.37,0.27,0.47,0.05,1,"",TRUE,2,40
"Carassius_gibelio","joint_bb","Null","record_equal",0.37,0.27,0.47,0.05,1,"",TRUE,2,39
"Chanodichthys_erythropterus","joint_bb","Null","record_equal",0.37,0.27,0.47,0.05,1,"",TRUE,2,38
"Cirrhinus_molitorella","joint_bb","Null","record_equal",0.37,0.27,0.47,0.05,1,"",TRUE,2,37
"Ctenopharyngodon_idella","joint_bb","Null","record_equal",0.37,0.27,0.47,0.05,1,"fixture_warning",TRUE,2,36
"Culter_alburnus","joint_bb","Null","record_equal",0.37,0.27,0.47,0.05,1,"",TRUE,2,35
"Cyprinella_venusta","joint_bb","Null","record_equal",0.37,0.27,0.47,0.05,1,"",TRUE,2,34
"Cyprinus_carpio","joint_bb","Null","record_equal",0.37,0.27,0.47,0.05,1,"",TRUE,2,33
"Danio_aesculapii","joint_bb","Null","record_equal",0.37,0.27,0.47,0.05,1,"",TRUE,2,32
"Danio_rerio","joint_bb","Null","record_equal",0.37,0.27,0.47,0.05,1,"",TRUE,2,31
"Garra_rufa","joint_bb","Null","record_equal",0.37,0.27,0.47,0.05,1,"",TRUE,2,30
"Hemiculter_leucisculus","joint_bb","Null","record_equal",0.37,0.27,0.47,0.05,1,"fixture_warning",TRUE,2,29
"Labeo_rohita","joint_bb","Null","record_equal",0.37,0.27,0.47,0.05,1,"",TRUE,2,28
"Leuciscus_chuanchicus","joint_bb","Null","record_equal",0.37,0.27,0.47,0.05,1,"",TRUE,2,27
"Leuciscus_leuciscus","joint_bb","Null","record_equal",0.37,0.27,0.47,0.05,1,"",TRUE,2,26
"Leuciscus_waleckii","joint_bb","Null","record_equal",0.37,0.27,0.47,0.05,1,"",TRUE,2,25
"Megalobrama_amblycephala","joint_bb","Null","record_equal",0.37,0.27,0.47,0.05,1,"",TRUE,2,24
"Mylopharyngodon_piceus","joint_bb","Null","record_equal",0.37,0.27,0.47,0.05,1,"",TRUE,2,23
"Onychostoma_macrolepis","joint_bb","Null","record_equal",0.37,0.27,0.47,0.05,1,"fixture_warning",TRUE,2,22
"Phoxinus_phoxinus","joint_bb","Null","record_equal",0.37,0.27,0.47,0.05,1,"",TRUE,2,21
"Pimephales_promelas","joint_bb","Null","record_equal",0.37,0.27,0.47,0.05,1,"",TRUE,2,20
"Pseudorasbora_parva","joint_bb","Null","record_equal",0.37,0.27,0.47,0.05,1,"",TRUE,2,19
"Puntigrus_tetrazona","joint_bb","Null","record_equal",0.37,0.27,0.47,0.05,1,"",TRUE,2,18
"Rutilus_rutilus","joint_bb","Null","record_equal",0.37,0.27,0.47,0.05,1,"",TRUE,2,17
"Scardinius_erythrophthalmus","joint_bb","Null","record_equal",0.37,0.27,0.47,0.05,1,"",TRUE,2,16
"Sinocyclocheilus_anshuiensis","joint_bb","Null","record_equal",0.37,0.27,0.47,0.05,1,"fixture_warning",TRUE,2,15
"Sinocyclocheilus_grahami","joint_bb","Null","record_equal",0.37,0.27,0.47,0.05,1,"",TRUE,2,14
"Sinocyclocheilus_rhinocerous","joint_bb","Null","record_equal",0.37,0.27,0.47,0.05,1,"",TRUE,2,13
"Siphateles_boraxobius","joint_bb","Null","record_equal",0.37,0.27,0.47,0.05,1,"",TRUE,2,12
"Squalius_cephalus","joint_bb","Null","record_equal",0.37,0.27,0.47,0.05,1,"",TRUE,2,11
"Gobio_gobio","joint_bb","Null","record_equal",0.37,0.27,0.47,0.05,1,"",TRUE,2,10
"Rhinichthys_klamathensis","joint_bb","Null","record_equal",0.37,0.27,0.47,0.05,1,"",TRUE,2,9
"Barbatula_barbatula","joint_bb","Null","record_equal",0.37,0.27,0.47,0.05,1,"fixture_warning",TRUE,2,8
"Triplophysa_dalaica","joint_bb","Null","record_equal",0.37,0.27,0.47,0.05,1,"",TRUE,2,7
"Triplophysa_rosa","joint_bb","Null","record_equal",0.37,0.27,0.47,0.05,1,"",TRUE,2,6
"Astyanax_lacustris","joint_bb","Null","record_equal",0.37,0.27,0.47,0.05,1,"",TRUE,2,5
"Astyanax_mexicanus","joint_bb","Null","record_equal",0.37,0.27,0.47,0.05,1,"",TRUE,2,4
"Salminus_brasiliensis","joint_bb","Null","record_equal",0.37,0.27,0.47,0.05,1,"",TRUE,2,3
"Hoplias_malabaricus","joint_bb","Null","record_equal",0.37,0.27,0.47,0.05,1,"",TRUE,2,2
"Prochilodus_magdalenae","joint_bb","Null","record_equal",0.37,0.27,0.47,0.05,1,"fixture_warning",TRUE,2,1
"Barbus_barbus","joint_bb","M1","record_equal",0.44,0.34,0.54,0.05,1,"",TRUE,2,42
"Carassius_auratus","joint_bb","M1","record_equal",0.44,0.34,0.54,0.05,1,"",TRUE,2,41
"Carassius_carassius","joint_bb","M1","record_equal",0.44,0.34,0.54,0.05,1,"",TRUE,2,40
"Carassius_gibelio","joint_bb","M1","record_equal",0.44,0.34,0.54,0.05,1,"",TRUE,2,39
"Chanodichthys_erythropterus","joint_bb","M1","record_equal",0.44,0.34,0.54,0.05,1,"",TRUE,2,38
"Cirrhinus_molitorella","joint_bb","M1","record_equal",0.44,0.34,0.54,0.05,1,"",TRUE,2,37
"Ctenopharyngodon_idella","joint_bb","M1","record_equal",0.44,0.34,0.54,0.05,1,"fixture_warning",TRUE,2,36
"Culter_alburnus","joint_bb","M1","record_equal",0.44,0.34,0.54,0.05,1,"",TRUE,2,35
"Cyprinella_venusta","joint_bb","M1","record_equal",0.44,0.34,0.54,0.05,1,"",TRUE,2,34
"Cyprinus_carpio","joint_bb","M1","record_equal",0.44,0.34,0.54,0.05,1,"",TRUE,2,33
"Danio_aesculapii","joint_bb","M1","record_equal",0.44,0.34,0.54,0.05,1,"",TRUE,2,32
"Danio_rerio","joint_bb","M1","record_equal",0.44,0.34,0.54,0.05,1,"",TRUE,2,31
"Garra_rufa","joint_bb","M1","record_equal",0.44,0.34,0.54,0.05,1,"",TRUE,2,30
"Hemiculter_leucisculus","joint_bb","M1","record_equal",0.44,0.34,0.54,0.05,1,"fixture_warning",TRUE,2,29
"Labeo_rohita","joint_bb","M1","record_equal",0.44,0.34,0.54,0.05,1,"",TRUE,2,28
"Leuciscus_chuanchicus","joint_bb","M1","record_equal",0.44,0.34,0.54,0.05,1,"",TRUE,2,27
"Leuciscus_leuciscus","joint_bb","M1","record_equal",0.44,0.34,0.54,0.05,1,"",TRUE,2,26
"Leuciscus_waleckii","joint_bb","M1","record_equal",0.44,0.34,0.54,0.05,1,"",TRUE,2,25
"Megalobrama_amblycephala","joint_bb","M1","record_equal",0.44,0.34,0.54,0.05,1,"",TRUE,2,24
"Mylopharyngodon_piceus","joint_bb","M1","record_equal",0.44,0.34,0.54,0.05,1,"",TRUE,2,23
"Onychostoma_macrolepis","joint_bb","M1","record_equal",0.44,0.34,0.54,0.05,1,"fixture_warning",TRUE,2,22
"Phoxinus_phoxinus","joint_bb","M1","record_equal",0.44,0.34,0.54,0.05,1,"",TRUE,2,21
"Pimephales_promelas","joint_bb","M1","record_equal",0.44,0.34,0.54,0.05,1,"",TRUE,2,20
"Pseudorasbora_parva","joint_bb","M1","record_equal",0.44,0.34,0.54,0.05,1,"",TRUE,2,19
"Puntigrus_tetrazona","joint_bb","M1","record_equal",0.44,0.34,0.54,0.05,1,"",TRUE,2,18
"Rutilus_rutilus","joint_bb","M1","record_equal",0.44,0.34,0.54,0.05,1,"",TRUE,2,17
"Scardinius_erythrophthalmus","joint_bb","M1","record_equal",0.44,0.34,0.54,0.05,1,"",TRUE,2,16
"Sinocyclocheilus_anshuiensis","joint_bb","M1","record_equal",0.44,0.34,0.54,0.05,1,"fixture_warning",TRUE,2,15
"Sinocyclocheilus_grahami","joint_bb","M1","record_equal",0.44,0.34,0.54,0.05,1,"",TRUE,2,14
"Sinocyclocheilus_rhinocerous","joint_bb","M1","record_equal",0.44,0.34,0.54,0.05,1,"",TRUE,2,13
"Siphateles_boraxobius","joint_bb","M1","record_equal",0.44,0.34,0.54,0.05,1,"",TRUE,2,12
"Squalius_cephalus","joint_bb","M1","record_equal",0.44,0.34,0.54,0.05,1,"",TRUE,2,11
"Gobio_gobio","joint_bb","M1","record_equal",0.44,0.34,0.54,0.05,1,"",TRUE,2,10
"Rhinichthys_klamathensis","joint_bb","M1","record_equal",0.44,0.34,0.54,0.05,1,"",TRUE,2,9
"Barbatula_barbatula","joint_bb","M1","record_equal",0.44,0.34,0.54,0.05,1,"fixture_warning",TRUE,2,8
"Triplophysa_dalaica","joint_bb","M1","record_equal",0.44,0.34,0.54,0.05,1,"",TRUE,2,7
"Triplophysa_rosa","joint_bb","M1","record_equal",0.44,0.34,0.54,0.05,1,"",TRUE,2,6
"Astyanax_lacustris","joint_bb","M1","record_equal",0.44,0.34,0.54,0.05,1,"",TRUE,2,5
"Astyanax_mexicanus","joint_bb","M1","record_equal",0.44,0.34,0.54,0.05,1,"",TRUE,2,4
"Salminus_brasiliensis","joint_bb","M1","record_equal",0.44,0.34,0.54,0.05,1,"",TRUE,2,3
"Hoplias_malabaricus","joint_bb","M1","record_equal",0.44,0.34,0.54,0.05,1,"",TRUE,2,2
"Prochilodus_magdalenae","joint_bb","M1","record_equal",0.44,0.34,0.54,0.05,1,"fixture_warning",TRUE,2,1
"Barbus_barbus","joint_bb","M2","record_equal",0.51,0.41,0.61,0.05,1,"",TRUE,2,42
"Carassius_auratus","joint_bb","M2","record_equal",0.51,0.41,0.61,0.05,1,"",TRUE,2,41
"Carassius_carassius","joint_bb","M2","record_equal",0.51,0.41,0.61,0.05,1,"",TRUE,2,40
"Carassius_gibelio","joint_bb","M2","record_equal",0.51,0.41,0.61,0.05,1,"",TRUE,2,39
"Chanodichthys_erythropterus","joint_bb","M2","record_equal",0.51,0.41,0.61,0.05,1,"",TRUE,2,38
"Cirrhinus_molitorella","joint_bb","M2","record_equal",0.51,0.41,0.61,0.05,1,"",TRUE,2,37
"Ctenopharyngodon_idella","joint_bb","M2","record_equal",0.51,0.41,0.61,0.05,1,"fixture_warning",TRUE,2,36
"Culter_alburnus","joint_bb","M2","record_equal",0.51,0.41,0.61,0.05,1,"",TRUE,2,35
"Cyprinella_venusta","joint_bb","M2","record_equal",0.51,0.41,0.61,0.05,1,"",TRUE,2,34
"Cyprinus_carpio","joint_bb","M2","record_equal",0.51,0.41,0.61,0.05,1,"",TRUE,2,33
"Danio_aesculapii","joint_bb","M2","record_equal",0.51,0.41,0.61,0.05,1,"",TRUE,2,32
"Danio_rerio","joint_bb","M2","record_equal",0.51,0.41,0.61,0.05,1,"",TRUE,2,31
"Garra_rufa","joint_bb","M2","record_equal",0.51,0.41,0.61,0.05,1,"",TRUE,2,30
"Hemiculter_leucisculus","joint_bb","M2","record_equal",0.51,0.41,0.61,0.05,1,"fixture_warning",TRUE,2,29
"Labeo_rohita","joint_bb","M2","record_equal",0.51,0.41,0.61,0.05,1,"",TRUE,2,28
"Leuciscus_chuanchicus","joint_bb","M2","record_equal",0.51,0.41,0.61,0.05,1,"",TRUE,2,27
"Leuciscus_leuciscus","joint_bb","M2","record_equal",0.51,0.41,0.61,0.05,1,"",TRUE,2,26
"Leuciscus_waleckii","joint_bb","M2","record_equal",0.51,0.41,0.61,0.05,1,"",TRUE,2,25
"Megalobrama_amblycephala","joint_bb","M2","record_equal",0.51,0.41,0.61,0.05,1,"",TRUE,2,24
"Mylopharyngodon_piceus","joint_bb","M2","record_equal",0.51,0.41,0.61,0.05,1,"",TRUE,2,23
"Onychostoma_macrolepis","joint_bb","M2","record_equal",0.51,0.41,0.61,0.05,1,"fixture_warning",TRUE,2,22
"Phoxinus_phoxinus","joint_bb","M2","record_equal",0.51,0.41,0.61,0.05,1,"",TRUE,2,21
"Pimephales_promelas","joint_bb","M2","record_equal",0.51,0.41,0.61,0.05,1,"",TRUE,2,20
"Pseudorasbora_parva","joint_bb","M2","record_equal",0.51,0.41,0.61,0.05,1,"",TRUE,2,19
"Puntigrus_tetrazona","joint_bb","M2","record_equal",0.51,0.41,0.61,0.05,1,"",TRUE,2,18
"Rutilus_rutilus","joint_bb","M2","record_equal",0.51,0.41,0.61,0.05,1,"",TRUE,2,17
"Scardinius_erythrophthalmus","joint_bb","M2","record_equal",0.51,0.41,0.61,0.05,1,"",TRUE,2,16
"Sinocyclocheilus_anshuiensis","joint_bb","M2","record_equal",0.51,0.41,0.61,0.05,1,"fixture_warning",TRUE,2,15
"Sinocyclocheilus_grahami","joint_bb","M2","record_equal",0.51,0.41,0.61,0.05,1,"",TRUE,2,14
"Sinocyclocheilus_rhinocerous","joint_bb","M2","record_equal",0.51,0.41,0.61,0.05,1,"",TRUE,2,13
"Siphateles_boraxobius","joint_bb","M2","record_equal",0.51,0.41,0.61,0.05,1,"",TRUE,2,12
"Squalius_cephalus","joint_bb","M2","record_equal",0.51,0.41,0.61,0.05,1,"",TRUE,2,11
"Gobio_gobio","joint_bb","M2","record_equal",0.51,0.41,0.61,0.05,1,"",TRUE,2,10
"Rhinichthys_klamathensis","joint_bb","M2","record_equal",0.51,0.41,0.61,0.05,1,"",TRUE,2,9
"Barbatula_barbatula","joint_bb","M2","record_equal",0.51,0.41,0.61,0.05,1,"fixture_warning",TRUE,2,8
"Triplophysa_dalaica","joint_bb","M2","record_equal",0.51,0.41,0.61,0.05,1,"",TRUE,2,7
"Triplophysa_rosa","joint_bb","M2","record_equal",0.51,0.41,0.61,0.05,1,"",TRUE,2,6
"Astyanax_lacustris","joint_bb","M2","record_equal",0.51,0.41,0.61,0.05,1,"",TRUE,2,5
"Astyanax_mexicanus","joint_bb","M2","record_equal",0.51,0.41,0.61,0.05,1,"",TRUE,2,4
"Salminus_brasiliensis","joint_bb","M2","record_equal",0.51,0.41,0.61,0.05,1,"",TRUE,2,3
"Hoplias_malabaricus","joint_bb","M2","record_equal",0.51,0.41,0.61,0.05,1,"",TRUE,2,2
"Prochilodus_magdalenae","joint_bb","M2","record_equal",0.51,0.41,0.61,0.05,1,"fixture_warning",TRUE,2,1
"Barbus_barbus","joint_bb","M3","record_equal",0.58,0.48,0.68,0.05,1,"",TRUE,2,42
"Carassius_auratus","joint_bb","M3","record_equal",0.58,0.48,0.68,0.05,1,"",TRUE,2,41
"Carassius_carassius","joint_bb","M3","record_equal",0.58,0.48,0.68,0.05,1,"",TRUE,2,40
"Carassius_gibelio","joint_bb","M3","record_equal",0.58,0.48,0.68,0.05,1,"",TRUE,2,39
"Chanodichthys_erythropterus","joint_bb","M3","record_equal",0.58,0.48,0.68,0.05,1,"",TRUE,2,38
"Cirrhinus_molitorella","joint_bb","M3","record_equal",0.58,0.48,0.68,0.05,1,"",TRUE,2,37
"Ctenopharyngodon_idella","joint_bb","M3","record_equal",0.58,0.48,0.68,0.05,1,"fixture_warning",TRUE,2,36
"Culter_alburnus","joint_bb","M3","record_equal",0.58,0.48,0.68,0.05,1,"",TRUE,2,35
"Cyprinella_venusta","joint_bb","M3","record_equal",0.58,0.48,0.68,0.05,1,"",TRUE,2,34
"Cyprinus_carpio","joint_bb","M3","record_equal",0.58,0.48,0.68,0.05,1,"",TRUE,2,33
"Danio_aesculapii","joint_bb","M3","record_equal",0.58,0.48,0.68,0.05,1,"",TRUE,2,32
"Danio_rerio","joint_bb","M3","record_equal",0.58,0.48,0.68,0.05,1,"",TRUE,2,31
"Garra_rufa","joint_bb","M3","record_equal",0.58,0.48,0.68,0.05,1,"",TRUE,2,30
"Hemiculter_leucisculus","joint_bb","M3","record_equal",0.58,0.48,0.68,0.05,1,"fixture_warning",TRUE,2,29
"Labeo_rohita","joint_bb","M3","record_equal",0.58,0.48,0.68,0.05,1,"",TRUE,2,28
"Leuciscus_chuanchicus","joint_bb","M3","record_equal",0.58,0.48,0.68,0.05,1,"",TRUE,2,27
"Leuciscus_leuciscus","joint_bb","M3","record_equal",0.58,0.48,0.68,0.05,1,"",TRUE,2,26
"Leuciscus_waleckii","joint_bb","M3","record_equal",0.58,0.48,0.68,0.05,1,"",TRUE,2,25
"Megalobrama_amblycephala","joint_bb","M3","record_equal",0.58,0.48,0.68,0.05,1,"",TRUE,2,24
"Mylopharyngodon_piceus","joint_bb","M3","record_equal",0.58,0.48,0.68,0.05,1,"",TRUE,2,23
"Onychostoma_macrolepis","joint_bb","M3","record_equal",0.58,0.48,0.68,0.05,1,"fixture_warning",TRUE,2,22
"Phoxinus_phoxinus","joint_bb","M3","record_equal",0.58,0.48,0.68,0.05,1,"",TRUE,2,21
"Pimephales_promelas","joint_bb","M3","record_equal",0.58,0.48,0.68,0.05,1,"",TRUE,2,20
"Pseudorasbora_parva","joint_bb","M3","record_equal",0.58,0.48,0.68,0.05,1,"",TRUE,2,19
"Puntigrus_tetrazona","joint_bb","M3","record_equal",0.58,0.48,0.68,0.05,1,"",TRUE,2,18
"Rutilus_rutilus","joint_bb","M3","record_equal",0.58,0.48,0.68,0.05,1,"",TRUE,2,17
"Scardinius_erythrophthalmus","joint_bb","M3","record_equal",0.58,0.48,0.68,0.05,1,"",TRUE,2,16
"Sinocyclocheilus_anshuiensis","joint_bb","M3","record_equal",0.58,0.48,0.68,0.05,1,"fixture_warning",TRUE,2,15
"Sinocyclocheilus_grahami","joint_bb","M3","record_equal",0.58,0.48,0.68,0.05,1,"",TRUE,2,14
"Sinocyclocheilus_rhinocerous","joint_bb","M3","record_equal",0.58,0.48,0.68,0.05,1,"",TRUE,2,13
"Siphateles_boraxobius","joint_bb","M3","record_equal",0.58,0.48,0.68,0.05,1,"",TRUE,2,12
"Squalius_cephalus","joint_bb","M3","record_equal",0.58,0.48,0.68,0.05,1,"",TRUE,2,11
"Gobio_gobio","joint_bb","M3","record_equal",0.58,0.48,0.68,0.05,1,"",TRUE,2,10
"Rhinichthys_klamathensis","joint_bb","M3","record_equal",0.58,0.48,0.68,0.05,1,"",TRUE,2,9
"Barbatula_barbatula","joint_bb","M3","record_equal",0.58,0.48,0.68,0.05,1,"fixture_warning",TRUE,2,8
"Triplophysa_dalaica","joint_bb","M3","record_equal",0.58,0.48,0.68,0.05,1,"",TRUE,2,7
"Triplophysa_rosa","joint_bb","M3","record_equal",0.58,0.48,0.68,0.05,1,"",TRUE,2,6
"Astyanax_lacustris","joint_bb","M3","record_equal",0.58,0.48,0.68,0.05,1,"",TRUE,2,5
"Astyanax_mexicanus","joint_bb","M3","record_equal",0.58,0.48,0.68,0.05,1,"",TRUE,2,4
"Salminus_brasiliensis","joint_bb","M3","record_equal",0.58,0.48,0.68,0.05,1,"",TRUE,2,3
"Hoplias_malabaricus","joint_bb","M3","record_equal",0.58,0.48,0.68,0.05,1,"",TRUE,2,2
"Prochilodus_magdalenae","joint_bb","M3","record_equal",0.58,0.48,0.68,0.05,1,"fixture_warning",TRUE,2,1
"Acnodon_oligacanthus","joint_bb","Null","record_equal",0.37,0.27,0.47,0.05,1,"",TRUE,3,42
"Colossoma_macropomum","joint_bb","Null","record_equal",0.37,0.27,0.47,0.05,1,"",TRUE,3,41
"Metynnis_hypsauchen","joint_bb","Null","record_equal",0.37,0.27,0.47,0.05,1,"",TRUE,3,40
"Pygocentrus_nattereri","joint_bb","Null","record_equal",0.37,0.27,0.47,0.05,1,"",TRUE,3,39
"Serrasalmus_rhombeus","joint_bb","Null","record_equal",0.37,0.27,0.47,0.05,1,"",TRUE,3,38
"Electrophorus_electricus","joint_bb","Null","record_equal",0.37,0.27,0.47,0.05,1,"",TRUE,3,37
"Electrophorus_voltai","joint_bb","Null","record_equal",0.37,0.27,0.47,0.05,1,"fixture_warning",TRUE,3,36
"Brachyhypopomus_gauderio","joint_bb","Null","record_equal",0.37,0.27,0.47,0.05,1,"",TRUE,3,35
"Neoarius_graeffei","joint_bb","Null","record_equal",0.37,0.27,0.47,0.05,1,"",TRUE,3,34
"Hemibagrus_guttatus","joint_bb","Null","record_equal",0.37,0.27,0.47,0.05,1,"",TRUE,3,33
"Hemibagrus_wyckioides","joint_bb","Null","record_equal",0.37,0.27,0.47,0.05,1,"",TRUE,3,32
"Tachysurus_fulvidraco","joint_bb","Null","record_equal",0.37,0.27,0.47,0.05,1,"",TRUE,3,31
"Tachysurus_vachellii","joint_bb","Null","record_equal",0.37,0.27,0.47,0.05,1,"",TRUE,3,30
"Clarias_gariepinus","joint_bb","Null","record_equal",0.37,0.27,0.47,0.05,1,"fixture_warning",TRUE,3,29
"Clarias_magur","joint_bb","Null","record_equal",0.37,0.27,0.47,0.05,1,"",TRUE,3,28
"Ictalurus_furcatus","joint_bb","Null","record_equal",0.37,0.27,0.47,0.05,1,"",TRUE,3,27
"Ictalurus_punctatus","joint_bb","Null","record_equal",0.37,0.27,0.47,0.05,1,"",TRUE,3,26
"Pangasianodon_gigas","joint_bb","Null","record_equal",0.37,0.27,0.47,0.05,1,"",TRUE,3,25
"Pangasianodon_hypophthalmus","joint_bb","Null","record_equal",0.37,0.27,0.47,0.05,1,"",TRUE,3,24
"Silurus_aristotelis","joint_bb","Null","record_equal",0.37,0.27,0.47,0.05,1,"",TRUE,3,23
"Silurus_asotus","joint_bb","Null","record_equal",0.37,0.27,0.47,0.05,1,"fixture_warning",TRUE,3,22
"Silurus_meridionalis","joint_bb","Null","record_equal",0.37,0.27,0.47,0.05,1,"",TRUE,3,21
"Trichomycterus_rosablanca","joint_bb","Null","record_equal",0.37,0.27,0.47,0.05,1,"",TRUE,3,20
"Nansenia_antarctica","joint_bb","Null","record_equal",0.37,0.27,0.47,0.05,1,"",TRUE,3,19
"Galaxias_brevipinnis","joint_bb","Null","record_equal",0.37,0.27,0.47,0.05,1,"",TRUE,3,18
"Coregonus_albula","joint_bb","Null","record_equal",0.37,0.27,0.47,0.05,1,"",TRUE,3,17
"Coregonus_clupeaformis","joint_bb","Null","record_equal",0.37,0.27,0.47,0.05,1,"",TRUE,3,16
"Coregonus_lavaretus","joint_bb","Null","record_equal",0.37,0.27,0.47,0.05,1,"fixture_warning",TRUE,3,15
"Coregonus_suidteri","joint_bb","Null","record_equal",0.37,0.27,0.47,0.05,1,"",TRUE,3,14
"Oncorhynchus_clarkii","joint_bb","Null","record_equal",0.37,0.27,0.47,0.05,1,"",TRUE,3,13
"Oncorhynchus_gorbuscha","joint_bb","Null","record_equal",0.37,0.27,0.47,0.05,1,"",TRUE,3,12
"Oncorhynchus_keta","joint_bb","Null","record_equal",0.37,0.27,0.47,0.05,1,"",TRUE,3,11
"Oncorhynchus_kisutch","joint_bb","Null","record_equal",0.37,0.27,0.47,0.05,1,"",TRUE,3,10
"Oncorhynchus_masou","joint_bb","Null","record_equal",0.37,0.27,0.47,0.05,1,"",TRUE,3,9
"Oncorhynchus_mykiss","joint_bb","Null","record_equal",0.37,0.27,0.47,0.05,1,"fixture_warning",TRUE,3,8
"Oncorhynchus_nerka","joint_bb","Null","record_equal",0.37,0.27,0.47,0.05,1,"",TRUE,3,7
"Oncorhynchus_tshawytscha","joint_bb","Null","record_equal",0.37,0.27,0.47,0.05,1,"",TRUE,3,6
"Salmo_salar","joint_bb","Null","record_equal",0.37,0.27,0.47,0.05,1,"",TRUE,3,5
"Salmo_trutta","joint_bb","Null","record_equal",0.37,0.27,0.47,0.05,1,"",TRUE,3,4
"Salvelinus_alpinus","joint_bb","Null","record_equal",0.37,0.27,0.47,0.05,1,"",TRUE,3,3
"Salvelinus_fontinalis","joint_bb","Null","record_equal",0.37,0.27,0.47,0.05,1,"",TRUE,3,2
"Salvelinus_namaycush","joint_bb","Null","record_equal",0.37,0.27,0.47,0.05,1,"fixture_warning",TRUE,3,1
"Acnodon_oligacanthus","joint_bb","M1","record_equal",0.44,0.34,0.54,0.05,1,"",TRUE,3,42
"Colossoma_macropomum","joint_bb","M1","record_equal",0.44,0.34,0.54,0.05,1,"",TRUE,3,41
"Metynnis_hypsauchen","joint_bb","M1","record_equal",0.44,0.34,0.54,0.05,1,"",TRUE,3,40
"Pygocentrus_nattereri","joint_bb","M1","record_equal",0.44,0.34,0.54,0.05,1,"",TRUE,3,39
"Serrasalmus_rhombeus","joint_bb","M1","record_equal",0.44,0.34,0.54,0.05,1,"",TRUE,3,38
"Electrophorus_electricus","joint_bb","M1","record_equal",0.44,0.34,0.54,0.05,1,"",TRUE,3,37
"Electrophorus_voltai","joint_bb","M1","record_equal",0.44,0.34,0.54,0.05,1,"fixture_warning",TRUE,3,36
"Brachyhypopomus_gauderio","joint_bb","M1","record_equal",0.44,0.34,0.54,0.05,1,"",TRUE,3,35
"Neoarius_graeffei","joint_bb","M1","record_equal",0.44,0.34,0.54,0.05,1,"",TRUE,3,34
"Hemibagrus_guttatus","joint_bb","M1","record_equal",0.44,0.34,0.54,0.05,1,"",TRUE,3,33
"Hemibagrus_wyckioides","joint_bb","M1","record_equal",0.44,0.34,0.54,0.05,1,"",TRUE,3,32
"Tachysurus_fulvidraco","joint_bb","M1","record_equal",0.44,0.34,0.54,0.05,1,"",TRUE,3,31
"Tachysurus_vachellii","joint_bb","M1","record_equal",0.44,0.34,0.54,0.05,1,"",TRUE,3,30
"Clarias_gariepinus","joint_bb","M1","record_equal",0.44,0.34,0.54,0.05,1,"fixture_warning",TRUE,3,29
"Clarias_magur","joint_bb","M1","record_equal",0.44,0.34,0.54,0.05,1,"",TRUE,3,28
"Ictalurus_furcatus","joint_bb","M1","record_equal",0.44,0.34,0.54,0.05,1,"",TRUE,3,27
"Ictalurus_punctatus","joint_bb","M1","record_equal",0.44,0.34,0.54,0.05,1,"",TRUE,3,26
"Pangasianodon_gigas","joint_bb","M1","record_equal",0.44,0.34,0.54,0.05,1,"",TRUE,3,25
"Pangasianodon_hypophthalmus","joint_bb","M1","record_equal",0.44,0.34,0.54,0.05,1,"",TRUE,3,24
"Silurus_aristotelis","joint_bb","M1","record_equal",0.44,0.34,0.54,0.05,1,"",TRUE,3,23
"Silurus_asotus","joint_bb","M1","record_equal",0.44,0.34,0.54,0.05,1,"fixture_warning",TRUE,3,22
"Silurus_meridionalis","joint_bb","M1","record_equal",0.44,0.34,0.54,0.05,1,"",TRUE,3,21
"Trichomycterus_rosablanca","joint_bb","M1","record_equal",0.44,0.34,0.54,0.05,1,"",TRUE,3,20
"Nansenia_antarctica","joint_bb","M1","record_equal",0.44,0.34,0.54,0.05,1,"",TRUE,3,19
"Galaxias_brevipinnis","joint_bb","M1","record_equal",0.44,0.34,0.54,0.05,1,"",TRUE,3,18
"Coregonus_albula","joint_bb","M1","record_equal",0.44,0.34,0.54,0.05,1,"",TRUE,3,17
"Coregonus_clupeaformis","joint_bb","M1","record_equal",0.44,0.34,0.54,0.05,1,"",TRUE,3,16
"Coregonus_lavaretus","joint_bb","M1","record_equal",0.44,0.34,0.54,0.05,1,"fixture_warning",TRUE,3,15
"Coregonus_suidteri","joint_bb","M1","record_equal",0.44,0.34,0.54,0.05,1,"",TRUE,3,14
"Oncorhynchus_clarkii","joint_bb","M1","record_equal",0.44,0.34,0.54,0.05,1,"",TRUE,3,13
"Oncorhynchus_gorbuscha","joint_bb","M1","record_equal",0.44,0.34,0.54,0.05,1,"",TRUE,3,12
"Oncorhynchus_keta","joint_bb","M1","record_equal",0.44,0.34,0.54,0.05,1,"",TRUE,3,11
"Oncorhynchus_kisutch","joint_bb","M1","record_equal",0.44,0.34,0.54,0.05,1,"",TRUE,3,10
"Oncorhynchus_masou","joint_bb","M1","record_equal",0.44,0.34,0.54,0.05,1,"",TRUE,3,9
"Oncorhynchus_mykiss","joint_bb","M1","record_equal",0.44,0.34,0.54,0.05,1,"fixture_warning",TRUE,3,8
"Oncorhynchus_nerka","joint_bb","M1","record_equal",0.44,0.34,0.54,0.05,1,"",TRUE,3,7
"Oncorhynchus_tshawytscha","joint_bb","M1","record_equal",0.44,0.34,0.54,0.05,1,"",TRUE,3,6
"Salmo_salar","joint_bb","M1","record_equal",0.44,0.34,0.54,0.05,1,"",TRUE,3,5
"Salmo_trutta","joint_bb","M1","record_equal",0.44,0.34,0.54,0.05,1,"",TRUE,3,4
"Salvelinus_alpinus","joint_bb","M1","record_equal",0.44,0.34,0.54,0.05,1,"",TRUE,3,3
"Salvelinus_fontinalis","joint_bb","M1","record_equal",0.44,0.34,0.54,0.05,1,"",TRUE,3,2
"Salvelinus_namaycush","joint_bb","M1","record_equal",0.44,0.34,0.54,0.05,1,"fixture_warning",TRUE,3,1
"Acnodon_oligacanthus","joint_bb","M2","record_equal",0.51,0.41,0.61,0.05,1,"",TRUE,3,42
"Colossoma_macropomum","joint_bb","M2","record_equal",0.51,0.41,0.61,0.05,1,"",TRUE,3,41
"Metynnis_hypsauchen","joint_bb","M2","record_equal",0.51,0.41,0.61,0.05,1,"",TRUE,3,40
"Pygocentrus_nattereri","joint_bb","M2","record_equal",0.51,0.41,0.61,0.05,1,"",TRUE,3,39
"Serrasalmus_rhombeus","joint_bb","M2","record_equal",0.51,0.41,0.61,0.05,1,"",TRUE,3,38
"Electrophorus_electricus","joint_bb","M2","record_equal",0.51,0.41,0.61,0.05,1,"",TRUE,3,37
"Electrophorus_voltai","joint_bb","M2","record_equal",0.51,0.41,0.61,0.05,1,"fixture_warning",TRUE,3,36
"Brachyhypopomus_gauderio","joint_bb","M2","record_equal",0.51,0.41,0.61,0.05,1,"",TRUE,3,35
"Neoarius_graeffei","joint_bb","M2","record_equal",0.51,0.41,0.61,0.05,1,"",TRUE,3,34
"Hemibagrus_guttatus","joint_bb","M2","record_equal",0.51,0.41,0.61,0.05,1,"",TRUE,3,33
"Hemibagrus_wyckioides","joint_bb","M2","record_equal",0.51,0.41,0.61,0.05,1,"",TRUE,3,32
"Tachysurus_fulvidraco","joint_bb","M2","record_equal",0.51,0.41,0.61,0.05,1,"",TRUE,3,31
"Tachysurus_vachellii","joint_bb","M2","record_equal",0.51,0.41,0.61,0.05,1,"",TRUE,3,30
"Clarias_gariepinus","joint_bb","M2","record_equal",0.51,0.41,0.61,0.05,1,"fixture_warning",TRUE,3,29
"Clarias_magur","joint_bb","M2","record_equal",0.51,0.41,0.61,0.05,1,"",TRUE,3,28
"Ictalurus_furcatus","joint_bb","M2","record_equal",0.51,0.41,0.61,0.05,1,"",TRUE,3,27
"Ictalurus_punctatus","joint_bb","M2","record_equal",0.51,0.41,0.61,0.05,1,"",TRUE,3,26
"Pangasianodon_gigas","joint_bb","M2","record_equal",0.51,0.41,0.61,0.05,1,"",TRUE,3,25
"Pangasianodon_hypophthalmus","joint_bb","M2","record_equal",0.51,0.41,0.61,0.05,1,"",TRUE,3,24
"Silurus_aristotelis","joint_bb","M2","record_equal",0.51,0.41,0.61,0.05,1,"",TRUE,3,23
"Silurus_asotus","joint_bb","M2","record_equal",0.51,0.41,0.61,0.05,1,"fixture_warning",TRUE,3,22
"Silurus_meridionalis","joint_bb","M2","record_equal",0.51,0.41,0.61,0.05,1,"",TRUE,3,21
"Trichomycterus_rosablanca","joint_bb","M2","record_equal",0.51,0.41,0.61,0.05,1,"",TRUE,3,20
"Nansenia_antarctica","joint_bb","M2","record_equal",0.51,0.41,0.61,0.05,1,"",TRUE,3,19
"Galaxias_brevipinnis","joint_bb","M2","record_equal",0.51,0.41,0.61,0.05,1,"",TRUE,3,18
"Coregonus_albula","joint_bb","M2","record_equal",0.51,0.41,0.61,0.05,1,"",TRUE,3,17
"Coregonus_clupeaformis","joint_bb","M2","record_equal",0.51,0.41,0.61,0.05,1,"",TRUE,3,16
"Coregonus_lavaretus","joint_bb","M2","record_equal",0.51,0.41,0.61,0.05,1,"fixture_warning",TRUE,3,15
"Coregonus_suidteri","joint_bb","M2","record_equal",0.51,0.41,0.61,0.05,1,"",TRUE,3,14
"Oncorhynchus_clarkii","joint_bb","M2","record_equal",0.51,0.41,0.61,0.05,1,"",TRUE,3,13
"Oncorhynchus_gorbuscha","joint_bb","M2","record_equal",0.51,0.41,0.61,0.05,1,"",TRUE,3,12
"Oncorhynchus_keta","joint_bb","M2","record_equal",0.51,0.41,0.61,0.05,1,"",TRUE,3,11
"Oncorhynchus_kisutch","joint_bb","M2","record_equal",0.51,0.41,0.61,0.05,1,"",TRUE,3,10
"Oncorhynchus_masou","joint_bb","M2","record_equal",0.51,0.41,0.61,0.05,1,"",TRUE,3,9
"Oncorhynchus_mykiss","joint_bb","M2","record_equal",0.51,0.41,0.61,0.05,1,"fixture_warning",TRUE,3,8
"Oncorhynchus_nerka","joint_bb","M2","record_equal",0.51,0.41,0.61,0.05,1,"",TRUE,3,7
"Oncorhynchus_tshawytscha","joint_bb","M2","record_equal",0.51,0.41,0.61,0.05,1,"",TRUE,3,6
"Salmo_salar","joint_bb","M2","record_equal",0.51,0.41,0.61,0.05,1,"",TRUE,3,5
"Salmo_trutta","joint_bb","M2","record_equal",0.51,0.41,0.61,0.05,1,"",TRUE,3,4
"Salvelinus_alpinus","joint_bb","M2","record_equal",0.51,0.41,0.61,0.05,1,"",TRUE,3,3
"Salvelinus_fontinalis","joint_bb","M2","record_equal",0.51,0.41,0.61,0.05,1,"",TRUE,3,2
"Salvelinus_namaycush","joint_bb","M2","record_equal",0.51,0.41,0.61,0.05,1,"fixture_warning",TRUE,3,1
"Acnodon_oligacanthus","joint_bb","M3","record_equal",0.58,0.48,0.68,0.05,1,"",TRUE,3,42
"Colossoma_macropomum","joint_bb","M3","record_equal",0.58,0.48,0.68,0.05,1,"",TRUE,3,41
"Metynnis_hypsauchen","joint_bb","M3","record_equal",0.58,0.48,0.68,0.05,1,"",TRUE,3,40
"Pygocentrus_nattereri","joint_bb","M3","record_equal",0.58,0.48,0.68,0.05,1,"",TRUE,3,39
"Serrasalmus_rhombeus","joint_bb","M3","record_equal",0.58,0.48,0.68,0.05,1,"",TRUE,3,38
"Electrophorus_electricus","joint_bb","M3","record_equal",0.58,0.48,0.68,0.05,1,"",TRUE,3,37
"Electrophorus_voltai","joint_bb","M3","record_equal",0.58,0.48,0.68,0.05,1,"fixture_warning",TRUE,3,36
"Brachyhypopomus_gauderio","joint_bb","M3","record_equal",0.58,0.48,0.68,0.05,1,"",TRUE,3,35
"Neoarius_graeffei","joint_bb","M3","record_equal",0.58,0.48,0.68,0.05,1,"",TRUE,3,34
"Hemibagrus_guttatus","joint_bb","M3","record_equal",0.58,0.48,0.68,0.05,1,"",TRUE,3,33
"Hemibagrus_wyckioides","joint_bb","M3","record_equal",0.58,0.48,0.68,0.05,1,"",TRUE,3,32
"Tachysurus_fulvidraco","joint_bb","M3","record_equal",0.58,0.48,0.68,0.05,1,"",TRUE,3,31
"Tachysurus_vachellii","joint_bb","M3","record_equal",0.58,0.48,0.68,0.05,1,"",TRUE,3,30
"Clarias_gariepinus","joint_bb","M3","record_equal",0.58,0.48,0.68,0.05,1,"fixture_warning",TRUE,3,29
"Clarias_magur","joint_bb","M3","record_equal",0.58,0.48,0.68,0.05,1,"",TRUE,3,28
"Ictalurus_furcatus","joint_bb","M3","record_equal",0.58,0.48,0.68,0.05,1,"",TRUE,3,27
"Ictalurus_punctatus","joint_bb","M3","record_equal",0.58,0.48,0.68,0.05,1,"",TRUE,3,26
"Pangasianodon_gigas","joint_bb","M3","record_equal",0.58,0.48,0.68,0.05,1,"",TRUE,3,25
"Pangasianodon_hypophthalmus","joint_bb","M3","record_equal",0.58,0.48,0.68,0.05,1,"",TRUE,3,24
"Silurus_aristotelis","joint_bb","M3","record_equal",0.58,0.48,0.68,0.05,1,"",TRUE,3,23
"Silurus_asotus","joint_bb","M3","record_equal",0.58,0.48,0.68,0.05,1,"fixture_warning",TRUE,3,22
"Silurus_meridionalis","joint_bb","M3","record_equal",0.58,0.48,0.68,0.05,1,"",TRUE,3,21
"Trichomycterus_rosablanca","joint_bb","M3","record_equal",0.58,0.48,0.68,0.05,1,"",TRUE,3,20
"Nansenia_antarctica","joint_bb","M3","record_equal",0.58,0.48,0.68,0.05,1,"",TRUE,3,19
"Galaxias_brevipinnis","joint_bb","M3","record_equal",0.58,0.48,0.68,0.05,1,"",TRUE,3,18
"Coregonus_albula","joint_bb","M3","record_equal",0.58,0.48,0.68,0.05,1,"",TRUE,3,17
"Coregonus_clupeaformis","joint_bb","M3","record_equal",0.58,0.48,0.68,0.05,1,"",TRUE,3,16
"Coregonus_lavaretus","joint_bb","M3","record_equal",0.58,0.48,0.68,0.05,1,"fixture_warning",TRUE,3,15
"Coregonus_suidteri","joint_bb","M3","record_equal",0.58,0.48,0.68,0.05,1,"",TRUE,3,14
"Oncorhynchus_clarkii","joint_bb","M3","record_equal",0.58,0.48,0.68,0.05,1,"",TRUE,3,13
"Oncorhynchus_gorbuscha","joint_bb","M3","record_equal",0.58,0.48,0.68,0.05,1,"",TRUE,3,12
"Oncorhynchus_keta","joint_bb","M3","record_equal",0.58,0.48,0.68,0.05,1,"",TRUE,3,11
"Oncorhynchus_kisutch","joint_bb","M3","record_equal",0.58,0.48,0.68,0.05,1,"",TRUE,3,10
"Oncorhynchus_masou","joint_bb","M3","record_equal",0.58,0.48,0.68,0.05,1,"",TRUE,3,9
"Oncorhynchus_mykiss","joint_bb","M3","record_equal",0.58,0.48,0.68,0.05,1,"fixture_warning",TRUE,3,8
"Oncorhynchus_nerka","joint_bb","M3","record_equal",0.58,0.48,0.68,0.05,1,"",TRUE,3,7
"Oncorhynchus_tshawytscha","joint_bb","M3","record_equal",0.58,0.48,0.68,0.05,1,"",TRUE,3,6
"Salmo_salar","joint_bb","M3","record_equal",0.58,0.48,0.68,0.05,1,"",TRUE,3,5
"Salmo_trutta","joint_bb","M3","record_equal",0.58,0.48,0.68,0.05,1,"",TRUE,3,4
"Salvelinus_alpinus","joint_bb","M3","record_equal",0.58,0.48,0.68,0.05,1,"",TRUE,3,3
"Salvelinus_fontinalis","joint_bb","M3","record_equal",0.58,0.48,0.68,0.05,1,"",TRUE,3,2
"Salvelinus_namaycush","joint_bb","M3","record_equal",0.58,0.48,0.68,0.05,1,"fixture_warning",TRUE,3,1
"Dallia_pectoralis","joint_bb","Null","record_equal",0.37,0.27,0.47,0.05,1,"",TRUE,4,42
"Esox_lucius","joint_bb","Null","record_equal",0.37,0.27,0.47,0.05,1,"",TRUE,4,41
"Umbra_pygmaea","joint_bb","Null","record_equal",0.37,0.27,0.47,0.05,1,"",TRUE,4,40
"Hypomesus_nipponensis","joint_bb","Null","record_equal",0.37,0.27,0.47,0.05,1,"",TRUE,4,39
"Hypomesus_transpacificus","joint_bb","Null","record_equal",0.37,0.27,0.47,0.05,1,"",TRUE,4,38
"Osmerus_eperlanus","joint_bb","Null","record_equal",0.37,0.27,0.47,0.05,1,"",TRUE,4,37
"Osmerus_mordax","joint_bb","Null","record_equal",0.37,0.27,0.47,0.05,1,"fixture_warning",TRUE,4,36
"Benthosema_glaciale","joint_bb","Null","record_equal",0.37,0.27,0.47,0.05,1,"",TRUE,4,35
"Electrona_antarctica","joint_bb","Null","record_equal",0.37,0.27,0.47,0.05,1,"",TRUE,4,34
"Gymnoscopelus_braueri","joint_bb","Null","record_equal",0.37,0.27,0.47,0.05,1,"",TRUE,4,33
"Gymnoscopelus_microlampas","joint_bb","Null","record_equal",0.37,0.27,0.47,0.05,1,"",TRUE,4,32
"Nannobrachium_achirus","joint_bb","Null","record_equal",0.37,0.27,0.47,0.05,1,"",TRUE,4,31
"Protomyctophum_bolini","joint_bb","Null","record_equal",0.37,0.27,0.47,0.05,1,"",TRUE,4,30
"Protomyctophum_parallelum","joint_bb","Null","record_equal",0.37,0.27,0.47,0.05,1,"fixture_warning",TRUE,4,29
"Polymixia_hollisterae","joint_bb","Null","record_equal",0.37,0.27,0.47,0.05,1,"",TRUE,4,28
"Polymixia_lowei","joint_bb","Null","record_equal",0.37,0.27,0.47,0.05,1,"",TRUE,4,27
"Centroberyx_affinis","joint_bb","Null","record_equal",0.37,0.27,0.47,0.05,1,"",TRUE,4,26
"Centroberyx_gerrardi","joint_bb","Null","record_equal",0.37,0.27,0.47,0.05,1,"",TRUE,4,25
"Poromitra_crassiceps","joint_bb","Null","record_equal",0.37,0.27,0.47,0.05,1,"",TRUE,4,24
"Myripristis_murdjan","joint_bb","Null","record_equal",0.37,0.27,0.47,0.05,1,"",TRUE,4,23
"Lucifuga_dentata","joint_bb","Null","record_equal",0.37,0.27,0.47,0.05,1,"fixture_warning",TRUE,4,22
"Genypterus_blacodes","joint_bb","Null","record_equal",0.37,0.27,0.47,0.05,1,"",TRUE,4,21
"Arripis_georgiana","joint_bb","Null","record_equal",0.37,0.27,0.47,0.05,1,"",TRUE,4,20
"Katsuwonus_pelamis","joint_bb","Null","record_equal",0.37,0.27,0.47,0.05,1,"",TRUE,4,19
"Sarda_sarda","joint_bb","Null","record_equal",0.37,0.27,0.47,0.05,1,"",TRUE,4,18
"Scomber_japonicus","joint_bb","Null","record_equal",0.37,0.27,0.47,0.05,1,"",TRUE,4,17
"Scomber_scombrus","joint_bb","Null","record_equal",0.37,0.27,0.47,0.05,1,"",TRUE,4,16
"Thunnus_alalunga","joint_bb","Null","record_equal",0.37,0.27,0.47,0.05,1,"fixture_warning",TRUE,4,15
"Thunnus_albacares","joint_bb","Null","record_equal",0.37,0.27,0.47,0.05,1,"",TRUE,4,14
"Thunnus_atlanticus","joint_bb","Null","record_equal",0.37,0.27,0.47,0.05,1,"",TRUE,4,13
"Thunnus_maccoyii","joint_bb","Null","record_equal",0.37,0.27,0.47,0.05,1,"",TRUE,4,12
"Thunnus_obesus","joint_bb","Null","record_equal",0.37,0.27,0.47,0.05,1,"",TRUE,4,11
"Thunnus_orientalis","joint_bb","Null","record_equal",0.37,0.27,0.47,0.05,1,"",TRUE,4,10
"Thunnus_thynnus","joint_bb","Null","record_equal",0.37,0.27,0.47,0.05,1,"",TRUE,4,9
"Thunnus_tonggol","joint_bb","Null","record_equal",0.37,0.27,0.47,0.05,1,"fixture_warning",TRUE,4,8
"Pampus_argenteus","joint_bb","Null","record_equal",0.37,0.27,0.47,0.05,1,"",TRUE,4,7
"Pampus_punctatissimus","joint_bb","Null","record_equal",0.37,0.27,0.47,0.05,1,"",TRUE,4,6
"Aulostomus_chinensis","joint_bb","Null","record_equal",0.37,0.27,0.47,0.05,1,"",TRUE,4,5
"Fistularia_commersonii","joint_bb","Null","record_equal",0.37,0.27,0.47,0.05,1,"",TRUE,4,4
"Pterapogon_kauderni","joint_bb","Null","record_equal",0.37,0.27,0.47,0.05,1,"",TRUE,4,3
"Sphaeramia_orbicularis","joint_bb","Null","record_equal",0.37,0.27,0.47,0.05,1,"",TRUE,4,2
"Oxyeleotris_marmorata","joint_bb","Null","record_equal",0.37,0.27,0.47,0.05,1,"fixture_warning",TRUE,4,1
"Dallia_pectoralis","joint_bb","M1","record_equal",0.44,0.34,0.54,0.05,1,"",TRUE,4,42
"Esox_lucius","joint_bb","M1","record_equal",0.44,0.34,0.54,0.05,1,"",TRUE,4,41
"Umbra_pygmaea","joint_bb","M1","record_equal",0.44,0.34,0.54,0.05,1,"",TRUE,4,40
"Hypomesus_nipponensis","joint_bb","M1","record_equal",0.44,0.34,0.54,0.05,1,"",TRUE,4,39
"Hypomesus_transpacificus","joint_bb","M1","record_equal",0.44,0.34,0.54,0.05,1,"",TRUE,4,38
"Osmerus_eperlanus","joint_bb","M1","record_equal",0.44,0.34,0.54,0.05,1,"",TRUE,4,37
"Osmerus_mordax","joint_bb","M1","record_equal",0.44,0.34,0.54,0.05,1,"fixture_warning",TRUE,4,36
"Benthosema_glaciale","joint_bb","M1","record_equal",0.44,0.34,0.54,0.05,1,"",TRUE,4,35
"Electrona_antarctica","joint_bb","M1","record_equal",0.44,0.34,0.54,0.05,1,"",TRUE,4,34
"Gymnoscopelus_braueri","joint_bb","M1","record_equal",0.44,0.34,0.54,0.05,1,"",TRUE,4,33
"Gymnoscopelus_microlampas","joint_bb","M1","record_equal",0.44,0.34,0.54,0.05,1,"",TRUE,4,32
"Nannobrachium_achirus","joint_bb","M1","record_equal",0.44,0.34,0.54,0.05,1,"",TRUE,4,31
"Protomyctophum_bolini","joint_bb","M1","record_equal",0.44,0.34,0.54,0.05,1,"",TRUE,4,30
"Protomyctophum_parallelum","joint_bb","M1","record_equal",0.44,0.34,0.54,0.05,1,"fixture_warning",TRUE,4,29
"Polymixia_hollisterae","joint_bb","M1","record_equal",0.44,0.34,0.54,0.05,1,"",TRUE,4,28
"Polymixia_lowei","joint_bb","M1","record_equal",0.44,0.34,0.54,0.05,1,"",TRUE,4,27
"Centroberyx_affinis","joint_bb","M1","record_equal",0.44,0.34,0.54,0.05,1,"",TRUE,4,26
"Centroberyx_gerrardi","joint_bb","M1","record_equal",0.44,0.34,0.54,0.05,1,"",TRUE,4,25
"Poromitra_crassiceps","joint_bb","M1","record_equal",0.44,0.34,0.54,0.05,1,"",TRUE,4,24
"Myripristis_murdjan","joint_bb","M1","record_equal",0.44,0.34,0.54,0.05,1,"",TRUE,4,23
"Lucifuga_dentata","joint_bb","M1","record_equal",0.44,0.34,0.54,0.05,1,"fixture_warning",TRUE,4,22
"Genypterus_blacodes","joint_bb","M1","record_equal",0.44,0.34,0.54,0.05,1,"",TRUE,4,21
"Arripis_georgiana","joint_bb","M1","record_equal",0.44,0.34,0.54,0.05,1,"",TRUE,4,20
"Katsuwonus_pelamis","joint_bb","M1","record_equal",0.44,0.34,0.54,0.05,1,"",TRUE,4,19
"Sarda_sarda","joint_bb","M1","record_equal",0.44,0.34,0.54,0.05,1,"",TRUE,4,18
"Scomber_japonicus","joint_bb","M1","record_equal",0.44,0.34,0.54,0.05,1,"",TRUE,4,17
"Scomber_scombrus","joint_bb","M1","record_equal",0.44,0.34,0.54,0.05,1,"",TRUE,4,16
"Thunnus_alalunga","joint_bb","M1","record_equal",0.44,0.34,0.54,0.05,1,"fixture_warning",TRUE,4,15
"Thunnus_albacares","joint_bb","M1","record_equal",0.44,0.34,0.54,0.05,1,"",TRUE,4,14
"Thunnus_atlanticus","joint_bb","M1","record_equal",0.44,0.34,0.54,0.05,1,"",TRUE,4,13
"Thunnus_maccoyii","joint_bb","M1","record_equal",0.44,0.34,0.54,0.05,1,"",TRUE,4,12
"Thunnus_obesus","joint_bb","M1","record_equal",0.44,0.34,0.54,0.05,1,"",TRUE,4,11
"Thunnus_orientalis","joint_bb","M1","record_equal",0.44,0.34,0.54,0.05,1,"",TRUE,4,10
"Thunnus_thynnus","joint_bb","M1","record_equal",0.44,0.34,0.54,0.05,1,"",TRUE,4,9
"Thunnus_tonggol","joint_bb","M1","record_equal",0.44,0.34,0.54,0.05,1,"fixture_warning",TRUE,4,8
"Pampus_argenteus","joint_bb","M1","record_equal",0.44,0.34,0.54,0.05,1,"",TRUE,4,7
"Pampus_punctatissimus","joint_bb","M1","record_equal",0.44,0.34,0.54,0.05,1,"",TRUE,4,6
"Aulostomus_chinensis","joint_bb","M1","record_equal",0.44,0.34,0.54,0.05,1,"",TRUE,4,5
"Fistularia_commersonii","joint_bb","M1","record_equal",0.44,0.34,0.54,0.05,1,"",TRUE,4,4
"Pterapogon_kauderni","joint_bb","M1","record_equal",0.44,0.34,0.54,0.05,1,"",TRUE,4,3
"Sphaeramia_orbicularis","joint_bb","M1","record_equal",0.44,0.34,0.54,0.05,1,"",TRUE,4,2
"Oxyeleotris_marmorata","joint_bb","M1","record_equal",0.44,0.34,0.54,0.05,1,"fixture_warning",TRUE,4,1
"Dallia_pectoralis","joint_bb","M2","record_equal",0.51,0.41,0.61,0.05,1,"",TRUE,4,42
"Esox_lucius","joint_bb","M2","record_equal",0.51,0.41,0.61,0.05,1,"",TRUE,4,41
"Umbra_pygmaea","joint_bb","M2","record_equal",0.51,0.41,0.61,0.05,1,"",TRUE,4,40
"Hypomesus_nipponensis","joint_bb","M2","record_equal",0.51,0.41,0.61,0.05,1,"",TRUE,4,39
"Hypomesus_transpacificus","joint_bb","M2","record_equal",0.51,0.41,0.61,0.05,1,"",TRUE,4,38
"Osmerus_eperlanus","joint_bb","M2","record_equal",0.51,0.41,0.61,0.05,1,"",TRUE,4,37
"Osmerus_mordax","joint_bb","M2","record_equal",0.51,0.41,0.61,0.05,1,"fixture_warning",TRUE,4,36
"Benthosema_glaciale","joint_bb","M2","record_equal",0.51,0.41,0.61,0.05,1,"",TRUE,4,35
"Electrona_antarctica","joint_bb","M2","record_equal",0.51,0.41,0.61,0.05,1,"",TRUE,4,34
"Gymnoscopelus_braueri","joint_bb","M2","record_equal",0.51,0.41,0.61,0.05,1,"",TRUE,4,33
"Gymnoscopelus_microlampas","joint_bb","M2","record_equal",0.51,0.41,0.61,0.05,1,"",TRUE,4,32
"Nannobrachium_achirus","joint_bb","M2","record_equal",0.51,0.41,0.61,0.05,1,"",TRUE,4,31
"Protomyctophum_bolini","joint_bb","M2","record_equal",0.51,0.41,0.61,0.05,1,"",TRUE,4,30
"Protomyctophum_parallelum","joint_bb","M2","record_equal",0.51,0.41,0.61,0.05,1,"fixture_warning",TRUE,4,29
"Polymixia_hollisterae","joint_bb","M2","record_equal",0.51,0.41,0.61,0.05,1,"",TRUE,4,28
"Polymixia_lowei","joint_bb","M2","record_equal",0.51,0.41,0.61,0.05,1,"",TRUE,4,27
"Centroberyx_affinis","joint_bb","M2","record_equal",0.51,0.41,0.61,0.05,1,"",TRUE,4,26
"Centroberyx_gerrardi","joint_bb","M2","record_equal",0.51,0.41,0.61,0.05,1,"",TRUE,4,25
"Poromitra_crassiceps","joint_bb","M2","record_equal",0.51,0.41,0.61,0.05,1,"",TRUE,4,24
"Myripristis_murdjan","joint_bb","M2","record_equal",0.51,0.41,0.61,0.05,1,"",TRUE,4,23
"Lucifuga_dentata","joint_bb","M2","record_equal",0.51,0.41,0.61,0.05,1,"fixture_warning",TRUE,4,22
"Genypterus_blacodes","joint_bb","M2","record_equal",0.51,0.41,0.61,0.05,1,"",TRUE,4,21
"Arripis_georgiana","joint_bb","M2","record_equal",0.51,0.41,0.61,0.05,1,"",TRUE,4,20
"Katsuwonus_pelamis","joint_bb","M2","record_equal",0.51,0.41,0.61,0.05,1,"",TRUE,4,19
"Sarda_sarda","joint_bb","M2","record_equal",0.51,0.41,0.61,0.05,1,"",TRUE,4,18
"Scomber_japonicus","joint_bb","M2","record_equal",0.51,0.41,0.61,0.05,1,"",TRUE,4,17
"Scomber_scombrus","joint_bb","M2","record_equal",0.51,0.41,0.61,0.05,1,"",TRUE,4,16
"Thunnus_alalunga","joint_bb","M2","record_equal",0.51,0.41,0.61,0.05,1,"fixture_warning",TRUE,4,15
"Thunnus_albacares","joint_bb","M2","record_equal",0.51,0.41,0.61,0.05,1,"",TRUE,4,14
"Thunnus_atlanticus","joint_bb","M2","record_equal",0.51,0.41,0.61,0.05,1,"",TRUE,4,13
"Thunnus_maccoyii","joint_bb","M2","record_equal",0.51,0.41,0.61,0.05,1,"",TRUE,4,12
"Thunnus_obesus","joint_bb","M2","record_equal",0.51,0.41,0.61,0.05,1,"",TRUE,4,11
"Thunnus_orientalis","joint_bb","M2","record_equal",0.51,0.41,0.61,0.05,1,"",TRUE,4,10
"Thunnus_thynnus","joint_bb","M2","record_equal",0.51,0.41,0.61,0.05,1,"",TRUE,4,9
"Thunnus_tonggol","joint_bb","M2","record_equal",0.51,0.41,0.61,0.05,1,"fixture_warning",TRUE,4,8
"Pampus_argenteus","joint_bb","M2","record_equal",0.51,0.41,0.61,0.05,1,"",TRUE,4,7
"Pampus_punctatissimus","joint_bb","M2","record_equal",0.51,0.41,0.61,0.05,1,"",TRUE,4,6
"Aulostomus_chinensis","joint_bb","M2","record_equal",0.51,0.41,0.61,0.05,1,"",TRUE,4,5
"Fistularia_commersonii","joint_bb","M2","record_equal",0.51,0.41,0.61,0.05,1,"",TRUE,4,4
"Pterapogon_kauderni","joint_bb","M2","record_equal",0.51,0.41,0.61,0.05,1,"",TRUE,4,3
"Sphaeramia_orbicularis","joint_bb","M2","record_equal",0.51,0.41,0.61,0.05,1,"",TRUE,4,2
"Oxyeleotris_marmorata","joint_bb","M2","record_equal",0.51,0.41,0.61,0.05,1,"fixture_warning",TRUE,4,1
"Dallia_pectoralis","joint_bb","M3","record_equal",0.58,0.48,0.68,0.05,1,"",TRUE,4,42
"Esox_lucius","joint_bb","M3","record_equal",0.58,0.48,0.68,0.05,1,"",TRUE,4,41
"Umbra_pygmaea","joint_bb","M3","record_equal",0.58,0.48,0.68,0.05,1,"",TRUE,4,40
"Hypomesus_nipponensis","joint_bb","M3","record_equal",0.58,0.48,0.68,0.05,1,"",TRUE,4,39
"Hypomesus_transpacificus","joint_bb","M3","record_equal",0.58,0.48,0.68,0.05,1,"",TRUE,4,38
"Osmerus_eperlanus","joint_bb","M3","record_equal",0.58,0.48,0.68,0.05,1,"",TRUE,4,37
"Osmerus_mordax","joint_bb","M3","record_equal",0.58,0.48,0.68,0.05,1,"fixture_warning",TRUE,4,36
"Benthosema_glaciale","joint_bb","M3","record_equal",0.58,0.48,0.68,0.05,1,"",TRUE,4,35
"Electrona_antarctica","joint_bb","M3","record_equal",0.58,0.48,0.68,0.05,1,"",TRUE,4,34
"Gymnoscopelus_braueri","joint_bb","M3","record_equal",0.58,0.48,0.68,0.05,1,"",TRUE,4,33
"Gymnoscopelus_microlampas","joint_bb","M3","record_equal",0.58,0.48,0.68,0.05,1,"",TRUE,4,32
"Nannobrachium_achirus","joint_bb","M3","record_equal",0.58,0.48,0.68,0.05,1,"",TRUE,4,31
"Protomyctophum_bolini","joint_bb","M3","record_equal",0.58,0.48,0.68,0.05,1,"",TRUE,4,30
"Protomyctophum_parallelum","joint_bb","M3","record_equal",0.58,0.48,0.68,0.05,1,"fixture_warning",TRUE,4,29
"Polymixia_hollisterae","joint_bb","M3","record_equal",0.58,0.48,0.68,0.05,1,"",TRUE,4,28
"Polymixia_lowei","joint_bb","M3","record_equal",0.58,0.48,0.68,0.05,1,"",TRUE,4,27
"Centroberyx_affinis","joint_bb","M3","record_equal",0.58,0.48,0.68,0.05,1,"",TRUE,4,26
"Centroberyx_gerrardi","joint_bb","M3","record_equal",0.58,0.48,0.68,0.05,1,"",TRUE,4,25
"Poromitra_crassiceps","joint_bb","M3","record_equal",0.58,0.48,0.68,0.05,1,"",TRUE,4,24
"Myripristis_murdjan","joint_bb","M3","record_equal",0.58,0.48,0.68,0.05,1,"",TRUE,4,23
"Lucifuga_dentata","joint_bb","M3","record_equal",0.58,0.48,0.68,0.05,1,"fixture_warning",TRUE,4,22
"Genypterus_blacodes","joint_bb","M3","record_equal",0.58,0.48,0.68,0.05,1,"",TRUE,4,21
"Arripis_georgiana","joint_bb","M3","record_equal",0.58,0.48,0.68,0.05,1,"",TRUE,4,20
"Katsuwonus_pelamis","joint_bb","M3","record_equal",0.58,0.48,0.68,0.05,1,"",TRUE,4,19
"Sarda_sarda","joint_bb","M3","record_equal",0.58,0.48,0.68,0.05,1,"",TRUE,4,18
"Scomber_japonicus","joint_bb","M3","record_equal",0.58,0.48,0.68,0.05,1,"",TRUE,4,17
"Scomber_scombrus","joint_bb","M3","record_equal",0.58,0.48,0.68,0.05,1,"",TRUE,4,16
"Thunnus_alalunga","joint_bb","M3","record_equal",0.58,0.48,0.68,0.05,1,"fixture_warning",TRUE,4,15
"Thunnus_albacares","joint_bb","M3","record_equal",0.58,0.48,0.68,0.05,1,"",TRUE,4,14
"Thunnus_atlanticus","joint_bb","M3","record_equal",0.58,0.48,0.68,0.05,1,"",TRUE,4,13
"Thunnus_maccoyii","joint_bb","M3","record_equal",0.58,0.48,0.68,0.05,1,"",TRUE,4,12
"Thunnus_obesus","joint_bb","M3","record_equal",0.58,0.48,0.68,0.05,1,"",TRUE,4,11
"Thunnus_orientalis","joint_bb","M3","record_equal",0.58,0.48,0.68,0.05,1,"",TRUE,4,10
"Thunnus_thynnus","joint_bb","M3","record_equal",0.58,0.48,0.68,0.05,1,"",TRUE,4,9
"Thunnus_tonggol","joint_bb","M3","record_equal",0.58,0.48,0.68,0.05,1,"fixture_warning",TRUE,4,8
"Pampus_argenteus","joint_bb","M3","record_equal",0.58,0.48,0.68,0.05,1,"",TRUE,4,7
"Pampus_punctatissimus","joint_bb","M3","record_equal",0.58,0.48,0.68,0.05,1,"",TRUE,4,6
"Aulostomus_chinensis","joint_bb","M3","record_equal",0.58,0.48,0.68,0.05,1,"",TRUE,4,5
"Fistularia_commersonii","joint_bb","M3","record_equal",0.58,0.48,0.68,0.05,1,"",TRUE,4,4
"Pterapogon_kauderni","joint_bb","M3","record_equal",0.58,0.48,0.68,0.05,1,"",TRUE,4,3
"Sphaeramia_orbicularis","joint_bb","M3","record_equal",0.58,0.48,0.68,0.05,1,"",TRUE,4,2
"Oxyeleotris_marmorata","joint_bb","M3","record_equal",0.58,0.48,0.68,0.05,1,"fixture_warning",TRUE,4,1
"Boleophthalmus_pectinirostris","joint_bb","Null","record_equal",0.37,0.27,0.47,0.05,1,"",TRUE,5,42
"Eucyclogobius_newberryi","joint_bb","Null","record_equal",0.37,0.27,0.47,0.05,1,"",TRUE,5,41
"Gobius_niger","joint_bb","Null","record_equal",0.37,0.27,0.47,0.05,1,"",TRUE,5,40
"Knipowitschia_caucasica","joint_bb","Null","record_equal",0.37,0.27,0.47,0.05,1,"",TRUE,5,39
"Mugilogobius_chulae","joint_bb","Null","record_equal",0.37,0.27,0.47,0.05,1,"",TRUE,5,38
"Periophthalmus_magnuspinnatus","joint_bb","Null","record_equal",0.37,0.27,0.47,0.05,1,"",TRUE,5,37
"Mastacembelus_armatus","joint_bb","Null","record_equal",0.37,0.27,0.47,0.05,1,"fixture_warning",TRUE,5,36
"Monopterus_albus","joint_bb","Null","record_equal",0.37,0.27,0.47,0.05,1,"",TRUE,5,35
"Anabas_testudineus","joint_bb","Null","record_equal",0.37,0.27,0.47,0.05,1,"",TRUE,5,34
"Channa_argus","joint_bb","Null","record_equal",0.37,0.27,0.47,0.05,1,"",TRUE,5,33
"Channa_striata","joint_bb","Null","record_equal",0.37,0.27,0.47,0.05,1,"",TRUE,5,32
"Betta_splendens","joint_bb","Null","record_equal",0.37,0.27,0.47,0.05,1,"",TRUE,5,31
"Trichopodus_trichopterus","joint_bb","Null","record_equal",0.37,0.27,0.47,0.05,1,"",TRUE,5,30
"Lates_calcarifer","joint_bb","Null","record_equal",0.37,0.27,0.47,0.05,1,"fixture_warning",TRUE,5,29
"Lates_japonicus","joint_bb","Null","record_equal",0.37,0.27,0.47,0.05,1,"",TRUE,5,28
"Eleutheronema_tetradactylum","joint_bb","Null","record_equal",0.37,0.27,0.47,0.05,1,"",TRUE,5,27
"Toxotes_jaculatrix","joint_bb","Null","record_equal",0.37,0.27,0.47,0.05,1,"",TRUE,5,26
"Xiphias_gladius","joint_bb","Null","record_equal",0.37,0.27,0.47,0.05,1,"",TRUE,5,25
"Caranx_melampygus","joint_bb","Null","record_equal",0.37,0.27,0.47,0.05,1,"",TRUE,5,24
"Seriola_dumerili","joint_bb","Null","record_equal",0.37,0.27,0.47,0.05,1,"",TRUE,5,23
"Seriola_lalandi","joint_bb","Null","record_equal",0.37,0.27,0.47,0.05,1,"fixture_warning",TRUE,5,22
"Trachinotus_anak","joint_bb","Null","record_equal",0.37,0.27,0.47,0.05,1,"",TRUE,5,21
"Trachurus_japonicus","joint_bb","Null","record_equal",0.37,0.27,0.47,0.05,1,"",TRUE,5,20
"Trachurus_trachurus","joint_bb","Null","record_equal",0.37,0.27,0.47,0.05,1,"",TRUE,5,19
"Echeneis_naucrates","joint_bb","Null","record_equal",0.37,0.27,0.47,0.05,1,"",TRUE,5,18
"Paralichthys_olivaceus","joint_bb","Null","record_equal",0.37,0.27,0.47,0.05,1,"",TRUE,5,17
"Hippoglossus_hippoglossus","joint_bb","Null","record_equal",0.37,0.27,0.47,0.05,1,"",TRUE,5,16
"Hippoglossus_stenolepis","joint_bb","Null","record_equal",0.37,0.27,0.47,0.05,1,"fixture_warning",TRUE,5,15
"Limanda_limanda","joint_bb","Null","record_equal",0.37,0.27,0.47,0.05,1,"",TRUE,5,14
"Platichthys_flesus","joint_bb","Null","record_equal",0.37,0.27,0.47,0.05,1,"",TRUE,5,13
"Platichthys_stellatus","joint_bb","Null","record_equal",0.37,0.27,0.47,0.05,1,"",TRUE,5,12
"Pleuronectes_platessa","joint_bb","Null","record_equal",0.37,0.27,0.47,0.05,1,"",TRUE,5,11
"Scophthalmus_maximus","joint_bb","Null","record_equal",0.37,0.27,0.47,0.05,1,"",TRUE,5,10
"Microchirus_variegatus","joint_bb","Null","record_equal",0.37,0.27,0.47,0.05,1,"",TRUE,5,9
"Solea_senegalensis","joint_bb","Null","record_equal",0.37,0.27,0.47,0.05,1,"fixture_warning",TRUE,5,8
"Solea_solea","joint_bb","Null","record_equal",0.37,0.27,0.47,0.05,1,"",TRUE,5,7
"Parambassis_ranga","joint_bb","Null","record_equal",0.37,0.27,0.47,0.05,1,"",TRUE,5,6
"Brachyistius_frenatus","joint_bb","Null","record_equal",0.37,0.27,0.47,0.05,1,"",TRUE,5,5
"Embiotoca_jacksoni","joint_bb","Null","record_equal",0.37,0.27,0.47,0.05,1,"",TRUE,5,4
"Acanthochromis_polyacanthus","joint_bb","Null","record_equal",0.37,0.27,0.47,0.05,1,"",TRUE,5,3
"Amphiprion_ocellaris","joint_bb","Null","record_equal",0.37,0.27,0.47,0.05,1,"",TRUE,5,2
"Stegastes_partitus","joint_bb","Null","record_equal",0.37,0.27,0.47,0.05,1,"fixture_warning",TRUE,5,1
"Boleophthalmus_pectinirostris","joint_bb","M1","record_equal",0.44,0.34,0.54,0.05,1,"",TRUE,5,42
"Eucyclogobius_newberryi","joint_bb","M1","record_equal",0.44,0.34,0.54,0.05,1,"",TRUE,5,41
"Gobius_niger","joint_bb","M1","record_equal",0.44,0.34,0.54,0.05,1,"",TRUE,5,40
"Knipowitschia_caucasica","joint_bb","M1","record_equal",0.44,0.34,0.54,0.05,1,"",TRUE,5,39
"Mugilogobius_chulae","joint_bb","M1","record_equal",0.44,0.34,0.54,0.05,1,"",TRUE,5,38
"Periophthalmus_magnuspinnatus","joint_bb","M1","record_equal",0.44,0.34,0.54,0.05,1,"",TRUE,5,37
"Mastacembelus_armatus","joint_bb","M1","record_equal",0.44,0.34,0.54,0.05,1,"fixture_warning",TRUE,5,36
"Monopterus_albus","joint_bb","M1","record_equal",0.44,0.34,0.54,0.05,1,"",TRUE,5,35
"Anabas_testudineus","joint_bb","M1","record_equal",0.44,0.34,0.54,0.05,1,"",TRUE,5,34
"Channa_argus","joint_bb","M1","record_equal",0.44,0.34,0.54,0.05,1,"",TRUE,5,33
"Channa_striata","joint_bb","M1","record_equal",0.44,0.34,0.54,0.05,1,"",TRUE,5,32
"Betta_splendens","joint_bb","M1","record_equal",0.44,0.34,0.54,0.05,1,"",TRUE,5,31
"Trichopodus_trichopterus","joint_bb","M1","record_equal",0.44,0.34,0.54,0.05,1,"",TRUE,5,30
"Lates_calcarifer","joint_bb","M1","record_equal",0.44,0.34,0.54,0.05,1,"fixture_warning",TRUE,5,29
"Lates_japonicus","joint_bb","M1","record_equal",0.44,0.34,0.54,0.05,1,"",TRUE,5,28
"Eleutheronema_tetradactylum","joint_bb","M1","record_equal",0.44,0.34,0.54,0.05,1,"",TRUE,5,27
"Toxotes_jaculatrix","joint_bb","M1","record_equal",0.44,0.34,0.54,0.05,1,"",TRUE,5,26
"Xiphias_gladius","joint_bb","M1","record_equal",0.44,0.34,0.54,0.05,1,"",TRUE,5,25
"Caranx_melampygus","joint_bb","M1","record_equal",0.44,0.34,0.54,0.05,1,"",TRUE,5,24
"Seriola_dumerili","joint_bb","M1","record_equal",0.44,0.34,0.54,0.05,1,"",TRUE,5,23
"Seriola_lalandi","joint_bb","M1","record_equal",0.44,0.34,0.54,0.05,1,"fixture_warning",TRUE,5,22
"Trachinotus_anak","joint_bb","M1","record_equal",0.44,0.34,0.54,0.05,1,"",TRUE,5,21
"Trachurus_japonicus","joint_bb","M1","record_equal",0.44,0.34,0.54,0.05,1,"",TRUE,5,20
"Trachurus_trachurus","joint_bb","M1","record_equal",0.44,0.34,0.54,0.05,1,"",TRUE,5,19
"Echeneis_naucrates","joint_bb","M1","record_equal",0.44,0.34,0.54,0.05,1,"",TRUE,5,18
"Paralichthys_olivaceus","joint_bb","M1","record_equal",0.44,0.34,0.54,0.05,1,"",TRUE,5,17
"Hippoglossus_hippoglossus","joint_bb","M1","record_equal",0.44,0.34,0.54,0.05,1,"",TRUE,5,16
"Hippoglossus_stenolepis","joint_bb","M1","record_equal",0.44,0.34,0.54,0.05,1,"fixture_warning",TRUE,5,15
"Limanda_limanda","joint_bb","M1","record_equal",0.44,0.34,0.54,0.05,1,"",TRUE,5,14
"Platichthys_flesus","joint_bb","M1","record_equal",0.44,0.34,0.54,0.05,1,"",TRUE,5,13
"Platichthys_stellatus","joint_bb","M1","record_equal",0.44,0.34,0.54,0.05,1,"",TRUE,5,12
"Pleuronectes_platessa","joint_bb","M1","record_equal",0.44,0.34,0.54,0.05,1,"",TRUE,5,11
"Scophthalmus_maximus","joint_bb","M1","record_equal",0.44,0.34,0.54,0.05,1,"",TRUE,5,10
"Microchirus_variegatus","joint_bb","M1","record_equal",0.44,0.34,0.54,0.05,1,"",TRUE,5,9
"Solea_senegalensis","joint_bb","M1","record_equal",0.44,0.34,0.54,0.05,1,"fixture_warning",TRUE,5,8
"Solea_solea","joint_bb","M1","record_equal",0.44,0.34,0.54,0.05,1,"",TRUE,5,7
"Parambassis_ranga","joint_bb","M1","record_equal",0.44,0.34,0.54,0.05,1,"",TRUE,5,6
"Brachyistius_frenatus","joint_bb","M1","record_equal",0.44,0.34,0.54,0.05,1,"",TRUE,5,5
"Embiotoca_jacksoni","joint_bb","M1","record_equal",0.44,0.34,0.54,0.05,1,"",TRUE,5,4
"Acanthochromis_polyacanthus","joint_bb","M1","record_equal",0.44,0.34,0.54,0.05,1,"",TRUE,5,3
"Amphiprion_ocellaris","joint_bb","M1","record_equal",0.44,0.34,0.54,0.05,1,"",TRUE,5,2
"Stegastes_partitus","joint_bb","M1","record_equal",0.44,0.34,0.54,0.05,1,"fixture_warning",TRUE,5,1
"Boleophthalmus_pectinirostris","joint_bb","M2","record_equal",0.51,0.41,0.61,0.05,1,"",TRUE,5,42
"Eucyclogobius_newberryi","joint_bb","M2","record_equal",0.51,0.41,0.61,0.05,1,"",TRUE,5,41
"Gobius_niger","joint_bb","M2","record_equal",0.51,0.41,0.61,0.05,1,"",TRUE,5,40
"Knipowitschia_caucasica","joint_bb","M2","record_equal",0.51,0.41,0.61,0.05,1,"",TRUE,5,39
"Mugilogobius_chulae","joint_bb","M2","record_equal",0.51,0.41,0.61,0.05,1,"",TRUE,5,38
"Periophthalmus_magnuspinnatus","joint_bb","M2","record_equal",0.51,0.41,0.61,0.05,1,"",TRUE,5,37
"Mastacembelus_armatus","joint_bb","M2","record_equal",0.51,0.41,0.61,0.05,1,"fixture_warning",TRUE,5,36
"Monopterus_albus","joint_bb","M2","record_equal",0.51,0.41,0.61,0.05,1,"",TRUE,5,35
"Anabas_testudineus","joint_bb","M2","record_equal",0.51,0.41,0.61,0.05,1,"",TRUE,5,34
"Channa_argus","joint_bb","M2","record_equal",0.51,0.41,0.61,0.05,1,"",TRUE,5,33
"Channa_striata","joint_bb","M2","record_equal",0.51,0.41,0.61,0.05,1,"",TRUE,5,32
"Betta_splendens","joint_bb","M2","record_equal",0.51,0.41,0.61,0.05,1,"",TRUE,5,31
"Trichopodus_trichopterus","joint_bb","M2","record_equal",0.51,0.41,0.61,0.05,1,"",TRUE,5,30
"Lates_calcarifer","joint_bb","M2","record_equal",0.51,0.41,0.61,0.05,1,"fixture_warning",TRUE,5,29
"Lates_japonicus","joint_bb","M2","record_equal",0.51,0.41,0.61,0.05,1,"",TRUE,5,28
"Eleutheronema_tetradactylum","joint_bb","M2","record_equal",0.51,0.41,0.61,0.05,1,"",TRUE,5,27
"Toxotes_jaculatrix","joint_bb","M2","record_equal",0.51,0.41,0.61,0.05,1,"",TRUE,5,26
"Xiphias_gladius","joint_bb","M2","record_equal",0.51,0.41,0.61,0.05,1,"",TRUE,5,25
"Caranx_melampygus","joint_bb","M2","record_equal",0.51,0.41,0.61,0.05,1,"",TRUE,5,24
"Seriola_dumerili","joint_bb","M2","record_equal",0.51,0.41,0.61,0.05,1,"",TRUE,5,23
"Seriola_lalandi","joint_bb","M2","record_equal",0.51,0.41,0.61,0.05,1,"fixture_warning",TRUE,5,22
"Trachinotus_anak","joint_bb","M2","record_equal",0.51,0.41,0.61,0.05,1,"",TRUE,5,21
"Trachurus_japonicus","joint_bb","M2","record_equal",0.51,0.41,0.61,0.05,1,"",TRUE,5,20
"Trachurus_trachurus","joint_bb","M2","record_equal",0.51,0.41,0.61,0.05,1,"",TRUE,5,19
"Echeneis_naucrates","joint_bb","M2","record_equal",0.51,0.41,0.61,0.05,1,"",TRUE,5,18
"Paralichthys_olivaceus","joint_bb","M2","record_equal",0.51,0.41,0.61,0.05,1,"",TRUE,5,17
"Hippoglossus_hippoglossus","joint_bb","M2","record_equal",0.51,0.41,0.61,0.05,1,"",TRUE,5,16
"Hippoglossus_stenolepis","joint_bb","M2","record_equal",0.51,0.41,0.61,0.05,1,"fixture_warning",TRUE,5,15
"Limanda_limanda","joint_bb","M2","record_equal",0.51,0.41,0.61,0.05,1,"",TRUE,5,14
"Platichthys_flesus","joint_bb","M2","record_equal",0.51,0.41,0.61,0.05,1,"",TRUE,5,13
"Platichthys_stellatus","joint_bb","M2","record_equal",0.51,0.41,0.61,0.05,1,"",TRUE,5,12
"Pleuronectes_platessa","joint_bb","M2","record_equal",0.51,0.41,0.61,0.05,1,"",TRUE,5,11
"Scophthalmus_maximus","joint_bb","M2","record_equal",0.51,0.41,0.61,0.05,1,"",TRUE,5,10
"Microchirus_variegatus","joint_bb","M2","record_equal",0.51,0.41,0.61,0.05,1,"",TRUE,5,9
"Solea_senegalensis","joint_bb","M2","record_equal",0.51,0.41,0.61,0.05,1,"fixture_warning",TRUE,5,8
"Solea_solea","joint_bb","M2","record_equal",0.51,0.41,0.61,0.05,1,"",TRUE,5,7
"Parambassis_ranga","joint_bb","M2","record_equal",0.51,0.41,0.61,0.05,1,"",TRUE,5,6
"Brachyistius_frenatus","joint_bb","M2","record_equal",0.51,0.41,0.61,0.05,1,"",TRUE,5,5
"Embiotoca_jacksoni","joint_bb","M2","record_equal",0.51,0.41,0.61,0.05,1,"",TRUE,5,4
"Acanthochromis_polyacanthus","joint_bb","M2","record_equal",0.51,0.41,0.61,0.05,1,"",TRUE,5,3
"Amphiprion_ocellaris","joint_bb","M2","record_equal",0.51,0.41,0.61,0.05,1,"",TRUE,5,2
"Stegastes_partitus","joint_bb","M2","record_equal",0.51,0.41,0.61,0.05,1,"fixture_warning",TRUE,5,1
"Boleophthalmus_pectinirostris","joint_bb","M3","record_equal",0.58,0.48,0.68,0.05,1,"",TRUE,5,42
"Eucyclogobius_newberryi","joint_bb","M3","record_equal",0.58,0.48,0.68,0.05,1,"",TRUE,5,41
"Gobius_niger","joint_bb","M3","record_equal",0.58,0.48,0.68,0.05,1,"",TRUE,5,40
"Knipowitschia_caucasica","joint_bb","M3","record_equal",0.58,0.48,0.68,0.05,1,"",TRUE,5,39
"Mugilogobius_chulae","joint_bb","M3","record_equal",0.58,0.48,0.68,0.05,1,"",TRUE,5,38
"Periophthalmus_magnuspinnatus","joint_bb","M3","record_equal",0.58,0.48,0.68,0.05,1,"",TRUE,5,37
"Mastacembelus_armatus","joint_bb","M3","record_equal",0.58,0.48,0.68,0.05,1,"fixture_warning",TRUE,5,36
"Monopterus_albus","joint_bb","M3","record_equal",0.58,0.48,0.68,0.05,1,"",TRUE,5,35
"Anabas_testudineus","joint_bb","M3","record_equal",0.58,0.48,0.68,0.05,1,"",TRUE,5,34
"Channa_argus","joint_bb","M3","record_equal",0.58,0.48,0.68,0.05,1,"",TRUE,5,33
"Channa_striata","joint_bb","M3","record_equal",0.58,0.48,0.68,0.05,1,"",TRUE,5,32
"Betta_splendens","joint_bb","M3","record_equal",0.58,0.48,0.68,0.05,1,"",TRUE,5,31
"Trichopodus_trichopterus","joint_bb","M3","record_equal",0.58,0.48,0.68,0.05,1,"",TRUE,5,30
"Lates_calcarifer","joint_bb","M3","record_equal",0.58,0.48,0.68,0.05,1,"fixture_warning",TRUE,5,29
"Lates_japonicus","joint_bb","M3","record_equal",0.58,0.48,0.68,0.05,1,"",TRUE,5,28
"Eleutheronema_tetradactylum","joint_bb","M3","record_equal",0.58,0.48,0.68,0.05,1,"",TRUE,5,27
"Toxotes_jaculatrix","joint_bb","M3","record_equal",0.58,0.48,0.68,0.05,1,"",TRUE,5,26
"Xiphias_gladius","joint_bb","M3","record_equal",0.58,0.48,0.68,0.05,1,"",TRUE,5,25
"Caranx_melampygus","joint_bb","M3","record_equal",0.58,0.48,0.68,0.05,1,"",TRUE,5,24
"Seriola_dumerili","joint_bb","M3","record_equal",0.58,0.48,0.68,0.05,1,"",TRUE,5,23
"Seriola_lalandi","joint_bb","M3","record_equal",0.58,0.48,0.68,0.05,1,"fixture_warning",TRUE,5,22
"Trachinotus_anak","joint_bb","M3","record_equal",0.58,0.48,0.68,0.05,1,"",TRUE,5,21
"Trachurus_japonicus","joint_bb","M3","record_equal",0.58,0.48,0.68,0.05,1,"",TRUE,5,20
"Trachurus_trachurus","joint_bb","M3","record_equal",0.58,0.48,0.68,0.05,1,"",TRUE,5,19
"Echeneis_naucrates","joint_bb","M3","record_equal",0.58,0.48,0.68,0.05,1,"",TRUE,5,18
"Paralichthys_olivaceus","joint_bb","M3","record_equal",0.58,0.48,0.68,0.05,1,"",TRUE,5,17
"Hippoglossus_hippoglossus","joint_bb","M3","record_equal",0.58,0.48,0.68,0.05,1,"",TRUE,5,16
"Hippoglossus_stenolepis","joint_bb","M3","record_equal",0.58,0.48,0.68,0.05,1,"fixture_warning",TRUE,5,15
"Limanda_limanda","joint_bb","M3","record_equal",0.58,0.48,0.68,0.05,1,"",TRUE,5,14
"Platichthys_flesus","joint_bb","M3","record_equal",0.58,0.48,0.68,0.05,1,"",TRUE,5,13
"Platichthys_stellatus","joint_bb","M3","record_equal",0.58,0.48,0.68,0.05,1,"",TRUE,5,12
"Pleuronectes_platessa","joint_bb","M3","record_equal",0.58,0.48,0.68,0.05,1,"",TRUE,5,11
"Scophthalmus_maximus","joint_bb","M3","record_equal",0.58,0.48,0.68,0.05,1,"",TRUE,5,10
"Microchirus_variegatus","joint_bb","M3","record_equal",0.58,0.48,0.68,0.05,1,"",TRUE,5,9
"Solea_senegalensis","joint_bb","M3","record_equal",0.58,0.48,0.68,0.05,1,"fixture_warning",TRUE,5,8
"Solea_solea","joint_bb","M3","record_equal",0.58,0.48,0.68,0.05,1,"",TRUE,5,7
"Parambassis_ranga","joint_bb","M3","record_equal",0.58,0.48,0.68,0.05,1,"",TRUE,5,6
"Brachyistius_frenatus","joint_bb","M3","record_equal",0.58,0.48,0.68,0.05,1,"",TRUE,5,5
"Embiotoca_jacksoni","joint_bb","M3","record_equal",0.58,0.48,0.68,0.05,1,"",TRUE,5,4
"Acanthochromis_polyacanthus","joint_bb","M3","record_equal",0.58,0.48,0.68,0.05,1,"",TRUE,5,3
"Amphiprion_ocellaris","joint_bb","M3","record_equal",0.58,0.48,0.68,0.05,1,"",TRUE,5,2
"Stegastes_partitus","joint_bb","M3","record_equal",0.58,0.48,0.68,0.05,1,"fixture_warning",TRUE,5,1
"Andinoacara_rivulatus","joint_bb","Null","record_equal",0.37,0.27,0.47,0.05,1,"",TRUE,6,42
"Archocentrus_centrarchus","joint_bb","Null","record_equal",0.37,0.27,0.47,0.05,1,"",TRUE,6,41
"Astatotilapia_burtoni","joint_bb","Null","record_equal",0.37,0.27,0.47,0.05,1,"",TRUE,6,40
"Astatotilapia_calliptera","joint_bb","Null","record_equal",0.37,0.27,0.47,0.05,1,"",TRUE,6,39
"Astronotus_ocellatus","joint_bb","Null","record_equal",0.37,0.27,0.47,0.05,1,"",TRUE,6,38
"Aulonocara_stuartgranti","joint_bb","Null","record_equal",0.37,0.27,0.47,0.05,1,"",TRUE,6,37
"Copadichromis_virginalis","joint_bb","Null","record_equal",0.37,0.27,0.47,0.05,1,"fixture_warning",TRUE,6,36
"Diplotaxodon_limnothrissa","joint_bb","Null","record_equal",0.37,0.27,0.47,0.05,1,"",TRUE,6,35
"Haplochromis_nyererei","joint_bb","Null","record_equal",0.37,0.27,0.47,0.05,1,"",TRUE,6,34
"Maylandia_zebra","joint_bb","Null","record_equal",0.37,0.27,0.47,0.05,1,"",TRUE,6,33
"Mchenga_conophoros","joint_bb","Null","record_equal",0.37,0.27,0.47,0.05,1,"",TRUE,6,32
"Neolamprologus_brichardi","joint_bb","Null","record_equal",0.37,0.27,0.47,0.05,1,"",TRUE,6,31
"Neolamprologus_multifasciatus","joint_bb","Null","record_equal",0.37,0.27,0.47,0.05,1,"",TRUE,6,30
"Oreochromis_aureus","joint_bb","Null","record_equal",0.37,0.27,0.47,0.05,1,"fixture_warning",TRUE,6,29
"Oreochromis_niloticus","joint_bb","Null","record_equal",0.37,0.27,0.47,0.05,1,"",TRUE,6,28
"Pelmatolapia_mariae","joint_bb","Null","record_equal",0.37,0.27,0.47,0.05,1,"",TRUE,6,27
"Perissodus_microlepis","joint_bb","Null","record_equal",0.37,0.27,0.47,0.05,1,"",TRUE,6,26
"Pterophyllum_scalare","joint_bb","Null","record_equal",0.37,0.27,0.47,0.05,1,"",TRUE,6,25
"Rhamphochromis_longiceps","joint_bb","Null","record_equal",0.37,0.27,0.47,0.05,1,"",TRUE,6,24
"Sarotherodon_galilaeus","joint_bb","Null","record_equal",0.37,0.27,0.47,0.05,1,"",TRUE,6,23
"Simochromis_diagramma","joint_bb","Null","record_equal",0.37,0.27,0.47,0.05,1,"fixture_warning",TRUE,6,22
"Leuresthes_tenuis","joint_bb","Null","record_equal",0.37,0.27,0.47,0.05,1,"",TRUE,6,21
"Menidia_menidia","joint_bb","Null","record_equal",0.37,0.27,0.47,0.05,1,"",TRUE,6,20
"Odontesthes_bonariensis","joint_bb","Null","record_equal",0.37,0.27,0.47,0.05,1,"",TRUE,6,19
"Melanotaenia_boesemani","joint_bb","Null","record_equal",0.37,0.27,0.47,0.05,1,"",TRUE,6,18
"Telmatherina_bonti","joint_bb","Null","record_equal",0.37,0.27,0.47,0.05,1,"",TRUE,6,17
"Oryzias_javanicus","joint_bb","Null","record_equal",0.37,0.27,0.47,0.05,1,"",TRUE,6,16
"Oryzias_latipes","joint_bb","Null","record_equal",0.37,0.27,0.47,0.05,1,"fixture_warning",TRUE,6,15
"Oryzias_melastigma","joint_bb","Null","record_equal",0.37,0.27,0.47,0.05,1,"",TRUE,6,14
"Xenentodon_cancila","joint_bb","Null","record_equal",0.37,0.27,0.47,0.05,1,"",TRUE,6,13
"Cololabis_saira","joint_bb","Null","record_equal",0.37,0.27,0.47,0.05,1,"",TRUE,6,12
"Anableps_anableps","joint_bb","Null","record_equal",0.37,0.27,0.47,0.05,1,"",TRUE,6,11
"Cyprinodon_tularosa","joint_bb","Null","record_equal",0.37,0.27,0.47,0.05,1,"",TRUE,6,10
"Cyprinodon_variegatus","joint_bb","Null","record_equal",0.37,0.27,0.47,0.05,1,"",TRUE,6,9
"Fundulus_diaphanus","joint_bb","Null","record_equal",0.37,0.27,0.47,0.05,1,"fixture_warning",TRUE,6,8
"Fundulus_heteroclitus","joint_bb","Null","record_equal",0.37,0.27,0.47,0.05,1,"",TRUE,6,7
"Ameca_splendens","joint_bb","Null","record_equal",0.37,0.27,0.47,0.05,1,"",TRUE,6,6
"Crenichthys_baileyi","joint_bb","Null","record_equal",0.37,0.27,0.47,0.05,1,"",TRUE,6,5
"Girardinichthys_multiradiatus","joint_bb","Null","record_equal",0.37,0.27,0.47,0.05,1,"",TRUE,6,4
"Nothobranchius_furzeri","joint_bb","Null","record_equal",0.37,0.27,0.47,0.05,1,"",TRUE,6,3
"Nothobranchius_kadleci","joint_bb","Null","record_equal",0.37,0.27,0.47,0.05,1,"",TRUE,6,2
"Nothobranchius_pienaari","joint_bb","Null","record_equal",0.37,0.27,0.47,0.05,1,"fixture_warning",TRUE,6,1
"Andinoacara_rivulatus","joint_bb","M1","record_equal",0.44,0.34,0.54,0.05,1,"",TRUE,6,42
"Archocentrus_centrarchus","joint_bb","M1","record_equal",0.44,0.34,0.54,0.05,1,"",TRUE,6,41
"Astatotilapia_burtoni","joint_bb","M1","record_equal",0.44,0.34,0.54,0.05,1,"",TRUE,6,40
"Astatotilapia_calliptera","joint_bb","M1","record_equal",0.44,0.34,0.54,0.05,1,"",TRUE,6,39
"Astronotus_ocellatus","joint_bb","M1","record_equal",0.44,0.34,0.54,0.05,1,"",TRUE,6,38
"Aulonocara_stuartgranti","joint_bb","M1","record_equal",0.44,0.34,0.54,0.05,1,"",TRUE,6,37
"Copadichromis_virginalis","joint_bb","M1","record_equal",0.44,0.34,0.54,0.05,1,"fixture_warning",TRUE,6,36
"Diplotaxodon_limnothrissa","joint_bb","M1","record_equal",0.44,0.34,0.54,0.05,1,"",TRUE,6,35
"Haplochromis_nyererei","joint_bb","M1","record_equal",0.44,0.34,0.54,0.05,1,"",TRUE,6,34
"Maylandia_zebra","joint_bb","M1","record_equal",0.44,0.34,0.54,0.05,1,"",TRUE,6,33
"Mchenga_conophoros","joint_bb","M1","record_equal",0.44,0.34,0.54,0.05,1,"",TRUE,6,32
"Neolamprologus_brichardi","joint_bb","M1","record_equal",0.44,0.34,0.54,0.05,1,"",TRUE,6,31
"Neolamprologus_multifasciatus","joint_bb","M1","record_equal",0.44,0.34,0.54,0.05,1,"",TRUE,6,30
"Oreochromis_aureus","joint_bb","M1","record_equal",0.44,0.34,0.54,0.05,1,"fixture_warning",TRUE,6,29
"Oreochromis_niloticus","joint_bb","M1","record_equal",0.44,0.34,0.54,0.05,1,"",TRUE,6,28
"Pelmatolapia_mariae","joint_bb","M1","record_equal",0.44,0.34,0.54,0.05,1,"",TRUE,6,27
"Perissodus_microlepis","joint_bb","M1","record_equal",0.44,0.34,0.54,0.05,1,"",TRUE,6,26
"Pterophyllum_scalare","joint_bb","M1","record_equal",0.44,0.34,0.54,0.05,1,"",TRUE,6,25
"Rhamphochromis_longiceps","joint_bb","M1","record_equal",0.44,0.34,0.54,0.05,1,"",TRUE,6,24
"Sarotherodon_galilaeus","joint_bb","M1","record_equal",0.44,0.34,0.54,0.05,1,"",TRUE,6,23
"Simochromis_diagramma","joint_bb","M1","record_equal",0.44,0.34,0.54,0.05,1,"fixture_warning",TRUE,6,22
"Leuresthes_tenuis","joint_bb","M1","record_equal",0.44,0.34,0.54,0.05,1,"",TRUE,6,21
"Menidia_menidia","joint_bb","M1","record_equal",0.44,0.34,0.54,0.05,1,"",TRUE,6,20
"Odontesthes_bonariensis","joint_bb","M1","record_equal",0.44,0.34,0.54,0.05,1,"",TRUE,6,19
"Melanotaenia_boesemani","joint_bb","M1","record_equal",0.44,0.34,0.54,0.05,1,"",TRUE,6,18
"Telmatherina_bonti","joint_bb","M1","record_equal",0.44,0.34,0.54,0.05,1,"",TRUE,6,17
"Oryzias_javanicus","joint_bb","M1","record_equal",0.44,0.34,0.54,0.05,1,"",TRUE,6,16
"Oryzias_latipes","joint_bb","M1","record_equal",0.44,0.34,0.54,0.05,1,"fixture_warning",TRUE,6,15
"Oryzias_melastigma","joint_bb","M1","record_equal",0.44,0.34,0.54,0.05,1,"",TRUE,6,14
"Xenentodon_cancila","joint_bb","M1","record_equal",0.44,0.34,0.54,0.05,1,"",TRUE,6,13
"Cololabis_saira","joint_bb","M1","record_equal",0.44,0.34,0.54,0.05,1,"",TRUE,6,12
"Anableps_anableps","joint_bb","M1","record_equal",0.44,0.34,0.54,0.05,1,"",TRUE,6,11
"Cyprinodon_tularosa","joint_bb","M1","record_equal",0.44,0.34,0.54,0.05,1,"",TRUE,6,10
"Cyprinodon_variegatus","joint_bb","M1","record_equal",0.44,0.34,0.54,0.05,1,"",TRUE,6,9
"Fundulus_diaphanus","joint_bb","M1","record_equal",0.44,0.34,0.54,0.05,1,"fixture_warning",TRUE,6,8
"Fundulus_heteroclitus","joint_bb","M1","record_equal",0.44,0.34,0.54,0.05,1,"",TRUE,6,7
"Ameca_splendens","joint_bb","M1","record_equal",0.44,0.34,0.54,0.05,1,"",TRUE,6,6
"Crenichthys_baileyi","joint_bb","M1","record_equal",0.44,0.34,0.54,0.05,1,"",TRUE,6,5
"Girardinichthys_multiradiatus","joint_bb","M1","record_equal",0.44,0.34,0.54,0.05,1,"",TRUE,6,4
"Nothobranchius_furzeri","joint_bb","M1","record_equal",0.44,0.34,0.54,0.05,1,"",TRUE,6,3
"Nothobranchius_kadleci","joint_bb","M1","record_equal",0.44,0.34,0.54,0.05,1,"",TRUE,6,2
"Nothobranchius_pienaari","joint_bb","M1","record_equal",0.44,0.34,0.54,0.05,1,"fixture_warning",TRUE,6,1
"Andinoacara_rivulatus","joint_bb","M2","record_equal",0.51,0.41,0.61,0.05,1,"",TRUE,6,42
"Archocentrus_centrarchus","joint_bb","M2","record_equal",0.51,0.41,0.61,0.05,1,"",TRUE,6,41
"Astatotilapia_burtoni","joint_bb","M2","record_equal",0.51,0.41,0.61,0.05,1,"",TRUE,6,40
"Astatotilapia_calliptera","joint_bb","M2","record_equal",0.51,0.41,0.61,0.05,1,"",TRUE,6,39
"Astronotus_ocellatus","joint_bb","M2","record_equal",0.51,0.41,0.61,0.05,1,"",TRUE,6,38
"Aulonocara_stuartgranti","joint_bb","M2","record_equal",0.51,0.41,0.61,0.05,1,"",TRUE,6,37
"Copadichromis_virginalis","joint_bb","M2","record_equal",0.51,0.41,0.61,0.05,1,"fixture_warning",TRUE,6,36
"Diplotaxodon_limnothrissa","joint_bb","M2","record_equal",0.51,0.41,0.61,0.05,1,"",TRUE,6,35
"Haplochromis_nyererei","joint_bb","M2","record_equal",0.51,0.41,0.61,0.05,1,"",TRUE,6,34
"Maylandia_zebra","joint_bb","M2","record_equal",0.51,0.41,0.61,0.05,1,"",TRUE,6,33
"Mchenga_conophoros","joint_bb","M2","record_equal",0.51,0.41,0.61,0.05,1,"",TRUE,6,32
"Neolamprologus_brichardi","joint_bb","M2","record_equal",0.51,0.41,0.61,0.05,1,"",TRUE,6,31
"Neolamprologus_multifasciatus","joint_bb","M2","record_equal",0.51,0.41,0.61,0.05,1,"",TRUE,6,30
"Oreochromis_aureus","joint_bb","M2","record_equal",0.51,0.41,0.61,0.05,1,"fixture_warning",TRUE,6,29
"Oreochromis_niloticus","joint_bb","M2","record_equal",0.51,0.41,0.61,0.05,1,"",TRUE,6,28
"Pelmatolapia_mariae","joint_bb","M2","record_equal",0.51,0.41,0.61,0.05,1,"",TRUE,6,27
"Perissodus_microlepis","joint_bb","M2","record_equal",0.51,0.41,0.61,0.05,1,"",TRUE,6,26
"Pterophyllum_scalare","joint_bb","M2","record_equal",0.51,0.41,0.61,0.05,1,"",TRUE,6,25
"Rhamphochromis_longiceps","joint_bb","M2","record_equal",0.51,0.41,0.61,0.05,1,"",TRUE,6,24
"Sarotherodon_galilaeus","joint_bb","M2","record_equal",0.51,0.41,0.61,0.05,1,"",TRUE,6,23
"Simochromis_diagramma","joint_bb","M2","record_equal",0.51,0.41,0.61,0.05,1,"fixture_warning",TRUE,6,22
"Leuresthes_tenuis","joint_bb","M2","record_equal",0.51,0.41,0.61,0.05,1,"",TRUE,6,21
"Menidia_menidia","joint_bb","M2","record_equal",0.51,0.41,0.61,0.05,1,"",TRUE,6,20
"Odontesthes_bonariensis","joint_bb","M2","record_equal",0.51,0.41,0.61,0.05,1,"",TRUE,6,19
"Melanotaenia_boesemani","joint_bb","M2","record_equal",0.51,0.41,0.61,0.05,1,"",TRUE,6,18
"Telmatherina_bonti","joint_bb","M2","record_equal",0.51,0.41,0.61,0.05,1,"",TRUE,6,17
"Oryzias_javanicus","joint_bb","M2","record_equal",0.51,0.41,0.61,0.05,1,"",TRUE,6,16
"Oryzias_latipes","joint_bb","M2","record_equal",0.51,0.41,0.61,0.05,1,"fixture_warning",TRUE,6,15
"Oryzias_melastigma","joint_bb","M2","record_equal",0.51,0.41,0.61,0.05,1,"",TRUE,6,14
"Xenentodon_cancila","joint_bb","M2","record_equal",0.51,0.41,0.61,0.05,1,"",TRUE,6,13
"Cololabis_saira","joint_bb","M2","record_equal",0.51,0.41,0.61,0.05,1,"",TRUE,6,12
"Anableps_anableps","joint_bb","M2","record_equal",0.51,0.41,0.61,0.05,1,"",TRUE,6,11
"Cyprinodon_tularosa","joint_bb","M2","record_equal",0.51,0.41,0.61,0.05,1,"",TRUE,6,10
"Cyprinodon_variegatus","joint_bb","M2","record_equal",0.51,0.41,0.61,0.05,1,"",TRUE,6,9
"Fundulus_diaphanus","joint_bb","M2","record_equal",0.51,0.41,0.61,0.05,1,"fixture_warning",TRUE,6,8
"Fundulus_heteroclitus","joint_bb","M2","record_equal",0.51,0.41,0.61,0.05,1,"",TRUE,6,7
"Ameca_splendens","joint_bb","M2","record_equal",0.51,0.41,0.61,0.05,1,"",TRUE,6,6
"Crenichthys_baileyi","joint_bb","M2","record_equal",0.51,0.41,0.61,0.05,1,"",TRUE,6,5
"Girardinichthys_multiradiatus","joint_bb","M2","record_equal",0.51,0.41,0.61,0.05,1,"",TRUE,6,4
"Nothobranchius_furzeri","joint_bb","M2","record_equal",0.51,0.41,0.61,0.05,1,"",TRUE,6,3
"Nothobranchius_kadleci","joint_bb","M2","record_equal",0.51,0.41,0.61,0.05,1,"",TRUE,6,2
"Nothobranchius_pienaari","joint_bb","M2","record_equal",0.51,0.41,0.61,0.05,1,"fixture_warning",TRUE,6,1
"Andinoacara_rivulatus","joint_bb","M3","record_equal",0.58,0.48,0.68,0.05,1,"",TRUE,6,42
"Archocentrus_centrarchus","joint_bb","M3","record_equal",0.58,0.48,0.68,0.05,1,"",TRUE,6,41
"Astatotilapia_burtoni","joint_bb","M3","record_equal",0.58,0.48,0.68,0.05,1,"",TRUE,6,40
"Astatotilapia_calliptera","joint_bb","M3","record_equal",0.58,0.48,0.68,0.05,1,"",TRUE,6,39
"Astronotus_ocellatus","joint_bb","M3","record_equal",0.58,0.48,0.68,0.05,1,"",TRUE,6,38
"Aulonocara_stuartgranti","joint_bb","M3","record_equal",0.58,0.48,0.68,0.05,1,"",TRUE,6,37
"Copadichromis_virginalis","joint_bb","M3","record_equal",0.58,0.48,0.68,0.05,1,"fixture_warning",TRUE,6,36
"Diplotaxodon_limnothrissa","joint_bb","M3","record_equal",0.58,0.48,0.68,0.05,1,"",TRUE,6,35
"Haplochromis_nyererei","joint_bb","M3","record_equal",0.58,0.48,0.68,0.05,1,"",TRUE,6,34
"Maylandia_zebra","joint_bb","M3","record_equal",0.58,0.48,0.68,0.05,1,"",TRUE,6,33
"Mchenga_conophoros","joint_bb","M3","record_equal",0.58,0.48,0.68,0.05,1,"",TRUE,6,32
"Neolamprologus_brichardi","joint_bb","M3","record_equal",0.58,0.48,0.68,0.05,1,"",TRUE,6,31
"Neolamprologus_multifasciatus","joint_bb","M3","record_equal",0.58,0.48,0.68,0.05,1,"",TRUE,6,30
"Oreochromis_aureus","joint_bb","M3","record_equal",0.58,0.48,0.68,0.05,1,"fixture_warning",TRUE,6,29
"Oreochromis_niloticus","joint_bb","M3","record_equal",0.58,0.48,0.68,0.05,1,"",TRUE,6,28
"Pelmatolapia_mariae","joint_bb","M3","record_equal",0.58,0.48,0.68,0.05,1,"",TRUE,6,27
"Perissodus_microlepis","joint_bb","M3","record_equal",0.58,0.48,0.68,0.05,1,"",TRUE,6,26
"Pterophyllum_scalare","joint_bb","M3","record_equal",0.58,0.48,0.68,0.05,1,"",TRUE,6,25
"Rhamphochromis_longiceps","joint_bb","M3","record_equal",0.58,0.48,0.68,0.05,1,"",TRUE,6,24
"Sarotherodon_galilaeus","joint_bb","M3","record_equal",0.58,0.48,0.68,0.05,1,"",TRUE,6,23
"Simochromis_diagramma","joint_bb","M3","record_equal",0.58,0.48,0.68,0.05,1,"fixture_warning",TRUE,6,22
"Leuresthes_tenuis","joint_bb","M3","record_equal",0.58,0.48,0.68,0.05,1,"",TRUE,6,21
"Menidia_menidia","joint_bb","M3","record_equal",0.58,0.48,0.68,0.05,1,"",TRUE,6,20
"Odontesthes_bonariensis","joint_bb","M3","record_equal",0.58,0.48,0.68,0.05,1,"",TRUE,6,19
"Melanotaenia_boesemani","joint_bb","M3","record_equal",0.58,0.48,0.68,0.05,1,"",TRUE,6,18
"Telmatherina_bonti","joint_bb","M3","record_equal",0.58,0.48,0.68,0.05,1,"",TRUE,6,17
"Oryzias_javanicus","joint_bb","M3","record_equal",0.58,0.48,0.68,0.05,1,"",TRUE,6,16
"Oryzias_latipes","joint_bb","M3","record_equal",0.58,0.48,0.68,0.05,1,"fixture_warning",TRUE,6,15
"Oryzias_melastigma","joint_bb","M3","record_equal",0.58,0.48,0.68,0.05,1,"",TRUE,6,14
"Xenentodon_cancila","joint_bb","M3","record_equal",0.58,0.48,0.68,0.05,1,"",TRUE,6,13
"Cololabis_saira","joint_bb","M3","record_equal",0.58,0.48,0.68,0.05,1,"",TRUE,6,12
"Anableps_anableps","joint_bb","M3","record_equal",0.58,0.48,0.68,0.05,1,"",TRUE,6,11
"Cyprinodon_tularosa","joint_bb","M3","record_equal",0.58,0.48,0.68,0.05,1,"",TRUE,6,10
"Cyprinodon_variegatus","joint_bb","M3","record_equal",0.58,0.48,0.68,0.05,1,"",TRUE,6,9
"Fundulus_diaphanus","joint_bb","M3","record_equal",0.58,0.48,0.68,0.05,1,"fixture_warning",TRUE,6,8
"Fundulus_heteroclitus","joint_bb","M3","record_equal",0.58,0.48,0.68,0.05,1,"",TRUE,6,7
"Ameca_splendens","joint_bb","M3","record_equal",0.58,0.48,0.68,0.05,1,"",TRUE,6,6
"Crenichthys_baileyi","joint_bb","M3","record_equal",0.58,0.48,0.68,0.05,1,"",TRUE,6,5
"Girardinichthys_multiradiatus","joint_bb","M3","record_equal",0.58,0.48,0.68,0.05,1,"",TRUE,6,4
"Nothobranchius_furzeri","joint_bb","M3","record_equal",0.58,0.48,0.68,0.05,1,"",TRUE,6,3
"Nothobranchius_kadleci","joint_bb","M3","record_equal",0.58,0.48,0.68,0.05,1,"",TRUE,6,2
"Nothobranchius_pienaari","joint_bb","M3","record_equal",0.58,0.48,0.68,0.05,1,"fixture_warning",TRUE,6,1
"Nothobranchius_rachovii","joint_bb","Null","record_equal",0.37,0.27,0.47,0.05,1,"",TRUE,7,42
"Gambusia_affinis","joint_bb","Null","record_equal",0.37,0.27,0.47,0.05,1,"",TRUE,7,41
"Gambusia_holbrooki","joint_bb","Null","record_equal",0.37,0.27,0.47,0.05,1,"",TRUE,7,40
"Poecilia_formosa","joint_bb","Null","record_equal",0.37,0.27,0.47,0.05,1,"",TRUE,7,39
"Poecilia_latipinna","joint_bb","Null","record_equal",0.37,0.27,0.47,0.05,1,"",TRUE,7,38
"Poecilia_mexicana","joint_bb","Null","record_equal",0.37,0.27,0.47,0.05,1,"",TRUE,7,37
"Poecilia_reticulata","joint_bb","Null","record_equal",0.37,0.27,0.47,0.05,1,"fixture_warning",TRUE,7,36
"Poeciliopsis_prolifica","joint_bb","Null","record_equal",0.37,0.27,0.47,0.05,1,"",TRUE,7,35
"Poropanchax_normani","joint_bb","Null","record_equal",0.37,0.27,0.47,0.05,1,"",TRUE,7,34
"Xiphophorus_couchianus","joint_bb","Null","record_equal",0.37,0.27,0.47,0.05,1,"",TRUE,7,33
"Xiphophorus_hellerii","joint_bb","Null","record_equal",0.37,0.27,0.47,0.05,1,"",TRUE,7,32
"Xiphophorus_maculatus","joint_bb","Null","record_equal",0.37,0.27,0.47,0.05,1,"",TRUE,7,31
"Austrofundulus_limnaeus","joint_bb","Null","record_equal",0.37,0.27,0.47,0.05,1,"",TRUE,7,30
"Kryptolebias_marmoratus","joint_bb","Null","record_equal",0.37,0.27,0.47,0.05,1,"fixture_warning",TRUE,7,29
"Nematolebias_whitei","joint_bb","Null","record_equal",0.37,0.27,0.47,0.05,1,"",TRUE,7,28
"Chelon_labrosus","joint_bb","Null","record_equal",0.37,0.27,0.47,0.05,1,"",TRUE,7,27
"Mugil_cephalus","joint_bb","Null","record_equal",0.37,0.27,0.47,0.05,1,"",TRUE,7,26
"Planiliza_haematocheilus","joint_bb","Null","record_equal",0.37,0.27,0.47,0.05,1,"",TRUE,7,25
"Gouania_willdenowi","joint_bb","Null","record_equal",0.37,0.27,0.47,0.05,1,"",TRUE,7,24
"Blennius_ocellaris","joint_bb","Null","record_equal",0.37,0.27,0.47,0.05,1,"",TRUE,7,23
"Lipophrys_pholis","joint_bb","Null","record_equal",0.37,0.27,0.47,0.05,1,"fixture_warning",TRUE,7,22
"Ophioblennius_macclurei","joint_bb","Null","record_equal",0.37,0.27,0.47,0.05,1,"",TRUE,7,21
"Salarias_fasciatus","joint_bb","Null","record_equal",0.37,0.27,0.47,0.05,1,"",TRUE,7,20
"Cristiceps_australis","joint_bb","Null","record_equal",0.37,0.27,0.47,0.05,1,"",TRUE,7,19
"Dicentrarchus_labrax","joint_bb","Null","record_equal",0.37,0.27,0.47,0.05,1,"",TRUE,7,18
"Morone_saxatilis","joint_bb","Null","record_equal",0.37,0.27,0.47,0.05,1,"",TRUE,7,17
"Scatophagus_argus","joint_bb","Null","record_equal",0.37,0.27,0.47,0.05,1,"",TRUE,7,16
"Collichthys_lucidus","joint_bb","Null","record_equal",0.37,0.27,0.47,0.05,1,"fixture_warning",TRUE,7,15
"Larimichthys_crocea","joint_bb","Null","record_equal",0.37,0.27,0.47,0.05,1,"",TRUE,7,14
"Nibea_albiflora","joint_bb","Null","record_equal",0.37,0.27,0.47,0.05,1,"",TRUE,7,13
"Sciaenops_ocellatus","joint_bb","Null","record_equal",0.37,0.27,0.47,0.05,1,"",TRUE,7,12
"Siganus_canaliculatus","joint_bb","Null","record_equal",0.37,0.27,0.47,0.05,1,"",TRUE,7,11
"Ammodytes_marinus","joint_bb","Null","record_equal",0.37,0.27,0.47,0.05,1,"",TRUE,7,10
"Cheilinus_undulatus","joint_bb","Null","record_equal",0.37,0.27,0.47,0.05,1,"",TRUE,7,9
"Halichoeres_trimaculatus","joint_bb","Null","record_equal",0.37,0.27,0.47,0.05,1,"fixture_warning",TRUE,7,8
"Notolabrus_celidotus","joint_bb","Null","record_equal",0.37,0.27,0.47,0.05,1,"",TRUE,7,7
"Semicossyphus_pulcher","joint_bb","Null","record_equal",0.37,0.27,0.47,0.05,1,"",TRUE,7,6
"Thalassoma_bifasciatum","joint_bb","Null","record_equal",0.37,0.27,0.47,0.05,1,"",TRUE,7,5
"Xyrichtys_novacula","joint_bb","Null","record_equal",0.37,0.27,0.47,0.05,1,"",TRUE,7,4
"Platax_orbicularis","joint_bb","Null","record_equal",0.37,0.27,0.47,0.05,1,"",TRUE,7,3
"Chaetodon_auriga","joint_bb","Null","record_equal",0.37,0.27,0.47,0.05,1,"",TRUE,7,2
"Chaetodon_trifascialis","joint_bb","Null","record_equal",0.37,0.27,0.47,0.05,1,"fixture_warning",TRUE,7,1
"Nothobranchius_rachovii","joint_bb","M1","record_equal",0.44,0.34,0.54,0.05,1,"",TRUE,7,42
"Gambusia_affinis","joint_bb","M1","record_equal",0.44,0.34,0.54,0.05,1,"",TRUE,7,41
"Gambusia_holbrooki","joint_bb","M1","record_equal",0.44,0.34,0.54,0.05,1,"",TRUE,7,40
"Poecilia_formosa","joint_bb","M1","record_equal",0.44,0.34,0.54,0.05,1,"",TRUE,7,39
"Poecilia_latipinna","joint_bb","M1","record_equal",0.44,0.34,0.54,0.05,1,"",TRUE,7,38
"Poecilia_mexicana","joint_bb","M1","record_equal",0.44,0.34,0.54,0.05,1,"",TRUE,7,37
"Poecilia_reticulata","joint_bb","M1","record_equal",0.44,0.34,0.54,0.05,1,"fixture_warning",TRUE,7,36
"Poeciliopsis_prolifica","joint_bb","M1","record_equal",0.44,0.34,0.54,0.05,1,"",TRUE,7,35
"Poropanchax_normani","joint_bb","M1","record_equal",0.44,0.34,0.54,0.05,1,"",TRUE,7,34
"Xiphophorus_couchianus","joint_bb","M1","record_equal",0.44,0.34,0.54,0.05,1,"",TRUE,7,33
"Xiphophorus_hellerii","joint_bb","M1","record_equal",0.44,0.34,0.54,0.05,1,"",TRUE,7,32
"Xiphophorus_maculatus","joint_bb","M1","record_equal",0.44,0.34,0.54,0.05,1,"",TRUE,7,31
"Austrofundulus_limnaeus","joint_bb","M1","record_equal",0.44,0.34,0.54,0.05,1,"",TRUE,7,30
"Kryptolebias_marmoratus","joint_bb","M1","record_equal",0.44,0.34,0.54,0.05,1,"fixture_warning",TRUE,7,29
"Nematolebias_whitei","joint_bb","M1","record_equal",0.44,0.34,0.54,0.05,1,"",TRUE,7,28
"Chelon_labrosus","joint_bb","M1","record_equal",0.44,0.34,0.54,0.05,1,"",TRUE,7,27
"Mugil_cephalus","joint_bb","M1","record_equal",0.44,0.34,0.54,0.05,1,"",TRUE,7,26
"Planiliza_haematocheilus","joint_bb","M1","record_equal",0.44,0.34,0.54,0.05,1,"",TRUE,7,25
"Gouania_willdenowi","joint_bb","M1","record_equal",0.44,0.34,0.54,0.05,1,"",TRUE,7,24
"Blennius_ocellaris","joint_bb","M1","record_equal",0.44,0.34,0.54,0.05,1,"",TRUE,7,23
"Lipophrys_pholis","joint_bb","M1","record_equal",0.44,0.34,0.54,0.05,1,"fixture_warning",TRUE,7,22
"Ophioblennius_macclurei","joint_bb","M1","record_equal",0.44,0.34,0.54,0.05,1,"",TRUE,7,21
"Salarias_fasciatus","joint_bb","M1","record_equal",0.44,0.34,0.54,0.05,1,"",TRUE,7,20
"Cristiceps_australis","joint_bb","M1","record_equal",0.44,0.34,0.54,0.05,1,"",TRUE,7,19
"Dicentrarchus_labrax","joint_bb","M1","record_equal",0.44,0.34,0.54,0.05,1,"",TRUE,7,18
"Morone_saxatilis","joint_bb","M1","record_equal",0.44,0.34,0.54,0.05,1,"",TRUE,7,17
"Scatophagus_argus","joint_bb","M1","record_equal",0.44,0.34,0.54,0.05,1,"",TRUE,7,16
"Collichthys_lucidus","joint_bb","M1","record_equal",0.44,0.34,0.54,0.05,1,"fixture_warning",TRUE,7,15
"Larimichthys_crocea","joint_bb","M1","record_equal",0.44,0.34,0.54,0.05,1,"",TRUE,7,14
"Nibea_albiflora","joint_bb","M1","record_equal",0.44,0.34,0.54,0.05,1,"",TRUE,7,13
"Sciaenops_ocellatus","joint_bb","M1","record_equal",0.44,0.34,0.54,0.05,1,"",TRUE,7,12
"Siganus_canaliculatus","joint_bb","M1","record_equal",0.44,0.34,0.54,0.05,1,"",TRUE,7,11
"Ammodytes_marinus","joint_bb","M1","record_equal",0.44,0.34,0.54,0.05,1,"",TRUE,7,10
"Cheilinus_undulatus","joint_bb","M1","record_equal",0.44,0.34,0.54,0.05,1,"",TRUE,7,9
"Halichoeres_trimaculatus","joint_bb","M1","record_equal",0.44,0.34,0.54,0.05,1,"fixture_warning",TRUE,7,8
"Notolabrus_celidotus","joint_bb","M1","record_equal",0.44,0.34,0.54,0.05,1,"",TRUE,7,7
"Semicossyphus_pulcher","joint_bb","M1","record_equal",0.44,0.34,0.54,0.05,1,"",TRUE,7,6
"Thalassoma_bifasciatum","joint_bb","M1","record_equal",0.44,0.34,0.54,0.05,1,"",TRUE,7,5
"Xyrichtys_novacula","joint_bb","M1","record_equal",0.44,0.34,0.54,0.05,1,"",TRUE,7,4
"Platax_orbicularis","joint_bb","M1","record_equal",0.44,0.34,0.54,0.05,1,"",TRUE,7,3
"Chaetodon_auriga","joint_bb","M1","record_equal",0.44,0.34,0.54,0.05,1,"",TRUE,7,2
"Chaetodon_trifascialis","joint_bb","M1","record_equal",0.44,0.34,0.54,0.05,1,"fixture_warning",TRUE,7,1
"Nothobranchius_rachovii","joint_bb","M2","record_equal",0.51,0.41,0.61,0.05,1,"",TRUE,7,42
"Gambusia_affinis","joint_bb","M2","record_equal",0.51,0.41,0.61,0.05,1,"",TRUE,7,41
"Gambusia_holbrooki","joint_bb","M2","record_equal",0.51,0.41,0.61,0.05,1,"",TRUE,7,40
"Poecilia_formosa","joint_bb","M2","record_equal",0.51,0.41,0.61,0.05,1,"",TRUE,7,39
"Poecilia_latipinna","joint_bb","M2","record_equal",0.51,0.41,0.61,0.05,1,"",TRUE,7,38
"Poecilia_mexicana","joint_bb","M2","record_equal",0.51,0.41,0.61,0.05,1,"",TRUE,7,37
"Poecilia_reticulata","joint_bb","M2","record_equal",0.51,0.41,0.61,0.05,1,"fixture_warning",TRUE,7,36
"Poeciliopsis_prolifica","joint_bb","M2","record_equal",0.51,0.41,0.61,0.05,1,"",TRUE,7,35
"Poropanchax_normani","joint_bb","M2","record_equal",0.51,0.41,0.61,0.05,1,"",TRUE,7,34
"Xiphophorus_couchianus","joint_bb","M2","record_equal",0.51,0.41,0.61,0.05,1,"",TRUE,7,33
"Xiphophorus_hellerii","joint_bb","M2","record_equal",0.51,0.41,0.61,0.05,1,"",TRUE,7,32
"Xiphophorus_maculatus","joint_bb","M2","record_equal",0.51,0.41,0.61,0.05,1,"",TRUE,7,31
"Austrofundulus_limnaeus","joint_bb","M2","record_equal",0.51,0.41,0.61,0.05,1,"",TRUE,7,30
"Kryptolebias_marmoratus","joint_bb","M2","record_equal",0.51,0.41,0.61,0.05,1,"fixture_warning",TRUE,7,29
"Nematolebias_whitei","joint_bb","M2","record_equal",0.51,0.41,0.61,0.05,1,"",TRUE,7,28
"Chelon_labrosus","joint_bb","M2","record_equal",0.51,0.41,0.61,0.05,1,"",TRUE,7,27
"Mugil_cephalus","joint_bb","M2","record_equal",0.51,0.41,0.61,0.05,1,"",TRUE,7,26
"Planiliza_haematocheilus","joint_bb","M2","record_equal",0.51,0.41,0.61,0.05,1,"",TRUE,7,25
"Gouania_willdenowi","joint_bb","M2","record_equal",0.51,0.41,0.61,0.05,1,"",TRUE,7,24
"Blennius_ocellaris","joint_bb","M2","record_equal",0.51,0.41,0.61,0.05,1,"",TRUE,7,23
"Lipophrys_pholis","joint_bb","M2","record_equal",0.51,0.41,0.61,0.05,1,"fixture_warning",TRUE,7,22
"Ophioblennius_macclurei","joint_bb","M2","record_equal",0.51,0.41,0.61,0.05,1,"",TRUE,7,21
"Salarias_fasciatus","joint_bb","M2","record_equal",0.51,0.41,0.61,0.05,1,"",TRUE,7,20
"Cristiceps_australis","joint_bb","M2","record_equal",0.51,0.41,0.61,0.05,1,"",TRUE,7,19
"Dicentrarchus_labrax","joint_bb","M2","record_equal",0.51,0.41,0.61,0.05,1,"",TRUE,7,18
"Morone_saxatilis","joint_bb","M2","record_equal",0.51,0.41,0.61,0.05,1,"",TRUE,7,17
"Scatophagus_argus","joint_bb","M2","record_equal",0.51,0.41,0.61,0.05,1,"",TRUE,7,16
"Collichthys_lucidus","joint_bb","M2","record_equal",0.51,0.41,0.61,0.05,1,"fixture_warning",TRUE,7,15
"Larimichthys_crocea","joint_bb","M2","record_equal",0.51,0.41,0.61,0.05,1,"",TRUE,7,14
"Nibea_albiflora","joint_bb","M2","record_equal",0.51,0.41,0.61,0.05,1,"",TRUE,7,13
"Sciaenops_ocellatus","joint_bb","M2","record_equal",0.51,0.41,0.61,0.05,1,"",TRUE,7,12
"Siganus_canaliculatus","joint_bb","M2","record_equal",0.51,0.41,0.61,0.05,1,"",TRUE,7,11
"Ammodytes_marinus","joint_bb","M2","record_equal",0.51,0.41,0.61,0.05,1,"",TRUE,7,10
"Cheilinus_undulatus","joint_bb","M2","record_equal",0.51,0.41,0.61,0.05,1,"",TRUE,7,9
"Halichoeres_trimaculatus","joint_bb","M2","record_equal",0.51,0.41,0.61,0.05,1,"fixture_warning",TRUE,7,8
"Notolabrus_celidotus","joint_bb","M2","record_equal",0.51,0.41,0.61,0.05,1,"",TRUE,7,7
"Semicossyphus_pulcher","joint_bb","M2","record_equal",0.51,0.41,0.61,0.05,1,"",TRUE,7,6
"Thalassoma_bifasciatum","joint_bb","M2","record_equal",0.51,0.41,0.61,0.05,1,"",TRUE,7,5
"Xyrichtys_novacula","joint_bb","M2","record_equal",0.51,0.41,0.61,0.05,1,"",TRUE,7,4
"Platax_orbicularis","joint_bb","M2","record_equal",0.51,0.41,0.61,0.05,1,"",TRUE,7,3
"Chaetodon_auriga","joint_bb","M2","record_equal",0.51,0.41,0.61,0.05,1,"",TRUE,7,2
"Chaetodon_trifascialis","joint_bb","M2","record_equal",0.51,0.41,0.61,0.05,1,"fixture_warning",TRUE,7,1
"Nothobranchius_rachovii","joint_bb","M3","record_equal",0.58,0.48,0.68,0.05,1,"",TRUE,7,42
"Gambusia_affinis","joint_bb","M3","record_equal",0.58,0.48,0.68,0.05,1,"",TRUE,7,41
"Gambusia_holbrooki","joint_bb","M3","record_equal",0.58,0.48,0.68,0.05,1,"",TRUE,7,40
"Poecilia_formosa","joint_bb","M3","record_equal",0.58,0.48,0.68,0.05,1,"",TRUE,7,39
"Poecilia_latipinna","joint_bb","M3","record_equal",0.58,0.48,0.68,0.05,1,"",TRUE,7,38
"Poecilia_mexicana","joint_bb","M3","record_equal",0.58,0.48,0.68,0.05,1,"",TRUE,7,37
"Poecilia_reticulata","joint_bb","M3","record_equal",0.58,0.48,0.68,0.05,1,"fixture_warning",TRUE,7,36
"Poeciliopsis_prolifica","joint_bb","M3","record_equal",0.58,0.48,0.68,0.05,1,"",TRUE,7,35
"Poropanchax_normani","joint_bb","M3","record_equal",0.58,0.48,0.68,0.05,1,"",TRUE,7,34
"Xiphophorus_couchianus","joint_bb","M3","record_equal",0.58,0.48,0.68,0.05,1,"",TRUE,7,33
"Xiphophorus_hellerii","joint_bb","M3","record_equal",0.58,0.48,0.68,0.05,1,"",TRUE,7,32
"Xiphophorus_maculatus","joint_bb","M3","record_equal",0.58,0.48,0.68,0.05,1,"",TRUE,7,31
"Austrofundulus_limnaeus","joint_bb","M3","record_equal",0.58,0.48,0.68,0.05,1,"",TRUE,7,30
"Kryptolebias_marmoratus","joint_bb","M3","record_equal",0.58,0.48,0.68,0.05,1,"fixture_warning",TRUE,7,29
"Nematolebias_whitei","joint_bb","M3","record_equal",0.58,0.48,0.68,0.05,1,"",TRUE,7,28
"Chelon_labrosus","joint_bb","M3","record_equal",0.58,0.48,0.68,0.05,1,"",TRUE,7,27
"Mugil_cephalus","joint_bb","M3","record_equal",0.58,0.48,0.68,0.05,1,"",TRUE,7,26
"Planiliza_haematocheilus","joint_bb","M3","record_equal",0.58,0.48,0.68,0.05,1,"",TRUE,7,25
"Gouania_willdenowi","joint_bb","M3","record_equal",0.58,0.48,0.68,0.05,1,"",TRUE,7,24
"Blennius_ocellaris","joint_bb","M3","record_equal",0.58,0.48,0.68,0.05,1,"",TRUE,7,23
"Lipophrys_pholis","joint_bb","M3","record_equal",0.58,0.48,0.68,0.05,1,"fixture_warning",TRUE,7,22
"Ophioblennius_macclurei","joint_bb","M3","record_equal",0.58,0.48,0.68,0.05,1,"",TRUE,7,21
"Salarias_fasciatus","joint_bb","M3","record_equal",0.58,0.48,0.68,0.05,1,"",TRUE,7,20
"Cristiceps_australis","joint_bb","M3","record_equal",0.58,0.48,0.68,0.05,1,"",TRUE,7,19
"Dicentrarchus_labrax","joint_bb","M3","record_equal",0.58,0.48,0.68,0.05,1,"",TRUE,7,18
"Morone_saxatilis","joint_bb","M3","record_equal",0.58,0.48,0.68,0.05,1,"",TRUE,7,17
"Scatophagus_argus","joint_bb","M3","record_equal",0.58,0.48,0.68,0.05,1,"",TRUE,7,16
"Collichthys_lucidus","joint_bb","M3","record_equal",0.58,0.48,0.68,0.05,1,"fixture_warning",TRUE,7,15
"Larimichthys_crocea","joint_bb","M3","record_equal",0.58,0.48,0.68,0.05,1,"",TRUE,7,14
"Nibea_albiflora","joint_bb","M3","record_equal",0.58,0.48,0.68,0.05,1,"",TRUE,7,13
"Sciaenops_ocellatus","joint_bb","M3","record_equal",0.58,0.48,0.68,0.05,1,"",TRUE,7,12
"Siganus_canaliculatus","joint_bb","M3","record_equal",0.58,0.48,0.68,0.05,1,"",TRUE,7,11
"Ammodytes_marinus","joint_bb","M3","record_equal",0.58,0.48,0.68,0.05,1,"",TRUE,7,10
"Cheilinus_undulatus","joint_bb","M3","record_equal",0.58,0.48,0.68,0.05,1,"",TRUE,7,9
"Halichoeres_trimaculatus","joint_bb","M3","record_equal",0.58,0.48,0.68,0.05,1,"fixture_warning",TRUE,7,8
"Notolabrus_celidotus","joint_bb","M3","record_equal",0.58,0.48,0.68,0.05,1,"",TRUE,7,7
"Semicossyphus_pulcher","joint_bb","M3","record_equal",0.58,0.48,0.68,0.05,1,"",TRUE,7,6
"Thalassoma_bifasciatum","joint_bb","M3","record_equal",0.58,0.48,0.68,0.05,1,"",TRUE,7,5
"Xyrichtys_novacula","joint_bb","M3","record_equal",0.58,0.48,0.68,0.05,1,"",TRUE,7,4
"Platax_orbicularis","joint_bb","M3","record_equal",0.58,0.48,0.68,0.05,1,"",TRUE,7,3
"Chaetodon_auriga","joint_bb","M3","record_equal",0.58,0.48,0.68,0.05,1,"",TRUE,7,2
"Chaetodon_trifascialis","joint_bb","M3","record_equal",0.58,0.48,0.68,0.05,1,"fixture_warning",TRUE,7,1
"Chelmon_rostratus","joint_bb","Null","record_equal",0.37,0.27,0.47,0.05,1,"",TRUE,8,42
"Caesio_teres","joint_bb","Null","record_equal",0.37,0.27,0.47,0.05,1,"",TRUE,8,41
"Lutjanus_erythropterus","joint_bb","Null","record_equal",0.37,0.27,0.47,0.05,1,"",TRUE,8,40
"Pristipomoides_typus","joint_bb","Null","record_equal",0.37,0.27,0.47,0.05,1,"",TRUE,8,39
"Symphorus_nematophorus","joint_bb","Null","record_equal",0.37,0.27,0.47,0.05,1,"",TRUE,8,38
"Lethrinus_nebulosus","joint_bb","Null","record_equal",0.37,0.27,0.47,0.05,1,"",TRUE,8,37
"Acanthopagrus_latus","joint_bb","Null","record_equal",0.37,0.27,0.47,0.05,1,"fixture_warning",TRUE,8,36
"Acanthopagrus_schlegelii","joint_bb","Null","record_equal",0.37,0.27,0.47,0.05,1,"",TRUE,8,35
"Pagrus_major","joint_bb","Null","record_equal",0.37,0.27,0.47,0.05,1,"",TRUE,8,34
"Pagrus_pagrus","joint_bb","Null","record_equal",0.37,0.27,0.47,0.05,1,"",TRUE,8,33
"Rhabdosargus_sarba","joint_bb","Null","record_equal",0.37,0.27,0.47,0.05,1,"",TRUE,8,32
"Sparus_aurata","joint_bb","Null","record_equal",0.37,0.27,0.47,0.05,1,"",TRUE,8,31
"Nelusetta_ayraud","joint_bb","Null","record_equal",0.37,0.27,0.47,0.05,1,"",TRUE,8,30
"Lateolabrax_japonicus","joint_bb","Null","record_equal",0.37,0.27,0.47,0.05,1,"fixture_warning",TRUE,8,29
"Lateolabrax_maculatus","joint_bb","Null","record_equal",0.37,0.27,0.47,0.05,1,"",TRUE,8,28
"Pempheris_klunzingeri","joint_bb","Null","record_equal",0.37,0.27,0.47,0.05,1,"",TRUE,8,27
"Micropterus_dolomieu","joint_bb","Null","record_equal",0.37,0.27,0.47,0.05,1,"",TRUE,8,26
"Micropterus_salmoides","joint_bb","Null","record_equal",0.37,0.27,0.47,0.05,1,"",TRUE,8,25
"Enoplosus_armatus","joint_bb","Null","record_equal",0.37,0.27,0.47,0.05,1,"",TRUE,8,24
"Oplegnathus_fasciatus","joint_bb","Null","record_equal",0.37,0.27,0.47,0.05,1,"",TRUE,8,23
"Oplegnathus_punctatus","joint_bb","Null","record_equal",0.37,0.27,0.47,0.05,1,"fixture_warning",TRUE,8,22
"Maccullochella_peelii","joint_bb","Null","record_equal",0.37,0.27,0.47,0.05,1,"",TRUE,8,21
"Siniperca_chuatsi","joint_bb","Null","record_equal",0.37,0.27,0.47,0.05,1,"",TRUE,8,20
"Siniperca_scherzeri","joint_bb","Null","record_equal",0.37,0.27,0.47,0.05,1,"",TRUE,8,19
"Scortum_barcoo","joint_bb","Null","record_equal",0.37,0.27,0.47,0.05,1,"",TRUE,8,18
"Anarhichas_minor","joint_bb","Null","record_equal",0.37,0.27,0.47,0.05,1,"",TRUE,8,17
"Anarrhichthys_ocellatus","joint_bb","Null","record_equal",0.37,0.27,0.47,0.05,1,"",TRUE,8,16
"Anoplopoma_fimbria","joint_bb","Null","record_equal",0.37,0.27,0.47,0.05,1,"fixture_warning",TRUE,8,15
"Pogonophryne_albipinna","joint_bb","Null","record_equal",0.37,0.27,0.47,0.05,1,"",TRUE,8,14
"Gymnodraco_acuticeps","joint_bb","Null","record_equal",0.37,0.27,0.47,0.05,1,"",TRUE,8,13
"Cottoperca_gobio","joint_bb","Null","record_equal",0.37,0.27,0.47,0.05,1,"",TRUE,8,12
"Cebidichthys_violaceus","joint_bb","Null","record_equal",0.37,0.27,0.47,0.05,1,"",TRUE,8,11
"Chaenocephalus_aceratus","joint_bb","Null","record_equal",0.37,0.27,0.47,0.05,1,"",TRUE,8,10
"Champsocephalus_esox","joint_bb","Null","record_equal",0.37,0.27,0.47,0.05,1,"",TRUE,8,9
"Champsocephalus_gunnari","joint_bb","Null","record_equal",0.37,0.27,0.47,0.05,1,"fixture_warning",TRUE,8,8
"Pseudochaenichthys_georgianus","joint_bb","Null","record_equal",0.37,0.27,0.47,0.05,1,"",TRUE,8,7
"Clinocottus_analis","joint_bb","Null","record_equal",0.37,0.27,0.47,0.05,1,"",TRUE,8,6
"Taurulus_bubalis","joint_bb","Null","record_equal",0.37,0.27,0.47,0.05,1,"",TRUE,8,5
"Cyclopterus_lumpus","joint_bb","Null","record_equal",0.37,0.27,0.47,0.05,1,"",TRUE,8,4
"Eleginops_maclovinus","joint_bb","Null","record_equal",0.37,0.27,0.47,0.05,1,"",TRUE,8,3
"Cromileptes_altivelis","joint_bb","Null","record_equal",0.37,0.27,0.47,0.05,1,"",TRUE,8,2
"Epinephelus_bruneus","joint_bb","Null","record_equal",0.37,0.27,0.47,0.05,1,"fixture_warning",TRUE,8,1
"Chelmon_rostratus","joint_bb","M1","record_equal",0.44,0.34,0.54,0.05,1,"",TRUE,8,42
"Caesio_teres","joint_bb","M1","record_equal",0.44,0.34,0.54,0.05,1,"",TRUE,8,41
"Lutjanus_erythropterus","joint_bb","M1","record_equal",0.44,0.34,0.54,0.05,1,"",TRUE,8,40
"Pristipomoides_typus","joint_bb","M1","record_equal",0.44,0.34,0.54,0.05,1,"",TRUE,8,39
"Symphorus_nematophorus","joint_bb","M1","record_equal",0.44,0.34,0.54,0.05,1,"",TRUE,8,38
"Lethrinus_nebulosus","joint_bb","M1","record_equal",0.44,0.34,0.54,0.05,1,"",TRUE,8,37
"Acanthopagrus_latus","joint_bb","M1","record_equal",0.44,0.34,0.54,0.05,1,"fixture_warning",TRUE,8,36
"Acanthopagrus_schlegelii","joint_bb","M1","record_equal",0.44,0.34,0.54,0.05,1,"",TRUE,8,35
"Pagrus_major","joint_bb","M1","record_equal",0.44,0.34,0.54,0.05,1,"",TRUE,8,34
"Pagrus_pagrus","joint_bb","M1","record_equal",0.44,0.34,0.54,0.05,1,"",TRUE,8,33
"Rhabdosargus_sarba","joint_bb","M1","record_equal",0.44,0.34,0.54,0.05,1,"",TRUE,8,32
"Sparus_aurata","joint_bb","M1","record_equal",0.44,0.34,0.54,0.05,1,"",TRUE,8,31
"Nelusetta_ayraud","joint_bb","M1","record_equal",0.44,0.34,0.54,0.05,1,"",TRUE,8,30
"Lateolabrax_japonicus","joint_bb","M1","record_equal",0.44,0.34,0.54,0.05,1,"fixture_warning",TRUE,8,29
"Lateolabrax_maculatus","joint_bb","M1","record_equal",0.44,0.34,0.54,0.05,1,"",TRUE,8,28
"Pempheris_klunzingeri","joint_bb","M1","record_equal",0.44,0.34,0.54,0.05,1,"",TRUE,8,27
"Micropterus_dolomieu","joint_bb","M1","record_equal",0.44,0.34,0.54,0.05,1,"",TRUE,8,26
"Micropterus_salmoides","joint_bb","M1","record_equal",0.44,0.34,0.54,0.05,1,"",TRUE,8,25
"Enoplosus_armatus","joint_bb","M1","record_equal",0.44,0.34,0.54,0.05,1,"",TRUE,8,24
"Oplegnathus_fasciatus","joint_bb","M1","record_equal",0.44,0.34,0.54,0.05,1,"",TRUE,8,23
"Oplegnathus_punctatus","joint_bb","M1","record_equal",0.44,0.34,0.54,0.05,1,"fixture_warning",TRUE,8,22
"Maccullochella_peelii","joint_bb","M1","record_equal",0.44,0.34,0.54,0.05,1,"",TRUE,8,21
"Siniperca_chuatsi","joint_bb","M1","record_equal",0.44,0.34,0.54,0.05,1,"",TRUE,8,20
"Siniperca_scherzeri","joint_bb","M1","record_equal",0.44,0.34,0.54,0.05,1,"",TRUE,8,19
"Scortum_barcoo","joint_bb","M1","record_equal",0.44,0.34,0.54,0.05,1,"",TRUE,8,18
"Anarhichas_minor","joint_bb","M1","record_equal",0.44,0.34,0.54,0.05,1,"",TRUE,8,17
"Anarrhichthys_ocellatus","joint_bb","M1","record_equal",0.44,0.34,0.54,0.05,1,"",TRUE,8,16
"Anoplopoma_fimbria","joint_bb","M1","record_equal",0.44,0.34,0.54,0.05,1,"fixture_warning",TRUE,8,15
"Pogonophryne_albipinna","joint_bb","M1","record_equal",0.44,0.34,0.54,0.05,1,"",TRUE,8,14
"Gymnodraco_acuticeps","joint_bb","M1","record_equal",0.44,0.34,0.54,0.05,1,"",TRUE,8,13
"Cottoperca_gobio","joint_bb","M1","record_equal",0.44,0.34,0.54,0.05,1,"",TRUE,8,12
"Cebidichthys_violaceus","joint_bb","M1","record_equal",0.44,0.34,0.54,0.05,1,"",TRUE,8,11
"Chaenocephalus_aceratus","joint_bb","M1","record_equal",0.44,0.34,0.54,0.05,1,"",TRUE,8,10
"Champsocephalus_esox","joint_bb","M1","record_equal",0.44,0.34,0.54,0.05,1,"",TRUE,8,9
"Champsocephalus_gunnari","joint_bb","M1","record_equal",0.44,0.34,0.54,0.05,1,"fixture_warning",TRUE,8,8
"Pseudochaenichthys_georgianus","joint_bb","M1","record_equal",0.44,0.34,0.54,0.05,1,"",TRUE,8,7
"Clinocottus_analis","joint_bb","M1","record_equal",0.44,0.34,0.54,0.05,1,"",TRUE,8,6
"Taurulus_bubalis","joint_bb","M1","record_equal",0.44,0.34,0.54,0.05,1,"",TRUE,8,5
"Cyclopterus_lumpus","joint_bb","M1","record_equal",0.44,0.34,0.54,0.05,1,"",TRUE,8,4
"Eleginops_maclovinus","joint_bb","M1","record_equal",0.44,0.34,0.54,0.05,1,"",TRUE,8,3
"Cromileptes_altivelis","joint_bb","M1","record_equal",0.44,0.34,0.54,0.05,1,"",TRUE,8,2
"Epinephelus_bruneus","joint_bb","M1","record_equal",0.44,0.34,0.54,0.05,1,"fixture_warning",TRUE,8,1
"Chelmon_rostratus","joint_bb","M2","record_equal",0.51,0.41,0.61,0.05,1,"",TRUE,8,42
"Caesio_teres","joint_bb","M2","record_equal",0.51,0.41,0.61,0.05,1,"",TRUE,8,41
"Lutjanus_erythropterus","joint_bb","M2","record_equal",0.51,0.41,0.61,0.05,1,"",TRUE,8,40
"Pristipomoides_typus","joint_bb","M2","record_equal",0.51,0.41,0.61,0.05,1,"",TRUE,8,39
"Symphorus_nematophorus","joint_bb","M2","record_equal",0.51,0.41,0.61,0.05,1,"",TRUE,8,38
"Lethrinus_nebulosus","joint_bb","M2","record_equal",0.51,0.41,0.61,0.05,1,"",TRUE,8,37
"Acanthopagrus_latus","joint_bb","M2","record_equal",0.51,0.41,0.61,0.05,1,"fixture_warning",TRUE,8,36
"Acanthopagrus_schlegelii","joint_bb","M2","record_equal",0.51,0.41,0.61,0.05,1,"",TRUE,8,35
"Pagrus_major","joint_bb","M2","record_equal",0.51,0.41,0.61,0.05,1,"",TRUE,8,34
"Pagrus_pagrus","joint_bb","M2","record_equal",0.51,0.41,0.61,0.05,1,"",TRUE,8,33
"Rhabdosargus_sarba","joint_bb","M2","record_equal",0.51,0.41,0.61,0.05,1,"",TRUE,8,32
"Sparus_aurata","joint_bb","M2","record_equal",0.51,0.41,0.61,0.05,1,"",TRUE,8,31
"Nelusetta_ayraud","joint_bb","M2","record_equal",0.51,0.41,0.61,0.05,1,"",TRUE,8,30
"Lateolabrax_japonicus","joint_bb","M2","record_equal",0.51,0.41,0.61,0.05,1,"fixture_warning",TRUE,8,29
"Lateolabrax_maculatus","joint_bb","M2","record_equal",0.51,0.41,0.61,0.05,1,"",TRUE,8,28
"Pempheris_klunzingeri","joint_bb","M2","record_equal",0.51,0.41,0.61,0.05,1,"",TRUE,8,27
"Micropterus_dolomieu","joint_bb","M2","record_equal",0.51,0.41,0.61,0.05,1,"",TRUE,8,26
"Micropterus_salmoides","joint_bb","M2","record_equal",0.51,0.41,0.61,0.05,1,"",TRUE,8,25
"Enoplosus_armatus","joint_bb","M2","record_equal",0.51,0.41,0.61,0.05,1,"",TRUE,8,24
"Oplegnathus_fasciatus","joint_bb","M2","record_equal",0.51,0.41,0.61,0.05,1,"",TRUE,8,23
"Oplegnathus_punctatus","joint_bb","M2","record_equal",0.51,0.41,0.61,0.05,1,"fixture_warning",TRUE,8,22
"Maccullochella_peelii","joint_bb","M2","record_equal",0.51,0.41,0.61,0.05,1,"",TRUE,8,21
"Siniperca_chuatsi","joint_bb","M2","record_equal",0.51,0.41,0.61,0.05,1,"",TRUE,8,20
"Siniperca_scherzeri","joint_bb","M2","record_equal",0.51,0.41,0.61,0.05,1,"",TRUE,8,19
"Scortum_barcoo","joint_bb","M2","record_equal",0.51,0.41,0.61,0.05,1,"",TRUE,8,18
"Anarhichas_minor","joint_bb","M2","record_equal",0.51,0.41,0.61,0.05,1,"",TRUE,8,17
"Anarrhichthys_ocellatus","joint_bb","M2","record_equal",0.51,0.41,0.61,0.05,1,"",TRUE,8,16
"Anoplopoma_fimbria","joint_bb","M2","record_equal",0.51,0.41,0.61,0.05,1,"fixture_warning",TRUE,8,15
"Pogonophryne_albipinna","joint_bb","M2","record_equal",0.51,0.41,0.61,0.05,1,"",TRUE,8,14
"Gymnodraco_acuticeps","joint_bb","M2","record_equal",0.51,0.41,0.61,0.05,1,"",TRUE,8,13
"Cottoperca_gobio","joint_bb","M2","record_equal",0.51,0.41,0.61,0.05,1,"",TRUE,8,12
"Cebidichthys_violaceus","joint_bb","M2","record_equal",0.51,0.41,0.61,0.05,1,"",TRUE,8,11
"Chaenocephalus_aceratus","joint_bb","M2","record_equal",0.51,0.41,0.61,0.05,1,"",TRUE,8,10
"Champsocephalus_esox","joint_bb","M2","record_equal",0.51,0.41,0.61,0.05,1,"",TRUE,8,9
"Champsocephalus_gunnari","joint_bb","M2","record_equal",0.51,0.41,0.61,0.05,1,"fixture_warning",TRUE,8,8
"Pseudochaenichthys_georgianus","joint_bb","M2","record_equal",0.51,0.41,0.61,0.05,1,"",TRUE,8,7
"Clinocottus_analis","joint_bb","M2","record_equal",0.51,0.41,0.61,0.05,1,"",TRUE,8,6
"Taurulus_bubalis","joint_bb","M2","record_equal",0.51,0.41,0.61,0.05,1,"",TRUE,8,5
"Cyclopterus_lumpus","joint_bb","M2","record_equal",0.51,0.41,0.61,0.05,1,"",TRUE,8,4
"Eleginops_maclovinus","joint_bb","M2","record_equal",0.51,0.41,0.61,0.05,1,"",TRUE,8,3
"Cromileptes_altivelis","joint_bb","M2","record_equal",0.51,0.41,0.61,0.05,1,"",TRUE,8,2
"Epinephelus_bruneus","joint_bb","M2","record_equal",0.51,0.41,0.61,0.05,1,"fixture_warning",TRUE,8,1
"Chelmon_rostratus","joint_bb","M3","record_equal",0.58,0.48,0.68,0.05,1,"",TRUE,8,42
"Caesio_teres","joint_bb","M3","record_equal",0.58,0.48,0.68,0.05,1,"",TRUE,8,41
"Lutjanus_erythropterus","joint_bb","M3","record_equal",0.58,0.48,0.68,0.05,1,"",TRUE,8,40
"Pristipomoides_typus","joint_bb","M3","record_equal",0.58,0.48,0.68,0.05,1,"",TRUE,8,39
"Symphorus_nematophorus","joint_bb","M3","record_equal",0.58,0.48,0.68,0.05,1,"",TRUE,8,38
"Lethrinus_nebulosus","joint_bb","M3","record_equal",0.58,0.48,0.68,0.05,1,"",TRUE,8,37
"Acanthopagrus_latus","joint_bb","M3","record_equal",0.58,0.48,0.68,0.05,1,"fixture_warning",TRUE,8,36
"Acanthopagrus_schlegelii","joint_bb","M3","record_equal",0.58,0.48,0.68,0.05,1,"",TRUE,8,35
"Pagrus_major","joint_bb","M3","record_equal",0.58,0.48,0.68,0.05,1,"",TRUE,8,34
"Pagrus_pagrus","joint_bb","M3","record_equal",0.58,0.48,0.68,0.05,1,"",TRUE,8,33
"Rhabdosargus_sarba","joint_bb","M3","record_equal",0.58,0.48,0.68,0.05,1,"",TRUE,8,32
"Sparus_aurata","joint_bb","M3","record_equal",0.58,0.48,0.68,0.05,1,"",TRUE,8,31
"Nelusetta_ayraud","joint_bb","M3","record_equal",0.58,0.48,0.68,0.05,1,"",TRUE,8,30
"Lateolabrax_japonicus","joint_bb","M3","record_equal",0.58,0.48,0.68,0.05,1,"fixture_warning",TRUE,8,29
"Lateolabrax_maculatus","joint_bb","M3","record_equal",0.58,0.48,0.68,0.05,1,"",TRUE,8,28
"Pempheris_klunzingeri","joint_bb","M3","record_equal",0.58,0.48,0.68,0.05,1,"",TRUE,8,27
"Micropterus_dolomieu","joint_bb","M3","record_equal",0.58,0.48,0.68,0.05,1,"",TRUE,8,26
"Micropterus_salmoides","joint_bb","M3","record_equal",0.58,0.48,0.68,0.05,1,"",TRUE,8,25
"Enoplosus_armatus","joint_bb","M3","record_equal",0.58,0.48,0.68,0.05,1,"",TRUE,8,24
"Oplegnathus_fasciatus","joint_bb","M3","record_equal",0.58,0.48,0.68,0.05,1,"",TRUE,8,23
"Oplegnathus_punctatus","joint_bb","M3","record_equal",0.58,0.48,0.68,0.05,1,"fixture_warning",TRUE,8,22
"Maccullochella_peelii","joint_bb","M3","record_equal",0.58,0.48,0.68,0.05,1,"",TRUE,8,21
"Siniperca_chuatsi","joint_bb","M3","record_equal",0.58,0.48,0.68,0.05,1,"",TRUE,8,20
"Siniperca_scherzeri","joint_bb","M3","record_equal",0.58,0.48,0.68,0.05,1,"",TRUE,8,19
"Scortum_barcoo","joint_bb","M3","record_equal",0.58,0.48,0.68,0.05,1,"",TRUE,8,18
"Anarhichas_minor","joint_bb","M3","record_equal",0.58,0.48,0.68,0.05,1,"",TRUE,8,17
"Anarrhichthys_ocellatus","joint_bb","M3","record_equal",0.58,0.48,0.68,0.05,1,"",TRUE,8,16
"Anoplopoma_fimbria","joint_bb","M3","record_equal",0.58,0.48,0.68,0.05,1,"fixture_warning",TRUE,8,15
"Pogonophryne_albipinna","joint_bb","M3","record_equal",0.58,0.48,0.68,0.05,1,"",TRUE,8,14
"Gymnodraco_acuticeps","joint_bb","M3","record_equal",0.58,0.48,0.68,0.05,1,"",TRUE,8,13
"Cottoperca_gobio","joint_bb","M3","record_equal",0.58,0.48,0.68,0.05,1,"",TRUE,8,12
"Cebidichthys_violaceus","joint_bb","M3","record_equal",0.58,0.48,0.68,0.05,1,"",TRUE,8,11
"Chaenocephalus_aceratus","joint_bb","M3","record_equal",0.58,0.48,0.68,0.05,1,"",TRUE,8,10
"Champsocephalus_esox","joint_bb","M3","record_equal",0.58,0.48,0.68,0.05,1,"",TRUE,8,9
"Champsocephalus_gunnari","joint_bb","M3","record_equal",0.58,0.48,0.68,0.05,1,"fixture_warning",TRUE,8,8
"Pseudochaenichthys_georgianus","joint_bb","M3","record_equal",0.58,0.48,0.68,0.05,1,"",TRUE,8,7
"Clinocottus_analis","joint_bb","M3","record_equal",0.58,0.48,0.68,0.05,1,"",TRUE,8,6
"Taurulus_bubalis","joint_bb","M3","record_equal",0.58,0.48,0.68,0.05,1,"",TRUE,8,5
"Cyclopterus_lumpus","joint_bb","M3","record_equal",0.58,0.48,0.68,0.05,1,"",TRUE,8,4
"Eleginops_maclovinus","joint_bb","M3","record_equal",0.58,0.48,0.68,0.05,1,"",TRUE,8,3
"Cromileptes_altivelis","joint_bb","M3","record_equal",0.58,0.48,0.68,0.05,1,"",TRUE,8,2
"Epinephelus_bruneus","joint_bb","M3","record_equal",0.58,0.48,0.68,0.05,1,"fixture_warning",TRUE,8,1
"Epinephelus_coioides","joint_bb","Null","record_equal",0.37,0.27,0.47,0.05,1,"",TRUE,9,29
"Epinephelus_fuscoguttatus","joint_bb","Null","record_equal",0.37,0.27,0.47,0.05,1,"",TRUE,9,28
"Epinephelus_lanceolatus","joint_bb","Null","record_equal",0.37,0.27,0.47,0.05,1,"",TRUE,9,27
"Epinephelus_malabaricus","joint_bb","Null","record_equal",0.37,0.27,0.47,0.05,1,"",TRUE,9,26
"Epinephelus_multinotatus","joint_bb","Null","record_equal",0.37,0.27,0.47,0.05,1,"",TRUE,9,25
"Plectropomus_leopardus","joint_bb","Null","record_equal",0.37,0.27,0.47,0.05,1,"",TRUE,9,24
"Gasterosteus_aculeatus","joint_bb","Null","record_equal",0.37,0.27,0.47,0.05,1,"fixture_warning",TRUE,9,23
"Pungitius_pungitius","joint_bb","Null","record_equal",0.37,0.27,0.47,0.05,1,"",TRUE,9,22
"Pungitius_sinensis","joint_bb","Null","record_equal",0.37,0.27,0.47,0.05,1,"",TRUE,9,21
"Dissostichus_eleginoides","joint_bb","Null","record_equal",0.37,0.27,0.47,0.05,1,"",TRUE,9,20
"Dissostichus_mawsoni","joint_bb","Null","record_equal",0.37,0.27,0.47,0.05,1,"",TRUE,9,19
"Notothenia_rossii","joint_bb","Null","record_equal",0.37,0.27,0.47,0.05,1,"",TRUE,9,18
"Pagothenia_borchgrevinki","joint_bb","Null","record_equal",0.37,0.27,0.47,0.05,1,"",TRUE,9,17
"Trematomus_bernacchii","joint_bb","Null","record_equal",0.37,0.27,0.47,0.05,1,"fixture_warning",TRUE,9,16
"Etheostoma_cragini","joint_bb","Null","record_equal",0.37,0.27,0.47,0.05,1,"",TRUE,9,15
"Perca_flavescens","joint_bb","Null","record_equal",0.37,0.27,0.47,0.05,1,"",TRUE,9,14
"Perca_fluviatilis","joint_bb","Null","record_equal",0.37,0.27,0.47,0.05,1,"",TRUE,9,13
"Sander_lucioperca","joint_bb","Null","record_equal",0.37,0.27,0.47,0.05,1,"",TRUE,9,12
"Sander_vitreus","joint_bb","Null","record_equal",0.37,0.27,0.47,0.05,1,"",TRUE,9,11
"Pholis_gunnellus","joint_bb","Null","record_equal",0.37,0.27,0.47,0.05,1,"",TRUE,9,10
"Sebastes_fasciatus","joint_bb","Null","record_equal",0.37,0.27,0.47,0.05,1,"fixture_warning",TRUE,9,9
"Sebastes_schlegelii","joint_bb","Null","record_equal",0.37,0.27,0.47,0.05,1,"",TRUE,9,8
"Sebastes_umbrosus","joint_bb","Null","record_equal",0.37,0.27,0.47,0.05,1,"",TRUE,9,7
"Centropristis_striata","joint_bb","Null","record_equal",0.37,0.27,0.47,0.05,1,"",TRUE,9,6
"Echiichthys_vipera","joint_bb","Null","record_equal",0.37,0.27,0.47,0.05,1,"",TRUE,9,5
"Eutrigla_gurnardus","joint_bb","Null","record_equal",0.37,0.27,0.47,0.05,1,"",TRUE,9,4
"Lycodes_pacificus","joint_bb","Null","record_equal",0.37,0.27,0.47,0.05,1,"",TRUE,9,3
"Melanostigma_gelatinosum","joint_bb","Null","record_equal",0.37,0.27,0.47,0.05,1,"fixture_warning",TRUE,9,2
"Zoarces_viviparus","joint_bb","Null","record_equal",0.37,0.27,0.47,0.05,1,"",TRUE,9,1
"Epinephelus_coioides","joint_bb","M1","record_equal",0.44,0.34,0.54,0.05,1,"",TRUE,9,29
"Epinephelus_fuscoguttatus","joint_bb","M1","record_equal",0.44,0.34,0.54,0.05,1,"",TRUE,9,28
"Epinephelus_lanceolatus","joint_bb","M1","record_equal",0.44,0.34,0.54,0.05,1,"",TRUE,9,27
"Epinephelus_malabaricus","joint_bb","M1","record_equal",0.44,0.34,0.54,0.05,1,"",TRUE,9,26
"Epinephelus_multinotatus","joint_bb","M1","record_equal",0.44,0.34,0.54,0.05,1,"",TRUE,9,25
"Plectropomus_leopardus","joint_bb","M1","record_equal",0.44,0.34,0.54,0.05,1,"",TRUE,9,24
"Gasterosteus_aculeatus","joint_bb","M1","record_equal",0.44,0.34,0.54,0.05,1,"fixture_warning",TRUE,9,23
"Pungitius_pungitius","joint_bb","M1","record_equal",0.44,0.34,0.54,0.05,1,"",TRUE,9,22
"Pungitius_sinensis","joint_bb","M1","record_equal",0.44,0.34,0.54,0.05,1,"",TRUE,9,21
"Dissostichus_eleginoides","joint_bb","M1","record_equal",0.44,0.34,0.54,0.05,1,"",TRUE,9,20
"Dissostichus_mawsoni","joint_bb","M1","record_equal",0.44,0.34,0.54,0.05,1,"",TRUE,9,19
"Notothenia_rossii","joint_bb","M1","record_equal",0.44,0.34,0.54,0.05,1,"",TRUE,9,18
"Pagothenia_borchgrevinki","joint_bb","M1","record_equal",0.44,0.34,0.54,0.05,1,"",TRUE,9,17
"Trematomus_bernacchii","joint_bb","M1","record_equal",0.44,0.34,0.54,0.05,1,"fixture_warning",TRUE,9,16
"Etheostoma_cragini","joint_bb","M1","record_equal",0.44,0.34,0.54,0.05,1,"",TRUE,9,15
"Perca_flavescens","joint_bb","M1","record_equal",0.44,0.34,0.54,0.05,1,"",TRUE,9,14
"Perca_fluviatilis","joint_bb","M1","record_equal",0.44,0.34,0.54,0.05,1,"",TRUE,9,13
"Sander_lucioperca","joint_bb","M1","record_equal",0.44,0.34,0.54,0.05,1,"",TRUE,9,12
"Sander_vitreus","joint_bb","M1","record_equal",0.44,0.34,0.54,0.05,1,"",TRUE,9,11
"Pholis_gunnellus","joint_bb","M1","record_equal",0.44,0.34,0.54,0.05,1,"",TRUE,9,10
"Sebastes_fasciatus","joint_bb","M1","record_equal",0.44,0.34,0.54,0.05,1,"fixture_warning",TRUE,9,9
"Sebastes_schlegelii","joint_bb","M1","record_equal",0.44,0.34,0.54,0.05,1,"",TRUE,9,8
"Sebastes_umbrosus","joint_bb","M1","record_equal",0.44,0.34,0.54,0.05,1,"",TRUE,9,7
"Centropristis_striata","joint_bb","M1","record_equal",0.44,0.34,0.54,0.05,1,"",TRUE,9,6
"Echiichthys_vipera","joint_bb","M1","record_equal",0.44,0.34,0.54,0.05,1,"",TRUE,9,5
"Eutrigla_gurnardus","joint_bb","M1","record_equal",0.44,0.34,0.54,0.05,1,"",TRUE,9,4
"Lycodes_pacificus","joint_bb","M1","record_equal",0.44,0.34,0.54,0.05,1,"",TRUE,9,3
"Melanostigma_gelatinosum","joint_bb","M1","record_equal",0.44,0.34,0.54,0.05,1,"fixture_warning",TRUE,9,2
"Zoarces_viviparus","joint_bb","M1","record_equal",0.44,0.34,0.54,0.05,1,"",TRUE,9,1
"Epinephelus_coioides","joint_bb","M2","record_equal",0.51,0.41,0.61,0.05,1,"",TRUE,9,29
"Epinephelus_fuscoguttatus","joint_bb","M2","record_equal",0.51,0.41,0.61,0.05,1,"",TRUE,9,28
"Epinephelus_lanceolatus","joint_bb","M2","record_equal",0.51,0.41,0.61,0.05,1,"",TRUE,9,27
"Epinephelus_malabaricus","joint_bb","M2","record_equal",0.51,0.41,0.61,0.05,1,"",TRUE,9,26
"Epinephelus_multinotatus","joint_bb","M2","record_equal",0.51,0.41,0.61,0.05,1,"",TRUE,9,25
"Plectropomus_leopardus","joint_bb","M2","record_equal",0.51,0.41,0.61,0.05,1,"",TRUE,9,24
"Gasterosteus_aculeatus","joint_bb","M2","record_equal",0.51,0.41,0.61,0.05,1,"fixture_warning",TRUE,9,23
"Pungitius_pungitius","joint_bb","M2","record_equal",0.51,0.41,0.61,0.05,1,"",TRUE,9,22
"Pungitius_sinensis","joint_bb","M2","record_equal",0.51,0.41,0.61,0.05,1,"",TRUE,9,21
"Dissostichus_eleginoides","joint_bb","M2","record_equal",0.51,0.41,0.61,0.05,1,"",TRUE,9,20
"Dissostichus_mawsoni","joint_bb","M2","record_equal",0.51,0.41,0.61,0.05,1,"",TRUE,9,19
"Notothenia_rossii","joint_bb","M2","record_equal",0.51,0.41,0.61,0.05,1,"",TRUE,9,18
"Pagothenia_borchgrevinki","joint_bb","M2","record_equal",0.51,0.41,0.61,0.05,1,"",TRUE,9,17
"Trematomus_bernacchii","joint_bb","M2","record_equal",0.51,0.41,0.61,0.05,1,"fixture_warning",TRUE,9,16
"Etheostoma_cragini","joint_bb","M2","record_equal",0.51,0.41,0.61,0.05,1,"",TRUE,9,15
"Perca_flavescens","joint_bb","M2","record_equal",0.51,0.41,0.61,0.05,1,"",TRUE,9,14
"Perca_fluviatilis","joint_bb","M2","record_equal",0.51,0.41,0.61,0.05,1,"",TRUE,9,13
"Sander_lucioperca","joint_bb","M2","record_equal",0.51,0.41,0.61,0.05,1,"",TRUE,9,12
"Sander_vitreus","joint_bb","M2","record_equal",0.51,0.41,0.61,0.05,1,"",TRUE,9,11
"Pholis_gunnellus","joint_bb","M2","record_equal",0.51,0.41,0.61,0.05,1,"",TRUE,9,10
"Sebastes_fasciatus","joint_bb","M2","record_equal",0.51,0.41,0.61,0.05,1,"fixture_warning",TRUE,9,9
"Sebastes_schlegelii","joint_bb","M2","record_equal",0.51,0.41,0.61,0.05,1,"",TRUE,9,8
"Sebastes_umbrosus","joint_bb","M2","record_equal",0.51,0.41,0.61,0.05,1,"",TRUE,9,7
"Centropristis_striata","joint_bb","M2","record_equal",0.51,0.41,0.61,0.05,1,"",TRUE,9,6
"Echiichthys_vipera","joint_bb","M2","record_equal",0.51,0.41,0.61,0.05,1,"",TRUE,9,5
"Eutrigla_gurnardus","joint_bb","M2","record_equal",0.51,0.41,0.61,0.05,1,"",TRUE,9,4
"Lycodes_pacificus","joint_bb","M2","record_equal",0.51,0.41,0.61,0.05,1,"",TRUE,9,3
"Melanostigma_gelatinosum","joint_bb","M2","record_equal",0.51,0.41,0.61,0.05,1,"fixture_warning",TRUE,9,2
"Zoarces_viviparus","joint_bb","M2","record_equal",0.51,0.41,0.61,0.05,1,"",TRUE,9,1
"Epinephelus_coioides","joint_bb","M3","record_equal",0.58,0.48,0.68,0.05,1,"",TRUE,9,29
"Epinephelus_fuscoguttatus","joint_bb","M3","record_equal",0.58,0.48,0.68,0.05,1,"",TRUE,9,28
"Epinephelus_lanceolatus","joint_bb","M3","record_equal",0.58,0.48,0.68,0.05,1,"",TRUE,9,27
"Epinephelus_malabaricus","joint_bb","M3","record_equal",0.58,0.48,0.68,0.05,1,"",TRUE,9,26
"Epinephelus_multinotatus","joint_bb","M3","record_equal",0.58,0.48,0.68,0.05,1,"",TRUE,9,25
"Plectropomus_leopardus","joint_bb","M3","record_equal",0.58,0.48,0.68,0.05,1,"",TRUE,9,24
"Gasterosteus_aculeatus","joint_bb","M3","record_equal",0.58,0.48,0.68,0.05,1,"fixture_warning",TRUE,9,23
"Pungitius_pungitius","joint_bb","M3","record_equal",0.58,0.48,0.68,0.05,1,"",TRUE,9,22
"Pungitius_sinensis","joint_bb","M3","record_equal",0.58,0.48,0.68,0.05,1,"",TRUE,9,21
"Dissostichus_eleginoides","joint_bb","M3","record_equal",0.58,0.48,0.68,0.05,1,"",TRUE,9,20
"Dissostichus_mawsoni","joint_bb","M3","record_equal",0.58,0.48,0.68,0.05,1,"",TRUE,9,19
"Notothenia_rossii","joint_bb","M3","record_equal",0.58,0.48,0.68,0.05,1,"",TRUE,9,18
"Pagothenia_borchgrevinki","joint_bb","M3","record_equal",0.58,0.48,0.68,0.05,1,"",TRUE,9,17
"Trematomus_bernacchii","joint_bb","M3","record_equal",0.58,0.48,0.68,0.05,1,"fixture_warning",TRUE,9,16
"Etheostoma_cragini","joint_bb","M3","record_equal",0.58,0.48,0.68,0.05,1,"",TRUE,9,15
"Perca_flavescens","joint_bb","M3","record_equal",0.58,0.48,0.68,0.05,1,"",TRUE,9,14
"Perca_fluviatilis","joint_bb","M3","record_equal",0.58,0.48,0.68,0.05,1,"",TRUE,9,13
"Sander_lucioperca","joint_bb","M3","record_equal",0.58,0.48,0.68,0.05,1,"",TRUE,9,12
"Sander_vitreus","joint_bb","M3","record_equal",0.58,0.48,0.68,0.05,1,"",TRUE,9,11
"Pholis_gunnellus","joint_bb","M3","record_equal",0.58,0.48,0.68,0.05,1,"",TRUE,9,10
"Sebastes_fasciatus","joint_bb","M3","record_equal",0.58,0.48,0.68,0.05,1,"fixture_warning",TRUE,9,9
"Sebastes_schlegelii","joint_bb","M3","record_equal",0.58,0.48,0.68,0.05,1,"",TRUE,9,8
"Sebastes_umbrosus","joint_bb","M3","record_equal",0.58,0.48,0.68,0.05,1,"",TRUE,9,7
"Centropristis_striata","joint_bb","M3","record_equal",0.58,0.48,0.68,0.05,1,"",TRUE,9,6
"Echiichthys_vipera","joint_bb","M3","record_equal",0.58,0.48,0.68,0.05,1,"",TRUE,9,5
"Eutrigla_gurnardus","joint_bb","M3","record_equal",0.58,0.48,0.68,0.05,1,"",TRUE,9,4
"Lycodes_pacificus","joint_bb","M3","record_equal",0.58,0.48,0.68,0.05,1,"",TRUE,9,3
"Melanostigma_gelatinosum","joint_bb","M3","record_equal",0.58,0.48,0.68,0.05,1,"fixture_warning",TRUE,9,2
"Zoarces_viviparus","joint_bb","M3","record_equal",0.58,0.48,0.68,0.05,1,"",TRUE,9,1
"Erpetoichthys_calabaricus","joint_bb","Null","species_equal",0.37,0.27,0.47,0.05,1,"",TRUE,1,42
"Polypterus_senegalus","joint_bb","Null","species_equal",0.37,0.27,0.47,0.05,1,"",TRUE,1,41
"Acipenser_oxyrinchus","joint_bb","Null","species_equal",0.37,0.27,0.47,0.05,1,"",TRUE,1,40
"Acipenser_ruthenus","joint_bb","Null","species_equal",0.37,0.27,0.47,0.05,1,"",TRUE,1,39
"Acipenser_sinensis","joint_bb","Null","species_equal",0.37,0.27,0.47,0.05,1,"",TRUE,1,38
"Huso_huso","joint_bb","Null","species_equal",0.37,0.27,0.47,0.05,1,"",TRUE,1,37
"Polyodon_spathula","joint_bb","Null","species_equal",0.37,0.27,0.47,0.05,1,"fixture_warning",TRUE,1,36
"Amia_ocellicauda","joint_bb","Null","species_equal",0.37,0.27,0.47,0.05,1,"",TRUE,1,35
"Atractosteus_spatula","joint_bb","Null","species_equal",0.37,0.27,0.47,0.05,1,"",TRUE,1,34
"Lepisosteus_oculatus","joint_bb","Null","species_equal",0.37,0.27,0.47,0.05,1,"",TRUE,1,33
"Megalops_atlanticus","joint_bb","Null","species_equal",0.37,0.27,0.47,0.05,1,"",TRUE,1,32
"Megalops_cyprinoides","joint_bb","Null","species_equal",0.37,0.27,0.47,0.05,1,"",TRUE,1,31
"Albula_glossodonta","joint_bb","Null","species_equal",0.37,0.27,0.47,0.05,1,"",TRUE,1,30
"Albula_goreensis","joint_bb","Null","species_equal",0.37,0.27,0.47,0.05,1,"fixture_warning",TRUE,1,29
"Aldrovandia_affinis","joint_bb","Null","species_equal",0.37,0.27,0.47,0.05,1,"",TRUE,1,28
"Anguilla_anguilla","joint_bb","Null","species_equal",0.37,0.27,0.47,0.05,1,"",TRUE,1,27
"Anguilla_japonica","joint_bb","Null","species_equal",0.37,0.27,0.47,0.05,1,"",TRUE,1,26
"Anguilla_rostrata","joint_bb","Null","species_equal",0.37,0.27,0.47,0.05,1,"",TRUE,1,25
"Conger_conger","joint_bb","Null","species_equal",0.37,0.27,0.47,0.05,1,"",TRUE,1,24
"Gymnothorax_javanicus","joint_bb","Null","species_equal",0.37,0.27,0.47,0.05,1,"",TRUE,1,23
"Synaphobranchus_kaupii","joint_bb","Null","species_equal",0.37,0.27,0.47,0.05,1,"fixture_warning",TRUE,1,22
"Arapaima_gigas","joint_bb","Null","species_equal",0.37,0.27,0.47,0.05,1,"",TRUE,1,21
"Brienomyrus_brachyistius","joint_bb","Null","species_equal",0.37,0.27,0.47,0.05,1,"",TRUE,1,20
"Paramormyrops_kingsleyae","joint_bb","Null","species_equal",0.37,0.27,0.47,0.05,1,"",TRUE,1,19
"Scleropages_formosus","joint_bb","Null","species_equal",0.37,0.27,0.47,0.05,1,"",TRUE,1,18
"Hiodon_alosoides","joint_bb","Null","species_equal",0.37,0.27,0.47,0.05,1,"",TRUE,1,17
"Alosa_alosa","joint_bb","Null","species_equal",0.37,0.27,0.47,0.05,1,"",TRUE,1,16
"Alosa_pseudoharengus","joint_bb","Null","species_equal",0.37,0.27,0.47,0.05,1,"fixture_warning",TRUE,1,15
"Alosa_sapidissima","joint_bb","Null","species_equal",0.37,0.27,0.47,0.05,1,"",TRUE,1,14
"Sardina_pilchardus","joint_bb","Null","species_equal",0.37,0.27,0.47,0.05,1,"",TRUE,1,13
"Clupea_harengus","joint_bb","Null","species_equal",0.37,0.27,0.47,0.05,1,"",TRUE,1,12
"Sprattus_sprattus","joint_bb","Null","species_equal",0.37,0.27,0.47,0.05,1,"",TRUE,1,11
"Denticeps_clupeoides","joint_bb","Null","species_equal",0.37,0.27,0.47,0.05,1,"",TRUE,1,10
"Coilia_grayii","joint_bb","Null","species_equal",0.37,0.27,0.47,0.05,1,"",TRUE,1,9
"Coilia_mystus","joint_bb","Null","species_equal",0.37,0.27,0.47,0.05,1,"fixture_warning",TRUE,1,8
"Engraulis_encrasicolus","joint_bb","Null","species_equal",0.37,0.27,0.47,0.05,1,"",TRUE,1,7
"Chanos_chanos","joint_bb","Null","species_equal",0.37,0.27,0.47,0.05,1,"",TRUE,1,6
"Myxocyprinus_asiaticus","joint_bb","Null","species_equal",0.37,0.27,0.47,0.05,1,"",TRUE,1,5
"Xyrauchen_texanus","joint_bb","Null","species_equal",0.37,0.27,0.47,0.05,1,"",TRUE,1,4
"Misgurnus_anguillicaudatus","joint_bb","Null","species_equal",0.37,0.27,0.47,0.05,1,"",TRUE,1,3
"Paramisgurnus_dabryanus","joint_bb","Null","species_equal",0.37,0.27,0.47,0.05,1,"",TRUE,1,2
"Abramis_brama","joint_bb","Null","species_equal",0.37,0.27,0.47,0.05,1,"fixture_warning",TRUE,1,1
"Erpetoichthys_calabaricus","joint_bb","M1","species_equal",0.44,0.34,0.54,0.05,1,"",TRUE,1,42
"Polypterus_senegalus","joint_bb","M1","species_equal",0.44,0.34,0.54,0.05,1,"",TRUE,1,41
"Acipenser_oxyrinchus","joint_bb","M1","species_equal",0.44,0.34,0.54,0.05,1,"",TRUE,1,40
"Acipenser_ruthenus","joint_bb","M1","species_equal",0.44,0.34,0.54,0.05,1,"",TRUE,1,39
"Acipenser_sinensis","joint_bb","M1","species_equal",0.44,0.34,0.54,0.05,1,"",TRUE,1,38
"Huso_huso","joint_bb","M1","species_equal",0.44,0.34,0.54,0.05,1,"",TRUE,1,37
"Polyodon_spathula","joint_bb","M1","species_equal",0.44,0.34,0.54,0.05,1,"fixture_warning",TRUE,1,36
"Amia_ocellicauda","joint_bb","M1","species_equal",0.44,0.34,0.54,0.05,1,"",TRUE,1,35
"Atractosteus_spatula","joint_bb","M1","species_equal",0.44,0.34,0.54,0.05,1,"",TRUE,1,34
"Lepisosteus_oculatus","joint_bb","M1","species_equal",0.44,0.34,0.54,0.05,1,"",TRUE,1,33
"Megalops_atlanticus","joint_bb","M1","species_equal",0.44,0.34,0.54,0.05,1,"",TRUE,1,32
"Megalops_cyprinoides","joint_bb","M1","species_equal",0.44,0.34,0.54,0.05,1,"",TRUE,1,31
"Albula_glossodonta","joint_bb","M1","species_equal",0.44,0.34,0.54,0.05,1,"",TRUE,1,30
"Albula_goreensis","joint_bb","M1","species_equal",0.44,0.34,0.54,0.05,1,"fixture_warning",TRUE,1,29
"Aldrovandia_affinis","joint_bb","M1","species_equal",0.44,0.34,0.54,0.05,1,"",TRUE,1,28
"Anguilla_anguilla","joint_bb","M1","species_equal",0.44,0.34,0.54,0.05,1,"",TRUE,1,27
"Anguilla_japonica","joint_bb","M1","species_equal",0.44,0.34,0.54,0.05,1,"",TRUE,1,26
"Anguilla_rostrata","joint_bb","M1","species_equal",0.44,0.34,0.54,0.05,1,"",TRUE,1,25
"Conger_conger","joint_bb","M1","species_equal",0.44,0.34,0.54,0.05,1,"",TRUE,1,24
"Gymnothorax_javanicus","joint_bb","M1","species_equal",0.44,0.34,0.54,0.05,1,"",TRUE,1,23
"Synaphobranchus_kaupii","joint_bb","M1","species_equal",0.44,0.34,0.54,0.05,1,"fixture_warning",TRUE,1,22
"Arapaima_gigas","joint_bb","M1","species_equal",0.44,0.34,0.54,0.05,1,"",TRUE,1,21
"Brienomyrus_brachyistius","joint_bb","M1","species_equal",0.44,0.34,0.54,0.05,1,"",TRUE,1,20
"Paramormyrops_kingsleyae","joint_bb","M1","species_equal",0.44,0.34,0.54,0.05,1,"",TRUE,1,19
"Scleropages_formosus","joint_bb","M1","species_equal",0.44,0.34,0.54,0.05,1,"",TRUE,1,18
"Hiodon_alosoides","joint_bb","M1","species_equal",0.44,0.34,0.54,0.05,1,"",TRUE,1,17
"Alosa_alosa","joint_bb","M1","species_equal",0.44,0.34,0.54,0.05,1,"",TRUE,1,16
"Alosa_pseudoharengus","joint_bb","M1","species_equal",0.44,0.34,0.54,0.05,1,"fixture_warning",TRUE,1,15
"Alosa_sapidissima","joint_bb","M1","species_equal",0.44,0.34,0.54,0.05,1,"",TRUE,1,14
"Sardina_pilchardus","joint_bb","M1","species_equal",0.44,0.34,0.54,0.05,1,"",TRUE,1,13
"Clupea_harengus","joint_bb","M1","species_equal",0.44,0.34,0.54,0.05,1,"",TRUE,1,12
"Sprattus_sprattus","joint_bb","M1","species_equal",0.44,0.34,0.54,0.05,1,"",TRUE,1,11
"Denticeps_clupeoides","joint_bb","M1","species_equal",0.44,0.34,0.54,0.05,1,"",TRUE,1,10
"Coilia_grayii","joint_bb","M1","species_equal",0.44,0.34,0.54,0.05,1,"",TRUE,1,9
"Coilia_mystus","joint_bb","M1","species_equal",0.44,0.34,0.54,0.05,1,"fixture_warning",TRUE,1,8
"Engraulis_encrasicolus","joint_bb","M1","species_equal",0.44,0.34,0.54,0.05,1,"",TRUE,1,7
"Chanos_chanos","joint_bb","M1","species_equal",0.44,0.34,0.54,0.05,1,"",TRUE,1,6
"Myxocyprinus_asiaticus","joint_bb","M1","species_equal",0.44,0.34,0.54,0.05,1,"",TRUE,1,5
"Xyrauchen_texanus","joint_bb","M1","species_equal",0.44,0.34,0.54,0.05,1,"",TRUE,1,4
"Misgurnus_anguillicaudatus","joint_bb","M1","species_equal",0.44,0.34,0.54,0.05,1,"",TRUE,1,3
"Paramisgurnus_dabryanus","joint_bb","M1","species_equal",0.44,0.34,0.54,0.05,1,"",TRUE,1,2
"Abramis_brama","joint_bb","M1","species_equal",0.44,0.34,0.54,0.05,1,"fixture_warning",TRUE,1,1
"Erpetoichthys_calabaricus","joint_bb","M2","species_equal",0.51,0.41,0.61,0.05,1,"",TRUE,1,42
"Polypterus_senegalus","joint_bb","M2","species_equal",0.51,0.41,0.61,0.05,1,"",TRUE,1,41
"Acipenser_oxyrinchus","joint_bb","M2","species_equal",0.51,0.41,0.61,0.05,1,"",TRUE,1,40
"Acipenser_ruthenus","joint_bb","M2","species_equal",0.51,0.41,0.61,0.05,1,"",TRUE,1,39
"Acipenser_sinensis","joint_bb","M2","species_equal",0.51,0.41,0.61,0.05,1,"",TRUE,1,38
"Huso_huso","joint_bb","M2","species_equal",0.51,0.41,0.61,0.05,1,"",TRUE,1,37
"Polyodon_spathula","joint_bb","M2","species_equal",0.51,0.41,0.61,0.05,1,"fixture_warning",TRUE,1,36
"Amia_ocellicauda","joint_bb","M2","species_equal",0.51,0.41,0.61,0.05,1,"",TRUE,1,35
"Atractosteus_spatula","joint_bb","M2","species_equal",0.51,0.41,0.61,0.05,1,"",TRUE,1,34
"Lepisosteus_oculatus","joint_bb","M2","species_equal",0.51,0.41,0.61,0.05,1,"",TRUE,1,33
"Megalops_atlanticus","joint_bb","M2","species_equal",0.51,0.41,0.61,0.05,1,"",TRUE,1,32
"Megalops_cyprinoides","joint_bb","M2","species_equal",0.51,0.41,0.61,0.05,1,"",TRUE,1,31
"Albula_glossodonta","joint_bb","M2","species_equal",0.51,0.41,0.61,0.05,1,"",TRUE,1,30
"Albula_goreensis","joint_bb","M2","species_equal",0.51,0.41,0.61,0.05,1,"fixture_warning",TRUE,1,29
"Aldrovandia_affinis","joint_bb","M2","species_equal",0.51,0.41,0.61,0.05,1,"",TRUE,1,28
"Anguilla_anguilla","joint_bb","M2","species_equal",0.51,0.41,0.61,0.05,1,"",TRUE,1,27
"Anguilla_japonica","joint_bb","M2","species_equal",0.51,0.41,0.61,0.05,1,"",TRUE,1,26
"Anguilla_rostrata","joint_bb","M2","species_equal",0.51,0.41,0.61,0.05,1,"",TRUE,1,25
"Conger_conger","joint_bb","M2","species_equal",0.51,0.41,0.61,0.05,1,"",TRUE,1,24
"Gymnothorax_javanicus","joint_bb","M2","species_equal",0.51,0.41,0.61,0.05,1,"",TRUE,1,23
"Synaphobranchus_kaupii","joint_bb","M2","species_equal",0.51,0.41,0.61,0.05,1,"fixture_warning",TRUE,1,22
"Arapaima_gigas","joint_bb","M2","species_equal",0.51,0.41,0.61,0.05,1,"",TRUE,1,21
"Brienomyrus_brachyistius","joint_bb","M2","species_equal",0.51,0.41,0.61,0.05,1,"",TRUE,1,20
"Paramormyrops_kingsleyae","joint_bb","M2","species_equal",0.51,0.41,0.61,0.05,1,"",TRUE,1,19
"Scleropages_formosus","joint_bb","M2","species_equal",0.51,0.41,0.61,0.05,1,"",TRUE,1,18
"Hiodon_alosoides","joint_bb","M2","species_equal",0.51,0.41,0.61,0.05,1,"",TRUE,1,17
"Alosa_alosa","joint_bb","M2","species_equal",0.51,0.41,0.61,0.05,1,"",TRUE,1,16
"Alosa_pseudoharengus","joint_bb","M2","species_equal",0.51,0.41,0.61,0.05,1,"fixture_warning",TRUE,1,15
"Alosa_sapidissima","joint_bb","M2","species_equal",0.51,0.41,0.61,0.05,1,"",TRUE,1,14
"Sardina_pilchardus","joint_bb","M2","species_equal",0.51,0.41,0.61,0.05,1,"",TRUE,1,13
"Clupea_harengus","joint_bb","M2","species_equal",0.51,0.41,0.61,0.05,1,"",TRUE,1,12
"Sprattus_sprattus","joint_bb","M2","species_equal",0.51,0.41,0.61,0.05,1,"",TRUE,1,11
"Denticeps_clupeoides","joint_bb","M2","species_equal",0.51,0.41,0.61,0.05,1,"",TRUE,1,10
"Coilia_grayii","joint_bb","M2","species_equal",0.51,0.41,0.61,0.05,1,"",TRUE,1,9
"Coilia_mystus","joint_bb","M2","species_equal",0.51,0.41,0.61,0.05,1,"fixture_warning",TRUE,1,8
"Engraulis_encrasicolus","joint_bb","M2","species_equal",0.51,0.41,0.61,0.05,1,"",TRUE,1,7
"Chanos_chanos","joint_bb","M2","species_equal",0.51,0.41,0.61,0.05,1,"",TRUE,1,6
"Myxocyprinus_asiaticus","joint_bb","M2","species_equal",0.51,0.41,0.61,0.05,1,"",TRUE,1,5
"Xyrauchen_texanus","joint_bb","M2","species_equal",0.51,0.41,0.61,0.05,1,"",TRUE,1,4
"Misgurnus_anguillicaudatus","joint_bb","M2","species_equal",0.51,0.41,0.61,0.05,1,"",TRUE,1,3
"Paramisgurnus_dabryanus","joint_bb","M2","species_equal",0.51,0.41,0.61,0.05,1,"",TRUE,1,2
"Abramis_brama","joint_bb","M2","species_equal",0.51,0.41,0.61,0.05,1,"fixture_warning",TRUE,1,1
"Erpetoichthys_calabaricus","joint_bb","M3","species_equal",0.58,0.48,0.68,0.05,1,"",TRUE,1,42
"Polypterus_senegalus","joint_bb","M3","species_equal",0.58,0.48,0.68,0.05,1,"",TRUE,1,41
"Acipenser_oxyrinchus","joint_bb","M3","species_equal",0.58,0.48,0.68,0.05,1,"",TRUE,1,40
"Acipenser_ruthenus","joint_bb","M3","species_equal",0.58,0.48,0.68,0.05,1,"",TRUE,1,39
"Acipenser_sinensis","joint_bb","M3","species_equal",0.58,0.48,0.68,0.05,1,"",TRUE,1,38
"Huso_huso","joint_bb","M3","species_equal",0.58,0.48,0.68,0.05,1,"",TRUE,1,37
"Polyodon_spathula","joint_bb","M3","species_equal",0.58,0.48,0.68,0.05,1,"fixture_warning",TRUE,1,36
"Amia_ocellicauda","joint_bb","M3","species_equal",0.58,0.48,0.68,0.05,1,"",TRUE,1,35
"Atractosteus_spatula","joint_bb","M3","species_equal",0.58,0.48,0.68,0.05,1,"",TRUE,1,34
"Lepisosteus_oculatus","joint_bb","M3","species_equal",0.58,0.48,0.68,0.05,1,"",TRUE,1,33
"Megalops_atlanticus","joint_bb","M3","species_equal",0.58,0.48,0.68,0.05,1,"",TRUE,1,32
"Megalops_cyprinoides","joint_bb","M3","species_equal",0.58,0.48,0.68,0.05,1,"",TRUE,1,31
"Albula_glossodonta","joint_bb","M3","species_equal",0.58,0.48,0.68,0.05,1,"",TRUE,1,30
"Albula_goreensis","joint_bb","M3","species_equal",0.58,0.48,0.68,0.05,1,"fixture_warning",TRUE,1,29
"Aldrovandia_affinis","joint_bb","M3","species_equal",0.58,0.48,0.68,0.05,1,"",TRUE,1,28
"Anguilla_anguilla","joint_bb","M3","species_equal",0.58,0.48,0.68,0.05,1,"",TRUE,1,27
"Anguilla_japonica","joint_bb","M3","species_equal",0.58,0.48,0.68,0.05,1,"",TRUE,1,26
"Anguilla_rostrata","joint_bb","M3","species_equal",0.58,0.48,0.68,0.05,1,"",TRUE,1,25
"Conger_conger","joint_bb","M3","species_equal",0.58,0.48,0.68,0.05,1,"",TRUE,1,24
"Gymnothorax_javanicus","joint_bb","M3","species_equal",0.58,0.48,0.68,0.05,1,"",TRUE,1,23
"Synaphobranchus_kaupii","joint_bb","M3","species_equal",0.58,0.48,0.68,0.05,1,"fixture_warning",TRUE,1,22
"Arapaima_gigas","joint_bb","M3","species_equal",0.58,0.48,0.68,0.05,1,"",TRUE,1,21
"Brienomyrus_brachyistius","joint_bb","M3","species_equal",0.58,0.48,0.68,0.05,1,"",TRUE,1,20
"Paramormyrops_kingsleyae","joint_bb","M3","species_equal",0.58,0.48,0.68,0.05,1,"",TRUE,1,19
"Scleropages_formosus","joint_bb","M3","species_equal",0.58,0.48,0.68,0.05,1,"",TRUE,1,18
"Hiodon_alosoides","joint_bb","M3","species_equal",0.58,0.48,0.68,0.05,1,"",TRUE,1,17
"Alosa_alosa","joint_bb","M3","species_equal",0.58,0.48,0.68,0.05,1,"",TRUE,1,16
"Alosa_pseudoharengus","joint_bb","M3","species_equal",0.58,0.48,0.68,0.05,1,"fixture_warning",TRUE,1,15
"Alosa_sapidissima","joint_bb","M3","species_equal",0.58,0.48,0.68,0.05,1,"",TRUE,1,14
"Sardina_pilchardus","joint_bb","M3","species_equal",0.58,0.48,0.68,0.05,1,"",TRUE,1,13
"Clupea_harengus","joint_bb","M3","species_equal",0.58,0.48,0.68,0.05,1,"",TRUE,1,12
"Sprattus_sprattus","joint_bb","M3","species_equal",0.58,0.48,0.68,0.05,1,"",TRUE,1,11
"Denticeps_clupeoides","joint_bb","M3","species_equal",0.58,0.48,0.68,0.05,1,"",TRUE,1,10
"Coilia_grayii","joint_bb","M3","species_equal",0.58,0.48,0.68,0.05,1,"",TRUE,1,9
"Coilia_mystus","joint_bb","M3","species_equal",0.58,0.48,0.68,0.05,1,"fixture_warning",TRUE,1,8
"Engraulis_encrasicolus","joint_bb","M3","species_equal",0.58,0.48,0.68,0.05,1,"",TRUE,1,7
"Chanos_chanos","joint_bb","M3","species_equal",0.58,0.48,0.68,0.05,1,"",TRUE,1,6
"Myxocyprinus_asiaticus","joint_bb","M3","species_equal",0.58,0.48,0.68,0.05,1,"",TRUE,1,5
"Xyrauchen_texanus","joint_bb","M3","species_equal",0.58,0.48,0.68,0.05,1,"",TRUE,1,4
"Misgurnus_anguillicaudatus","joint_bb","M3","species_equal",0.58,0.48,0.68,0.05,1,"",TRUE,1,3
"Paramisgurnus_dabryanus","joint_bb","M3","species_equal",0.58,0.48,0.68,0.05,1,"",TRUE,1,2
"Abramis_brama","joint_bb","M3","species_equal",0.58,0.48,0.68,0.05,1,"fixture_warning",TRUE,1,1
"Barbus_barbus","joint_bb","Null","species_equal",0.37,0.27,0.47,0.05,1,"",TRUE,2,42
"Carassius_auratus","joint_bb","Null","species_equal",0.37,0.27,0.47,0.05,1,"",TRUE,2,41
"Carassius_carassius","joint_bb","Null","species_equal",0.37,0.27,0.47,0.05,1,"",TRUE,2,40
"Carassius_gibelio","joint_bb","Null","species_equal",0.37,0.27,0.47,0.05,1,"",TRUE,2,39
"Chanodichthys_erythropterus","joint_bb","Null","species_equal",0.37,0.27,0.47,0.05,1,"",TRUE,2,38
"Cirrhinus_molitorella","joint_bb","Null","species_equal",0.37,0.27,0.47,0.05,1,"",TRUE,2,37
"Ctenopharyngodon_idella","joint_bb","Null","species_equal",0.37,0.27,0.47,0.05,1,"fixture_warning",TRUE,2,36
"Culter_alburnus","joint_bb","Null","species_equal",0.37,0.27,0.47,0.05,1,"",TRUE,2,35
"Cyprinella_venusta","joint_bb","Null","species_equal",0.37,0.27,0.47,0.05,1,"",TRUE,2,34
"Cyprinus_carpio","joint_bb","Null","species_equal",0.37,0.27,0.47,0.05,1,"",TRUE,2,33
"Danio_aesculapii","joint_bb","Null","species_equal",0.37,0.27,0.47,0.05,1,"",TRUE,2,32
"Danio_rerio","joint_bb","Null","species_equal",0.37,0.27,0.47,0.05,1,"",TRUE,2,31
"Garra_rufa","joint_bb","Null","species_equal",0.37,0.27,0.47,0.05,1,"",TRUE,2,30
"Hemiculter_leucisculus","joint_bb","Null","species_equal",0.37,0.27,0.47,0.05,1,"fixture_warning",TRUE,2,29
"Labeo_rohita","joint_bb","Null","species_equal",0.37,0.27,0.47,0.05,1,"",TRUE,2,28
"Leuciscus_chuanchicus","joint_bb","Null","species_equal",0.37,0.27,0.47,0.05,1,"",TRUE,2,27
"Leuciscus_leuciscus","joint_bb","Null","species_equal",0.37,0.27,0.47,0.05,1,"",TRUE,2,26
"Leuciscus_waleckii","joint_bb","Null","species_equal",0.37,0.27,0.47,0.05,1,"",TRUE,2,25
"Megalobrama_amblycephala","joint_bb","Null","species_equal",0.37,0.27,0.47,0.05,1,"",TRUE,2,24
"Mylopharyngodon_piceus","joint_bb","Null","species_equal",0.37,0.27,0.47,0.05,1,"",TRUE,2,23
"Onychostoma_macrolepis","joint_bb","Null","species_equal",0.37,0.27,0.47,0.05,1,"fixture_warning",TRUE,2,22
"Phoxinus_phoxinus","joint_bb","Null","species_equal",0.37,0.27,0.47,0.05,1,"",TRUE,2,21
"Pimephales_promelas","joint_bb","Null","species_equal",0.37,0.27,0.47,0.05,1,"",TRUE,2,20
"Pseudorasbora_parva","joint_bb","Null","species_equal",0.37,0.27,0.47,0.05,1,"",TRUE,2,19
"Puntigrus_tetrazona","joint_bb","Null","species_equal",0.37,0.27,0.47,0.05,1,"",TRUE,2,18
"Rutilus_rutilus","joint_bb","Null","species_equal",0.37,0.27,0.47,0.05,1,"",TRUE,2,17
"Scardinius_erythrophthalmus","joint_bb","Null","species_equal",0.37,0.27,0.47,0.05,1,"",TRUE,2,16
"Sinocyclocheilus_anshuiensis","joint_bb","Null","species_equal",0.37,0.27,0.47,0.05,1,"fixture_warning",TRUE,2,15
"Sinocyclocheilus_grahami","joint_bb","Null","species_equal",0.37,0.27,0.47,0.05,1,"",TRUE,2,14
"Sinocyclocheilus_rhinocerous","joint_bb","Null","species_equal",0.37,0.27,0.47,0.05,1,"",TRUE,2,13
"Siphateles_boraxobius","joint_bb","Null","species_equal",0.37,0.27,0.47,0.05,1,"",TRUE,2,12
"Squalius_cephalus","joint_bb","Null","species_equal",0.37,0.27,0.47,0.05,1,"",TRUE,2,11
"Gobio_gobio","joint_bb","Null","species_equal",0.37,0.27,0.47,0.05,1,"",TRUE,2,10
"Rhinichthys_klamathensis","joint_bb","Null","species_equal",0.37,0.27,0.47,0.05,1,"",TRUE,2,9
"Barbatula_barbatula","joint_bb","Null","species_equal",0.37,0.27,0.47,0.05,1,"fixture_warning",TRUE,2,8
"Triplophysa_dalaica","joint_bb","Null","species_equal",0.37,0.27,0.47,0.05,1,"",TRUE,2,7
"Triplophysa_rosa","joint_bb","Null","species_equal",0.37,0.27,0.47,0.05,1,"",TRUE,2,6
"Astyanax_lacustris","joint_bb","Null","species_equal",0.37,0.27,0.47,0.05,1,"",TRUE,2,5
"Astyanax_mexicanus","joint_bb","Null","species_equal",0.37,0.27,0.47,0.05,1,"",TRUE,2,4
"Salminus_brasiliensis","joint_bb","Null","species_equal",0.37,0.27,0.47,0.05,1,"",TRUE,2,3
"Hoplias_malabaricus","joint_bb","Null","species_equal",0.37,0.27,0.47,0.05,1,"",TRUE,2,2
"Prochilodus_magdalenae","joint_bb","Null","species_equal",0.37,0.27,0.47,0.05,1,"fixture_warning",TRUE,2,1
"Barbus_barbus","joint_bb","M1","species_equal",0.44,0.34,0.54,0.05,1,"",TRUE,2,42
"Carassius_auratus","joint_bb","M1","species_equal",0.44,0.34,0.54,0.05,1,"",TRUE,2,41
"Carassius_carassius","joint_bb","M1","species_equal",0.44,0.34,0.54,0.05,1,"",TRUE,2,40
"Carassius_gibelio","joint_bb","M1","species_equal",0.44,0.34,0.54,0.05,1,"",TRUE,2,39
"Chanodichthys_erythropterus","joint_bb","M1","species_equal",0.44,0.34,0.54,0.05,1,"",TRUE,2,38
"Cirrhinus_molitorella","joint_bb","M1","species_equal",0.44,0.34,0.54,0.05,1,"",TRUE,2,37
"Ctenopharyngodon_idella","joint_bb","M1","species_equal",0.44,0.34,0.54,0.05,1,"fixture_warning",TRUE,2,36
"Culter_alburnus","joint_bb","M1","species_equal",0.44,0.34,0.54,0.05,1,"",TRUE,2,35
"Cyprinella_venusta","joint_bb","M1","species_equal",0.44,0.34,0.54,0.05,1,"",TRUE,2,34
"Cyprinus_carpio","joint_bb","M1","species_equal",0.44,0.34,0.54,0.05,1,"",TRUE,2,33
"Danio_aesculapii","joint_bb","M1","species_equal",0.44,0.34,0.54,0.05,1,"",TRUE,2,32
"Danio_rerio","joint_bb","M1","species_equal",0.44,0.34,0.54,0.05,1,"",TRUE,2,31
"Garra_rufa","joint_bb","M1","species_equal",0.44,0.34,0.54,0.05,1,"",TRUE,2,30
"Hemiculter_leucisculus","joint_bb","M1","species_equal",0.44,0.34,0.54,0.05,1,"fixture_warning",TRUE,2,29
"Labeo_rohita","joint_bb","M1","species_equal",0.44,0.34,0.54,0.05,1,"",TRUE,2,28
"Leuciscus_chuanchicus","joint_bb","M1","species_equal",0.44,0.34,0.54,0.05,1,"",TRUE,2,27
"Leuciscus_leuciscus","joint_bb","M1","species_equal",0.44,0.34,0.54,0.05,1,"",TRUE,2,26
"Leuciscus_waleckii","joint_bb","M1","species_equal",0.44,0.34,0.54,0.05,1,"",TRUE,2,25
"Megalobrama_amblycephala","joint_bb","M1","species_equal",0.44,0.34,0.54,0.05,1,"",TRUE,2,24
"Mylopharyngodon_piceus","joint_bb","M1","species_equal",0.44,0.34,0.54,0.05,1,"",TRUE,2,23
"Onychostoma_macrolepis","joint_bb","M1","species_equal",0.44,0.34,0.54,0.05,1,"fixture_warning",TRUE,2,22
"Phoxinus_phoxinus","joint_bb","M1","species_equal",0.44,0.34,0.54,0.05,1,"",TRUE,2,21
"Pimephales_promelas","joint_bb","M1","species_equal",0.44,0.34,0.54,0.05,1,"",TRUE,2,20
"Pseudorasbora_parva","joint_bb","M1","species_equal",0.44,0.34,0.54,0.05,1,"",TRUE,2,19
"Puntigrus_tetrazona","joint_bb","M1","species_equal",0.44,0.34,0.54,0.05,1,"",TRUE,2,18
"Rutilus_rutilus","joint_bb","M1","species_equal",0.44,0.34,0.54,0.05,1,"",TRUE,2,17
"Scardinius_erythrophthalmus","joint_bb","M1","species_equal",0.44,0.34,0.54,0.05,1,"",TRUE,2,16
"Sinocyclocheilus_anshuiensis","joint_bb","M1","species_equal",0.44,0.34,0.54,0.05,1,"fixture_warning",TRUE,2,15
"Sinocyclocheilus_grahami","joint_bb","M1","species_equal",0.44,0.34,0.54,0.05,1,"",TRUE,2,14
"Sinocyclocheilus_rhinocerous","joint_bb","M1","species_equal",0.44,0.34,0.54,0.05,1,"",TRUE,2,13
"Siphateles_boraxobius","joint_bb","M1","species_equal",0.44,0.34,0.54,0.05,1,"",TRUE,2,12
"Squalius_cephalus","joint_bb","M1","species_equal",0.44,0.34,0.54,0.05,1,"",TRUE,2,11
"Gobio_gobio","joint_bb","M1","species_equal",0.44,0.34,0.54,0.05,1,"",TRUE,2,10
"Rhinichthys_klamathensis","joint_bb","M1","species_equal",0.44,0.34,0.54,0.05,1,"",TRUE,2,9
"Barbatula_barbatula","joint_bb","M1","species_equal",0.44,0.34,0.54,0.05,1,"fixture_warning",TRUE,2,8
"Triplophysa_dalaica","joint_bb","M1","species_equal",0.44,0.34,0.54,0.05,1,"",TRUE,2,7
"Triplophysa_rosa","joint_bb","M1","species_equal",0.44,0.34,0.54,0.05,1,"",TRUE,2,6
"Astyanax_lacustris","joint_bb","M1","species_equal",0.44,0.34,0.54,0.05,1,"",TRUE,2,5
"Astyanax_mexicanus","joint_bb","M1","species_equal",0.44,0.34,0.54,0.05,1,"",TRUE,2,4
"Salminus_brasiliensis","joint_bb","M1","species_equal",0.44,0.34,0.54,0.05,1,"",TRUE,2,3
"Hoplias_malabaricus","joint_bb","M1","species_equal",0.44,0.34,0.54,0.05,1,"",TRUE,2,2
"Prochilodus_magdalenae","joint_bb","M1","species_equal",0.44,0.34,0.54,0.05,1,"fixture_warning",TRUE,2,1
"Barbus_barbus","joint_bb","M2","species_equal",0.51,0.41,0.61,0.05,1,"",TRUE,2,42
"Carassius_auratus","joint_bb","M2","species_equal",0.51,0.41,0.61,0.05,1,"",TRUE,2,41
"Carassius_carassius","joint_bb","M2","species_equal",0.51,0.41,0.61,0.05,1,"",TRUE,2,40
"Carassius_gibelio","joint_bb","M2","species_equal",0.51,0.41,0.61,0.05,1,"",TRUE,2,39
"Chanodichthys_erythropterus","joint_bb","M2","species_equal",0.51,0.41,0.61,0.05,1,"",TRUE,2,38
"Cirrhinus_molitorella","joint_bb","M2","species_equal",0.51,0.41,0.61,0.05,1,"",TRUE,2,37
"Ctenopharyngodon_idella","joint_bb","M2","species_equal",0.51,0.41,0.61,0.05,1,"fixture_warning",TRUE,2,36
"Culter_alburnus","joint_bb","M2","species_equal",0.51,0.41,0.61,0.05,1,"",TRUE,2,35
"Cyprinella_venusta","joint_bb","M2","species_equal",0.51,0.41,0.61,0.05,1,"",TRUE,2,34
"Cyprinus_carpio","joint_bb","M2","species_equal",0.51,0.41,0.61,0.05,1,"",TRUE,2,33
"Danio_aesculapii","joint_bb","M2","species_equal",0.51,0.41,0.61,0.05,1,"",TRUE,2,32
"Danio_rerio","joint_bb","M2","species_equal",0.51,0.41,0.61,0.05,1,"",TRUE,2,31
"Garra_rufa","joint_bb","M2","species_equal",0.51,0.41,0.61,0.05,1,"",TRUE,2,30
"Hemiculter_leucisculus","joint_bb","M2","species_equal",0.51,0.41,0.61,0.05,1,"fixture_warning",TRUE,2,29
"Labeo_rohita","joint_bb","M2","species_equal",0.51,0.41,0.61,0.05,1,"",TRUE,2,28
"Leuciscus_chuanchicus","joint_bb","M2","species_equal",0.51,0.41,0.61,0.05,1,"",TRUE,2,27
"Leuciscus_leuciscus","joint_bb","M2","species_equal",0.51,0.41,0.61,0.05,1,"",TRUE,2,26
"Leuciscus_waleckii","joint_bb","M2","species_equal",0.51,0.41,0.61,0.05,1,"",TRUE,2,25
"Megalobrama_amblycephala","joint_bb","M2","species_equal",0.51,0.41,0.61,0.05,1,"",TRUE,2,24
"Mylopharyngodon_piceus","joint_bb","M2","species_equal",0.51,0.41,0.61,0.05,1,"",TRUE,2,23
"Onychostoma_macrolepis","joint_bb","M2","species_equal",0.51,0.41,0.61,0.05,1,"fixture_warning",TRUE,2,22
"Phoxinus_phoxinus","joint_bb","M2","species_equal",0.51,0.41,0.61,0.05,1,"",TRUE,2,21
"Pimephales_promelas","joint_bb","M2","species_equal",0.51,0.41,0.61,0.05,1,"",TRUE,2,20
"Pseudorasbora_parva","joint_bb","M2","species_equal",0.51,0.41,0.61,0.05,1,"",TRUE,2,19
"Puntigrus_tetrazona","joint_bb","M2","species_equal",0.51,0.41,0.61,0.05,1,"",TRUE,2,18
"Rutilus_rutilus","joint_bb","M2","species_equal",0.51,0.41,0.61,0.05,1,"",TRUE,2,17
"Scardinius_erythrophthalmus","joint_bb","M2","species_equal",0.51,0.41,0.61,0.05,1,"",TRUE,2,16
"Sinocyclocheilus_anshuiensis","joint_bb","M2","species_equal",0.51,0.41,0.61,0.05,1,"fixture_warning",TRUE,2,15
"Sinocyclocheilus_grahami","joint_bb","M2","species_equal",0.51,0.41,0.61,0.05,1,"",TRUE,2,14
"Sinocyclocheilus_rhinocerous","joint_bb","M2","species_equal",0.51,0.41,0.61,0.05,1,"",TRUE,2,13
"Siphateles_boraxobius","joint_bb","M2","species_equal",0.51,0.41,0.61,0.05,1,"",TRUE,2,12
"Squalius_cephalus","joint_bb","M2","species_equal",0.51,0.41,0.61,0.05,1,"",TRUE,2,11
"Gobio_gobio","joint_bb","M2","species_equal",0.51,0.41,0.61,0.05,1,"",TRUE,2,10
"Rhinichthys_klamathensis","joint_bb","M2","species_equal",0.51,0.41,0.61,0.05,1,"",TRUE,2,9
"Barbatula_barbatula","joint_bb","M2","species_equal",0.51,0.41,0.61,0.05,1,"fixture_warning",TRUE,2,8
"Triplophysa_dalaica","joint_bb","M2","species_equal",0.51,0.41,0.61,0.05,1,"",TRUE,2,7
"Triplophysa_rosa","joint_bb","M2","species_equal",0.51,0.41,0.61,0.05,1,"",TRUE,2,6
"Astyanax_lacustris","joint_bb","M2","species_equal",0.51,0.41,0.61,0.05,1,"",TRUE,2,5
"Astyanax_mexicanus","joint_bb","M2","species_equal",0.51,0.41,0.61,0.05,1,"",TRUE,2,4
"Salminus_brasiliensis","joint_bb","M2","species_equal",0.51,0.41,0.61,0.05,1,"",TRUE,2,3
"Hoplias_malabaricus","joint_bb","M2","species_equal",0.51,0.41,0.61,0.05,1,"",TRUE,2,2
"Prochilodus_magdalenae","joint_bb","M2","species_equal",0.51,0.41,0.61,0.05,1,"fixture_warning",TRUE,2,1
"Barbus_barbus","joint_bb","M3","species_equal",0.58,0.48,0.68,0.05,1,"",TRUE,2,42
"Carassius_auratus","joint_bb","M3","species_equal",0.58,0.48,0.68,0.05,1,"",TRUE,2,41
"Carassius_carassius","joint_bb","M3","species_equal",0.58,0.48,0.68,0.05,1,"",TRUE,2,40
"Carassius_gibelio","joint_bb","M3","species_equal",0.58,0.48,0.68,0.05,1,"",TRUE,2,39
"Chanodichthys_erythropterus","joint_bb","M3","species_equal",0.58,0.48,0.68,0.05,1,"",TRUE,2,38
"Cirrhinus_molitorella","joint_bb","M3","species_equal",0.58,0.48,0.68,0.05,1,"",TRUE,2,37
"Ctenopharyngodon_idella","joint_bb","M3","species_equal",0.58,0.48,0.68,0.05,1,"fixture_warning",TRUE,2,36
"Culter_alburnus","joint_bb","M3","species_equal",0.58,0.48,0.68,0.05,1,"",TRUE,2,35
"Cyprinella_venusta","joint_bb","M3","species_equal",0.58,0.48,0.68,0.05,1,"",TRUE,2,34
"Cyprinus_carpio","joint_bb","M3","species_equal",0.58,0.48,0.68,0.05,1,"",TRUE,2,33
"Danio_aesculapii","joint_bb","M3","species_equal",0.58,0.48,0.68,0.05,1,"",TRUE,2,32
"Danio_rerio","joint_bb","M3","species_equal",0.58,0.48,0.68,0.05,1,"",TRUE,2,31
"Garra_rufa","joint_bb","M3","species_equal",0.58,0.48,0.68,0.05,1,"",TRUE,2,30
"Hemiculter_leucisculus","joint_bb","M3","species_equal",0.58,0.48,0.68,0.05,1,"fixture_warning",TRUE,2,29
"Labeo_rohita","joint_bb","M3","species_equal",0.58,0.48,0.68,0.05,1,"",TRUE,2,28
"Leuciscus_chuanchicus","joint_bb","M3","species_equal",0.58,0.48,0.68,0.05,1,"",TRUE,2,27
"Leuciscus_leuciscus","joint_bb","M3","species_equal",0.58,0.48,0.68,0.05,1,"",TRUE,2,26
"Leuciscus_waleckii","joint_bb","M3","species_equal",0.58,0.48,0.68,0.05,1,"",TRUE,2,25
"Megalobrama_amblycephala","joint_bb","M3","species_equal",0.58,0.48,0.68,0.05,1,"",TRUE,2,24
"Mylopharyngodon_piceus","joint_bb","M3","species_equal",0.58,0.48,0.68,0.05,1,"",TRUE,2,23
"Onychostoma_macrolepis","joint_bb","M3","species_equal",0.58,0.48,0.68,0.05,1,"fixture_warning",TRUE,2,22
"Phoxinus_phoxinus","joint_bb","M3","species_equal",0.58,0.48,0.68,0.05,1,"",TRUE,2,21
"Pimephales_promelas","joint_bb","M3","species_equal",0.58,0.48,0.68,0.05,1,"",TRUE,2,20
"Pseudorasbora_parva","joint_bb","M3","species_equal",0.58,0.48,0.68,0.05,1,"",TRUE,2,19
"Puntigrus_tetrazona","joint_bb","M3","species_equal",0.58,0.48,0.68,0.05,1,"",TRUE,2,18
"Rutilus_rutilus","joint_bb","M3","species_equal",0.58,0.48,0.68,0.05,1,"",TRUE,2,17
"Scardinius_erythrophthalmus","joint_bb","M3","species_equal",0.58,0.48,0.68,0.05,1,"",TRUE,2,16
"Sinocyclocheilus_anshuiensis","joint_bb","M3","species_equal",0.58,0.48,0.68,0.05,1,"fixture_warning",TRUE,2,15
"Sinocyclocheilus_grahami","joint_bb","M3","species_equal",0.58,0.48,0.68,0.05,1,"",TRUE,2,14
"Sinocyclocheilus_rhinocerous","joint_bb","M3","species_equal",0.58,0.48,0.68,0.05,1,"",TRUE,2,13
"Siphateles_boraxobius","joint_bb","M3","species_equal",0.58,0.48,0.68,0.05,1,"",TRUE,2,12
"Squalius_cephalus","joint_bb","M3","species_equal",0.58,0.48,0.68,0.05,1,"",TRUE,2,11
"Gobio_gobio","joint_bb","M3","species_equal",0.58,0.48,0.68,0.05,1,"",TRUE,2,10
"Rhinichthys_klamathensis","joint_bb","M3","species_equal",0.58,0.48,0.68,0.05,1,"",TRUE,2,9
"Barbatula_barbatula","joint_bb","M3","species_equal",0.58,0.48,0.68,0.05,1,"fixture_warning",TRUE,2,8
"Triplophysa_dalaica","joint_bb","M3","species_equal",0.58,0.48,0.68,0.05,1,"",TRUE,2,7
"Triplophysa_rosa","joint_bb","M3","species_equal",0.58,0.48,0.68,0.05,1,"",TRUE,2,6
"Astyanax_lacustris","joint_bb","M3","species_equal",0.58,0.48,0.68,0.05,1,"",TRUE,2,5
"Astyanax_mexicanus","joint_bb","M3","species_equal",0.58,0.48,0.68,0.05,1,"",TRUE,2,4
"Salminus_brasiliensis","joint_bb","M3","species_equal",0.58,0.48,0.68,0.05,1,"",TRUE,2,3
"Hoplias_malabaricus","joint_bb","M3","species_equal",0.58,0.48,0.68,0.05,1,"",TRUE,2,2
"Prochilodus_magdalenae","joint_bb","M3","species_equal",0.58,0.48,0.68,0.05,1,"fixture_warning",TRUE,2,1
"Acnodon_oligacanthus","joint_bb","Null","species_equal",0.37,0.27,0.47,0.05,1,"",TRUE,3,42
"Colossoma_macropomum","joint_bb","Null","species_equal",0.37,0.27,0.47,0.05,1,"",TRUE,3,41
"Metynnis_hypsauchen","joint_bb","Null","species_equal",0.37,0.27,0.47,0.05,1,"",TRUE,3,40
"Pygocentrus_nattereri","joint_bb","Null","species_equal",0.37,0.27,0.47,0.05,1,"",TRUE,3,39
"Serrasalmus_rhombeus","joint_bb","Null","species_equal",0.37,0.27,0.47,0.05,1,"",TRUE,3,38
"Electrophorus_electricus","joint_bb","Null","species_equal",0.37,0.27,0.47,0.05,1,"",TRUE,3,37
"Electrophorus_voltai","joint_bb","Null","species_equal",0.37,0.27,0.47,0.05,1,"fixture_warning",TRUE,3,36
"Brachyhypopomus_gauderio","joint_bb","Null","species_equal",0.37,0.27,0.47,0.05,1,"",TRUE,3,35
"Neoarius_graeffei","joint_bb","Null","species_equal",0.37,0.27,0.47,0.05,1,"",TRUE,3,34
"Hemibagrus_guttatus","joint_bb","Null","species_equal",0.37,0.27,0.47,0.05,1,"",TRUE,3,33
"Hemibagrus_wyckioides","joint_bb","Null","species_equal",0.37,0.27,0.47,0.05,1,"",TRUE,3,32
"Tachysurus_fulvidraco","joint_bb","Null","species_equal",0.37,0.27,0.47,0.05,1,"",TRUE,3,31
"Tachysurus_vachellii","joint_bb","Null","species_equal",0.37,0.27,0.47,0.05,1,"",TRUE,3,30
"Clarias_gariepinus","joint_bb","Null","species_equal",0.37,0.27,0.47,0.05,1,"fixture_warning",TRUE,3,29
"Clarias_magur","joint_bb","Null","species_equal",0.37,0.27,0.47,0.05,1,"",TRUE,3,28
"Ictalurus_furcatus","joint_bb","Null","species_equal",0.37,0.27,0.47,0.05,1,"",TRUE,3,27
"Ictalurus_punctatus","joint_bb","Null","species_equal",0.37,0.27,0.47,0.05,1,"",TRUE,3,26
"Pangasianodon_gigas","joint_bb","Null","species_equal",0.37,0.27,0.47,0.05,1,"",TRUE,3,25
"Pangasianodon_hypophthalmus","joint_bb","Null","species_equal",0.37,0.27,0.47,0.05,1,"",TRUE,3,24
"Silurus_aristotelis","joint_bb","Null","species_equal",0.37,0.27,0.47,0.05,1,"",TRUE,3,23
"Silurus_asotus","joint_bb","Null","species_equal",0.37,0.27,0.47,0.05,1,"fixture_warning",TRUE,3,22
"Silurus_meridionalis","joint_bb","Null","species_equal",0.37,0.27,0.47,0.05,1,"",TRUE,3,21
"Trichomycterus_rosablanca","joint_bb","Null","species_equal",0.37,0.27,0.47,0.05,1,"",TRUE,3,20
"Nansenia_antarctica","joint_bb","Null","species_equal",0.37,0.27,0.47,0.05,1,"",TRUE,3,19
"Galaxias_brevipinnis","joint_bb","Null","species_equal",0.37,0.27,0.47,0.05,1,"",TRUE,3,18
"Coregonus_albula","joint_bb","Null","species_equal",0.37,0.27,0.47,0.05,1,"",TRUE,3,17
"Coregonus_clupeaformis","joint_bb","Null","species_equal",0.37,0.27,0.47,0.05,1,"",TRUE,3,16
"Coregonus_lavaretus","joint_bb","Null","species_equal",0.37,0.27,0.47,0.05,1,"fixture_warning",TRUE,3,15
"Coregonus_suidteri","joint_bb","Null","species_equal",0.37,0.27,0.47,0.05,1,"",TRUE,3,14
"Oncorhynchus_clarkii","joint_bb","Null","species_equal",0.37,0.27,0.47,0.05,1,"",TRUE,3,13
"Oncorhynchus_gorbuscha","joint_bb","Null","species_equal",0.37,0.27,0.47,0.05,1,"",TRUE,3,12
"Oncorhynchus_keta","joint_bb","Null","species_equal",0.37,0.27,0.47,0.05,1,"",TRUE,3,11
"Oncorhynchus_kisutch","joint_bb","Null","species_equal",0.37,0.27,0.47,0.05,1,"",TRUE,3,10
"Oncorhynchus_masou","joint_bb","Null","species_equal",0.37,0.27,0.47,0.05,1,"",TRUE,3,9
"Oncorhynchus_mykiss","joint_bb","Null","species_equal",0.37,0.27,0.47,0.05,1,"fixture_warning",TRUE,3,8
"Oncorhynchus_nerka","joint_bb","Null","species_equal",0.37,0.27,0.47,0.05,1,"",TRUE,3,7
"Oncorhynchus_tshawytscha","joint_bb","Null","species_equal",0.37,0.27,0.47,0.05,1,"",TRUE,3,6
"Salmo_salar","joint_bb","Null","species_equal",0.37,0.27,0.47,0.05,1,"",TRUE,3,5
"Salmo_trutta","joint_bb","Null","species_equal",0.37,0.27,0.47,0.05,1,"",TRUE,3,4
"Salvelinus_alpinus","joint_bb","Null","species_equal",0.37,0.27,0.47,0.05,1,"",TRUE,3,3
"Salvelinus_fontinalis","joint_bb","Null","species_equal",0.37,0.27,0.47,0.05,1,"",TRUE,3,2
"Salvelinus_namaycush","joint_bb","Null","species_equal",0.37,0.27,0.47,0.05,1,"fixture_warning",TRUE,3,1
"Acnodon_oligacanthus","joint_bb","M1","species_equal",0.44,0.34,0.54,0.05,1,"",TRUE,3,42
"Colossoma_macropomum","joint_bb","M1","species_equal",0.44,0.34,0.54,0.05,1,"",TRUE,3,41
"Metynnis_hypsauchen","joint_bb","M1","species_equal",0.44,0.34,0.54,0.05,1,"",TRUE,3,40
"Pygocentrus_nattereri","joint_bb","M1","species_equal",0.44,0.34,0.54,0.05,1,"",TRUE,3,39
"Serrasalmus_rhombeus","joint_bb","M1","species_equal",0.44,0.34,0.54,0.05,1,"",TRUE,3,38
"Electrophorus_electricus","joint_bb","M1","species_equal",0.44,0.34,0.54,0.05,1,"",TRUE,3,37
"Electrophorus_voltai","joint_bb","M1","species_equal",0.44,0.34,0.54,0.05,1,"fixture_warning",TRUE,3,36
"Brachyhypopomus_gauderio","joint_bb","M1","species_equal",0.44,0.34,0.54,0.05,1,"",TRUE,3,35
"Neoarius_graeffei","joint_bb","M1","species_equal",0.44,0.34,0.54,0.05,1,"",TRUE,3,34
"Hemibagrus_guttatus","joint_bb","M1","species_equal",0.44,0.34,0.54,0.05,1,"",TRUE,3,33
"Hemibagrus_wyckioides","joint_bb","M1","species_equal",0.44,0.34,0.54,0.05,1,"",TRUE,3,32
"Tachysurus_fulvidraco","joint_bb","M1","species_equal",0.44,0.34,0.54,0.05,1,"",TRUE,3,31
"Tachysurus_vachellii","joint_bb","M1","species_equal",0.44,0.34,0.54,0.05,1,"",TRUE,3,30
"Clarias_gariepinus","joint_bb","M1","species_equal",0.44,0.34,0.54,0.05,1,"fixture_warning",TRUE,3,29
"Clarias_magur","joint_bb","M1","species_equal",0.44,0.34,0.54,0.05,1,"",TRUE,3,28
"Ictalurus_furcatus","joint_bb","M1","species_equal",0.44,0.34,0.54,0.05,1,"",TRUE,3,27
"Ictalurus_punctatus","joint_bb","M1","species_equal",0.44,0.34,0.54,0.05,1,"",TRUE,3,26
"Pangasianodon_gigas","joint_bb","M1","species_equal",0.44,0.34,0.54,0.05,1,"",TRUE,3,25
"Pangasianodon_hypophthalmus","joint_bb","M1","species_equal",0.44,0.34,0.54,0.05,1,"",TRUE,3,24
"Silurus_aristotelis","joint_bb","M1","species_equal",0.44,0.34,0.54,0.05,1,"",TRUE,3,23
"Silurus_asotus","joint_bb","M1","species_equal",0.44,0.34,0.54,0.05,1,"fixture_warning",TRUE,3,22
"Silurus_meridionalis","joint_bb","M1","species_equal",0.44,0.34,0.54,0.05,1,"",TRUE,3,21
"Trichomycterus_rosablanca","joint_bb","M1","species_equal",0.44,0.34,0.54,0.05,1,"",TRUE,3,20
"Nansenia_antarctica","joint_bb","M1","species_equal",0.44,0.34,0.54,0.05,1,"",TRUE,3,19
"Galaxias_brevipinnis","joint_bb","M1","species_equal",0.44,0.34,0.54,0.05,1,"",TRUE,3,18
"Coregonus_albula","joint_bb","M1","species_equal",0.44,0.34,0.54,0.05,1,"",TRUE,3,17
"Coregonus_clupeaformis","joint_bb","M1","species_equal",0.44,0.34,0.54,0.05,1,"",TRUE,3,16
"Coregonus_lavaretus","joint_bb","M1","species_equal",0.44,0.34,0.54,0.05,1,"fixture_warning",TRUE,3,15
"Coregonus_suidteri","joint_bb","M1","species_equal",0.44,0.34,0.54,0.05,1,"",TRUE,3,14
"Oncorhynchus_clarkii","joint_bb","M1","species_equal",0.44,0.34,0.54,0.05,1,"",TRUE,3,13
"Oncorhynchus_gorbuscha","joint_bb","M1","species_equal",0.44,0.34,0.54,0.05,1,"",TRUE,3,12
"Oncorhynchus_keta","joint_bb","M1","species_equal",0.44,0.34,0.54,0.05,1,"",TRUE,3,11
"Oncorhynchus_kisutch","joint_bb","M1","species_equal",0.44,0.34,0.54,0.05,1,"",TRUE,3,10
"Oncorhynchus_masou","joint_bb","M1","species_equal",0.44,0.34,0.54,0.05,1,"",TRUE,3,9
"Oncorhynchus_mykiss","joint_bb","M1","species_equal",0.44,0.34,0.54,0.05,1,"fixture_warning",TRUE,3,8
"Oncorhynchus_nerka","joint_bb","M1","species_equal",0.44,0.34,0.54,0.05,1,"",TRUE,3,7
"Oncorhynchus_tshawytscha","joint_bb","M1","species_equal",0.44,0.34,0.54,0.05,1,"",TRUE,3,6
"Salmo_salar","joint_bb","M1","species_equal",0.44,0.34,0.54,0.05,1,"",TRUE,3,5
"Salmo_trutta","joint_bb","M1","species_equal",0.44,0.34,0.54,0.05,1,"",TRUE,3,4
"Salvelinus_alpinus","joint_bb","M1","species_equal",0.44,0.34,0.54,0.05,1,"",TRUE,3,3
"Salvelinus_fontinalis","joint_bb","M1","species_equal",0.44,0.34,0.54,0.05,1,"",TRUE,3,2
"Salvelinus_namaycush","joint_bb","M1","species_equal",0.44,0.34,0.54,0.05,1,"fixture_warning",TRUE,3,1
"Acnodon_oligacanthus","joint_bb","M2","species_equal",0.51,0.41,0.61,0.05,1,"",TRUE,3,42
"Colossoma_macropomum","joint_bb","M2","species_equal",0.51,0.41,0.61,0.05,1,"",TRUE,3,41
"Metynnis_hypsauchen","joint_bb","M2","species_equal",0.51,0.41,0.61,0.05,1,"",TRUE,3,40
"Pygocentrus_nattereri","joint_bb","M2","species_equal",0.51,0.41,0.61,0.05,1,"",TRUE,3,39
"Serrasalmus_rhombeus","joint_bb","M2","species_equal",0.51,0.41,0.61,0.05,1,"",TRUE,3,38
"Electrophorus_electricus","joint_bb","M2","species_equal",0.51,0.41,0.61,0.05,1,"",TRUE,3,37
"Electrophorus_voltai","joint_bb","M2","species_equal",0.51,0.41,0.61,0.05,1,"fixture_warning",TRUE,3,36
"Brachyhypopomus_gauderio","joint_bb","M2","species_equal",0.51,0.41,0.61,0.05,1,"",TRUE,3,35
"Neoarius_graeffei","joint_bb","M2","species_equal",0.51,0.41,0.61,0.05,1,"",TRUE,3,34
"Hemibagrus_guttatus","joint_bb","M2","species_equal",0.51,0.41,0.61,0.05,1,"",TRUE,3,33
"Hemibagrus_wyckioides","joint_bb","M2","species_equal",0.51,0.41,0.61,0.05,1,"",TRUE,3,32
"Tachysurus_fulvidraco","joint_bb","M2","species_equal",0.51,0.41,0.61,0.05,1,"",TRUE,3,31
"Tachysurus_vachellii","joint_bb","M2","species_equal",0.51,0.41,0.61,0.05,1,"",TRUE,3,30
"Clarias_gariepinus","joint_bb","M2","species_equal",0.51,0.41,0.61,0.05,1,"fixture_warning",TRUE,3,29
"Clarias_magur","joint_bb","M2","species_equal",0.51,0.41,0.61,0.05,1,"",TRUE,3,28
"Ictalurus_furcatus","joint_bb","M2","species_equal",0.51,0.41,0.61,0.05,1,"",TRUE,3,27
"Ictalurus_punctatus","joint_bb","M2","species_equal",0.51,0.41,0.61,0.05,1,"",TRUE,3,26
"Pangasianodon_gigas","joint_bb","M2","species_equal",0.51,0.41,0.61,0.05,1,"",TRUE,3,25
"Pangasianodon_hypophthalmus","joint_bb","M2","species_equal",0.51,0.41,0.61,0.05,1,"",TRUE,3,24
"Silurus_aristotelis","joint_bb","M2","species_equal",0.51,0.41,0.61,0.05,1,"",TRUE,3,23
"Silurus_asotus","joint_bb","M2","species_equal",0.51,0.41,0.61,0.05,1,"fixture_warning",TRUE,3,22
"Silurus_meridionalis","joint_bb","M2","species_equal",0.51,0.41,0.61,0.05,1,"",TRUE,3,21
"Trichomycterus_rosablanca","joint_bb","M2","species_equal",0.51,0.41,0.61,0.05,1,"",TRUE,3,20
"Nansenia_antarctica","joint_bb","M2","species_equal",0.51,0.41,0.61,0.05,1,"",TRUE,3,19
"Galaxias_brevipinnis","joint_bb","M2","species_equal",0.51,0.41,0.61,0.05,1,"",TRUE,3,18
"Coregonus_albula","joint_bb","M2","species_equal",0.51,0.41,0.61,0.05,1,"",TRUE,3,17
"Coregonus_clupeaformis","joint_bb","M2","species_equal",0.51,0.41,0.61,0.05,1,"",TRUE,3,16
"Coregonus_lavaretus","joint_bb","M2","species_equal",0.51,0.41,0.61,0.05,1,"fixture_warning",TRUE,3,15
"Coregonus_suidteri","joint_bb","M2","species_equal",0.51,0.41,0.61,0.05,1,"",TRUE,3,14
"Oncorhynchus_clarkii","joint_bb","M2","species_equal",0.51,0.41,0.61,0.05,1,"",TRUE,3,13
"Oncorhynchus_gorbuscha","joint_bb","M2","species_equal",0.51,0.41,0.61,0.05,1,"",TRUE,3,12
"Oncorhynchus_keta","joint_bb","M2","species_equal",0.51,0.41,0.61,0.05,1,"",TRUE,3,11
"Oncorhynchus_kisutch","joint_bb","M2","species_equal",0.51,0.41,0.61,0.05,1,"",TRUE,3,10
"Oncorhynchus_masou","joint_bb","M2","species_equal",0.51,0.41,0.61,0.05,1,"",TRUE,3,9
"Oncorhynchus_mykiss","joint_bb","M2","species_equal",0.51,0.41,0.61,0.05,1,"fixture_warning",TRUE,3,8
"Oncorhynchus_nerka","joint_bb","M2","species_equal",0.51,0.41,0.61,0.05,1,"",TRUE,3,7
"Oncorhynchus_tshawytscha","joint_bb","M2","species_equal",0.51,0.41,0.61,0.05,1,"",TRUE,3,6
"Salmo_salar","joint_bb","M2","species_equal",0.51,0.41,0.61,0.05,1,"",TRUE,3,5
"Salmo_trutta","joint_bb","M2","species_equal",0.51,0.41,0.61,0.05,1,"",TRUE,3,4
"Salvelinus_alpinus","joint_bb","M2","species_equal",0.51,0.41,0.61,0.05,1,"",TRUE,3,3
"Salvelinus_fontinalis","joint_bb","M2","species_equal",0.51,0.41,0.61,0.05,1,"",TRUE,3,2
"Salvelinus_namaycush","joint_bb","M2","species_equal",0.51,0.41,0.61,0.05,1,"fixture_warning",TRUE,3,1
"Acnodon_oligacanthus","joint_bb","M3","species_equal",0.58,0.48,0.68,0.05,1,"",TRUE,3,42
"Colossoma_macropomum","joint_bb","M3","species_equal",0.58,0.48,0.68,0.05,1,"",TRUE,3,41
"Metynnis_hypsauchen","joint_bb","M3","species_equal",0.58,0.48,0.68,0.05,1,"",TRUE,3,40
"Pygocentrus_nattereri","joint_bb","M3","species_equal",0.58,0.48,0.68,0.05,1,"",TRUE,3,39
"Serrasalmus_rhombeus","joint_bb","M3","species_equal",0.58,0.48,0.68,0.05,1,"",TRUE,3,38
"Electrophorus_electricus","joint_bb","M3","species_equal",0.58,0.48,0.68,0.05,1,"",TRUE,3,37
"Electrophorus_voltai","joint_bb","M3","species_equal",0.58,0.48,0.68,0.05,1,"fixture_warning",TRUE,3,36
"Brachyhypopomus_gauderio","joint_bb","M3","species_equal",0.58,0.48,0.68,0.05,1,"",TRUE,3,35
"Neoarius_graeffei","joint_bb","M3","species_equal",0.58,0.48,0.68,0.05,1,"",TRUE,3,34
"Hemibagrus_guttatus","joint_bb","M3","species_equal",0.58,0.48,0.68,0.05,1,"",TRUE,3,33
"Hemibagrus_wyckioides","joint_bb","M3","species_equal",0.58,0.48,0.68,0.05,1,"",TRUE,3,32
"Tachysurus_fulvidraco","joint_bb","M3","species_equal",0.58,0.48,0.68,0.05,1,"",TRUE,3,31
"Tachysurus_vachellii","joint_bb","M3","species_equal",0.58,0.48,0.68,0.05,1,"",TRUE,3,30
"Clarias_gariepinus","joint_bb","M3","species_equal",0.58,0.48,0.68,0.05,1,"fixture_warning",TRUE,3,29
"Clarias_magur","joint_bb","M3","species_equal",0.58,0.48,0.68,0.05,1,"",TRUE,3,28
"Ictalurus_furcatus","joint_bb","M3","species_equal",0.58,0.48,0.68,0.05,1,"",TRUE,3,27
"Ictalurus_punctatus","joint_bb","M3","species_equal",0.58,0.48,0.68,0.05,1,"",TRUE,3,26
"Pangasianodon_gigas","joint_bb","M3","species_equal",0.58,0.48,0.68,0.05,1,"",TRUE,3,25
"Pangasianodon_hypophthalmus","joint_bb","M3","species_equal",0.58,0.48,0.68,0.05,1,"",TRUE,3,24
"Silurus_aristotelis","joint_bb","M3","species_equal",0.58,0.48,0.68,0.05,1,"",TRUE,3,23
"Silurus_asotus","joint_bb","M3","species_equal",0.58,0.48,0.68,0.05,1,"fixture_warning",TRUE,3,22
"Silurus_meridionalis","joint_bb","M3","species_equal",0.58,0.48,0.68,0.05,1,"",TRUE,3,21
"Trichomycterus_rosablanca","joint_bb","M3","species_equal",0.58,0.48,0.68,0.05,1,"",TRUE,3,20
"Nansenia_antarctica","joint_bb","M3","species_equal",0.58,0.48,0.68,0.05,1,"",TRUE,3,19
"Galaxias_brevipinnis","joint_bb","M3","species_equal",0.58,0.48,0.68,0.05,1,"",TRUE,3,18
"Coregonus_albula","joint_bb","M3","species_equal",0.58,0.48,0.68,0.05,1,"",TRUE,3,17
"Coregonus_clupeaformis","joint_bb","M3","species_equal",0.58,0.48,0.68,0.05,1,"",TRUE,3,16
"Coregonus_lavaretus","joint_bb","M3","species_equal",0.58,0.48,0.68,0.05,1,"fixture_warning",TRUE,3,15
"Coregonus_suidteri","joint_bb","M3","species_equal",0.58,0.48,0.68,0.05,1,"",TRUE,3,14
"Oncorhynchus_clarkii","joint_bb","M3","species_equal",0.58,0.48,0.68,0.05,1,"",TRUE,3,13
"Oncorhynchus_gorbuscha","joint_bb","M3","species_equal",0.58,0.48,0.68,0.05,1,"",TRUE,3,12
"Oncorhynchus_keta","joint_bb","M3","species_equal",0.58,0.48,0.68,0.05,1,"",TRUE,3,11
"Oncorhynchus_kisutch","joint_bb","M3","species_equal",0.58,0.48,0.68,0.05,1,"",TRUE,3,10
"Oncorhynchus_masou","joint_bb","M3","species_equal",0.58,0.48,0.68,0.05,1,"",TRUE,3,9
"Oncorhynchus_mykiss","joint_bb","M3","species_equal",0.58,0.48,0.68,0.05,1,"fixture_warning",TRUE,3,8
"Oncorhynchus_nerka","joint_bb","M3","species_equal",0.58,0.48,0.68,0.05,1,"",TRUE,3,7
"Oncorhynchus_tshawytscha","joint_bb","M3","species_equal",0.58,0.48,0.68,0.05,1,"",TRUE,3,6
"Salmo_salar","joint_bb","M3","species_equal",0.58,0.48,0.68,0.05,1,"",TRUE,3,5
"Salmo_trutta","joint_bb","M3","species_equal",0.58,0.48,0.68,0.05,1,"",TRUE,3,4
"Salvelinus_alpinus","joint_bb","M3","species_equal",0.58,0.48,0.68,0.05,1,"",TRUE,3,3
"Salvelinus_fontinalis","joint_bb","M3","species_equal",0.58,0.48,0.68,0.05,1,"",TRUE,3,2
"Salvelinus_namaycush","joint_bb","M3","species_equal",0.58,0.48,0.68,0.05,1,"fixture_warning",TRUE,3,1
"Dallia_pectoralis","joint_bb","Null","species_equal",0.37,0.27,0.47,0.05,1,"",TRUE,4,42
"Esox_lucius","joint_bb","Null","species_equal",0.37,0.27,0.47,0.05,1,"",TRUE,4,41
"Umbra_pygmaea","joint_bb","Null","species_equal",0.37,0.27,0.47,0.05,1,"",TRUE,4,40
"Hypomesus_nipponensis","joint_bb","Null","species_equal",0.37,0.27,0.47,0.05,1,"",TRUE,4,39
"Hypomesus_transpacificus","joint_bb","Null","species_equal",0.37,0.27,0.47,0.05,1,"",TRUE,4,38
"Osmerus_eperlanus","joint_bb","Null","species_equal",0.37,0.27,0.47,0.05,1,"",TRUE,4,37
"Osmerus_mordax","joint_bb","Null","species_equal",0.37,0.27,0.47,0.05,1,"fixture_warning",TRUE,4,36
"Benthosema_glaciale","joint_bb","Null","species_equal",0.37,0.27,0.47,0.05,1,"",TRUE,4,35
"Electrona_antarctica","joint_bb","Null","species_equal",0.37,0.27,0.47,0.05,1,"",TRUE,4,34
"Gymnoscopelus_braueri","joint_bb","Null","species_equal",0.37,0.27,0.47,0.05,1,"",TRUE,4,33
"Gymnoscopelus_microlampas","joint_bb","Null","species_equal",0.37,0.27,0.47,0.05,1,"",TRUE,4,32
"Nannobrachium_achirus","joint_bb","Null","species_equal",0.37,0.27,0.47,0.05,1,"",TRUE,4,31
"Protomyctophum_bolini","joint_bb","Null","species_equal",0.37,0.27,0.47,0.05,1,"",TRUE,4,30
"Protomyctophum_parallelum","joint_bb","Null","species_equal",0.37,0.27,0.47,0.05,1,"fixture_warning",TRUE,4,29
"Polymixia_hollisterae","joint_bb","Null","species_equal",0.37,0.27,0.47,0.05,1,"",TRUE,4,28
"Polymixia_lowei","joint_bb","Null","species_equal",0.37,0.27,0.47,0.05,1,"",TRUE,4,27
"Centroberyx_affinis","joint_bb","Null","species_equal",0.37,0.27,0.47,0.05,1,"",TRUE,4,26
"Centroberyx_gerrardi","joint_bb","Null","species_equal",0.37,0.27,0.47,0.05,1,"",TRUE,4,25
"Poromitra_crassiceps","joint_bb","Null","species_equal",0.37,0.27,0.47,0.05,1,"",TRUE,4,24
"Myripristis_murdjan","joint_bb","Null","species_equal",0.37,0.27,0.47,0.05,1,"",TRUE,4,23
"Lucifuga_dentata","joint_bb","Null","species_equal",0.37,0.27,0.47,0.05,1,"fixture_warning",TRUE,4,22
"Genypterus_blacodes","joint_bb","Null","species_equal",0.37,0.27,0.47,0.05,1,"",TRUE,4,21
"Arripis_georgiana","joint_bb","Null","species_equal",0.37,0.27,0.47,0.05,1,"",TRUE,4,20
"Katsuwonus_pelamis","joint_bb","Null","species_equal",0.37,0.27,0.47,0.05,1,"",TRUE,4,19
"Sarda_sarda","joint_bb","Null","species_equal",0.37,0.27,0.47,0.05,1,"",TRUE,4,18
"Scomber_japonicus","joint_bb","Null","species_equal",0.37,0.27,0.47,0.05,1,"",TRUE,4,17
"Scomber_scombrus","joint_bb","Null","species_equal",0.37,0.27,0.47,0.05,1,"",TRUE,4,16
"Thunnus_alalunga","joint_bb","Null","species_equal",0.37,0.27,0.47,0.05,1,"fixture_warning",TRUE,4,15
"Thunnus_albacares","joint_bb","Null","species_equal",0.37,0.27,0.47,0.05,1,"",TRUE,4,14
"Thunnus_atlanticus","joint_bb","Null","species_equal",0.37,0.27,0.47,0.05,1,"",TRUE,4,13
"Thunnus_maccoyii","joint_bb","Null","species_equal",0.37,0.27,0.47,0.05,1,"",TRUE,4,12
"Thunnus_obesus","joint_bb","Null","species_equal",0.37,0.27,0.47,0.05,1,"",TRUE,4,11
"Thunnus_orientalis","joint_bb","Null","species_equal",0.37,0.27,0.47,0.05,1,"",TRUE,4,10
"Thunnus_thynnus","joint_bb","Null","species_equal",0.37,0.27,0.47,0.05,1,"",TRUE,4,9
"Thunnus_tonggol","joint_bb","Null","species_equal",0.37,0.27,0.47,0.05,1,"fixture_warning",TRUE,4,8
"Pampus_argenteus","joint_bb","Null","species_equal",0.37,0.27,0.47,0.05,1,"",TRUE,4,7
"Pampus_punctatissimus","joint_bb","Null","species_equal",0.37,0.27,0.47,0.05,1,"",TRUE,4,6
"Aulostomus_chinensis","joint_bb","Null","species_equal",0.37,0.27,0.47,0.05,1,"",TRUE,4,5
"Fistularia_commersonii","joint_bb","Null","species_equal",0.37,0.27,0.47,0.05,1,"",TRUE,4,4
"Pterapogon_kauderni","joint_bb","Null","species_equal",0.37,0.27,0.47,0.05,1,"",TRUE,4,3
"Sphaeramia_orbicularis","joint_bb","Null","species_equal",0.37,0.27,0.47,0.05,1,"",TRUE,4,2
"Oxyeleotris_marmorata","joint_bb","Null","species_equal",0.37,0.27,0.47,0.05,1,"fixture_warning",TRUE,4,1
"Dallia_pectoralis","joint_bb","M1","species_equal",0.44,0.34,0.54,0.05,1,"",TRUE,4,42
"Esox_lucius","joint_bb","M1","species_equal",0.44,0.34,0.54,0.05,1,"",TRUE,4,41
"Umbra_pygmaea","joint_bb","M1","species_equal",0.44,0.34,0.54,0.05,1,"",TRUE,4,40
"Hypomesus_nipponensis","joint_bb","M1","species_equal",0.44,0.34,0.54,0.05,1,"",TRUE,4,39
"Hypomesus_transpacificus","joint_bb","M1","species_equal",0.44,0.34,0.54,0.05,1,"",TRUE,4,38
"Osmerus_eperlanus","joint_bb","M1","species_equal",0.44,0.34,0.54,0.05,1,"",TRUE,4,37
"Osmerus_mordax","joint_bb","M1","species_equal",0.44,0.34,0.54,0.05,1,"fixture_warning",TRUE,4,36
"Benthosema_glaciale","joint_bb","M1","species_equal",0.44,0.34,0.54,0.05,1,"",TRUE,4,35
"Electrona_antarctica","joint_bb","M1","species_equal",0.44,0.34,0.54,0.05,1,"",TRUE,4,34
"Gymnoscopelus_braueri","joint_bb","M1","species_equal",0.44,0.34,0.54,0.05,1,"",TRUE,4,33
"Gymnoscopelus_microlampas","joint_bb","M1","species_equal",0.44,0.34,0.54,0.05,1,"",TRUE,4,32
"Nannobrachium_achirus","joint_bb","M1","species_equal",0.44,0.34,0.54,0.05,1,"",TRUE,4,31
"Protomyctophum_bolini","joint_bb","M1","species_equal",0.44,0.34,0.54,0.05,1,"",TRUE,4,30
"Protomyctophum_parallelum","joint_bb","M1","species_equal",0.44,0.34,0.54,0.05,1,"fixture_warning",TRUE,4,29
"Polymixia_hollisterae","joint_bb","M1","species_equal",0.44,0.34,0.54,0.05,1,"",TRUE,4,28
"Polymixia_lowei","joint_bb","M1","species_equal",0.44,0.34,0.54,0.05,1,"",TRUE,4,27
"Centroberyx_affinis","joint_bb","M1","species_equal",0.44,0.34,0.54,0.05,1,"",TRUE,4,26
"Centroberyx_gerrardi","joint_bb","M1","species_equal",0.44,0.34,0.54,0.05,1,"",TRUE,4,25
"Poromitra_crassiceps","joint_bb","M1","species_equal",0.44,0.34,0.54,0.05,1,"",TRUE,4,24
"Myripristis_murdjan","joint_bb","M1","species_equal",0.44,0.34,0.54,0.05,1,"",TRUE,4,23
"Lucifuga_dentata","joint_bb","M1","species_equal",0.44,0.34,0.54,0.05,1,"fixture_warning",TRUE,4,22
"Genypterus_blacodes","joint_bb","M1","species_equal",0.44,0.34,0.54,0.05,1,"",TRUE,4,21
"Arripis_georgiana","joint_bb","M1","species_equal",0.44,0.34,0.54,0.05,1,"",TRUE,4,20
"Katsuwonus_pelamis","joint_bb","M1","species_equal",0.44,0.34,0.54,0.05,1,"",TRUE,4,19
"Sarda_sarda","joint_bb","M1","species_equal",0.44,0.34,0.54,0.05,1,"",TRUE,4,18
"Scomber_japonicus","joint_bb","M1","species_equal",0.44,0.34,0.54,0.05,1,"",TRUE,4,17
"Scomber_scombrus","joint_bb","M1","species_equal",0.44,0.34,0.54,0.05,1,"",TRUE,4,16
"Thunnus_alalunga","joint_bb","M1","species_equal",0.44,0.34,0.54,0.05,1,"fixture_warning",TRUE,4,15
"Thunnus_albacares","joint_bb","M1","species_equal",0.44,0.34,0.54,0.05,1,"",TRUE,4,14
"Thunnus_atlanticus","joint_bb","M1","species_equal",0.44,0.34,0.54,0.05,1,"",TRUE,4,13
"Thunnus_maccoyii","joint_bb","M1","species_equal",0.44,0.34,0.54,0.05,1,"",TRUE,4,12
"Thunnus_obesus","joint_bb","M1","species_equal",0.44,0.34,0.54,0.05,1,"",TRUE,4,11
"Thunnus_orientalis","joint_bb","M1","species_equal",0.44,0.34,0.54,0.05,1,"",TRUE,4,10
"Thunnus_thynnus","joint_bb","M1","species_equal",0.44,0.34,0.54,0.05,1,"",TRUE,4,9
"Thunnus_tonggol","joint_bb","M1","species_equal",0.44,0.34,0.54,0.05,1,"fixture_warning",TRUE,4,8
"Pampus_argenteus","joint_bb","M1","species_equal",0.44,0.34,0.54,0.05,1,"",TRUE,4,7
"Pampus_punctatissimus","joint_bb","M1","species_equal",0.44,0.34,0.54,0.05,1,"",TRUE,4,6
"Aulostomus_chinensis","joint_bb","M1","species_equal",0.44,0.34,0.54,0.05,1,"",TRUE,4,5
"Fistularia_commersonii","joint_bb","M1","species_equal",0.44,0.34,0.54,0.05,1,"",TRUE,4,4
"Pterapogon_kauderni","joint_bb","M1","species_equal",0.44,0.34,0.54,0.05,1,"",TRUE,4,3
"Sphaeramia_orbicularis","joint_bb","M1","species_equal",0.44,0.34,0.54,0.05,1,"",TRUE,4,2
"Oxyeleotris_marmorata","joint_bb","M1","species_equal",0.44,0.34,0.54,0.05,1,"fixture_warning",TRUE,4,1
"Dallia_pectoralis","joint_bb","M2","species_equal",0.51,0.41,0.61,0.05,1,"",TRUE,4,42
"Esox_lucius","joint_bb","M2","species_equal",0.51,0.41,0.61,0.05,1,"",TRUE,4,41
"Umbra_pygmaea","joint_bb","M2","species_equal",0.51,0.41,0.61,0.05,1,"",TRUE,4,40
"Hypomesus_nipponensis","joint_bb","M2","species_equal",0.51,0.41,0.61,0.05,1,"",TRUE,4,39
"Hypomesus_transpacificus","joint_bb","M2","species_equal",0.51,0.41,0.61,0.05,1,"",TRUE,4,38
"Osmerus_eperlanus","joint_bb","M2","species_equal",0.51,0.41,0.61,0.05,1,"",TRUE,4,37
"Osmerus_mordax","joint_bb","M2","species_equal",0.51,0.41,0.61,0.05,1,"fixture_warning",TRUE,4,36
"Benthosema_glaciale","joint_bb","M2","species_equal",0.51,0.41,0.61,0.05,1,"",TRUE,4,35
"Electrona_antarctica","joint_bb","M2","species_equal",0.51,0.41,0.61,0.05,1,"",TRUE,4,34
"Gymnoscopelus_braueri","joint_bb","M2","species_equal",0.51,0.41,0.61,0.05,1,"",TRUE,4,33
"Gymnoscopelus_microlampas","joint_bb","M2","species_equal",0.51,0.41,0.61,0.05,1,"",TRUE,4,32
"Nannobrachium_achirus","joint_bb","M2","species_equal",0.51,0.41,0.61,0.05,1,"",TRUE,4,31
"Protomyctophum_bolini","joint_bb","M2","species_equal",0.51,0.41,0.61,0.05,1,"",TRUE,4,30
"Protomyctophum_parallelum","joint_bb","M2","species_equal",0.51,0.41,0.61,0.05,1,"fixture_warning",TRUE,4,29
"Polymixia_hollisterae","joint_bb","M2","species_equal",0.51,0.41,0.61,0.05,1,"",TRUE,4,28
"Polymixia_lowei","joint_bb","M2","species_equal",0.51,0.41,0.61,0.05,1,"",TRUE,4,27
"Centroberyx_affinis","joint_bb","M2","species_equal",0.51,0.41,0.61,0.05,1,"",TRUE,4,26
"Centroberyx_gerrardi","joint_bb","M2","species_equal",0.51,0.41,0.61,0.05,1,"",TRUE,4,25
"Poromitra_crassiceps","joint_bb","M2","species_equal",0.51,0.41,0.61,0.05,1,"",TRUE,4,24
"Myripristis_murdjan","joint_bb","M2","species_equal",0.51,0.41,0.61,0.05,1,"",TRUE,4,23
"Lucifuga_dentata","joint_bb","M2","species_equal",0.51,0.41,0.61,0.05,1,"fixture_warning",TRUE,4,22
"Genypterus_blacodes","joint_bb","M2","species_equal",0.51,0.41,0.61,0.05,1,"",TRUE,4,21
"Arripis_georgiana","joint_bb","M2","species_equal",0.51,0.41,0.61,0.05,1,"",TRUE,4,20
"Katsuwonus_pelamis","joint_bb","M2","species_equal",0.51,0.41,0.61,0.05,1,"",TRUE,4,19
"Sarda_sarda","joint_bb","M2","species_equal",0.51,0.41,0.61,0.05,1,"",TRUE,4,18
"Scomber_japonicus","joint_bb","M2","species_equal",0.51,0.41,0.61,0.05,1,"",TRUE,4,17
"Scomber_scombrus","joint_bb","M2","species_equal",0.51,0.41,0.61,0.05,1,"",TRUE,4,16
"Thunnus_alalunga","joint_bb","M2","species_equal",0.51,0.41,0.61,0.05,1,"fixture_warning",TRUE,4,15
"Thunnus_albacares","joint_bb","M2","species_equal",0.51,0.41,0.61,0.05,1,"",TRUE,4,14
"Thunnus_atlanticus","joint_bb","M2","species_equal",0.51,0.41,0.61,0.05,1,"",TRUE,4,13
"Thunnus_maccoyii","joint_bb","M2","species_equal",0.51,0.41,0.61,0.05,1,"",TRUE,4,12
"Thunnus_obesus","joint_bb","M2","species_equal",0.51,0.41,0.61,0.05,1,"",TRUE,4,11
"Thunnus_orientalis","joint_bb","M2","species_equal",0.51,0.41,0.61,0.05,1,"",TRUE,4,10
"Thunnus_thynnus","joint_bb","M2","species_equal",0.51,0.41,0.61,0.05,1,"",TRUE,4,9
"Thunnus_tonggol","joint_bb","M2","species_equal",0.51,0.41,0.61,0.05,1,"fixture_warning",TRUE,4,8
"Pampus_argenteus","joint_bb","M2","species_equal",0.51,0.41,0.61,0.05,1,"",TRUE,4,7
"Pampus_punctatissimus","joint_bb","M2","species_equal",0.51,0.41,0.61,0.05,1,"",TRUE,4,6
"Aulostomus_chinensis","joint_bb","M2","species_equal",0.51,0.41,0.61,0.05,1,"",TRUE,4,5
"Fistularia_commersonii","joint_bb","M2","species_equal",0.51,0.41,0.61,0.05,1,"",TRUE,4,4
"Pterapogon_kauderni","joint_bb","M2","species_equal",0.51,0.41,0.61,0.05,1,"",TRUE,4,3
"Sphaeramia_orbicularis","joint_bb","M2","species_equal",0.51,0.41,0.61,0.05,1,"",TRUE,4,2
"Oxyeleotris_marmorata","joint_bb","M2","species_equal",0.51,0.41,0.61,0.05,1,"fixture_warning",TRUE,4,1
"Dallia_pectoralis","joint_bb","M3","species_equal",0.58,0.48,0.68,0.05,1,"",TRUE,4,42
"Esox_lucius","joint_bb","M3","species_equal",0.58,0.48,0.68,0.05,1,"",TRUE,4,41
"Umbra_pygmaea","joint_bb","M3","species_equal",0.58,0.48,0.68,0.05,1,"",TRUE,4,40
"Hypomesus_nipponensis","joint_bb","M3","species_equal",0.58,0.48,0.68,0.05,1,"",TRUE,4,39
"Hypomesus_transpacificus","joint_bb","M3","species_equal",0.58,0.48,0.68,0.05,1,"",TRUE,4,38
"Osmerus_eperlanus","joint_bb","M3","species_equal",0.58,0.48,0.68,0.05,1,"",TRUE,4,37
"Osmerus_mordax","joint_bb","M3","species_equal",0.58,0.48,0.68,0.05,1,"fixture_warning",TRUE,4,36
"Benthosema_glaciale","joint_bb","M3","species_equal",0.58,0.48,0.68,0.05,1,"",TRUE,4,35
"Electrona_antarctica","joint_bb","M3","species_equal",0.58,0.48,0.68,0.05,1,"",TRUE,4,34
"Gymnoscopelus_braueri","joint_bb","M3","species_equal",0.58,0.48,0.68,0.05,1,"",TRUE,4,33
"Gymnoscopelus_microlampas","joint_bb","M3","species_equal",0.58,0.48,0.68,0.05,1,"",TRUE,4,32
"Nannobrachium_achirus","joint_bb","M3","species_equal",0.58,0.48,0.68,0.05,1,"",TRUE,4,31
"Protomyctophum_bolini","joint_bb","M3","species_equal",0.58,0.48,0.68,0.05,1,"",TRUE,4,30
"Protomyctophum_parallelum","joint_bb","M3","species_equal",0.58,0.48,0.68,0.05,1,"fixture_warning",TRUE,4,29
"Polymixia_hollisterae","joint_bb","M3","species_equal",0.58,0.48,0.68,0.05,1,"",TRUE,4,28
"Polymixia_lowei","joint_bb","M3","species_equal",0.58,0.48,0.68,0.05,1,"",TRUE,4,27
"Centroberyx_affinis","joint_bb","M3","species_equal",0.58,0.48,0.68,0.05,1,"",TRUE,4,26
"Centroberyx_gerrardi","joint_bb","M3","species_equal",0.58,0.48,0.68,0.05,1,"",TRUE,4,25
"Poromitra_crassiceps","joint_bb","M3","species_equal",0.58,0.48,0.68,0.05,1,"",TRUE,4,24
"Myripristis_murdjan","joint_bb","M3","species_equal",0.58,0.48,0.68,0.05,1,"",TRUE,4,23
"Lucifuga_dentata","joint_bb","M3","species_equal",0.58,0.48,0.68,0.05,1,"fixture_warning",TRUE,4,22
"Genypterus_blacodes","joint_bb","M3","species_equal",0.58,0.48,0.68,0.05,1,"",TRUE,4,21
"Arripis_georgiana","joint_bb","M3","species_equal",0.58,0.48,0.68,0.05,1,"",TRUE,4,20
"Katsuwonus_pelamis","joint_bb","M3","species_equal",0.58,0.48,0.68,0.05,1,"",TRUE,4,19
"Sarda_sarda","joint_bb","M3","species_equal",0.58,0.48,0.68,0.05,1,"",TRUE,4,18
"Scomber_japonicus","joint_bb","M3","species_equal",0.58,0.48,0.68,0.05,1,"",TRUE,4,17
"Scomber_scombrus","joint_bb","M3","species_equal",0.58,0.48,0.68,0.05,1,"",TRUE,4,16
"Thunnus_alalunga","joint_bb","M3","species_equal",0.58,0.48,0.68,0.05,1,"fixture_warning",TRUE,4,15
"Thunnus_albacares","joint_bb","M3","species_equal",0.58,0.48,0.68,0.05,1,"",TRUE,4,14
"Thunnus_atlanticus","joint_bb","M3","species_equal",0.58,0.48,0.68,0.05,1,"",TRUE,4,13
"Thunnus_maccoyii","joint_bb","M3","species_equal",0.58,0.48,0.68,0.05,1,"",TRUE,4,12
"Thunnus_obesus","joint_bb","M3","species_equal",0.58,0.48,0.68,0.05,1,"",TRUE,4,11
"Thunnus_orientalis","joint_bb","M3","species_equal",0.58,0.48,0.68,0.05,1,"",TRUE,4,10
"Thunnus_thynnus","joint_bb","M3","species_equal",0.58,0.48,0.68,0.05,1,"",TRUE,4,9
"Thunnus_tonggol","joint_bb","M3","species_equal",0.58,0.48,0.68,0.05,1,"fixture_warning",TRUE,4,8
"Pampus_argenteus","joint_bb","M3","species_equal",0.58,0.48,0.68,0.05,1,"",TRUE,4,7
"Pampus_punctatissimus","joint_bb","M3","species_equal",0.58,0.48,0.68,0.05,1,"",TRUE,4,6
"Aulostomus_chinensis","joint_bb","M3","species_equal",0.58,0.48,0.68,0.05,1,"",TRUE,4,5
"Fistularia_commersonii","joint_bb","M3","species_equal",0.58,0.48,0.68,0.05,1,"",TRUE,4,4
"Pterapogon_kauderni","joint_bb","M3","species_equal",0.58,0.48,0.68,0.05,1,"",TRUE,4,3
"Sphaeramia_orbicularis","joint_bb","M3","species_equal",0.58,0.48,0.68,0.05,1,"",TRUE,4,2
"Oxyeleotris_marmorata","joint_bb","M3","species_equal",0.58,0.48,0.68,0.05,1,"fixture_warning",TRUE,4,1
"Boleophthalmus_pectinirostris","joint_bb","Null","species_equal",0.37,0.27,0.47,0.05,1,"",TRUE,5,42
"Eucyclogobius_newberryi","joint_bb","Null","species_equal",0.37,0.27,0.47,0.05,1,"",TRUE,5,41
"Gobius_niger","joint_bb","Null","species_equal",0.37,0.27,0.47,0.05,1,"",TRUE,5,40
"Knipowitschia_caucasica","joint_bb","Null","species_equal",0.37,0.27,0.47,0.05,1,"",TRUE,5,39
"Mugilogobius_chulae","joint_bb","Null","species_equal",0.37,0.27,0.47,0.05,1,"",TRUE,5,38
"Periophthalmus_magnuspinnatus","joint_bb","Null","species_equal",0.37,0.27,0.47,0.05,1,"",TRUE,5,37
"Mastacembelus_armatus","joint_bb","Null","species_equal",0.37,0.27,0.47,0.05,1,"fixture_warning",TRUE,5,36
"Monopterus_albus","joint_bb","Null","species_equal",0.37,0.27,0.47,0.05,1,"",TRUE,5,35
"Anabas_testudineus","joint_bb","Null","species_equal",0.37,0.27,0.47,0.05,1,"",TRUE,5,34
"Channa_argus","joint_bb","Null","species_equal",0.37,0.27,0.47,0.05,1,"",TRUE,5,33
"Channa_striata","joint_bb","Null","species_equal",0.37,0.27,0.47,0.05,1,"",TRUE,5,32
"Betta_splendens","joint_bb","Null","species_equal",0.37,0.27,0.47,0.05,1,"",TRUE,5,31
"Trichopodus_trichopterus","joint_bb","Null","species_equal",0.37,0.27,0.47,0.05,1,"",TRUE,5,30
"Lates_calcarifer","joint_bb","Null","species_equal",0.37,0.27,0.47,0.05,1,"fixture_warning",TRUE,5,29
"Lates_japonicus","joint_bb","Null","species_equal",0.37,0.27,0.47,0.05,1,"",TRUE,5,28
"Eleutheronema_tetradactylum","joint_bb","Null","species_equal",0.37,0.27,0.47,0.05,1,"",TRUE,5,27
"Toxotes_jaculatrix","joint_bb","Null","species_equal",0.37,0.27,0.47,0.05,1,"",TRUE,5,26
"Xiphias_gladius","joint_bb","Null","species_equal",0.37,0.27,0.47,0.05,1,"",TRUE,5,25
"Caranx_melampygus","joint_bb","Null","species_equal",0.37,0.27,0.47,0.05,1,"",TRUE,5,24
"Seriola_dumerili","joint_bb","Null","species_equal",0.37,0.27,0.47,0.05,1,"",TRUE,5,23
"Seriola_lalandi","joint_bb","Null","species_equal",0.37,0.27,0.47,0.05,1,"fixture_warning",TRUE,5,22
"Trachinotus_anak","joint_bb","Null","species_equal",0.37,0.27,0.47,0.05,1,"",TRUE,5,21
"Trachurus_japonicus","joint_bb","Null","species_equal",0.37,0.27,0.47,0.05,1,"",TRUE,5,20
"Trachurus_trachurus","joint_bb","Null","species_equal",0.37,0.27,0.47,0.05,1,"",TRUE,5,19
"Echeneis_naucrates","joint_bb","Null","species_equal",0.37,0.27,0.47,0.05,1,"",TRUE,5,18
"Paralichthys_olivaceus","joint_bb","Null","species_equal",0.37,0.27,0.47,0.05,1,"",TRUE,5,17
"Hippoglossus_hippoglossus","joint_bb","Null","species_equal",0.37,0.27,0.47,0.05,1,"",TRUE,5,16
"Hippoglossus_stenolepis","joint_bb","Null","species_equal",0.37,0.27,0.47,0.05,1,"fixture_warning",TRUE,5,15
"Limanda_limanda","joint_bb","Null","species_equal",0.37,0.27,0.47,0.05,1,"",TRUE,5,14
"Platichthys_flesus","joint_bb","Null","species_equal",0.37,0.27,0.47,0.05,1,"",TRUE,5,13
"Platichthys_stellatus","joint_bb","Null","species_equal",0.37,0.27,0.47,0.05,1,"",TRUE,5,12
"Pleuronectes_platessa","joint_bb","Null","species_equal",0.37,0.27,0.47,0.05,1,"",TRUE,5,11
"Scophthalmus_maximus","joint_bb","Null","species_equal",0.37,0.27,0.47,0.05,1,"",TRUE,5,10
"Microchirus_variegatus","joint_bb","Null","species_equal",0.37,0.27,0.47,0.05,1,"",TRUE,5,9
"Solea_senegalensis","joint_bb","Null","species_equal",0.37,0.27,0.47,0.05,1,"fixture_warning",TRUE,5,8
"Solea_solea","joint_bb","Null","species_equal",0.37,0.27,0.47,0.05,1,"",TRUE,5,7
"Parambassis_ranga","joint_bb","Null","species_equal",0.37,0.27,0.47,0.05,1,"",TRUE,5,6
"Brachyistius_frenatus","joint_bb","Null","species_equal",0.37,0.27,0.47,0.05,1,"",TRUE,5,5
"Embiotoca_jacksoni","joint_bb","Null","species_equal",0.37,0.27,0.47,0.05,1,"",TRUE,5,4
"Acanthochromis_polyacanthus","joint_bb","Null","species_equal",0.37,0.27,0.47,0.05,1,"",TRUE,5,3
"Amphiprion_ocellaris","joint_bb","Null","species_equal",0.37,0.27,0.47,0.05,1,"",TRUE,5,2
"Stegastes_partitus","joint_bb","Null","species_equal",0.37,0.27,0.47,0.05,1,"fixture_warning",TRUE,5,1
"Boleophthalmus_pectinirostris","joint_bb","M1","species_equal",0.44,0.34,0.54,0.05,1,"",TRUE,5,42
"Eucyclogobius_newberryi","joint_bb","M1","species_equal",0.44,0.34,0.54,0.05,1,"",TRUE,5,41
"Gobius_niger","joint_bb","M1","species_equal",0.44,0.34,0.54,0.05,1,"",TRUE,5,40
"Knipowitschia_caucasica","joint_bb","M1","species_equal",0.44,0.34,0.54,0.05,1,"",TRUE,5,39
"Mugilogobius_chulae","joint_bb","M1","species_equal",0.44,0.34,0.54,0.05,1,"",TRUE,5,38
"Periophthalmus_magnuspinnatus","joint_bb","M1","species_equal",0.44,0.34,0.54,0.05,1,"",TRUE,5,37
"Mastacembelus_armatus","joint_bb","M1","species_equal",0.44,0.34,0.54,0.05,1,"fixture_warning",TRUE,5,36
"Monopterus_albus","joint_bb","M1","species_equal",0.44,0.34,0.54,0.05,1,"",TRUE,5,35
"Anabas_testudineus","joint_bb","M1","species_equal",0.44,0.34,0.54,0.05,1,"",TRUE,5,34
"Channa_argus","joint_bb","M1","species_equal",0.44,0.34,0.54,0.05,1,"",TRUE,5,33
"Channa_striata","joint_bb","M1","species_equal",0.44,0.34,0.54,0.05,1,"",TRUE,5,32
"Betta_splendens","joint_bb","M1","species_equal",0.44,0.34,0.54,0.05,1,"",TRUE,5,31
"Trichopodus_trichopterus","joint_bb","M1","species_equal",0.44,0.34,0.54,0.05,1,"",TRUE,5,30
"Lates_calcarifer","joint_bb","M1","species_equal",0.44,0.34,0.54,0.05,1,"fixture_warning",TRUE,5,29
"Lates_japonicus","joint_bb","M1","species_equal",0.44,0.34,0.54,0.05,1,"",TRUE,5,28
"Eleutheronema_tetradactylum","joint_bb","M1","species_equal",0.44,0.34,0.54,0.05,1,"",TRUE,5,27
"Toxotes_jaculatrix","joint_bb","M1","species_equal",0.44,0.34,0.54,0.05,1,"",TRUE,5,26
"Xiphias_gladius","joint_bb","M1","species_equal",0.44,0.34,0.54,0.05,1,"",TRUE,5,25
"Caranx_melampygus","joint_bb","M1","species_equal",0.44,0.34,0.54,0.05,1,"",TRUE,5,24
"Seriola_dumerili","joint_bb","M1","species_equal",0.44,0.34,0.54,0.05,1,"",TRUE,5,23
"Seriola_lalandi","joint_bb","M1","species_equal",0.44,0.34,0.54,0.05,1,"fixture_warning",TRUE,5,22
"Trachinotus_anak","joint_bb","M1","species_equal",0.44,0.34,0.54,0.05,1,"",TRUE,5,21
"Trachurus_japonicus","joint_bb","M1","species_equal",0.44,0.34,0.54,0.05,1,"",TRUE,5,20
"Trachurus_trachurus","joint_bb","M1","species_equal",0.44,0.34,0.54,0.05,1,"",TRUE,5,19
"Echeneis_naucrates","joint_bb","M1","species_equal",0.44,0.34,0.54,0.05,1,"",TRUE,5,18
"Paralichthys_olivaceus","joint_bb","M1","species_equal",0.44,0.34,0.54,0.05,1,"",TRUE,5,17
"Hippoglossus_hippoglossus","joint_bb","M1","species_equal",0.44,0.34,0.54,0.05,1,"",TRUE,5,16
"Hippoglossus_stenolepis","joint_bb","M1","species_equal",0.44,0.34,0.54,0.05,1,"fixture_warning",TRUE,5,15
"Limanda_limanda","joint_bb","M1","species_equal",0.44,0.34,0.54,0.05,1,"",TRUE,5,14
"Platichthys_flesus","joint_bb","M1","species_equal",0.44,0.34,0.54,0.05,1,"",TRUE,5,13
"Platichthys_stellatus","joint_bb","M1","species_equal",0.44,0.34,0.54,0.05,1,"",TRUE,5,12
"Pleuronectes_platessa","joint_bb","M1","species_equal",0.44,0.34,0.54,0.05,1,"",TRUE,5,11
"Scophthalmus_maximus","joint_bb","M1","species_equal",0.44,0.34,0.54,0.05,1,"",TRUE,5,10
"Microchirus_variegatus","joint_bb","M1","species_equal",0.44,0.34,0.54,0.05,1,"",TRUE,5,9
"Solea_senegalensis","joint_bb","M1","species_equal",0.44,0.34,0.54,0.05,1,"fixture_warning",TRUE,5,8
"Solea_solea","joint_bb","M1","species_equal",0.44,0.34,0.54,0.05,1,"",TRUE,5,7
"Parambassis_ranga","joint_bb","M1","species_equal",0.44,0.34,0.54,0.05,1,"",TRUE,5,6
"Brachyistius_frenatus","joint_bb","M1","species_equal",0.44,0.34,0.54,0.05,1,"",TRUE,5,5
"Embiotoca_jacksoni","joint_bb","M1","species_equal",0.44,0.34,0.54,0.05,1,"",TRUE,5,4
"Acanthochromis_polyacanthus","joint_bb","M1","species_equal",0.44,0.34,0.54,0.05,1,"",TRUE,5,3
"Amphiprion_ocellaris","joint_bb","M1","species_equal",0.44,0.34,0.54,0.05,1,"",TRUE,5,2
"Stegastes_partitus","joint_bb","M1","species_equal",0.44,0.34,0.54,0.05,1,"fixture_warning",TRUE,5,1
"Boleophthalmus_pectinirostris","joint_bb","M2","species_equal",0.51,0.41,0.61,0.05,1,"",TRUE,5,42
"Eucyclogobius_newberryi","joint_bb","M2","species_equal",0.51,0.41,0.61,0.05,1,"",TRUE,5,41
"Gobius_niger","joint_bb","M2","species_equal",0.51,0.41,0.61,0.05,1,"",TRUE,5,40
"Knipowitschia_caucasica","joint_bb","M2","species_equal",0.51,0.41,0.61,0.05,1,"",TRUE,5,39
"Mugilogobius_chulae","joint_bb","M2","species_equal",0.51,0.41,0.61,0.05,1,"",TRUE,5,38
"Periophthalmus_magnuspinnatus","joint_bb","M2","species_equal",0.51,0.41,0.61,0.05,1,"",TRUE,5,37
"Mastacembelus_armatus","joint_bb","M2","species_equal",0.51,0.41,0.61,0.05,1,"fixture_warning",TRUE,5,36
"Monopterus_albus","joint_bb","M2","species_equal",0.51,0.41,0.61,0.05,1,"",TRUE,5,35
"Anabas_testudineus","joint_bb","M2","species_equal",0.51,0.41,0.61,0.05,1,"",TRUE,5,34
"Channa_argus","joint_bb","M2","species_equal",0.51,0.41,0.61,0.05,1,"",TRUE,5,33
"Channa_striata","joint_bb","M2","species_equal",0.51,0.41,0.61,0.05,1,"",TRUE,5,32
"Betta_splendens","joint_bb","M2","species_equal",0.51,0.41,0.61,0.05,1,"",TRUE,5,31
"Trichopodus_trichopterus","joint_bb","M2","species_equal",0.51,0.41,0.61,0.05,1,"",TRUE,5,30
"Lates_calcarifer","joint_bb","M2","species_equal",0.51,0.41,0.61,0.05,1,"fixture_warning",TRUE,5,29
"Lates_japonicus","joint_bb","M2","species_equal",0.51,0.41,0.61,0.05,1,"",TRUE,5,28
"Eleutheronema_tetradactylum","joint_bb","M2","species_equal",0.51,0.41,0.61,0.05,1,"",TRUE,5,27
"Toxotes_jaculatrix","joint_bb","M2","species_equal",0.51,0.41,0.61,0.05,1,"",TRUE,5,26
"Xiphias_gladius","joint_bb","M2","species_equal",0.51,0.41,0.61,0.05,1,"",TRUE,5,25
"Caranx_melampygus","joint_bb","M2","species_equal",0.51,0.41,0.61,0.05,1,"",TRUE,5,24
"Seriola_dumerili","joint_bb","M2","species_equal",0.51,0.41,0.61,0.05,1,"",TRUE,5,23
"Seriola_lalandi","joint_bb","M2","species_equal",0.51,0.41,0.61,0.05,1,"fixture_warning",TRUE,5,22
"Trachinotus_anak","joint_bb","M2","species_equal",0.51,0.41,0.61,0.05,1,"",TRUE,5,21
"Trachurus_japonicus","joint_bb","M2","species_equal",0.51,0.41,0.61,0.05,1,"",TRUE,5,20
"Trachurus_trachurus","joint_bb","M2","species_equal",0.51,0.41,0.61,0.05,1,"",TRUE,5,19
"Echeneis_naucrates","joint_bb","M2","species_equal",0.51,0.41,0.61,0.05,1,"",TRUE,5,18
"Paralichthys_olivaceus","joint_bb","M2","species_equal",0.51,0.41,0.61,0.05,1,"",TRUE,5,17
"Hippoglossus_hippoglossus","joint_bb","M2","species_equal",0.51,0.41,0.61,0.05,1,"",TRUE,5,16
"Hippoglossus_stenolepis","joint_bb","M2","species_equal",0.51,0.41,0.61,0.05,1,"fixture_warning",TRUE,5,15
"Limanda_limanda","joint_bb","M2","species_equal",0.51,0.41,0.61,0.05,1,"",TRUE,5,14
"Platichthys_flesus","joint_bb","M2","species_equal",0.51,0.41,0.61,0.05,1,"",TRUE,5,13
"Platichthys_stellatus","joint_bb","M2","species_equal",0.51,0.41,0.61,0.05,1,"",TRUE,5,12
"Pleuronectes_platessa","joint_bb","M2","species_equal",0.51,0.41,0.61,0.05,1,"",TRUE,5,11
"Scophthalmus_maximus","joint_bb","M2","species_equal",0.51,0.41,0.61,0.05,1,"",TRUE,5,10
"Microchirus_variegatus","joint_bb","M2","species_equal",0.51,0.41,0.61,0.05,1,"",TRUE,5,9
"Solea_senegalensis","joint_bb","M2","species_equal",0.51,0.41,0.61,0.05,1,"fixture_warning",TRUE,5,8
"Solea_solea","joint_bb","M2","species_equal",0.51,0.41,0.61,0.05,1,"",TRUE,5,7
"Parambassis_ranga","joint_bb","M2","species_equal",0.51,0.41,0.61,0.05,1,"",TRUE,5,6
"Brachyistius_frenatus","joint_bb","M2","species_equal",0.51,0.41,0.61,0.05,1,"",TRUE,5,5
"Embiotoca_jacksoni","joint_bb","M2","species_equal",0.51,0.41,0.61,0.05,1,"",TRUE,5,4
"Acanthochromis_polyacanthus","joint_bb","M2","species_equal",0.51,0.41,0.61,0.05,1,"",TRUE,5,3
"Amphiprion_ocellaris","joint_bb","M2","species_equal",0.51,0.41,0.61,0.05,1,"",TRUE,5,2
"Stegastes_partitus","joint_bb","M2","species_equal",0.51,0.41,0.61,0.05,1,"fixture_warning",TRUE,5,1
"Boleophthalmus_pectinirostris","joint_bb","M3","species_equal",0.58,0.48,0.68,0.05,1,"",TRUE,5,42
"Eucyclogobius_newberryi","joint_bb","M3","species_equal",0.58,0.48,0.68,0.05,1,"",TRUE,5,41
"Gobius_niger","joint_bb","M3","species_equal",0.58,0.48,0.68,0.05,1,"",TRUE,5,40
"Knipowitschia_caucasica","joint_bb","M3","species_equal",0.58,0.48,0.68,0.05,1,"",TRUE,5,39
"Mugilogobius_chulae","joint_bb","M3","species_equal",0.58,0.48,0.68,0.05,1,"",TRUE,5,38
"Periophthalmus_magnuspinnatus","joint_bb","M3","species_equal",0.58,0.48,0.68,0.05,1,"",TRUE,5,37
"Mastacembelus_armatus","joint_bb","M3","species_equal",0.58,0.48,0.68,0.05,1,"fixture_warning",TRUE,5,36
"Monopterus_albus","joint_bb","M3","species_equal",0.58,0.48,0.68,0.05,1,"",TRUE,5,35
"Anabas_testudineus","joint_bb","M3","species_equal",0.58,0.48,0.68,0.05,1,"",TRUE,5,34
"Channa_argus","joint_bb","M3","species_equal",0.58,0.48,0.68,0.05,1,"",TRUE,5,33
"Channa_striata","joint_bb","M3","species_equal",0.58,0.48,0.68,0.05,1,"",TRUE,5,32
"Betta_splendens","joint_bb","M3","species_equal",0.58,0.48,0.68,0.05,1,"",TRUE,5,31
"Trichopodus_trichopterus","joint_bb","M3","species_equal",0.58,0.48,0.68,0.05,1,"",TRUE,5,30
"Lates_calcarifer","joint_bb","M3","species_equal",0.58,0.48,0.68,0.05,1,"fixture_warning",TRUE,5,29
"Lates_japonicus","joint_bb","M3","species_equal",0.58,0.48,0.68,0.05,1,"",TRUE,5,28
"Eleutheronema_tetradactylum","joint_bb","M3","species_equal",0.58,0.48,0.68,0.05,1,"",TRUE,5,27
"Toxotes_jaculatrix","joint_bb","M3","species_equal",0.58,0.48,0.68,0.05,1,"",TRUE,5,26
"Xiphias_gladius","joint_bb","M3","species_equal",0.58,0.48,0.68,0.05,1,"",TRUE,5,25
"Caranx_melampygus","joint_bb","M3","species_equal",0.58,0.48,0.68,0.05,1,"",TRUE,5,24
"Seriola_dumerili","joint_bb","M3","species_equal",0.58,0.48,0.68,0.05,1,"",TRUE,5,23
"Seriola_lalandi","joint_bb","M3","species_equal",0.58,0.48,0.68,0.05,1,"fixture_warning",TRUE,5,22
"Trachinotus_anak","joint_bb","M3","species_equal",0.58,0.48,0.68,0.05,1,"",TRUE,5,21
"Trachurus_japonicus","joint_bb","M3","species_equal",0.58,0.48,0.68,0.05,1,"",TRUE,5,20
"Trachurus_trachurus","joint_bb","M3","species_equal",0.58,0.48,0.68,0.05,1,"",TRUE,5,19
"Echeneis_naucrates","joint_bb","M3","species_equal",0.58,0.48,0.68,0.05,1,"",TRUE,5,18
"Paralichthys_olivaceus","joint_bb","M3","species_equal",0.58,0.48,0.68,0.05,1,"",TRUE,5,17
"Hippoglossus_hippoglossus","joint_bb","M3","species_equal",0.58,0.48,0.68,0.05,1,"",TRUE,5,16
"Hippoglossus_stenolepis","joint_bb","M3","species_equal",0.58,0.48,0.68,0.05,1,"fixture_warning",TRUE,5,15
"Limanda_limanda","joint_bb","M3","species_equal",0.58,0.48,0.68,0.05,1,"",TRUE,5,14
"Platichthys_flesus","joint_bb","M3","species_equal",0.58,0.48,0.68,0.05,1,"",TRUE,5,13
"Platichthys_stellatus","joint_bb","M3","species_equal",0.58,0.48,0.68,0.05,1,"",TRUE,5,12
"Pleuronectes_platessa","joint_bb","M3","species_equal",0.58,0.48,0.68,0.05,1,"",TRUE,5,11
"Scophthalmus_maximus","joint_bb","M3","species_equal",0.58,0.48,0.68,0.05,1,"",TRUE,5,10
"Microchirus_variegatus","joint_bb","M3","species_equal",0.58,0.48,0.68,0.05,1,"",TRUE,5,9
"Solea_senegalensis","joint_bb","M3","species_equal",0.58,0.48,0.68,0.05,1,"fixture_warning",TRUE,5,8
"Solea_solea","joint_bb","M3","species_equal",0.58,0.48,0.68,0.05,1,"",TRUE,5,7
"Parambassis_ranga","joint_bb","M3","species_equal",0.58,0.48,0.68,0.05,1,"",TRUE,5,6
"Brachyistius_frenatus","joint_bb","M3","species_equal",0.58,0.48,0.68,0.05,1,"",TRUE,5,5
"Embiotoca_jacksoni","joint_bb","M3","species_equal",0.58,0.48,0.68,0.05,1,"",TRUE,5,4
"Acanthochromis_polyacanthus","joint_bb","M3","species_equal",0.58,0.48,0.68,0.05,1,"",TRUE,5,3
"Amphiprion_ocellaris","joint_bb","M3","species_equal",0.58,0.48,0.68,0.05,1,"",TRUE,5,2
"Stegastes_partitus","joint_bb","M3","species_equal",0.58,0.48,0.68,0.05,1,"fixture_warning",TRUE,5,1
"Andinoacara_rivulatus","joint_bb","Null","species_equal",0.37,0.27,0.47,0.05,1,"",TRUE,6,42
"Archocentrus_centrarchus","joint_bb","Null","species_equal",0.37,0.27,0.47,0.05,1,"",TRUE,6,41
"Astatotilapia_burtoni","joint_bb","Null","species_equal",0.37,0.27,0.47,0.05,1,"",TRUE,6,40
"Astatotilapia_calliptera","joint_bb","Null","species_equal",0.37,0.27,0.47,0.05,1,"",TRUE,6,39
"Astronotus_ocellatus","joint_bb","Null","species_equal",0.37,0.27,0.47,0.05,1,"",TRUE,6,38
"Aulonocara_stuartgranti","joint_bb","Null","species_equal",0.37,0.27,0.47,0.05,1,"",TRUE,6,37
"Copadichromis_virginalis","joint_bb","Null","species_equal",0.37,0.27,0.47,0.05,1,"fixture_warning",TRUE,6,36
"Diplotaxodon_limnothrissa","joint_bb","Null","species_equal",0.37,0.27,0.47,0.05,1,"",TRUE,6,35
"Haplochromis_nyererei","joint_bb","Null","species_equal",0.37,0.27,0.47,0.05,1,"",TRUE,6,34
"Maylandia_zebra","joint_bb","Null","species_equal",0.37,0.27,0.47,0.05,1,"",TRUE,6,33
"Mchenga_conophoros","joint_bb","Null","species_equal",0.37,0.27,0.47,0.05,1,"",TRUE,6,32
"Neolamprologus_brichardi","joint_bb","Null","species_equal",0.37,0.27,0.47,0.05,1,"",TRUE,6,31
"Neolamprologus_multifasciatus","joint_bb","Null","species_equal",0.37,0.27,0.47,0.05,1,"",TRUE,6,30
"Oreochromis_aureus","joint_bb","Null","species_equal",0.37,0.27,0.47,0.05,1,"fixture_warning",TRUE,6,29
"Oreochromis_niloticus","joint_bb","Null","species_equal",0.37,0.27,0.47,0.05,1,"",TRUE,6,28
"Pelmatolapia_mariae","joint_bb","Null","species_equal",0.37,0.27,0.47,0.05,1,"",TRUE,6,27
"Perissodus_microlepis","joint_bb","Null","species_equal",0.37,0.27,0.47,0.05,1,"",TRUE,6,26
"Pterophyllum_scalare","joint_bb","Null","species_equal",0.37,0.27,0.47,0.05,1,"",TRUE,6,25
"Rhamphochromis_longiceps","joint_bb","Null","species_equal",0.37,0.27,0.47,0.05,1,"",TRUE,6,24
"Sarotherodon_galilaeus","joint_bb","Null","species_equal",0.37,0.27,0.47,0.05,1,"",TRUE,6,23
"Simochromis_diagramma","joint_bb","Null","species_equal",0.37,0.27,0.47,0.05,1,"fixture_warning",TRUE,6,22
"Leuresthes_tenuis","joint_bb","Null","species_equal",0.37,0.27,0.47,0.05,1,"",TRUE,6,21
"Menidia_menidia","joint_bb","Null","species_equal",0.37,0.27,0.47,0.05,1,"",TRUE,6,20
"Odontesthes_bonariensis","joint_bb","Null","species_equal",0.37,0.27,0.47,0.05,1,"",TRUE,6,19
"Melanotaenia_boesemani","joint_bb","Null","species_equal",0.37,0.27,0.47,0.05,1,"",TRUE,6,18
"Telmatherina_bonti","joint_bb","Null","species_equal",0.37,0.27,0.47,0.05,1,"",TRUE,6,17
"Oryzias_javanicus","joint_bb","Null","species_equal",0.37,0.27,0.47,0.05,1,"",TRUE,6,16
"Oryzias_latipes","joint_bb","Null","species_equal",0.37,0.27,0.47,0.05,1,"fixture_warning",TRUE,6,15
"Oryzias_melastigma","joint_bb","Null","species_equal",0.37,0.27,0.47,0.05,1,"",TRUE,6,14
"Xenentodon_cancila","joint_bb","Null","species_equal",0.37,0.27,0.47,0.05,1,"",TRUE,6,13
"Cololabis_saira","joint_bb","Null","species_equal",0.37,0.27,0.47,0.05,1,"",TRUE,6,12
"Anableps_anableps","joint_bb","Null","species_equal",0.37,0.27,0.47,0.05,1,"",TRUE,6,11
"Cyprinodon_tularosa","joint_bb","Null","species_equal",0.37,0.27,0.47,0.05,1,"",TRUE,6,10
"Cyprinodon_variegatus","joint_bb","Null","species_equal",0.37,0.27,0.47,0.05,1,"",TRUE,6,9
"Fundulus_diaphanus","joint_bb","Null","species_equal",0.37,0.27,0.47,0.05,1,"fixture_warning",TRUE,6,8
"Fundulus_heteroclitus","joint_bb","Null","species_equal",0.37,0.27,0.47,0.05,1,"",TRUE,6,7
"Ameca_splendens","joint_bb","Null","species_equal",0.37,0.27,0.47,0.05,1,"",TRUE,6,6
"Crenichthys_baileyi","joint_bb","Null","species_equal",0.37,0.27,0.47,0.05,1,"",TRUE,6,5
"Girardinichthys_multiradiatus","joint_bb","Null","species_equal",0.37,0.27,0.47,0.05,1,"",TRUE,6,4
"Nothobranchius_furzeri","joint_bb","Null","species_equal",0.37,0.27,0.47,0.05,1,"",TRUE,6,3
"Nothobranchius_kadleci","joint_bb","Null","species_equal",0.37,0.27,0.47,0.05,1,"",TRUE,6,2
"Nothobranchius_pienaari","joint_bb","Null","species_equal",0.37,0.27,0.47,0.05,1,"fixture_warning",TRUE,6,1
"Andinoacara_rivulatus","joint_bb","M1","species_equal",0.44,0.34,0.54,0.05,1,"",TRUE,6,42
"Archocentrus_centrarchus","joint_bb","M1","species_equal",0.44,0.34,0.54,0.05,1,"",TRUE,6,41
"Astatotilapia_burtoni","joint_bb","M1","species_equal",0.44,0.34,0.54,0.05,1,"",TRUE,6,40
"Astatotilapia_calliptera","joint_bb","M1","species_equal",0.44,0.34,0.54,0.05,1,"",TRUE,6,39
"Astronotus_ocellatus","joint_bb","M1","species_equal",0.44,0.34,0.54,0.05,1,"",TRUE,6,38
"Aulonocara_stuartgranti","joint_bb","M1","species_equal",0.44,0.34,0.54,0.05,1,"",TRUE,6,37
"Copadichromis_virginalis","joint_bb","M1","species_equal",0.44,0.34,0.54,0.05,1,"fixture_warning",TRUE,6,36
"Diplotaxodon_limnothrissa","joint_bb","M1","species_equal",0.44,0.34,0.54,0.05,1,"",TRUE,6,35
"Haplochromis_nyererei","joint_bb","M1","species_equal",0.44,0.34,0.54,0.05,1,"",TRUE,6,34
"Maylandia_zebra","joint_bb","M1","species_equal",0.44,0.34,0.54,0.05,1,"",TRUE,6,33
"Mchenga_conophoros","joint_bb","M1","species_equal",0.44,0.34,0.54,0.05,1,"",TRUE,6,32
"Neolamprologus_brichardi","joint_bb","M1","species_equal",0.44,0.34,0.54,0.05,1,"",TRUE,6,31
"Neolamprologus_multifasciatus","joint_bb","M1","species_equal",0.44,0.34,0.54,0.05,1,"",TRUE,6,30
"Oreochromis_aureus","joint_bb","M1","species_equal",0.44,0.34,0.54,0.05,1,"fixture_warning",TRUE,6,29
"Oreochromis_niloticus","joint_bb","M1","species_equal",0.44,0.34,0.54,0.05,1,"",TRUE,6,28
"Pelmatolapia_mariae","joint_bb","M1","species_equal",0.44,0.34,0.54,0.05,1,"",TRUE,6,27
"Perissodus_microlepis","joint_bb","M1","species_equal",0.44,0.34,0.54,0.05,1,"",TRUE,6,26
"Pterophyllum_scalare","joint_bb","M1","species_equal",0.44,0.34,0.54,0.05,1,"",TRUE,6,25
"Rhamphochromis_longiceps","joint_bb","M1","species_equal",0.44,0.34,0.54,0.05,1,"",TRUE,6,24
"Sarotherodon_galilaeus","joint_bb","M1","species_equal",0.44,0.34,0.54,0.05,1,"",TRUE,6,23
"Simochromis_diagramma","joint_bb","M1","species_equal",0.44,0.34,0.54,0.05,1,"fixture_warning",TRUE,6,22
"Leuresthes_tenuis","joint_bb","M1","species_equal",0.44,0.34,0.54,0.05,1,"",TRUE,6,21
"Menidia_menidia","joint_bb","M1","species_equal",0.44,0.34,0.54,0.05,1,"",TRUE,6,20
"Odontesthes_bonariensis","joint_bb","M1","species_equal",0.44,0.34,0.54,0.05,1,"",TRUE,6,19
"Melanotaenia_boesemani","joint_bb","M1","species_equal",0.44,0.34,0.54,0.05,1,"",TRUE,6,18
"Telmatherina_bonti","joint_bb","M1","species_equal",0.44,0.34,0.54,0.05,1,"",TRUE,6,17
"Oryzias_javanicus","joint_bb","M1","species_equal",0.44,0.34,0.54,0.05,1,"",TRUE,6,16
"Oryzias_latipes","joint_bb","M1","species_equal",0.44,0.34,0.54,0.05,1,"fixture_warning",TRUE,6,15
"Oryzias_melastigma","joint_bb","M1","species_equal",0.44,0.34,0.54,0.05,1,"",TRUE,6,14
"Xenentodon_cancila","joint_bb","M1","species_equal",0.44,0.34,0.54,0.05,1,"",TRUE,6,13
"Cololabis_saira","joint_bb","M1","species_equal",0.44,0.34,0.54,0.05,1,"",TRUE,6,12
"Anableps_anableps","joint_bb","M1","species_equal",0.44,0.34,0.54,0.05,1,"",TRUE,6,11
"Cyprinodon_tularosa","joint_bb","M1","species_equal",0.44,0.34,0.54,0.05,1,"",TRUE,6,10
"Cyprinodon_variegatus","joint_bb","M1","species_equal",0.44,0.34,0.54,0.05,1,"",TRUE,6,9
"Fundulus_diaphanus","joint_bb","M1","species_equal",0.44,0.34,0.54,0.05,1,"fixture_warning",TRUE,6,8
"Fundulus_heteroclitus","joint_bb","M1","species_equal",0.44,0.34,0.54,0.05,1,"",TRUE,6,7
"Ameca_splendens","joint_bb","M1","species_equal",0.44,0.34,0.54,0.05,1,"",TRUE,6,6
"Crenichthys_baileyi","joint_bb","M1","species_equal",0.44,0.34,0.54,0.05,1,"",TRUE,6,5
"Girardinichthys_multiradiatus","joint_bb","M1","species_equal",0.44,0.34,0.54,0.05,1,"",TRUE,6,4
"Nothobranchius_furzeri","joint_bb","M1","species_equal",0.44,0.34,0.54,0.05,1,"",TRUE,6,3
"Nothobranchius_kadleci","joint_bb","M1","species_equal",0.44,0.34,0.54,0.05,1,"",TRUE,6,2
"Nothobranchius_pienaari","joint_bb","M1","species_equal",0.44,0.34,0.54,0.05,1,"fixture_warning",TRUE,6,1
"Andinoacara_rivulatus","joint_bb","M2","species_equal",0.51,0.41,0.61,0.05,1,"",TRUE,6,42
"Archocentrus_centrarchus","joint_bb","M2","species_equal",0.51,0.41,0.61,0.05,1,"",TRUE,6,41
"Astatotilapia_burtoni","joint_bb","M2","species_equal",0.51,0.41,0.61,0.05,1,"",TRUE,6,40
"Astatotilapia_calliptera","joint_bb","M2","species_equal",0.51,0.41,0.61,0.05,1,"",TRUE,6,39
"Astronotus_ocellatus","joint_bb","M2","species_equal",0.51,0.41,0.61,0.05,1,"",TRUE,6,38
"Aulonocara_stuartgranti","joint_bb","M2","species_equal",0.51,0.41,0.61,0.05,1,"",TRUE,6,37
"Copadichromis_virginalis","joint_bb","M2","species_equal",0.51,0.41,0.61,0.05,1,"fixture_warning",TRUE,6,36
"Diplotaxodon_limnothrissa","joint_bb","M2","species_equal",0.51,0.41,0.61,0.05,1,"",TRUE,6,35
"Haplochromis_nyererei","joint_bb","M2","species_equal",0.51,0.41,0.61,0.05,1,"",TRUE,6,34
"Maylandia_zebra","joint_bb","M2","species_equal",0.51,0.41,0.61,0.05,1,"",TRUE,6,33
"Mchenga_conophoros","joint_bb","M2","species_equal",0.51,0.41,0.61,0.05,1,"",TRUE,6,32
"Neolamprologus_brichardi","joint_bb","M2","species_equal",0.51,0.41,0.61,0.05,1,"",TRUE,6,31
"Neolamprologus_multifasciatus","joint_bb","M2","species_equal",0.51,0.41,0.61,0.05,1,"",TRUE,6,30
"Oreochromis_aureus","joint_bb","M2","species_equal",0.51,0.41,0.61,0.05,1,"fixture_warning",TRUE,6,29
"Oreochromis_niloticus","joint_bb","M2","species_equal",0.51,0.41,0.61,0.05,1,"",TRUE,6,28
"Pelmatolapia_mariae","joint_bb","M2","species_equal",0.51,0.41,0.61,0.05,1,"",TRUE,6,27
"Perissodus_microlepis","joint_bb","M2","species_equal",0.51,0.41,0.61,0.05,1,"",TRUE,6,26
"Pterophyllum_scalare","joint_bb","M2","species_equal",0.51,0.41,0.61,0.05,1,"",TRUE,6,25
"Rhamphochromis_longiceps","joint_bb","M2","species_equal",0.51,0.41,0.61,0.05,1,"",TRUE,6,24
"Sarotherodon_galilaeus","joint_bb","M2","species_equal",0.51,0.41,0.61,0.05,1,"",TRUE,6,23
"Simochromis_diagramma","joint_bb","M2","species_equal",0.51,0.41,0.61,0.05,1,"fixture_warning",TRUE,6,22
"Leuresthes_tenuis","joint_bb","M2","species_equal",0.51,0.41,0.61,0.05,1,"",TRUE,6,21
"Menidia_menidia","joint_bb","M2","species_equal",0.51,0.41,0.61,0.05,1,"",TRUE,6,20
"Odontesthes_bonariensis","joint_bb","M2","species_equal",0.51,0.41,0.61,0.05,1,"",TRUE,6,19
"Melanotaenia_boesemani","joint_bb","M2","species_equal",0.51,0.41,0.61,0.05,1,"",TRUE,6,18
"Telmatherina_bonti","joint_bb","M2","species_equal",0.51,0.41,0.61,0.05,1,"",TRUE,6,17
"Oryzias_javanicus","joint_bb","M2","species_equal",0.51,0.41,0.61,0.05,1,"",TRUE,6,16
"Oryzias_latipes","joint_bb","M2","species_equal",0.51,0.41,0.61,0.05,1,"fixture_warning",TRUE,6,15
"Oryzias_melastigma","joint_bb","M2","species_equal",0.51,0.41,0.61,0.05,1,"",TRUE,6,14
"Xenentodon_cancila","joint_bb","M2","species_equal",0.51,0.41,0.61,0.05,1,"",TRUE,6,13
"Cololabis_saira","joint_bb","M2","species_equal",0.51,0.41,0.61,0.05,1,"",TRUE,6,12
"Anableps_anableps","joint_bb","M2","species_equal",0.51,0.41,0.61,0.05,1,"",TRUE,6,11
"Cyprinodon_tularosa","joint_bb","M2","species_equal",0.51,0.41,0.61,0.05,1,"",TRUE,6,10
"Cyprinodon_variegatus","joint_bb","M2","species_equal",0.51,0.41,0.61,0.05,1,"",TRUE,6,9
"Fundulus_diaphanus","joint_bb","M2","species_equal",0.51,0.41,0.61,0.05,1,"fixture_warning",TRUE,6,8
"Fundulus_heteroclitus","joint_bb","M2","species_equal",0.51,0.41,0.61,0.05,1,"",TRUE,6,7
"Ameca_splendens","joint_bb","M2","species_equal",0.51,0.41,0.61,0.05,1,"",TRUE,6,6
"Crenichthys_baileyi","joint_bb","M2","species_equal",0.51,0.41,0.61,0.05,1,"",TRUE,6,5
"Girardinichthys_multiradiatus","joint_bb","M2","species_equal",0.51,0.41,0.61,0.05,1,"",TRUE,6,4
"Nothobranchius_furzeri","joint_bb","M2","species_equal",0.51,0.41,0.61,0.05,1,"",TRUE,6,3
"Nothobranchius_kadleci","joint_bb","M2","species_equal",0.51,0.41,0.61,0.05,1,"",TRUE,6,2
"Nothobranchius_pienaari","joint_bb","M2","species_equal",0.51,0.41,0.61,0.05,1,"fixture_warning",TRUE,6,1
"Andinoacara_rivulatus","joint_bb","M3","species_equal",0.58,0.48,0.68,0.05,1,"",TRUE,6,42
"Archocentrus_centrarchus","joint_bb","M3","species_equal",0.58,0.48,0.68,0.05,1,"",TRUE,6,41
"Astatotilapia_burtoni","joint_bb","M3","species_equal",0.58,0.48,0.68,0.05,1,"",TRUE,6,40
"Astatotilapia_calliptera","joint_bb","M3","species_equal",0.58,0.48,0.68,0.05,1,"",TRUE,6,39
"Astronotus_ocellatus","joint_bb","M3","species_equal",0.58,0.48,0.68,0.05,1,"",TRUE,6,38
"Aulonocara_stuartgranti","joint_bb","M3","species_equal",0.58,0.48,0.68,0.05,1,"",TRUE,6,37
"Copadichromis_virginalis","joint_bb","M3","species_equal",0.58,0.48,0.68,0.05,1,"fixture_warning",TRUE,6,36
"Diplotaxodon_limnothrissa","joint_bb","M3","species_equal",0.58,0.48,0.68,0.05,1,"",TRUE,6,35
"Haplochromis_nyererei","joint_bb","M3","species_equal",0.58,0.48,0.68,0.05,1,"",TRUE,6,34
"Maylandia_zebra","joint_bb","M3","species_equal",0.58,0.48,0.68,0.05,1,"",TRUE,6,33
"Mchenga_conophoros","joint_bb","M3","species_equal",0.58,0.48,0.68,0.05,1,"",TRUE,6,32
"Neolamprologus_brichardi","joint_bb","M3","species_equal",0.58,0.48,0.68,0.05,1,"",TRUE,6,31
"Neolamprologus_multifasciatus","joint_bb","M3","species_equal",0.58,0.48,0.68,0.05,1,"",TRUE,6,30
"Oreochromis_aureus","joint_bb","M3","species_equal",0.58,0.48,0.68,0.05,1,"fixture_warning",TRUE,6,29
"Oreochromis_niloticus","joint_bb","M3","species_equal",0.58,0.48,0.68,0.05,1,"",TRUE,6,28
"Pelmatolapia_mariae","joint_bb","M3","species_equal",0.58,0.48,0.68,0.05,1,"",TRUE,6,27
"Perissodus_microlepis","joint_bb","M3","species_equal",0.58,0.48,0.68,0.05,1,"",TRUE,6,26
"Pterophyllum_scalare","joint_bb","M3","species_equal",0.58,0.48,0.68,0.05,1,"",TRUE,6,25
"Rhamphochromis_longiceps","joint_bb","M3","species_equal",0.58,0.48,0.68,0.05,1,"",TRUE,6,24
"Sarotherodon_galilaeus","joint_bb","M3","species_equal",0.58,0.48,0.68,0.05,1,"",TRUE,6,23
"Simochromis_diagramma","joint_bb","M3","species_equal",0.58,0.48,0.68,0.05,1,"fixture_warning",TRUE,6,22
"Leuresthes_tenuis","joint_bb","M3","species_equal",0.58,0.48,0.68,0.05,1,"",TRUE,6,21
"Menidia_menidia","joint_bb","M3","species_equal",0.58,0.48,0.68,0.05,1,"",TRUE,6,20
"Odontesthes_bonariensis","joint_bb","M3","species_equal",0.58,0.48,0.68,0.05,1,"",TRUE,6,19
"Melanotaenia_boesemani","joint_bb","M3","species_equal",0.58,0.48,0.68,0.05,1,"",TRUE,6,18
"Telmatherina_bonti","joint_bb","M3","species_equal",0.58,0.48,0.68,0.05,1,"",TRUE,6,17
"Oryzias_javanicus","joint_bb","M3","species_equal",0.58,0.48,0.68,0.05,1,"",TRUE,6,16
"Oryzias_latipes","joint_bb","M3","species_equal",0.58,0.48,0.68,0.05,1,"fixture_warning",TRUE,6,15
"Oryzias_melastigma","joint_bb","M3","species_equal",0.58,0.48,0.68,0.05,1,"",TRUE,6,14
"Xenentodon_cancila","joint_bb","M3","species_equal",0.58,0.48,0.68,0.05,1,"",TRUE,6,13
"Cololabis_saira","joint_bb","M3","species_equal",0.58,0.48,0.68,0.05,1,"",TRUE,6,12
"Anableps_anableps","joint_bb","M3","species_equal",0.58,0.48,0.68,0.05,1,"",TRUE,6,11
"Cyprinodon_tularosa","joint_bb","M3","species_equal",0.58,0.48,0.68,0.05,1,"",TRUE,6,10
"Cyprinodon_variegatus","joint_bb","M3","species_equal",0.58,0.48,0.68,0.05,1,"",TRUE,6,9
"Fundulus_diaphanus","joint_bb","M3","species_equal",0.58,0.48,0.68,0.05,1,"fixture_warning",TRUE,6,8
"Fundulus_heteroclitus","joint_bb","M3","species_equal",0.58,0.48,0.68,0.05,1,"",TRUE,6,7
"Ameca_splendens","joint_bb","M3","species_equal",0.58,0.48,0.68,0.05,1,"",TRUE,6,6
"Crenichthys_baileyi","joint_bb","M3","species_equal",0.58,0.48,0.68,0.05,1,"",TRUE,6,5
"Girardinichthys_multiradiatus","joint_bb","M3","species_equal",0.58,0.48,0.68,0.05,1,"",TRUE,6,4
"Nothobranchius_furzeri","joint_bb","M3","species_equal",0.58,0.48,0.68,0.05,1,"",TRUE,6,3
"Nothobranchius_kadleci","joint_bb","M3","species_equal",0.58,0.48,0.68,0.05,1,"",TRUE,6,2
"Nothobranchius_pienaari","joint_bb","M3","species_equal",0.58,0.48,0.68,0.05,1,"fixture_warning",TRUE,6,1
"Nothobranchius_rachovii","joint_bb","Null","species_equal",0.37,0.27,0.47,0.05,1,"",TRUE,7,42
"Gambusia_affinis","joint_bb","Null","species_equal",0.37,0.27,0.47,0.05,1,"",TRUE,7,41
"Gambusia_holbrooki","joint_bb","Null","species_equal",0.37,0.27,0.47,0.05,1,"",TRUE,7,40
"Poecilia_formosa","joint_bb","Null","species_equal",0.37,0.27,0.47,0.05,1,"",TRUE,7,39
"Poecilia_latipinna","joint_bb","Null","species_equal",0.37,0.27,0.47,0.05,1,"",TRUE,7,38
"Poecilia_mexicana","joint_bb","Null","species_equal",0.37,0.27,0.47,0.05,1,"",TRUE,7,37
"Poecilia_reticulata","joint_bb","Null","species_equal",0.37,0.27,0.47,0.05,1,"fixture_warning",TRUE,7,36
"Poeciliopsis_prolifica","joint_bb","Null","species_equal",0.37,0.27,0.47,0.05,1,"",TRUE,7,35
"Poropanchax_normani","joint_bb","Null","species_equal",0.37,0.27,0.47,0.05,1,"",TRUE,7,34
"Xiphophorus_couchianus","joint_bb","Null","species_equal",0.37,0.27,0.47,0.05,1,"",TRUE,7,33
"Xiphophorus_hellerii","joint_bb","Null","species_equal",0.37,0.27,0.47,0.05,1,"",TRUE,7,32
"Xiphophorus_maculatus","joint_bb","Null","species_equal",0.37,0.27,0.47,0.05,1,"",TRUE,7,31
"Austrofundulus_limnaeus","joint_bb","Null","species_equal",0.37,0.27,0.47,0.05,1,"",TRUE,7,30
"Kryptolebias_marmoratus","joint_bb","Null","species_equal",0.37,0.27,0.47,0.05,1,"fixture_warning",TRUE,7,29
"Nematolebias_whitei","joint_bb","Null","species_equal",0.37,0.27,0.47,0.05,1,"",TRUE,7,28
"Chelon_labrosus","joint_bb","Null","species_equal",0.37,0.27,0.47,0.05,1,"",TRUE,7,27
"Mugil_cephalus","joint_bb","Null","species_equal",0.37,0.27,0.47,0.05,1,"",TRUE,7,26
"Planiliza_haematocheilus","joint_bb","Null","species_equal",0.37,0.27,0.47,0.05,1,"",TRUE,7,25
"Gouania_willdenowi","joint_bb","Null","species_equal",0.37,0.27,0.47,0.05,1,"",TRUE,7,24
"Blennius_ocellaris","joint_bb","Null","species_equal",0.37,0.27,0.47,0.05,1,"",TRUE,7,23
"Lipophrys_pholis","joint_bb","Null","species_equal",0.37,0.27,0.47,0.05,1,"fixture_warning",TRUE,7,22
"Ophioblennius_macclurei","joint_bb","Null","species_equal",0.37,0.27,0.47,0.05,1,"",TRUE,7,21
"Salarias_fasciatus","joint_bb","Null","species_equal",0.37,0.27,0.47,0.05,1,"",TRUE,7,20
"Cristiceps_australis","joint_bb","Null","species_equal",0.37,0.27,0.47,0.05,1,"",TRUE,7,19
"Dicentrarchus_labrax","joint_bb","Null","species_equal",0.37,0.27,0.47,0.05,1,"",TRUE,7,18
"Morone_saxatilis","joint_bb","Null","species_equal",0.37,0.27,0.47,0.05,1,"",TRUE,7,17
"Scatophagus_argus","joint_bb","Null","species_equal",0.37,0.27,0.47,0.05,1,"",TRUE,7,16
"Collichthys_lucidus","joint_bb","Null","species_equal",0.37,0.27,0.47,0.05,1,"fixture_warning",TRUE,7,15
"Larimichthys_crocea","joint_bb","Null","species_equal",0.37,0.27,0.47,0.05,1,"",TRUE,7,14
"Nibea_albiflora","joint_bb","Null","species_equal",0.37,0.27,0.47,0.05,1,"",TRUE,7,13
"Sciaenops_ocellatus","joint_bb","Null","species_equal",0.37,0.27,0.47,0.05,1,"",TRUE,7,12
"Siganus_canaliculatus","joint_bb","Null","species_equal",0.37,0.27,0.47,0.05,1,"",TRUE,7,11
"Ammodytes_marinus","joint_bb","Null","species_equal",0.37,0.27,0.47,0.05,1,"",TRUE,7,10
"Cheilinus_undulatus","joint_bb","Null","species_equal",0.37,0.27,0.47,0.05,1,"",TRUE,7,9
"Halichoeres_trimaculatus","joint_bb","Null","species_equal",0.37,0.27,0.47,0.05,1,"fixture_warning",TRUE,7,8
"Notolabrus_celidotus","joint_bb","Null","species_equal",0.37,0.27,0.47,0.05,1,"",TRUE,7,7
"Semicossyphus_pulcher","joint_bb","Null","species_equal",0.37,0.27,0.47,0.05,1,"",TRUE,7,6
"Thalassoma_bifasciatum","joint_bb","Null","species_equal",0.37,0.27,0.47,0.05,1,"",TRUE,7,5
"Xyrichtys_novacula","joint_bb","Null","species_equal",0.37,0.27,0.47,0.05,1,"",TRUE,7,4
"Platax_orbicularis","joint_bb","Null","species_equal",0.37,0.27,0.47,0.05,1,"",TRUE,7,3
"Chaetodon_auriga","joint_bb","Null","species_equal",0.37,0.27,0.47,0.05,1,"",TRUE,7,2
"Chaetodon_trifascialis","joint_bb","Null","species_equal",0.37,0.27,0.47,0.05,1,"fixture_warning",TRUE,7,1
"Nothobranchius_rachovii","joint_bb","M1","species_equal",0.44,0.34,0.54,0.05,1,"",TRUE,7,42
"Gambusia_affinis","joint_bb","M1","species_equal",0.44,0.34,0.54,0.05,1,"",TRUE,7,41
"Gambusia_holbrooki","joint_bb","M1","species_equal",0.44,0.34,0.54,0.05,1,"",TRUE,7,40
"Poecilia_formosa","joint_bb","M1","species_equal",0.44,0.34,0.54,0.05,1,"",TRUE,7,39
"Poecilia_latipinna","joint_bb","M1","species_equal",0.44,0.34,0.54,0.05,1,"",TRUE,7,38
"Poecilia_mexicana","joint_bb","M1","species_equal",0.44,0.34,0.54,0.05,1,"",TRUE,7,37
"Poecilia_reticulata","joint_bb","M1","species_equal",0.44,0.34,0.54,0.05,1,"fixture_warning",TRUE,7,36
"Poeciliopsis_prolifica","joint_bb","M1","species_equal",0.44,0.34,0.54,0.05,1,"",TRUE,7,35
"Poropanchax_normani","joint_bb","M1","species_equal",0.44,0.34,0.54,0.05,1,"",TRUE,7,34
"Xiphophorus_couchianus","joint_bb","M1","species_equal",0.44,0.34,0.54,0.05,1,"",TRUE,7,33
"Xiphophorus_hellerii","joint_bb","M1","species_equal",0.44,0.34,0.54,0.05,1,"",TRUE,7,32
"Xiphophorus_maculatus","joint_bb","M1","species_equal",0.44,0.34,0.54,0.05,1,"",TRUE,7,31
"Austrofundulus_limnaeus","joint_bb","M1","species_equal",0.44,0.34,0.54,0.05,1,"",TRUE,7,30
"Kryptolebias_marmoratus","joint_bb","M1","species_equal",0.44,0.34,0.54,0.05,1,"fixture_warning",TRUE,7,29
"Nematolebias_whitei","joint_bb","M1","species_equal",0.44,0.34,0.54,0.05,1,"",TRUE,7,28
"Chelon_labrosus","joint_bb","M1","species_equal",0.44,0.34,0.54,0.05,1,"",TRUE,7,27
"Mugil_cephalus","joint_bb","M1","species_equal",0.44,0.34,0.54,0.05,1,"",TRUE,7,26
"Planiliza_haematocheilus","joint_bb","M1","species_equal",0.44,0.34,0.54,0.05,1,"",TRUE,7,25
"Gouania_willdenowi","joint_bb","M1","species_equal",0.44,0.34,0.54,0.05,1,"",TRUE,7,24
"Blennius_ocellaris","joint_bb","M1","species_equal",0.44,0.34,0.54,0.05,1,"",TRUE,7,23
"Lipophrys_pholis","joint_bb","M1","species_equal",0.44,0.34,0.54,0.05,1,"fixture_warning",TRUE,7,22
"Ophioblennius_macclurei","joint_bb","M1","species_equal",0.44,0.34,0.54,0.05,1,"",TRUE,7,21
"Salarias_fasciatus","joint_bb","M1","species_equal",0.44,0.34,0.54,0.05,1,"",TRUE,7,20
"Cristiceps_australis","joint_bb","M1","species_equal",0.44,0.34,0.54,0.05,1,"",TRUE,7,19
"Dicentrarchus_labrax","joint_bb","M1","species_equal",0.44,0.34,0.54,0.05,1,"",TRUE,7,18
"Morone_saxatilis","joint_bb","M1","species_equal",0.44,0.34,0.54,0.05,1,"",TRUE,7,17
"Scatophagus_argus","joint_bb","M1","species_equal",0.44,0.34,0.54,0.05,1,"",TRUE,7,16
"Collichthys_lucidus","joint_bb","M1","species_equal",0.44,0.34,0.54,0.05,1,"fixture_warning",TRUE,7,15
"Larimichthys_crocea","joint_bb","M1","species_equal",0.44,0.34,0.54,0.05,1,"",TRUE,7,14
"Nibea_albiflora","joint_bb","M1","species_equal",0.44,0.34,0.54,0.05,1,"",TRUE,7,13
"Sciaenops_ocellatus","joint_bb","M1","species_equal",0.44,0.34,0.54,0.05,1,"",TRUE,7,12
"Siganus_canaliculatus","joint_bb","M1","species_equal",0.44,0.34,0.54,0.05,1,"",TRUE,7,11
"Ammodytes_marinus","joint_bb","M1","species_equal",0.44,0.34,0.54,0.05,1,"",TRUE,7,10
"Cheilinus_undulatus","joint_bb","M1","species_equal",0.44,0.34,0.54,0.05,1,"",TRUE,7,9
"Halichoeres_trimaculatus","joint_bb","M1","species_equal",0.44,0.34,0.54,0.05,1,"fixture_warning",TRUE,7,8
"Notolabrus_celidotus","joint_bb","M1","species_equal",0.44,0.34,0.54,0.05,1,"",TRUE,7,7
"Semicossyphus_pulcher","joint_bb","M1","species_equal",0.44,0.34,0.54,0.05,1,"",TRUE,7,6
"Thalassoma_bifasciatum","joint_bb","M1","species_equal",0.44,0.34,0.54,0.05,1,"",TRUE,7,5
"Xyrichtys_novacula","joint_bb","M1","species_equal",0.44,0.34,0.54,0.05,1,"",TRUE,7,4
"Platax_orbicularis","joint_bb","M1","species_equal",0.44,0.34,0.54,0.05,1,"",TRUE,7,3
"Chaetodon_auriga","joint_bb","M1","species_equal",0.44,0.34,0.54,0.05,1,"",TRUE,7,2
"Chaetodon_trifascialis","joint_bb","M1","species_equal",0.44,0.34,0.54,0.05,1,"fixture_warning",TRUE,7,1
"Nothobranchius_rachovii","joint_bb","M2","species_equal",0.51,0.41,0.61,0.05,1,"",TRUE,7,42
"Gambusia_affinis","joint_bb","M2","species_equal",0.51,0.41,0.61,0.05,1,"",TRUE,7,41
"Gambusia_holbrooki","joint_bb","M2","species_equal",0.51,0.41,0.61,0.05,1,"",TRUE,7,40
"Poecilia_formosa","joint_bb","M2","species_equal",0.51,0.41,0.61,0.05,1,"",TRUE,7,39
"Poecilia_latipinna","joint_bb","M2","species_equal",0.51,0.41,0.61,0.05,1,"",TRUE,7,38
"Poecilia_mexicana","joint_bb","M2","species_equal",0.51,0.41,0.61,0.05,1,"",TRUE,7,37
"Poecilia_reticulata","joint_bb","M2","species_equal",0.51,0.41,0.61,0.05,1,"fixture_warning",TRUE,7,36
"Poeciliopsis_prolifica","joint_bb","M2","species_equal",0.51,0.41,0.61,0.05,1,"",TRUE,7,35
"Poropanchax_normani","joint_bb","M2","species_equal",0.51,0.41,0.61,0.05,1,"",TRUE,7,34
"Xiphophorus_couchianus","joint_bb","M2","species_equal",0.51,0.41,0.61,0.05,1,"",TRUE,7,33
"Xiphophorus_hellerii","joint_bb","M2","species_equal",0.51,0.41,0.61,0.05,1,"",TRUE,7,32
"Xiphophorus_maculatus","joint_bb","M2","species_equal",0.51,0.41,0.61,0.05,1,"",TRUE,7,31
"Austrofundulus_limnaeus","joint_bb","M2","species_equal",0.51,0.41,0.61,0.05,1,"",TRUE,7,30
"Kryptolebias_marmoratus","joint_bb","M2","species_equal",0.51,0.41,0.61,0.05,1,"fixture_warning",TRUE,7,29
"Nematolebias_whitei","joint_bb","M2","species_equal",0.51,0.41,0.61,0.05,1,"",TRUE,7,28
"Chelon_labrosus","joint_bb","M2","species_equal",0.51,0.41,0.61,0.05,1,"",TRUE,7,27
"Mugil_cephalus","joint_bb","M2","species_equal",0.51,0.41,0.61,0.05,1,"",TRUE,7,26
"Planiliza_haematocheilus","joint_bb","M2","species_equal",0.51,0.41,0.61,0.05,1,"",TRUE,7,25
"Gouania_willdenowi","joint_bb","M2","species_equal",0.51,0.41,0.61,0.05,1,"",TRUE,7,24
"Blennius_ocellaris","joint_bb","M2","species_equal",0.51,0.41,0.61,0.05,1,"",TRUE,7,23
"Lipophrys_pholis","joint_bb","M2","species_equal",0.51,0.41,0.61,0.05,1,"fixture_warning",TRUE,7,22
"Ophioblennius_macclurei","joint_bb","M2","species_equal",0.51,0.41,0.61,0.05,1,"",TRUE,7,21
"Salarias_fasciatus","joint_bb","M2","species_equal",0.51,0.41,0.61,0.05,1,"",TRUE,7,20
"Cristiceps_australis","joint_bb","M2","species_equal",0.51,0.41,0.61,0.05,1,"",TRUE,7,19
"Dicentrarchus_labrax","joint_bb","M2","species_equal",0.51,0.41,0.61,0.05,1,"",TRUE,7,18
"Morone_saxatilis","joint_bb","M2","species_equal",0.51,0.41,0.61,0.05,1,"",TRUE,7,17
"Scatophagus_argus","joint_bb","M2","species_equal",0.51,0.41,0.61,0.05,1,"",TRUE,7,16
"Collichthys_lucidus","joint_bb","M2","species_equal",0.51,0.41,0.61,0.05,1,"fixture_warning",TRUE,7,15
"Larimichthys_crocea","joint_bb","M2","species_equal",0.51,0.41,0.61,0.05,1,"",TRUE,7,14
"Nibea_albiflora","joint_bb","M2","species_equal",0.51,0.41,0.61,0.05,1,"",TRUE,7,13
"Sciaenops_ocellatus","joint_bb","M2","species_equal",0.51,0.41,0.61,0.05,1,"",TRUE,7,12
"Siganus_canaliculatus","joint_bb","M2","species_equal",0.51,0.41,0.61,0.05,1,"",TRUE,7,11
"Ammodytes_marinus","joint_bb","M2","species_equal",0.51,0.41,0.61,0.05,1,"",TRUE,7,10
"Cheilinus_undulatus","joint_bb","M2","species_equal",0.51,0.41,0.61,0.05,1,"",TRUE,7,9
"Halichoeres_trimaculatus","joint_bb","M2","species_equal",0.51,0.41,0.61,0.05,1,"fixture_warning",TRUE,7,8
"Notolabrus_celidotus","joint_bb","M2","species_equal",0.51,0.41,0.61,0.05,1,"",TRUE,7,7
"Semicossyphus_pulcher","joint_bb","M2","species_equal",0.51,0.41,0.61,0.05,1,"",TRUE,7,6
"Thalassoma_bifasciatum","joint_bb","M2","species_equal",0.51,0.41,0.61,0.05,1,"",TRUE,7,5
"Xyrichtys_novacula","joint_bb","M2","species_equal",0.51,0.41,0.61,0.05,1,"",TRUE,7,4
"Platax_orbicularis","joint_bb","M2","species_equal",0.51,0.41,0.61,0.05,1,"",TRUE,7,3
"Chaetodon_auriga","joint_bb","M2","species_equal",0.51,0.41,0.61,0.05,1,"",TRUE,7,2
"Chaetodon_trifascialis","joint_bb","M2","species_equal",0.51,0.41,0.61,0.05,1,"fixture_warning",TRUE,7,1
"Nothobranchius_rachovii","joint_bb","M3","species_equal",0.58,0.48,0.68,0.05,1,"",TRUE,7,42
"Gambusia_affinis","joint_bb","M3","species_equal",0.58,0.48,0.68,0.05,1,"",TRUE,7,41
"Gambusia_holbrooki","joint_bb","M3","species_equal",0.58,0.48,0.68,0.05,1,"",TRUE,7,40
"Poecilia_formosa","joint_bb","M3","species_equal",0.58,0.48,0.68,0.05,1,"",TRUE,7,39
"Poecilia_latipinna","joint_bb","M3","species_equal",0.58,0.48,0.68,0.05,1,"",TRUE,7,38
"Poecilia_mexicana","joint_bb","M3","species_equal",0.58,0.48,0.68,0.05,1,"",TRUE,7,37
"Poecilia_reticulata","joint_bb","M3","species_equal",0.58,0.48,0.68,0.05,1,"fixture_warning",TRUE,7,36
"Poeciliopsis_prolifica","joint_bb","M3","species_equal",0.58,0.48,0.68,0.05,1,"",TRUE,7,35
"Poropanchax_normani","joint_bb","M3","species_equal",0.58,0.48,0.68,0.05,1,"",TRUE,7,34
"Xiphophorus_couchianus","joint_bb","M3","species_equal",0.58,0.48,0.68,0.05,1,"",TRUE,7,33
"Xiphophorus_hellerii","joint_bb","M3","species_equal",0.58,0.48,0.68,0.05,1,"",TRUE,7,32
"Xiphophorus_maculatus","joint_bb","M3","species_equal",0.58,0.48,0.68,0.05,1,"",TRUE,7,31
"Austrofundulus_limnaeus","joint_bb","M3","species_equal",0.58,0.48,0.68,0.05,1,"",TRUE,7,30
"Kryptolebias_marmoratus","joint_bb","M3","species_equal",0.58,0.48,0.68,0.05,1,"fixture_warning",TRUE,7,29
"Nematolebias_whitei","joint_bb","M3","species_equal",0.58,0.48,0.68,0.05,1,"",TRUE,7,28
"Chelon_labrosus","joint_bb","M3","species_equal",0.58,0.48,0.68,0.05,1,"",TRUE,7,27
"Mugil_cephalus","joint_bb","M3","species_equal",0.58,0.48,0.68,0.05,1,"",TRUE,7,26
"Planiliza_haematocheilus","joint_bb","M3","species_equal",0.58,0.48,0.68,0.05,1,"",TRUE,7,25
"Gouania_willdenowi","joint_bb","M3","species_equal",0.58,0.48,0.68,0.05,1,"",TRUE,7,24
"Blennius_ocellaris","joint_bb","M3","species_equal",0.58,0.48,0.68,0.05,1,"",TRUE,7,23
"Lipophrys_pholis","joint_bb","M3","species_equal",0.58,0.48,0.68,0.05,1,"fixture_warning",TRUE,7,22
"Ophioblennius_macclurei","joint_bb","M3","species_equal",0.58,0.48,0.68,0.05,1,"",TRUE,7,21
"Salarias_fasciatus","joint_bb","M3","species_equal",0.58,0.48,0.68,0.05,1,"",TRUE,7,20
"Cristiceps_australis","joint_bb","M3","species_equal",0.58,0.48,0.68,0.05,1,"",TRUE,7,19
"Dicentrarchus_labrax","joint_bb","M3","species_equal",0.58,0.48,0.68,0.05,1,"",TRUE,7,18
"Morone_saxatilis","joint_bb","M3","species_equal",0.58,0.48,0.68,0.05,1,"",TRUE,7,17
"Scatophagus_argus","joint_bb","M3","species_equal",0.58,0.48,0.68,0.05,1,"",TRUE,7,16
"Collichthys_lucidus","joint_bb","M3","species_equal",0.58,0.48,0.68,0.05,1,"fixture_warning",TRUE,7,15
"Larimichthys_crocea","joint_bb","M3","species_equal",0.58,0.48,0.68,0.05,1,"",TRUE,7,14
"Nibea_albiflora","joint_bb","M3","species_equal",0.58,0.48,0.68,0.05,1,"",TRUE,7,13
"Sciaenops_ocellatus","joint_bb","M3","species_equal",0.58,0.48,0.68,0.05,1,"",TRUE,7,12
"Siganus_canaliculatus","joint_bb","M3","species_equal",0.58,0.48,0.68,0.05,1,"",TRUE,7,11
"Ammodytes_marinus","joint_bb","M3","species_equal",0.58,0.48,0.68,0.05,1,"",TRUE,7,10
"Cheilinus_undulatus","joint_bb","M3","species_equal",0.58,0.48,0.68,0.05,1,"",TRUE,7,9
"Halichoeres_trimaculatus","joint_bb","M3","species_equal",0.58,0.48,0.68,0.05,1,"fixture_warning",TRUE,7,8
"Notolabrus_celidotus","joint_bb","M3","species_equal",0.58,0.48,0.68,0.05,1,"",TRUE,7,7
"Semicossyphus_pulcher","joint_bb","M3","species_equal",0.58,0.48,0.68,0.05,1,"",TRUE,7,6
"Thalassoma_bifasciatum","joint_bb","M3","species_equal",0.58,0.48,0.68,0.05,1,"",TRUE,7,5
"Xyrichtys_novacula","joint_bb","M3","species_equal",0.58,0.48,0.68,0.05,1,"",TRUE,7,4
"Platax_orbicularis","joint_bb","M3","species_equal",0.58,0.48,0.68,0.05,1,"",TRUE,7,3
"Chaetodon_auriga","joint_bb","M3","species_equal",0.58,0.48,0.68,0.05,1,"",TRUE,7,2
"Chaetodon_trifascialis","joint_bb","M3","species_equal",0.58,0.48,0.68,0.05,1,"fixture_warning",TRUE,7,1
"Chelmon_rostratus","joint_bb","Null","species_equal",0.37,0.27,0.47,0.05,1,"",TRUE,8,42
"Caesio_teres","joint_bb","Null","species_equal",0.37,0.27,0.47,0.05,1,"",TRUE,8,41
"Lutjanus_erythropterus","joint_bb","Null","species_equal",0.37,0.27,0.47,0.05,1,"",TRUE,8,40
"Pristipomoides_typus","joint_bb","Null","species_equal",0.37,0.27,0.47,0.05,1,"",TRUE,8,39
"Symphorus_nematophorus","joint_bb","Null","species_equal",0.37,0.27,0.47,0.05,1,"",TRUE,8,38
"Lethrinus_nebulosus","joint_bb","Null","species_equal",0.37,0.27,0.47,0.05,1,"",TRUE,8,37
"Acanthopagrus_latus","joint_bb","Null","species_equal",0.37,0.27,0.47,0.05,1,"fixture_warning",TRUE,8,36
"Acanthopagrus_schlegelii","joint_bb","Null","species_equal",0.37,0.27,0.47,0.05,1,"",TRUE,8,35
"Pagrus_major","joint_bb","Null","species_equal",0.37,0.27,0.47,0.05,1,"",TRUE,8,34
"Pagrus_pagrus","joint_bb","Null","species_equal",0.37,0.27,0.47,0.05,1,"",TRUE,8,33
"Rhabdosargus_sarba","joint_bb","Null","species_equal",0.37,0.27,0.47,0.05,1,"",TRUE,8,32
"Sparus_aurata","joint_bb","Null","species_equal",0.37,0.27,0.47,0.05,1,"",TRUE,8,31
"Nelusetta_ayraud","joint_bb","Null","species_equal",0.37,0.27,0.47,0.05,1,"",TRUE,8,30
"Lateolabrax_japonicus","joint_bb","Null","species_equal",0.37,0.27,0.47,0.05,1,"fixture_warning",TRUE,8,29
"Lateolabrax_maculatus","joint_bb","Null","species_equal",0.37,0.27,0.47,0.05,1,"",TRUE,8,28
"Pempheris_klunzingeri","joint_bb","Null","species_equal",0.37,0.27,0.47,0.05,1,"",TRUE,8,27
"Micropterus_dolomieu","joint_bb","Null","species_equal",0.37,0.27,0.47,0.05,1,"",TRUE,8,26
"Micropterus_salmoides","joint_bb","Null","species_equal",0.37,0.27,0.47,0.05,1,"",TRUE,8,25
"Enoplosus_armatus","joint_bb","Null","species_equal",0.37,0.27,0.47,0.05,1,"",TRUE,8,24
"Oplegnathus_fasciatus","joint_bb","Null","species_equal",0.37,0.27,0.47,0.05,1,"",TRUE,8,23
"Oplegnathus_punctatus","joint_bb","Null","species_equal",0.37,0.27,0.47,0.05,1,"fixture_warning",TRUE,8,22
"Maccullochella_peelii","joint_bb","Null","species_equal",0.37,0.27,0.47,0.05,1,"",TRUE,8,21
"Siniperca_chuatsi","joint_bb","Null","species_equal",0.37,0.27,0.47,0.05,1,"",TRUE,8,20
"Siniperca_scherzeri","joint_bb","Null","species_equal",0.37,0.27,0.47,0.05,1,"",TRUE,8,19
"Scortum_barcoo","joint_bb","Null","species_equal",0.37,0.27,0.47,0.05,1,"",TRUE,8,18
"Anarhichas_minor","joint_bb","Null","species_equal",0.37,0.27,0.47,0.05,1,"",TRUE,8,17
"Anarrhichthys_ocellatus","joint_bb","Null","species_equal",0.37,0.27,0.47,0.05,1,"",TRUE,8,16
"Anoplopoma_fimbria","joint_bb","Null","species_equal",0.37,0.27,0.47,0.05,1,"fixture_warning",TRUE,8,15
"Pogonophryne_albipinna","joint_bb","Null","species_equal",0.37,0.27,0.47,0.05,1,"",TRUE,8,14
"Gymnodraco_acuticeps","joint_bb","Null","species_equal",0.37,0.27,0.47,0.05,1,"",TRUE,8,13
"Cottoperca_gobio","joint_bb","Null","species_equal",0.37,0.27,0.47,0.05,1,"",TRUE,8,12
"Cebidichthys_violaceus","joint_bb","Null","species_equal",0.37,0.27,0.47,0.05,1,"",TRUE,8,11
"Chaenocephalus_aceratus","joint_bb","Null","species_equal",0.37,0.27,0.47,0.05,1,"",TRUE,8,10
"Champsocephalus_esox","joint_bb","Null","species_equal",0.37,0.27,0.47,0.05,1,"",TRUE,8,9
"Champsocephalus_gunnari","joint_bb","Null","species_equal",0.37,0.27,0.47,0.05,1,"fixture_warning",TRUE,8,8
"Pseudochaenichthys_georgianus","joint_bb","Null","species_equal",0.37,0.27,0.47,0.05,1,"",TRUE,8,7
"Clinocottus_analis","joint_bb","Null","species_equal",0.37,0.27,0.47,0.05,1,"",TRUE,8,6
"Taurulus_bubalis","joint_bb","Null","species_equal",0.37,0.27,0.47,0.05,1,"",TRUE,8,5
"Cyclopterus_lumpus","joint_bb","Null","species_equal",0.37,0.27,0.47,0.05,1,"",TRUE,8,4
"Eleginops_maclovinus","joint_bb","Null","species_equal",0.37,0.27,0.47,0.05,1,"",TRUE,8,3
"Cromileptes_altivelis","joint_bb","Null","species_equal",0.37,0.27,0.47,0.05,1,"",TRUE,8,2
"Epinephelus_bruneus","joint_bb","Null","species_equal",0.37,0.27,0.47,0.05,1,"fixture_warning",TRUE,8,1
"Chelmon_rostratus","joint_bb","M1","species_equal",0.44,0.34,0.54,0.05,1,"",TRUE,8,42
"Caesio_teres","joint_bb","M1","species_equal",0.44,0.34,0.54,0.05,1,"",TRUE,8,41
"Lutjanus_erythropterus","joint_bb","M1","species_equal",0.44,0.34,0.54,0.05,1,"",TRUE,8,40
"Pristipomoides_typus","joint_bb","M1","species_equal",0.44,0.34,0.54,0.05,1,"",TRUE,8,39
"Symphorus_nematophorus","joint_bb","M1","species_equal",0.44,0.34,0.54,0.05,1,"",TRUE,8,38
"Lethrinus_nebulosus","joint_bb","M1","species_equal",0.44,0.34,0.54,0.05,1,"",TRUE,8,37
"Acanthopagrus_latus","joint_bb","M1","species_equal",0.44,0.34,0.54,0.05,1,"fixture_warning",TRUE,8,36
"Acanthopagrus_schlegelii","joint_bb","M1","species_equal",0.44,0.34,0.54,0.05,1,"",TRUE,8,35
"Pagrus_major","joint_bb","M1","species_equal",0.44,0.34,0.54,0.05,1,"",TRUE,8,34
"Pagrus_pagrus","joint_bb","M1","species_equal",0.44,0.34,0.54,0.05,1,"",TRUE,8,33
"Rhabdosargus_sarba","joint_bb","M1","species_equal",0.44,0.34,0.54,0.05,1,"",TRUE,8,32
"Sparus_aurata","joint_bb","M1","species_equal",0.44,0.34,0.54,0.05,1,"",TRUE,8,31
"Nelusetta_ayraud","joint_bb","M1","species_equal",0.44,0.34,0.54,0.05,1,"",TRUE,8,30
"Lateolabrax_japonicus","joint_bb","M1","species_equal",0.44,0.34,0.54,0.05,1,"fixture_warning",TRUE,8,29
"Lateolabrax_maculatus","joint_bb","M1","species_equal",0.44,0.34,0.54,0.05,1,"",TRUE,8,28
"Pempheris_klunzingeri","joint_bb","M1","species_equal",0.44,0.34,0.54,0.05,1,"",TRUE,8,27
"Micropterus_dolomieu","joint_bb","M1","species_equal",0.44,0.34,0.54,0.05,1,"",TRUE,8,26
"Micropterus_salmoides","joint_bb","M1","species_equal",0.44,0.34,0.54,0.05,1,"",TRUE,8,25
"Enoplosus_armatus","joint_bb","M1","species_equal",0.44,0.34,0.54,0.05,1,"",TRUE,8,24
"Oplegnathus_fasciatus","joint_bb","M1","species_equal",0.44,0.34,0.54,0.05,1,"",TRUE,8,23
"Oplegnathus_punctatus","joint_bb","M1","species_equal",0.44,0.34,0.54,0.05,1,"fixture_warning",TRUE,8,22
"Maccullochella_peelii","joint_bb","M1","species_equal",0.44,0.34,0.54,0.05,1,"",TRUE,8,21
"Siniperca_chuatsi","joint_bb","M1","species_equal",0.44,0.34,0.54,0.05,1,"",TRUE,8,20
"Siniperca_scherzeri","joint_bb","M1","species_equal",0.44,0.34,0.54,0.05,1,"",TRUE,8,19
"Scortum_barcoo","joint_bb","M1","species_equal",0.44,0.34,0.54,0.05,1,"",TRUE,8,18
"Anarhichas_minor","joint_bb","M1","species_equal",0.44,0.34,0.54,0.05,1,"",TRUE,8,17
"Anarrhichthys_ocellatus","joint_bb","M1","species_equal",0.44,0.34,0.54,0.05,1,"",TRUE,8,16
"Anoplopoma_fimbria","joint_bb","M1","species_equal",0.44,0.34,0.54,0.05,1,"fixture_warning",TRUE,8,15
"Pogonophryne_albipinna","joint_bb","M1","species_equal",0.44,0.34,0.54,0.05,1,"",TRUE,8,14
"Gymnodraco_acuticeps","joint_bb","M1","species_equal",0.44,0.34,0.54,0.05,1,"",TRUE,8,13
"Cottoperca_gobio","joint_bb","M1","species_equal",0.44,0.34,0.54,0.05,1,"",TRUE,8,12
"Cebidichthys_violaceus","joint_bb","M1","species_equal",0.44,0.34,0.54,0.05,1,"",TRUE,8,11
"Chaenocephalus_aceratus","joint_bb","M1","species_equal",0.44,0.34,0.54,0.05,1,"",TRUE,8,10
"Champsocephalus_esox","joint_bb","M1","species_equal",0.44,0.34,0.54,0.05,1,"",TRUE,8,9
"Champsocephalus_gunnari","joint_bb","M1","species_equal",0.44,0.34,0.54,0.05,1,"fixture_warning",TRUE,8,8
"Pseudochaenichthys_georgianus","joint_bb","M1","species_equal",0.44,0.34,0.54,0.05,1,"",TRUE,8,7
"Clinocottus_analis","joint_bb","M1","species_equal",0.44,0.34,0.54,0.05,1,"",TRUE,8,6
"Taurulus_bubalis","joint_bb","M1","species_equal",0.44,0.34,0.54,0.05,1,"",TRUE,8,5
"Cyclopterus_lumpus","joint_bb","M1","species_equal",0.44,0.34,0.54,0.05,1,"",TRUE,8,4
"Eleginops_maclovinus","joint_bb","M1","species_equal",0.44,0.34,0.54,0.05,1,"",TRUE,8,3
"Cromileptes_altivelis","joint_bb","M1","species_equal",0.44,0.34,0.54,0.05,1,"",TRUE,8,2
"Epinephelus_bruneus","joint_bb","M1","species_equal",0.44,0.34,0.54,0.05,1,"fixture_warning",TRUE,8,1
"Chelmon_rostratus","joint_bb","M2","species_equal",0.51,0.41,0.61,0.05,1,"",TRUE,8,42
"Caesio_teres","joint_bb","M2","species_equal",0.51,0.41,0.61,0.05,1,"",TRUE,8,41
"Lutjanus_erythropterus","joint_bb","M2","species_equal",0.51,0.41,0.61,0.05,1,"",TRUE,8,40
"Pristipomoides_typus","joint_bb","M2","species_equal",0.51,0.41,0.61,0.05,1,"",TRUE,8,39
"Symphorus_nematophorus","joint_bb","M2","species_equal",0.51,0.41,0.61,0.05,1,"",TRUE,8,38
"Lethrinus_nebulosus","joint_bb","M2","species_equal",0.51,0.41,0.61,0.05,1,"",TRUE,8,37
"Acanthopagrus_latus","joint_bb","M2","species_equal",0.51,0.41,0.61,0.05,1,"fixture_warning",TRUE,8,36
"Acanthopagrus_schlegelii","joint_bb","M2","species_equal",0.51,0.41,0.61,0.05,1,"",TRUE,8,35
"Pagrus_major","joint_bb","M2","species_equal",0.51,0.41,0.61,0.05,1,"",TRUE,8,34
"Pagrus_pagrus","joint_bb","M2","species_equal",0.51,0.41,0.61,0.05,1,"",TRUE,8,33
"Rhabdosargus_sarba","joint_bb","M2","species_equal",0.51,0.41,0.61,0.05,1,"",TRUE,8,32
"Sparus_aurata","joint_bb","M2","species_equal",0.51,0.41,0.61,0.05,1,"",TRUE,8,31
"Nelusetta_ayraud","joint_bb","M2","species_equal",0.51,0.41,0.61,0.05,1,"",TRUE,8,30
"Lateolabrax_japonicus","joint_bb","M2","species_equal",0.51,0.41,0.61,0.05,1,"fixture_warning",TRUE,8,29
"Lateolabrax_maculatus","joint_bb","M2","species_equal",0.51,0.41,0.61,0.05,1,"",TRUE,8,28
"Pempheris_klunzingeri","joint_bb","M2","species_equal",0.51,0.41,0.61,0.05,1,"",TRUE,8,27
"Micropterus_dolomieu","joint_bb","M2","species_equal",0.51,0.41,0.61,0.05,1,"",TRUE,8,26
"Micropterus_salmoides","joint_bb","M2","species_equal",0.51,0.41,0.61,0.05,1,"",TRUE,8,25
"Enoplosus_armatus","joint_bb","M2","species_equal",0.51,0.41,0.61,0.05,1,"",TRUE,8,24
"Oplegnathus_fasciatus","joint_bb","M2","species_equal",0.51,0.41,0.61,0.05,1,"",TRUE,8,23
"Oplegnathus_punctatus","joint_bb","M2","species_equal",0.51,0.41,0.61,0.05,1,"fixture_warning",TRUE,8,22
"Maccullochella_peelii","joint_bb","M2","species_equal",0.51,0.41,0.61,0.05,1,"",TRUE,8,21
"Siniperca_chuatsi","joint_bb","M2","species_equal",0.51,0.41,0.61,0.05,1,"",TRUE,8,20
"Siniperca_scherzeri","joint_bb","M2","species_equal",0.51,0.41,0.61,0.05,1,"",TRUE,8,19
"Scortum_barcoo","joint_bb","M2","species_equal",0.51,0.41,0.61,0.05,1,"",TRUE,8,18
"Anarhichas_minor","joint_bb","M2","species_equal",0.51,0.41,0.61,0.05,1,"",TRUE,8,17
"Anarrhichthys_ocellatus","joint_bb","M2","species_equal",0.51,0.41,0.61,0.05,1,"",TRUE,8,16
"Anoplopoma_fimbria","joint_bb","M2","species_equal",0.51,0.41,0.61,0.05,1,"fixture_warning",TRUE,8,15
"Pogonophryne_albipinna","joint_bb","M2","species_equal",0.51,0.41,0.61,0.05,1,"",TRUE,8,14
"Gymnodraco_acuticeps","joint_bb","M2","species_equal",0.51,0.41,0.61,0.05,1,"",TRUE,8,13
"Cottoperca_gobio","joint_bb","M2","species_equal",0.51,0.41,0.61,0.05,1,"",TRUE,8,12
"Cebidichthys_violaceus","joint_bb","M2","species_equal",0.51,0.41,0.61,0.05,1,"",TRUE,8,11
"Chaenocephalus_aceratus","joint_bb","M2","species_equal",0.51,0.41,0.61,0.05,1,"",TRUE,8,10
"Champsocephalus_esox","joint_bb","M2","species_equal",0.51,0.41,0.61,0.05,1,"",TRUE,8,9
"Champsocephalus_gunnari","joint_bb","M2","species_equal",0.51,0.41,0.61,0.05,1,"fixture_warning",TRUE,8,8
"Pseudochaenichthys_georgianus","joint_bb","M2","species_equal",0.51,0.41,0.61,0.05,1,"",TRUE,8,7
"Clinocottus_analis","joint_bb","M2","species_equal",0.51,0.41,0.61,0.05,1,"",TRUE,8,6
"Taurulus_bubalis","joint_bb","M2","species_equal",0.51,0.41,0.61,0.05,1,"",TRUE,8,5
"Cyclopterus_lumpus","joint_bb","M2","species_equal",0.51,0.41,0.61,0.05,1,"",TRUE,8,4
"Eleginops_maclovinus","joint_bb","M2","species_equal",0.51,0.41,0.61,0.05,1,"",TRUE,8,3
"Cromileptes_altivelis","joint_bb","M2","species_equal",0.51,0.41,0.61,0.05,1,"",TRUE,8,2
"Epinephelus_bruneus","joint_bb","M2","species_equal",0.51,0.41,0.61,0.05,1,"fixture_warning",TRUE,8,1
"Chelmon_rostratus","joint_bb","M3","species_equal",0.58,0.48,0.68,0.05,1,"",TRUE,8,42
"Caesio_teres","joint_bb","M3","species_equal",0.58,0.48,0.68,0.05,1,"",TRUE,8,41
"Lutjanus_erythropterus","joint_bb","M3","species_equal",0.58,0.48,0.68,0.05,1,"",TRUE,8,40
"Pristipomoides_typus","joint_bb","M3","species_equal",0.58,0.48,0.68,0.05,1,"",TRUE,8,39
"Symphorus_nematophorus","joint_bb","M3","species_equal",0.58,0.48,0.68,0.05,1,"",TRUE,8,38
"Lethrinus_nebulosus","joint_bb","M3","species_equal",0.58,0.48,0.68,0.05,1,"",TRUE,8,37
"Acanthopagrus_latus","joint_bb","M3","species_equal",0.58,0.48,0.68,0.05,1,"fixture_warning",TRUE,8,36
"Acanthopagrus_schlegelii","joint_bb","M3","species_equal",0.58,0.48,0.68,0.05,1,"",TRUE,8,35
"Pagrus_major","joint_bb","M3","species_equal",0.58,0.48,0.68,0.05,1,"",TRUE,8,34
"Pagrus_pagrus","joint_bb","M3","species_equal",0.58,0.48,0.68,0.05,1,"",TRUE,8,33
"Rhabdosargus_sarba","joint_bb","M3","species_equal",0.58,0.48,0.68,0.05,1,"",TRUE,8,32
"Sparus_aurata","joint_bb","M3","species_equal",0.58,0.48,0.68,0.05,1,"",TRUE,8,31
"Nelusetta_ayraud","joint_bb","M3","species_equal",0.58,0.48,0.68,0.05,1,"",TRUE,8,30
"Lateolabrax_japonicus","joint_bb","M3","species_equal",0.58,0.48,0.68,0.05,1,"fixture_warning",TRUE,8,29
"Lateolabrax_maculatus","joint_bb","M3","species_equal",0.58,0.48,0.68,0.05,1,"",TRUE,8,28
"Pempheris_klunzingeri","joint_bb","M3","species_equal",0.58,0.48,0.68,0.05,1,"",TRUE,8,27
"Micropterus_dolomieu","joint_bb","M3","species_equal",0.58,0.48,0.68,0.05,1,"",TRUE,8,26
"Micropterus_salmoides","joint_bb","M3","species_equal",0.58,0.48,0.68,0.05,1,"",TRUE,8,25
"Enoplosus_armatus","joint_bb","M3","species_equal",0.58,0.48,0.68,0.05,1,"",TRUE,8,24
"Oplegnathus_fasciatus","joint_bb","M3","species_equal",0.58,0.48,0.68,0.05,1,"",TRUE,8,23
"Oplegnathus_punctatus","joint_bb","M3","species_equal",0.58,0.48,0.68,0.05,1,"fixture_warning",TRUE,8,22
"Maccullochella_peelii","joint_bb","M3","species_equal",0.58,0.48,0.68,0.05,1,"",TRUE,8,21
"Siniperca_chuatsi","joint_bb","M3","species_equal",0.58,0.48,0.68,0.05,1,"",TRUE,8,20
"Siniperca_scherzeri","joint_bb","M3","species_equal",0.58,0.48,0.68,0.05,1,"",TRUE,8,19
"Scortum_barcoo","joint_bb","M3","species_equal",0.58,0.48,0.68,0.05,1,"",TRUE,8,18
"Anarhichas_minor","joint_bb","M3","species_equal",0.58,0.48,0.68,0.05,1,"",TRUE,8,17
"Anarrhichthys_ocellatus","joint_bb","M3","species_equal",0.58,0.48,0.68,0.05,1,"",TRUE,8,16
"Anoplopoma_fimbria","joint_bb","M3","species_equal",0.58,0.48,0.68,0.05,1,"fixture_warning",TRUE,8,15
"Pogonophryne_albipinna","joint_bb","M3","species_equal",0.58,0.48,0.68,0.05,1,"",TRUE,8,14
"Gymnodraco_acuticeps","joint_bb","M3","species_equal",0.58,0.48,0.68,0.05,1,"",TRUE,8,13
"Cottoperca_gobio","joint_bb","M3","species_equal",0.58,0.48,0.68,0.05,1,"",TRUE,8,12
"Cebidichthys_violaceus","joint_bb","M3","species_equal",0.58,0.48,0.68,0.05,1,"",TRUE,8,11
"Chaenocephalus_aceratus","joint_bb","M3","species_equal",0.58,0.48,0.68,0.05,1,"",TRUE,8,10
"Champsocephalus_esox","joint_bb","M3","species_equal",0.58,0.48,0.68,0.05,1,"",TRUE,8,9
"Champsocephalus_gunnari","joint_bb","M3","species_equal",0.58,0.48,0.68,0.05,1,"fixture_warning",TRUE,8,8
"Pseudochaenichthys_georgianus","joint_bb","M3","species_equal",0.58,0.48,0.68,0.05,1,"",TRUE,8,7
"Clinocottus_analis","joint_bb","M3","species_equal",0.58,0.48,0.68,0.05,1,"",TRUE,8,6
"Taurulus_bubalis","joint_bb","M3","species_equal",0.58,0.48,0.68,0.05,1,"",TRUE,8,5
"Cyclopterus_lumpus","joint_bb","M3","species_equal",0.58,0.48,0.68,0.05,1,"",TRUE,8,4
"Eleginops_maclovinus","joint_bb","M3","species_equal",0.58,0.48,0.68,0.05,1,"",TRUE,8,3
"Cromileptes_altivelis","joint_bb","M3","species_equal",0.58,0.48,0.68,0.05,1,"",TRUE,8,2
"Epinephelus_bruneus","joint_bb","M3","species_equal",0.58,0.48,0.68,0.05,1,"fixture_warning",TRUE,8,1
"Epinephelus_coioides","joint_bb","Null","species_equal",0.37,0.27,0.47,0.05,1,"",TRUE,9,29
"Epinephelus_fuscoguttatus","joint_bb","Null","species_equal",0.37,0.27,0.47,0.05,1,"",TRUE,9,28
"Epinephelus_lanceolatus","joint_bb","Null","species_equal",0.37,0.27,0.47,0.05,1,"",TRUE,9,27
"Epinephelus_malabaricus","joint_bb","Null","species_equal",0.37,0.27,0.47,0.05,1,"",TRUE,9,26
"Epinephelus_multinotatus","joint_bb","Null","species_equal",0.37,0.27,0.47,0.05,1,"",TRUE,9,25
"Plectropomus_leopardus","joint_bb","Null","species_equal",0.37,0.27,0.47,0.05,1,"",TRUE,9,24
"Gasterosteus_aculeatus","joint_bb","Null","species_equal",0.37,0.27,0.47,0.05,1,"fixture_warning",TRUE,9,23
"Pungitius_pungitius","joint_bb","Null","species_equal",0.37,0.27,0.47,0.05,1,"",TRUE,9,22
"Pungitius_sinensis","joint_bb","Null","species_equal",0.37,0.27,0.47,0.05,1,"",TRUE,9,21
"Dissostichus_eleginoides","joint_bb","Null","species_equal",0.37,0.27,0.47,0.05,1,"",TRUE,9,20
"Dissostichus_mawsoni","joint_bb","Null","species_equal",0.37,0.27,0.47,0.05,1,"",TRUE,9,19
"Notothenia_rossii","joint_bb","Null","species_equal",0.37,0.27,0.47,0.05,1,"",TRUE,9,18
"Pagothenia_borchgrevinki","joint_bb","Null","species_equal",0.37,0.27,0.47,0.05,1,"",TRUE,9,17
"Trematomus_bernacchii","joint_bb","Null","species_equal",0.37,0.27,0.47,0.05,1,"fixture_warning",TRUE,9,16
"Etheostoma_cragini","joint_bb","Null","species_equal",0.37,0.27,0.47,0.05,1,"",TRUE,9,15
"Perca_flavescens","joint_bb","Null","species_equal",0.37,0.27,0.47,0.05,1,"",TRUE,9,14
"Perca_fluviatilis","joint_bb","Null","species_equal",0.37,0.27,0.47,0.05,1,"",TRUE,9,13
"Sander_lucioperca","joint_bb","Null","species_equal",0.37,0.27,0.47,0.05,1,"",TRUE,9,12
"Sander_vitreus","joint_bb","Null","species_equal",0.37,0.27,0.47,0.05,1,"",TRUE,9,11
"Pholis_gunnellus","joint_bb","Null","species_equal",0.37,0.27,0.47,0.05,1,"",TRUE,9,10
"Sebastes_fasciatus","joint_bb","Null","species_equal",0.37,0.27,0.47,0.05,1,"fixture_warning",TRUE,9,9
"Sebastes_schlegelii","joint_bb","Null","species_equal",0.37,0.27,0.47,0.05,1,"",TRUE,9,8
"Sebastes_umbrosus","joint_bb","Null","species_equal",0.37,0.27,0.47,0.05,1,"",TRUE,9,7
"Centropristis_striata","joint_bb","Null","species_equal",0.37,0.27,0.47,0.05,1,"",TRUE,9,6
"Echiichthys_vipera","joint_bb","Null","species_equal",0.37,0.27,0.47,0.05,1,"",TRUE,9,5
"Eutrigla_gurnardus","joint_bb","Null","species_equal",0.37,0.27,0.47,0.05,1,"",TRUE,9,4
"Lycodes_pacificus","joint_bb","Null","species_equal",0.37,0.27,0.47,0.05,1,"",TRUE,9,3
"Melanostigma_gelatinosum","joint_bb","Null","species_equal",0.37,0.27,0.47,0.05,1,"fixture_warning",TRUE,9,2
"Zoarces_viviparus","joint_bb","Null","species_equal",0.37,0.27,0.47,0.05,1,"",TRUE,9,1
"Epinephelus_coioides","joint_bb","M1","species_equal",0.44,0.34,0.54,0.05,1,"",TRUE,9,29
"Epinephelus_fuscoguttatus","joint_bb","M1","species_equal",0.44,0.34,0.54,0.05,1,"",TRUE,9,28
"Epinephelus_lanceolatus","joint_bb","M1","species_equal",0.44,0.34,0.54,0.05,1,"",TRUE,9,27
"Epinephelus_malabaricus","joint_bb","M1","species_equal",0.44,0.34,0.54,0.05,1,"",TRUE,9,26
"Epinephelus_multinotatus","joint_bb","M1","species_equal",0.44,0.34,0.54,0.05,1,"",TRUE,9,25
"Plectropomus_leopardus","joint_bb","M1","species_equal",0.44,0.34,0.54,0.05,1,"",TRUE,9,24
"Gasterosteus_aculeatus","joint_bb","M1","species_equal",0.44,0.34,0.54,0.05,1,"fixture_warning",TRUE,9,23
"Pungitius_pungitius","joint_bb","M1","species_equal",0.44,0.34,0.54,0.05,1,"",TRUE,9,22
"Pungitius_sinensis","joint_bb","M1","species_equal",0.44,0.34,0.54,0.05,1,"",TRUE,9,21
"Dissostichus_eleginoides","joint_bb","M1","species_equal",0.44,0.34,0.54,0.05,1,"",TRUE,9,20
"Dissostichus_mawsoni","joint_bb","M1","species_equal",0.44,0.34,0.54,0.05,1,"",TRUE,9,19
"Notothenia_rossii","joint_bb","M1","species_equal",0.44,0.34,0.54,0.05,1,"",TRUE,9,18
"Pagothenia_borchgrevinki","joint_bb","M1","species_equal",0.44,0.34,0.54,0.05,1,"",TRUE,9,17
"Trematomus_bernacchii","joint_bb","M1","species_equal",0.44,0.34,0.54,0.05,1,"fixture_warning",TRUE,9,16
"Etheostoma_cragini","joint_bb","M1","species_equal",0.44,0.34,0.54,0.05,1,"",TRUE,9,15
"Perca_flavescens","joint_bb","M1","species_equal",0.44,0.34,0.54,0.05,1,"",TRUE,9,14
"Perca_fluviatilis","joint_bb","M1","species_equal",0.44,0.34,0.54,0.05,1,"",TRUE,9,13
"Sander_lucioperca","joint_bb","M1","species_equal",0.44,0.34,0.54,0.05,1,"",TRUE,9,12
"Sander_vitreus","joint_bb","M1","species_equal",0.44,0.34,0.54,0.05,1,"",TRUE,9,11
"Pholis_gunnellus","joint_bb","M1","species_equal",0.44,0.34,0.54,0.05,1,"",TRUE,9,10
"Sebastes_fasciatus","joint_bb","M1","species_equal",0.44,0.34,0.54,0.05,1,"fixture_warning",TRUE,9,9
"Sebastes_schlegelii","joint_bb","M1","species_equal",0.44,0.34,0.54,0.05,1,"",TRUE,9,8
"Sebastes_umbrosus","joint_bb","M1","species_equal",0.44,0.34,0.54,0.05,1,"",TRUE,9,7
"Centropristis_striata","joint_bb","M1","species_equal",0.44,0.34,0.54,0.05,1,"",TRUE,9,6
"Echiichthys_vipera","joint_bb","M1","species_equal",0.44,0.34,0.54,0.05,1,"",TRUE,9,5
"Eutrigla_gurnardus","joint_bb","M1","species_equal",0.44,0.34,0.54,0.05,1,"",TRUE,9,4
"Lycodes_pacificus","joint_bb","M1","species_equal",0.44,0.34,0.54,0.05,1,"",TRUE,9,3
"Melanostigma_gelatinosum","joint_bb","M1","species_equal",0.44,0.34,0.54,0.05,1,"fixture_warning",TRUE,9,2
"Zoarces_viviparus","joint_bb","M1","species_equal",0.44,0.34,0.54,0.05,1,"",TRUE,9,1
"Epinephelus_coioides","joint_bb","M2","species_equal",0.51,0.41,0.61,0.05,1,"",TRUE,9,29
"Epinephelus_fuscoguttatus","joint_bb","M2","species_equal",0.51,0.41,0.61,0.05,1,"",TRUE,9,28
"Epinephelus_lanceolatus","joint_bb","M2","species_equal",0.51,0.41,0.61,0.05,1,"",TRUE,9,27
"Epinephelus_malabaricus","joint_bb","M2","species_equal",0.51,0.41,0.61,0.05,1,"",TRUE,9,26
"Epinephelus_multinotatus","joint_bb","M2","species_equal",0.51,0.41,0.61,0.05,1,"",TRUE,9,25
"Plectropomus_leopardus","joint_bb","M2","species_equal",0.51,0.41,0.61,0.05,1,"",TRUE,9,24
"Gasterosteus_aculeatus","joint_bb","M2","species_equal",0.51,0.41,0.61,0.05,1,"fixture_warning",TRUE,9,23
"Pungitius_pungitius","joint_bb","M2","species_equal",0.51,0.41,0.61,0.05,1,"",TRUE,9,22
"Pungitius_sinensis","joint_bb","M2","species_equal",0.51,0.41,0.61,0.05,1,"",TRUE,9,21
"Dissostichus_eleginoides","joint_bb","M2","species_equal",0.51,0.41,0.61,0.05,1,"",TRUE,9,20
"Dissostichus_mawsoni","joint_bb","M2","species_equal",0.51,0.41,0.61,0.05,1,"",TRUE,9,19
"Notothenia_rossii","joint_bb","M2","species_equal",0.51,0.41,0.61,0.05,1,"",TRUE,9,18
"Pagothenia_borchgrevinki","joint_bb","M2","species_equal",0.51,0.41,0.61,0.05,1,"",TRUE,9,17
"Trematomus_bernacchii","joint_bb","M2","species_equal",0.51,0.41,0.61,0.05,1,"fixture_warning",TRUE,9,16
"Etheostoma_cragini","joint_bb","M2","species_equal",0.51,0.41,0.61,0.05,1,"",TRUE,9,15
"Perca_flavescens","joint_bb","M2","species_equal",0.51,0.41,0.61,0.05,1,"",TRUE,9,14
"Perca_fluviatilis","joint_bb","M2","species_equal",0.51,0.41,0.61,0.05,1,"",TRUE,9,13
"Sander_lucioperca","joint_bb","M2","species_equal",0.51,0.41,0.61,0.05,1,"",TRUE,9,12
"Sander_vitreus","joint_bb","M2","species_equal",0.51,0.41,0.61,0.05,1,"",TRUE,9,11
"Pholis_gunnellus","joint_bb","M2","species_equal",0.51,0.41,0.61,0.05,1,"",TRUE,9,10
"Sebastes_fasciatus","joint_bb","M2","species_equal",0.51,0.41,0.61,0.05,1,"fixture_warning",TRUE,9,9
"Sebastes_schlegelii","joint_bb","M2","species_equal",0.51,0.41,0.61,0.05,1,"",TRUE,9,8
"Sebastes_umbrosus","joint_bb","M2","species_equal",0.51,0.41,0.61,0.05,1,"",TRUE,9,7
"Centropristis_striata","joint_bb","M2","species_equal",0.51,0.41,0.61,0.05,1,"",TRUE,9,6
"Echiichthys_vipera","joint_bb","M2","species_equal",0.51,0.41,0.61,0.05,1,"",TRUE,9,5
"Eutrigla_gurnardus","joint_bb","M2","species_equal",0.51,0.41,0.61,0.05,1,"",TRUE,9,4
"Lycodes_pacificus","joint_bb","M2","species_equal",0.51,0.41,0.61,0.05,1,"",TRUE,9,3
"Melanostigma_gelatinosum","joint_bb","M2","species_equal",0.51,0.41,0.61,0.05,1,"fixture_warning",TRUE,9,2
"Zoarces_viviparus","joint_bb","M2","species_equal",0.51,0.41,0.61,0.05,1,"",TRUE,9,1
"Epinephelus_coioides","joint_bb","M3","species_equal",0.58,0.48,0.68,0.05,1,"",TRUE,9,29
"Epinephelus_fuscoguttatus","joint_bb","M3","species_equal",0.58,0.48,0.68,0.05,1,"",TRUE,9,28
"Epinephelus_lanceolatus","joint_bb","M3","species_equal",0.58,0.48,0.68,0.05,1,"",TRUE,9,27
"Epinephelus_malabaricus","joint_bb","M3","species_equal",0.58,0.48,0.68,0.05,1,"",TRUE,9,26
"Epinephelus_multinotatus","joint_bb","M3","species_equal",0.58,0.48,0.68,0.05,1,"",TRUE,9,25
"Plectropomus_leopardus","joint_bb","M3","species_equal",0.58,0.48,0.68,0.05,1,"",TRUE,9,24
"Gasterosteus_aculeatus","joint_bb","M3","species_equal",0.58,0.48,0.68,0.05,1,"fixture_warning",TRUE,9,23
"Pungitius_pungitius","joint_bb","M3","species_equal",0.58,0.48,0.68,0.05,1,"",TRUE,9,22
"Pungitius_sinensis","joint_bb","M3","species_equal",0.58,0.48,0.68,0.05,1,"",TRUE,9,21
"Dissostichus_eleginoides","joint_bb","M3","species_equal",0.58,0.48,0.68,0.05,1,"",TRUE,9,20
"Dissostichus_mawsoni","joint_bb","M3","species_equal",0.58,0.48,0.68,0.05,1,"",TRUE,9,19
"Notothenia_rossii","joint_bb","M3","species_equal",0.58,0.48,0.68,0.05,1,"",TRUE,9,18
"Pagothenia_borchgrevinki","joint_bb","M3","species_equal",0.58,0.48,0.68,0.05,1,"",TRUE,9,17
"Trematomus_bernacchii","joint_bb","M3","species_equal",0.58,0.48,0.68,0.05,1,"fixture_warning",TRUE,9,16
"Etheostoma_cragini","joint_bb","M3","species_equal",0.58,0.48,0.68,0.05,1,"",TRUE,9,15
"Perca_flavescens","joint_bb","M3","species_equal",0.58,0.48,0.68,0.05,1,"",TRUE,9,14
"Perca_fluviatilis","joint_bb","M3","species_equal",0.58,0.48,0.68,0.05,1,"",TRUE,9,13
"Sander_lucioperca","joint_bb","M3","species_equal",0.58,0.48,0.68,0.05,1,"",TRUE,9,12
"Sander_vitreus","joint_bb","M3","species_equal",0.58,0.48,0.68,0.05,1,"",TRUE,9,11
"Pholis_gunnellus","joint_bb","M3","species_equal",0.58,0.48,0.68,0.05,1,"",TRUE,9,10
"Sebastes_fasciatus","joint_bb","M3","species_equal",0.58,0.48,0.68,0.05,1,"fixture_warning",TRUE,9,9
"Sebastes_schlegelii","joint_bb","M3","species_equal",0.58,0.48,0.68,0.05,1,"",TRUE,9,8
"Sebastes_umbrosus","joint_bb","M3","species_equal",0.58,0.48,0.68,0.05,1,"",TRUE,9,7
"Centropristis_striata","joint_bb","M3","species_equal",0.58,0.48,0.68,0.05,1,"",TRUE,9,6
"Echiichthys_vipera","joint_bb","M3","species_equal",0.58,0.48,0.68,0.05,1,"",TRUE,9,5
"Eutrigla_gurnardus","joint_bb","M3","species_equal",0.58,0.48,0.68,0.05,1,"",TRUE,9,4
"Lycodes_pacificus","joint_bb","M3","species_equal",0.58,0.48,0.68,0.05,1,"",TRUE,9,3
"Melanostigma_gelatinosum","joint_bb","M3","species_equal",0.58,0.48,0.68,0.05,1,"fixture_warning",TRUE,9,2
"Zoarces_viviparus","joint_bb","M3","species_equal",0.58,0.48,0.68,0.05,1,"",TRUE,9,1
